# Blender v3.1.2 OBJ File: ''
# www.blender.org
mtllib FshiInk(b).mtl
o Cube_Cube.006
v -1.000000 -1.000000 1.000000
v -0.104480 1.000000 0.104480
v -1.000000 -1.000000 -1.000000
v -0.104480 1.000000 -0.104480
v 1.000000 -1.000000 1.000000
v 0.104480 1.000000 0.104480
v 1.000000 -1.000000 -1.000000
v 0.104480 1.000000 -0.104480
v -0.104480 1.941838 0.104480
v -0.104480 1.941838 -0.104480
v 0.104480 1.941838 -0.104480
v 0.104480 1.941838 0.104480
v -0.104480 2.972821 0.104480
v -0.104480 2.972821 -0.104480
v 0.104480 2.972821 -0.104480
v 0.104480 2.972821 0.104480
v -0.104480 3.960793 0.104480
v -0.104480 3.960793 -0.104480
v 0.104480 3.960793 -0.104480
v 0.104480 3.960793 0.104480
v -0.104480 4.114504 0.104480
v -0.104480 4.114504 -0.104480
v 0.104480 4.114504 -0.104480
v 0.104480 4.114504 0.104480
v -1.801119 3.960793 1.801119
v -1.801119 3.960793 -1.801119
v 1.801119 3.960793 -1.801119
v 1.801119 3.960793 1.801119
v -1.801119 4.114504 1.801119
v -1.801119 4.114504 -1.801119
v 1.801119 4.114504 -1.801119
v 1.801119 4.114504 1.801119
v -0.022788 3.475168 1.741997
v -0.167827 3.460883 1.741997
v -0.307293 3.418577 1.741997
v -0.435825 3.349875 1.741997
v -0.548484 3.257418 1.741997
v -0.640941 3.144759 1.741997
v -0.709643 3.016227 1.741997
v -0.751949 2.876762 1.741997
v -0.766234 2.731722 1.741997
v -0.751949 2.586683 1.741997
v -0.709643 2.447218 1.741997
v -0.640941 2.318686 1.741997
v -0.548484 2.206027 1.741997
v -0.435825 2.113570 1.741997
v -0.307293 2.044868 1.741997
v -0.167827 2.002562 1.741997
v -0.022788 1.988276 1.741997
v 0.122251 2.002562 1.741997
v 0.261716 2.044868 1.741997
v 0.390248 2.113570 1.741997
v 0.502908 2.206027 1.741997
v 0.595365 2.318686 1.741997
v 0.664066 2.447218 1.741997
v 0.706373 2.586683 1.741997
v 0.720658 2.731722 1.741997
v 0.706373 2.876762 1.741997
v 0.664066 3.016227 1.741997
v 0.595365 3.144759 1.741997
v 0.502908 3.257418 1.741997
v 0.390248 3.349875 1.741997
v 0.261716 3.418577 1.741997
v 0.122251 3.460883 1.741997
v -0.472555 2.430175 1.741997
v -0.120886 2.111475 1.741997
v 0.050552 2.118069 1.741997
v 0.575858 2.942293 1.741997
v 0.571462 3.010429 1.741997
v 0.382440 3.012627 1.741997
v -0.048354 2.366436 1.741997
v -0.213199 2.493915 1.741997
v -0.261554 2.533478 1.741997
v -0.483545 2.531280 1.741997
v -1.504666 3.781078 1.730101
v -1.501613 3.594864 1.730101
v -1.446665 3.591812 1.730101
v -1.455823 3.680339 1.730101
v -1.361190 3.675761 1.730101
v -1.356611 3.724603 1.730101
v -1.442086 3.713919 1.730101
v -1.440560 3.774972 1.730101
v -1.335242 3.800920 1.730101
v -1.353558 3.848237 1.730101
v -1.500087 3.810078 1.730101
v -1.236182 3.804106 1.730101
v -1.275714 3.732235 1.730101
v -1.342874 3.588759 1.730101
v -1.289452 3.590285 1.730101
v -1.263504 3.645233 1.730101
v -1.210082 3.645233 1.730101
v -1.178029 3.585706 1.730101
v -1.121555 3.588759 1.730101
v -1.252820 3.684918 1.730101
v -1.236030 3.744446 1.730101
v -1.210082 3.689497 1.730101
v -1.084251 3.592970 1.730101
v -1.048532 3.597003 1.730101
v -1.077291 3.785657 1.730101
v -1.083396 3.736814 1.730101
v -1.036080 3.732235 1.730101
v -1.005553 3.715445 1.730101
v -0.999447 3.672708 1.730101
v -1.034553 3.654392 1.730101
v -1.072712 3.637602 1.730101
v -1.086449 3.611654 1.730101
v -1.029974 3.620812 1.730101
v -0.968921 3.646760 1.730101
v -0.952131 3.692550 1.730101
v -0.965868 3.749025 1.730101
v -1.002500 3.774972 1.730101
v -1.080344 3.559758 1.730101
v -1.029974 3.541442 1.730101
v -0.956710 3.541442 1.730101
v -0.961289 3.573496 1.730101
v -1.005553 3.571969 1.730101
v -0.906303 3.613060 1.730101
v -0.858392 3.618469 1.730101
v -0.778342 3.627507 1.730101
v -0.738160 3.632043 1.730101
v -0.900235 3.756656 1.730101
v -0.854445 3.657444 1.730101
v -0.819339 3.652865 1.730101
v -0.756759 3.666602 1.730101
v -0.805602 3.689497 1.730101
v -0.846813 3.694077 1.730101
v -0.848340 3.767341 1.730101
v -0.909393 3.539916 1.730101
v -0.866656 3.536864 1.730101
v -0.773549 3.584180 1.730101
v -0.775075 3.532284 1.730101
v -0.735391 3.527705 1.730101
v -0.730810 3.593338 1.730101
v -0.689478 3.637539 1.730101
v -0.647691 3.642257 1.730101
v -0.680442 3.745972 1.730101
v -0.648389 3.741393 1.730101
v -0.698758 3.526179 1.730101
v -0.646863 3.524653 1.730101
v -0.685021 3.767341 1.730101
v -0.642284 3.759709 1.730101
v -0.646864 3.799394 1.730101
v -0.678916 3.796341 1.730101
v -1.487876 3.503284 1.730101
v -1.495508 3.283491 1.730101
v -1.425296 3.283491 1.730101
v -1.437507 3.503284 1.730101
v -1.478718 3.521600 1.730101
v -1.443612 3.526179 1.730101
v -1.443612 3.562811 1.730101
v -1.478718 3.553653 1.730101
v -1.366323 3.295446 1.730101
v -1.316358 3.305576 1.730101
v -1.227350 3.323620 1.730101
v -1.178887 3.333444 1.730101
v -1.367296 3.268228 1.730101
v -1.316926 3.269754 1.730101
v -1.231451 3.265175 1.730101
v -1.181082 3.262122 1.730101
v -1.361190 3.439178 1.730101
v -1.315400 3.365913 1.730101
v -1.286399 3.397967 1.730101
v -1.239083 3.387282 1.730101
v -1.225346 3.352176 1.730101
v -1.178030 3.361334 1.730101
v -1.191766 3.407125 1.730101
v -1.234504 3.433072 1.730101
v -1.283347 3.440704 1.730101
v -1.307768 3.416283 1.730101
v -1.306242 3.439178 1.730101
v -1.120295 3.345323 1.730101
v -1.070046 3.355509 1.730101
v -1.013998 3.366872 1.730101
v -1.127660 3.254490 1.730101
v -1.083396 3.252964 1.730101
v -0.996395 3.254490 1.730101
v -0.932288 3.249912 1.730101
v -1.109344 3.480389 1.730101
v -0.935341 3.477336 1.730101
v -0.993342 3.484968 1.730101
v -1.058975 3.391861 1.730101
v -1.063554 3.481915 1.730101
v -1.414485 3.285683 1.730101
v -1.381717 3.292325 1.730101
v -1.394409 3.269319 1.730101
v -1.399709 3.302001 1.730101
v -1.170935 3.254303 1.730101
v -1.155035 3.276386 1.730101
v -1.140902 3.253420 1.730101
v -1.162985 3.237521 1.730101
v -0.916545 3.247237 1.730101
v -0.897111 3.263136 1.730101
v -0.882096 3.239287 1.730101
v -0.907712 3.224271 1.730101
v -0.563712 3.745426 1.730101
v -0.430019 3.753526 1.730101
v -0.443715 3.663098 1.730101
v -0.416100 3.666216 1.730101
v -0.494439 3.768041 1.730101
v -0.561599 3.766798 1.730101
v -0.567195 3.710210 1.730101
v -0.528641 3.738193 1.730101
v -0.480137 3.736949 1.730101
v -0.440339 3.710832 1.730101
v -0.437852 3.671655 1.730101
v -0.404894 3.708966 1.730101
v -0.460860 3.638076 1.730101
v -0.506876 3.627505 1.730101
v -0.548540 3.613824 1.730101
v -0.563465 3.583354 1.730101
v -0.537969 3.544178 1.730101
v -0.502523 3.531741 1.730101
v -0.458994 3.535472 1.730101
v -0.429146 3.550396 1.730101
v -0.429768 3.575891 1.730101
v -0.469566 3.563455 1.730101
v -0.519935 3.559102 1.730101
v -0.526775 3.596412 1.730101
v -0.463969 3.605740 1.730101
v -0.421684 3.644916 1.730101
v -0.327955 3.778753 1.730101
v -0.296236 3.780675 1.730101
v -0.332779 3.677810 1.730101
v -0.295564 3.682011 1.730101
v -0.328356 3.792571 1.730101
v -0.296704 3.799196 1.730101
v -0.326884 3.741781 1.730101
v -0.379146 3.732948 1.730101
v -0.383562 3.700561 1.730101
v -0.331300 3.708658 1.730101
v -0.294496 3.710130 1.730101
v -0.242234 3.713810 1.730101
v -0.245179 3.749142 1.730101
v -0.284191 3.744725 1.730101
v -0.295233 3.741045 1.730101
v -0.336452 3.601190 1.730101
v -0.323939 3.548192 1.730101
v -0.282719 3.543039 1.730101
v -0.247387 3.545983 1.730101
v -0.247386 3.574691 1.730101
v -0.272414 3.573955 1.730101
v -0.289345 3.589412 1.730101
v -0.296706 3.651979 1.730101
v 0.022788 3.475168 1.712430
v 0.167827 3.460883 1.712430
v 0.307293 3.418577 1.712430
v 0.435825 3.349875 1.712430
v 0.548484 3.257418 1.712430
v 0.640941 3.144759 1.712430
v 0.709643 3.016227 1.712430
v 0.751949 2.876762 1.712430
v 0.766234 2.731722 1.712430
v 0.751949 2.586683 1.712430
v 0.709643 2.447218 1.712430
v 0.640941 2.318686 1.712430
v 0.548484 2.206027 1.712430
v 0.435825 2.113570 1.712430
v 0.307293 2.044868 1.712430
v 0.167827 2.002562 1.712430
v 0.022788 1.988276 1.712430
v -0.122251 2.002562 1.712430
v -0.261716 2.044868 1.712430
v -0.390248 2.113570 1.712430
v -0.502908 2.206027 1.712430
v -0.595365 2.318686 1.712430
v -0.664066 2.447218 1.712430
v -0.706373 2.586683 1.712430
v -0.720658 2.731722 1.712430
v -0.706373 2.876762 1.712430
v -0.664066 3.016227 1.712430
v -0.595365 3.144759 1.712430
v -0.502908 3.257418 1.712430
v -0.390248 3.349875 1.712430
v -0.261716 3.418577 1.712430
v -0.122251 3.460883 1.712430
v 0.472555 2.430175 1.712430
v 0.120886 2.111475 1.712430
v -0.050552 2.118069 1.712430
v -0.575858 2.942293 1.712430
v -0.571462 3.010429 1.712430
v -0.382440 3.012627 1.712430
v 0.048354 2.366436 1.712430
v 0.213199 2.493915 1.712430
v 0.261554 2.533478 1.712430
v 0.483545 2.531280 1.712430
v 1.504666 3.781078 1.724325
v 1.501613 3.594864 1.724325
v 1.446665 3.591812 1.724325
v 1.455823 3.680339 1.724325
v 1.361190 3.675761 1.724325
v 1.356611 3.724603 1.724325
v 1.442086 3.713919 1.724325
v 1.440560 3.774972 1.724325
v 1.335242 3.800920 1.724325
v 1.353558 3.848237 1.724325
v 1.500087 3.810078 1.724325
v 1.236182 3.804106 1.724325
v 1.275714 3.732235 1.724325
v 1.342874 3.588759 1.724325
v 1.289452 3.590285 1.724325
v 1.263504 3.645233 1.724325
v 1.210082 3.645233 1.724325
v 1.178029 3.585706 1.724325
v 1.121555 3.588759 1.724325
v 1.252820 3.684918 1.724325
v 1.236030 3.744446 1.724325
v 1.210082 3.689497 1.724325
v 1.084251 3.592970 1.724325
v 1.048532 3.597003 1.724325
v 1.077291 3.785657 1.724325
v 1.083396 3.736814 1.724325
v 1.036080 3.732235 1.724325
v 1.005553 3.715445 1.724325
v 0.999447 3.672708 1.724325
v 1.034553 3.654392 1.724325
v 1.072712 3.637602 1.724325
v 1.086449 3.611654 1.724325
v 1.029974 3.620812 1.724325
v 0.968921 3.646760 1.724325
v 0.952131 3.692550 1.724325
v 0.965868 3.749025 1.724325
v 1.002500 3.774972 1.724325
v 1.080344 3.559758 1.724325
v 1.029974 3.541442 1.724325
v 0.956710 3.541442 1.724325
v 0.961289 3.573496 1.724325
v 1.005553 3.571969 1.724325
v 0.906303 3.613060 1.724325
v 0.858392 3.618469 1.724325
v 0.778342 3.627507 1.724325
v 0.738160 3.632043 1.724325
v 0.900235 3.756656 1.724325
v 0.854445 3.657444 1.724325
v 0.819339 3.652865 1.724325
v 0.756759 3.666602 1.724325
v 0.805602 3.689497 1.724325
v 0.846813 3.694077 1.724325
v 0.848340 3.767341 1.724325
v 0.909393 3.539916 1.724325
v 0.866656 3.536864 1.724325
v 0.773549 3.584180 1.724325
v 0.775075 3.532284 1.724325
v 0.735391 3.527705 1.724325
v 0.730810 3.593338 1.724325
v 0.689478 3.637539 1.724325
v 0.647691 3.642257 1.724325
v 0.680442 3.745972 1.724325
v 0.648389 3.741393 1.724325
v 0.698758 3.526179 1.724325
v 0.646863 3.524653 1.724325
v 0.685021 3.767341 1.724325
v 0.642284 3.759709 1.724325
v 0.646864 3.799394 1.724325
v 0.678916 3.796341 1.724325
v 1.487876 3.503284 1.724325
v 1.495508 3.283491 1.724325
v 1.425296 3.283491 1.724325
v 1.437507 3.503284 1.724325
v 1.478718 3.521600 1.724325
v 1.443612 3.526179 1.724325
v 1.443612 3.562811 1.724325
v 1.478718 3.553653 1.724325
v 1.366323 3.295446 1.724325
v 1.316358 3.305576 1.724325
v 1.227350 3.323620 1.724325
v 1.178887 3.333444 1.724325
v 1.367296 3.268228 1.724325
v 1.316926 3.269754 1.724325
v 1.231451 3.265175 1.724325
v 1.181082 3.262122 1.724325
v 1.361190 3.439178 1.724325
v 1.315400 3.365913 1.724325
v 1.286399 3.397967 1.724325
v 1.239083 3.387282 1.724325
v 1.225346 3.352176 1.724325
v 1.178030 3.361334 1.724325
v 1.191766 3.407125 1.724325
v 1.234504 3.433072 1.724325
v 1.283347 3.440704 1.724325
v 1.307768 3.416283 1.724325
v 1.306242 3.439178 1.724325
v 1.120295 3.345323 1.724325
v 1.070046 3.355509 1.724325
v 1.013998 3.366872 1.724325
v 1.127660 3.254490 1.724325
v 1.083396 3.252964 1.724325
v 0.996395 3.254490 1.724325
v 0.932288 3.249912 1.724325
v 1.109344 3.480389 1.724325
v 0.935341 3.477336 1.724325
v 0.993342 3.484968 1.724325
v 1.058975 3.391861 1.724325
v 1.063554 3.481915 1.724325
v 1.414485 3.285683 1.724325
v 1.381717 3.292325 1.724325
v 1.394409 3.269319 1.724325
v 1.399709 3.302001 1.724325
v 1.170935 3.254303 1.724325
v 1.155035 3.276386 1.724325
v 1.140902 3.253420 1.724325
v 1.162985 3.237521 1.724325
v 0.916545 3.247237 1.724325
v 0.897111 3.263136 1.724325
v 0.882096 3.239287 1.724325
v 0.907712 3.224271 1.724325
v 0.563712 3.745426 1.724325
v 0.430019 3.753526 1.724325
v 0.443715 3.663098 1.724325
v 0.416100 3.666216 1.724325
v 0.494439 3.768041 1.724325
v 0.561599 3.766798 1.724325
v 0.567195 3.710210 1.724325
v 0.528641 3.738193 1.724325
v 0.480137 3.736949 1.724325
v 0.440339 3.710832 1.724325
v 0.437852 3.671655 1.724325
v 0.404894 3.708966 1.724325
v 0.460860 3.638076 1.724325
v 0.506876 3.627505 1.724325
v 0.548540 3.613824 1.724325
v 0.563465 3.583354 1.724325
v 0.537969 3.544178 1.724325
v 0.502523 3.531741 1.724325
v 0.458994 3.535472 1.724325
v 0.429146 3.550396 1.724325
v 0.429768 3.575891 1.724325
v 0.469566 3.563455 1.724325
v 0.519935 3.559102 1.724325
v 0.526775 3.596412 1.724325
v 0.463969 3.605740 1.724325
v 0.421684 3.644916 1.724325
v 0.327955 3.778753 1.724325
v 0.296236 3.780675 1.724325
v 0.332779 3.677810 1.724325
v 0.295564 3.682011 1.724325
v 0.328356 3.792571 1.724325
v 0.296704 3.799196 1.724325
v 0.326884 3.741781 1.724325
v 0.379146 3.732948 1.724325
v 0.383562 3.700561 1.724325
v 0.331300 3.708658 1.724325
v 0.294496 3.710130 1.724325
v 0.242234 3.713810 1.724325
v 0.245179 3.749142 1.724325
v 0.284191 3.744725 1.724325
v 0.295233 3.741045 1.724325
v 0.336452 3.601190 1.724325
v 0.323939 3.548192 1.724325
v 0.282719 3.543039 1.724325
v 0.247387 3.545983 1.724325
v 0.247386 3.574691 1.724325
v 0.272414 3.573955 1.724325
v 0.289345 3.589412 1.724325
v 0.296706 3.651979 1.724325
v -0.022788 3.475168 -1.709434
v -0.167827 3.460883 -1.709434
v -0.307293 3.418577 -1.709434
v -0.435825 3.349875 -1.709434
v -0.548484 3.257418 -1.709434
v -0.640941 3.144759 -1.709434
v -0.709643 3.016227 -1.709434
v -0.751949 2.876762 -1.709434
v -0.766234 2.731722 -1.709434
v -0.751949 2.586683 -1.709434
v -0.709643 2.447218 -1.709434
v -0.640941 2.318686 -1.709434
v -0.548484 2.206027 -1.709434
v -0.435825 2.113570 -1.709434
v -0.307293 2.044868 -1.709434
v -0.167827 2.002562 -1.709434
v -0.022788 1.988276 -1.709434
v 0.122251 2.002562 -1.709434
v 0.261716 2.044868 -1.709434
v 0.390248 2.113570 -1.709434
v 0.502908 2.206027 -1.709434
v 0.595365 2.318686 -1.709434
v 0.664066 2.447218 -1.709434
v 0.706373 2.586683 -1.709434
v 0.720658 2.731722 -1.709434
v 0.706373 2.876762 -1.709434
v 0.664066 3.016227 -1.709434
v 0.595365 3.144759 -1.709434
v 0.502908 3.257418 -1.709434
v 0.390248 3.349875 -1.709434
v 0.261716 3.418577 -1.709434
v 0.122251 3.460883 -1.709434
v -0.472555 2.430175 -1.709434
v -0.120886 2.111475 -1.709434
v 0.050552 2.118069 -1.709434
v 0.575858 2.942293 -1.709434
v 0.571462 3.010429 -1.709434
v 0.382440 3.012627 -1.709434
v -0.048354 2.366436 -1.709434
v -0.213199 2.493915 -1.709434
v -0.261554 2.533478 -1.709434
v -0.483545 2.531280 -1.709434
v -1.504666 3.781078 -1.721329
v -1.501613 3.594864 -1.721329
v -1.446665 3.591812 -1.721329
v -1.455823 3.680339 -1.721329
v -1.361190 3.675761 -1.721329
v -1.356611 3.724603 -1.721329
v -1.442086 3.713919 -1.721329
v -1.440560 3.774972 -1.721329
v -1.335242 3.800920 -1.721329
v -1.353558 3.848237 -1.721329
v -1.500087 3.810078 -1.721329
v -1.236182 3.804106 -1.721329
v -1.275714 3.732235 -1.721329
v -1.342874 3.588759 -1.721329
v -1.289452 3.590285 -1.721329
v -1.263504 3.645233 -1.721329
v -1.210082 3.645233 -1.721329
v -1.178029 3.585706 -1.721329
v -1.121555 3.588759 -1.721329
v -1.252820 3.684918 -1.721329
v -1.236030 3.744446 -1.721329
v -1.210082 3.689497 -1.721329
v -1.084251 3.592970 -1.721329
v -1.048532 3.597003 -1.721329
v -1.077291 3.785657 -1.721329
v -1.083396 3.736814 -1.721329
v -1.036080 3.732235 -1.721329
v -1.005553 3.715445 -1.721329
v -0.999447 3.672708 -1.721329
v -1.034553 3.654392 -1.721329
v -1.072712 3.637602 -1.721329
v -1.086449 3.611654 -1.721329
v -1.029974 3.620812 -1.721329
v -0.968921 3.646760 -1.721329
v -0.952131 3.692550 -1.721329
v -0.965868 3.749025 -1.721329
v -1.002500 3.774972 -1.721329
v -1.080344 3.559758 -1.721329
v -1.029974 3.541442 -1.721329
v -0.956710 3.541442 -1.721329
v -0.961289 3.573496 -1.721329
v -1.005553 3.571969 -1.721329
v -0.906303 3.613060 -1.721329
v -0.858392 3.618469 -1.721329
v -0.778342 3.627507 -1.721329
v -0.738160 3.632043 -1.721329
v -0.900235 3.756656 -1.721329
v -0.854445 3.657444 -1.721329
v -0.819339 3.652865 -1.721329
v -0.756759 3.666602 -1.721329
v -0.805602 3.689497 -1.721329
v -0.846813 3.694077 -1.721329
v -0.848340 3.767341 -1.721329
v -0.909393 3.539916 -1.721329
v -0.866656 3.536864 -1.721329
v -0.773549 3.584180 -1.721329
v -0.775075 3.532284 -1.721329
v -0.735391 3.527705 -1.721329
v -0.730810 3.593338 -1.721329
v -0.689478 3.637539 -1.721329
v -0.647691 3.642257 -1.721329
v -0.680442 3.745972 -1.721329
v -0.648389 3.741393 -1.721329
v -0.698758 3.526179 -1.721329
v -0.646863 3.524653 -1.721329
v -0.685021 3.767341 -1.721329
v -0.642284 3.759709 -1.721329
v -0.646864 3.799394 -1.721329
v -0.678916 3.796341 -1.721329
v -1.487876 3.503284 -1.721329
v -1.495508 3.283491 -1.721329
v -1.425296 3.283491 -1.721329
v -1.437507 3.503284 -1.721329
v -1.478718 3.521600 -1.721329
v -1.443612 3.526179 -1.721329
v -1.443612 3.562811 -1.721329
v -1.478718 3.553653 -1.721329
v -1.366323 3.295446 -1.721329
v -1.316358 3.305576 -1.721329
v -1.227350 3.323620 -1.721329
v -1.178887 3.333444 -1.721329
v -1.367296 3.268228 -1.721329
v -1.316926 3.269754 -1.721329
v -1.231451 3.265175 -1.721329
v -1.181082 3.262122 -1.721329
v -1.361190 3.439178 -1.721329
v -1.315400 3.365913 -1.721329
v -1.286399 3.397967 -1.721329
v -1.239083 3.387282 -1.721329
v -1.225346 3.352176 -1.721329
v -1.178030 3.361334 -1.721329
v -1.191766 3.407125 -1.721329
v -1.234504 3.433072 -1.721329
v -1.283347 3.440704 -1.721329
v -1.307768 3.416283 -1.721329
v -1.306242 3.439178 -1.721329
v -1.120295 3.345323 -1.721329
v -1.070046 3.355509 -1.721329
v -1.013998 3.366872 -1.721329
v -1.127660 3.254490 -1.721329
v -1.083396 3.252964 -1.721329
v -0.996395 3.254490 -1.721329
v -0.932288 3.249912 -1.721329
v -1.109344 3.480389 -1.721329
v -0.935341 3.477336 -1.721329
v -0.993342 3.484968 -1.721329
v -1.058975 3.391861 -1.721329
v -1.063554 3.481915 -1.721329
v -1.414485 3.285683 -1.721329
v -1.381717 3.292325 -1.721329
v -1.394409 3.269319 -1.721329
v -1.399709 3.302001 -1.721329
v -1.170935 3.254303 -1.721329
v -1.155035 3.276386 -1.721329
v -1.140902 3.253420 -1.721329
v -1.162985 3.237521 -1.721329
v -0.916545 3.247237 -1.721329
v -0.897111 3.263136 -1.721329
v -0.882096 3.239287 -1.721329
v -0.907712 3.224271 -1.721329
v -0.563712 3.745426 -1.721329
v -0.430019 3.753526 -1.721329
v -0.443715 3.663098 -1.721329
v -0.416100 3.666216 -1.721329
v -0.494439 3.768041 -1.721329
v -0.561599 3.766798 -1.721329
v -0.567195 3.710210 -1.721329
v -0.528641 3.738193 -1.721329
v -0.480137 3.736949 -1.721329
v -0.440339 3.710832 -1.721329
v -0.437852 3.671655 -1.721329
v -0.404894 3.708966 -1.721329
v -0.460860 3.638076 -1.721329
v -0.506876 3.627505 -1.721329
v -0.548540 3.613824 -1.721329
v -0.563465 3.583354 -1.721329
v -0.537969 3.544178 -1.721329
v -0.502523 3.531741 -1.721329
v -0.458994 3.535472 -1.721329
v -0.429146 3.550396 -1.721329
v -0.429768 3.575891 -1.721329
v -0.469566 3.563455 -1.721329
v -0.519935 3.559102 -1.721329
v -0.526775 3.596412 -1.721329
v -0.463969 3.605740 -1.721329
v -0.421684 3.644916 -1.721329
v -0.327955 3.778753 -1.721329
v -0.296236 3.780675 -1.721329
v -0.332779 3.677810 -1.721329
v -0.295564 3.682011 -1.721329
v -0.328356 3.792571 -1.721329
v -0.296704 3.799196 -1.721329
v -0.326884 3.741781 -1.721329
v -0.379146 3.732948 -1.721329
v -0.383562 3.700561 -1.721329
v -0.331300 3.708658 -1.721329
v -0.294496 3.710130 -1.721329
v -0.242234 3.713810 -1.721329
v -0.245179 3.749142 -1.721329
v -0.284191 3.744725 -1.721329
v -0.295233 3.741045 -1.721329
v -0.336452 3.601190 -1.721329
v -0.323939 3.548192 -1.721329
v -0.282719 3.543039 -1.721329
v -0.247387 3.545983 -1.721329
v -0.247386 3.574691 -1.721329
v -0.272414 3.573955 -1.721329
v -0.289345 3.589412 -1.721329
v -0.296706 3.651979 -1.721329
v 0.022788 3.475168 -1.739000
v 0.167827 3.460883 -1.739001
v 0.307293 3.418577 -1.739001
v 0.435825 3.349875 -1.739001
v 0.548484 3.257418 -1.739001
v 0.640941 3.144759 -1.739001
v 0.709643 3.016227 -1.739001
v 0.751949 2.876762 -1.739001
v 0.766234 2.731722 -1.739001
v 0.751949 2.586683 -1.739001
v 0.709643 2.447218 -1.739001
v 0.640941 2.318686 -1.739001
v 0.548484 2.206027 -1.739001
v 0.435825 2.113570 -1.739001
v 0.307293 2.044868 -1.739001
v 0.167827 2.002562 -1.739001
v 0.022788 1.988276 -1.739001
v -0.122251 2.002562 -1.739001
v -0.261716 2.044868 -1.739001
v -0.390248 2.113570 -1.739000
v -0.502908 2.206027 -1.739000
v -0.595365 2.318686 -1.739000
v -0.664066 2.447218 -1.739000
v -0.706373 2.586683 -1.739000
v -0.720658 2.731722 -1.739000
v -0.706373 2.876762 -1.739000
v -0.664066 3.016227 -1.739000
v -0.595365 3.144759 -1.739000
v -0.502908 3.257418 -1.739000
v -0.390248 3.349875 -1.739000
v -0.261716 3.418577 -1.739000
v -0.122251 3.460883 -1.739000
v 0.472555 2.430175 -1.739001
v 0.120886 2.111475 -1.739001
v -0.050552 2.118069 -1.739001
v -0.575858 2.942293 -1.739000
v -0.571462 3.010429 -1.739000
v -0.382440 3.012627 -1.739000
v 0.048354 2.366436 -1.739001
v 0.213199 2.493915 -1.739001
v 0.261554 2.533478 -1.739001
v 0.483545 2.531280 -1.739001
v 1.504666 3.781078 -1.727105
v 1.501613 3.594864 -1.727105
v 1.446665 3.591812 -1.727105
v 1.455823 3.680339 -1.727105
v 1.361190 3.675761 -1.727105
v 1.356611 3.724603 -1.727105
v 1.442086 3.713919 -1.727105
v 1.440560 3.774972 -1.727105
v 1.335242 3.800920 -1.727105
v 1.353558 3.848237 -1.727105
v 1.500087 3.810078 -1.727105
v 1.236182 3.804106 -1.727105
v 1.275714 3.732235 -1.727105
v 1.342874 3.588759 -1.727105
v 1.289452 3.590285 -1.727105
v 1.263504 3.645233 -1.727105
v 1.210082 3.645233 -1.727105
v 1.178029 3.585706 -1.727105
v 1.121555 3.588759 -1.727105
v 1.252820 3.684918 -1.727105
v 1.236030 3.744446 -1.727105
v 1.210082 3.689497 -1.727105
v 1.084251 3.592970 -1.727105
v 1.048532 3.597003 -1.727105
v 1.077291 3.785657 -1.727105
v 1.083396 3.736814 -1.727105
v 1.036080 3.732235 -1.727105
v 1.005553 3.715445 -1.727105
v 0.999447 3.672708 -1.727105
v 1.034553 3.654392 -1.727105
v 1.072712 3.637602 -1.727105
v 1.086449 3.611654 -1.727105
v 1.029974 3.620812 -1.727105
v 0.968921 3.646760 -1.727105
v 0.952131 3.692550 -1.727105
v 0.965868 3.749025 -1.727105
v 1.002500 3.774972 -1.727105
v 1.080344 3.559758 -1.727105
v 1.029974 3.541442 -1.727105
v 0.956710 3.541442 -1.727105
v 0.961289 3.573496 -1.727105
v 1.005553 3.571969 -1.727105
v 0.906303 3.613060 -1.727105
v 0.858392 3.618469 -1.727105
v 0.778342 3.627507 -1.727105
v 0.738160 3.632043 -1.727105
v 0.900235 3.756656 -1.727105
v 0.854445 3.657444 -1.727105
v 0.819339 3.652865 -1.727105
v 0.756759 3.666602 -1.727105
v 0.805602 3.689497 -1.727105
v 0.846813 3.694077 -1.727105
v 0.848340 3.767341 -1.727105
v 0.909393 3.539916 -1.727105
v 0.866656 3.536864 -1.727105
v 0.773549 3.584180 -1.727105
v 0.775075 3.532284 -1.727105
v 0.735391 3.527705 -1.727105
v 0.730810 3.593338 -1.727105
v 0.689478 3.637539 -1.727105
v 0.647691 3.642257 -1.727105
v 0.680442 3.745972 -1.727105
v 0.648389 3.741393 -1.727105
v 0.698758 3.526179 -1.727105
v 0.646863 3.524653 -1.727105
v 0.685021 3.767341 -1.727105
v 0.642284 3.759709 -1.727105
v 0.646864 3.799394 -1.727105
v 0.678916 3.796341 -1.727105
v 1.487876 3.503284 -1.727105
v 1.495508 3.283491 -1.727105
v 1.425296 3.283491 -1.727105
v 1.437507 3.503284 -1.727105
v 1.478718 3.521600 -1.727105
v 1.443612 3.526179 -1.727105
v 1.443612 3.562811 -1.727105
v 1.478718 3.553653 -1.727105
v 1.366323 3.295446 -1.727105
v 1.316358 3.305576 -1.727105
v 1.227350 3.323620 -1.727105
v 1.178887 3.333444 -1.727105
v 1.367296 3.268228 -1.727105
v 1.316926 3.269754 -1.727105
v 1.231451 3.265175 -1.727105
v 1.181082 3.262122 -1.727105
v 1.361190 3.439178 -1.727105
v 1.315400 3.365913 -1.727105
v 1.286399 3.397967 -1.727105
v 1.239083 3.387282 -1.727105
v 1.225346 3.352176 -1.727105
v 1.178030 3.361334 -1.727105
v 1.191766 3.407125 -1.727105
v 1.234504 3.433072 -1.727105
v 1.283347 3.440704 -1.727105
v 1.307768 3.416283 -1.727105
v 1.306242 3.439178 -1.727105
v 1.120295 3.345323 -1.727105
v 1.070046 3.355509 -1.727105
v 1.013998 3.366872 -1.727105
v 1.127660 3.254490 -1.727105
v 1.083396 3.252964 -1.727105
v 0.996395 3.254490 -1.727105
v 0.932288 3.249912 -1.727105
v 1.109344 3.480389 -1.727105
v 0.935341 3.477336 -1.727105
v 0.993342 3.484968 -1.727105
v 1.058975 3.391861 -1.727105
v 1.063554 3.481915 -1.727105
v 1.414485 3.285683 -1.727105
v 1.381717 3.292325 -1.727105
v 1.394409 3.269319 -1.727105
v 1.399709 3.302001 -1.727105
v 1.170935 3.254303 -1.727105
v 1.155035 3.276386 -1.727105
v 1.140902 3.253420 -1.727105
v 1.162985 3.237521 -1.727105
v 0.916545 3.247237 -1.727105
v 0.897111 3.263136 -1.727105
v 0.882096 3.239287 -1.727105
v 0.907712 3.224271 -1.727105
v 0.563712 3.745426 -1.727105
v 0.430019 3.753526 -1.727105
v 0.443715 3.663098 -1.727105
v 0.416100 3.666216 -1.727105
v 0.494439 3.768041 -1.727105
v 0.561599 3.766798 -1.727105
v 0.567195 3.710210 -1.727105
v 0.528641 3.738193 -1.727105
v 0.480137 3.736949 -1.727105
v 0.440339 3.710832 -1.727105
v 0.437852 3.671655 -1.727105
v 0.404894 3.708966 -1.727105
v 0.460860 3.638076 -1.727105
v 0.506876 3.627505 -1.727105
v 0.548540 3.613824 -1.727105
v 0.563465 3.583354 -1.727105
v 0.537969 3.544178 -1.727105
v 0.502523 3.531741 -1.727105
v 0.458994 3.535472 -1.727105
v 0.429146 3.550396 -1.727105
v 0.429768 3.575891 -1.727105
v 0.469566 3.563455 -1.727105
v 0.519935 3.559102 -1.727105
v 0.526775 3.596412 -1.727105
v 0.463969 3.605740 -1.727105
v 0.421684 3.644916 -1.727105
v 0.327955 3.778753 -1.727105
v 0.296236 3.780675 -1.727105
v 0.332779 3.677810 -1.727105
v 0.295564 3.682011 -1.727105
v 0.328356 3.792571 -1.727105
v 0.296704 3.799196 -1.727105
v 0.326884 3.741781 -1.727105
v 0.379146 3.732948 -1.727105
v 0.383562 3.700561 -1.727105
v 0.331300 3.708658 -1.727105
v 0.294496 3.710130 -1.727105
v 0.242234 3.713810 -1.727105
v 0.245179 3.749142 -1.727105
v 0.284191 3.744725 -1.727105
v 0.295233 3.741045 -1.727105
v 0.336452 3.601190 -1.727105
v 0.323939 3.548192 -1.727105
v 0.282719 3.543039 -1.727105
v 0.247387 3.545983 -1.727105
v 0.247386 3.574691 -1.727105
v 0.272414 3.573955 -1.727105
v 0.289345 3.589412 -1.727105
v 0.296706 3.651979 -1.727105
v -1.713199 3.475168 0.026554
v -1.713199 3.460883 0.171593
v -1.713199 3.418577 0.311059
v -1.713199 3.349875 0.439591
v -1.713199 3.257418 0.552250
v -1.713199 3.144759 0.644707
v -1.713199 3.016227 0.713409
v -1.713199 2.876762 0.755715
v -1.713199 2.731722 0.770000
v -1.713199 2.586683 0.755715
v -1.713199 2.447218 0.713409
v -1.713199 2.318686 0.644707
v -1.713199 2.206027 0.552250
v -1.713199 2.113570 0.439591
v -1.713199 2.044868 0.311059
v -1.713199 2.002562 0.171593
v -1.713200 1.988276 0.026554
v -1.713200 2.002562 -0.118485
v -1.713200 2.044868 -0.257950
v -1.713200 2.113570 -0.386482
v -1.713200 2.206027 -0.499141
v -1.713200 2.318686 -0.591598
v -1.713200 2.447218 -0.660300
v -1.713200 2.586683 -0.702607
v -1.713200 2.731722 -0.716892
v -1.713199 2.876762 -0.702607
v -1.713199 3.016227 -0.660300
v -1.713199 3.144759 -0.591599
v -1.713199 3.257418 -0.499142
v -1.713199 3.349875 -0.386482
v -1.713199 3.418577 -0.257950
v -1.713199 3.460883 -0.118485
v -1.713199 2.430175 0.476321
v -1.713199 2.111475 0.124652
v -1.713200 2.118069 -0.046786
v -1.713199 2.942293 -0.572092
v -1.713199 3.010429 -0.567696
v -1.713199 3.012627 -0.378674
v -1.713199 2.366436 0.052120
v -1.713199 2.493915 0.216965
v -1.713199 2.533478 0.265320
v -1.713199 2.531280 0.487311
v -1.725095 3.781078 1.508432
v -1.725095 3.594864 1.505379
v -1.725095 3.591812 1.450431
v -1.725095 3.680339 1.459589
v -1.725095 3.675761 1.364956
v -1.725095 3.724603 1.360377
v -1.725095 3.713919 1.445852
v -1.725095 3.774972 1.444326
v -1.725095 3.800920 1.339008
v -1.725095 3.848237 1.357324
v -1.725095 3.810078 1.503853
v -1.725095 3.804106 1.239948
v -1.725095 3.732235 1.279480
v -1.725095 3.588759 1.346640
v -1.725095 3.590285 1.293218
v -1.725095 3.645233 1.267270
v -1.725095 3.645233 1.213848
v -1.725095 3.585706 1.181795
v -1.725095 3.588759 1.125321
v -1.725095 3.684918 1.256586
v -1.725095 3.744446 1.239796
v -1.725095 3.689497 1.213848
v -1.725095 3.592970 1.088017
v -1.725095 3.597003 1.052298
v -1.725095 3.785657 1.081057
v -1.725095 3.736814 1.087162
v -1.725095 3.732235 1.039846
v -1.725095 3.715445 1.009319
v -1.725095 3.672708 1.003213
v -1.725095 3.654392 1.038319
v -1.725095 3.637602 1.076478
v -1.725095 3.611654 1.090215
v -1.725095 3.620812 1.033740
v -1.725095 3.646760 0.972687
v -1.725095 3.692550 0.955897
v -1.725095 3.749025 0.969634
v -1.725095 3.774972 1.006266
v -1.725095 3.559758 1.084110
v -1.725095 3.541442 1.033740
v -1.725095 3.541442 0.960476
v -1.725095 3.573496 0.965055
v -1.725095 3.571969 1.009319
v -1.725095 3.613060 0.910069
v -1.725095 3.618469 0.862158
v -1.725095 3.627507 0.782108
v -1.725095 3.632043 0.741926
v -1.725095 3.756656 0.904001
v -1.725095 3.657444 0.858211
v -1.725095 3.652865 0.823105
v -1.725095 3.666602 0.760525
v -1.725095 3.689497 0.809368
v -1.725095 3.694077 0.850580
v -1.725095 3.767341 0.852106
v -1.725095 3.539916 0.913160
v -1.725095 3.536864 0.870422
v -1.725095 3.584180 0.777315
v -1.725095 3.532284 0.778842
v -1.725095 3.527705 0.739157
v -1.725095 3.593338 0.734576
v -1.725095 3.637539 0.693245
v -1.725095 3.642257 0.651457
v -1.725095 3.745972 0.684208
v -1.725095 3.741393 0.652155
v -1.725095 3.526179 0.702524
v -1.725095 3.524653 0.650629
v -1.725095 3.767341 0.688787
v -1.725095 3.759709 0.646050
v -1.725095 3.799394 0.650630
v -1.725095 3.796341 0.682682
v -1.725095 3.503284 1.491642
v -1.725095 3.283491 1.499274
v -1.725095 3.283491 1.429062
v -1.725095 3.503284 1.441273
v -1.725095 3.521600 1.482484
v -1.725095 3.526179 1.447379
v -1.725095 3.562811 1.447379
v -1.725095 3.553653 1.482484
v -1.725095 3.295446 1.370090
v -1.725095 3.305576 1.320124
v -1.725095 3.323620 1.231116
v -1.725095 3.333444 1.182654
v -1.725095 3.268228 1.371062
v -1.725095 3.269754 1.320692
v -1.725095 3.265175 1.235217
v -1.725095 3.262122 1.184848
v -1.725095 3.439178 1.364956
v -1.725095 3.365913 1.319166
v -1.725095 3.397967 1.290165
v -1.725095 3.387282 1.242849
v -1.725095 3.352176 1.229112
v -1.725095 3.361334 1.181796
v -1.725095 3.407125 1.195532
v -1.725095 3.433072 1.238270
v -1.725095 3.440704 1.287113
v -1.725095 3.416283 1.311534
v -1.725095 3.439178 1.310008
v -1.725095 3.345323 1.124061
v -1.725095 3.355509 1.073812
v -1.725095 3.366872 1.017764
v -1.725095 3.254490 1.131426
v -1.725095 3.252964 1.087162
v -1.725095 3.254490 1.000161
v -1.725095 3.249912 0.936054
v -1.725095 3.480389 1.113110
v -1.725095 3.477336 0.939107
v -1.725095 3.484968 0.997108
v -1.725095 3.391861 1.062741
v -1.725095 3.481915 1.067320
v -1.725095 3.285683 1.418251
v -1.725095 3.292325 1.385483
v -1.725095 3.269319 1.398175
v -1.725095 3.302001 1.403475
v -1.725095 3.254303 1.174701
v -1.725095 3.276386 1.158801
v -1.725095 3.253420 1.144668
v -1.725095 3.237521 1.166751
v -1.725095 3.247237 0.920311
v -1.725095 3.263136 0.900877
v -1.725095 3.239287 0.885862
v -1.725095 3.224271 0.911478
v -1.725095 3.745426 0.567478
v -1.725095 3.753526 0.433785
v -1.725095 3.663098 0.447481
v -1.725095 3.666216 0.419866
v -1.725095 3.768041 0.498206
v -1.725095 3.766798 0.565365
v -1.725095 3.710210 0.570961
v -1.725095 3.738193 0.532407
v -1.725095 3.736949 0.483903
v -1.725095 3.710832 0.444105
v -1.725095 3.671655 0.441618
v -1.725095 3.708966 0.408660
v -1.725095 3.638076 0.464626
v -1.725095 3.627505 0.510642
v -1.725095 3.613824 0.552306
v -1.725095 3.583354 0.567231
v -1.725095 3.544178 0.541735
v -1.725095 3.531741 0.506290
v -1.725095 3.535472 0.462761
v -1.725095 3.550396 0.432912
v -1.725095 3.575891 0.433534
v -1.725095 3.563455 0.473332
v -1.725095 3.559102 0.523701
v -1.725095 3.596412 0.530541
v -1.725095 3.605740 0.467735
v -1.725095 3.644916 0.425450
v -1.725095 3.778753 0.331722
v -1.725095 3.780675 0.300002
v -1.725095 3.677810 0.336545
v -1.725095 3.682011 0.299330
v -1.725095 3.792571 0.332122
v -1.725095 3.799196 0.300470
v -1.725095 3.741781 0.330650
v -1.725095 3.732948 0.382912
v -1.725095 3.700561 0.387328
v -1.725095 3.708658 0.335066
v -1.725095 3.710130 0.298263
v -1.725095 3.713810 0.246000
v -1.725095 3.749142 0.248945
v -1.725095 3.744725 0.287957
v -1.725095 3.741045 0.298999
v -1.725095 3.601190 0.340218
v -1.725095 3.548192 0.327706
v -1.725095 3.543039 0.286485
v -1.725095 3.545983 0.251153
v -1.725095 3.574691 0.251152
v -1.725095 3.573955 0.276180
v -1.725095 3.589412 0.293111
v -1.725095 3.651979 0.300472
v -1.742766 3.475168 -0.019022
v -1.742766 3.460883 -0.164061
v -1.742766 3.418577 -0.303527
v -1.742766 3.349875 -0.432058
v -1.742766 3.257418 -0.544718
v -1.742766 3.144759 -0.637175
v -1.742767 3.016227 -0.705877
v -1.742767 2.876762 -0.748183
v -1.742767 2.731722 -0.762468
v -1.742767 2.586683 -0.748183
v -1.742767 2.447218 -0.705877
v -1.742767 2.318686 -0.637175
v -1.742767 2.206027 -0.544718
v -1.742766 2.113570 -0.432058
v -1.742766 2.044868 -0.303527
v -1.742766 2.002562 -0.164061
v -1.742766 1.988276 -0.019022
v -1.742766 2.002562 0.126017
v -1.742766 2.044868 0.265482
v -1.742766 2.113570 0.394014
v -1.742766 2.206027 0.506674
v -1.742766 2.318686 0.599131
v -1.742766 2.447218 0.667832
v -1.742766 2.586683 0.710139
v -1.742766 2.731722 0.724424
v -1.742766 2.876762 0.710139
v -1.742766 3.016227 0.667832
v -1.742766 3.144759 0.599131
v -1.742766 3.257418 0.506674
v -1.742766 3.349875 0.394014
v -1.742766 3.418577 0.265482
v -1.742766 3.460883 0.126017
v -1.742766 2.430175 -0.468789
v -1.742766 2.111475 -0.117120
v -1.742766 2.118069 0.054318
v -1.742766 2.942293 0.579624
v -1.742766 3.010429 0.575228
v -1.742766 3.012627 0.386206
v -1.742766 2.366436 -0.044588
v -1.742766 2.493915 -0.209433
v -1.742766 2.533478 -0.257788
v -1.742766 2.531280 -0.479778
v -1.730871 3.781078 -1.500900
v -1.730871 3.594864 -1.497847
v -1.730871 3.591812 -1.442899
v -1.730871 3.680339 -1.452057
v -1.730871 3.675761 -1.357424
v -1.730871 3.724603 -1.352845
v -1.730871 3.713919 -1.438320
v -1.730871 3.774972 -1.436794
v -1.730871 3.800920 -1.331476
v -1.730871 3.848237 -1.349792
v -1.730871 3.810078 -1.496321
v -1.730871 3.804106 -1.232416
v -1.730871 3.732235 -1.271948
v -1.730871 3.588759 -1.339108
v -1.730871 3.590285 -1.285686
v -1.730871 3.645233 -1.259738
v -1.730871 3.645233 -1.206316
v -1.730871 3.585706 -1.174263
v -1.730871 3.588759 -1.117789
v -1.730871 3.684918 -1.249054
v -1.730871 3.744446 -1.232264
v -1.730871 3.689497 -1.206316
v -1.730871 3.592970 -1.080485
v -1.730871 3.597003 -1.044766
v -1.730871 3.785657 -1.073525
v -1.730871 3.736814 -1.079630
v -1.730871 3.732235 -1.032314
v -1.730871 3.715445 -1.001787
v -1.730871 3.672708 -0.995681
v -1.730871 3.654392 -1.030787
v -1.730871 3.637602 -1.068946
v -1.730871 3.611654 -1.082683
v -1.730871 3.620812 -1.026208
v -1.730871 3.646760 -0.965155
v -1.730871 3.692550 -0.948365
v -1.730871 3.749025 -0.962102
v -1.730871 3.774972 -0.998734
v -1.730871 3.559758 -1.076578
v -1.730871 3.541442 -1.026208
v -1.730871 3.541442 -0.952944
v -1.730871 3.573496 -0.957523
v -1.730871 3.571969 -1.001787
v -1.730871 3.613060 -0.902537
v -1.730871 3.618469 -0.854626
v -1.730871 3.627507 -0.774576
v -1.730871 3.632043 -0.734394
v -1.730871 3.756656 -0.896469
v -1.730871 3.657444 -0.850679
v -1.730871 3.652865 -0.815573
v -1.730871 3.666602 -0.752993
v -1.730871 3.689497 -0.801836
v -1.730871 3.694077 -0.843047
v -1.730871 3.767341 -0.844574
v -1.730871 3.539916 -0.905627
v -1.730871 3.536864 -0.862890
v -1.730871 3.584180 -0.769783
v -1.730871 3.532284 -0.771309
v -1.730871 3.527705 -0.731625
v -1.730871 3.593338 -0.727044
v -1.730871 3.637539 -0.685712
v -1.730871 3.642257 -0.643925
v -1.730871 3.745972 -0.676676
v -1.730871 3.741393 -0.644623
v -1.730871 3.526179 -0.694992
v -1.730871 3.524653 -0.643097
v -1.730871 3.767341 -0.681255
v -1.730871 3.759709 -0.638518
v -1.730871 3.799394 -0.643098
v -1.730871 3.796341 -0.675150
v -1.730871 3.503284 -1.484110
v -1.730871 3.283491 -1.491742
v -1.730871 3.283491 -1.421530
v -1.730871 3.503284 -1.433741
v -1.730871 3.521600 -1.474952
v -1.730871 3.526179 -1.439846
v -1.730871 3.562811 -1.439846
v -1.730871 3.553653 -1.474952
v -1.730871 3.295446 -1.362557
v -1.730871 3.305576 -1.312592
v -1.730871 3.323620 -1.223584
v -1.730871 3.333444 -1.175121
v -1.730871 3.268228 -1.363529
v -1.730871 3.269754 -1.313160
v -1.730871 3.265175 -1.227685
v -1.730871 3.262122 -1.177316
v -1.730871 3.439178 -1.357424
v -1.730871 3.365913 -1.311634
v -1.730871 3.397967 -1.282633
v -1.730871 3.387282 -1.235317
v -1.730871 3.352176 -1.221580
v -1.730871 3.361334 -1.174264
v -1.730871 3.407125 -1.188000
v -1.730871 3.433072 -1.230738
v -1.730871 3.440704 -1.279581
v -1.730871 3.416283 -1.304002
v -1.730871 3.439178 -1.302476
v -1.730871 3.345323 -1.116529
v -1.730871 3.355509 -1.066280
v -1.730871 3.366872 -1.010232
v -1.730871 3.254490 -1.123894
v -1.730871 3.252964 -1.079630
v -1.730871 3.254490 -0.992629
v -1.730871 3.249912 -0.928522
v -1.730871 3.480389 -1.105578
v -1.730871 3.477336 -0.931575
v -1.730871 3.484968 -0.989576
v -1.730871 3.391861 -1.055209
v -1.730871 3.481915 -1.059788
v -1.730871 3.285683 -1.410719
v -1.730871 3.292325 -1.377951
v -1.730871 3.269319 -1.390643
v -1.730871 3.302001 -1.395943
v -1.730871 3.254303 -1.167169
v -1.730871 3.276386 -1.151269
v -1.730871 3.253420 -1.137136
v -1.730871 3.237521 -1.159219
v -1.730871 3.247237 -0.912779
v -1.730871 3.263136 -0.893345
v -1.730871 3.239287 -0.878330
v -1.730871 3.224271 -0.903945
v -1.730871 3.745426 -0.559946
v -1.730871 3.753526 -0.426253
v -1.730871 3.663098 -0.439949
v -1.730871 3.666216 -0.412334
v -1.730871 3.768041 -0.490673
v -1.730871 3.766798 -0.557833
v -1.730871 3.710210 -0.563429
v -1.730871 3.738193 -0.524875
v -1.730871 3.736949 -0.476371
v -1.730871 3.710832 -0.436573
v -1.730871 3.671655 -0.434086
v -1.730871 3.708966 -0.401128
v -1.730871 3.638076 -0.457094
v -1.730871 3.627505 -0.503110
v -1.730871 3.613824 -0.544774
v -1.730871 3.583354 -0.559698
v -1.730871 3.544178 -0.534203
v -1.730871 3.531741 -0.498757
v -1.730871 3.535472 -0.455228
v -1.730871 3.550396 -0.425380
v -1.730871 3.575891 -0.426002
v -1.730871 3.563455 -0.465800
v -1.730871 3.559102 -0.516169
v -1.730871 3.596412 -0.523009
v -1.730871 3.605740 -0.460203
v -1.730871 3.644916 -0.417918
v -1.730871 3.778753 -0.324189
v -1.730871 3.780675 -0.292469
v -1.730871 3.677810 -0.329013
v -1.730871 3.682011 -0.291798
v -1.730871 3.792571 -0.324590
v -1.730871 3.799196 -0.292938
v -1.730871 3.741781 -0.323118
v -1.730871 3.732948 -0.375380
v -1.730871 3.700561 -0.379796
v -1.730871 3.708658 -0.327534
v -1.730871 3.710130 -0.290730
v -1.730871 3.713810 -0.238468
v -1.730871 3.749142 -0.241413
v -1.730871 3.744725 -0.280425
v -1.730871 3.741045 -0.291466
v -1.730871 3.601190 -0.332686
v -1.730871 3.548192 -0.320173
v -1.730871 3.543039 -0.278953
v -1.730871 3.545983 -0.243621
v -1.730871 3.574691 -0.243620
v -1.730871 3.573955 -0.268647
v -1.730871 3.589412 -0.285579
v -1.730871 3.651979 -0.292940
v 1.738231 3.475168 0.026554
v 1.738231 3.460883 0.171593
v 1.738231 3.418577 0.311058
v 1.738231 3.349875 0.439590
v 1.738231 3.257418 0.552250
v 1.738231 3.144759 0.644707
v 1.738231 3.016227 0.713408
v 1.738231 2.876762 0.755715
v 1.738231 2.731722 0.770000
v 1.738231 2.586683 0.755715
v 1.738231 2.447218 0.713408
v 1.738231 2.318686 0.644707
v 1.738231 2.206027 0.552250
v 1.738231 2.113570 0.439590
v 1.738231 2.044868 0.311058
v 1.738231 2.002562 0.171593
v 1.738231 1.988276 0.026554
v 1.738231 2.002562 -0.118485
v 1.738231 2.044868 -0.257951
v 1.738231 2.113570 -0.386483
v 1.738231 2.206027 -0.499142
v 1.738231 2.318686 -0.591599
v 1.738231 2.447218 -0.660301
v 1.738231 2.586683 -0.702607
v 1.738231 2.731722 -0.716892
v 1.738231 2.876762 -0.702607
v 1.738231 3.016227 -0.660300
v 1.738231 3.144759 -0.591599
v 1.738231 3.257418 -0.499142
v 1.738231 3.349875 -0.386483
v 1.738231 3.418577 -0.257951
v 1.738231 3.460883 -0.118485
v 1.738231 2.430175 0.476321
v 1.738231 2.111475 0.124652
v 1.738231 2.118069 -0.046787
v 1.738231 2.942293 -0.572092
v 1.738231 3.010429 -0.567696
v 1.738231 3.012627 -0.378674
v 1.738231 2.366436 0.052120
v 1.738231 2.493915 0.216965
v 1.738231 2.533478 0.265319
v 1.738231 2.531280 0.487310
v 1.726336 3.781078 1.508432
v 1.726336 3.594864 1.505379
v 1.726336 3.591812 1.450431
v 1.726336 3.680339 1.459589
v 1.726336 3.675761 1.364956
v 1.726336 3.724603 1.360377
v 1.726336 3.713919 1.445852
v 1.726336 3.774972 1.444325
v 1.726336 3.800920 1.339008
v 1.726336 3.848237 1.357324
v 1.726336 3.810078 1.503853
v 1.726336 3.804106 1.239948
v 1.726336 3.732235 1.279480
v 1.726336 3.588759 1.346640
v 1.726336 3.590285 1.293218
v 1.726336 3.645233 1.267270
v 1.726336 3.645233 1.213848
v 1.726336 3.585706 1.181795
v 1.726336 3.588759 1.125321
v 1.726336 3.684918 1.256586
v 1.726336 3.744446 1.239796
v 1.726336 3.689497 1.213848
v 1.726336 3.592970 1.088017
v 1.726336 3.597003 1.052298
v 1.726336 3.785657 1.081057
v 1.726336 3.736814 1.087162
v 1.726336 3.732235 1.039845
v 1.726336 3.715445 1.009319
v 1.726336 3.672708 1.003213
v 1.726336 3.654392 1.038319
v 1.726336 3.637602 1.076478
v 1.726336 3.611654 1.090215
v 1.726336 3.620812 1.033740
v 1.726336 3.646760 0.972687
v 1.726336 3.692550 0.955897
v 1.726336 3.749025 0.969634
v 1.726336 3.774972 1.006266
v 1.726336 3.559758 1.084109
v 1.726336 3.541442 1.033740
v 1.726336 3.541442 0.960476
v 1.726336 3.573496 0.965055
v 1.726336 3.571969 1.009319
v 1.726336 3.613060 0.910069
v 1.726336 3.618469 0.862158
v 1.726336 3.627507 0.782108
v 1.726336 3.632043 0.741926
v 1.726336 3.756656 0.904001
v 1.726336 3.657444 0.858211
v 1.726336 3.652865 0.823105
v 1.726336 3.666602 0.760525
v 1.726336 3.689497 0.809368
v 1.726336 3.694077 0.850579
v 1.726336 3.767341 0.852106
v 1.726336 3.539916 0.913159
v 1.726336 3.536864 0.870422
v 1.726336 3.584180 0.777315
v 1.726336 3.532284 0.778841
v 1.726336 3.527705 0.739157
v 1.726336 3.593338 0.734576
v 1.726336 3.637539 0.693244
v 1.726336 3.642257 0.651457
v 1.726336 3.745972 0.684208
v 1.726336 3.741393 0.652155
v 1.726336 3.526179 0.702524
v 1.726336 3.524653 0.650629
v 1.726336 3.767341 0.688787
v 1.726336 3.759709 0.646050
v 1.726336 3.799394 0.650630
v 1.726336 3.796341 0.682682
v 1.726336 3.503284 1.491642
v 1.726336 3.283491 1.499274
v 1.726336 3.283491 1.429062
v 1.726336 3.503284 1.441273
v 1.726336 3.521600 1.482484
v 1.726336 3.526179 1.447378
v 1.726336 3.562811 1.447378
v 1.726336 3.553653 1.482484
v 1.726336 3.295446 1.370089
v 1.726336 3.305576 1.320123
v 1.726336 3.323620 1.231116
v 1.726336 3.333444 1.182653
v 1.726336 3.268228 1.371061
v 1.726336 3.269754 1.320692
v 1.726336 3.265175 1.235217
v 1.726336 3.262122 1.184848
v 1.726336 3.439178 1.364956
v 1.726336 3.365913 1.319166
v 1.726336 3.397967 1.290165
v 1.726336 3.387282 1.242849
v 1.726336 3.352176 1.229112
v 1.726336 3.361334 1.181795
v 1.726336 3.407125 1.195532
v 1.726336 3.433072 1.238270
v 1.726336 3.440704 1.287112
v 1.726336 3.416283 1.311534
v 1.726336 3.439178 1.310007
v 1.726336 3.345323 1.124061
v 1.726336 3.355509 1.073812
v 1.726336 3.366872 1.017763
v 1.726336 3.254490 1.131426
v 1.726336 3.252964 1.087162
v 1.726336 3.254490 1.000161
v 1.726336 3.249912 0.936054
v 1.726336 3.480389 1.113110
v 1.726336 3.477336 0.939107
v 1.726336 3.484968 0.997108
v 1.726336 3.391861 1.062741
v 1.726336 3.481915 1.067320
v 1.726336 3.285683 1.418251
v 1.726336 3.292325 1.385483
v 1.726336 3.269319 1.398175
v 1.726336 3.302001 1.403475
v 1.726336 3.254303 1.174700
v 1.726336 3.276386 1.158801
v 1.726336 3.253420 1.144668
v 1.726336 3.237521 1.166750
v 1.726336 3.247237 0.920310
v 1.726336 3.263136 0.900877
v 1.726336 3.239287 0.885862
v 1.726336 3.224271 0.911477
v 1.726336 3.745426 0.567478
v 1.726336 3.753526 0.433785
v 1.726336 3.663098 0.447481
v 1.726336 3.666216 0.419866
v 1.726336 3.768041 0.498205
v 1.726336 3.766798 0.565364
v 1.726336 3.710210 0.570961
v 1.726336 3.738193 0.532407
v 1.726336 3.736949 0.483903
v 1.726336 3.710832 0.444105
v 1.726336 3.671655 0.441617
v 1.726336 3.708966 0.408660
v 1.726336 3.638076 0.464626
v 1.726336 3.627505 0.510642
v 1.726336 3.613824 0.552306
v 1.726336 3.583354 0.567230
v 1.726336 3.544178 0.541734
v 1.726336 3.531741 0.506289
v 1.726336 3.535472 0.462760
v 1.726336 3.550396 0.432912
v 1.726336 3.575891 0.433534
v 1.726336 3.563455 0.473332
v 1.726336 3.559102 0.523701
v 1.726336 3.596412 0.530541
v 1.726336 3.605740 0.467735
v 1.726336 3.644916 0.425449
v 1.726336 3.778753 0.331721
v 1.726336 3.780675 0.300001
v 1.726336 3.677810 0.336545
v 1.726336 3.682011 0.299330
v 1.726336 3.792571 0.332122
v 1.726336 3.799196 0.300470
v 1.726336 3.741781 0.330650
v 1.726336 3.732948 0.382912
v 1.726336 3.700561 0.387328
v 1.726336 3.708658 0.335066
v 1.726336 3.710130 0.298262
v 1.726336 3.713810 0.246000
v 1.726336 3.749142 0.248945
v 1.726336 3.744725 0.287957
v 1.726336 3.741045 0.298998
v 1.726336 3.601190 0.340217
v 1.726336 3.548192 0.327705
v 1.726336 3.543039 0.286485
v 1.726336 3.545983 0.251153
v 1.726336 3.574691 0.251152
v 1.726336 3.573955 0.276179
v 1.726336 3.589412 0.293111
v 1.726336 3.651979 0.300472
v 1.708664 3.475168 -0.019022
v 1.708664 3.460883 -0.164061
v 1.708664 3.418577 -0.303527
v 1.708664 3.349875 -0.432059
v 1.708664 3.257418 -0.544718
v 1.708664 3.144759 -0.637175
v 1.708664 3.016227 -0.705877
v 1.708664 2.876762 -0.748183
v 1.708664 2.731722 -0.762468
v 1.708664 2.586683 -0.748183
v 1.708664 2.447218 -0.705877
v 1.708664 2.318686 -0.637175
v 1.708664 2.206027 -0.544718
v 1.708664 2.113570 -0.432059
v 1.708664 2.044868 -0.303527
v 1.708664 2.002562 -0.164061
v 1.708664 1.988276 -0.019022
v 1.708664 2.002562 0.126017
v 1.708664 2.044868 0.265482
v 1.708664 2.113570 0.394014
v 1.708664 2.206027 0.506673
v 1.708664 2.318686 0.599130
v 1.708664 2.447218 0.667832
v 1.708664 2.586683 0.710138
v 1.708664 2.731722 0.724424
v 1.708664 2.876762 0.710138
v 1.708664 3.016227 0.667832
v 1.708664 3.144759 0.599131
v 1.708664 3.257418 0.506673
v 1.708664 3.349875 0.394014
v 1.708664 3.418577 0.265482
v 1.708664 3.460883 0.126017
v 1.708664 2.430175 -0.468789
v 1.708664 2.111475 -0.117120
v 1.708664 2.118069 0.054318
v 1.708664 2.942293 0.579623
v 1.708664 3.010429 0.575227
v 1.708664 3.012627 0.386206
v 1.708664 2.366436 -0.044589
v 1.708664 2.493915 -0.209433
v 1.708664 2.533478 -0.257788
v 1.708664 2.531280 -0.479779
v 1.720559 3.781078 -1.500900
v 1.720559 3.594864 -1.497848
v 1.720559 3.591812 -1.442899
v 1.720559 3.680339 -1.452057
v 1.720559 3.675761 -1.357424
v 1.720559 3.724603 -1.352845
v 1.720559 3.713919 -1.438320
v 1.720559 3.774972 -1.436794
v 1.720559 3.800920 -1.331476
v 1.720559 3.848237 -1.349792
v 1.720559 3.810078 -1.496321
v 1.720559 3.804106 -1.232416
v 1.720559 3.732235 -1.271949
v 1.720559 3.588759 -1.339108
v 1.720559 3.590285 -1.285686
v 1.720559 3.645233 -1.259738
v 1.720559 3.645233 -1.206317
v 1.720559 3.585706 -1.174263
v 1.720559 3.588759 -1.117789
v 1.720559 3.684918 -1.249054
v 1.720559 3.744446 -1.232265
v 1.720559 3.689497 -1.206317
v 1.720559 3.592970 -1.080485
v 1.720559 3.597003 -1.044766
v 1.720559 3.785657 -1.073525
v 1.720559 3.736814 -1.079630
v 1.720559 3.732235 -1.032314
v 1.720559 3.715445 -1.001787
v 1.720559 3.672708 -0.995682
v 1.720559 3.654392 -1.030787
v 1.720559 3.637602 -1.068946
v 1.720559 3.611654 -1.082683
v 1.720559 3.620812 -1.026209
v 1.720559 3.646760 -0.965155
v 1.720559 3.692550 -0.948365
v 1.720559 3.749025 -0.962102
v 1.720559 3.774972 -0.998734
v 1.720559 3.559758 -1.076578
v 1.720559 3.541442 -1.026208
v 1.720559 3.541442 -0.952944
v 1.720559 3.573496 -0.957523
v 1.720559 3.571969 -1.001787
v 1.720559 3.613060 -0.902537
v 1.720559 3.618469 -0.854626
v 1.720559 3.627507 -0.774577
v 1.720559 3.632043 -0.734395
v 1.720559 3.756656 -0.896470
v 1.720559 3.657444 -0.850679
v 1.720559 3.652865 -0.815573
v 1.720559 3.666602 -0.752994
v 1.720559 3.689497 -0.801836
v 1.720559 3.694077 -0.843048
v 1.720559 3.767341 -0.844574
v 1.720559 3.539916 -0.905628
v 1.720559 3.536864 -0.862890
v 1.720559 3.584180 -0.769783
v 1.720559 3.532284 -0.771310
v 1.720559 3.527705 -0.731625
v 1.720559 3.593338 -0.727044
v 1.720559 3.637539 -0.685713
v 1.720559 3.642257 -0.643925
v 1.720559 3.745972 -0.676677
v 1.720559 3.741393 -0.644623
v 1.720559 3.526179 -0.694992
v 1.720559 3.524653 -0.643097
v 1.720559 3.767341 -0.681256
v 1.720559 3.759709 -0.638518
v 1.720559 3.799394 -0.643098
v 1.720559 3.796341 -0.675151
v 1.720559 3.503284 -1.484110
v 1.720559 3.283491 -1.491742
v 1.720559 3.283491 -1.421530
v 1.720559 3.503284 -1.433741
v 1.720559 3.521600 -1.474952
v 1.720559 3.526179 -1.439847
v 1.720559 3.562811 -1.439847
v 1.720559 3.553653 -1.474952
v 1.720559 3.295446 -1.362558
v 1.720559 3.305576 -1.312592
v 1.720559 3.323620 -1.223584
v 1.720559 3.333444 -1.175122
v 1.720559 3.268228 -1.363530
v 1.720559 3.269754 -1.313160
v 1.720559 3.265175 -1.227685
v 1.720559 3.262122 -1.177316
v 1.720559 3.439178 -1.357424
v 1.720559 3.365913 -1.311634
v 1.720559 3.397967 -1.282634
v 1.720559 3.387282 -1.235317
v 1.720559 3.352176 -1.221580
v 1.720559 3.361334 -1.174264
v 1.720559 3.407125 -1.188000
v 1.720559 3.433072 -1.230738
v 1.720559 3.440704 -1.279581
v 1.720559 3.416283 -1.304002
v 1.720559 3.439178 -1.302476
v 1.720559 3.345323 -1.116529
v 1.720559 3.355509 -1.066280
v 1.720559 3.366872 -1.010232
v 1.720559 3.254490 -1.123894
v 1.720559 3.252964 -1.079630
v 1.720559 3.254490 -0.992629
v 1.720559 3.249912 -0.928523
v 1.720559 3.480389 -1.105578
v 1.720559 3.477336 -0.931575
v 1.720559 3.484968 -0.989576
v 1.720559 3.391861 -1.055209
v 1.720559 3.481915 -1.059788
v 1.720559 3.285683 -1.410719
v 1.720559 3.292325 -1.377951
v 1.720559 3.269319 -1.390643
v 1.720559 3.302001 -1.395943
v 1.720559 3.254303 -1.167169
v 1.720559 3.276386 -1.151269
v 1.720559 3.253420 -1.137136
v 1.720559 3.237521 -1.159219
v 1.720559 3.247237 -0.912779
v 1.720559 3.263136 -0.893345
v 1.720559 3.239287 -0.878330
v 1.720559 3.224271 -0.903946
v 1.720559 3.745426 -0.559946
v 1.720559 3.753526 -0.426253
v 1.720559 3.663098 -0.439949
v 1.720559 3.666216 -0.412334
v 1.720559 3.768041 -0.490674
v 1.720559 3.766798 -0.557833
v 1.720559 3.710210 -0.563429
v 1.720559 3.738193 -0.524875
v 1.720559 3.736949 -0.476371
v 1.720559 3.710832 -0.436573
v 1.720559 3.671655 -0.434086
v 1.720559 3.708966 -0.401128
v 1.720559 3.638076 -0.457094
v 1.720559 3.627505 -0.503110
v 1.720559 3.613824 -0.544774
v 1.720559 3.583354 -0.559699
v 1.720559 3.544178 -0.534203
v 1.720559 3.531741 -0.498758
v 1.720559 3.535472 -0.455229
v 1.720559 3.550396 -0.425380
v 1.720559 3.575891 -0.426002
v 1.720559 3.563455 -0.465800
v 1.720559 3.559102 -0.516169
v 1.720559 3.596412 -0.523009
v 1.720559 3.605740 -0.460203
v 1.720559 3.644916 -0.417918
v 1.720559 3.778753 -0.324190
v 1.720559 3.780675 -0.292470
v 1.720559 3.677810 -0.329013
v 1.720559 3.682011 -0.291798
v 1.720559 3.792571 -0.324590
v 1.720559 3.799196 -0.292939
v 1.720559 3.741781 -0.323118
v 1.720559 3.732948 -0.375380
v 1.720559 3.700561 -0.379796
v 1.720559 3.708658 -0.327535
v 1.720559 3.710130 -0.290731
v 1.720559 3.713810 -0.238469
v 1.720559 3.749142 -0.241413
v 1.720559 3.744725 -0.280425
v 1.720559 3.741045 -0.291467
v 1.720559 3.601190 -0.332686
v 1.720559 3.548192 -0.320174
v 1.720559 3.543039 -0.278953
v 1.720559 3.545983 -0.243621
v 1.720559 3.574691 -0.243621
v 1.720559 3.573955 -0.268648
v 1.720559 3.589412 -0.285579
v 1.720559 3.651979 -0.292940
vt 0.625000 0.000000
vt 0.375000 0.250000
vt 0.375000 0.000000
vt 0.625000 0.250000
vt 0.375000 0.500000
vt 0.625000 0.500000
vt 0.375000 0.750000
vt 0.625000 0.750000
vt 0.375000 1.000000
vt 0.125000 0.750000
vt 0.125000 0.500000
vt 0.625000 0.750000
vt 0.625000 1.000000
vt 0.625000 1.000000
vt 0.625000 0.250000
vt 0.625000 1.000000
vt 0.625000 0.500000
vt 0.625000 0.500000
vt 0.625000 0.750000
vt 0.625000 0.750000
vt 0.625000 0.000000
vt 0.625000 0.250000
vt 0.625000 0.500000
vt 0.875000 0.500000
vt 0.875000 0.500000
vt 0.625000 0.000000
vt 0.625000 0.250000
vt 0.625000 1.000000
vt 0.625000 0.500000
vt 0.625000 0.750000
vt 0.625000 0.000000
vt 0.625000 0.250000
vt 0.875000 0.750000
vt 0.625000 0.750000
vt 0.625000 0.750000
vt 0.625000 0.500000
vt 0.625000 0.000000
vt 0.625000 0.250000
vt 0.625000 1.000000
vt 0.625000 1.000000
vt 0.625000 0.500000
vt 0.875000 0.750000
vt 0.000000 0.000000
vt 0.000000 0.000000
vt 0.000000 0.000000
vt 0.000000 0.000000
vt 0.000000 0.000000
vt 0.000000 0.000000
vt 0.000000 0.000000
vt 0.047371 0.939967
vt 0.027229 0.943020
vt 0.046892 0.909441
vt 0.119788 0.897230
vt 0.147604 0.846861
vt 0.111588 0.954534
vt 0.119788 0.875098
vt 0.106360 0.894940
vt 0.200837 0.898756
vt 0.184052 0.910204
vt 0.185970 0.888835
vt 0.184052 0.838466
vt 0.170548 0.850983
vt 0.176379 0.823202
vt 0.233928 0.899519
vt 0.231530 0.881204
vt 0.242561 0.878914
vt 0.215237 0.859011
vt 0.227694 0.820913
vt 0.230290 0.861716
vt 0.268938 0.816334
vt 0.270377 0.849151
vt 0.256948 0.844571
vt 0.296493 0.873610
vt 0.286203 0.925467
vt 0.283364 0.871251
vt 0.296753 0.814808
vt 0.296753 0.952178
vt 0.284764 0.936152
vt 0.298192 0.932336
vt 0.048330 0.804123
vt 0.030106 0.694227
vt 0.052167 0.694227
vt 0.046412 0.815571
vt 0.035382 0.829308
vt 0.035382 0.813281
vt 0.070697 0.700204
vt 0.086217 0.687358
vt 0.086396 0.705269
vt 0.114363 0.714291
vt 0.128900 0.683542
vt 0.129590 0.719203
vt 0.110676 0.746122
vt 0.114992 0.728570
vt 0.125543 0.756044
vt 0.148000 0.725142
vt 0.159593 0.678963
vt 0.163788 0.730236
vt 0.186929 0.679726
vt 0.181399 0.735917
vt 0.167267 0.748412
vt 0.055564 0.695323
vt 0.061872 0.687141
vt 0.065860 0.698644
vt 0.060207 0.703482
vt 0.132088 0.679633
vt 0.141525 0.679191
vt 0.137084 0.690674
vt 0.212019 0.676100
vt 0.222842 0.672125
vt 0.218125 0.684049
vt 0.344098 0.947662
vt 0.318333 0.934278
vt 0.368057 0.939072
vt 0.364219 0.913803
vt 0.377402 0.912699
vt 0.355430 0.851604
vt 0.371158 0.874790
vt 0.356587 0.870742
vt 0.406922 0.942819
vt 0.396829 0.948767
vt 0.396955 0.941858
vt 0.407468 0.907546
vt 0.397292 0.923372
vt 0.395904 0.906810
vt 0.409087 0.847187
vt 0.406774 0.878471
vt 0.394286 0.853076
vt 0.625000 0.000000
vt 0.000000 0.000000
vt 0.000000 0.000000
vt 0.000000 0.000000
vt 0.000000 0.000000
vt 0.000000 0.000000
vt 0.000000 0.000000
vt 0.000000 0.000000
vt 0.000000 0.000000
vt 0.000000 0.000000
vt 0.000000 0.000000
vt 0.000000 0.000000
vt 0.000000 0.000000
vt 0.000000 0.000000
vt 0.000000 0.000000
vt 0.000000 0.000000
vt 0.000000 0.000000
vt 0.000000 0.000000
vt 0.000000 0.000000
vt 0.000000 0.000000
vt 0.000000 0.000000
vt 0.000000 0.000000
vt 0.000000 0.000000
vt 0.000000 0.000000
vt 0.000000 0.000000
vt 0.000000 0.000000
vt 0.000000 0.000000
vt 0.000000 0.000000
vt 0.000000 0.000000
vt 0.000000 0.000000
vt 0.000000 0.000000
vt 0.000000 0.000000
vt 0.000000 0.000000
vt 0.000000 0.000000
vt 0.000000 0.000000
vt 0.000000 0.000000
vt 0.080462 0.952941
vt 0.074708 0.976600
vt 0.028668 0.957520
vt 0.028188 0.849913
vt 0.042576 0.892651
vt 0.045453 0.848387
vt 0.072310 0.890361
vt 0.073748 0.914783
vt 0.099166 0.918599
vt 0.111635 0.924704
vt 0.129859 0.845335
vt 0.103003 0.875098
vt 0.078065 0.846861
vt 0.094850 0.847624
vt 0.159325 0.848966
vt 0.158634 0.858308
vt 0.176379 0.862887
vt 0.162950 0.871282
vt 0.195562 0.875861
vt 0.174940 0.879677
vt 0.196521 0.926994
vt 0.185011 0.939967
vt 0.161512 0.945310
vt 0.174460 0.918599
vt 0.159593 0.920888
vt 0.160552 0.832360
vt 0.199399 0.823203
vt 0.197960 0.839229
vt 0.255442 0.866235
vt 0.268068 0.868503
vt 0.262224 0.885782
vt 0.246877 0.897230
vt 0.233449 0.936152
vt 0.217143 0.930809
vt 0.214265 0.822439
vt 0.256469 0.818623
vt 0.296274 0.923178
vt 0.280448 0.815571
vt 0.286682 0.950652
vt 0.032504 0.804123
vt 0.046412 0.833887
vt 0.070391 0.686595
vt 0.113074 0.685069
vt 0.129859 0.733148
vt 0.112115 0.769018
vt 0.096768 0.772833
vt 0.095809 0.751464
vt 0.089095 0.760623
vt 0.089575 0.772070
vt 0.072310 0.772070
vt 0.086697 0.735438
vt 0.145685 0.679726
vt 0.207072 0.677437
vt 0.206113 0.791149
vt 0.187889 0.794965
vt 0.165828 0.793439
vt 0.151440 0.792676
vt 0.134586 0.671242
vt 0.214794 0.664617
vt 0.319120 0.946926
vt 0.362963 0.885552
vt 0.373234 0.887397
vt 0.365144 0.890616
vt 0.317038 0.913435
vt 0.331377 0.929996
vt 0.349417 0.929261
vt 0.339472 0.864485
vt 0.323976 0.856388
vt 0.332071 0.846083
vt 0.318426 0.838354
vt 0.327908 0.815167
vt 0.334615 0.824001
vt 0.341091 0.807807
vt 0.357281 0.810015
vt 0.353349 0.826577
vt 0.368382 0.818848
vt 0.368151 0.833938
vt 0.406774 0.952079
vt 0.395440 0.891386
vt 0.407133 0.893487
vt 0.423889 0.909386
vt 0.410706 0.924844
vt 0.422964 0.927052
vt 0.407237 0.923004
vt 0.380871 0.918955
vt 0.379484 0.902761
vt 0.398217 0.826577
vt 0.411169 0.824001
vt 0.422270 0.825473
vt 0.414407 0.839458
vt 0.422270 0.839826
vt 0.000000 0.000000
vt 0.000000 0.000000
vt 0.000000 0.000000
vt 0.000000 0.000000
vt 0.000000 0.000000
vt 0.000000 0.000000
vt 0.000000 0.000000
vt 0.047371 0.939967
vt 0.027229 0.943020
vt 0.046892 0.909441
vt 0.119788 0.897230
vt 0.147604 0.846861
vt 0.111588 0.954534
vt 0.119788 0.875098
vt 0.106360 0.894940
vt 0.200837 0.898756
vt 0.184052 0.910204
vt 0.185970 0.888835
vt 0.184052 0.838466
vt 0.170548 0.850983
vt 0.176379 0.823202
vt 0.233928 0.899519
vt 0.231530 0.881204
vt 0.242561 0.878914
vt 0.215237 0.859011
vt 0.227694 0.820913
vt 0.230290 0.861716
vt 0.268938 0.816334
vt 0.270377 0.849151
vt 0.256948 0.844571
vt 0.296493 0.873610
vt 0.286203 0.925467
vt 0.283364 0.871251
vt 0.296753 0.814808
vt 0.296753 0.952178
vt 0.284764 0.936152
vt 0.298192 0.932336
vt 0.048330 0.804123
vt 0.030106 0.694227
vt 0.052167 0.694227
vt 0.046412 0.815571
vt 0.035382 0.829308
vt 0.035382 0.813281
vt 0.070697 0.700204
vt 0.086217 0.687358
vt 0.086396 0.705269
vt 0.114363 0.714291
vt 0.128900 0.683542
vt 0.129590 0.719203
vt 0.110676 0.746122
vt 0.114992 0.728570
vt 0.125543 0.756044
vt 0.148000 0.725142
vt 0.159593 0.678963
vt 0.163788 0.730236
vt 0.186929 0.679726
vt 0.181399 0.735917
vt 0.167267 0.748412
vt 0.055564 0.695323
vt 0.061872 0.687141
vt 0.065860 0.698644
vt 0.060207 0.703482
vt 0.132088 0.679633
vt 0.141525 0.679191
vt 0.137084 0.690674
vt 0.212019 0.676100
vt 0.222842 0.672125
vt 0.218125 0.684049
vt 0.344098 0.947662
vt 0.318333 0.934278
vt 0.368057 0.939072
vt 0.364219 0.913803
vt 0.377402 0.912699
vt 0.355430 0.851604
vt 0.371158 0.874790
vt 0.356587 0.870742
vt 0.406922 0.942819
vt 0.396829 0.948767
vt 0.396955 0.941858
vt 0.407468 0.907546
vt 0.397292 0.923372
vt 0.395904 0.906810
vt 0.409087 0.847187
vt 0.406774 0.878471
vt 0.394286 0.853076
vt 0.000000 0.000000
vt 0.000000 0.000000
vt 0.000000 0.000000
vt 0.000000 0.000000
vt 0.000000 0.000000
vt 0.000000 0.000000
vt 0.000000 0.000000
vt 0.000000 0.000000
vt 0.000000 0.000000
vt 0.000000 0.000000
vt 0.000000 0.000000
vt 0.000000 0.000000
vt 0.000000 0.000000
vt 0.000000 0.000000
vt 0.000000 0.000000
vt 0.000000 0.000000
vt 0.000000 0.000000
vt 0.000000 0.000000
vt 0.000000 0.000000
vt 0.000000 0.000000
vt 0.000000 0.000000
vt 0.000000 0.000000
vt 0.000000 0.000000
vt 0.000000 0.000000
vt 0.000000 0.000000
vt 0.000000 0.000000
vt 0.000000 0.000000
vt 0.000000 0.000000
vt 0.000000 0.000000
vt 0.000000 0.000000
vt 0.000000 0.000000
vt 0.000000 0.000000
vt 0.000000 0.000000
vt 0.000000 0.000000
vt 0.000000 0.000000
vt 0.080462 0.952941
vt 0.074708 0.976600
vt 0.028668 0.957520
vt 0.028188 0.849913
vt 0.042576 0.892651
vt 0.045453 0.848387
vt 0.072310 0.890361
vt 0.073748 0.914783
vt 0.099166 0.918599
vt 0.111635 0.924704
vt 0.129859 0.845335
vt 0.103003 0.875098
vt 0.078065 0.846861
vt 0.094850 0.847624
vt 0.159325 0.848966
vt 0.158634 0.858308
vt 0.176379 0.862887
vt 0.162950 0.871282
vt 0.195562 0.875861
vt 0.174940 0.879677
vt 0.196521 0.926994
vt 0.185011 0.939967
vt 0.161512 0.945310
vt 0.174460 0.918599
vt 0.159593 0.920888
vt 0.160552 0.832360
vt 0.199399 0.823203
vt 0.197960 0.839229
vt 0.255442 0.866235
vt 0.268068 0.868503
vt 0.262224 0.885782
vt 0.246877 0.897230
vt 0.233449 0.936152
vt 0.217143 0.930809
vt 0.214265 0.822439
vt 0.256469 0.818623
vt 0.296274 0.923178
vt 0.280448 0.815571
vt 0.286682 0.950652
vt 0.032504 0.804123
vt 0.046412 0.833887
vt 0.070391 0.686595
vt 0.113074 0.685069
vt 0.129859 0.733148
vt 0.112115 0.769018
vt 0.096768 0.772833
vt 0.095809 0.751464
vt 0.089095 0.760623
vt 0.089575 0.772070
vt 0.072310 0.772070
vt 0.086697 0.735438
vt 0.145685 0.679726
vt 0.207072 0.677437
vt 0.206113 0.791149
vt 0.187889 0.794965
vt 0.165828 0.793439
vt 0.151440 0.792676
vt 0.134586 0.671242
vt 0.214794 0.664617
vt 0.319120 0.946926
vt 0.362963 0.885552
vt 0.373234 0.887397
vt 0.365144 0.890616
vt 0.317038 0.913435
vt 0.331377 0.929996
vt 0.349417 0.929261
vt 0.339472 0.864485
vt 0.323976 0.856388
vt 0.332071 0.846083
vt 0.318426 0.838354
vt 0.327908 0.815167
vt 0.334615 0.824001
vt 0.341091 0.807807
vt 0.357281 0.810015
vt 0.353349 0.826577
vt 0.368382 0.818848
vt 0.368151 0.833938
vt 0.406774 0.952079
vt 0.395440 0.891386
vt 0.407133 0.893487
vt 0.423889 0.909386
vt 0.410706 0.924844
vt 0.422964 0.927052
vt 0.407237 0.923004
vt 0.380871 0.918955
vt 0.379484 0.902761
vt 0.398217 0.826577
vt 0.411169 0.824001
vt 0.422270 0.825473
vt 0.414407 0.839458
vt 0.422270 0.839826
vt 0.000000 0.000000
vt 0.000000 0.000000
vt 0.000000 0.000000
vt 0.000000 0.000000
vt 0.000000 0.000000
vt 0.000000 0.000000
vt 0.000000 0.000000
vt 0.047371 0.939967
vt 0.027229 0.943020
vt 0.046892 0.909441
vt 0.119788 0.897230
vt 0.147604 0.846861
vt 0.111588 0.954534
vt 0.119788 0.875098
vt 0.106360 0.894940
vt 0.200837 0.898756
vt 0.184052 0.910204
vt 0.185970 0.888835
vt 0.184052 0.838466
vt 0.170548 0.850983
vt 0.176379 0.823202
vt 0.233928 0.899519
vt 0.231530 0.881204
vt 0.242561 0.878914
vt 0.215237 0.859011
vt 0.227694 0.820913
vt 0.230290 0.861716
vt 0.268938 0.816334
vt 0.270377 0.849151
vt 0.256948 0.844571
vt 0.296493 0.873610
vt 0.286203 0.925467
vt 0.283364 0.871251
vt 0.296753 0.814808
vt 0.296753 0.952178
vt 0.284764 0.936152
vt 0.298192 0.932336
vt 0.048330 0.804123
vt 0.030106 0.694227
vt 0.052167 0.694227
vt 0.046412 0.815571
vt 0.035382 0.829308
vt 0.035382 0.813281
vt 0.070697 0.700204
vt 0.086217 0.687358
vt 0.086396 0.705269
vt 0.114363 0.714291
vt 0.128900 0.683542
vt 0.129590 0.719203
vt 0.110676 0.746122
vt 0.114992 0.728570
vt 0.125543 0.756044
vt 0.148000 0.725142
vt 0.159593 0.678963
vt 0.163788 0.730236
vt 0.186929 0.679726
vt 0.181399 0.735917
vt 0.167267 0.748412
vt 0.055564 0.695323
vt 0.061872 0.687141
vt 0.065860 0.698644
vt 0.060207 0.703482
vt 0.132088 0.679633
vt 0.141525 0.679191
vt 0.137084 0.690674
vt 0.212019 0.676100
vt 0.222842 0.672125
vt 0.218125 0.684049
vt 0.344098 0.947662
vt 0.318333 0.934278
vt 0.368057 0.939072
vt 0.364219 0.913803
vt 0.377402 0.912699
vt 0.355430 0.851604
vt 0.371158 0.874790
vt 0.356587 0.870742
vt 0.406922 0.942819
vt 0.396829 0.948767
vt 0.396955 0.941858
vt 0.407468 0.907546
vt 0.397292 0.923372
vt 0.395904 0.906810
vt 0.409087 0.847187
vt 0.406774 0.878471
vt 0.394286 0.853076
vt 0.000000 0.000000
vt 0.000000 0.000000
vt 0.000000 0.000000
vt 0.000000 0.000000
vt 0.000000 0.000000
vt 0.000000 0.000000
vt 0.000000 0.000000
vt 0.000000 0.000000
vt 0.000000 0.000000
vt 0.000000 0.000000
vt 0.000000 0.000000
vt 0.000000 0.000000
vt 0.000000 0.000000
vt 0.000000 0.000000
vt 0.000000 0.000000
vt 0.000000 0.000000
vt 0.000000 0.000000
vt 0.000000 0.000000
vt 0.000000 0.000000
vt 0.000000 0.000000
vt 0.000000 0.000000
vt 0.000000 0.000000
vt 0.000000 0.000000
vt 0.000000 0.000000
vt 0.000000 0.000000
vt 0.000000 0.000000
vt 0.000000 0.000000
vt 0.000000 0.000000
vt 0.000000 0.000000
vt 0.000000 0.000000
vt 0.000000 0.000000
vt 0.000000 0.000000
vt 0.000000 0.000000
vt 0.000000 0.000000
vt 0.000000 0.000000
vt 0.080462 0.952941
vt 0.074708 0.976600
vt 0.028668 0.957520
vt 0.028188 0.849913
vt 0.042576 0.892651
vt 0.045453 0.848387
vt 0.072310 0.890361
vt 0.073748 0.914783
vt 0.099166 0.918599
vt 0.111635 0.924704
vt 0.129859 0.845335
vt 0.103003 0.875098
vt 0.078065 0.846861
vt 0.094850 0.847624
vt 0.159325 0.848966
vt 0.158634 0.858308
vt 0.176379 0.862887
vt 0.162950 0.871282
vt 0.195562 0.875861
vt 0.174940 0.879677
vt 0.196521 0.926994
vt 0.185011 0.939967
vt 0.161512 0.945310
vt 0.174460 0.918599
vt 0.159593 0.920888
vt 0.160552 0.832360
vt 0.199399 0.823203
vt 0.197960 0.839229
vt 0.255442 0.866235
vt 0.268068 0.868503
vt 0.262224 0.885782
vt 0.246877 0.897230
vt 0.233449 0.936152
vt 0.217143 0.930809
vt 0.214265 0.822439
vt 0.256469 0.818623
vt 0.296274 0.923178
vt 0.280448 0.815571
vt 0.286682 0.950652
vt 0.032504 0.804123
vt 0.046412 0.833887
vt 0.070391 0.686595
vt 0.113074 0.685069
vt 0.129859 0.733148
vt 0.112115 0.769018
vt 0.096768 0.772833
vt 0.095809 0.751464
vt 0.089095 0.760623
vt 0.089575 0.772070
vt 0.072310 0.772070
vt 0.086697 0.735438
vt 0.145685 0.679726
vt 0.207072 0.677437
vt 0.206113 0.791149
vt 0.187889 0.794965
vt 0.165828 0.793439
vt 0.151440 0.792676
vt 0.134586 0.671242
vt 0.214794 0.664617
vt 0.319120 0.946926
vt 0.362963 0.885552
vt 0.373234 0.887397
vt 0.365144 0.890616
vt 0.317038 0.913435
vt 0.331377 0.929996
vt 0.349417 0.929261
vt 0.339472 0.864485
vt 0.323976 0.856388
vt 0.332071 0.846083
vt 0.318426 0.838354
vt 0.327908 0.815167
vt 0.334615 0.824001
vt 0.341091 0.807807
vt 0.357281 0.810015
vt 0.353349 0.826577
vt 0.368382 0.818848
vt 0.368151 0.833938
vt 0.406774 0.952079
vt 0.395440 0.891386
vt 0.407133 0.893487
vt 0.423889 0.909386
vt 0.410706 0.924844
vt 0.422964 0.927052
vt 0.407237 0.923004
vt 0.380871 0.918955
vt 0.379484 0.902761
vt 0.398217 0.826577
vt 0.411169 0.824001
vt 0.422270 0.825473
vt 0.414407 0.839458
vt 0.422270 0.839826
vt 0.000000 0.000000
vt 0.000000 0.000000
vt 0.000000 0.000000
vt 0.000000 0.000000
vt 0.000000 0.000000
vt 0.000000 0.000000
vt 0.000000 0.000000
vt 0.047371 0.939967
vt 0.027229 0.943020
vt 0.046892 0.909441
vt 0.119788 0.897230
vt 0.147604 0.846861
vt 0.111588 0.954534
vt 0.119788 0.875098
vt 0.106360 0.894940
vt 0.200837 0.898756
vt 0.184052 0.910204
vt 0.185970 0.888835
vt 0.184052 0.838466
vt 0.170548 0.850983
vt 0.176379 0.823202
vt 0.233928 0.899519
vt 0.231530 0.881204
vt 0.242561 0.878914
vt 0.215237 0.859011
vt 0.227694 0.820913
vt 0.230290 0.861716
vt 0.268938 0.816334
vt 0.270377 0.849151
vt 0.256948 0.844571
vt 0.296493 0.873610
vt 0.286203 0.925467
vt 0.283364 0.871251
vt 0.296753 0.814808
vt 0.296753 0.952178
vt 0.284764 0.936152
vt 0.298192 0.932336
vt 0.048330 0.804123
vt 0.030106 0.694227
vt 0.052167 0.694227
vt 0.046412 0.815571
vt 0.035382 0.829308
vt 0.035382 0.813281
vt 0.070697 0.700204
vt 0.086217 0.687358
vt 0.086396 0.705269
vt 0.114363 0.714291
vt 0.128900 0.683542
vt 0.129590 0.719203
vt 0.110676 0.746122
vt 0.114992 0.728570
vt 0.125543 0.756044
vt 0.148000 0.725142
vt 0.159593 0.678963
vt 0.163788 0.730236
vt 0.186929 0.679726
vt 0.181399 0.735917
vt 0.167267 0.748412
vt 0.055564 0.695323
vt 0.061872 0.687141
vt 0.065860 0.698644
vt 0.060207 0.703482
vt 0.132088 0.679633
vt 0.141525 0.679191
vt 0.137084 0.690674
vt 0.212019 0.676100
vt 0.222842 0.672125
vt 0.218125 0.684049
vt 0.344098 0.947662
vt 0.318333 0.934278
vt 0.368057 0.939072
vt 0.364219 0.913803
vt 0.377402 0.912699
vt 0.355430 0.851604
vt 0.371158 0.874790
vt 0.356587 0.870742
vt 0.406922 0.942819
vt 0.396829 0.948767
vt 0.396955 0.941858
vt 0.407468 0.907546
vt 0.397292 0.923372
vt 0.395904 0.906810
vt 0.409087 0.847187
vt 0.406774 0.878471
vt 0.394286 0.853076
vt 0.000000 0.000000
vt 0.000000 0.000000
vt 0.000000 0.000000
vt 0.000000 0.000000
vt 0.000000 0.000000
vt 0.000000 0.000000
vt 0.000000 0.000000
vt 0.000000 0.000000
vt 0.000000 0.000000
vt 0.000000 0.000000
vt 0.000000 0.000000
vt 0.000000 0.000000
vt 0.000000 0.000000
vt 0.000000 0.000000
vt 0.000000 0.000000
vt 0.000000 0.000000
vt 0.000000 0.000000
vt 0.000000 0.000000
vt 0.000000 0.000000
vt 0.000000 0.000000
vt 0.000000 0.000000
vt 0.000000 0.000000
vt 0.000000 0.000000
vt 0.000000 0.000000
vt 0.000000 0.000000
vt 0.000000 0.000000
vt 0.000000 0.000000
vt 0.000000 0.000000
vt 0.000000 0.000000
vt 0.000000 0.000000
vt 0.000000 0.000000
vt 0.000000 0.000000
vt 0.000000 0.000000
vt 0.000000 0.000000
vt 0.000000 0.000000
vt 0.080462 0.952941
vt 0.074708 0.976600
vt 0.028668 0.957520
vt 0.028188 0.849913
vt 0.042576 0.892651
vt 0.045453 0.848387
vt 0.072310 0.890361
vt 0.073748 0.914783
vt 0.099166 0.918599
vt 0.111635 0.924704
vt 0.129859 0.845335
vt 0.103003 0.875098
vt 0.078065 0.846861
vt 0.094850 0.847624
vt 0.159325 0.848966
vt 0.158634 0.858308
vt 0.176379 0.862887
vt 0.162950 0.871282
vt 0.195562 0.875861
vt 0.174940 0.879677
vt 0.196521 0.926994
vt 0.185011 0.939967
vt 0.161512 0.945310
vt 0.174460 0.918599
vt 0.159593 0.920888
vt 0.160552 0.832360
vt 0.199399 0.823203
vt 0.197960 0.839229
vt 0.255442 0.866235
vt 0.268068 0.868503
vt 0.262224 0.885782
vt 0.246877 0.897230
vt 0.233449 0.936152
vt 0.217143 0.930809
vt 0.214265 0.822439
vt 0.256469 0.818623
vt 0.296274 0.923178
vt 0.280448 0.815571
vt 0.286682 0.950652
vt 0.032504 0.804123
vt 0.046412 0.833887
vt 0.070391 0.686595
vt 0.113074 0.685069
vt 0.129859 0.733148
vt 0.112115 0.769018
vt 0.096768 0.772833
vt 0.095809 0.751464
vt 0.089095 0.760623
vt 0.089575 0.772070
vt 0.072310 0.772070
vt 0.086697 0.735438
vt 0.145685 0.679726
vt 0.207072 0.677437
vt 0.206113 0.791149
vt 0.187889 0.794965
vt 0.165828 0.793439
vt 0.151440 0.792676
vt 0.134586 0.671242
vt 0.214794 0.664617
vt 0.319120 0.946926
vt 0.362963 0.885552
vt 0.373234 0.887397
vt 0.365144 0.890616
vt 0.317038 0.913435
vt 0.331377 0.929996
vt 0.349417 0.929261
vt 0.339472 0.864485
vt 0.323976 0.856388
vt 0.332071 0.846083
vt 0.318426 0.838354
vt 0.327908 0.815167
vt 0.334615 0.824001
vt 0.341091 0.807807
vt 0.357281 0.810015
vt 0.353349 0.826577
vt 0.368382 0.818848
vt 0.368151 0.833938
vt 0.406774 0.952079
vt 0.395440 0.891386
vt 0.407133 0.893487
vt 0.423889 0.909386
vt 0.410706 0.924844
vt 0.422964 0.927052
vt 0.407237 0.923004
vt 0.380871 0.918955
vt 0.379484 0.902761
vt 0.398217 0.826577
vt 0.411169 0.824001
vt 0.422270 0.825473
vt 0.414407 0.839458
vt 0.422270 0.839826
vt 0.000000 0.000000
vt 0.000000 0.000000
vt 0.000000 0.000000
vt 0.000000 0.000000
vt 0.000000 0.000000
vt 0.000000 0.000000
vt 0.000000 0.000000
vt 0.047371 0.939967
vt 0.027229 0.943020
vt 0.046892 0.909441
vt 0.119788 0.897230
vt 0.147604 0.846861
vt 0.111588 0.954534
vt 0.119788 0.875098
vt 0.106360 0.894940
vt 0.200837 0.898756
vt 0.184052 0.910204
vt 0.185970 0.888835
vt 0.184052 0.838466
vt 0.170548 0.850983
vt 0.176379 0.823202
vt 0.233928 0.899519
vt 0.231530 0.881204
vt 0.242561 0.878914
vt 0.215237 0.859011
vt 0.227694 0.820913
vt 0.230290 0.861716
vt 0.268938 0.816334
vt 0.270377 0.849151
vt 0.256948 0.844571
vt 0.296493 0.873610
vt 0.286203 0.925467
vt 0.283364 0.871251
vt 0.296753 0.814808
vt 0.296753 0.952178
vt 0.284764 0.936152
vt 0.298192 0.932336
vt 0.048330 0.804123
vt 0.030106 0.694227
vt 0.052167 0.694227
vt 0.046412 0.815571
vt 0.035382 0.829308
vt 0.035382 0.813281
vt 0.070697 0.700204
vt 0.086217 0.687358
vt 0.086396 0.705269
vt 0.114363 0.714291
vt 0.128900 0.683542
vt 0.129590 0.719203
vt 0.110676 0.746122
vt 0.114992 0.728570
vt 0.125543 0.756044
vt 0.148000 0.725142
vt 0.159593 0.678963
vt 0.163788 0.730236
vt 0.186929 0.679726
vt 0.181399 0.735917
vt 0.167267 0.748412
vt 0.055564 0.695323
vt 0.061872 0.687141
vt 0.065860 0.698644
vt 0.060207 0.703482
vt 0.132088 0.679633
vt 0.141525 0.679191
vt 0.137084 0.690674
vt 0.212019 0.676100
vt 0.222842 0.672125
vt 0.218125 0.684049
vt 0.344098 0.947662
vt 0.318333 0.934278
vt 0.368057 0.939072
vt 0.364219 0.913803
vt 0.377402 0.912699
vt 0.355430 0.851604
vt 0.371158 0.874790
vt 0.356587 0.870742
vt 0.406922 0.942819
vt 0.396829 0.948767
vt 0.396955 0.941858
vt 0.407468 0.907546
vt 0.397292 0.923372
vt 0.395904 0.906810
vt 0.409087 0.847187
vt 0.406774 0.878471
vt 0.394286 0.853076
vt 0.000000 0.000000
vt 0.000000 0.000000
vt 0.000000 0.000000
vt 0.000000 0.000000
vt 0.000000 0.000000
vt 0.000000 0.000000
vt 0.000000 0.000000
vt 0.000000 0.000000
vt 0.000000 0.000000
vt 0.000000 0.000000
vt 0.000000 0.000000
vt 0.000000 0.000000
vt 0.000000 0.000000
vt 0.000000 0.000000
vt 0.000000 0.000000
vt 0.000000 0.000000
vt 0.000000 0.000000
vt 0.000000 0.000000
vt 0.000000 0.000000
vt 0.000000 0.000000
vt 0.000000 0.000000
vt 0.000000 0.000000
vt 0.000000 0.000000
vt 0.000000 0.000000
vt 0.000000 0.000000
vt 0.000000 0.000000
vt 0.000000 0.000000
vt 0.000000 0.000000
vt 0.000000 0.000000
vt 0.000000 0.000000
vt 0.000000 0.000000
vt 0.000000 0.000000
vt 0.000000 0.000000
vt 0.000000 0.000000
vt 0.000000 0.000000
vt 0.080462 0.952941
vt 0.074708 0.976600
vt 0.028668 0.957520
vt 0.028188 0.849913
vt 0.042576 0.892651
vt 0.045453 0.848387
vt 0.072310 0.890361
vt 0.073748 0.914783
vt 0.099166 0.918599
vt 0.111635 0.924704
vt 0.129859 0.845335
vt 0.103003 0.875098
vt 0.078065 0.846861
vt 0.094850 0.847624
vt 0.159325 0.848966
vt 0.158634 0.858308
vt 0.176379 0.862887
vt 0.162950 0.871282
vt 0.195562 0.875861
vt 0.174940 0.879677
vt 0.196521 0.926994
vt 0.185011 0.939967
vt 0.161512 0.945310
vt 0.174460 0.918599
vt 0.159593 0.920888
vt 0.160552 0.832360
vt 0.199399 0.823203
vt 0.197960 0.839229
vt 0.255442 0.866235
vt 0.268068 0.868503
vt 0.262224 0.885782
vt 0.246877 0.897230
vt 0.233449 0.936152
vt 0.217143 0.930809
vt 0.214265 0.822439
vt 0.256469 0.818623
vt 0.296274 0.923178
vt 0.280448 0.815571
vt 0.286682 0.950652
vt 0.032504 0.804123
vt 0.046412 0.833887
vt 0.070391 0.686595
vt 0.113074 0.685069
vt 0.129859 0.733148
vt 0.112115 0.769018
vt 0.096768 0.772833
vt 0.095809 0.751464
vt 0.089095 0.760623
vt 0.089575 0.772070
vt 0.072310 0.772070
vt 0.086697 0.735438
vt 0.145685 0.679726
vt 0.207072 0.677437
vt 0.206113 0.791149
vt 0.187889 0.794965
vt 0.165828 0.793439
vt 0.151440 0.792676
vt 0.134586 0.671242
vt 0.214794 0.664617
vt 0.319120 0.946926
vt 0.362963 0.885552
vt 0.373234 0.887397
vt 0.365144 0.890616
vt 0.317038 0.913435
vt 0.331377 0.929996
vt 0.349417 0.929261
vt 0.339472 0.864485
vt 0.323976 0.856388
vt 0.332071 0.846083
vt 0.318426 0.838354
vt 0.327908 0.815167
vt 0.334615 0.824001
vt 0.341091 0.807807
vt 0.357281 0.810015
vt 0.353349 0.826577
vt 0.368382 0.818848
vt 0.368151 0.833938
vt 0.406774 0.952079
vt 0.395440 0.891386
vt 0.407133 0.893487
vt 0.423889 0.909386
vt 0.410706 0.924844
vt 0.422964 0.927052
vt 0.407237 0.923004
vt 0.380871 0.918955
vt 0.379484 0.902761
vt 0.398217 0.826577
vt 0.411169 0.824001
vt 0.422270 0.825473
vt 0.414407 0.839458
vt 0.422270 0.839826
vt 0.000000 0.000000
vt 0.000000 0.000000
vt 0.000000 0.000000
vt 0.000000 0.000000
vt 0.000000 0.000000
vt 0.000000 0.000000
vt 0.000000 0.000000
vt 0.047371 0.939967
vt 0.027229 0.943020
vt 0.046892 0.909441
vt 0.119788 0.897230
vt 0.147604 0.846861
vt 0.111588 0.954534
vt 0.119788 0.875098
vt 0.106360 0.894940
vt 0.200837 0.898756
vt 0.184052 0.910204
vt 0.185970 0.888835
vt 0.184052 0.838466
vt 0.170548 0.850983
vt 0.176379 0.823202
vt 0.233928 0.899519
vt 0.231530 0.881204
vt 0.242561 0.878914
vt 0.215237 0.859011
vt 0.227694 0.820913
vt 0.230290 0.861716
vt 0.268938 0.816334
vt 0.270377 0.849151
vt 0.256948 0.844571
vt 0.296493 0.873610
vt 0.286203 0.925467
vt 0.283364 0.871251
vt 0.296753 0.814808
vt 0.296753 0.952178
vt 0.284764 0.936152
vt 0.298192 0.932336
vt 0.048330 0.804123
vt 0.030106 0.694227
vt 0.052167 0.694227
vt 0.046412 0.815571
vt 0.035382 0.829308
vt 0.035382 0.813281
vt 0.070697 0.700204
vt 0.086217 0.687358
vt 0.086396 0.705269
vt 0.114363 0.714291
vt 0.128900 0.683542
vt 0.129590 0.719203
vt 0.110676 0.746122
vt 0.114992 0.728570
vt 0.125543 0.756044
vt 0.148000 0.725142
vt 0.159593 0.678963
vt 0.163788 0.730236
vt 0.186929 0.679726
vt 0.181399 0.735917
vt 0.167267 0.748412
vt 0.055564 0.695323
vt 0.061872 0.687141
vt 0.065860 0.698644
vt 0.060207 0.703482
vt 0.132088 0.679633
vt 0.141525 0.679191
vt 0.137084 0.690674
vt 0.212019 0.676100
vt 0.222842 0.672125
vt 0.218125 0.684049
vt 0.344098 0.947662
vt 0.318333 0.934278
vt 0.368057 0.939072
vt 0.364219 0.913803
vt 0.377402 0.912699
vt 0.355430 0.851604
vt 0.371158 0.874790
vt 0.356587 0.870742
vt 0.406922 0.942819
vt 0.396829 0.948767
vt 0.396955 0.941858
vt 0.407468 0.907546
vt 0.397292 0.923372
vt 0.395904 0.906810
vt 0.409087 0.847187
vt 0.406774 0.878471
vt 0.394286 0.853076
vt 0.000000 0.000000
vt 0.000000 0.000000
vt 0.000000 0.000000
vt 0.000000 0.000000
vt 0.000000 0.000000
vt 0.000000 0.000000
vt 0.000000 0.000000
vt 0.000000 0.000000
vt 0.000000 0.000000
vt 0.000000 0.000000
vt 0.000000 0.000000
vt 0.000000 0.000000
vt 0.000000 0.000000
vt 0.000000 0.000000
vt 0.000000 0.000000
vt 0.000000 0.000000
vt 0.000000 0.000000
vt 0.000000 0.000000
vt 0.000000 0.000000
vt 0.000000 0.000000
vt 0.000000 0.000000
vt 0.000000 0.000000
vt 0.000000 0.000000
vt 0.000000 0.000000
vt 0.000000 0.000000
vt 0.000000 0.000000
vt 0.000000 0.000000
vt 0.000000 0.000000
vt 0.000000 0.000000
vt 0.000000 0.000000
vt 0.000000 0.000000
vt 0.000000 0.000000
vt 0.000000 0.000000
vt 0.000000 0.000000
vt 0.000000 0.000000
vt 0.080462 0.952941
vt 0.074708 0.976600
vt 0.028668 0.957520
vt 0.028188 0.849913
vt 0.042576 0.892651
vt 0.045453 0.848387
vt 0.072310 0.890361
vt 0.073748 0.914783
vt 0.099166 0.918599
vt 0.111635 0.924704
vt 0.129859 0.845335
vt 0.103003 0.875098
vt 0.078065 0.846861
vt 0.094850 0.847624
vt 0.159325 0.848966
vt 0.158634 0.858308
vt 0.176379 0.862887
vt 0.162950 0.871282
vt 0.195562 0.875861
vt 0.174940 0.879677
vt 0.196521 0.926994
vt 0.185011 0.939967
vt 0.161512 0.945310
vt 0.174460 0.918599
vt 0.159593 0.920888
vt 0.160552 0.832360
vt 0.199399 0.823203
vt 0.197960 0.839229
vt 0.255442 0.866235
vt 0.268068 0.868503
vt 0.262224 0.885782
vt 0.246877 0.897230
vt 0.233449 0.936152
vt 0.217143 0.930809
vt 0.214265 0.822439
vt 0.256469 0.818623
vt 0.296274 0.923178
vt 0.280448 0.815571
vt 0.286682 0.950652
vt 0.032504 0.804123
vt 0.046412 0.833887
vt 0.070391 0.686595
vt 0.113074 0.685069
vt 0.129859 0.733148
vt 0.112115 0.769018
vt 0.096768 0.772833
vt 0.095809 0.751464
vt 0.089095 0.760623
vt 0.089575 0.772070
vt 0.072310 0.772070
vt 0.086697 0.735438
vt 0.145685 0.679726
vt 0.207072 0.677437
vt 0.206113 0.791149
vt 0.187889 0.794965
vt 0.165828 0.793439
vt 0.151440 0.792676
vt 0.134586 0.671242
vt 0.214794 0.664617
vt 0.319120 0.946926
vt 0.362963 0.885552
vt 0.373234 0.887397
vt 0.365144 0.890616
vt 0.317038 0.913435
vt 0.331377 0.929996
vt 0.349417 0.929261
vt 0.339472 0.864485
vt 0.323976 0.856388
vt 0.332071 0.846083
vt 0.318426 0.838354
vt 0.327908 0.815167
vt 0.334615 0.824001
vt 0.341091 0.807807
vt 0.357281 0.810015
vt 0.353349 0.826577
vt 0.368382 0.818848
vt 0.368151 0.833938
vt 0.406774 0.952079
vt 0.395440 0.891386
vt 0.407133 0.893487
vt 0.423889 0.909386
vt 0.410706 0.924844
vt 0.422964 0.927052
vt 0.407237 0.923004
vt 0.380871 0.918955
vt 0.379484 0.902761
vt 0.398217 0.826577
vt 0.411169 0.824001
vt 0.422270 0.825473
vt 0.414407 0.839458
vt 0.422270 0.839826
vt 0.000000 0.000000
vt 0.000000 0.000000
vt 0.000000 0.000000
vt 0.000000 0.000000
vt 0.000000 0.000000
vt 0.000000 0.000000
vt 0.000000 0.000000
vt 0.047371 0.939967
vt 0.027229 0.943020
vt 0.046892 0.909441
vt 0.119788 0.897230
vt 0.147604 0.846861
vt 0.111588 0.954534
vt 0.119788 0.875098
vt 0.106360 0.894940
vt 0.200837 0.898756
vt 0.184052 0.910204
vt 0.185970 0.888835
vt 0.184052 0.838466
vt 0.170548 0.850983
vt 0.176379 0.823202
vt 0.233928 0.899519
vt 0.231530 0.881204
vt 0.242561 0.878914
vt 0.215237 0.859011
vt 0.227694 0.820913
vt 0.230290 0.861716
vt 0.268938 0.816334
vt 0.270377 0.849151
vt 0.256948 0.844571
vt 0.296493 0.873610
vt 0.286203 0.925467
vt 0.283364 0.871251
vt 0.296753 0.814808
vt 0.296753 0.952178
vt 0.284764 0.936152
vt 0.298192 0.932336
vt 0.048330 0.804123
vt 0.030106 0.694227
vt 0.052167 0.694227
vt 0.046412 0.815571
vt 0.035382 0.829308
vt 0.035382 0.813281
vt 0.070697 0.700204
vt 0.086217 0.687358
vt 0.086396 0.705269
vt 0.114363 0.714291
vt 0.128900 0.683542
vt 0.129590 0.719203
vt 0.110676 0.746122
vt 0.114992 0.728570
vt 0.125543 0.756044
vt 0.148000 0.725142
vt 0.159593 0.678963
vt 0.163788 0.730236
vt 0.186929 0.679726
vt 0.181399 0.735917
vt 0.167267 0.748412
vt 0.055564 0.695323
vt 0.061872 0.687141
vt 0.065860 0.698644
vt 0.060207 0.703482
vt 0.132088 0.679633
vt 0.141525 0.679191
vt 0.137084 0.690674
vt 0.212019 0.676100
vt 0.222842 0.672125
vt 0.218125 0.684049
vt 0.344098 0.947662
vt 0.318333 0.934278
vt 0.368057 0.939072
vt 0.364219 0.913803
vt 0.377402 0.912699
vt 0.355430 0.851604
vt 0.371158 0.874790
vt 0.356587 0.870742
vt 0.406922 0.942819
vt 0.396829 0.948767
vt 0.396955 0.941858
vt 0.407468 0.907546
vt 0.397292 0.923372
vt 0.395904 0.906810
vt 0.409087 0.847187
vt 0.406774 0.878471
vt 0.394286 0.853076
vt 0.000000 0.000000
vt 0.000000 0.000000
vt 0.000000 0.000000
vt 0.000000 0.000000
vt 0.000000 0.000000
vt 0.000000 0.000000
vt 0.000000 0.000000
vt 0.000000 0.000000
vt 0.000000 0.000000
vt 0.000000 0.000000
vt 0.000000 0.000000
vt 0.000000 0.000000
vt 0.000000 0.000000
vt 0.000000 0.000000
vt 0.000000 0.000000
vt 0.000000 0.000000
vt 0.000000 0.000000
vt 0.000000 0.000000
vt 0.000000 0.000000
vt 0.000000 0.000000
vt 0.000000 0.000000
vt 0.000000 0.000000
vt 0.000000 0.000000
vt 0.000000 0.000000
vt 0.000000 0.000000
vt 0.000000 0.000000
vt 0.000000 0.000000
vt 0.000000 0.000000
vt 0.000000 0.000000
vt 0.000000 0.000000
vt 0.000000 0.000000
vt 0.000000 0.000000
vt 0.000000 0.000000
vt 0.000000 0.000000
vt 0.000000 0.000000
vt 0.080462 0.952941
vt 0.074708 0.976600
vt 0.028668 0.957520
vt 0.028188 0.849913
vt 0.042576 0.892651
vt 0.045453 0.848387
vt 0.072310 0.890361
vt 0.073748 0.914783
vt 0.099166 0.918599
vt 0.111635 0.924704
vt 0.129859 0.845335
vt 0.103003 0.875098
vt 0.078065 0.846861
vt 0.094850 0.847624
vt 0.159325 0.848966
vt 0.158634 0.858308
vt 0.176379 0.862887
vt 0.162950 0.871282
vt 0.195562 0.875861
vt 0.174940 0.879677
vt 0.196521 0.926994
vt 0.185011 0.939967
vt 0.161512 0.945310
vt 0.174460 0.918599
vt 0.159593 0.920888
vt 0.160552 0.832360
vt 0.199399 0.823203
vt 0.197960 0.839229
vt 0.255442 0.866235
vt 0.268068 0.868503
vt 0.262224 0.885782
vt 0.246877 0.897230
vt 0.233449 0.936152
vt 0.217143 0.930809
vt 0.214265 0.822439
vt 0.256469 0.818623
vt 0.296274 0.923178
vt 0.280448 0.815571
vt 0.286682 0.950652
vt 0.032504 0.804123
vt 0.046412 0.833887
vt 0.070391 0.686595
vt 0.113074 0.685069
vt 0.129859 0.733148
vt 0.112115 0.769018
vt 0.096768 0.772833
vt 0.095809 0.751464
vt 0.089095 0.760623
vt 0.089575 0.772070
vt 0.072310 0.772070
vt 0.086697 0.735438
vt 0.145685 0.679726
vt 0.207072 0.677437
vt 0.206113 0.791149
vt 0.187889 0.794965
vt 0.165828 0.793439
vt 0.151440 0.792676
vt 0.134586 0.671242
vt 0.214794 0.664617
vt 0.319120 0.946926
vt 0.362963 0.885552
vt 0.373234 0.887397
vt 0.365144 0.890616
vt 0.317038 0.913435
vt 0.331377 0.929996
vt 0.349417 0.929261
vt 0.339472 0.864485
vt 0.323976 0.856388
vt 0.332071 0.846083
vt 0.318426 0.838354
vt 0.327908 0.815167
vt 0.334615 0.824001
vt 0.341091 0.807807
vt 0.357281 0.810015
vt 0.353349 0.826577
vt 0.368382 0.818848
vt 0.368151 0.833938
vt 0.406774 0.952079
vt 0.395440 0.891386
vt 0.407133 0.893487
vt 0.423889 0.909386
vt 0.410706 0.924844
vt 0.422964 0.927052
vt 0.407237 0.923004
vt 0.380871 0.918955
vt 0.379484 0.902761
vt 0.398217 0.826577
vt 0.411169 0.824001
vt 0.422270 0.825473
vt 0.414407 0.839458
vt 0.422270 0.839826
vt 0.000000 0.000000
vt 0.000000 0.000000
vt 0.000000 0.000000
vt 0.000000 0.000000
vt 0.000000 0.000000
vt 0.000000 0.000000
vt 0.000000 0.000000
vt 0.047371 0.939967
vt 0.027229 0.943020
vt 0.046892 0.909441
vt 0.119788 0.897230
vt 0.147604 0.846861
vt 0.111588 0.954534
vt 0.119788 0.875098
vt 0.106360 0.894940
vt 0.200837 0.898756
vt 0.184052 0.910204
vt 0.185970 0.888835
vt 0.184052 0.838466
vt 0.170548 0.850983
vt 0.176379 0.823202
vt 0.233928 0.899519
vt 0.231530 0.881204
vt 0.242561 0.878914
vt 0.215237 0.859011
vt 0.227694 0.820913
vt 0.230290 0.861716
vt 0.268938 0.816334
vt 0.270377 0.849151
vt 0.256948 0.844571
vt 0.296493 0.873610
vt 0.286203 0.925467
vt 0.283364 0.871251
vt 0.296753 0.814808
vt 0.296753 0.952178
vt 0.284764 0.936152
vt 0.298192 0.932336
vt 0.048330 0.804123
vt 0.030106 0.694227
vt 0.052167 0.694227
vt 0.046412 0.815571
vt 0.035382 0.829308
vt 0.035382 0.813281
vt 0.070697 0.700204
vt 0.086217 0.687358
vt 0.086396 0.705269
vt 0.114363 0.714291
vt 0.128900 0.683542
vt 0.129590 0.719203
vt 0.110676 0.746122
vt 0.114992 0.728570
vt 0.125543 0.756044
vt 0.148000 0.725142
vt 0.159593 0.678963
vt 0.163788 0.730236
vt 0.186929 0.679726
vt 0.181399 0.735917
vt 0.167267 0.748412
vt 0.055564 0.695323
vt 0.061872 0.687141
vt 0.065860 0.698644
vt 0.060207 0.703482
vt 0.132088 0.679633
vt 0.141525 0.679191
vt 0.137084 0.690674
vt 0.212019 0.676100
vt 0.222842 0.672125
vt 0.218125 0.684049
vt 0.344098 0.947662
vt 0.318333 0.934278
vt 0.368057 0.939072
vt 0.364219 0.913803
vt 0.377402 0.912699
vt 0.355430 0.851604
vt 0.371158 0.874790
vt 0.356587 0.870742
vt 0.406922 0.942819
vt 0.396829 0.948767
vt 0.396955 0.941858
vt 0.407468 0.907546
vt 0.397292 0.923372
vt 0.395904 0.906810
vt 0.409087 0.847187
vt 0.406774 0.878471
vt 0.394286 0.853076
vt 0.000000 0.000000
vt 0.000000 0.000000
vt 0.000000 0.000000
vt 0.000000 0.000000
vt 0.000000 0.000000
vt 0.000000 0.000000
vt 0.000000 0.000000
vt 0.000000 0.000000
vt 0.000000 0.000000
vt 0.000000 0.000000
vt 0.000000 0.000000
vt 0.000000 0.000000
vt 0.000000 0.000000
vt 0.000000 0.000000
vt 0.000000 0.000000
vt 0.000000 0.000000
vt 0.000000 0.000000
vt 0.000000 0.000000
vt 0.000000 0.000000
vt 0.000000 0.000000
vt 0.000000 0.000000
vt 0.000000 0.000000
vt 0.000000 0.000000
vt 0.000000 0.000000
vt 0.000000 0.000000
vt 0.000000 0.000000
vt 0.000000 0.000000
vt 0.000000 0.000000
vt 0.000000 0.000000
vt 0.000000 0.000000
vt 0.000000 0.000000
vt 0.000000 0.000000
vt 0.000000 0.000000
vt 0.000000 0.000000
vt 0.000000 0.000000
vt 0.080462 0.952941
vt 0.074708 0.976600
vt 0.028668 0.957520
vt 0.028188 0.849913
vt 0.042576 0.892651
vt 0.045453 0.848387
vt 0.072310 0.890361
vt 0.073748 0.914783
vt 0.099166 0.918599
vt 0.111635 0.924704
vt 0.129859 0.845335
vt 0.103003 0.875098
vt 0.078065 0.846861
vt 0.094850 0.847624
vt 0.159325 0.848966
vt 0.158634 0.858308
vt 0.176379 0.862887
vt 0.162950 0.871282
vt 0.195562 0.875861
vt 0.174940 0.879677
vt 0.196521 0.926994
vt 0.185011 0.939967
vt 0.161512 0.945310
vt 0.174460 0.918599
vt 0.159593 0.920888
vt 0.160552 0.832360
vt 0.199399 0.823203
vt 0.197960 0.839229
vt 0.255442 0.866235
vt 0.268068 0.868503
vt 0.262224 0.885782
vt 0.246877 0.897230
vt 0.233449 0.936152
vt 0.217143 0.930809
vt 0.214265 0.822439
vt 0.256469 0.818623
vt 0.296274 0.923178
vt 0.280448 0.815571
vt 0.286682 0.950652
vt 0.032504 0.804123
vt 0.046412 0.833887
vt 0.070391 0.686595
vt 0.113074 0.685069
vt 0.129859 0.733148
vt 0.112115 0.769018
vt 0.096768 0.772833
vt 0.095809 0.751464
vt 0.089095 0.760623
vt 0.089575 0.772070
vt 0.072310 0.772070
vt 0.086697 0.735438
vt 0.145685 0.679726
vt 0.207072 0.677437
vt 0.206113 0.791149
vt 0.187889 0.794965
vt 0.165828 0.793439
vt 0.151440 0.792676
vt 0.134586 0.671242
vt 0.214794 0.664617
vt 0.319120 0.946926
vt 0.362963 0.885552
vt 0.373234 0.887397
vt 0.365144 0.890616
vt 0.317038 0.913435
vt 0.331377 0.929996
vt 0.349417 0.929261
vt 0.339472 0.864485
vt 0.323976 0.856388
vt 0.332071 0.846083
vt 0.318426 0.838354
vt 0.327908 0.815167
vt 0.334615 0.824001
vt 0.341091 0.807807
vt 0.357281 0.810015
vt 0.353349 0.826577
vt 0.368382 0.818848
vt 0.368151 0.833938
vt 0.406774 0.952079
vt 0.395440 0.891386
vt 0.407133 0.893487
vt 0.423889 0.909386
vt 0.410706 0.924844
vt 0.422964 0.927052
vt 0.407237 0.923004
vt 0.380871 0.918955
vt 0.379484 0.902761
vt 0.398217 0.826577
vt 0.411169 0.824001
vt 0.422270 0.825473
vt 0.414407 0.839458
vt 0.422270 0.839826
vn -0.9127 0.4087 0.0000
vn 0.0000 0.4087 -0.9127
vn 0.9127 0.4087 0.0000
vn 0.0000 0.4087 0.9127
vn 0.0000 -1.0000 0.0000
vn 1.0000 0.0000 0.0000
vn 0.0000 0.0000 1.0000
vn -1.0000 0.0000 0.0000
vn 0.0000 0.0000 -1.0000
vn 0.0000 1.0000 0.0000
usemtl Material.003
s off
f 2/1/1 3/2/1 1/3/1
f 4/4/2 7/5/2 3/2/2
f 8/6/3 5/7/3 7/5/3
f 6/8/4 1/9/4 5/7/4
f 7/5/5 1/10/5 3/11/5
f 8/6/6 12/12/6 6/8/6
f 12/12/7 13/13/7 9/14/7
f 2/1/8 10/15/8 4/4/8
f 6/8/7 9/14/7 2/16/7
f 4/4/9 11/17/9 8/6/9
f 15/18/6 20/19/6 16/20/6
f 10/15/9 15/18/9 11/17/9
f 11/17/6 16/20/6 12/12/6
f 9/21/8 14/22/8 10/15/8
f 23/23/10 30/24/10 22/25/10
f 13/26/8 18/27/8 14/22/8
f 16/20/7 17/28/7 13/13/7
f 14/22/9 19/29/9 15/18/9
f 22/25/10 24/30/10 23/23/10
f 17/31/5 26/32/5 18/27/5
f 21/33/10 32/34/10 24/30/10
f 19/29/5 28/35/5 20/19/5
f 27/36/6 32/34/6 28/35/6
f 25/37/8 30/38/8 26/32/8
f 28/35/7 29/39/7 25/40/7
f 26/32/9 31/41/9 27/36/9
f 20/19/5 25/40/5 17/28/5
f 18/27/5 27/36/5 19/29/5
f 24/30/10 31/41/10 23/23/10
f 22/25/10 29/42/10 21/33/10
f 73/43/7 72/44/7 70/45/7
f 66/46/7 65/47/7 46/48/7
f 66/46/7 71/49/7 72/44/7
f 82/50/7 75/51/7 81/52/7
f 96/53/7 93/54/7 86/55/7
f 91/56/7 96/53/7 94/57/7
f 109/58/7 102/59/7 103/60/7
f 116/61/7 98/62/7 113/63/7
f 126/64/7 122/65/7 123/66/7
f 117/67/7 129/68/7 118/69/7
f 132/70/7 133/71/7 130/72/7
f 135/73/7 136/74/7 134/75/7
f 134/75/7 139/76/7 135/73/7
f 142/77/7 140/78/7 141/79/7
f 147/80/7 145/81/7 146/82/7
f 149/83/7 151/84/7 148/85/7
f 152/86/7 157/87/7 153/88/7
f 154/89/7 159/90/7 155/91/7
f 163/92/7 164/93/7 166/94/7
f 171/95/7 175/96/7 172/97/7
f 176/98/7 173/99/7 172/97/7
f 171/95/7 172/97/7 181/100/7
f 183/101/7 185/102/7 184/103/7
f 184/103/7 186/104/7 183/101/7
f 187/105/7 189/106/7 188/107/7
f 191/108/7 193/109/7 192/110/7
f 199/111/7 195/112/7 196/113/7
f 204/114/7 206/115/7 196/113/7
f 219/116/7 220/117/7 207/118/7
f 222/119/7 225/120/7 221/121/7
f 231/122/7 227/123/7 230/124/7
f 242/125/7 243/126/7 236/127/7
f 2/1/1 4/4/1 3/2/1
f 4/4/2 8/6/2 7/5/2
f 8/6/3 6/8/3 5/7/3
f 6/8/4 2/16/4 1/9/4
f 7/5/5 5/7/5 1/10/5
f 8/6/6 11/17/6 12/12/6
f 12/12/7 16/20/7 13/13/7
f 2/1/8 9/21/8 10/15/8
f 6/8/7 12/12/7 9/14/7
f 4/4/9 10/15/9 11/17/9
f 15/18/6 19/29/6 20/19/6
f 10/15/9 14/22/9 15/18/9
f 11/17/6 15/18/6 16/20/6
f 9/21/8 13/26/8 14/22/8
f 23/23/10 31/41/10 30/24/10
f 13/26/8 17/31/8 18/27/8
f 16/20/7 20/19/7 17/28/7
f 14/22/9 18/27/9 19/29/9
f 22/25/10 21/33/10 24/30/10
f 17/31/5 25/37/5 26/32/5
f 21/33/10 29/42/10 32/34/10
f 19/29/5 27/36/5 28/35/5
f 27/36/6 31/41/6 32/34/6
f 25/37/8 29/128/8 30/38/8
f 28/35/7 32/34/7 29/39/7
f 26/32/9 30/38/9 31/41/9
f 20/19/5 28/35/5 25/40/5
f 18/27/5 26/32/5 27/36/5
f 24/30/10 32/34/10 31/41/10
f 22/25/10 30/24/10 29/42/10
f 33/129/7 34/130/7 70/45/7
f 34/130/7 35/131/7 73/43/7
f 70/45/7 34/130/7 73/43/7
f 35/131/7 36/132/7 73/43/7
f 36/132/7 37/133/7 73/43/7
f 37/133/7 38/134/7 73/43/7
f 38/134/7 39/135/7 73/43/7
f 39/135/7 40/136/7 74/137/7
f 40/136/7 41/138/7 74/137/7
f 41/138/7 42/139/7 74/137/7
f 42/139/7 43/140/7 74/137/7
f 63/141/7 64/142/7 70/45/7
f 64/142/7 33/129/7 70/45/7
f 61/143/7 62/144/7 70/45/7
f 62/144/7 63/141/7 70/45/7
f 59/145/7 60/146/7 69/147/7
f 60/146/7 61/143/7 70/45/7
f 69/147/7 68/148/7 59/145/7
f 72/44/7 71/49/7 70/45/7
f 70/45/7 69/147/7 60/146/7
f 39/135/7 74/137/7 73/43/7
f 58/149/7 59/145/7 68/148/7
f 58/149/7 68/148/7 57/150/7
f 68/148/7 67/151/7 54/152/7
f 56/153/7 68/148/7 55/154/7
f 56/153/7 57/150/7 68/148/7
f 54/152/7 55/154/7 68/148/7
f 52/155/7 53/156/7 67/151/7
f 53/156/7 54/152/7 67/151/7
f 50/157/7 51/158/7 67/151/7
f 51/158/7 52/155/7 67/151/7
f 48/159/7 49/160/7 66/46/7
f 49/160/7 50/157/7 67/151/7
f 66/46/7 49/160/7 67/151/7
f 46/48/7 47/161/7 66/46/7
f 47/161/7 48/159/7 66/46/7
f 44/162/7 45/163/7 65/47/7
f 45/163/7 46/48/7 65/47/7
f 74/137/7 43/140/7 65/47/7
f 43/140/7 44/162/7 65/47/7
f 74/137/7 65/47/7 73/43/7
f 65/47/7 66/46/7 72/44/7
f 73/43/7 65/47/7 72/44/7
f 66/46/7 67/151/7 71/49/7
f 67/151/7 68/148/7 71/49/7
f 68/148/7 69/147/7 70/45/7
f 68/148/7 70/45/7 71/49/7
f 83/164/7 84/165/7 82/50/7
f 84/165/7 85/166/7 82/50/7
f 85/166/7 75/51/7 82/50/7
f 75/51/7 76/167/7 78/168/7
f 76/167/7 77/169/7 78/168/7
f 78/168/7 79/170/7 81/52/7
f 79/170/7 80/171/7 81/52/7
f 75/51/7 78/168/7 81/52/7
f 86/55/7 87/172/7 95/173/7
f 87/172/7 94/57/7 95/173/7
f 95/173/7 96/53/7 86/55/7
f 92/174/7 93/54/7 91/56/7
f 93/54/7 96/53/7 91/56/7
f 94/57/7 87/172/7 90/175/7
f 87/172/7 88/176/7 90/175/7
f 88/176/7 89/177/7 90/175/7
f 90/175/7 91/56/7 94/57/7
f 97/178/7 98/62/7 106/179/7
f 98/62/7 107/180/7 105/181/7
f 107/180/7 108/182/7 103/60/7
f 108/182/7 109/58/7 103/60/7
f 107/180/7 103/60/7 104/183/7
f 109/58/7 110/184/7 102/59/7
f 110/184/7 111/185/7 102/59/7
f 111/185/7 99/186/7 101/187/7
f 99/186/7 100/188/7 101/187/7
f 98/62/7 105/181/7 106/179/7
f 104/183/7 105/181/7 107/180/7
f 111/185/7 101/187/7 102/59/7
f 98/62/7 97/178/7 112/189/7
f 112/189/7 113/63/7 98/62/7
f 113/63/7 114/190/7 116/61/7
f 114/190/7 115/191/7 116/61/7
f 119/192/7 120/193/7 124/194/7
f 124/194/7 125/195/7 123/66/7
f 125/195/7 126/64/7 123/66/7
f 126/64/7 127/196/7 121/197/7
f 121/197/7 117/67/7 122/65/7
f 117/67/7 118/69/7 122/65/7
f 119/192/7 124/194/7 123/66/7
f 126/64/7 121/197/7 122/65/7
f 117/67/7 128/198/7 129/68/7
f 120/193/7 119/192/7 133/71/7
f 119/192/7 130/72/7 133/71/7
f 130/72/7 131/199/7 132/70/7
f 135/73/7 137/200/7 136/74/7
f 134/75/7 138/201/7 139/76/7
f 142/77/7 143/202/7 140/78/7
f 147/80/7 144/203/7 145/81/7
f 149/83/7 150/204/7 151/84/7
f 152/86/7 156/205/7 157/87/7
f 154/89/7 158/206/7 159/90/7
f 154/89/7 155/91/7 164/93/7
f 155/91/7 165/207/7 164/93/7
f 165/207/7 166/94/7 164/93/7
f 166/94/7 167/208/7 163/92/7
f 167/208/7 168/209/7 162/210/7
f 168/209/7 169/211/7 162/210/7
f 169/211/7 170/212/7 160/213/7
f 160/213/7 152/86/7 161/214/7
f 152/86/7 153/88/7 161/214/7
f 169/211/7 160/213/7 161/214/7
f 169/211/7 161/214/7 162/210/7
f 162/210/7 163/92/7 167/208/7
f 171/95/7 174/215/7 175/96/7
f 176/98/7 177/216/7 173/99/7
f 172/97/7 173/99/7 181/100/7
f 173/99/7 179/217/7 180/218/7
f 181/100/7 173/99/7 180/218/7
f 181/100/7 182/219/7 178/220/7
f 178/220/7 171/95/7 181/100/7
f 187/105/7 190/221/7 189/106/7
f 191/108/7 194/222/7 193/109/7
f 199/111/7 200/223/7 195/112/7
f 197/224/7 198/225/7 205/226/7
f 198/225/7 206/115/7 205/226/7
f 195/112/7 201/227/7 202/228/7
f 195/112/7 202/228/7 196/113/7
f 202/228/7 203/229/7 196/113/7
f 204/114/7 205/226/7 206/115/7
f 203/229/7 204/114/7 196/113/7
f 198/225/7 197/224/7 220/117/7
f 197/224/7 207/118/7 220/117/7
f 207/118/7 208/230/7 219/116/7
f 208/230/7 209/231/7 218/232/7
f 209/231/7 210/233/7 218/232/7
f 210/233/7 211/234/7 217/235/7
f 218/232/7 210/233/7 217/235/7
f 211/234/7 212/236/7 217/235/7
f 212/236/7 213/237/7 216/238/7
f 217/235/7 212/236/7 216/238/7
f 213/237/7 214/239/7 216/238/7
f 214/239/7 215/240/7 216/238/7
f 218/232/7 219/116/7 208/230/7
f 222/119/7 226/241/7 225/120/7
f 223/242/7 224/243/7 230/124/7
f 224/243/7 231/122/7 230/124/7
f 231/122/7 232/244/7 234/245/7
f 232/244/7 233/246/7 234/245/7
f 234/245/7 235/247/7 231/122/7
f 235/247/7 222/119/7 227/123/7
f 222/119/7 221/121/7 227/123/7
f 227/123/7 228/248/7 230/124/7
f 228/248/7 229/249/7 230/124/7
f 231/122/7 235/247/7 227/123/7
f 224/243/7 223/242/7 243/126/7
f 223/242/7 236/127/7 243/126/7
f 236/127/7 237/250/7 242/125/7
f 237/250/7 238/251/7 242/125/7
f 238/251/7 239/252/7 241/253/7
f 239/252/7 240/254/7 241/253/7
f 238/251/7 241/253/7 242/125/7
usemtl Material.012
f 284/255/9 283/256/9 281/257/9
f 277/258/9 276/259/9 257/260/9
f 277/258/9 282/261/9 283/256/9
f 293/262/9 286/263/9 292/264/9
f 307/265/9 304/266/9 297/267/9
f 302/268/9 307/265/9 305/269/9
f 320/270/9 313/271/9 314/272/9
f 327/273/9 309/274/9 324/275/9
f 337/276/9 333/277/9 334/278/9
f 328/279/9 340/280/9 329/281/9
f 343/282/9 344/283/9 341/284/9
f 346/285/9 347/286/9 345/287/9
f 345/287/9 350/288/9 346/285/9
f 353/289/9 351/290/9 352/291/9
f 358/292/9 356/293/9 357/294/9
f 360/295/9 362/296/9 359/297/9
f 363/298/9 368/299/9 364/300/9
f 365/301/9 370/302/9 366/303/9
f 374/304/9 375/305/9 377/306/9
f 382/307/9 386/308/9 383/309/9
f 387/310/9 384/311/9 383/309/9
f 382/307/9 383/309/9 392/312/9
f 394/313/9 396/314/9 395/315/9
f 395/315/9 397/316/9 394/313/9
f 398/317/9 400/318/9 399/319/9
f 402/320/9 404/321/9 403/322/9
f 410/323/9 406/324/9 407/325/9
f 415/326/9 417/327/9 407/325/9
f 430/328/9 431/329/9 418/330/9
f 433/331/9 436/332/9 432/333/9
f 442/334/9 438/335/9 441/336/9
f 453/337/9 454/338/9 447/339/9
f 244/340/9 245/341/9 281/257/9
f 245/341/9 246/342/9 284/255/9
f 281/257/9 245/341/9 284/255/9
f 246/342/9 247/343/9 284/255/9
f 247/343/9 248/344/9 284/255/9
f 248/344/9 249/345/9 284/255/9
f 249/345/9 250/346/9 284/255/9
f 250/346/9 251/347/9 285/348/9
f 251/347/9 252/349/9 285/348/9
f 252/349/9 253/350/9 285/348/9
f 253/350/9 254/351/9 285/348/9
f 274/352/9 275/353/9 281/257/9
f 275/353/9 244/340/9 281/257/9
f 272/354/9 273/355/9 281/257/9
f 273/355/9 274/352/9 281/257/9
f 270/356/9 271/357/9 280/358/9
f 271/357/9 272/354/9 281/257/9
f 280/358/9 279/359/9 270/356/9
f 283/256/9 282/261/9 281/257/9
f 281/257/9 280/358/9 271/357/9
f 250/346/9 285/348/9 284/255/9
f 269/360/9 270/356/9 279/359/9
f 269/360/9 279/359/9 268/361/9
f 279/359/9 278/362/9 265/363/9
f 267/364/9 279/359/9 266/365/9
f 267/364/9 268/361/9 279/359/9
f 265/363/9 266/365/9 279/359/9
f 263/366/9 264/367/9 278/362/9
f 264/367/9 265/363/9 278/362/9
f 261/368/9 262/369/9 278/362/9
f 262/369/9 263/366/9 278/362/9
f 259/370/9 260/371/9 277/258/9
f 260/371/9 261/368/9 278/362/9
f 277/258/9 260/371/9 278/362/9
f 257/260/9 258/372/9 277/258/9
f 258/372/9 259/370/9 277/258/9
f 255/373/9 256/374/9 276/259/9
f 256/374/9 257/260/9 276/259/9
f 285/348/9 254/351/9 276/259/9
f 254/351/9 255/373/9 276/259/9
f 285/348/9 276/259/9 284/255/9
f 276/259/9 277/258/9 283/256/9
f 284/255/9 276/259/9 283/256/9
f 277/258/9 278/362/9 282/261/9
f 278/362/9 279/359/9 282/261/9
f 279/359/9 280/358/9 281/257/9
f 279/359/9 281/257/9 282/261/9
f 294/375/9 295/376/9 293/262/9
f 295/376/9 296/377/9 293/262/9
f 296/377/9 286/263/9 293/262/9
f 286/263/9 287/378/9 289/379/9
f 287/378/9 288/380/9 289/379/9
f 289/379/9 290/381/9 292/264/9
f 290/381/9 291/382/9 292/264/9
f 286/263/9 289/379/9 292/264/9
f 297/267/9 298/383/9 306/384/9
f 298/383/9 305/269/9 306/384/9
f 306/384/9 307/265/9 297/267/9
f 303/385/9 304/266/9 302/268/9
f 304/266/9 307/265/9 302/268/9
f 305/269/9 298/383/9 301/386/9
f 298/383/9 299/387/9 301/386/9
f 299/387/9 300/388/9 301/386/9
f 301/386/9 302/268/9 305/269/9
f 308/389/9 309/274/9 317/390/9
f 309/274/9 318/391/9 316/392/9
f 318/391/9 319/393/9 314/272/9
f 319/393/9 320/270/9 314/272/9
f 318/391/9 314/272/9 315/394/9
f 320/270/9 321/395/9 313/271/9
f 321/395/9 322/396/9 313/271/9
f 322/396/9 310/397/9 312/398/9
f 310/397/9 311/399/9 312/398/9
f 309/274/9 316/392/9 317/390/9
f 315/394/9 316/392/9 318/391/9
f 322/396/9 312/398/9 313/271/9
f 309/274/9 308/389/9 323/400/9
f 323/400/9 324/275/9 309/274/9
f 324/275/9 325/401/9 327/273/9
f 325/401/9 326/402/9 327/273/9
f 330/403/9 331/404/9 335/405/9
f 335/405/9 336/406/9 334/278/9
f 336/406/9 337/276/9 334/278/9
f 337/276/9 338/407/9 332/408/9
f 332/408/9 328/279/9 333/277/9
f 328/279/9 329/281/9 333/277/9
f 330/403/9 335/405/9 334/278/9
f 337/276/9 332/408/9 333/277/9
f 328/279/9 339/409/9 340/280/9
f 331/404/9 330/403/9 344/283/9
f 330/403/9 341/284/9 344/283/9
f 341/284/9 342/410/9 343/282/9
f 346/285/9 348/411/9 347/286/9
f 345/287/9 349/412/9 350/288/9
f 353/289/9 354/413/9 351/290/9
f 358/292/9 355/414/9 356/293/9
f 360/295/9 361/415/9 362/296/9
f 363/298/9 367/416/9 368/299/9
f 365/301/9 369/417/9 370/302/9
f 365/301/9 366/303/9 375/305/9
f 366/303/9 376/418/9 375/305/9
f 376/418/9 377/306/9 375/305/9
f 377/306/9 378/419/9 374/304/9
f 378/419/9 379/420/9 373/421/9
f 379/420/9 380/422/9 373/421/9
f 380/422/9 381/423/9 371/424/9
f 371/424/9 363/298/9 372/425/9
f 363/298/9 364/300/9 372/425/9
f 380/422/9 371/424/9 372/425/9
f 380/422/9 372/425/9 373/421/9
f 373/421/9 374/304/9 378/419/9
f 382/307/9 385/426/9 386/308/9
f 387/310/9 388/427/9 384/311/9
f 383/309/9 384/311/9 392/312/9
f 384/311/9 390/428/9 391/429/9
f 392/312/9 384/311/9 391/429/9
f 392/312/9 393/430/9 389/431/9
f 389/431/9 382/307/9 392/312/9
f 398/317/9 401/432/9 400/318/9
f 402/320/9 405/433/9 404/321/9
f 410/323/9 411/434/9 406/324/9
f 408/435/9 409/436/9 416/437/9
f 409/436/9 417/327/9 416/437/9
f 406/324/9 412/438/9 413/439/9
f 406/324/9 413/439/9 407/325/9
f 413/439/9 414/440/9 407/325/9
f 415/326/9 416/437/9 417/327/9
f 414/440/9 415/326/9 407/325/9
f 409/436/9 408/435/9 431/329/9
f 408/435/9 418/330/9 431/329/9
f 418/330/9 419/441/9 430/328/9
f 419/441/9 420/442/9 429/443/9
f 420/442/9 421/444/9 429/443/9
f 421/444/9 422/445/9 428/446/9
f 429/443/9 421/444/9 428/446/9
f 422/445/9 423/447/9 428/446/9
f 423/447/9 424/448/9 427/449/9
f 428/446/9 423/447/9 427/449/9
f 424/448/9 425/450/9 427/449/9
f 425/450/9 426/451/9 427/449/9
f 429/443/9 430/328/9 419/441/9
f 433/331/9 437/452/9 436/332/9
f 434/453/9 435/454/9 441/336/9
f 435/454/9 442/334/9 441/336/9
f 442/334/9 443/455/9 445/456/9
f 443/455/9 444/457/9 445/456/9
f 445/456/9 446/458/9 442/334/9
f 446/458/9 433/331/9 438/335/9
f 433/331/9 432/333/9 438/335/9
f 438/335/9 439/459/9 441/336/9
f 439/459/9 440/460/9 441/336/9
f 442/334/9 446/458/9 438/335/9
f 435/454/9 434/453/9 454/338/9
f 434/453/9 447/339/9 454/338/9
f 447/339/9 448/461/9 453/337/9
f 448/461/9 449/462/9 453/337/9
f 449/462/9 450/463/9 452/464/9
f 450/463/9 451/465/9 452/464/9
f 449/462/9 452/464/9 453/337/9
usemtl Material.021
f 495/466/7 494/467/7 492/468/7
f 488/469/7 487/470/7 468/471/7
f 488/469/7 493/472/7 494/467/7
f 504/473/7 497/474/7 503/475/7
f 518/476/7 515/477/7 508/478/7
f 513/479/7 518/476/7 516/480/7
f 531/481/7 524/482/7 525/483/7
f 538/484/7 520/485/7 535/486/7
f 548/487/7 544/488/7 545/489/7
f 539/490/7 551/491/7 540/492/7
f 554/493/7 555/494/7 552/495/7
f 557/496/7 558/497/7 556/498/7
f 556/498/7 561/499/7 557/496/7
f 564/500/7 562/501/7 563/502/7
f 569/503/7 567/504/7 568/505/7
f 571/506/7 573/507/7 570/508/7
f 574/509/7 579/510/7 575/511/7
f 576/512/7 581/513/7 577/514/7
f 585/515/7 586/516/7 588/517/7
f 593/518/7 597/519/7 594/520/7
f 598/521/7 595/522/7 594/520/7
f 593/518/7 594/520/7 603/523/7
f 605/524/7 607/525/7 606/526/7
f 606/526/7 608/527/7 605/524/7
f 609/528/7 611/529/7 610/530/7
f 613/531/7 615/532/7 614/533/7
f 621/534/7 617/535/7 618/536/7
f 626/537/7 628/538/7 618/536/7
f 641/539/7 642/540/7 629/541/7
f 644/542/7 647/543/7 643/544/7
f 653/545/7 649/546/7 652/547/7
f 664/548/7 665/549/7 658/550/7
f 455/551/7 456/552/7 492/468/7
f 456/552/7 457/553/7 495/466/7
f 492/468/7 456/552/7 495/466/7
f 457/553/7 458/554/7 495/466/7
f 458/554/7 459/555/7 495/466/7
f 459/555/7 460/556/7 495/466/7
f 460/556/7 461/557/7 495/466/7
f 461/557/7 462/558/7 496/559/7
f 462/558/7 463/560/7 496/559/7
f 463/560/7 464/561/7 496/559/7
f 464/561/7 465/562/7 496/559/7
f 485/563/7 486/564/7 492/468/7
f 486/564/7 455/551/7 492/468/7
f 483/565/7 484/566/7 492/468/7
f 484/566/7 485/563/7 492/468/7
f 481/567/7 482/568/7 491/569/7
f 482/568/7 483/565/7 492/468/7
f 491/569/7 490/570/7 481/567/7
f 494/467/7 493/472/7 492/468/7
f 492/468/7 491/569/7 482/568/7
f 461/557/7 496/559/7 495/466/7
f 480/571/7 481/567/7 490/570/7
f 480/571/7 490/570/7 479/572/7
f 490/570/7 489/573/7 476/574/7
f 478/575/7 490/570/7 477/576/7
f 478/575/7 479/572/7 490/570/7
f 476/574/7 477/576/7 490/570/7
f 474/577/7 475/578/7 489/573/7
f 475/578/7 476/574/7 489/573/7
f 472/579/7 473/580/7 489/573/7
f 473/580/7 474/577/7 489/573/7
f 470/581/7 471/582/7 488/469/7
f 471/582/7 472/579/7 489/573/7
f 488/469/7 471/582/7 489/573/7
f 468/471/7 469/583/7 488/469/7
f 469/583/7 470/581/7 488/469/7
f 466/584/7 467/585/7 487/470/7
f 467/585/7 468/471/7 487/470/7
f 496/559/7 465/562/7 487/470/7
f 465/562/7 466/584/7 487/470/7
f 496/559/7 487/470/7 495/466/7
f 487/470/7 488/469/7 494/467/7
f 495/466/7 487/470/7 494/467/7
f 488/469/7 489/573/7 493/472/7
f 489/573/7 490/570/7 493/472/7
f 490/570/7 491/569/7 492/468/7
f 490/570/7 492/468/7 493/472/7
f 505/586/7 506/587/7 504/473/7
f 506/587/7 507/588/7 504/473/7
f 507/588/7 497/474/7 504/473/7
f 497/474/7 498/589/7 500/590/7
f 498/589/7 499/591/7 500/590/7
f 500/590/7 501/592/7 503/475/7
f 501/592/7 502/593/7 503/475/7
f 497/474/7 500/590/7 503/475/7
f 508/478/7 509/594/7 517/595/7
f 509/594/7 516/480/7 517/595/7
f 517/595/7 518/476/7 508/478/7
f 514/596/7 515/477/7 513/479/7
f 515/477/7 518/476/7 513/479/7
f 516/480/7 509/594/7 512/597/7
f 509/594/7 510/598/7 512/597/7
f 510/598/7 511/599/7 512/597/7
f 512/597/7 513/479/7 516/480/7
f 519/600/7 520/485/7 528/601/7
f 520/485/7 529/602/7 527/603/7
f 529/602/7 530/604/7 525/483/7
f 530/604/7 531/481/7 525/483/7
f 529/602/7 525/483/7 526/605/7
f 531/481/7 532/606/7 524/482/7
f 532/606/7 533/607/7 524/482/7
f 533/607/7 521/608/7 523/609/7
f 521/608/7 522/610/7 523/609/7
f 520/485/7 527/603/7 528/601/7
f 526/605/7 527/603/7 529/602/7
f 533/607/7 523/609/7 524/482/7
f 520/485/7 519/600/7 534/611/7
f 534/611/7 535/486/7 520/485/7
f 535/486/7 536/612/7 538/484/7
f 536/612/7 537/613/7 538/484/7
f 541/614/7 542/615/7 546/616/7
f 546/616/7 547/617/7 545/489/7
f 547/617/7 548/487/7 545/489/7
f 548/487/7 549/618/7 543/619/7
f 543/619/7 539/490/7 544/488/7
f 539/490/7 540/492/7 544/488/7
f 541/614/7 546/616/7 545/489/7
f 548/487/7 543/619/7 544/488/7
f 539/490/7 550/620/7 551/491/7
f 542/615/7 541/614/7 555/494/7
f 541/614/7 552/495/7 555/494/7
f 552/495/7 553/621/7 554/493/7
f 557/496/7 559/622/7 558/497/7
f 556/498/7 560/623/7 561/499/7
f 564/500/7 565/624/7 562/501/7
f 569/503/7 566/625/7 567/504/7
f 571/506/7 572/626/7 573/507/7
f 574/509/7 578/627/7 579/510/7
f 576/512/7 580/628/7 581/513/7
f 576/512/7 577/514/7 586/516/7
f 577/514/7 587/629/7 586/516/7
f 587/629/7 588/517/7 586/516/7
f 588/517/7 589/630/7 585/515/7
f 589/630/7 590/631/7 584/632/7
f 590/631/7 591/633/7 584/632/7
f 591/633/7 592/634/7 582/635/7
f 582/635/7 574/509/7 583/636/7
f 574/509/7 575/511/7 583/636/7
f 591/633/7 582/635/7 583/636/7
f 591/633/7 583/636/7 584/632/7
f 584/632/7 585/515/7 589/630/7
f 593/518/7 596/637/7 597/519/7
f 598/521/7 599/638/7 595/522/7
f 594/520/7 595/522/7 603/523/7
f 595/522/7 601/639/7 602/640/7
f 603/523/7 595/522/7 602/640/7
f 603/523/7 604/641/7 600/642/7
f 600/642/7 593/518/7 603/523/7
f 609/528/7 612/643/7 611/529/7
f 613/531/7 616/644/7 615/532/7
f 621/534/7 622/645/7 617/535/7
f 619/646/7 620/647/7 627/648/7
f 620/647/7 628/538/7 627/648/7
f 617/535/7 623/649/7 624/650/7
f 617/535/7 624/650/7 618/536/7
f 624/650/7 625/651/7 618/536/7
f 626/537/7 627/648/7 628/538/7
f 625/651/7 626/537/7 618/536/7
f 620/647/7 619/646/7 642/540/7
f 619/646/7 629/541/7 642/540/7
f 629/541/7 630/652/7 641/539/7
f 630/652/7 631/653/7 640/654/7
f 631/653/7 632/655/7 640/654/7
f 632/655/7 633/656/7 639/657/7
f 640/654/7 632/655/7 639/657/7
f 633/656/7 634/658/7 639/657/7
f 634/658/7 635/659/7 638/660/7
f 639/657/7 634/658/7 638/660/7
f 635/659/7 636/661/7 638/660/7
f 636/661/7 637/662/7 638/660/7
f 640/654/7 641/539/7 630/652/7
f 644/542/7 648/663/7 647/543/7
f 645/664/7 646/665/7 652/547/7
f 646/665/7 653/545/7 652/547/7
f 653/545/7 654/666/7 656/667/7
f 654/666/7 655/668/7 656/667/7
f 656/667/7 657/669/7 653/545/7
f 657/669/7 644/542/7 649/546/7
f 644/542/7 643/544/7 649/546/7
f 649/546/7 650/670/7 652/547/7
f 650/670/7 651/671/7 652/547/7
f 653/545/7 657/669/7 649/546/7
f 646/665/7 645/664/7 665/549/7
f 645/664/7 658/550/7 665/549/7
f 658/550/7 659/672/7 664/548/7
f 659/672/7 660/673/7 664/548/7
f 660/673/7 661/674/7 663/675/7
f 661/674/7 662/676/7 663/675/7
f 660/673/7 663/675/7 664/548/7
usemtl Material.022
f 706/677/9 705/678/9 703/679/9
f 699/680/9 698/681/9 679/682/9
f 699/680/9 704/683/9 705/678/9
f 715/684/9 708/685/9 714/686/9
f 729/687/9 726/688/9 719/689/9
f 724/690/9 729/687/9 727/691/9
f 742/692/9 735/693/9 736/694/9
f 749/695/9 731/696/9 746/697/9
f 759/698/9 755/699/9 756/700/9
f 750/701/9 762/702/9 751/703/9
f 765/704/9 766/705/9 763/706/9
f 768/707/9 769/708/9 767/709/9
f 767/709/9 772/710/9 768/707/9
f 775/711/9 773/712/9 774/713/9
f 780/714/9 778/715/9 779/716/9
f 782/717/9 784/718/9 781/719/9
f 785/720/9 790/721/9 786/722/9
f 787/723/9 792/724/9 788/725/9
f 796/726/9 797/727/9 799/728/9
f 804/729/9 808/730/9 805/731/9
f 809/732/9 806/733/9 805/731/9
f 804/729/9 805/731/9 814/734/9
f 816/735/9 818/736/9 817/737/9
f 817/737/9 819/738/9 816/735/9
f 820/739/9 822/740/9 821/741/9
f 824/742/9 826/743/9 825/744/9
f 832/745/9 828/746/9 829/747/9
f 837/748/9 839/749/9 829/747/9
f 852/750/9 853/751/9 840/752/9
f 855/753/9 858/754/9 854/755/9
f 864/756/9 860/757/9 863/758/9
f 875/759/9 876/760/9 869/761/9
f 666/762/9 667/763/9 703/679/9
f 667/763/9 668/764/9 706/677/9
f 703/679/9 667/763/9 706/677/9
f 668/764/9 669/765/9 706/677/9
f 669/765/9 670/766/9 706/677/9
f 670/766/9 671/767/9 706/677/9
f 671/767/9 672/768/9 706/677/9
f 672/768/9 673/769/9 707/770/9
f 673/769/9 674/771/9 707/770/9
f 674/771/9 675/772/9 707/770/9
f 675/772/9 676/773/9 707/770/9
f 696/774/9 697/775/9 703/679/9
f 697/775/9 666/762/9 703/679/9
f 694/776/9 695/777/9 703/679/9
f 695/777/9 696/774/9 703/679/9
f 692/778/9 693/779/9 702/780/9
f 693/779/9 694/776/9 703/679/9
f 702/780/9 701/781/9 692/778/9
f 705/678/9 704/683/9 703/679/9
f 703/679/9 702/780/9 693/779/9
f 672/768/9 707/770/9 706/677/9
f 691/782/9 692/778/9 701/781/9
f 691/782/9 701/781/9 690/783/9
f 701/781/9 700/784/9 687/785/9
f 689/786/9 701/781/9 688/787/9
f 689/786/9 690/783/9 701/781/9
f 687/785/9 688/787/9 701/781/9
f 685/788/9 686/789/9 700/784/9
f 686/789/9 687/785/9 700/784/9
f 683/790/9 684/791/9 700/784/9
f 684/791/9 685/788/9 700/784/9
f 681/792/9 682/793/9 699/680/9
f 682/793/9 683/790/9 700/784/9
f 699/680/9 682/793/9 700/784/9
f 679/682/9 680/794/9 699/680/9
f 680/794/9 681/792/9 699/680/9
f 677/795/9 678/796/9 698/681/9
f 678/796/9 679/682/9 698/681/9
f 707/770/9 676/773/9 698/681/9
f 676/773/9 677/795/9 698/681/9
f 707/770/9 698/681/9 706/677/9
f 698/681/9 699/680/9 705/678/9
f 706/677/9 698/681/9 705/678/9
f 699/680/9 700/784/9 704/683/9
f 700/784/9 701/781/9 704/683/9
f 701/781/9 702/780/9 703/679/9
f 701/781/9 703/679/9 704/683/9
f 716/797/9 717/798/9 715/684/9
f 717/798/9 718/799/9 715/684/9
f 718/799/9 708/685/9 715/684/9
f 708/685/9 709/800/9 711/801/9
f 709/800/9 710/802/9 711/801/9
f 711/801/9 712/803/9 714/686/9
f 712/803/9 713/804/9 714/686/9
f 708/685/9 711/801/9 714/686/9
f 719/689/9 720/805/9 728/806/9
f 720/805/9 727/691/9 728/806/9
f 728/806/9 729/687/9 719/689/9
f 725/807/9 726/688/9 724/690/9
f 726/688/9 729/687/9 724/690/9
f 727/691/9 720/805/9 723/808/9
f 720/805/9 721/809/9 723/808/9
f 721/809/9 722/810/9 723/808/9
f 723/808/9 724/690/9 727/691/9
f 730/811/9 731/696/9 739/812/9
f 731/696/9 740/813/9 738/814/9
f 740/813/9 741/815/9 736/694/9
f 741/815/9 742/692/9 736/694/9
f 740/813/9 736/694/9 737/816/9
f 742/692/9 743/817/9 735/693/9
f 743/817/9 744/818/9 735/693/9
f 744/818/9 732/819/9 734/820/9
f 732/819/9 733/821/9 734/820/9
f 731/696/9 738/814/9 739/812/9
f 737/816/9 738/814/9 740/813/9
f 744/818/9 734/820/9 735/693/9
f 731/696/9 730/811/9 745/822/9
f 745/822/9 746/697/9 731/696/9
f 746/697/9 747/823/9 749/695/9
f 747/823/9 748/824/9 749/695/9
f 752/825/9 753/826/9 757/827/9
f 757/827/9 758/828/9 756/700/9
f 758/828/9 759/698/9 756/700/9
f 759/698/9 760/829/9 754/830/9
f 754/830/9 750/701/9 755/699/9
f 750/701/9 751/703/9 755/699/9
f 752/825/9 757/827/9 756/700/9
f 759/698/9 754/830/9 755/699/9
f 750/701/9 761/831/9 762/702/9
f 753/826/9 752/825/9 766/705/9
f 752/825/9 763/706/9 766/705/9
f 763/706/9 764/832/9 765/704/9
f 768/707/9 770/833/9 769/708/9
f 767/709/9 771/834/9 772/710/9
f 775/711/9 776/835/9 773/712/9
f 780/714/9 777/836/9 778/715/9
f 782/717/9 783/837/9 784/718/9
f 785/720/9 789/838/9 790/721/9
f 787/723/9 791/839/9 792/724/9
f 787/723/9 788/725/9 797/727/9
f 788/725/9 798/840/9 797/727/9
f 798/840/9 799/728/9 797/727/9
f 799/728/9 800/841/9 796/726/9
f 800/841/9 801/842/9 795/843/9
f 801/842/9 802/844/9 795/843/9
f 802/844/9 803/845/9 793/846/9
f 793/846/9 785/720/9 794/847/9
f 785/720/9 786/722/9 794/847/9
f 802/844/9 793/846/9 794/847/9
f 802/844/9 794/847/9 795/843/9
f 795/843/9 796/726/9 800/841/9
f 804/729/9 807/848/9 808/730/9
f 809/732/9 810/849/9 806/733/9
f 805/731/9 806/733/9 814/734/9
f 806/733/9 812/850/9 813/851/9
f 814/734/9 806/733/9 813/851/9
f 814/734/9 815/852/9 811/853/9
f 811/853/9 804/729/9 814/734/9
f 820/739/9 823/854/9 822/740/9
f 824/742/9 827/855/9 826/743/9
f 832/745/9 833/856/9 828/746/9
f 830/857/9 831/858/9 838/859/9
f 831/858/9 839/749/9 838/859/9
f 828/746/9 834/860/9 835/861/9
f 828/746/9 835/861/9 829/747/9
f 835/861/9 836/862/9 829/747/9
f 837/748/9 838/859/9 839/749/9
f 836/862/9 837/748/9 829/747/9
f 831/858/9 830/857/9 853/751/9
f 830/857/9 840/752/9 853/751/9
f 840/752/9 841/863/9 852/750/9
f 841/863/9 842/864/9 851/865/9
f 842/864/9 843/866/9 851/865/9
f 843/866/9 844/867/9 850/868/9
f 851/865/9 843/866/9 850/868/9
f 844/867/9 845/869/9 850/868/9
f 845/869/9 846/870/9 849/871/9
f 850/868/9 845/869/9 849/871/9
f 846/870/9 847/872/9 849/871/9
f 847/872/9 848/873/9 849/871/9
f 851/865/9 852/750/9 841/863/9
f 855/753/9 859/874/9 858/754/9
f 856/875/9 857/876/9 863/758/9
f 857/876/9 864/756/9 863/758/9
f 864/756/9 865/877/9 867/878/9
f 865/877/9 866/879/9 867/878/9
f 867/878/9 868/880/9 864/756/9
f 868/880/9 855/753/9 860/757/9
f 855/753/9 854/755/9 860/757/9
f 860/757/9 861/881/9 863/758/9
f 861/881/9 862/882/9 863/758/9
f 864/756/9 868/880/9 860/757/9
f 857/876/9 856/875/9 876/760/9
f 856/875/9 869/761/9 876/760/9
f 869/761/9 870/883/9 875/759/9
f 870/883/9 871/884/9 875/759/9
f 871/884/9 872/885/9 874/886/9
f 872/885/9 873/887/9 874/886/9
f 871/884/9 874/886/9 875/759/9
usemtl Material.039
f 917/888/6 916/889/6 914/890/6
f 910/891/6 909/892/6 890/893/6
f 910/891/6 915/894/6 916/889/6
f 926/895/6 919/896/6 925/897/6
f 940/898/6 937/899/6 930/900/6
f 935/901/6 940/898/6 938/902/6
f 953/903/6 946/904/6 947/905/6
f 960/906/6 942/907/6 957/908/6
f 970/909/6 966/910/6 967/911/6
f 961/912/6 973/913/6 962/914/6
f 976/915/6 977/916/6 974/917/6
f 979/918/6 980/919/6 978/920/6
f 978/920/6 983/921/6 979/918/6
f 986/922/6 984/923/6 985/924/6
f 991/925/6 989/926/6 990/927/6
f 993/928/6 995/929/6 992/930/6
f 996/931/6 1001/932/6 997/933/6
f 998/934/6 1003/935/6 999/936/6
f 1007/937/6 1008/938/6 1010/939/6
f 1015/940/6 1019/941/6 1016/942/6
f 1020/943/6 1017/944/6 1016/942/6
f 1015/940/6 1016/942/6 1025/945/6
f 1027/946/6 1029/947/6 1028/948/6
f 1028/948/6 1030/949/6 1027/946/6
f 1031/950/6 1033/951/6 1032/952/6
f 1035/953/6 1037/954/6 1036/955/6
f 1043/956/6 1039/957/6 1040/958/6
f 1048/959/6 1050/960/6 1040/958/6
f 1063/961/6 1064/962/6 1051/963/6
f 1066/964/6 1069/965/6 1065/966/6
f 1075/967/6 1071/968/6 1074/969/6
f 1086/970/6 1087/971/6 1080/972/6
f 877/973/6 878/974/6 914/890/6
f 878/974/6 879/975/6 917/888/6
f 914/890/6 878/974/6 917/888/6
f 879/975/6 880/976/6 917/888/6
f 880/976/6 881/977/6 917/888/6
f 881/977/6 882/978/6 917/888/6
f 882/978/6 883/979/6 917/888/6
f 883/979/6 884/980/6 918/981/6
f 884/980/6 885/982/6 918/981/6
f 885/982/6 886/983/6 918/981/6
f 886/983/6 887/984/6 918/981/6
f 907/985/6 908/986/6 914/890/6
f 908/986/6 877/973/6 914/890/6
f 905/987/6 906/988/6 914/890/6
f 906/988/6 907/985/6 914/890/6
f 903/989/6 904/990/6 913/991/6
f 904/990/6 905/987/6 914/890/6
f 913/991/6 912/992/6 903/989/6
f 916/889/6 915/894/6 914/890/6
f 914/890/6 913/991/6 904/990/6
f 883/979/6 918/981/6 917/888/6
f 902/993/6 903/989/6 912/992/6
f 902/993/6 912/992/6 901/994/6
f 912/992/6 911/995/6 898/996/6
f 900/997/6 912/992/6 899/998/6
f 900/997/6 901/994/6 912/992/6
f 898/996/6 899/998/6 912/992/6
f 896/999/6 897/1000/6 911/995/6
f 897/1000/6 898/996/6 911/995/6
f 894/1001/6 895/1002/6 911/995/6
f 895/1002/6 896/999/6 911/995/6
f 892/1003/6 893/1004/6 910/891/6
f 893/1004/6 894/1001/6 911/995/6
f 910/891/6 893/1004/6 911/995/6
f 890/893/6 891/1005/6 910/891/6
f 891/1005/6 892/1003/6 910/891/6
f 888/1006/6 889/1007/6 909/892/6
f 889/1007/6 890/893/6 909/892/6
f 918/981/6 887/984/6 909/892/6
f 887/984/6 888/1006/6 909/892/6
f 918/981/6 909/892/6 917/888/6
f 909/892/6 910/891/6 916/889/6
f 917/888/6 909/892/6 916/889/6
f 910/891/6 911/995/6 915/894/6
f 911/995/6 912/992/6 915/894/6
f 912/992/6 913/991/6 914/890/6
f 912/992/6 914/890/6 915/894/6
f 927/1008/6 928/1009/6 926/895/6
f 928/1009/6 929/1010/6 926/895/6
f 929/1010/6 919/896/6 926/895/6
f 919/896/6 920/1011/6 922/1012/6
f 920/1011/6 921/1013/6 922/1012/6
f 922/1012/6 923/1014/6 925/897/6
f 923/1014/6 924/1015/6 925/897/6
f 919/896/6 922/1012/6 925/897/6
f 930/900/6 931/1016/6 939/1017/6
f 931/1016/6 938/902/6 939/1017/6
f 939/1017/6 940/898/6 930/900/6
f 936/1018/6 937/899/6 935/901/6
f 937/899/6 940/898/6 935/901/6
f 938/902/6 931/1016/6 934/1019/6
f 931/1016/6 932/1020/6 934/1019/6
f 932/1020/6 933/1021/6 934/1019/6
f 934/1019/6 935/901/6 938/902/6
f 941/1022/6 942/907/6 950/1023/6
f 942/907/6 951/1024/6 949/1025/6
f 951/1024/6 952/1026/6 947/905/6
f 952/1026/6 953/903/6 947/905/6
f 951/1024/6 947/905/6 948/1027/6
f 953/903/6 954/1028/6 946/904/6
f 954/1028/6 955/1029/6 946/904/6
f 955/1029/6 943/1030/6 945/1031/6
f 943/1030/6 944/1032/6 945/1031/6
f 942/907/6 949/1025/6 950/1023/6
f 948/1027/6 949/1025/6 951/1024/6
f 955/1029/6 945/1031/6 946/904/6
f 942/907/6 941/1022/6 956/1033/6
f 956/1033/6 957/908/6 942/907/6
f 957/908/6 958/1034/6 960/906/6
f 958/1034/6 959/1035/6 960/906/6
f 963/1036/6 964/1037/6 968/1038/6
f 968/1038/6 969/1039/6 967/911/6
f 969/1039/6 970/909/6 967/911/6
f 970/909/6 971/1040/6 965/1041/6
f 965/1041/6 961/912/6 966/910/6
f 961/912/6 962/914/6 966/910/6
f 963/1036/6 968/1038/6 967/911/6
f 970/909/6 965/1041/6 966/910/6
f 961/912/6 972/1042/6 973/913/6
f 964/1037/6 963/1036/6 977/916/6
f 963/1036/6 974/917/6 977/916/6
f 974/917/6 975/1043/6 976/915/6
f 979/918/6 981/1044/6 980/919/6
f 978/920/6 982/1045/6 983/921/6
f 986/922/6 987/1046/6 984/923/6
f 991/925/6 988/1047/6 989/926/6
f 993/928/6 994/1048/6 995/929/6
f 996/931/6 1000/1049/6 1001/932/6
f 998/934/6 1002/1050/6 1003/935/6
f 998/934/6 999/936/6 1008/938/6
f 999/936/6 1009/1051/6 1008/938/6
f 1009/1051/6 1010/939/6 1008/938/6
f 1010/939/6 1011/1052/6 1007/937/6
f 1011/1052/6 1012/1053/6 1006/1054/6
f 1012/1053/6 1013/1055/6 1006/1054/6
f 1013/1055/6 1014/1056/6 1004/1057/6
f 1004/1057/6 996/931/6 1005/1058/6
f 996/931/6 997/933/6 1005/1058/6
f 1013/1055/6 1004/1057/6 1005/1058/6
f 1013/1055/6 1005/1058/6 1006/1054/6
f 1006/1054/6 1007/937/6 1011/1052/6
f 1015/940/6 1018/1059/6 1019/941/6
f 1020/943/6 1021/1060/6 1017/944/6
f 1016/942/6 1017/944/6 1025/945/6
f 1017/944/6 1023/1061/6 1024/1062/6
f 1025/945/6 1017/944/6 1024/1062/6
f 1025/945/6 1026/1063/6 1022/1064/6
f 1022/1064/6 1015/940/6 1025/945/6
f 1031/950/6 1034/1065/6 1033/951/6
f 1035/953/6 1038/1066/6 1037/954/6
f 1043/956/6 1044/1067/6 1039/957/6
f 1041/1068/6 1042/1069/6 1049/1070/6
f 1042/1069/6 1050/960/6 1049/1070/6
f 1039/957/6 1045/1071/6 1046/1072/6
f 1039/957/6 1046/1072/6 1040/958/6
f 1046/1072/6 1047/1073/6 1040/958/6
f 1048/959/6 1049/1070/6 1050/960/6
f 1047/1073/6 1048/959/6 1040/958/6
f 1042/1069/6 1041/1068/6 1064/962/6
f 1041/1068/6 1051/963/6 1064/962/6
f 1051/963/6 1052/1074/6 1063/961/6
f 1052/1074/6 1053/1075/6 1062/1076/6
f 1053/1075/6 1054/1077/6 1062/1076/6
f 1054/1077/6 1055/1078/6 1061/1079/6
f 1062/1076/6 1054/1077/6 1061/1079/6
f 1055/1078/6 1056/1080/6 1061/1079/6
f 1056/1080/6 1057/1081/6 1060/1082/6
f 1061/1079/6 1056/1080/6 1060/1082/6
f 1057/1081/6 1058/1083/6 1060/1082/6
f 1058/1083/6 1059/1084/6 1060/1082/6
f 1062/1076/6 1063/961/6 1052/1074/6
f 1066/964/6 1070/1085/6 1069/965/6
f 1067/1086/6 1068/1087/6 1074/969/6
f 1068/1087/6 1075/967/6 1074/969/6
f 1075/967/6 1076/1088/6 1078/1089/6
f 1076/1088/6 1077/1090/6 1078/1089/6
f 1078/1089/6 1079/1091/6 1075/967/6
f 1079/1091/6 1066/964/6 1071/968/6
f 1066/964/6 1065/966/6 1071/968/6
f 1071/968/6 1072/1092/6 1074/969/6
f 1072/1092/6 1073/1093/6 1074/969/6
f 1075/967/6 1079/1091/6 1071/968/6
f 1068/1087/6 1067/1086/6 1087/971/6
f 1067/1086/6 1080/972/6 1087/971/6
f 1080/972/6 1081/1094/6 1086/970/6
f 1081/1094/6 1082/1095/6 1086/970/6
f 1082/1095/6 1083/1096/6 1085/1097/6
f 1083/1096/6 1084/1098/6 1085/1097/6
f 1082/1095/6 1085/1097/6 1086/970/6
usemtl Material.040
f 1128/1099/8 1127/1100/8 1125/1101/8
f 1121/1102/8 1120/1103/8 1101/1104/8
f 1121/1102/8 1126/1105/8 1127/1100/8
f 1137/1106/8 1130/1107/8 1136/1108/8
f 1151/1109/8 1148/1110/8 1141/1111/8
f 1146/1112/8 1151/1109/8 1149/1113/8
f 1164/1114/8 1157/1115/8 1158/1116/8
f 1171/1117/8 1153/1118/8 1168/1119/8
f 1181/1120/8 1177/1121/8 1178/1122/8
f 1172/1123/8 1184/1124/8 1173/1125/8
f 1187/1126/8 1188/1127/8 1185/1128/8
f 1190/1129/8 1191/1130/8 1189/1131/8
f 1189/1131/8 1194/1132/8 1190/1129/8
f 1197/1133/8 1195/1134/8 1196/1135/8
f 1202/1136/8 1200/1137/8 1201/1138/8
f 1204/1139/8 1206/1140/8 1203/1141/8
f 1207/1142/8 1212/1143/8 1208/1144/8
f 1209/1145/8 1214/1146/8 1210/1147/8
f 1218/1148/8 1219/1149/8 1221/1150/8
f 1226/1151/8 1230/1152/8 1227/1153/8
f 1231/1154/8 1228/1155/8 1227/1153/8
f 1226/1151/8 1227/1153/8 1236/1156/8
f 1238/1157/8 1240/1158/8 1239/1159/8
f 1239/1159/8 1241/1160/8 1238/1157/8
f 1242/1161/8 1244/1162/8 1243/1163/8
f 1246/1164/8 1248/1165/8 1247/1166/8
f 1254/1167/8 1250/1168/8 1251/1169/8
f 1259/1170/8 1261/1171/8 1251/1169/8
f 1274/1172/8 1275/1173/8 1262/1174/8
f 1277/1175/8 1280/1176/8 1276/1177/8
f 1286/1178/8 1282/1179/8 1285/1180/8
f 1297/1181/8 1298/1182/8 1291/1183/8
f 1088/1184/8 1089/1185/8 1125/1101/8
f 1089/1185/8 1090/1186/8 1128/1099/8
f 1125/1101/8 1089/1185/8 1128/1099/8
f 1090/1186/8 1091/1187/8 1128/1099/8
f 1091/1187/8 1092/1188/8 1128/1099/8
f 1092/1188/8 1093/1189/8 1128/1099/8
f 1093/1189/8 1094/1190/8 1128/1099/8
f 1094/1190/8 1095/1191/8 1129/1192/8
f 1095/1191/8 1096/1193/8 1129/1192/8
f 1096/1193/8 1097/1194/8 1129/1192/8
f 1097/1194/8 1098/1195/8 1129/1192/8
f 1118/1196/8 1119/1197/8 1125/1101/8
f 1119/1197/8 1088/1184/8 1125/1101/8
f 1116/1198/8 1117/1199/8 1125/1101/8
f 1117/1199/8 1118/1196/8 1125/1101/8
f 1114/1200/8 1115/1201/8 1124/1202/8
f 1115/1201/8 1116/1198/8 1125/1101/8
f 1124/1202/8 1123/1203/8 1114/1200/8
f 1127/1100/8 1126/1105/8 1125/1101/8
f 1125/1101/8 1124/1202/8 1115/1201/8
f 1094/1190/8 1129/1192/8 1128/1099/8
f 1113/1204/8 1114/1200/8 1123/1203/8
f 1113/1204/8 1123/1203/8 1112/1205/8
f 1123/1203/8 1122/1206/8 1109/1207/8
f 1111/1208/8 1123/1203/8 1110/1209/8
f 1111/1208/8 1112/1205/8 1123/1203/8
f 1109/1207/8 1110/1209/8 1123/1203/8
f 1107/1210/8 1108/1211/8 1122/1206/8
f 1108/1211/8 1109/1207/8 1122/1206/8
f 1105/1212/8 1106/1213/8 1122/1206/8
f 1106/1213/8 1107/1210/8 1122/1206/8
f 1103/1214/8 1104/1215/8 1121/1102/8
f 1104/1215/8 1105/1212/8 1122/1206/8
f 1121/1102/8 1104/1215/8 1122/1206/8
f 1101/1104/8 1102/1216/8 1121/1102/8
f 1102/1216/8 1103/1214/8 1121/1102/8
f 1099/1217/8 1100/1218/8 1120/1103/8
f 1100/1218/8 1101/1104/8 1120/1103/8
f 1129/1192/8 1098/1195/8 1120/1103/8
f 1098/1195/8 1099/1217/8 1120/1103/8
f 1129/1192/8 1120/1103/8 1128/1099/8
f 1120/1103/8 1121/1102/8 1127/1100/8
f 1128/1099/8 1120/1103/8 1127/1100/8
f 1121/1102/8 1122/1206/8 1126/1105/8
f 1122/1206/8 1123/1203/8 1126/1105/8
f 1123/1203/8 1124/1202/8 1125/1101/8
f 1123/1203/8 1125/1101/8 1126/1105/8
f 1138/1219/8 1139/1220/8 1137/1106/8
f 1139/1220/8 1140/1221/8 1137/1106/8
f 1140/1221/8 1130/1107/8 1137/1106/8
f 1130/1107/8 1131/1222/8 1133/1223/8
f 1131/1222/8 1132/1224/8 1133/1223/8
f 1133/1223/8 1134/1225/8 1136/1108/8
f 1134/1225/8 1135/1226/8 1136/1108/8
f 1130/1107/8 1133/1223/8 1136/1108/8
f 1141/1111/8 1142/1227/8 1150/1228/8
f 1142/1227/8 1149/1113/8 1150/1228/8
f 1150/1228/8 1151/1109/8 1141/1111/8
f 1147/1229/8 1148/1110/8 1146/1112/8
f 1148/1110/8 1151/1109/8 1146/1112/8
f 1149/1113/8 1142/1227/8 1145/1230/8
f 1142/1227/8 1143/1231/8 1145/1230/8
f 1143/1231/8 1144/1232/8 1145/1230/8
f 1145/1230/8 1146/1112/8 1149/1113/8
f 1152/1233/8 1153/1118/8 1161/1234/8
f 1153/1118/8 1162/1235/8 1160/1236/8
f 1162/1235/8 1163/1237/8 1158/1116/8
f 1163/1237/8 1164/1114/8 1158/1116/8
f 1162/1235/8 1158/1116/8 1159/1238/8
f 1164/1114/8 1165/1239/8 1157/1115/8
f 1165/1239/8 1166/1240/8 1157/1115/8
f 1166/1240/8 1154/1241/8 1156/1242/8
f 1154/1241/8 1155/1243/8 1156/1242/8
f 1153/1118/8 1160/1236/8 1161/1234/8
f 1159/1238/8 1160/1236/8 1162/1235/8
f 1166/1240/8 1156/1242/8 1157/1115/8
f 1153/1118/8 1152/1233/8 1167/1244/8
f 1167/1244/8 1168/1119/8 1153/1118/8
f 1168/1119/8 1169/1245/8 1171/1117/8
f 1169/1245/8 1170/1246/8 1171/1117/8
f 1174/1247/8 1175/1248/8 1179/1249/8
f 1179/1249/8 1180/1250/8 1178/1122/8
f 1180/1250/8 1181/1120/8 1178/1122/8
f 1181/1120/8 1182/1251/8 1176/1252/8
f 1176/1252/8 1172/1123/8 1177/1121/8
f 1172/1123/8 1173/1125/8 1177/1121/8
f 1174/1247/8 1179/1249/8 1178/1122/8
f 1181/1120/8 1176/1252/8 1177/1121/8
f 1172/1123/8 1183/1253/8 1184/1124/8
f 1175/1248/8 1174/1247/8 1188/1127/8
f 1174/1247/8 1185/1128/8 1188/1127/8
f 1185/1128/8 1186/1254/8 1187/1126/8
f 1190/1129/8 1192/1255/8 1191/1130/8
f 1189/1131/8 1193/1256/8 1194/1132/8
f 1197/1133/8 1198/1257/8 1195/1134/8
f 1202/1136/8 1199/1258/8 1200/1137/8
f 1204/1139/8 1205/1259/8 1206/1140/8
f 1207/1142/8 1211/1260/8 1212/1143/8
f 1209/1145/8 1213/1261/8 1214/1146/8
f 1209/1145/8 1210/1147/8 1219/1149/8
f 1210/1147/8 1220/1262/8 1219/1149/8
f 1220/1262/8 1221/1150/8 1219/1149/8
f 1221/1150/8 1222/1263/8 1218/1148/8
f 1222/1263/8 1223/1264/8 1217/1265/8
f 1223/1264/8 1224/1266/8 1217/1265/8
f 1224/1266/8 1225/1267/8 1215/1268/8
f 1215/1268/8 1207/1142/8 1216/1269/8
f 1207/1142/8 1208/1144/8 1216/1269/8
f 1224/1266/8 1215/1268/8 1216/1269/8
f 1224/1266/8 1216/1269/8 1217/1265/8
f 1217/1265/8 1218/1148/8 1222/1263/8
f 1226/1151/8 1229/1270/8 1230/1152/8
f 1231/1154/8 1232/1271/8 1228/1155/8
f 1227/1153/8 1228/1155/8 1236/1156/8
f 1228/1155/8 1234/1272/8 1235/1273/8
f 1236/1156/8 1228/1155/8 1235/1273/8
f 1236/1156/8 1237/1274/8 1233/1275/8
f 1233/1275/8 1226/1151/8 1236/1156/8
f 1242/1161/8 1245/1276/8 1244/1162/8
f 1246/1164/8 1249/1277/8 1248/1165/8
f 1254/1167/8 1255/1278/8 1250/1168/8
f 1252/1279/8 1253/1280/8 1260/1281/8
f 1253/1280/8 1261/1171/8 1260/1281/8
f 1250/1168/8 1256/1282/8 1257/1283/8
f 1250/1168/8 1257/1283/8 1251/1169/8
f 1257/1283/8 1258/1284/8 1251/1169/8
f 1259/1170/8 1260/1281/8 1261/1171/8
f 1258/1284/8 1259/1170/8 1251/1169/8
f 1253/1280/8 1252/1279/8 1275/1173/8
f 1252/1279/8 1262/1174/8 1275/1173/8
f 1262/1174/8 1263/1285/8 1274/1172/8
f 1263/1285/8 1264/1286/8 1273/1287/8
f 1264/1286/8 1265/1288/8 1273/1287/8
f 1265/1288/8 1266/1289/8 1272/1290/8
f 1273/1287/8 1265/1288/8 1272/1290/8
f 1266/1289/8 1267/1291/8 1272/1290/8
f 1267/1291/8 1268/1292/8 1271/1293/8
f 1272/1290/8 1267/1291/8 1271/1293/8
f 1268/1292/8 1269/1294/8 1271/1293/8
f 1269/1294/8 1270/1295/8 1271/1293/8
f 1273/1287/8 1274/1172/8 1263/1285/8
f 1277/1175/8 1281/1296/8 1280/1176/8
f 1278/1297/8 1279/1298/8 1285/1180/8
f 1279/1298/8 1286/1178/8 1285/1180/8
f 1286/1178/8 1287/1299/8 1289/1300/8
f 1287/1299/8 1288/1301/8 1289/1300/8
f 1289/1300/8 1290/1302/8 1286/1178/8
f 1290/1302/8 1277/1175/8 1282/1179/8
f 1277/1175/8 1276/1177/8 1282/1179/8
f 1282/1179/8 1283/1303/8 1285/1180/8
f 1283/1303/8 1284/1304/8 1285/1180/8
f 1286/1178/8 1290/1302/8 1282/1179/8
f 1279/1298/8 1278/1297/8 1298/1182/8
f 1278/1297/8 1291/1183/8 1298/1182/8
f 1291/1183/8 1292/1305/8 1297/1181/8
f 1292/1305/8 1293/1306/8 1297/1181/8
f 1293/1306/8 1294/1307/8 1296/1308/8
f 1294/1307/8 1295/1309/8 1296/1308/8
f 1293/1306/8 1296/1308/8 1297/1181/8
usemtl Material.041
f 1339/1310/6 1338/1311/6 1336/1312/6
f 1332/1313/6 1331/1314/6 1312/1315/6
f 1332/1313/6 1337/1316/6 1338/1311/6
f 1348/1317/6 1341/1318/6 1347/1319/6
f 1362/1320/6 1359/1321/6 1352/1322/6
f 1357/1323/6 1362/1320/6 1360/1324/6
f 1375/1325/6 1368/1326/6 1369/1327/6
f 1382/1328/6 1364/1329/6 1379/1330/6
f 1392/1331/6 1388/1332/6 1389/1333/6
f 1383/1334/6 1395/1335/6 1384/1336/6
f 1398/1337/6 1399/1338/6 1396/1339/6
f 1401/1340/6 1402/1341/6 1400/1342/6
f 1400/1342/6 1405/1343/6 1401/1340/6
f 1408/1344/6 1406/1345/6 1407/1346/6
f 1413/1347/6 1411/1348/6 1412/1349/6
f 1415/1350/6 1417/1351/6 1414/1352/6
f 1418/1353/6 1423/1354/6 1419/1355/6
f 1420/1356/6 1425/1357/6 1421/1358/6
f 1429/1359/6 1430/1360/6 1432/1361/6
f 1437/1362/6 1441/1363/6 1438/1364/6
f 1442/1365/6 1439/1366/6 1438/1364/6
f 1437/1362/6 1438/1364/6 1447/1367/6
f 1449/1368/6 1451/1369/6 1450/1370/6
f 1450/1370/6 1452/1371/6 1449/1368/6
f 1453/1372/6 1455/1373/6 1454/1374/6
f 1457/1375/6 1459/1376/6 1458/1377/6
f 1465/1378/6 1461/1379/6 1462/1380/6
f 1470/1381/6 1472/1382/6 1462/1380/6
f 1485/1383/6 1486/1384/6 1473/1385/6
f 1488/1386/6 1491/1387/6 1487/1388/6
f 1497/1389/6 1493/1390/6 1496/1391/6
f 1508/1392/6 1509/1393/6 1502/1394/6
f 1299/1395/6 1300/1396/6 1336/1312/6
f 1300/1396/6 1301/1397/6 1339/1310/6
f 1336/1312/6 1300/1396/6 1339/1310/6
f 1301/1397/6 1302/1398/6 1339/1310/6
f 1302/1398/6 1303/1399/6 1339/1310/6
f 1303/1399/6 1304/1400/6 1339/1310/6
f 1304/1400/6 1305/1401/6 1339/1310/6
f 1305/1401/6 1306/1402/6 1340/1403/6
f 1306/1402/6 1307/1404/6 1340/1403/6
f 1307/1404/6 1308/1405/6 1340/1403/6
f 1308/1405/6 1309/1406/6 1340/1403/6
f 1329/1407/6 1330/1408/6 1336/1312/6
f 1330/1408/6 1299/1395/6 1336/1312/6
f 1327/1409/6 1328/1410/6 1336/1312/6
f 1328/1410/6 1329/1407/6 1336/1312/6
f 1325/1411/6 1326/1412/6 1335/1413/6
f 1326/1412/6 1327/1409/6 1336/1312/6
f 1335/1413/6 1334/1414/6 1325/1411/6
f 1338/1311/6 1337/1316/6 1336/1312/6
f 1336/1312/6 1335/1413/6 1326/1412/6
f 1305/1401/6 1340/1403/6 1339/1310/6
f 1324/1415/6 1325/1411/6 1334/1414/6
f 1324/1415/6 1334/1414/6 1323/1416/6
f 1334/1414/6 1333/1417/6 1320/1418/6
f 1322/1419/6 1334/1414/6 1321/1420/6
f 1322/1419/6 1323/1416/6 1334/1414/6
f 1320/1418/6 1321/1420/6 1334/1414/6
f 1318/1421/6 1319/1422/6 1333/1417/6
f 1319/1422/6 1320/1418/6 1333/1417/6
f 1316/1423/6 1317/1424/6 1333/1417/6
f 1317/1424/6 1318/1421/6 1333/1417/6
f 1314/1425/6 1315/1426/6 1332/1313/6
f 1315/1426/6 1316/1423/6 1333/1417/6
f 1332/1313/6 1315/1426/6 1333/1417/6
f 1312/1315/6 1313/1427/6 1332/1313/6
f 1313/1427/6 1314/1425/6 1332/1313/6
f 1310/1428/6 1311/1429/6 1331/1314/6
f 1311/1429/6 1312/1315/6 1331/1314/6
f 1340/1403/6 1309/1406/6 1331/1314/6
f 1309/1406/6 1310/1428/6 1331/1314/6
f 1340/1403/6 1331/1314/6 1339/1310/6
f 1331/1314/6 1332/1313/6 1338/1311/6
f 1339/1310/6 1331/1314/6 1338/1311/6
f 1332/1313/6 1333/1417/6 1337/1316/6
f 1333/1417/6 1334/1414/6 1337/1316/6
f 1334/1414/6 1335/1413/6 1336/1312/6
f 1334/1414/6 1336/1312/6 1337/1316/6
f 1349/1430/6 1350/1431/6 1348/1317/6
f 1350/1431/6 1351/1432/6 1348/1317/6
f 1351/1432/6 1341/1318/6 1348/1317/6
f 1341/1318/6 1342/1433/6 1344/1434/6
f 1342/1433/6 1343/1435/6 1344/1434/6
f 1344/1434/6 1345/1436/6 1347/1319/6
f 1345/1436/6 1346/1437/6 1347/1319/6
f 1341/1318/6 1344/1434/6 1347/1319/6
f 1352/1322/6 1353/1438/6 1361/1439/6
f 1353/1438/6 1360/1324/6 1361/1439/6
f 1361/1439/6 1362/1320/6 1352/1322/6
f 1358/1440/6 1359/1321/6 1357/1323/6
f 1359/1321/6 1362/1320/6 1357/1323/6
f 1360/1324/6 1353/1438/6 1356/1441/6
f 1353/1438/6 1354/1442/6 1356/1441/6
f 1354/1442/6 1355/1443/6 1356/1441/6
f 1356/1441/6 1357/1323/6 1360/1324/6
f 1363/1444/6 1364/1329/6 1372/1445/6
f 1364/1329/6 1373/1446/6 1371/1447/6
f 1373/1446/6 1374/1448/6 1369/1327/6
f 1374/1448/6 1375/1325/6 1369/1327/6
f 1373/1446/6 1369/1327/6 1370/1449/6
f 1375/1325/6 1376/1450/6 1368/1326/6
f 1376/1450/6 1377/1451/6 1368/1326/6
f 1377/1451/6 1365/1452/6 1367/1453/6
f 1365/1452/6 1366/1454/6 1367/1453/6
f 1364/1329/6 1371/1447/6 1372/1445/6
f 1370/1449/6 1371/1447/6 1373/1446/6
f 1377/1451/6 1367/1453/6 1368/1326/6
f 1364/1329/6 1363/1444/6 1378/1455/6
f 1378/1455/6 1379/1330/6 1364/1329/6
f 1379/1330/6 1380/1456/6 1382/1328/6
f 1380/1456/6 1381/1457/6 1382/1328/6
f 1385/1458/6 1386/1459/6 1390/1460/6
f 1390/1460/6 1391/1461/6 1389/1333/6
f 1391/1461/6 1392/1331/6 1389/1333/6
f 1392/1331/6 1393/1462/6 1387/1463/6
f 1387/1463/6 1383/1334/6 1388/1332/6
f 1383/1334/6 1384/1336/6 1388/1332/6
f 1385/1458/6 1390/1460/6 1389/1333/6
f 1392/1331/6 1387/1463/6 1388/1332/6
f 1383/1334/6 1394/1464/6 1395/1335/6
f 1386/1459/6 1385/1458/6 1399/1338/6
f 1385/1458/6 1396/1339/6 1399/1338/6
f 1396/1339/6 1397/1465/6 1398/1337/6
f 1401/1340/6 1403/1466/6 1402/1341/6
f 1400/1342/6 1404/1467/6 1405/1343/6
f 1408/1344/6 1409/1468/6 1406/1345/6
f 1413/1347/6 1410/1469/6 1411/1348/6
f 1415/1350/6 1416/1470/6 1417/1351/6
f 1418/1353/6 1422/1471/6 1423/1354/6
f 1420/1356/6 1424/1472/6 1425/1357/6
f 1420/1356/6 1421/1358/6 1430/1360/6
f 1421/1358/6 1431/1473/6 1430/1360/6
f 1431/1473/6 1432/1361/6 1430/1360/6
f 1432/1361/6 1433/1474/6 1429/1359/6
f 1433/1474/6 1434/1475/6 1428/1476/6
f 1434/1475/6 1435/1477/6 1428/1476/6
f 1435/1477/6 1436/1478/6 1426/1479/6
f 1426/1479/6 1418/1353/6 1427/1480/6
f 1418/1353/6 1419/1355/6 1427/1480/6
f 1435/1477/6 1426/1479/6 1427/1480/6
f 1435/1477/6 1427/1480/6 1428/1476/6
f 1428/1476/6 1429/1359/6 1433/1474/6
f 1437/1362/6 1440/1481/6 1441/1363/6
f 1442/1365/6 1443/1482/6 1439/1366/6
f 1438/1364/6 1439/1366/6 1447/1367/6
f 1439/1366/6 1445/1483/6 1446/1484/6
f 1447/1367/6 1439/1366/6 1446/1484/6
f 1447/1367/6 1448/1485/6 1444/1486/6
f 1444/1486/6 1437/1362/6 1447/1367/6
f 1453/1372/6 1456/1487/6 1455/1373/6
f 1457/1375/6 1460/1488/6 1459/1376/6
f 1465/1378/6 1466/1489/6 1461/1379/6
f 1463/1490/6 1464/1491/6 1471/1492/6
f 1464/1491/6 1472/1382/6 1471/1492/6
f 1461/1379/6 1467/1493/6 1468/1494/6
f 1461/1379/6 1468/1494/6 1462/1380/6
f 1468/1494/6 1469/1495/6 1462/1380/6
f 1470/1381/6 1471/1492/6 1472/1382/6
f 1469/1495/6 1470/1381/6 1462/1380/6
f 1464/1491/6 1463/1490/6 1486/1384/6
f 1463/1490/6 1473/1385/6 1486/1384/6
f 1473/1385/6 1474/1496/6 1485/1383/6
f 1474/1496/6 1475/1497/6 1484/1498/6
f 1475/1497/6 1476/1499/6 1484/1498/6
f 1476/1499/6 1477/1500/6 1483/1501/6
f 1484/1498/6 1476/1499/6 1483/1501/6
f 1477/1500/6 1478/1502/6 1483/1501/6
f 1478/1502/6 1479/1503/6 1482/1504/6
f 1483/1501/6 1478/1502/6 1482/1504/6
f 1479/1503/6 1480/1505/6 1482/1504/6
f 1480/1505/6 1481/1506/6 1482/1504/6
f 1484/1498/6 1485/1383/6 1474/1496/6
f 1488/1386/6 1492/1507/6 1491/1387/6
f 1489/1508/6 1490/1509/6 1496/1391/6
f 1490/1509/6 1497/1389/6 1496/1391/6
f 1497/1389/6 1498/1510/6 1500/1511/6
f 1498/1510/6 1499/1512/6 1500/1511/6
f 1500/1511/6 1501/1513/6 1497/1389/6
f 1501/1513/6 1488/1386/6 1493/1390/6
f 1488/1386/6 1487/1388/6 1493/1390/6
f 1493/1390/6 1494/1514/6 1496/1391/6
f 1494/1514/6 1495/1515/6 1496/1391/6
f 1497/1389/6 1501/1513/6 1493/1390/6
f 1490/1509/6 1489/1508/6 1509/1393/6
f 1489/1508/6 1502/1394/6 1509/1393/6
f 1502/1394/6 1503/1516/6 1508/1392/6
f 1503/1516/6 1504/1517/6 1508/1392/6
f 1504/1517/6 1505/1518/6 1507/1519/6
f 1505/1518/6 1506/1520/6 1507/1519/6
f 1504/1517/6 1507/1519/6 1508/1392/6
usemtl Material.042
f 1550/1521/8 1549/1522/8 1547/1523/8
f 1543/1524/8 1542/1525/8 1523/1526/8
f 1543/1524/8 1548/1527/8 1549/1522/8
f 1559/1528/8 1552/1529/8 1558/1530/8
f 1573/1531/8 1570/1532/8 1563/1533/8
f 1568/1534/8 1573/1531/8 1571/1535/8
f 1586/1536/8 1579/1537/8 1580/1538/8
f 1593/1539/8 1575/1540/8 1590/1541/8
f 1603/1542/8 1599/1543/8 1600/1544/8
f 1594/1545/8 1606/1546/8 1595/1547/8
f 1609/1548/8 1610/1549/8 1607/1550/8
f 1612/1551/8 1613/1552/8 1611/1553/8
f 1611/1553/8 1616/1554/8 1612/1551/8
f 1619/1555/8 1617/1556/8 1618/1557/8
f 1624/1558/8 1622/1559/8 1623/1560/8
f 1626/1561/8 1628/1562/8 1625/1563/8
f 1629/1564/8 1634/1565/8 1630/1566/8
f 1631/1567/8 1636/1568/8 1632/1569/8
f 1640/1570/8 1641/1571/8 1643/1572/8
f 1648/1573/8 1652/1574/8 1649/1575/8
f 1653/1576/8 1650/1577/8 1649/1575/8
f 1648/1573/8 1649/1575/8 1658/1578/8
f 1660/1579/8 1662/1580/8 1661/1581/8
f 1661/1581/8 1663/1582/8 1660/1579/8
f 1664/1583/8 1666/1584/8 1665/1585/8
f 1668/1586/8 1670/1587/8 1669/1588/8
f 1676/1589/8 1672/1590/8 1673/1591/8
f 1681/1592/8 1683/1593/8 1673/1591/8
f 1696/1594/8 1697/1595/8 1684/1596/8
f 1699/1597/8 1702/1598/8 1698/1599/8
f 1708/1600/8 1704/1601/8 1707/1602/8
f 1719/1603/8 1720/1604/8 1713/1605/8
f 1510/1606/8 1511/1607/8 1547/1523/8
f 1511/1607/8 1512/1608/8 1550/1521/8
f 1547/1523/8 1511/1607/8 1550/1521/8
f 1512/1608/8 1513/1609/8 1550/1521/8
f 1513/1609/8 1514/1610/8 1550/1521/8
f 1514/1610/8 1515/1611/8 1550/1521/8
f 1515/1611/8 1516/1612/8 1550/1521/8
f 1516/1612/8 1517/1613/8 1551/1614/8
f 1517/1613/8 1518/1615/8 1551/1614/8
f 1518/1615/8 1519/1616/8 1551/1614/8
f 1519/1616/8 1520/1617/8 1551/1614/8
f 1540/1618/8 1541/1619/8 1547/1523/8
f 1541/1619/8 1510/1606/8 1547/1523/8
f 1538/1620/8 1539/1621/8 1547/1523/8
f 1539/1621/8 1540/1618/8 1547/1523/8
f 1536/1622/8 1537/1623/8 1546/1624/8
f 1537/1623/8 1538/1620/8 1547/1523/8
f 1546/1624/8 1545/1625/8 1536/1622/8
f 1549/1522/8 1548/1527/8 1547/1523/8
f 1547/1523/8 1546/1624/8 1537/1623/8
f 1516/1612/8 1551/1614/8 1550/1521/8
f 1535/1626/8 1536/1622/8 1545/1625/8
f 1535/1626/8 1545/1625/8 1534/1627/8
f 1545/1625/8 1544/1628/8 1531/1629/8
f 1533/1630/8 1545/1625/8 1532/1631/8
f 1533/1630/8 1534/1627/8 1545/1625/8
f 1531/1629/8 1532/1631/8 1545/1625/8
f 1529/1632/8 1530/1633/8 1544/1628/8
f 1530/1633/8 1531/1629/8 1544/1628/8
f 1527/1634/8 1528/1635/8 1544/1628/8
f 1528/1635/8 1529/1632/8 1544/1628/8
f 1525/1636/8 1526/1637/8 1543/1524/8
f 1526/1637/8 1527/1634/8 1544/1628/8
f 1543/1524/8 1526/1637/8 1544/1628/8
f 1523/1526/8 1524/1638/8 1543/1524/8
f 1524/1638/8 1525/1636/8 1543/1524/8
f 1521/1639/8 1522/1640/8 1542/1525/8
f 1522/1640/8 1523/1526/8 1542/1525/8
f 1551/1614/8 1520/1617/8 1542/1525/8
f 1520/1617/8 1521/1639/8 1542/1525/8
f 1551/1614/8 1542/1525/8 1550/1521/8
f 1542/1525/8 1543/1524/8 1549/1522/8
f 1550/1521/8 1542/1525/8 1549/1522/8
f 1543/1524/8 1544/1628/8 1548/1527/8
f 1544/1628/8 1545/1625/8 1548/1527/8
f 1545/1625/8 1546/1624/8 1547/1523/8
f 1545/1625/8 1547/1523/8 1548/1527/8
f 1560/1641/8 1561/1642/8 1559/1528/8
f 1561/1642/8 1562/1643/8 1559/1528/8
f 1562/1643/8 1552/1529/8 1559/1528/8
f 1552/1529/8 1553/1644/8 1555/1645/8
f 1553/1644/8 1554/1646/8 1555/1645/8
f 1555/1645/8 1556/1647/8 1558/1530/8
f 1556/1647/8 1557/1648/8 1558/1530/8
f 1552/1529/8 1555/1645/8 1558/1530/8
f 1563/1533/8 1564/1649/8 1572/1650/8
f 1564/1649/8 1571/1535/8 1572/1650/8
f 1572/1650/8 1573/1531/8 1563/1533/8
f 1569/1651/8 1570/1532/8 1568/1534/8
f 1570/1532/8 1573/1531/8 1568/1534/8
f 1571/1535/8 1564/1649/8 1567/1652/8
f 1564/1649/8 1565/1653/8 1567/1652/8
f 1565/1653/8 1566/1654/8 1567/1652/8
f 1567/1652/8 1568/1534/8 1571/1535/8
f 1574/1655/8 1575/1540/8 1583/1656/8
f 1575/1540/8 1584/1657/8 1582/1658/8
f 1584/1657/8 1585/1659/8 1580/1538/8
f 1585/1659/8 1586/1536/8 1580/1538/8
f 1584/1657/8 1580/1538/8 1581/1660/8
f 1586/1536/8 1587/1661/8 1579/1537/8
f 1587/1661/8 1588/1662/8 1579/1537/8
f 1588/1662/8 1576/1663/8 1578/1664/8
f 1576/1663/8 1577/1665/8 1578/1664/8
f 1575/1540/8 1582/1658/8 1583/1656/8
f 1581/1660/8 1582/1658/8 1584/1657/8
f 1588/1662/8 1578/1664/8 1579/1537/8
f 1575/1540/8 1574/1655/8 1589/1666/8
f 1589/1666/8 1590/1541/8 1575/1540/8
f 1590/1541/8 1591/1667/8 1593/1539/8
f 1591/1667/8 1592/1668/8 1593/1539/8
f 1596/1669/8 1597/1670/8 1601/1671/8
f 1601/1671/8 1602/1672/8 1600/1544/8
f 1602/1672/8 1603/1542/8 1600/1544/8
f 1603/1542/8 1604/1673/8 1598/1674/8
f 1598/1674/8 1594/1545/8 1599/1543/8
f 1594/1545/8 1595/1547/8 1599/1543/8
f 1596/1669/8 1601/1671/8 1600/1544/8
f 1603/1542/8 1598/1674/8 1599/1543/8
f 1594/1545/8 1605/1675/8 1606/1546/8
f 1597/1670/8 1596/1669/8 1610/1549/8
f 1596/1669/8 1607/1550/8 1610/1549/8
f 1607/1550/8 1608/1676/8 1609/1548/8
f 1612/1551/8 1614/1677/8 1613/1552/8
f 1611/1553/8 1615/1678/8 1616/1554/8
f 1619/1555/8 1620/1679/8 1617/1556/8
f 1624/1558/8 1621/1680/8 1622/1559/8
f 1626/1561/8 1627/1681/8 1628/1562/8
f 1629/1564/8 1633/1682/8 1634/1565/8
f 1631/1567/8 1635/1683/8 1636/1568/8
f 1631/1567/8 1632/1569/8 1641/1571/8
f 1632/1569/8 1642/1684/8 1641/1571/8
f 1642/1684/8 1643/1572/8 1641/1571/8
f 1643/1572/8 1644/1685/8 1640/1570/8
f 1644/1685/8 1645/1686/8 1639/1687/8
f 1645/1686/8 1646/1688/8 1639/1687/8
f 1646/1688/8 1647/1689/8 1637/1690/8
f 1637/1690/8 1629/1564/8 1638/1691/8
f 1629/1564/8 1630/1566/8 1638/1691/8
f 1646/1688/8 1637/1690/8 1638/1691/8
f 1646/1688/8 1638/1691/8 1639/1687/8
f 1639/1687/8 1640/1570/8 1644/1685/8
f 1648/1573/8 1651/1692/8 1652/1574/8
f 1653/1576/8 1654/1693/8 1650/1577/8
f 1649/1575/8 1650/1577/8 1658/1578/8
f 1650/1577/8 1656/1694/8 1657/1695/8
f 1658/1578/8 1650/1577/8 1657/1695/8
f 1658/1578/8 1659/1696/8 1655/1697/8
f 1655/1697/8 1648/1573/8 1658/1578/8
f 1664/1583/8 1667/1698/8 1666/1584/8
f 1668/1586/8 1671/1699/8 1670/1587/8
f 1676/1589/8 1677/1700/8 1672/1590/8
f 1674/1701/8 1675/1702/8 1682/1703/8
f 1675/1702/8 1683/1593/8 1682/1703/8
f 1672/1590/8 1678/1704/8 1679/1705/8
f 1672/1590/8 1679/1705/8 1673/1591/8
f 1679/1705/8 1680/1706/8 1673/1591/8
f 1681/1592/8 1682/1703/8 1683/1593/8
f 1680/1706/8 1681/1592/8 1673/1591/8
f 1675/1702/8 1674/1701/8 1697/1595/8
f 1674/1701/8 1684/1596/8 1697/1595/8
f 1684/1596/8 1685/1707/8 1696/1594/8
f 1685/1707/8 1686/1708/8 1695/1709/8
f 1686/1708/8 1687/1710/8 1695/1709/8
f 1687/1710/8 1688/1711/8 1694/1712/8
f 1695/1709/8 1687/1710/8 1694/1712/8
f 1688/1711/8 1689/1713/8 1694/1712/8
f 1689/1713/8 1690/1714/8 1693/1715/8
f 1694/1712/8 1689/1713/8 1693/1715/8
f 1690/1714/8 1691/1716/8 1693/1715/8
f 1691/1716/8 1692/1717/8 1693/1715/8
f 1695/1709/8 1696/1594/8 1685/1707/8
f 1699/1597/8 1703/1718/8 1702/1598/8
f 1700/1719/8 1701/1720/8 1707/1602/8
f 1701/1720/8 1708/1600/8 1707/1602/8
f 1708/1600/8 1709/1721/8 1711/1722/8
f 1709/1721/8 1710/1723/8 1711/1722/8
f 1711/1722/8 1712/1724/8 1708/1600/8
f 1712/1724/8 1699/1597/8 1704/1601/8
f 1699/1597/8 1698/1599/8 1704/1601/8
f 1704/1601/8 1705/1725/8 1707/1602/8
f 1705/1725/8 1706/1726/8 1707/1602/8
f 1708/1600/8 1712/1724/8 1704/1601/8
f 1701/1720/8 1700/1719/8 1720/1604/8
f 1700/1719/8 1713/1605/8 1720/1604/8
f 1713/1605/8 1714/1727/8 1719/1603/8
f 1714/1727/8 1715/1728/8 1719/1603/8
f 1715/1728/8 1716/1729/8 1718/1730/8
f 1716/1729/8 1717/1731/8 1718/1730/8
f 1715/1728/8 1718/1730/8 1719/1603/8
