# Blender v3.1.2 OBJ File: ''
# www.blender.org
mtllib keshiskeletons1.mtl
o defaultMat.001_defaultMat.006
v -62.034138 26.099001 -158.781784
v -65.469696 32.153702 -176.124954
v -74.428139 32.672699 -164.237381
v -63.071037 31.247299 -165.608398
v -58.883739 29.868500 -180.500717
v -57.053741 19.313299 -196.113083
v -51.451839 25.266199 -170.715576
v -74.428139 25.301201 -188.253174
v -74.428139 32.924400 -175.402267
v -74.428139 14.944400 -200.286880
v -65.746681 15.685500 -198.156281
v -63.724136 24.484699 -187.496979
v -64.094536 22.208700 -184.642883
v -55.744438 21.351801 -171.578568
v -55.705238 7.948260 -188.944275
v -83.386452 32.153702 -176.124954
v -91.802437 19.313299 -196.113083
v -83.109482 15.685500 -198.156281
v -85.785042 31.247299 -165.608398
v -74.428139 28.007099 -156.449081
v -85.132042 24.484699 -187.496979
v -89.972443 29.868500 -180.500717
v -97.404343 25.266199 -170.715576
v -59.974541 291.609009 -223.447586
v -54.135639 285.860992 -225.085785
v -60.458340 263.475006 -243.884781
v -59.864937 270.585999 -206.759079
v -57.865837 289.815002 -217.197784
v -69.347450 291.609985 -240.489990
v -69.788002 289.816986 -249.394684
v -69.211281 294.209991 -214.423889
v -69.097878 291.299988 -216.999481
v -69.365517 294.881989 -224.418488
v -68.121437 298.681000 -232.065781
v -60.258839 290.904999 -231.589783
v -60.177940 290.145996 -224.302078
v -53.983540 264.101990 -217.051682
v -69.245461 285.717987 -246.214478
v -69.901161 278.368011 -250.181671
v -66.944130 288.183990 -247.176682
v -65.293007 261.497986 -247.684082
v -65.689682 269.421997 -203.766983
v -74.428139 285.244995 -210.994873
v -69.544716 285.619995 -210.877472
v -66.982521 294.058014 -214.336777
v -69.356606 298.493988 -222.717590
v -69.706276 295.247986 -232.974777
v -58.883739 29.519199 -171.767517
v -56.985741 30.742901 -190.370285
v -65.465858 285.865997 -244.993286
v -67.432350 294.135986 -240.157684
v -65.401588 291.579987 -239.342987
v -65.643723 264.148987 -246.353180
v -61.149940 265.174011 -241.891983
v -59.859138 283.627991 -242.173981
v -59.938141 288.485992 -236.933990
v -59.645340 292.237000 -214.898087
v -59.682037 288.230011 -218.333679
v -59.132439 270.752014 -210.208679
v -65.383522 270.170013 -206.488373
v -66.069382 290.885010 -216.514191
v -65.950111 294.289001 -224.028473
v -66.134010 294.221985 -231.766479
v -65.119850 297.540985 -222.839172
v -66.905312 297.941986 -231.950577
v -61.664940 30.302000 -180.959427
v -57.029739 33.323101 -181.185760
v -59.234238 29.344801 -189.255386
v -55.199936 261.477997 -220.939087
v -56.366341 265.855988 -217.684982
v -55.984940 263.467010 -228.664673
v -58.156239 263.651001 -221.180389
v -92.871239 263.467010 -228.664673
v -90.699936 263.651001 -221.180389
v -88.397842 263.475006 -243.884781
v -88.991241 270.585999 -206.759079
v -79.610703 285.717987 -246.214478
v -79.490639 294.881989 -224.418488
v -83.454567 291.579987 -239.342987
v -88.597237 290.904999 -231.589783
v -88.918037 288.485992 -236.933990
v -83.390297 285.865997 -244.993286
v -87.706238 265.174011 -241.891983
v -89.723740 270.752014 -210.208679
v -83.472626 270.170013 -206.488373
v -89.174141 288.230011 -218.333679
v -82.786781 290.885010 -216.514191
v -74.428139 291.171997 -239.675079
v -81.423805 294.135986 -240.157684
v -79.508713 291.609985 -240.489990
v -74.428139 285.556000 -245.177078
v -74.428139 278.328003 -249.209076
v -78.955002 278.368011 -250.181671
v -83.166481 269.421997 -203.766983
v -79.758278 291.299988 -216.999481
v -79.311440 285.619995 -210.877472
v -81.873642 294.058014 -214.336777
v -74.428139 289.326996 -217.477081
v -79.644882 294.209991 -214.423889
v -79.499550 298.493988 -222.717590
v -83.736313 297.540985 -222.839172
v -79.149879 295.247986 -232.974777
v -74.428139 296.013000 -232.860184
v -74.428139 296.321014 -223.310883
v -81.950851 297.941986 -231.950577
v -80.734718 298.681000 -232.065781
v -89.972443 29.519199 -171.767517
v -91.870438 30.742901 -190.370285
v -82.722153 294.221985 -231.766479
v -83.212440 264.148987 -246.353180
v -88.996941 283.627991 -242.173981
v -88.678238 290.145996 -224.302078
v -82.906052 294.289001 -224.028473
v -91.826439 33.323101 -181.185760
v -89.621941 29.344801 -189.255386
v -87.191238 30.302000 -180.959427
v -92.489738 265.855988 -217.684982
v -93.656235 261.477997 -220.939087
v -60.905338 314.912994 -219.554474
v -63.264641 319.972992 -230.827789
v -61.533340 316.471985 -234.200287
v -61.088238 311.522003 -237.770782
v -62.610237 319.048004 -224.982574
v -61.507339 318.006012 -224.994186
v -60.405937 320.807007 -229.585983
v -62.191639 311.585999 -237.201279
v -62.431938 314.825012 -220.259888
v -74.428078 319.755005 -222.878174
v -71.372047 322.362000 -229.757690
v -70.569557 319.645996 -224.440979
v -71.693092 317.941986 -235.057281
v -74.428078 317.385986 -237.050278
v -69.876930 311.300995 -241.454987
v -69.916969 315.386993 -216.537277
v -74.428078 315.148010 -216.523987
v -78.939186 315.386993 -216.537277
v -74.428078 319.920013 -229.943085
v -78.286598 319.645996 -224.440979
v -77.484108 322.362000 -229.757690
v -77.163055 317.941986 -235.057281
v -74.428078 311.191986 -241.341888
v -78.979225 311.300995 -241.454987
v -85.591537 319.972992 -230.827789
v -88.450142 320.807007 -229.585983
v -86.245842 319.048004 -224.982574
v -87.767937 311.522003 -237.770782
v -86.664536 311.585999 -237.201279
v -85.684135 315.665009 -233.302673
v -87.322838 316.471985 -234.200287
v -87.950836 314.912994 -219.554474
v -87.348839 318.006012 -224.994186
v -86.424240 314.825012 -220.259888
v -71.438332 343.447998 -232.158478
v -69.523842 342.127014 -227.491791
v -70.003403 342.808990 -230.003174
v -71.442665 341.208008 -222.732376
v -73.652077 343.842987 -233.607285
v -67.785011 340.390015 -236.645874
v -65.684486 338.947998 -232.767487
v -70.007179 341.604004 -224.943573
v -73.654335 340.917999 -221.256882
v -71.603127 341.220001 -239.324188
v -70.313446 336.196991 -243.737488
v -65.084206 337.677002 -228.554184
v -64.275940 335.330994 -236.084976
v -65.634262 336.960999 -224.187286
v -65.606361 335.153015 -240.138977
v -70.461220 323.515015 -246.377075
v -64.896515 318.446991 -247.271683
v -65.709816 323.420990 -243.006683
v -77.417831 343.447998 -232.158478
v -78.852760 342.808990 -230.003174
v -78.848976 341.604004 -224.943573
v -74.428139 343.704010 -227.119186
v -74.428139 341.132996 -220.593872
v -75.204079 343.842987 -233.607285
v -74.428139 344.342987 -234.096588
v -79.332306 342.127014 -227.491791
v -77.413490 341.208008 -222.732376
v -75.201820 340.917999 -221.256882
v -74.428139 341.822998 -240.670380
v -74.428139 336.807007 -245.580078
v -81.071152 340.390015 -236.645874
v -77.253029 341.220001 -239.324188
v -83.171669 338.947998 -232.767487
v -78.542702 336.196991 -243.737488
v -83.249802 335.153015 -240.138977
v -78.394936 323.515015 -246.377075
v -83.959625 318.446991 -247.271683
v -83.146339 323.420990 -243.006683
v -120.794434 425.938995 -302.296082
v -115.396744 439.346985 -275.888092
v -49.518238 440.218994 -277.405090
v -33.994438 433.079987 -280.046082
v -41.488239 438.082001 -277.016083
v -94.488342 358.207001 -215.391876
v -83.466591 361.122986 -218.688782
v -89.647842 439.412994 -268.559174
v -67.374115 443.640015 -277.613098
v -92.195740 444.364990 -275.726074
v -92.114838 443.916992 -281.844086
v -67.449806 443.678009 -281.751099
v -47.925041 442.438995 -280.789062
v -36.104740 436.459015 -284.783081
v -34.740540 433.256012 -291.872070
v -38.654537 438.433014 -280.860077
v -53.614639 351.220001 -221.463074
v -87.814438 430.338013 -308.262085
v -108.803238 428.687012 -308.283081
v -108.608536 426.346985 -309.701080
v -121.192940 432.944000 -294.780090
v -124.533936 430.589996 -294.131073
v -108.971634 442.395996 -282.619080
v -118.204544 439.636993 -283.946075
v -119.404839 436.835999 -288.032074
v -122.035538 435.130005 -281.466064
v -123.835342 433.671997 -286.697083
v -91.843643 441.923004 -285.141083
v -87.020142 427.954010 -309.708069
v -64.506752 429.428009 -309.257080
v -107.508636 442.911011 -275.459076
v -104.453339 352.897003 -216.282486
v -96.106636 358.416992 -223.947388
v -87.000443 364.028015 -228.978790
v -68.406227 373.937012 -230.405975
v -73.528786 372.233002 -228.666580
v -55.504837 367.401001 -240.220673
v -48.275238 365.286987 -238.106781
v -31.170238 432.332001 -285.823090
v -58.645241 403.488007 -263.007996
v -79.957069 414.058990 -256.376892
v -46.257038 429.808990 -305.721069
v -35.673340 429.334991 -298.405090
v -31.008240 430.166992 -292.228088
v -70.991127 372.121002 -239.288391
v -70.547516 413.531006 -266.084167
v -37.535038 431.104004 -297.686096
v -46.204140 424.369995 -296.397095
v -122.575439 426.647003 -292.164062
v -46.513939 440.661987 -283.545074
v -66.314796 442.615997 -284.039062
v -36.364338 431.157990 -284.261078
v -45.641338 432.240997 -280.704071
v -101.962036 420.993011 -300.611084
v -86.060440 431.802002 -280.656067
v -109.141838 440.018005 -286.180084
v -118.962341 429.644012 -285.731079
v -64.414337 430.804993 -305.963074
v -46.816738 431.122986 -302.808075
v -62.216637 422.752991 -299.539062
v -63.394440 431.557007 -279.761078
v -83.510895 423.807007 -300.343079
v -103.340042 431.683014 -282.942078
v -115.688240 420.578003 -298.622070
v -37.120438 424.920013 -293.859070
v -113.474937 392.243011 -269.600983
v -55.345238 349.742004 -216.553177
v -80.033485 326.424988 -238.653473
v -85.636436 325.352997 -243.678482
v -66.698341 331.393005 -241.941071
v -92.807137 330.002014 -234.040482
v -90.852142 405.811005 -257.929291
v -51.020340 350.377014 -222.686386
v -60.551537 366.878998 -227.530884
v -57.587837 363.669006 -233.450287
v -78.556740 371.841003 -236.872284
v -90.620743 359.773987 -224.119476
v -81.264381 367.799011 -223.692780
v -105.514038 355.726013 -223.619278
v -62.465637 404.779999 -255.775574
v -82.363075 413.700012 -264.148193
v -71.339935 411.973999 -257.495178
v -88.028938 407.027008 -252.298370
v -133.533142 373.950989 -266.169800
v -135.862732 372.816986 -260.265991
v -115.357941 397.506012 -268.509399
v -115.855339 394.846008 -274.588074
v -144.422333 402.795990 -275.681091
v -149.537842 410.576996 -270.695587
v -146.363342 408.371002 -269.839081
v -150.466339 407.238007 -277.239075
v -147.343140 405.221985 -276.950073
v -150.360443 404.893005 -286.633087
v -152.830338 410.565002 -270.476288
v -151.374634 414.526001 -262.850464
v -157.166931 403.714996 -285.985077
v -154.223846 405.852997 -286.874084
v -153.119141 408.071991 -277.631073
v -154.958649 410.717010 -270.249084
v -156.501343 406.901001 -276.801086
v -143.765045 405.865997 -269.353790
v -147.857147 402.470001 -286.055084
v -146.255737 399.473999 -285.158081
v -144.442642 410.425995 -261.405884
v -154.467743 414.574005 -261.795380
v -146.620239 412.391998 -262.723267
v -149.086334 414.007996 -262.644989
v -163.931946 414.755005 -264.423370
v -135.061935 405.964996 -259.394897
v -162.127045 414.096985 -263.724792
v -163.576736 405.221985 -282.915100
v -163.368744 407.601013 -279.033081
v -165.073944 405.606995 -283.328064
v -165.987732 410.240997 -282.897095
v -175.050140 418.596008 -267.936584
v -171.807434 417.429993 -270.630280
v -173.263733 412.804993 -280.497070
v -174.787140 417.923004 -271.348267
v -173.690140 414.833008 -277.855072
v -138.102341 406.567993 -259.843872
v -166.581543 417.338013 -266.503784
v -171.560638 418.915985 -267.772766
v -156.816833 388.601990 -275.892090
v -170.287842 412.072998 -280.960083
v -138.993347 397.490997 -276.182068
v -171.672440 413.713013 -278.523071
v -165.478439 411.997009 -279.369080
v -134.800232 403.808990 -265.087372
v -164.324341 414.673004 -266.948486
v -163.642838 408.958008 -265.841980
v -168.856049 413.091003 -268.095581
v -165.987137 416.825012 -268.616974
v -172.686249 410.023010 -277.390076
v -173.175339 413.855011 -268.760864
v -169.378342 408.869995 -277.985077
v -146.466431 390.994995 -272.559479
v -160.692139 401.690002 -257.485474
v -162.338348 413.342987 -266.674072
v -164.400040 403.747986 -276.849091
v -162.630936 392.407013 -277.289062
v -155.339447 398.367004 -255.125183
v -138.859131 405.190002 -264.500580
v -145.664734 390.240997 -278.224091
v -148.213135 397.910004 -254.993881
v -142.545532 398.963013 -261.347290
v -140.960938 398.221985 -276.630066
v -142.920242 397.213013 -275.684082
v -140.320343 396.532013 -277.973083
v -143.807739 392.753998 -273.574097
v -150.457031 388.795013 -275.377075
v -141.546844 393.910004 -279.719086
v -142.030029 400.139008 -256.266785
v -69.020493 453.709015 -305.856079
v -68.950050 460.355988 -314.898071
v -79.205116 481.183990 -330.147095
v -81.909218 478.523010 -341.401062
v -70.342316 477.912994 -340.846069
v -78.713417 478.346985 -341.270081
v -67.103920 477.717987 -340.718079
v -82.069557 483.089996 -334.256104
v -81.886642 480.237000 -339.210083
v -79.125885 483.091003 -333.834076
v -72.673439 454.109009 -306.234070
v -66.741920 482.368011 -333.543091
v -67.161781 479.446991 -338.542084
v -70.284340 479.398010 -338.676086
v -80.844521 458.059998 -318.875061
v -79.462502 477.321991 -333.455078
v -78.991486 475.324005 -336.697083
v -78.798927 479.869995 -339.082092
v -70.851051 474.898010 -336.333069
v -70.511330 482.868011 -333.494080
v -70.742722 480.774994 -329.657074
v -81.959015 452.661011 -311.462097
v -73.702614 452.265015 -311.142090
v -73.051491 457.063995 -319.090088
v -71.294525 476.109985 -333.215088
v -106.833542 473.427002 -317.137085
v -105.013939 471.569000 -324.753082
v -117.444641 471.139008 -322.942078
v -114.763939 471.234985 -323.346069
v -107.730133 471.484009 -324.335083
v -116.561737 472.829010 -316.017090
v -104.763741 472.352997 -322.547089
v -114.048843 472.964996 -316.108093
v -117.124741 471.914001 -320.741089
v -103.695343 473.362000 -317.856079
v -114.076736 468.233002 -317.391083
v -114.527939 471.848999 -321.185059
v -107.316833 467.811005 -321.569092
v -107.376740 472.084991 -322.220093
v -107.216034 467.894989 -318.715088
v -114.149239 467.558990 -320.569092
v -43.268738 477.675995 -309.972076
v -30.642139 475.091003 -308.212097
v -40.110737 476.436005 -314.478088
v -42.480839 476.541992 -317.021088
v -32.958939 474.535004 -315.702087
v -39.847538 475.989014 -316.676086
v -30.291138 473.963013 -315.362061
v -42.641239 477.122009 -314.744080
v -30.515640 474.570007 -313.099060
v -40.872738 477.191010 -309.368103
v -40.901138 472.164001 -314.254089
v -34.196339 470.763000 -313.345093
v -33.102737 474.941986 -313.518066
v -33.755638 475.898987 -308.361084
v -34.904140 470.701996 -310.578064
v -41.595539 472.667999 -311.120087
v -46.857941 441.437012 -309.376099
v -41.902237 440.404999 -308.558075
v -46.127441 445.516998 -305.711060
v -41.757240 444.872986 -304.834076
v -80.250771 445.321014 -318.102081
v -79.583107 450.164001 -313.766083
v -74.214394 444.934998 -317.826080
v -74.282570 450.131989 -313.332092
v -110.206940 441.980988 -309.921082
v -105.741241 442.412994 -310.314087
v -110.939537 437.697998 -313.347076
v -105.853539 437.888000 -313.969086
v -101.987640 480.191986 -321.692078
v -105.900337 489.195007 -311.539062
v -118.483841 496.674011 -293.903076
v -116.558044 496.902008 -293.665100
v -118.392441 495.990997 -295.966064
v -116.116638 482.153015 -320.730103
v -111.701340 497.243988 -293.308075
v -116.401733 496.518005 -295.869080
v -108.490639 489.108002 -312.554077
v -113.836838 482.326996 -320.791077
v -114.697639 488.484985 -313.091064
v -109.690643 497.515991 -292.961090
v -103.526237 483.515991 -319.726074
v -106.296234 479.859009 -321.914062
v -109.105835 496.921997 -295.133087
v -117.460144 488.213989 -312.634094
v -111.388535 496.806000 -295.333069
v -106.859138 482.971008 -320.202087
v -112.619034 480.932007 -316.803101
v -107.867035 481.140991 -317.362061
v -112.816544 479.727997 -321.094086
v -108.827637 479.595001 -321.557068
v -79.837257 499.270996 -328.772095
v -64.708466 487.290009 -341.640076
v -66.121498 498.210999 -329.116089
v -68.783669 508.130005 -306.860077
v -77.132851 508.006012 -309.040100
v -76.651962 499.082001 -329.697083
v -74.518654 508.653992 -306.595093
v -69.276100 498.626007 -329.939087
v -65.585548 491.394012 -339.093079
v -69.788666 487.717987 -341.294067
v -80.553871 492.200012 -338.501099
v -76.823341 508.756989 -306.603088
v -66.093613 507.322998 -309.369080
v -66.356911 508.058990 -306.736084
v -74.715370 508.243988 -309.205078
v -68.785065 507.622009 -309.282074
v -69.611977 491.398987 -339.184082
v -77.890968 491.976013 -338.893066
v -78.792831 488.360992 -340.732086
v -76.387856 491.612000 -337.286072
v -75.902382 488.592010 -341.574097
v -70.749611 491.407013 -336.894104
v -71.207130 488.078003 -341.123077
v -41.153740 484.084991 -309.444092
v -28.765339 481.468994 -308.411072
v -28.607338 489.860992 -302.540100
v -28.012638 502.911011 -289.559082
v -36.857140 506.158997 -288.697083
v -30.233238 504.619995 -288.037079
v -38.950737 483.471008 -309.464081
v -37.242340 491.640991 -304.145081
v -39.905838 492.450012 -303.738098
v -34.950340 505.802002 -288.465088
v -28.224239 504.308990 -287.712097
v -37.132439 504.877991 -290.433075
v -35.076439 504.722992 -290.427063
v -30.217339 503.497009 -289.806091
v -31.148140 490.320007 -303.580078
v -32.118839 481.932007 -308.825073
v -33.690338 481.598999 -303.898071
v -38.330238 482.608002 -304.522095
v -37.298237 483.536011 -308.761078
v -33.454739 482.425995 -308.390076
v -170.275146 425.415985 -277.346069
v -169.702332 423.140015 -282.415100
v -172.350540 423.514008 -276.948090
v -172.451538 421.127991 -281.150085
v 100.076958 30.740797 -31.040848
v 91.118523 33.093296 -42.704880
v 84.532555 31.926497 -47.501511
v 91.395500 22.401096 -68.047646
v 88.897362 13.494796 -73.198944
v 100.076958 13.331496 -75.812744
v 88.719856 29.686596 -32.714249
v 100.076958 33.667797 -41.818176
v 89.372963 28.381395 -55.586433
v 77.100655 25.107796 -39.108826
v 82.702553 25.431696 -65.192642
v 109.035271 33.093296 -42.704880
v 115.621254 31.926497 -47.501511
v 123.053154 25.107796 -39.108826
v 117.451256 25.431696 -65.192642
v 111.256462 13.494796 -73.198944
v 100.076958 22.193596 -70.293945
v 111.433861 29.686596 -32.714249
v 100.076958 29.355696 -56.124306
v 108.758293 22.401096 -68.047646
v 110.780861 28.381395 -55.586433
v 118.799751 12.677096 -60.964546
v 123.689964 14.920197 -38.600143
v 110.410454 25.486296 -53.362762
v 118.760551 21.515495 -40.887070
v 76.556252 42.156895 -54.806282
v 79.632362 262.954987 6.766663
v 85.513756 265.227997 18.717560
v 95.436821 298.714996 -13.935638
v 94.996269 297.127991 -4.991943
v 91.050407 296.681000 -3.935150
v 91.114677 293.428986 -11.283340
v 85.507957 290.315002 -9.477448
v 90.735588 287.783997 -17.196243
v 84.781258 266.643005 15.567261
v 91.032341 264.740997 18.817154
v 91.598930 293.602997 11.309448
v 80.848763 261.933990 2.189056
v 95.355095 297.765991 3.333054
v 100.076958 296.423004 -4.393539
v 92.592949 296.384003 -12.468338
v 95.549980 288.346008 -18.853851
v 94.894279 293.737000 -12.474152
v 94.474602 290.651001 -20.326645
v 90.941826 271.730988 -22.697144
v 100.076958 295.231995 12.720261
v 95.005424 297.037994 14.067062
v 100.076958 298.437012 3.719452
v 95.014336 294.298004 11.163452
v 93.770256 300.628998 5.434158
v 81.201958 40.966896 -51.129807
v 82.634560 35.996895 -53.716133
v 91.782829 296.369995 4.082458
v 93.081169 299.358002 -3.758850
v 91.939323 290.020996 -19.255646
v 86.798759 273.035004 -15.962036
v 91.292534 273.712006 -20.488937
v 86.107155 272.182007 -18.437836
v 85.892159 285.862000 -14.105042
v 85.586952 292.920013 -2.824249
v 85.907661 293.217987 3.034561
v 91.338493 263.049988 21.076660
v 90.768669 296.195007 13.605362
v 92.554131 299.899994 5.271362
v 82.678551 35.040497 -44.224091
v 87.313759 32.145897 -45.117950
v 84.883064 34.287895 -53.189529
v 82.015160 264.819000 6.818558
v 83.805061 264.045013 2.758759
v 116.348763 264.045013 2.758759
v 117.236153 291.834015 -9.111649
v 120.521461 262.954987 6.766663
v 116.639153 286.941986 16.031754
v 114.530357 290.897003 10.870453
v 116.962654 294.432007 -2.545242
v 114.640053 265.227997 18.717560
v 115.560555 297.067993 5.270966
v 106.383537 300.628998 5.434158
v 105.148369 297.037994 14.067062
v 114.566856 292.920013 -2.824249
v 109.103386 296.681000 -3.935150
v 114.645760 290.315002 -9.477448
v 114.261559 285.862000 -14.105042
v 115.372551 266.643005 15.567261
v 109.121452 264.740997 18.817154
v 114.327065 289.846985 9.540161
v 100.076958 293.207001 -11.567642
v 105.157524 297.127991 -4.991943
v 104.716972 298.714996 -13.935638
v 107.560844 296.384003 -12.468338
v 104.603813 288.346008 -18.853851
v 105.259514 293.737000 -12.474152
v 100.076958 287.953003 -17.963348
v 105.679192 290.651001 -20.326645
v 109.211967 271.730988 -22.697144
v 104.798698 297.765991 3.333054
v 105.139458 294.298004 11.163452
v 117.519264 35.996895 -53.716133
v 117.475258 35.040497 -44.224091
v 107.072624 299.358002 -3.758850
v 109.039116 293.428986 -11.283340
v 109.418205 287.783997 -17.196243
v 108.214470 290.020996 -19.255646
v 108.861259 273.712006 -20.488937
v 113.355064 273.035004 -15.962036
v 114.046654 272.182007 -18.437836
v 114.864052 297.437988 -3.310638
v 114.246056 293.217987 3.034561
v 114.859657 288.355011 19.057358
v 109.385124 296.195007 13.605362
v 108.554863 293.602997 11.309448
v 108.370964 296.369995 4.082458
v 107.599663 299.899994 5.271362
v 112.840050 32.145897 -45.117950
v 115.270760 34.287895 -53.189529
v 120.369362 286.145996 7.244156
v 118.138557 264.819000 6.818558
v 119.305061 261.933990 2.189056
v 97.087151 343.640991 14.665466
v 95.655998 342.114990 21.954254
v 99.303154 341.592010 25.667450
v 100.076958 341.834991 26.320358
v 100.076958 341.644989 6.232956
v 99.300896 343.972992 13.200760
v 91.333305 339.119995 14.254257
v 95.172661 342.527008 19.385559
v 95.652214 343.097992 16.846756
v 97.091484 341.816986 24.180664
v 97.251945 341.101013 7.604355
v 93.433830 340.390015 10.316360
v 91.255180 335.005005 7.056061
v 95.962273 335.890015 3.415359
v 96.110039 323.105011 1.333755
v 91.358635 323.157990 4.705048
v 90.545341 318.002014 0.662048
v 100.852898 343.972992 13.200760
v 103.066643 343.640991 14.665466
v 104.501579 343.097992 16.846756
v 100.076958 344.118988 19.688751
v 102.901848 341.101013 7.604355
v 100.076958 344.450012 12.689957
v 106.719963 340.390015 10.316360
v 108.820488 339.119995 14.254257
v 104.981133 342.527008 19.385559
v 103.062309 341.816986 24.180664
v 106.723503 337.199005 27.024460
v 108.870720 337.510010 22.913254
v 104.497795 342.114990 21.954254
v 100.850639 341.592010 25.667450
v 104.191521 335.890015 3.415359
v 110.229057 335.359985 11.098358
v 109.420769 338.033997 18.519165
v 100.076958 336.419006 1.547760
v 108.898613 335.005005 7.056061
v 109.608452 318.002014 0.662048
v 104.043755 323.105011 1.333755
v 108.795158 323.157990 4.705048
v 148.270660 448.313995 -10.966034
v 115.440956 355.015015 32.013153
v 126.164452 350.059998 30.871658
v 123.088463 345.690002 -14.947449
v 104.851860 330.876007 -2.827942
v 147.421661 445.355988 -3.001938
v 126.295158 452.144989 5.428757
v 102.050102 454.524994 10.596756
v 140.680450 449.246002 0.809952
v 124.702751 453.981995 -0.203445
v 99.342949 456.035004 4.778748
v 82.535255 456.425995 12.910553
v 101.162285 456.070007 6.861954
v 84.422050 452.977997 14.773651
v 69.192162 453.480988 10.738358
v 80.207054 455.927002 10.251053
v 72.916466 453.626007 14.187866
v 131.531860 448.003998 -33.775238
v 142.429657 444.865997 -32.503036
v 143.840363 442.123993 -32.717239
v 147.926270 447.106995 -15.905945
v 151.859467 443.269012 -17.008743
v 150.200653 443.078003 -24.911942
v 151.644073 442.868988 -11.306244
v 123.293663 453.372986 -3.747345
v 89.211266 453.256012 -21.731339
v 140.303558 451.256989 -6.224442
v 100.784966 372.602997 29.971359
v 127.852455 398.612000 -20.379547
v 58.684959 397.667999 -2.923141
v 54.395058 400.678986 5.590652
v 147.190155 392.295990 -28.832047
v 63.457756 450.511993 9.862259
v 113.373756 418.162994 16.425552
v 130.568665 446.377014 -35.763336
v 142.449646 432.078003 -34.556442
v 108.403740 444.901001 -32.291046
v 110.290062 449.917999 -29.064240
v 72.710152 454.044006 -13.199448
v 87.754463 447.265991 -23.712540
v 75.977455 402.354004 -5.807037
v 64.139061 406.317993 1.169952
v 64.238960 451.927002 -3.737946
v 61.393654 450.873993 3.432251
v 102.032585 422.130005 10.205154
v 113.782753 420.454010 8.621948
v 61.597359 443.377991 -9.041443
v 65.840355 446.036987 -1.504150
v 66.519356 453.123993 -3.043549
v 65.624260 453.247986 3.696960
v 74.175255 454.139008 -10.306046
v 138.809174 436.299988 -29.703644
v 116.899162 442.911011 -1.370148
v 95.450859 444.509003 5.842957
v 125.336159 438.718994 -27.430450
v 132.817047 441.997009 -8.412949
v 139.180267 450.346985 -10.258636
v 146.671448 439.648987 -16.064041
v 147.312073 445.811005 -23.768845
v 88.027351 443.730011 -14.511841
v 111.839760 451.518005 -27.208435
v 90.155571 453.329987 -18.287338
v 78.434258 447.174988 10.299362
v 73.802864 445.596008 -6.570251
v 108.343010 442.976990 -20.985748
v 148.041748 438.891998 -23.871841
v 68.551460 448.359009 9.397156
v 138.082458 399.641998 -12.222534
v 158.405365 379.747986 -8.341446
v 159.445770 377.255005 -10.731339
v 157.907867 376.113007 -16.589340
v 100.888664 330.557007 3.651550
v 114.827461 330.960999 5.320953
v 88.352654 337.627014 6.135757
v 108.552116 372.071991 20.557358
v 67.249962 395.980988 -8.560547
v 142.508972 399.279999 -22.484039
v 134.999847 389.898010 -28.507446
v 87.801857 365.244995 26.962646
v 100.827202 373.936005 20.638763
v 105.750969 369.901001 29.513260
v 113.443855 363.238007 30.324646
v 120.735359 355.079010 24.633453
v 125.747658 353.239014 22.773651
v 134.445251 344.524994 25.477661
v 130.052460 347.296997 -16.123245
v 117.297050 356.363007 -11.035950
v 104.499016 417.462006 17.201965
v 129.463074 440.919006 -37.941452
v 138.742462 430.285004 -38.325256
v 133.423065 434.325989 -39.805359
v 101.850395 441.658997 -33.124649
v 90.783867 442.726013 -28.137650
v 60.690453 446.510010 -4.754944
v 66.014854 443.403015 -12.850037
v 125.632057 352.615997 -10.555542
v 131.356262 353.520996 -11.963638
v 154.522766 379.549988 -20.867249
v 172.817169 400.346985 -13.240845
v 180.185974 402.023987 -13.686737
v 179.619965 401.608002 -21.057938
v 175.903961 401.299988 -21.018539
v 172.134857 400.178009 -20.269440
v 175.345154 402.576996 -30.441437
v 176.314667 401.359009 -13.190445
v 178.723267 403.604004 -30.489838
v 182.578064 402.718994 -31.001648
v 183.423676 401.147003 -5.364243
v 184.097656 399.329010 -31.476639
v 182.358459 401.230011 -21.551437
v 184.987457 399.503998 -14.136047
v 183.057281 400.437012 -14.043152
v 184.730164 398.433990 -21.794846
v 143.879669 406.200989 -10.807541
v 143.246246 406.330994 -17.429642
v 172.470367 400.556000 -30.464935
v 175.329376 400.437012 -4.403442
v 186.120270 399.359009 -4.901642
v 181.162659 401.686005 -4.985046
v 178.227753 401.549011 -5.242645
v 144.250946 492.183990 -37.715912
v 131.713348 494.619995 -35.249451
v 133.564056 493.127991 -40.594620
v 130.465271 493.110992 -42.226486
v 139.980652 491.332001 -44.082199
v 133.125763 492.622009 -42.718719
v 143.125763 491.506012 -42.378708
v 142.602051 490.838013 -44.575836
v 131.056854 493.777008 -40.047913
v 141.893158 492.674011 -36.979675
v 134.887756 494.201996 -35.592346
v 140.785950 488.075989 -38.276764
v 140.545349 491.832001 -41.952972
v 133.063660 488.871002 -40.027786
v 133.895752 488.782990 -37.295700
v 139.733459 487.605011 -41.315170
v 147.290466 528.255005 -32.802048
v 149.166168 527.851013 -33.169540
v 142.543854 528.940002 -31.889740
v 146.820953 526.474976 -34.082947
v 141.954559 527.249023 -32.978149
v 139.733246 527.559998 -32.495636
v 140.597748 529.455017 -31.459137
v 148.812347 525.945984 -34.158249
v 107.938225 523.448975 -4.863937
v 113.299065 523.307983 -6.659943
v 111.356956 523.632019 -11.546143
v 106.828239 523.405029 -10.149338
v 114.593651 515.070007 -18.875641
v 110.838463 511.411987 -19.943848
v 111.524864 515.159973 -17.961243
v 103.506950 515.366028 -15.488846
v 114.134361 511.477997 -20.522247
v 115.370552 515.065002 -16.205048
v 100.392448 515.447021 -14.575043
v 117.094749 514.229004 -10.814850
v 102.421257 514.702026 -6.294846
v 106.148186 514.700012 -7.050247
v 101.247246 515.453979 -11.930038
v 113.301064 509.476013 -12.744141
v 111.804955 509.954010 -16.245743
v 114.359459 514.252991 -9.648438
v 103.999016 510.181000 -13.880249
v 112.356651 514.995972 -15.432037
v 104.189323 515.197998 -12.954544
v 105.251091 509.166992 -10.915344
v 91.704155 500.505005 39.859055
v 93.870171 508.519012 50.683456
v 97.037773 513.744995 68.056946
v 82.855156 506.803986 54.076965
v 88.152855 512.512024 70.765961
v 90.985161 513.112000 72.102966
v 97.457329 514.117004 70.158966
v 91.072441 508.252014 50.808563
v 89.959160 500.472992 40.258957
v 91.890312 503.585999 41.975555
v 95.622856 513.885010 70.788956
v 89.085350 512.888000 72.863953
v 79.798653 502.028992 45.546555
v 95.055717 513.809998 68.620956
v 90.317314 512.922974 70.124954
v 85.129555 507.431000 52.600555
v 78.491051 498.781006 43.305557
v 82.631660 499.424011 42.226166
v 82.986458 502.295013 44.363647
v 89.660561 503.269012 42.374451
v 87.550758 483.901001 15.583557
v 89.868553 498.989014 31.059860
v 74.439552 482.162994 19.579346
v 79.365456 497.699005 39.509354
v 90.428703 500.671997 33.923767
v 87.096764 498.696014 31.573761
v 87.864357 500.321991 34.735962
v 81.165962 499.346008 36.902557
v 77.937752 497.062988 34.978149
v 77.376259 482.453003 17.327255
v 91.165947 499.360992 35.735855
v 78.562553 498.989990 37.712158
v 80.532463 497.401001 33.890457
v 84.189857 482.955994 15.674255
v 88.638451 498.968994 36.371063
v 81.813652 497.989014 38.545349
v 209.189972 421.643005 -16.133148
v 207.800964 421.453003 -25.519638
v 212.170959 423.752014 -16.870850
v 211.174957 423.657990 -23.626648
v 211.900970 423.710999 -18.745239
v 210.890961 423.651001 -25.496048
v 211.227966 423.148987 -16.685944
v 209.929962 423.024994 -25.486542
v 208.800964 421.524994 -17.922043
v 210.991974 423.079987 -18.539642
v 210.236969 423.011993 -23.636047
v 207.942963 421.407990 -23.705246
v 194.590271 396.292999 -8.821747
v 190.332367 396.382996 -29.188538
v 191.160248 396.791992 -24.725739
v 191.843872 396.181000 -29.674545
v 206.298981 395.744995 -12.469849
v 203.639984 397.394012 -22.697449
v 201.356964 397.687988 -23.384644
v 202.382965 397.048004 -25.791534
v 205.861969 396.712006 -15.791946
v 203.389984 397.509003 -11.616547
v 176.176056 383.385986 -27.808746
v 194.857666 399.273987 -27.713943
v 199.439362 398.000000 -25.986649
v 164.896362 400.316986 -2.648743
v 198.225250 397.990997 -10.207947
v 202.989960 397.376007 -14.819138
v 166.935760 398.493988 -22.253235
v 164.844971 398.621002 -21.785049
v 163.826660 401.032990 -8.604034
v 168.026367 400.057007 -8.236649
v 191.598175 392.393005 -12.220337
v 194.981476 397.075012 -11.224335
v 202.404968 393.160004 -14.667740
v 198.230469 394.234985 -13.619446
v 197.530548 398.709015 -12.228638
v 195.134247 399.467010 -23.755035
v 190.135773 392.378998 -24.333939
v 192.470856 397.477997 -24.151047
v 196.999573 394.658997 -24.305450
v 200.431976 393.838013 -23.888947
v 188.195160 388.389008 -29.170242
v 192.592560 396.803986 -11.134140
v 189.828461 389.074005 -7.599152
v 183.147552 384.346985 -28.647537
v 185.230072 384.562012 -6.790543
v 178.861359 383.384003 -4.970047
v 168.153076 392.164001 -8.285843
v 167.865662 399.605011 -3.345047
v 170.679260 386.204987 -26.199646
v 168.143677 388.613007 -22.140640
v 165.607758 397.984985 -23.999542
v 165.481750 396.057007 -26.772537
v 168.134369 396.423004 -22.091644
v 192.668060 396.302002 -8.125336
v 167.273865 390.674988 -27.459946
v 168.092163 391.270996 -3.122650
v 172.393250 386.187988 -3.824539
v 108.636101 474.917999 -19.409042
v 104.954460 476.320007 -11.285538
v 109.942680 476.101990 -13.117249
v 102.831047 475.028015 -17.690643
v 120.090965 551.125977 5.490158
v 104.330620 534.281006 -3.894348
v 109.465019 551.346008 8.569260
v 118.252052 553.044006 7.973953
v 114.200661 533.856995 -7.687943
v 112.713753 552.966003 9.572449
v 112.050865 551.414001 7.762558
v 110.429756 553.174988 10.378662
v 107.094475 533.994995 -5.650040
v 120.450661 552.927979 7.284653
v 117.717964 551.476013 5.907562
v 117.503456 534.163025 -7.872437
v 79.156258 472.471008 15.823853
v 85.344261 470.915009 19.197449
v 81.188866 470.226990 20.792267
v 84.009453 473.169006 14.323853
v 135.414856 461.433990 -30.016144
v 129.567444 459.755005 -33.899948
v 134.530060 458.872009 -34.840042
v 131.142761 462.386993 -28.956345
v 86.054756 320.317993 15.831955
v 88.913460 319.994995 14.370850
v 87.182152 317.968994 9.952057
v 87.840462 314.519012 5.372650
v 88.259056 316.997009 19.473557
v 86.737053 314.666992 4.818848
v 88.820763 316.890015 10.492661
v 100.076897 316.885986 21.690659
v 96.218376 317.355011 20.195953
v 97.020866 321.828003 16.240555
v 97.341911 319.651001 9.691757
v 100.076897 319.862000 7.633453
v 95.525749 315.808990 1.308960
v 103.926811 302.730011 2.762955
v 100.076897 319.622986 15.175262
v 103.132927 321.828003 16.240555
v 100.076897 315.665985 1.374451
v 100.076897 301.941986 -2.585846
v 102.811882 319.651001 9.691757
v 104.628044 315.808990 1.308960
v 103.935417 317.355011 20.195953
v 104.286064 299.434998 -0.494446
v 111.240364 319.994995 14.370850
v 111.332954 316.890015 10.492661
v 113.416756 314.666992 4.818848
v 112.971657 317.968994 9.952057
v 114.098961 320.317993 15.831955
v 112.313362 314.519012 5.372650
v 140.177368 499.850006 -41.183975
v 141.549957 500.790009 -37.044846
v 136.959961 501.694000 -36.019547
v 136.279175 500.303986 -40.323059
v 82.447655 493.786011 35.928955
v 89.982353 500.450989 46.438446
v 88.203758 503.072998 43.298355
v 84.408653 502.283997 44.355560
v 87.444664 494.865997 34.346359
v 85.508156 499.730988 47.987854
v 26.081451 -103.180000 -30.898346
v -77.499451 25.117399 -0.926636
v -84.337944 19.326599 -1.962143
v -91.580551 14.900000 -25.693481
v -85.904945 18.488800 -15.674362
v -83.702042 18.980000 -29.459930
v -89.883644 15.711300 -6.852844
v -44.506248 29.537201 -27.927032
v -54.006035 15.448700 -41.791245
v -7.464745 -50.686298 -15.826797
v -8.182648 -51.319302 -21.742172
v 5.978355 -69.427200 -9.748077
v 6.766853 -68.808800 -15.825577
v -9.581345 -52.527500 -26.102371
v 3.935051 -71.123901 -26.485977
v 5.943550 -69.487000 -21.891541
v 30.800255 -99.023499 -8.422440
v 19.151451 -85.362602 -9.261810
v 31.795258 -98.263802 -15.826401
v 19.188957 -85.388000 -22.410248
v 19.943153 -84.732498 -15.825195
v 28.424553 -101.120003 -28.716339
v 30.865051 -99.060097 -23.262131
v 16.885254 -87.291496 -27.219635
v 40.776352 -110.119003 -7.330902
v 41.872353 -109.315002 -15.827011
v 40.832352 -110.098000 -24.334778
v 48.670357 -118.850998 -6.312531
v 49.843353 -117.886002 -15.827408
v 48.747353 -118.793999 -25.346100
v 42.660355 -123.714996 -35.110443
v 45.804352 -121.186996 -32.343933
v 35.445755 -114.778999 -33.076538
v 38.123352 -112.375999 -30.569336
v 57.902351 -126.706001 -15.829926
v 53.635353 -130.164001 -34.247543
v 65.484352 -137.214996 -4.590744
v 56.668358 -127.804001 -5.270844
v 66.999352 -136.059006 -15.831970
v 56.830345 -127.632004 -26.427078
v 65.830345 -136.957001 -27.057938
v 62.304344 -139.787994 -35.263535
v 50.060356 -132.880997 -37.456635
v -70.397346 30.581499 -1.962143
v -65.694328 35.240501 -6.852844
v -54.782436 32.769600 -28.063538
v -64.543610 36.728298 -25.693481
v -70.192543 29.886801 -29.459930
v -77.342644 24.923201 -31.626144
v -31.552246 3.859860 -23.742218
v -34.923645 11.548800 -9.968552
v -34.827946 -1.567110 -30.355438
v -64.241539 26.775101 6.087067
v -37.557747 17.940300 -3.112137
v -53.995415 32.580898 -1.540039
v -44.498344 28.514799 -2.898544
v -58.202324 20.985001 -40.877335
v -64.227715 26.475500 -37.514832
v -73.431946 20.079300 -40.006836
v -78.269745 26.071501 -15.818085
v -66.087692 31.857000 -7.329910
v -64.903069 30.245199 -23.836868
v -69.248123 31.936701 -15.674362
v -55.066185 27.136000 -26.429764
v -47.556847 24.235600 -26.047256
v -34.347546 11.048100 -20.780151
v -37.801746 12.411300 -20.226303
v -42.357948 17.914499 -25.470001
v -37.198044 13.189000 -10.872665
v -39.941746 17.857599 -28.511139
v -47.427845 25.459900 -4.797333
v -42.068245 18.204300 -5.605331
v -67.332489 28.974400 -14.665314
v -55.644585 27.790100 -4.510239
v -308.493652 136.649002 283.368958
v -303.555634 139.910995 287.731964
v -307.863647 137.654007 280.384949
v -296.630646 141.022995 285.540955
v -294.239655 140.632996 278.153961
v -278.953644 139.220993 285.462952
v -276.299652 140.294006 284.624969
v -305.657654 138.270004 287.394958
v -282.368652 145.619995 283.853973
v -300.243652 128.304993 280.934967
v -275.015656 147.947998 280.538971
v -277.147644 147.259995 279.909973
v -304.055634 137.761002 278.719971
v -276.221649 147.408997 281.444977
v -299.324646 130.438995 289.761963
v -278.905640 146.727005 283.149963
v -303.550659 127.487000 284.901947
v -301.214661 129.600998 288.786957
v -292.834656 133.134003 287.563965
v -278.066650 139.274994 283.714966
v -292.906647 132.955002 285.281952
v -276.591644 139.942993 282.304962
v -273.645660 141.255997 282.691956
v -299.693634 128.893997 284.258972
v -302.869659 127.056000 282.916962
v -298.645660 130.546005 287.172974
v -298.371643 129.906006 282.365967
v -315.544647 194.975998 261.422974
v -316.430664 195.227005 268.738953
v -301.962646 195.320999 265.274963
v -311.435638 194.350998 261.502960
v -314.572632 185.889008 271.226959
v -305.985657 187.772003 273.853973
v -288.784637 191.669998 278.573975
v -292.932648 198.035004 275.733948
v -285.440643 192.098007 277.993958
v -284.586639 198.910004 275.950958
v -286.135651 198.615005 276.232971
v -314.416656 196.445999 270.035950
v -289.362640 198.464996 276.614960
v -286.338654 198.628998 274.445953
v -313.156647 186.365005 272.955963
v -307.136658 196.216995 271.006958
v -317.538666 194.132996 263.793976
v -315.381653 184.218994 266.581970
v -305.118652 187.591003 271.741974
v -290.150635 190.992996 276.941956
v -291.687653 191.121994 278.153961
v -288.127655 191.360001 276.323975
v -310.623657 184.365997 264.418976
v -309.282654 185.598999 266.607971
v -311.433655 184.869995 267.702972
v -314.013641 183.649994 265.033966
v -311.441650 186.320007 270.898956
v -284.992645 176.134995 273.981964
v -280.696655 176.936005 274.138977
v -312.028656 158.503006 267.355957
v -316.071655 170.179993 266.050964
v -313.580658 171.022995 271.578949
v -302.395660 172.960007 271.942963
v -275.298645 169.766998 273.859955
v -275.429657 178.063995 272.222961
v -309.693634 171.373001 261.901947
v -297.902649 173.136993 263.938965
v -314.483643 171.656998 262.940948
v -307.963654 160.541000 274.377960
v -278.946655 168.826996 275.318970
v -311.027649 172.528000 272.715973
v -277.107635 177.514999 272.899963
v -277.815643 177.710999 270.907959
v -310.008636 160.022003 272.693970
v -306.537659 160.912003 271.579956
v -299.613647 162.884995 273.768951
v -282.343658 167.910995 275.503967
v -278.763641 168.792999 272.532959
v -305.136658 160.794006 266.017975
v -307.154633 159.449997 263.685974
v -310.821655 158.164993 265.157959
v -299.163635 163.007996 271.105957
v -280.890656 168.067993 273.705963
v -307.254639 159.578003 267.720947
v -237.899658 69.757599 281.099976
v -236.074646 65.916702 296.348969
v -229.089661 64.554398 292.461975
v -234.650635 67.968002 295.374969
v -232.269653 67.253799 290.355957
v -241.867645 68.206001 286.857971
v -240.264648 68.956802 286.026947
v -241.659637 69.974403 283.606964
v -233.673645 64.329498 281.337952
v -229.965637 62.619202 287.704956
v -230.517639 65.553703 289.041962
v -243.565643 68.899597 283.533966
v -236.804657 68.085403 279.135956
v -238.582642 66.952301 293.128967
v -236.380646 68.590500 283.767975
v -230.381653 67.075401 293.452972
v -236.261658 64.972397 291.504974
v -236.406647 68.013000 292.350952
v -232.673645 62.240002 288.555969
v -237.288635 65.577103 283.355957
v -234.639648 67.140198 282.480957
v -239.752655 66.135399 284.796967
v -233.652649 63.969501 289.598969
v -236.298645 63.288200 282.766968
v -310.979645 165.580002 263.005951
v -306.630646 167.218002 265.758972
v -320.928650 165.263000 273.300964
v -316.488647 166.335999 276.425964
v -230.821655 81.039299 291.101959
v -232.984650 80.467598 293.254974
v -234.720642 81.519997 289.818970
v -231.395660 81.941902 289.305969
v -316.167664 193.106995 276.089966
v -314.596649 190.100998 264.265961
v -320.557648 192.639008 274.516968
v -310.279633 191.007996 265.471954
v -307.426636 134.671997 293.353973
v -311.489655 132.970001 291.751953
v -301.324646 134.973999 282.652954
v -305.179657 132.858002 281.396973
v -246.384644 113.275002 282.942963
v -229.867645 117.269997 272.650970
v -224.755646 112.365997 270.875977
v -229.277649 112.277000 300.046967
v -227.755646 117.459999 277.194977
v -243.033661 117.255997 280.164948
v -231.489655 110.399002 302.185974
v -234.486633 83.779099 297.746948
v -238.905640 74.258400 288.389954
v -221.664642 113.252998 274.668976
v -215.178650 109.285004 290.353973
v -220.020660 113.447998 292.113953
v -216.510651 110.886002 286.956970
v -227.979645 110.522003 278.463959
v -244.251648 113.719002 288.632965
v -239.944641 117.077003 286.081970
v -239.894653 84.986099 285.948975
v -231.534637 75.998901 295.018951
v -235.224640 74.983101 286.373962
v -235.199646 75.012604 296.251953
v -232.881653 113.763000 296.399963
v -221.639648 114.668999 289.381958
v -227.074646 108.443001 294.398956
v -218.292633 102.537003 288.945953
v -212.889648 102.978996 286.063965
v -218.534637 104.338997 273.860962
v -224.427643 104.098000 277.549957
v -221.534637 108.468002 290.085968
v -236.615631 109.717003 283.820953
v -231.149658 85.432999 301.904968
v -231.752655 85.552597 297.376953
v -233.586639 85.045502 298.072968
v -228.633636 85.785301 301.714966
v -229.833649 86.237701 295.800964
v -239.397644 85.015404 282.142975
v -240.838654 85.228500 283.057953
v -237.831635 84.660698 285.582947
v -235.462646 85.999802 284.977966
v -234.614655 88.324600 279.556976
v -224.025635 87.802902 298.425964
v -322.002655 175.000000 314.700958
v -309.816650 175.264999 312.138977
v -317.420654 175.084000 316.605957
v -309.054657 162.070007 311.392975
v -310.258636 161.401993 298.156952
v -311.699646 159.098007 273.829956
v -314.078644 171.214996 273.759949
v -319.781647 157.582993 270.074951
v -321.406647 169.057999 268.816956
v -324.152649 168.716995 269.077972
v -326.273651 174.024002 310.517975
v -308.789642 175.733994 307.938965
v -306.947632 162.281006 308.915955
v -312.473633 173.477997 297.580963
v -315.768646 170.429001 268.999969
v -320.164642 161.300995 315.590973
v -316.196655 162.098007 316.019958
v -328.943665 171.554993 298.164948
v -325.300659 168.934998 272.922974
v -311.911652 161.944000 307.920959
v -315.125641 161.126007 299.297974
v -316.507660 158.304993 275.304962
v -313.657654 158.266998 270.264954
v -324.171661 160.621002 311.860962
v -317.673645 161.727997 311.169952
v -320.338654 158.145004 275.150970
v -321.369659 161.048996 308.270966
v -299.244659 147.606995 324.179962
v -303.453644 128.488998 290.480957
v -294.261658 147.628998 318.614960
v -306.704651 138.389999 289.617950
v -304.252655 134.429993 323.864960
v -315.673645 134.942993 288.808960
v -312.655640 141.201996 312.905975
v -307.735657 145.233994 321.763977
v -303.382660 146.945999 323.867950
v -294.524658 147.479004 314.944977
v -315.670654 135.604004 292.146973
v -309.149658 136.929001 286.357971
v -313.569641 135.376007 287.844971
v -296.549652 134.039993 309.221954
v -291.334656 136.561996 316.827972
v -305.813660 127.146004 288.248962
v -299.789642 143.845001 307.917969
v -300.190643 135.811996 325.711975
v -296.987640 136.809006 324.924957
v -292.391632 136.602005 319.376953
v -300.144653 133.643005 311.432953
v -295.527649 135.796997 317.369965
v -309.958649 127.296997 293.899963
v -306.862640 127.714996 293.003967
v -310.701660 126.128998 289.775970
v -302.935638 134.455002 320.221954
v -299.327637 135.695007 321.488953
v -316.658661 205.320007 307.502960
v -316.024658 195.610001 269.477966
v -323.808655 196.089005 273.597961
v -312.664642 204.987000 308.763977
v -313.607635 186.212006 274.624969
v -306.696655 203.617996 304.484955
v -314.102661 196.563995 273.237976
v -320.703644 204.619003 304.426971
v -306.150635 203.401993 300.849976
v -320.906647 195.210007 269.884949
v -323.214661 195.326004 270.334961
v -309.996643 190.634003 294.551971
v -310.404633 200.875000 292.735962
v -316.738647 193.820999 309.807953
v -324.313660 201.557007 294.602966
v -307.753632 192.498993 305.436951
v -306.188660 192.115005 303.196960
v -310.453644 192.391006 302.751953
v -317.583649 186.363998 276.287964
v -315.653656 185.389008 271.886963
v -320.857666 185.623001 272.237976
v -318.413666 192.959000 303.810974
v -320.487640 193.380005 307.054962
v -313.296661 193.996002 309.792969
v -313.985657 191.186005 295.875977
v -320.808655 186.729004 276.445953
v -314.996643 193.348007 305.890961
v -316.771667 169.964005 313.181976
v -316.111664 168.897003 306.426971
v -272.786652 173.356995 316.709961
v -271.981659 172.317993 310.747955
v -232.558655 131.457993 294.548950
v -246.020660 133.695999 294.405975
v -242.429657 133.574005 301.394958
v -229.822632 102.925003 293.779968
v -227.628632 99.139503 293.309967
v -238.457642 102.037003 278.772949
v -232.602661 105.123001 295.210968
v -227.882660 103.727997 303.774963
v -225.344635 102.286003 302.046967
v -240.765656 103.984001 280.384949
v -236.304657 105.549004 297.225952
v -231.269653 103.739998 305.744965
v -246.131653 102.410004 283.685974
v -233.083649 102.438004 286.937958
v -234.741638 131.884995 289.204956
v -236.499634 105.273003 288.834961
v -240.065643 105.875999 289.984955
v -249.438660 132.014008 296.950958
v -246.520660 131.792999 302.926971
v -234.314636 101.943001 307.084961
v -243.358643 104.000000 282.102966
v -301.351654 141.949005 321.373962
v -301.126648 140.503006 315.742950
v -264.912659 150.656006 320.391968
v -264.515656 149.328003 315.412964
v -313.632660 198.593994 301.115967
v -276.465637 197.766998 307.136963
v -314.416656 200.281998 306.628967
v -277.334656 199.358002 311.977966
v -289.204651 218.274994 308.998962
v -203.560638 152.337997 230.902985
v -211.629639 160.067001 235.906952
v -207.874634 156.539001 240.040955
v -197.506653 154.619003 250.341949
v -183.301636 169.834000 256.412964
v -292.002655 216.701996 303.045959
v -220.895660 193.026993 237.749969
v -211.412659 200.761002 231.578949
v -218.550659 206.324005 237.475983
v -197.336639 198.167007 243.705963
v -194.478638 196.334000 250.545959
v -198.358643 196.694000 253.757965
v -191.869659 193.470993 251.168976
v -187.823639 188.606003 253.723969
v -196.802643 189.544006 264.674957
v -278.204651 130.375000 326.325958
v -283.028656 130.423004 319.952972
v -207.529633 210.052002 263.796967
v -207.576660 211.139008 257.520966
v -214.419647 211.727005 270.153961
v -245.650635 146.059006 276.679962
v -231.321655 208.783005 245.381958
v -242.888641 211.796005 257.577972
v -212.867645 209.630997 242.577972
v -209.084656 211.345993 249.770966
v -253.485657 222.556000 272.706970
v -249.359650 224.798004 277.446960
v -233.362640 220.020996 265.604950
v -228.477661 191.082001 294.177948
v -236.680634 148.190994 302.319977
v -211.306641 140.063995 294.331970
v -228.595642 219.143997 272.768951
v -209.791656 194.985992 269.815948
v -282.404633 219.977005 291.014954
v -268.348633 223.156998 284.358948
v -257.088654 215.996994 269.878967
v -252.207642 187.373001 273.625977
v -259.030640 182.692993 272.356964
v -247.891632 137.285995 313.102966
v -237.330658 133.453003 303.749969
v -228.551636 128.026001 305.865967
v -281.512634 218.171005 314.232971
v -266.583649 225.154007 288.861969
v -224.766632 215.024994 279.559967
v -222.109650 147.432999 250.572968
v -238.800659 217.548996 260.001953
v -221.574646 216.485992 255.792969
v -226.605652 213.837997 249.375977
v -206.676636 137.845001 289.209961
v -217.355652 215.832993 263.838959
v -221.571655 195.587006 280.982971
v -279.743652 223.242004 302.984955
v -280.214661 222.925003 296.333954
v -267.838654 221.112000 307.840973
v -272.987640 134.526001 333.846954
v -272.092651 129.371994 323.155975
v -276.274658 131.371002 316.680969
v -207.307648 202.871994 234.129974
v -188.423645 188.253998 250.830963
v -187.846649 160.531006 248.749969
v -192.491638 154.509003 242.586975
v -203.541656 155.815002 233.300964
v -205.277649 200.195999 235.748962
v -196.307648 195.169006 242.542969
v -191.242645 159.671997 251.982971
v -203.016632 154.100998 245.312958
v -197.056641 154.074005 236.875946
v -262.028656 189.554993 281.321960
v -245.340637 223.464005 284.054962
v -239.045654 218.414001 289.954956
v -266.373657 224.718994 294.950958
v -225.724640 140.102005 305.077972
v -214.601654 145.054001 288.787964
v -227.278656 139.380997 246.694977
v -234.686646 145.438995 260.496948
v -237.448639 139.240005 256.609955
v -249.554657 139.507004 273.379974
v -261.767639 142.828995 284.548950
v -220.497650 202.858002 235.702972
v -218.183655 197.248993 240.882965
v -215.335632 196.669998 233.635956
v -215.909637 193.813995 232.966949
v -214.731659 191.444000 228.246979
v -229.607635 186.108994 242.084961
v -226.252655 190.462997 246.975952
v -233.492645 193.705002 292.597961
v -215.327637 190.490005 284.999969
v -205.315643 189.425995 273.353973
v -202.815643 192.445007 259.144958
v -190.206635 189.397003 257.362976
v -194.804657 194.393005 254.073975
v -191.524658 192.520996 249.939972
v -193.759644 195.089996 248.427948
v -197.990631 201.128006 248.900970
v -200.416656 202.386993 254.419952
v -263.511658 184.378998 275.030975
v -259.449646 190.768005 321.422974
v -259.922638 187.472000 328.514954
v -269.477661 186.231995 331.602966
v -269.789642 218.507004 314.792969
v -247.422638 133.261993 320.604950
v -204.312653 182.190994 241.835968
v -202.292633 179.688995 222.538971
v -201.474640 172.360001 219.572968
v -195.804657 171.653000 210.933960
v -199.207642 175.867996 218.176971
v -203.579651 166.110001 215.837982
v -198.099640 167.408005 213.661957
v -201.382660 178.561005 247.063965
v -203.273651 182.139008 241.931976
v -194.289642 183.695007 239.693970
v -200.810638 182.612000 242.860962
v -198.565643 182.115997 244.212952
v -190.039642 178.511002 245.406952
v -196.909637 180.828003 245.825958
v -205.497650 183.658997 235.052948
v -200.602661 184.145004 229.239960
v -202.491638 184.432999 235.775970
v -198.101654 185.072998 237.434967
v -192.606659 183.852997 234.874969
v -187.164642 180.013000 237.795959
v -191.605652 181.326004 242.323975
v -204.800659 182.794998 228.121979
v -195.067657 184.783005 231.510956
v -192.308655 181.442993 226.431976
v -188.177643 179.906006 230.075958
v -183.851654 177.983002 233.497955
v -185.582642 176.205994 243.166962
v -181.462646 174.205002 237.231964
v -197.947632 180.960007 223.931976
v -179.975647 175.548004 228.269958
v -188.747650 178.085007 215.837982
v -190.296661 178.709000 222.224945
v -180.811646 172.671005 217.684967
v -185.484650 173.651001 215.653961
v -184.830643 177.261002 223.407959
v -191.171661 173.001007 213.661957
v -176.490646 170.481995 221.035980
v -195.301636 177.343994 219.572968
v -193.677643 149.921005 228.471954
v -197.427643 154.850006 229.818939
v -200.490631 159.537994 222.774963
v -203.270660 159.664993 216.966949
v -202.505646 159.425995 223.033966
v -197.098633 153.238007 207.080963
v -197.358643 153.369003 206.230957
v -190.981659 150.565994 204.559967
v -185.917648 143.373993 211.757965
v -190.130646 145.600998 224.019958
v -200.399658 159.572006 227.741974
v -200.948639 157.294006 210.650970
v -199.872650 157.395996 211.073944
v -202.121643 159.996994 217.303955
v -188.420654 142.475998 217.380951
v -185.267639 145.585999 204.757965
v -193.661652 164.923004 209.091949
v -191.213654 165.966003 228.132965
v -194.313660 169.806000 222.424957
v -198.378632 167.595001 214.958954
v -184.070648 157.117996 200.272980
v -187.555634 153.488007 199.077972
v -194.245636 164.856995 230.348969
v -195.524658 166.951996 223.890961
v -190.834656 158.796997 203.247955
v -176.131653 151.013000 218.207977
v -178.972656 157.985001 230.794952
v -194.741638 170.335999 214.919952
v -184.883636 164.255005 207.853973
v -189.610657 163.981003 203.201965
v -192.782654 167.908997 208.083954
v -179.787643 159.759995 199.077972
v -189.678650 168.139999 209.091949
v -191.295654 173.313004 214.958954
v -180.337646 154.766006 224.741974
v -185.118652 164.559006 230.605957
v -191.268646 170.388000 223.890961
v -189.490631 168.697006 230.348969
v -174.007645 151.850006 211.068939
v -174.541656 153.931000 203.295959
v -184.284637 164.085007 203.247955
v -177.862640 169.998001 228.906952
v -183.027649 173.598007 227.741974
v -182.439636 175.626007 223.033966
v -180.382645 174.873001 229.080963
v -180.684647 173.654007 210.650970
v -177.604645 169.317001 206.230957
v -170.865646 166.320999 203.760956
v -165.753647 158.895004 211.696960
v -167.736649 158.363998 218.501984
v -182.512650 176.423996 216.966949
v -173.463654 165.507004 228.895966
v -169.516647 160.699005 225.034943
v -144.241547 81.721901 94.590973
v -146.146057 80.053101 94.668976
v -156.014145 103.388000 147.799957
v -167.732635 118.662003 178.160980
v -157.806046 108.551003 142.297943
v -125.895447 65.649902 78.876770
v -146.669952 94.417503 120.957977
v -163.251648 112.385002 138.084961
v -136.477646 79.872704 99.913971
v -140.326935 82.007896 96.477966
v -150.914337 96.622803 117.263947
v -101.858841 31.111601 29.023361
v -106.967247 34.095001 24.387161
v -129.973755 67.851799 75.272552
v -115.203346 50.485298 56.886063
v -119.666641 52.999298 52.834473
v -167.227646 111.942001 136.571960
v -181.777649 130.852997 158.750946
v -155.049042 96.213600 115.341949
v -111.969147 33.885899 21.946167
v -136.161438 65.760696 73.352859
v -134.130157 67.531601 73.278351
v -124.196846 52.747398 50.634659
v -126.350945 50.889900 50.743652
v -101.790245 17.761600 -0.945236
v -114.210541 31.938801 22.011353
v -104.284241 16.215500 -0.701538
v -196.171661 147.459000 206.236969
v -201.593658 154.203995 191.974945
v -192.227661 144.983002 172.147980
v -185.921646 135.878006 211.459961
v -193.068634 142.319000 209.831940
v -196.135651 164.675995 192.352966
v -195.273651 162.287003 202.405975
v -192.932648 160.889008 182.002960
v -190.323639 157.893997 174.467957
v -187.852661 152.447998 167.586945
v -183.361649 145.061005 163.189972
v -176.721649 138.485001 163.882965
v -168.449646 128.671997 180.167969
v -173.972656 136.837006 207.684967
v -178.829651 142.322998 213.410980
v -184.576645 149.671997 213.050964
v -196.576660 149.542007 197.335968
v -194.154633 147.052994 202.074982
v -197.356659 150.994003 184.127960
v -197.997650 151.177002 190.526947
v -191.125641 144.720001 174.607941
v -195.356659 148.681000 177.883942
v -185.059647 143.229004 164.729950
v -177.105652 124.141998 195.077972
v -188.267639 139.483002 166.103973
v -192.166656 159.057999 198.301971
v -188.905640 155.591003 205.170959
v -187.631653 161.529999 198.321960
v -188.900635 163.100998 190.723969
v -188.866638 163.059006 182.447968
v -193.550659 160.610001 190.353973
v -195.476654 162.328003 182.309967
v -186.456650 160.074997 175.005951
v -186.139648 152.533005 169.372955
v -192.791656 158.852997 173.403961
v -181.589645 146.186005 167.184967
v -172.808655 134.029007 173.381958
v -177.923645 140.205994 168.171967
v -179.270645 133.343994 160.914948
v -173.412643 125.866997 168.847961
v -168.675644 130.500000 169.103973
v -184.380646 149.444000 209.069977
v -179.424652 142.878998 209.609955
v -190.704651 155.296005 208.605957
v -90.398048 -4.506260 -31.826645
v -87.084442 -2.270690 -32.543839
v -79.862442 -11.335500 -34.305634
v -75.783348 -19.304001 -17.281250
v -99.944145 15.016500 -6.083939
v -92.253250 15.733200 -7.675552
v -102.594246 13.472200 -6.766510
v -94.585846 0.994965 -23.022736
v -93.623550 17.322300 -3.977142
v -96.140648 18.159401 1.161560
v -89.368149 12.121500 2.794662
v -90.863342 15.289000 6.195160
v -198.498657 149.834000 176.231964
v -201.144653 153.335007 183.425964
v -199.204651 152.324997 199.802948
v -189.999634 141.776993 205.006958
v -186.529648 136.690002 206.280975
v -182.688644 131.667999 204.078949
v -179.499649 128.057999 199.754974
v -174.598648 122.203003 196.633942
v -84.702545 13.721400 0.277557
v -90.831848 17.443800 -4.644135
v -116.730850 103.801003 94.668976
v -95.854843 84.145203 82.615967
v -161.841644 147.414993 160.914948
v -130.651642 115.911003 115.341949
v -107.023651 89.416100 73.278351
v -143.459839 131.130997 136.571960
v -141.064148 132.740005 136.800964
v -155.506348 150.483002 159.613983
v -118.763641 102.291000 94.590973
v -78.805145 60.660801 21.946167
v -94.665451 76.589600 50.634659
v -151.508636 150.063995 163.250946
v -128.518845 117.492996 115.427948
v -125.135048 117.564003 117.165955
v -88.747345 78.356400 52.798462
v -76.429245 62.441502 22.011353
v -92.395546 78.303802 50.743652
v -104.864349 91.028503 73.352859
v -137.362244 132.582001 138.761963
v -135.505157 130.078995 140.803955
v -113.599152 103.822998 96.304962
v -72.301048 62.346199 24.151657
v -101.465942 91.098999 75.093567
v -87.553246 76.655502 54.712372
v -145.908936 143.550003 170.803955
v -149.172852 147.574997 166.556976
v -122.892044 111.850998 121.762970
v -86.322144 72.180099 58.252869
v -71.509644 56.840500 33.918167
v -100.769646 87.340599 77.778061
v -130.961746 124.584999 147.660980
v -119.504044 110.559998 124.732941
v -108.226044 97.189400 103.492950
v -84.050751 72.296700 59.499054
v -82.521645 70.651199 61.227570
v -65.188805 47.311798 -0.945236
v -70.683846 59.757198 26.476166
v -67.279228 55.196999 31.221954
v -65.170853 53.402302 33.898956
v -165.669647 165.046005 194.160980
v -165.805649 165.630997 187.613983
v -158.686340 155.037003 179.642975
v -162.847656 162.072006 182.022980
v -156.341843 148.675995 183.490967
v -160.889648 159.550003 190.586945
v -153.721558 148.279999 187.132965
v -162.414642 161.229996 198.413971
v -170.157654 166.501999 203.986969
v -172.791656 170.028000 198.504974
v -166.434647 167.319000 195.323944
v -173.907654 171.847000 191.767975
v -166.608643 168.404999 186.772980
v -164.734650 165.287003 198.780975
v -176.193649 170.901993 199.802948
v -173.283646 171.526993 184.672943
v -170.939636 169.000000 178.417969
v -167.218643 164.533005 173.509979
v -173.908646 169.686996 176.231964
v -165.946655 157.503998 166.103973
v -162.916656 154.449997 211.459961
v -162.039642 156.195999 208.219940
v -167.651642 159.791000 206.700958
v -172.077637 166.912003 206.236969
v -188.914642 170.505005 192.352966
v -183.928650 166.009003 173.403961
v -178.708649 159.830994 167.586945
v -174.027649 167.746002 197.335968
v -181.212646 168.449005 182.936981
v -175.283646 168.815002 184.127960
v -176.080643 161.205994 171.517975
v -178.637650 165.442993 175.765961
v -170.488647 162.533997 172.147980
v -168.380646 150.990997 209.487946
v -173.448639 157.457993 208.745941
v -143.839355 140.470001 173.789948
v -156.186035 154.733994 176.984955
v -162.450653 158.761002 168.393951
v -158.704147 158.384995 175.198944
v -158.878754 149.339996 158.750946
v -186.761642 169.158997 202.405975
v -179.652649 163.621994 208.019958
v -184.983643 170.164001 192.024963
v -186.758636 169.365997 182.309967
v -184.055649 170.054001 182.745941
v -182.201645 154.804001 170.135956
v -175.714645 161.311005 168.554962
v -172.433655 153.884003 163.189972
v -170.285645 155.156998 164.729950
v -180.890656 163.220001 208.605957
v -41.046146 33.918598 -21.742004
v -33.983444 24.409800 -23.627594
v -39.110146 31.248600 -25.421371
v -45.822647 31.481701 -31.826645
v -45.103447 40.265499 -22.613144
v -50.317467 36.735001 -23.022736
v -39.638546 34.450298 -7.167191
v -63.151634 49.423801 -0.701538
v -62.894554 44.928501 -6.083939
v -50.693897 39.892502 11.333359
v -46.759346 36.668900 7.572067
v -49.557087 39.869598 5.204361
v -52.281425 41.692799 7.896759
v -53.611778 45.288898 -0.853745
v -56.102165 46.849800 3.522858
v -58.605125 49.676601 1.354065
v -55.659935 47.842999 -4.656433
v -60.826256 47.193501 -6.766510
v -44.078846 39.945000 -13.019119
v -41.932243 37.294498 -15.815125
v -40.730347 34.759701 -30.561935
v -42.345646 38.009602 -23.775620
v -35.318947 28.026600 -29.559738
v -35.470947 27.441000 -30.685730
v -30.513847 22.933901 -16.724976
v -31.566746 23.087799 -24.598404
v -38.291145 32.829201 -10.967514
v -39.084747 31.361401 -13.496292
v -41.620346 34.481201 -16.867477
v -39.773949 34.403099 -29.105240
v -36.487244 27.669800 -27.026245
v -34.316048 25.087099 -18.842392
v -33.188946 26.706499 -11.536011
v -36.105545 27.740700 -15.079285
v -183.370636 167.388000 200.663971
v -177.800644 162.554993 204.873962
v -180.553650 167.132004 198.840973
v -181.922638 168.725998 191.084961
v -181.058655 166.789993 174.420959
v -170.463654 161.401993 174.607941
v -173.443649 166.373001 177.883942
v -176.772644 173.011002 183.425964
v -175.326645 169.481003 190.526947
v -177.527649 173.632996 191.974945
v -172.105652 164.854996 202.074982
v -167.706650 162.794998 209.831940
v -173.159637 158.421997 212.161957
v -100.350746 89.522003 76.683365
v -88.106544 74.393997 55.889862
v -112.559845 102.343002 97.795959
v -124.423546 113.711998 119.738983
v -112.921143 100.219002 98.905975
v -133.751251 124.995003 136.853973
v -124.020042 115.995003 118.739960
v -132.584839 126.370003 144.710968
v -132.091248 122.820000 139.040955
v -120.772949 111.948997 123.103973
v -111.569244 98.463799 100.767975
v -109.482048 98.447800 101.974945
v -97.152542 85.518402 80.995758
v -99.307747 85.483200 79.766754
v -73.726143 59.759499 30.953262
v -164.398651 163.352005 196.991974
v -162.224640 162.363998 200.891968
v -160.057648 158.481995 200.659943
v -160.221649 158.710007 198.825958
v -156.667053 155.949997 200.023956
v -156.477844 154.078003 195.811981
v -158.251251 156.110001 197.930969
v -153.217255 151.766006 193.072968
v -154.428650 153.496002 197.280975
v -150.978149 148.675003 185.918976
v -155.331940 152.302994 192.449982
v -153.236938 149.537003 181.719940
v -162.780640 163.882004 179.578949
v -164.623657 164.473999 184.678955
v -165.130646 166.891006 182.861969
v -167.057648 168.593994 191.180969
v -166.118652 165.828003 190.949982
v -74.867149 -17.309900 -26.767242
v -81.740250 -13.903400 -7.514572
v -93.639542 9.318630 -16.248718
v -48.706448 28.713699 -32.543839
v -70.639748 36.474800 -0.024139
v -68.241089 42.046200 -8.989532
v -70.462250 29.827299 -43.117035
v -67.964104 37.342899 -36.090439
v -59.282646 37.647099 -38.325638
v -59.282646 30.257401 -45.700340
v -59.282646 41.430199 -22.906113
v -74.827049 41.990799 -13.925735
v -69.986649 40.359798 -22.601746
v -76.657043 39.651699 -32.625641
v -59.282646 37.124599 1.843857
v -50.324337 42.046200 -8.989532
v -43.738346 41.990799 -13.925735
v -41.908348 39.651699 -32.625641
v -48.103146 29.827299 -43.117035
v -36.306446 33.455601 -7.286407
v -47.925747 36.474800 -0.024139
v -59.282646 42.405998 -7.996140
v -50.601307 37.342899 -36.090439
v -48.578747 40.359798 -22.601746
v -35.669647 23.415600 -9.087616
v -40.559845 26.272301 -31.382034
v -48.949146 37.037899 -21.088028
v -40.599045 30.356701 -9.828766
v 24.675156 475.112000 118.828949
v 36.950356 480.217010 121.886963
v 54.662346 483.015991 132.589966
v 52.742355 483.342010 131.477966
v 27.549553 477.502991 118.997955
v 52.107353 485.716003 138.438965
v 52.708351 484.881989 136.655975
v 50.825356 485.162994 135.780975
v 22.745453 482.747009 129.524963
v 33.010651 484.062012 129.024963
v 55.325356 482.220001 130.933960
v 19.085953 480.839996 130.026947
v 53.417351 482.214996 129.888947
v 35.367752 481.532990 123.804962
v 23.975655 476.033997 120.195953
v 32.556854 484.740997 131.685944
v 49.912354 485.990997 137.715973
v 20.879356 479.131012 126.478973
v 23.778755 481.252014 126.638947
v 26.463554 478.454987 120.771942
v 6.717552 447.128998 208.754974
v -1.361145 445.162994 220.716949
v 17.874451 425.384003 224.397980
v 10.501854 447.022003 212.956940
v 11.410355 439.356995 223.624969
v 2.366249 444.238007 222.308960
v 17.423256 440.744995 217.053955
v 15.440750 440.781006 219.049957
v 7.654152 447.795990 210.655975
v 1.538750 446.028015 217.623962
v -2.351448 444.243011 217.804962
v 8.193153 444.048004 212.595978
v 18.823654 425.592987 225.720978
v 20.100456 423.979004 225.802948
v 0.364555 444.535004 216.523956
v 9.464752 443.946014 214.770966
v 4.349052 445.138000 219.683960
v 8.918556 446.734985 214.582977
v 6.591957 447.574005 212.079956
v 5.253250 446.423004 210.866974
v 4.068657 441.963989 217.703949
v 5.547157 442.373993 219.355957
v 30.519554 452.867004 189.543976
v 70.817360 448.584015 201.312958
v 66.371361 448.440002 208.182953
v 72.005348 448.601013 199.335968
v 68.906349 449.817993 199.956940
v 67.522362 448.497986 206.042969
v 46.858353 454.756012 193.510956
v 65.590355 449.548004 204.906952
v 45.643356 454.023987 196.475983
v 33.495155 452.846985 185.389984
v 39.824257 452.468994 176.222961
v 43.124352 454.423004 178.419952
v 70.085350 449.455994 197.857941
v 34.893150 454.588989 190.960968
v 53.220352 454.248993 184.990967
v 50.912354 454.751007 187.326965
v 64.041344 449.441986 207.126984
v 36.822357 454.524994 187.425964
v 43.258354 452.393005 182.310944
v 39.393356 452.316986 188.573944
v 41.420357 454.561005 180.510956
v 38.672157 452.750000 177.973969
v 38.075851 450.276001 187.481964
v 41.970352 450.562988 180.346954
v 38.548752 405.606995 77.558762
v 48.596352 406.466003 84.268951
v 48.859352 399.429993 95.440948
v 35.262756 404.960999 80.950958
v 47.649353 407.261993 93.785980
v 49.579353 407.540009 95.505951
v 46.596352 395.904999 80.065765
v 35.667053 406.070007 83.357147
v 44.604355 406.632996 78.834656
v 52.101357 407.641998 96.301971
v 53.212357 407.697998 96.577972
v 50.525352 400.015015 96.598969
v 40.646957 405.963989 86.155975
v 41.120354 394.785004 80.453857
v 43.545357 395.140991 79.568573
v 52.906357 407.518005 95.248962
v 41.414352 406.493988 77.651855
v 41.101357 395.316986 84.716949
v 38.149155 394.803986 83.844971
v 37.635551 395.139008 85.700958
v 42.281357 396.391998 88.264954
v 50.719353 399.700012 95.012970
v 53.102356 400.750000 97.243958
v 45.578354 396.423004 83.017548
v 44.579353 396.845001 86.956970
v 51.996353 400.416992 95.617950
v 43.225357 395.446014 82.735657
v 29.575455 450.743011 174.035980
v 26.000252 450.304993 179.227966
v 40.692955 454.337006 182.400970
v 37.899353 454.109009 186.228973
v 30.150055 397.127014 69.953766
v 42.037354 402.540985 80.689453
v 41.662354 403.110992 84.258972
v 28.421852 398.157013 72.319366
v -4.387146 439.674988 209.043976
v 5.490150 446.752991 214.144958
v -1.061043 441.562988 205.299957
v 2.886154 445.390991 216.884979
v 28.096153 476.191986 124.090973
v 25.042152 478.755005 122.088959
v 26.495651 477.989014 128.230957
v 23.452354 480.080994 125.532959
v 16.149353 470.503998 121.128967
v 14.197655 472.248993 125.796967
v -7.016350 382.309998 72.430054
v -5.196541 399.170990 69.133759
v -1.968849 403.984009 79.923264
v 27.280357 389.833008 79.190155
v 32.497055 391.164001 79.667160
v 29.662956 389.933014 78.871460
v 0.350952 405.507996 82.224060
v 25.922752 408.007996 75.648773
v 37.422653 393.411011 76.670059
v 3.570953 383.131012 59.957962
v 36.468758 404.175995 74.652069
v 4.439156 401.717987 58.557373
v 33.969650 404.729004 69.277664
v 29.627655 406.557007 78.229858
v 4.245255 387.885986 88.573944
v 2.453255 401.447998 84.975952
v 0.997856 403.101013 84.506958
v 33.826653 404.571991 76.222763
v -4.348648 382.144989 65.079361
v -2.284752 399.350006 63.187561
v -0.245842 384.067993 71.498352
v -3.867744 387.063995 86.400970
v 2.899254 386.990997 86.695953
v 0.383156 388.473999 90.434967
v 25.251854 390.169006 75.019470
v 35.869957 392.554993 72.797165
v 3.136757 400.920013 82.738068
v 5.156456 384.858002 66.507355
v 32.092056 391.764008 74.985168
v 18.523552 405.230011 60.082672
v 20.563751 406.240997 69.134552
v 24.514153 407.584991 76.280258
v 23.573654 408.140015 73.977966
v 27.190956 386.372009 77.531860
v 27.314552 386.782013 79.197754
v 22.874557 385.078003 73.036362
v 7.746452 404.223999 67.403564
v 3.107452 403.196014 71.666565
v 0.813148 405.246002 76.534851
v 2.517159 386.592987 80.981354
v 14.724854 405.113007 66.541656
v 36.674957 455.303009 173.278961
v 34.942055 455.350006 175.972961
v -0.043144 453.399994 153.036957
v 12.282455 457.135010 156.710968
v 2.003456 453.220001 150.325958
v 31.556458 456.787994 173.754974
v 28.623451 455.450012 185.747955
v 30.389854 455.390015 183.023956
v 4.646652 458.428009 166.278961
v -5.152748 453.915985 159.957977
v -7.379051 453.606995 164.525970
v -0.998848 448.640991 148.165955
v 33.536354 456.384003 171.086945
v 9.151154 457.563995 159.359955
v 26.917351 456.403992 180.699982
v 25.305557 456.257996 183.628967
v 3.391457 457.542999 170.384979
v -7.833847 449.200012 158.563965
v -10.605247 448.933014 162.418976
v -2.775047 449.063995 150.994965
v 19.884956 475.911987 117.173981
v 15.633156 477.968994 125.783966
v 16.825653 476.403992 126.826965
v 18.703751 476.497009 119.544952
v -2.134850 462.481995 112.635956
v 11.532555 477.113007 127.121979
v -5.893044 465.177002 122.099945
v -5.508141 464.455994 118.477966
v 17.013855 474.669006 115.924957
v 18.107552 473.395996 131.677948
v 14.423256 478.563995 128.179962
v 21.268150 474.350006 118.266968
v 15.844353 476.997009 129.212982
v 0.241554 462.126007 110.101959
v 15.504051 475.397003 118.209961
v 12.534950 476.515991 124.539948
v 19.973656 474.890015 120.497955
v 19.733856 472.576996 129.021942
v -14.552048 447.760010 189.743958
v -23.410847 444.364990 199.787964
v 4.018753 446.958008 206.489960
v 2.294655 446.265015 208.465973
v -2.217346 444.380005 213.623962
v -3.974342 443.687012 215.621979
v 1.489655 447.760986 204.413971
v -23.639248 443.539001 184.430969
v -21.632545 444.174011 182.463959
v -4.994942 445.101013 211.382965
v -0.496246 447.325989 206.388947
v -17.486546 447.178986 191.545959
v -6.611549 444.226990 213.539948
v -28.677345 441.981995 189.475983
v -30.948349 440.595001 192.867950
v -22.087345 445.996002 196.726959
v -0.984550 449.622009 154.573944
v -28.830948 420.553986 136.538971
v -31.831646 420.622986 140.613983
v -4.277443 449.550995 159.654968
v 14.535454 397.882996 65.695465
v -18.375946 392.615997 89.674957
v 7.852257 407.139008 73.185455
v 13.290855 399.312988 72.827057
v 9.581451 399.011993 73.932251
v 6.907051 398.088013 77.302155
v 4.779854 407.869995 79.327271
v 5.245453 407.274994 76.020065
v 8.681053 409.403015 85.486969
v 18.648453 410.791992 83.066681
v 18.580353 410.720001 79.322968
v 14.562157 408.960999 73.772263
v 16.028656 399.420990 74.276459
v 7.210052 396.376007 66.165955
v -0.727348 395.117004 73.261169
v 10.970055 396.869995 65.046967
v 9.424553 399.302002 86.753967
v -13.861847 396.266998 104.891968
v -16.974445 395.707001 101.390961
v 6.756454 398.902008 85.053955
v 5.857353 398.191010 80.975266
v 12.112053 409.877991 86.080963
v 17.076752 409.755005 76.196869
v 5.943054 408.709991 82.972473
v 15.583351 410.268005 85.563965
v 11.159058 408.410004 72.305969
v -6.356941 452.487000 114.249969
v -8.544746 453.480988 118.779968
v -1.843651 451.299011 117.221954
v -3.487747 452.147003 121.328949
v -23.823048 440.351990 185.160980
v -40.800049 416.872009 161.587982
v -27.075645 438.925995 188.859955
v -43.724648 415.789001 164.526947
v -47.397545 436.005005 168.849945
v -50.029285 437.641998 167.889984
v -9.057945 440.411987 107.628967
v -0.506844 436.001007 110.532959
v -9.105049 438.291992 105.380951
v 0.129051 434.407013 106.767975
v 8.027252 426.264008 114.419952
v -66.338737 331.162994 99.280975
v -17.051945 427.127991 163.643951
v -3.112343 429.203003 143.400970
v -19.528545 428.343994 163.448944
v -28.341045 424.165009 179.374969
v 5.472153 429.917999 110.835968
v -30.386147 442.992004 132.301971
v -39.309845 439.769989 153.352966
v 7.633957 430.533997 119.189972
v 4.944756 430.273010 128.533966
v -35.445648 354.502991 82.053955
v -37.216446 345.908997 141.326965
v -34.609245 343.910004 136.703949
v -45.688148 387.733002 109.243958
v -28.777145 378.789001 75.257568
v -31.738346 396.023987 103.870972
v -19.582447 392.286987 81.627655
v -35.371647 440.837006 129.197968
v -19.344746 443.725006 113.695953
v -41.806747 441.737000 151.723969
v -46.198246 438.058014 148.707977
v -63.283497 391.334991 147.463959
v -67.468193 390.653992 161.122955
v -52.642448 430.523987 178.294952
v -67.921074 388.781006 166.523956
v -74.939644 383.644989 167.550964
v -60.655327 358.056000 101.384979
v -15.097546 368.847992 71.637970
v -31.259346 424.257996 109.916962
v -20.361645 432.040985 99.738953
v -16.674644 410.165009 93.006958
v -47.788948 436.914001 141.958954
v -60.595146 426.727997 172.767975
v -66.134399 402.778015 178.462982
v -50.068966 431.054993 177.834961
v -49.030247 426.897003 167.646942
v -6.223045 430.800995 141.760956
v -36.335846 418.247986 176.166962
v -31.678047 425.351013 178.926971
v -26.367947 418.429993 161.430969
v -40.913647 423.248993 185.077972
v -44.020847 419.888000 182.342957
v -27.643044 443.182007 133.220978
v -22.102448 432.721985 118.871979
v -13.694244 431.881989 107.864960
v -16.980347 443.868011 115.079956
v 1.695656 431.908997 126.268951
v 4.421455 432.446991 115.725983
v 0.551048 426.507996 113.086945
v -2.604347 430.436005 106.919952
v -42.685349 429.808014 152.809967
v -13.942947 421.022003 142.628967
v -5.470543 424.153015 127.721954
v -30.448944 432.670013 135.567963
v -52.497005 424.415009 176.078949
v -3.552948 377.977997 92.153961
v -2.227043 392.627991 102.445953
v -10.396347 372.575989 80.589462
v -18.461945 380.436005 78.265259
v -20.149147 376.299988 73.011353
v -19.291748 391.936005 103.079956
v -6.327751 392.542999 102.650970
v -9.059151 373.217987 83.876953
v -6.916145 380.450012 91.356964
v -14.974148 375.096008 77.321762
v -66.273247 327.177002 105.754974
v -54.450855 326.316986 98.222961
v -63.502434 385.966003 136.521942
v -60.816216 391.010986 143.623962
v -38.545845 394.320007 109.715973
v -40.509846 401.923004 119.062958
v -41.382847 352.444000 135.958954
v -73.857246 387.907013 148.361969
v -77.033646 386.112000 158.091949
v -63.295956 400.191986 174.399963
v -21.160046 397.571991 93.604950
v -23.359146 395.544006 83.503967
v -33.571247 393.595001 90.313965
v -42.588146 348.657990 79.354858
v -41.801048 354.468994 86.893951
v -47.260048 351.869995 82.290558
v -52.684624 349.984985 86.704956
v -60.223076 351.069000 95.853973
v -51.182915 356.446991 97.601959
v -52.734856 387.052002 109.874969
v -54.294727 394.639008 118.667969
v -47.717945 398.972992 122.418976
v -56.097404 397.368988 132.441956
v -59.144768 392.057007 124.666962
v -23.714146 436.265991 103.948944
v -23.361847 440.587006 110.569977
v -14.905247 431.238007 100.602966
v -42.107147 438.792999 131.344940
v -44.045246 426.187988 122.373962
v -53.666866 429.890015 137.657959
v -47.879047 431.638000 127.268951
v -60.414238 419.955994 156.519958
v -59.072563 428.907013 167.576965
v -57.957085 426.778015 177.463959
v -63.800468 424.166992 164.149963
v -53.937496 433.640991 166.116974
v -45.880447 352.998993 90.987946
v -59.605766 331.276001 116.406952
v -60.237846 330.049011 121.452972
v -54.941517 330.671997 120.944977
v -59.281853 331.796997 115.560944
v -64.929619 329.091003 113.143951
v -60.439075 330.815002 118.905975
v -59.073479 329.200012 123.671967
v -57.129086 328.492004 125.320953
v -52.021847 327.494995 125.854950
v -54.649227 327.920990 126.114960
v -68.980156 324.410004 110.306976
v -63.545464 329.743988 110.348969
v -65.542534 326.457001 121.853973
v -66.262505 328.135010 117.587982
v -53.362907 329.914001 115.882965
v -51.453426 329.050995 117.497955
v -50.819637 327.471008 124.880951
v -58.400078 331.252991 115.429962
v -55.793694 330.722992 115.141968
v -55.940727 327.932007 109.224945
v -51.957085 326.190002 110.846954
v -46.648048 323.606995 117.381958
v -50.260006 328.356995 119.755951
v -45.776245 322.863007 121.886963
v -50.010616 327.829987 122.356964
v -50.992855 327.651001 125.891968
v -66.905083 325.084991 106.314972
v -60.540276 329.005005 109.587952
v -53.145687 322.792999 107.223969
v -48.919445 324.618011 113.679962
v -47.030647 322.260986 126.419952
v -62.587029 324.283997 105.126953
v -56.731747 322.919006 104.908966
v -61.587517 306.744995 98.180969
v -54.536736 308.157990 102.828949
v -65.066216 311.821991 102.604950
v -59.266472 311.420013 102.223969
v -72.177444 306.600006 109.028961
v -70.446144 307.535004 113.798981
v -72.622543 304.589996 103.265961
v -73.304848 307.506989 115.294952
v -72.304848 298.890015 98.986969
v -71.403847 298.532990 99.624969
v -71.519150 304.316986 103.768951
v -70.538849 305.424011 109.301971
v -59.282707 302.799988 120.187958
v -62.338737 308.878998 116.045959
v -63.833855 306.520996 100.119965
v -62.017696 308.295990 109.168976
v -59.282707 306.367004 100.149963
v -63.132626 293.464996 98.473969
v -63.491875 291.023987 94.535980
v -55.432796 293.464996 98.473969
v -55.424187 303.605988 118.844940
v -56.226677 308.878998 116.045959
v -59.282707 306.984985 114.493958
v -59.282707 308.981995 107.216949
v -54.731556 306.520996 100.119965
v -59.282707 300.609985 95.321960
v -59.282707 293.950989 93.088959
v -56.722649 299.445007 96.993958
v -56.547726 308.295990 109.168976
v -55.073536 291.023987 94.535980
v -45.260647 307.506989 115.294952
v -48.026646 305.424011 109.301971
v -47.046246 304.316986 103.768951
v -45.942848 304.589996 103.265961
v -48.119247 307.535004 113.798981
v -46.387947 306.600006 109.028961
v -78.157646 51.577000 -15.167953
v -85.715042 54.027199 -18.400482
v -75.554550 255.854996 89.418976
v -79.727249 253.858002 93.059967
v -64.363335 289.833008 89.622955
v -63.809624 284.539001 74.091553
v -64.004509 288.506012 97.866974
v -65.589348 290.798004 100.578949
v -73.772644 285.234985 90.745972
v -73.451950 284.153992 96.511963
v -68.309196 289.151001 90.545959
v -73.851646 284.257996 83.667969
v -68.624016 283.604004 75.571655
v -68.067062 270.692993 69.077866
v -73.252449 268.726013 70.714066
v -68.417778 269.282990 66.467361
v -74.578346 255.384003 102.478973
v -66.805473 290.127014 100.249969
v -59.282646 287.559998 82.312759
v -63.922787 293.467987 81.299164
v -64.465324 288.286987 81.555466
v -63.661427 277.712006 68.998352
v -59.282646 283.947998 74.865356
v -64.885010 287.122986 73.198761
v -59.282646 277.282990 69.799164
v -67.701958 278.687012 68.482056
v -59.282646 289.066986 98.398956
v -76.657043 43.865200 -21.280884
v -81.765144 36.456001 -27.245743
v -86.123444 48.531799 -22.499161
v -90.551147 46.966900 -19.415161
v -94.004845 27.930401 -30.231232
v -83.091347 48.407600 -21.683731
v -82.803345 53.594101 -18.463974
v -76.725044 47.350101 -18.845337
v -66.278435 291.713013 91.343964
v -67.576775 286.972992 98.267975
v -68.244926 287.708008 82.641052
v -66.766655 290.859009 82.180359
v -67.420273 286.260986 74.092758
v -72.560844 268.975006 73.320557
v -73.467445 281.011993 78.127258
v -73.845848 253.270996 105.210968
v -68.327263 252.774994 105.193970
v -72.045845 41.594200 -11.386826
v -76.681046 44.199402 -9.840515
v -74.476547 45.565300 -18.733215
v -77.344444 255.658005 93.546967
v -79.926247 260.377014 97.876953
v -78.510849 253.936005 88.370972
v -41.863647 138.832993 23.119461
v -40.305447 113.070999 10.317856
v -35.003944 80.474503 -5.849045
v -39.170746 138.772995 23.230560
v -37.462448 113.035004 10.455963
v -37.971046 80.542999 -5.954041
v -35.762047 53.594101 -18.463974
v -29.154045 52.511700 -15.400375
v -38.838146 253.858002 93.059967
v -54.560905 288.506012 97.866974
v -54.642635 293.467987 81.299164
v -54.100086 288.286987 81.555466
v -54.211235 285.286987 108.131958
v -54.220146 283.302002 104.667969
v -50.256218 289.151001 90.545959
v -45.113548 284.153992 96.511963
v -50.320488 287.708008 82.641052
v -45.098045 281.011993 78.127258
v -45.201248 275.566010 73.806458
v -50.498344 270.692993 69.077866
v -52.976067 290.798004 100.578949
v -54.202076 289.833008 89.622955
v -59.282646 289.006989 90.039948
v -54.755787 284.539001 74.091553
v -54.903984 277.712006 68.998352
v -53.586906 279.328003 67.050064
v -53.680416 287.122986 73.198761
v -50.147636 269.282990 66.467361
v -59.282646 283.846008 106.399963
v -51.759937 290.127014 100.249969
v -49.974476 284.575012 107.485962
v -30.637947 18.203501 -35.800232
v -30.835247 28.231100 -30.828339
v -32.442047 48.531799 -22.499161
v -35.474144 48.407600 -21.683731
v -40.407745 51.577000 -15.167953
v -28.014244 46.966900 -19.415161
v -32.850346 54.027199 -18.400482
v -24.560547 27.930401 -30.231232
v -24.616547 18.162701 -34.379639
v -52.286976 291.713013 91.343964
v -51.798756 290.859009 82.180359
v -51.145134 286.260986 74.092758
v -49.941395 283.604004 75.571655
v -50.863457 278.687012 68.482056
v -49.825855 276.946991 70.802063
v -45.312946 268.726013 70.714066
v -46.004547 268.975006 73.320557
v -44.792747 285.234985 90.745972
v -44.713844 284.257996 83.667969
v -50.988636 286.972992 98.267975
v -46.519547 41.594200 -11.386826
v -41.884346 44.199402 -9.840515
v -44.088844 45.565300 -18.733215
v -41.840347 47.350101 -18.845337
v -38.639145 260.377014 97.876953
v -41.221046 255.658005 93.546967
v -40.054546 253.936005 88.370972
v -43.010849 255.854996 89.418976
v -87.730247 28.231100 -30.828339
v -34.620445 17.586000 -36.300339
v 52.936508 270.648254 -495.456757
v 52.429832 269.551270 -497.323761
v 0.203110 289.900024 -497.439056
v 0.723579 290.706299 -495.926666
v -1.036766 274.536377 -502.798737
v 29.052727 263.979309 -495.579193
v 29.124161 262.780212 -497.436523
v -0.837769 275.439575 -501.107758
v 29.792595 262.958801 -499.539764
v 29.409950 261.172913 -491.907928
v 25.093231 263.341492 -493.567780
v 25.628944 264.285522 -497.769196
v 31.935699 260.943298 -496.470123
v 13.439201 219.158875 -358.263000
v 7.744797 216.474915 -362.063843
v 6.938599 193.926941 -393.809937
v 12.372772 215.352417 -363.648193
v 12.367668 193.906494 -393.832428
v 13.229996 216.036133 -362.686340
v 52.866096 216.036133 -362.686340
v 52.855888 219.158875 -358.263000
v 53.503914 215.352417 -363.648193
v 58.932976 193.926941 -393.809998
v 58.126778 216.474915 -362.063843
v 53.509010 193.906494 -393.832428
v 15.168999 186.768066 -366.710693
v 19.796974 185.696594 -368.330750
v 14.362801 162.985291 -402.480530
v 19.791878 162.975098 -402.502472
v 20.975655 189.349976 -362.828705
v 60.841316 189.349976 -362.828705
v 20.975655 186.344604 -367.346985
v 66.112206 186.768066 -366.711212
v 61.489342 185.696594 -368.330750
v 66.918419 162.990417 -402.480591
v 61.494438 162.975098 -402.502472
v 60.841316 186.344604 -367.346985
v 53.636574 228.659729 -380.546021
v 61.504646 228.027039 -381.445801
v 65.346825 224.547119 -386.353943
v 59.922859 224.531799 -386.381500
v 65.346825 203.422729 -416.087769
v 59.922859 203.402283 -416.120911
v 53.636574 225.536987 -384.974487
v 59.591209 225.353333 -385.225311
v 58.509468 230.256836 -390.632324
v 58.529869 234.129639 -375.884155
v 58.529869 235.247070 -384.056641
v 15.811867 235.287842 -384.057312
v 15.811867 234.170471 -375.879700
v 15.796555 230.297668 -390.632996
v 13.092224 212.724609 -373.524597
v 53.151833 212.699097 -373.528168
v 13.102432 216.260620 -368.867004
v 53.162041 216.229980 -368.870087
v 13.102432 215.469727 -363.076172
v 53.162041 215.439087 -363.074158
v 20.133743 183.834167 -378.278687
v 61.576073 187.344666 -373.623596
v 20.143944 187.370239 -373.621033
v 20.143944 186.579346 -367.825073
v 61.576073 186.548706 -367.828156
v 61.565880 183.803528 -378.276978
v 58.948296 222.822449 -396.815674
v 66.357140 222.791809 -396.818939
v 66.367332 226.236023 -392.283722
v 58.958488 226.266663 -392.280457
v 66.367332 225.460449 -386.634888
v 58.958488 225.496216 -386.636658
v 52.121124 200.968384 -392.118774
v 59.535072 203.616577 -381.937408
v 59.529976 200.942871 -392.121521
v 52.131332 204.417725 -387.582977
v 59.540184 204.392212 -387.586304
v 52.131332 203.647217 -381.939209
v 6.045662 200.968384 -392.118713
v 13.454506 200.942871 -392.121460
v 13.464714 204.392212 -387.586243
v 13.464714 203.616577 -381.937408
v 6.055862 204.417725 -387.582947
v 6.055862 203.647217 -381.939148
v 13.281021 168.495972 -404.783936
v 20.674553 165.021179 -409.322479
v 20.689865 168.470520 -404.781616
v 20.689919 167.694946 -399.137878
v 13.281067 167.720459 -399.135132
v 13.270813 165.051880 -409.324219
v 68.137901 168.470520 -404.781677
v 60.734169 168.495972 -404.783997
v 68.137901 167.694946 -399.137878
v 60.729057 167.720459 -399.135132
v 60.718864 165.051880 -409.324280
v 68.132805 165.021179 -409.322479
v 79.756325 183.191223 -483.888855
v 79.756325 174.960876 -407.851440
v 73.311852 174.960876 -407.851440
v 84.317970 178.660217 -484.379181
v 84.317970 170.434937 -408.341675
v 73.311852 183.191223 -483.888855
v 82.042259 137.141052 -426.652466
v 75.347755 137.141052 -426.652466
v 75.347755 143.019165 -470.787231
v 82.042259 143.019165 -470.787231
v 86.777382 138.329956 -471.411713
v 86.777382 132.451843 -427.276978
v 72.571983 100.816284 -425.241394
v 70.745293 109.980408 -480.206360
v 70.745293 102.627747 -425.000244
v 68.158318 102.627747 -425.000244
v 68.158318 109.980408 -480.206360
v 72.571983 108.169006 -480.447723
v 46.437035 203.249268 -511.690887
v 20.949989 210.816223 -506.319489
v 47.059540 207.229187 -506.707794
v 47.059540 206.540344 -500.336273
v 20.949989 210.122314 -499.947968
v 20.332588 206.841370 -511.302094
v 53.682503 232.598816 -510.336182
v 27.567947 236.185913 -509.948395
v 28.190453 239.477051 -498.588165
v 54.299904 236.573669 -505.348480
v 54.299904 235.884888 -498.976959
v 28.190453 240.165894 -504.959656
v 16.189400 79.074524 -507.271606
v 42.304100 75.492554 -507.748199
v 42.921501 79.344910 -502.664032
v 16.811958 82.079895 -495.834320
v 42.921501 78.497925 -496.311432
v 16.811958 82.926880 -502.186951
v 52.733437 112.174500 -500.870514
v 26.618980 116.593262 -506.747070
v 52.733437 113.021545 -507.223145
v 52.105827 109.164001 -512.302124
v 26.001526 112.745972 -511.825104
v 26.618980 115.751343 -500.393951
v 103.717720 181.951355 -430.421265
v 51.110832 214.734985 -425.990479
v 51.309822 218.674133 -460.597107
v 103.799370 185.890503 -463.221436
v 84.052635 205.494324 -428.140320
v 83.899559 208.576233 -461.741547
v -5.276962 290.706299 -495.926666
v -56.983311 269.541016 -497.322723
v -57.489990 270.638062 -495.455200
v -4.756531 289.900024 -497.439056
v -3.516586 274.536377 -502.798737
v -3.715584 275.439575 -501.107758
v -33.677490 262.780212 -497.436523
v -33.606052 263.979309 -495.579193
v -34.345917 262.958801 -499.539276
v -36.488972 260.943298 -496.470123
v -29.646507 263.341492 -493.567291
v -30.182270 264.285522 -497.769196
v -33.963230 261.172913 -491.907928
v -17.783016 216.036133 -362.686340
v -17.992218 219.158875 -358.263000
v -12.297817 216.474915 -362.063843
v -11.491669 193.926941 -393.809937
v -16.920746 193.906494 -393.832397
v -16.925793 215.352417 -363.648193
v -57.409370 219.158875 -358.263000
v -57.230785 216.036133 -362.686340
v -62.680264 216.474915 -362.063843
v -58.062492 193.906494 -393.832336
v -63.486462 193.926941 -393.809875
v -58.057388 215.352417 -363.648193
v -25.528625 189.349976 -362.828705
v -25.528625 186.344604 -367.346985
v -19.721970 186.768066 -366.710693
v -18.915771 162.985291 -402.480469
v -24.344845 162.975098 -402.502411
v -24.349945 185.696594 -368.330750
v -65.394798 189.349976 -362.828705
v -70.665184 186.768066 -366.710693
v -65.394798 186.344604 -367.346985
v -66.042305 185.696594 -368.330750
v -71.471893 162.985291 -402.480408
v -66.047920 162.975098 -402.502380
v -58.190052 228.659729 -380.545898
v -64.144684 225.353333 -385.225220
v -66.058128 228.027039 -381.445618
v -69.900314 224.547119 -386.353790
v -69.900314 203.422729 -416.087646
v -64.476349 224.531799 -386.381409
v -64.476349 203.402283 -416.120819
v -58.190052 225.531921 -384.974426
v -63.062950 230.256836 -390.632233
v -63.083363 235.247070 -384.056580
v -20.364937 235.287842 -384.057312
v -63.083363 234.129639 -375.884033
v -20.349628 230.297668 -390.632965
v -20.364937 234.170471 -375.879639
v -17.645298 212.724609 -373.524597
v -57.715519 216.229980 -368.870087
v -57.705318 212.693970 -373.528168
v -17.655453 215.469727 -363.076172
v -57.715519 215.439087 -363.074158
v -17.655502 216.260620 -368.867004
v -66.129562 186.548706 -367.828156
v -66.119354 183.803528 -378.276855
v -66.129562 187.344666 -373.623596
v -24.696915 186.579346 -367.825073
v -24.696915 187.370239 -373.621033
v -24.686714 183.834167 -378.278656
v -63.501766 222.822449 -396.815552
v -70.910614 222.791809 -396.818848
v -70.920822 226.236023 -392.283630
v -63.511971 226.266663 -392.280334
v -70.920822 225.460449 -386.634766
v -63.511971 225.491089 -386.636566
v -56.674610 200.968384 -392.118652
v -64.083458 200.942871 -392.121399
v -64.093658 204.392212 -387.586182
v -56.684811 204.417725 -387.582886
v -64.088554 203.616577 -381.937317
v -56.684811 203.647217 -381.939087
v -10.598732 200.968384 -392.118713
v -18.017784 204.392212 -387.586182
v -18.017784 203.616577 -381.937378
v -10.608936 203.647217 -381.939148
v -10.608936 204.417725 -387.582947
v -18.007576 200.942871 -392.121460
v -17.823887 165.051880 -409.324219
v -25.242889 167.694946 -399.137817
v -17.834038 168.495972 -404.783905
v -25.227631 165.021179 -409.322449
v -25.242935 168.470520 -404.781616
v -17.834038 167.720459 -399.135071
v -65.272339 165.051880 -409.324158
v -72.691391 167.694946 -399.137756
v -65.282547 167.720459 -399.135010
v -72.691391 168.470520 -404.781555
v -65.287651 168.495972 -404.783844
v -72.686287 165.021179 -409.322388
v -77.865341 174.960876 -407.851257
v -84.309807 174.960876 -407.851257
v -73.303688 170.434937 -408.341583
v -73.303688 178.660217 -484.379181
v -77.865341 183.191223 -483.888855
v -84.309807 183.191223 -483.888855
v -86.595726 137.141052 -426.652344
v -86.595726 143.019165 -470.787079
v -79.900726 137.141052 -426.652344
v -75.166107 132.451843 -427.276825
v -79.901237 143.019165 -470.787079
v -75.166107 138.329956 -471.411560
v -75.298775 109.980408 -480.206360
v -72.711288 102.627747 -425.000122
v -75.298775 102.627747 -425.000122
v -72.711800 109.980408 -480.206360
v -70.885101 108.169006 -480.447723
v -70.884590 100.816284 -425.241272
v -25.503265 210.816223 -506.319489
v -50.990311 203.249268 -511.690399
v -51.612919 207.229187 -506.707794
v -25.503265 210.122314 -499.947968
v -51.612919 206.540344 -500.336273
v -24.885864 206.841370 -511.302094
v -58.235977 232.598816 -510.336182
v -58.853378 236.573669 -505.348480
v -32.743729 240.165894 -504.959656
v -32.743729 239.477051 -498.588165
v -58.853378 235.884888 -498.976959
v -32.121223 236.185913 -509.947876
v -46.857174 75.492554 -507.748199
v -47.474575 78.497925 -496.311432
v -47.474575 79.344910 -502.664032
v -21.365028 82.079895 -495.834320
v -21.365028 82.926880 -502.186951
v -20.742523 79.074524 -507.271088
v -57.286911 113.021545 -507.223145
v -56.659302 109.164001 -512.302124
v -30.554649 112.745972 -511.825104
v -31.172058 116.593262 -506.746552
v -31.172058 115.751343 -500.393951
v -57.286911 112.174500 -500.870514
v -95.162849 204.774902 -428.413086
v -94.917923 207.892517 -462.010437
v -64.410019 219.669067 -425.651672
v -64.639626 223.567383 -460.262726
v 51.470558 16.420776 -450.747375
v 51.611900 16.752441 -421.897339
v 37.313896 34.101013 -452.615143
v 37.313896 33.116211 -422.136414
v 68.062904 -20.337708 -403.515411
v 76.158043 -21.220459 -412.150024
v 67.238335 -76.060699 -400.253998
v 58.922783 -69.562103 -395.014954
v 26.566582 -21.021484 -412.062897
v 33.028404 -20.092773 -403.792999
v 26.328445 -25.118713 -461.944427
v 75.274788 -23.853333 -461.899506
v 42.076477 -68.671753 -401.254883
v 59.161064 -68.425293 -399.973969
v 43.104431 -69.457001 -394.997955
v 66.032616 -76.868408 -394.636475
v 15.148285 -196.685577 -414.389374
v 20.800232 -196.686584 -414.384949
v 15.165680 -197.972931 -436.144287
v 20.817635 -197.973938 -436.139862
v 15.585464 -38.921021 -459.846924
v 15.150169 -187.737823 -407.794891
v 20.786865 -187.737823 -407.790558
v 22.477730 -32.752075 -460.234833
v 15.580666 -38.528137 -453.664734
v 22.472984 -32.364319 -454.042419
v 15.552605 -36.237122 -417.264038
v 22.444878 -30.073303 -417.651855
v 15.547806 -35.849365 -411.081787
v 35.301979 -32.522522 -460.249786
v 35.297180 -32.129639 -454.037048
v 35.264320 -29.450745 -411.454102
v 35.269112 -29.838623 -417.666870
v 22.440132 -29.685486 -411.464569
v 86.673286 -197.968353 -436.089386
v 86.655434 -196.686066 -414.334106
v 81.020729 -197.972443 -436.093475
v 86.282951 -33.395020 -460.140015
v 86.277840 -33.007202 -453.957825
v 86.647270 -187.732697 -407.740112
v 81.005424 -187.732208 -407.744446
v 81.008476 -196.685577 -414.338562
v 86.249779 -30.716187 -417.557129
v 86.245201 -30.328430 -411.374939
v 79.380272 -26.838257 -454.346283
v 79.352211 -24.547241 -417.955780
v 79.385368 -27.226074 -460.538666
v 66.558678 -26.986267 -460.573944
v 66.553581 -26.598511 -454.361176
v 66.525505 -24.307434 -417.991028
v 66.520927 -23.914551 -411.783386
v 79.347618 -24.159485 -411.768494
v 12.567123 -124.028900 -400.012207
v 6.408394 -124.032990 -400.016663
v 7.015900 -128.337463 -461.914612
v 13.167847 -128.297119 -461.104584
v 38.689476 -128.407349 -463.179291
v 38.637947 -128.797699 -469.366547
v 15.414841 -128.794647 -469.118805
v 16.689545 -128.413483 -463.180511
v 14.170280 -51.374268 -430.310730
v 14.207588 -55.589935 -434.063904
v 26.347633 -51.188507 -430.491974
v 26.372993 -55.429199 -434.253754
v 95.161827 -128.339996 -461.846466
v 89.007683 -128.294067 -461.046295
v 85.485924 -128.413483 -463.127441
v 63.548195 -128.794647 -469.347504
v 86.773811 -128.790009 -469.063995
v 63.486977 -128.406311 -463.160187
v 89.516914 -124.026306 -399.952942
v 95.674629 -124.031952 -399.947845
v 87.924431 -55.591431 -434.006897
v 87.954018 -51.370178 -430.254059
v 95.291939 -59.892365 -429.149597
v 95.304192 -55.698608 -425.369446
v 75.778923 -51.185455 -430.454010
v 75.752892 -55.428192 -434.215759
v 99.859703 -44.350128 -465.835846
v 65.254478 -25.863708 -414.734467
v 65.266716 -25.225891 -404.462585
v 59.050331 -25.858643 -414.683472
v 41.827217 -28.282288 -453.226074
v 48.026260 -28.282288 -453.165039
v 93.933144 -40.538574 -401.809753
v 100.085243 -40.410950 -399.865082
v 93.898445 -44.390930 -463.000488
v 91.524254 -44.851196 -471.015472
v 87.492760 -43.645966 -471.365295
v 90.236382 -44.472565 -465.089355
v 91.882957 -40.028259 -394.057098
v 87.471825 -38.798584 -393.882141
v 90.609367 -40.390564 -399.996368
v 87.476433 -39.186401 -400.059265
v 87.487648 -43.258179 -465.177979
v 73.343498 -30.364136 -466.010834
v 74.066521 -26.542358 -400.865601
v 47.534325 -29.144653 -471.613525
v 73.352684 -30.757019 -472.177460
v 74.056313 -26.154541 -394.688477
v 66.897484 -24.929993 -401.289673
v 66.087730 -24.649292 -395.259521
v 42.090462 -28.981323 -464.097443
v 49.753258 -29.088501 -465.649261
v 48.048965 -28.889526 -462.825317
v 59.365166 -25.042175 -403.292358
v 48.769035 -121.798584 -382.394104
v 52.622192 -123.158936 -404.049438
v 52.605354 -121.795532 -382.391327
v 48.785767 -123.161987 -404.052185
v 48.770973 -137.097961 -381.431091
v 52.602295 -137.094910 -381.428345
v 52.619133 -138.457764 -403.086456
v 48.787712 -138.461365 -403.089203
v 78.624077 -123.041016 -469.283936
v 78.868492 -131.101959 -475.029053
v 23.501297 -130.753510 -474.705200
v 23.574974 -125.303467 -459.925049
v 78.784813 -125.247375 -459.931976
v 23.556404 -123.037994 -469.311279
v 44.198158 -119.817261 -380.753357
v 51.236870 -119.377930 -375.872559
v 57.290993 -119.674927 -380.527283
v 46.933357 -120.469910 -388.328003
v 54.144279 -120.288727 -388.660980
v 52.397682 -243.666443 -425.432495
v 52.382889 -242.062714 -438.575684
v 71.050926 -251.731964 -424.261108
v 71.098900 -253.687256 -449.021088
v 38.900322 -243.912872 -424.992798
v 38.066109 -248.841400 -453.845551
v 38.978279 -242.136688 -438.877899
v 24.271980 -253.158112 -448.947357
v 71.140221 -248.659241 -436.668488
v 53.421242 -248.840363 -453.833771
v 53.217148 -262.741638 -462.407074
v 71.086647 -264.497437 -455.984039
v 24.138855 -248.579132 -436.592194
v 38.098053 -262.879944 -462.466248
v 24.110641 -252.089142 -424.065247
v 63.709953 -288.372589 -415.927277
v 59.218727 -276.783783 -408.884796
v 69.540581 -299.191467 -439.878937
v 69.653358 -311.582886 -432.393982
v 69.712547 -319.916321 -443.167297
v 22.203476 -288.258301 -500.371979
v 53.613609 -250.553314 -477.831146
v 22.054787 -291.184601 -411.222046
v 20.723694 -312.022736 -433.114410
v 20.613228 -320.004578 -442.520966
v 18.435829 -300.508392 -511.992950
v 23.135651 -308.281586 -516.039795
v 64.777397 -276.497528 -400.099335
v 67.829720 -276.006653 -407.406342
v 76.065178 -303.112213 -419.563477
v 73.813438 -291.373871 -408.787659
v 76.035576 -301.637573 -438.484406
v 69.163002 -299.608337 -421.674011
v 67.900139 -291.718811 -411.399506
v 66.180077 -291.243286 -451.365173
v 69.395683 -292.100494 -458.801056
v 55.982201 -255.150665 -486.958008
v 57.962486 -260.000580 -485.610931
v 69.836021 -287.645477 -499.653046
v 69.726326 -294.273651 -502.378296
v 77.085686 -322.590027 -441.623322
v 69.749779 -321.640961 -463.227966
v 76.295799 -310.037354 -429.229309
v 25.006996 -277.040924 -400.193634
v 75.894753 -297.067261 -505.251007
v 77.312737 -325.343872 -464.680084
v 20.159409 -293.080688 -508.314056
v 74.063957 -300.094604 -511.182678
v 69.303322 -308.157043 -515.554504
v 35.670937 -255.201172 -487.502441
v 37.490799 -250.522675 -478.200043
v 25.048943 -289.753845 -453.832184
v 24.230957 -296.003387 -440.889069
v 21.560913 -293.340393 -457.352783
v 65.946892 -294.822174 -426.105957
v 66.150475 -295.872772 -439.946289
v 24.591606 -295.125275 -427.550201
v 26.474274 -288.158813 -416.185516
v 14.178291 -302.758606 -420.324738
v 20.846870 -299.972107 -421.642609
v 20.081238 -299.242493 -440.004791
v 14.496895 -301.499329 -438.518860
v 15.980606 -291.949463 -409.692169
v 31.089851 -276.365875 -408.903381
v 22.223122 -276.120453 -408.302307
v 14.416122 -324.983093 -465.063690
v 21.360336 -322.096100 -463.869690
v 13.860306 -322.567566 -442.258331
v 14.206261 -310.322571 -429.999512
v 33.696312 -259.632202 -485.499207
v 72.391365 -292.980164 -507.754822
v 22.264145 -294.587952 -503.247253
v 34.189323 -389.239563 -477.322937
v 47.381966 -385.911682 -470.774170
v 57.331810 -389.598755 -477.579590
v 56.873100 -394.568115 -486.936554
v 46.652359 -345.782959 -497.830933
v 38.548088 -348.269958 -501.751709
v 37.696327 -387.074524 -479.626709
v 46.126953 -384.929962 -475.316223
v 40.048439 -353.070374 -510.164215
v 53.994774 -390.461609 -486.531433
v 48.216583 -354.173553 -512.271606
v 54.472878 -351.522797 -507.234344
v 53.827400 -387.209778 -480.006866
v 53.807518 -348.151550 -501.540985
v 65.931084 -438.982391 -431.301605
v 65.218773 -444.624237 -434.608398
v 33.855919 -436.023438 -425.482025
v 63.327263 -442.320435 -445.300751
v 31.299309 -433.209900 -440.591339
v 63.176735 -435.933105 -446.570709
v 28.368889 -442.042877 -453.078949
v 28.450890 -445.660553 -447.469330
v 59.719780 -444.838531 -459.072723
v 30.573128 -439.318115 -439.244873
v 32.391861 -441.447937 -428.783478
v 10.502647 -438.307831 -434.459045
v 12.027534 -440.488129 -424.900116
v 83.516869 -444.904877 -449.165344
v 61.598015 -447.733704 -453.680695
v 8.259537 -443.881317 -442.625031
v 81.779472 -450.208923 -456.745636
v 85.628288 -447.203033 -439.093170
v 73.311852 -428.988098 -490.637939
v 71.448418 -429.329468 -499.543365
v 13.298111 -445.670227 -436.403412
v 22.930069 -446.519806 -438.317139
v 7.059067 -423.145203 -477.482117
v 16.848442 -423.723328 -479.451202
v 5.317734 -423.497284 -486.412537
v 14.923058 -424.512177 -488.357117
v 15.177109 -442.193390 -487.069244
v 69.593132 -450.635498 -447.586609
v 67.174049 -451.051849 -458.955383
v 77.160683 -451.900421 -461.089294
v 63.358894 -427.825226 -488.685699
v 58.846748 -446.044250 -495.734833
v 61.606697 -428.629395 -497.631439
v 20.745125 -446.957611 -449.735077
v 10.912842 -446.057526 -447.933594
v 79.428749 -451.502411 -449.534515
v 21.815735 -520.054749 -458.995178
v 22.650558 -531.516724 -449.703308
v 6.537895 -530.096191 -446.508972
v 2.609772 -519.780579 -470.874939
v 5.703079 -518.634216 -455.800903
v 26.514641 -530.084778 -430.873383
v 10.407082 -528.664124 -427.674011
v 18.717339 -521.201721 -474.079407
v 67.664391 -535.487244 -458.648956
v 50.726868 -522.604980 -464.741425
v 55.426018 -532.634460 -436.614655
v 71.533119 -534.055115 -439.814026
v 51.561890 -534.066956 -455.449554
v 63.735970 -525.171631 -483.014771
v 47.633522 -523.751343 -479.815521
v 66.834221 -524.025635 -467.940826
v 66.181602 -532.393433 -383.473114
v 54.734642 -536.562622 -437.596771
v 36.866859 -529.727844 -377.389221
v 26.055107 -533.917908 -431.817932
v 32.890892 -487.696045 -372.927612
v 76.964745 -492.770508 -390.038208
v 31.406105 -488.547150 -381.105530
v 78.745522 -492.074524 -381.866577
v -72.615875 -20.337708 -403.515259
v -38.954353 -75.665741 -401.147766
v -31.119499 -21.021484 -412.062836
v -37.581318 -20.092773 -403.792938
v -80.711006 -21.220459 -412.149902
v -79.827759 -23.853333 -461.899384
v -30.881416 -25.118713 -461.944366
v -46.629349 -68.671753 -401.254852
v -63.713520 -68.424805 -399.973877
v -47.657295 -69.457001 -394.997894
v -63.475742 -69.562103 -395.014832
v -40.475414 -76.469391 -394.546753
v -19.718552 -197.972931 -436.144287
v -25.370499 -197.973938 -436.139862
v -20.138435 -38.921021 -459.846893
v -20.133640 -38.528137 -453.664673
v -19.703041 -187.737823 -407.794952
v -25.353050 -196.686584 -414.384949
v -19.701149 -196.685577 -414.389374
v -25.339729 -187.737823 -407.790558
v -20.100731 -35.849365 -411.081787
v -27.030754 -32.752075 -460.234772
v -27.025959 -32.364319 -454.042358
v -26.993050 -29.685486 -411.464539
v -20.105526 -36.237122 -417.263977
v -26.997795 -30.073303 -417.651825
v -39.854946 -32.522522 -460.249725
v -39.850151 -32.129639 -454.036957
v -39.822033 -29.838623 -417.666809
v -39.817238 -29.450745 -411.454041
v -91.208405 -196.686066 -414.334076
v -91.225754 -197.968353 -436.089294
v -85.561447 -196.685577 -414.338440
v -85.573700 -197.972443 -436.093414
v -90.835922 -33.395020 -460.139862
v -90.830818 -33.007202 -453.957672
v -85.558388 -187.732208 -407.744385
v -91.200233 -187.732697 -407.739990
v -90.798157 -30.328430 -411.374756
v -83.933243 -26.838257 -454.346130
v -90.802750 -30.716187 -417.556946
v -83.905174 -24.547241 -417.955627
v -83.938347 -27.226074 -460.538544
v -71.111649 -26.986267 -460.573822
v -71.106552 -26.598511 -454.361084
v -71.078484 -24.307434 -417.990936
v -71.073898 -23.914551 -411.783203
v -83.900581 -24.159485 -411.768311
v -17.119942 -124.028900 -400.012207
v -19.967812 -128.794647 -469.118805
v -11.568871 -128.337463 -461.914612
v -21.242516 -128.413483 -463.180511
v -17.720764 -128.297119 -461.104584
v -43.190918 -128.797699 -469.366486
v -43.242451 -128.407349 -463.179230
v -10.961266 -124.032990 -400.016663
v -18.760555 -55.589935 -434.063843
v -11.381763 -59.892853 -429.217773
v -11.363037 -55.702667 -425.437500
v -18.723206 -51.374268 -430.310699
v -30.900551 -51.187988 -430.491943
v -30.925911 -55.429199 -434.253723
v -100.227600 -124.031952 -399.947693
v -99.714798 -128.339996 -461.846313
v -94.069382 -124.026306 -399.952850
v -90.038910 -128.413483 -463.127289
v -93.560654 -128.294067 -461.046173
v -91.326782 -128.790009 -469.063904
v -68.101173 -128.794647 -469.347443
v -68.039940 -128.406311 -463.160095
v -92.477394 -55.591431 -434.006744
v -92.506996 -51.370178 -430.253906
v -80.331894 -51.185455 -430.453857
v -80.305870 -55.428192 -434.215607
v -69.819695 -25.225891 -404.462494
v -69.807449 -25.863708 -414.734375
v -63.918129 -25.042175 -403.292236
v -63.603310 -25.853516 -414.683380
v -52.601784 -28.889526 -462.825226
v -52.579334 -28.282288 -453.164948
v -46.380188 -28.282288 -453.225983
v -104.638206 -40.410950 -399.864868
v -98.451416 -44.390930 -463.000336
v -96.077217 -44.851196 -471.015320
v -104.412674 -44.350128 -465.835693
v -94.789345 -44.472565 -465.089203
v -98.486115 -40.538574 -401.809540
v -95.162338 -40.390564 -399.996216
v -92.024803 -38.798584 -393.881958
v -96.435921 -40.028259 -394.056946
v -92.045723 -43.645966 -471.365143
v -92.040619 -43.258179 -465.177826
v -92.029396 -39.186401 -400.059143
v -54.306019 -29.088501 -465.649139
v -52.087452 -29.144653 -471.613495
v -77.905647 -30.757019 -472.177307
v -77.896461 -30.364136 -466.010712
v -78.619484 -26.542358 -400.865479
v -78.609276 -26.154541 -394.688385
v -70.640694 -24.649292 -395.259399
v -71.450462 -24.929993 -401.289551
v -46.643482 -28.981323 -464.097321
v -53.321747 -121.798584 -382.394043
v -53.338585 -123.161987 -404.052155
v -57.158329 -121.795532 -382.391296
v -57.175163 -123.158936 -404.049347
v -53.340626 -138.461365 -403.089172
v -57.155262 -137.094910 -381.428284
v -57.172104 -138.457764 -403.086395
v -53.323792 -137.097961 -381.431030
v -83.337776 -125.247375 -459.931885
v -83.421463 -131.101959 -475.028931
v -28.054268 -130.752960 -474.705200
v -28.127949 -125.303467 -459.925049
v -28.109375 -123.037476 -469.311279
v -83.177055 -123.041016 -469.283813
v -51.486374 -120.469910 -388.327942
v -48.750969 -119.816772 -380.753326
v -55.789322 -119.377930 -375.872498
v -58.697243 -120.288727 -388.660950
v -61.843964 -119.674927 -380.527161
v -56.938919 -242.230072 -441.392426
v -43.534008 -242.303558 -441.694702
v -28.699020 -264.491333 -458.812134
v -28.827759 -253.324982 -451.764160
v -28.694633 -248.746002 -439.408966
v -75.606964 -251.898834 -427.077820
v -56.953712 -243.833801 -428.249207
v -75.696259 -248.826599 -439.490265
v -75.654419 -253.854095 -451.842865
v -43.456097 -244.079742 -427.809570
v -28.666416 -252.256531 -426.887115
v -57.977280 -249.007751 -456.655609
v -42.621887 -249.008759 -456.667419
v -57.772671 -262.908508 -465.223816
v -42.653828 -263.047302 -465.288086
v -74.209389 -311.827820 -435.210175
v -74.268066 -320.160736 -445.978363
v -42.046631 -250.767090 -481.011017
v -35.645580 -276.610291 -411.714539
v -25.169003 -320.249512 -445.337219
v -24.715233 -293.325073 -511.125031
v -63.774246 -277.027679 -411.695923
v -72.456161 -291.962708 -414.210571
v -72.385750 -276.251068 -410.217407
v -78.369461 -291.618317 -411.598694
v -80.620689 -303.361725 -422.374084
v -74.096107 -299.435852 -442.690033
v -80.851837 -310.281738 -432.040405
v -80.591095 -301.882019 -441.295471
v -73.718521 -299.852722 -424.485107
v -70.736107 -291.487671 -454.181366
v -74.304810 -321.890472 -466.038574
v -74.282356 -294.517548 -505.189270
v -58.169643 -250.798218 -480.647736
v -62.518513 -260.245514 -488.427002
v -26.759300 -288.503204 -503.188568
v -38.252148 -259.876587 -488.315277
v -40.226818 -255.445587 -490.313416
v -74.391548 -287.889893 -502.464020
v -26.819969 -294.832367 -506.058228
v -81.641197 -322.840057 -444.439026
v -69.332916 -276.741425 -402.910400
v -78.619484 -300.338501 -513.993652
v -81.868767 -325.588806 -467.496246
v -73.859352 -308.401489 -518.365479
v -27.691174 -308.531097 -518.850708
v -60.538231 -255.395050 -489.769501
v -28.786732 -296.248322 -443.705353
v -26.116692 -293.584290 -460.163940
v -29.604717 -289.998749 -456.648438
v -70.706512 -296.117188 -442.757355
v -29.147327 -295.369141 -430.361359
v -25.402596 -300.216034 -424.453796
v -24.636963 -299.486877 -442.815979
v -70.502411 -295.066559 -428.917053
v -68.265472 -288.617004 -418.743469
v -19.052620 -301.743713 -441.330017
v -20.536331 -292.194366 -412.508423
v -31.029949 -288.402710 -418.996643
v -26.610458 -291.428497 -414.033173
v -26.778843 -276.364349 -411.113464
v -29.562721 -277.285370 -403.009857
v -18.761986 -310.567505 -432.815765
v -25.279419 -312.267151 -435.930695
v -21.121639 -296.818268 -508.931458
v -25.916111 -322.340515 -466.680878
v -18.416031 -322.812012 -445.069489
v -18.734020 -303.003021 -423.135925
v -76.947395 -293.224579 -510.571381
v -22.991302 -300.757416 -514.803467
v -18.971901 -325.227020 -467.874878
v -51.772625 -384.726379 -472.331512
v -61.682724 -388.405792 -479.194550
v -50.552261 -383.611450 -476.855042
v -38.550339 -387.681763 -478.990936
v -43.230766 -389.781433 -490.278717
v -40.121811 -393.406738 -490.639465
v -51.776707 -343.956787 -498.431519
v -42.097706 -385.520325 -481.238098
v -58.226280 -385.907593 -481.574860
v -45.094002 -350.849792 -510.954102
v -59.532528 -349.604248 -507.945648
v -53.251846 -352.029480 -513.064453
v -43.642181 -346.222839 -502.433929
v -58.904919 -346.352417 -502.179810
v -70.486595 -439.226807 -434.112732
v -36.947536 -441.691833 -431.594696
v -38.411602 -436.267853 -428.293213
v -67.732773 -436.177551 -449.381836
v -67.882782 -442.565369 -448.117035
v -35.854984 -433.454834 -443.407623
v -64.275818 -445.082428 -461.883850
v -66.153542 -447.977600 -456.491882
v -32.924564 -442.287292 -455.890198
v -33.006561 -445.904449 -450.280487
v -12.815208 -444.125214 -445.436279
v -35.128849 -439.563049 -442.061157
v -15.058327 -438.552765 -437.275360
v -16.583214 -440.732544 -427.716431
v -69.774796 -444.868652 -437.419525
v -90.183815 -447.446960 -441.904297
v -88.072403 -445.148773 -451.976471
v -86.334488 -450.457947 -459.556305
v -77.867378 -429.232513 -493.448914
v -76.003937 -429.573853 -502.359406
v -11.614845 -423.389618 -480.293091
v -17.853790 -445.914673 -439.219727
v -27.485748 -446.763702 -441.128387
v -9.873512 -423.741180 -489.223511
v -21.404217 -423.967743 -482.262177
v -19.478836 -424.756592 -491.173706
v -71.729561 -451.296783 -461.771606
v -83.984261 -451.746826 -452.350739
v -74.148666 -450.879395 -450.397736
v -67.914421 -428.069153 -491.497192
v -81.716202 -452.144806 -463.905518
v -66.162216 -428.874298 -500.448029
v -25.295700 -447.200989 -452.546356
v -19.732838 -442.438324 -489.885315
v -63.402271 -446.289185 -498.550903
v -15.468517 -446.302460 -450.749908
v -11.093216 -530.345520 -449.319855
v -31.069904 -530.334534 -433.689331
v -14.962349 -528.913452 -430.484833
v -23.272655 -521.450989 -476.890228
v -26.371052 -520.304504 -461.811035
v -10.258392 -518.883545 -458.611725
v -7.165100 -520.029907 -473.685760
v -27.205822 -531.766479 -452.519165
v -55.282135 -522.854309 -467.552185
v -59.981033 -532.883850 -439.425354
v -76.088638 -534.304504 -442.624725
v -56.116901 -534.316284 -458.260315
v -68.291496 -525.421448 -485.830841
v -52.188992 -524.001160 -482.631592
v -72.219406 -535.736572 -461.459747
v -71.389740 -524.274963 -470.751556
v -30.610729 -534.162598 -434.634247
v -41.422440 -529.972534 -380.205505
v -70.737129 -532.638184 -386.289398
v -59.290668 -536.806885 -440.407990
v -81.520264 -493.015411 -392.854431
v -35.961678 -488.792084 -383.921814
v -83.301041 -492.318939 -384.682800
v -37.446407 -487.940979 -375.743988
v 112.720085 241.997681 -438.829437
v 98.721336 249.983093 -439.244629
v 82.716789 248.227844 -440.123749
v 116.431648 245.253052 -452.981659
v 100.182182 251.069946 -468.050232
v 81.785591 252.442566 -454.471954
v 100.268929 254.478455 -453.454712
v 84.184288 249.309570 -468.927826
v 68.055260 239.931152 -455.644958
v 72.291862 238.471863 -469.944855
v 114.183983 243.089661 -467.634430
v 98.506004 240.681274 -479.107269
v 82.397392 233.410156 -480.203308
v 89.263329 239.665833 -479.619049
v 106.590935 236.073669 -478.870514
v 73.774132 119.562927 -439.566040
v 76.965752 119.226135 -439.356415
v 77.711235 118.282227 -436.804260
v 71.407585 119.552734 -444.229736
v 68.965019 118.925110 -445.060272
v 69.572746 119.098633 -440.081024
v 73.154686 118.848572 -436.979767
v 71.942863 119.634399 -441.150818
v 79.474663 118.787354 -441.582092
v 76.694313 119.042480 -447.090149
v 81.653954 117.511719 -445.952942
v 71.814262 118.603699 -448.803986
v 73.683830 119.302673 -446.912262
v 81.559563 117.777100 -440.311676
v 79.119026 118.838379 -445.085663
v 77.179039 118.032227 -449.623077
v 103.013069 118.557739 -475.122375
v 105.249504 118.374023 -472.819244
v 97.932487 118.419983 -473.893188
v 100.622032 118.532227 -475.492188
v 99.196373 118.164856 -468.003693
v 102.301262 118.067932 -467.450806
v 94.742912 117.481140 -470.584930
v 97.617668 117.159668 -465.951538
v 97.376823 118.261780 -470.423218
v 107.553276 117.154541 -468.659943
v 105.198479 118.052612 -469.458069
v 103.326363 116.873901 -464.918732
v 95.735344 117.664795 -475.187073
v 104.604546 117.817871 -477.245880
v 99.914818 117.889343 -477.968414
v 107.705833 117.476013 -473.874756
v 115.669334 73.829102 -471.461334
v 115.725456 79.513367 -455.646088
v 60.757133 83.870850 -465.568390
v 109.648888 74.803711 -475.130280
v 109.560097 83.875977 -465.950714
v 109.553963 83.498352 -454.915314
v 115.687187 80.406311 -464.273254
v 60.661201 83.360596 -455.072571
v 60.549461 75.717102 -474.600220
v 100.047997 -61.974213 -464.902191
v 93.504021 -60.342926 -458.975159
v 87.812172 -60.582245 -464.441284
v 87.476936 -62.401794 -452.883087
v 95.282768 -62.072174 -453.168091
v 82.323906 -62.778320 -465.545502
v 82.180016 -62.842133 -458.132629
v 87.235588 -62.571716 -470.473206
v 94.646477 -62.085449 -470.504333
v 99.933189 -61.936432 -458.188660
v 85.638496 -73.330353 -471.826416
v 97.191093 -72.679749 -442.977112
v 77.744911 -73.908966 -445.261871
v 88.486214 -73.259949 -472.727356
v 74.498192 -73.929901 -448.332184
v 103.295219 -72.434845 -468.540558
v 99.125969 -72.428223 -444.909943
v 101.412910 -72.527740 -470.697479
v 87.938194 -81.145844 -455.011078
v 93.508110 -81.383118 -465.779938
v 86.957512 -79.188019 -460.459991
v 88.088737 -81.194305 -465.860657
v 93.358086 -81.332611 -454.935089
v 94.622490 -79.451813 -460.350342
v 94.320427 -91.063599 -444.396881
v 87.688683 -88.690430 -448.934448
v 86.871788 -89.834412 -469.558289
v 86.380394 -94.113892 -473.932251
v 87.760124 -90.516113 -444.098297
v 94.253578 -89.232300 -449.180756
v 93.433617 -90.375305 -469.787994
v 92.942223 -94.654755 -474.161987
v 87.205986 -89.488983 -441.668640
v 93.300941 -90.835541 -446.839600
v 92.330437 -95.677277 -449.536346
v 85.376244 -95.050720 -448.178802
v 86.390099 -90.215057 -445.490601
v 94.114281 -90.111450 -443.024200
v 94.194908 -99.912384 -439.351166
v 93.851006 -99.218964 -444.293854
v 93.095299 -99.111816 -444.153717
v 93.507591 -99.873596 -445.637268
v 92.757011 -99.760864 -445.488739
v 93.093269 -102.518250 -431.781952
v 93.447380 -99.756775 -439.240509
v 92.406975 -102.164124 -431.728973
v 86.035988 -94.986938 -444.737946
v 85.697182 -95.496643 -446.448242
v 85.310417 -94.762421 -444.691315
v 84.962425 -95.307373 -446.355988
v 87.483055 -99.361816 -431.335938
v 86.820763 -98.967377 -431.291656
v 86.947289 -96.255371 -438.596619
v 86.266106 -95.890076 -438.560638
v 88.810219 -114.542328 -451.345490
v 88.125969 -112.449768 -444.214386
v 83.620461 -114.761688 -443.913635
v 84.327660 -116.826660 -451.136078
v 92.402901 -113.574890 -443.392914
v 93.014183 -115.636261 -450.624542
v 92.789162 -116.684814 -463.428497
v 84.193993 -118.349274 -462.699249
v 84.612389 -117.249207 -455.243713
v 93.300438 -115.578613 -455.981934
v 88.475502 -115.783234 -463.321503
v 88.900017 -114.634125 -455.950592
v 96.080788 -119.463684 -455.473511
v 95.629219 -120.579102 -463.016205
v 82.480034 -113.975403 -476.634613
v 88.029533 -112.528320 -469.667877
v 86.945763 -111.683838 -477.002991
v 83.567406 -114.881104 -469.218414
v 91.121147 -112.878876 -477.761230
v 92.296776 -113.785583 -470.358215
v 87.092705 -98.772980 -431.785583
v 85.873222 -100.314941 -427.859497
v 93.376976 -102.654449 -431.920319
v 92.826927 -103.655060 -435.242126
v 86.622261 -99.669525 -435.134155
v 77.631126 -114.338165 -411.042175
v 82.545357 -120.246399 -417.153992
v 83.951622 -118.589081 -411.082703
v 76.443779 -116.008759 -416.955933
v 78.021477 -113.968262 -414.843933
v 84.192955 -118.205383 -414.669250
v 85.122124 -130.843811 -439.233032
v 91.226768 -134.218079 -444.338715
v 86.089058 -132.353638 -445.663696
v 88.012688 -130.539185 -438.825409
v 90.190453 -132.731720 -437.996948
v 89.136772 -131.990326 -445.215027
v 87.947380 -134.267090 -453.038666
v 90.880302 -134.108398 -453.027130
v 91.000725 -134.711517 -459.649628
v 93.082542 -137.097412 -459.394958
v 87.907082 -134.908447 -459.683502
v 93.044289 -136.458588 -452.826294
v 86.049248 -131.383667 -471.990540
v 83.911308 -129.992188 -476.812164
v 87.739204 -131.523956 -478.848572
v 88.271904 -131.144348 -472.855011
v 89.787865 -132.906769 -474.055786
v 86.271721 -129.719727 -477.708679
v 77.569389 -147.659119 -479.002167
v 81.319221 -148.474487 -475.470459
v 81.147789 -148.382141 -480.616608
v 79.265984 -148.925568 -474.881287
v 82.760185 -149.713898 -476.724915
v 79.711937 -147.111603 -479.685913
v 80.058403 -157.575348 -451.874512
v 84.661369 -159.064240 -451.796295
v 82.933662 -157.705963 -457.364044
v 82.653023 -157.211548 -451.736084
v 80.184929 -158.133545 -457.412415
v 84.787910 -159.452057 -457.089752
v 79.281273 -154.564331 -441.366547
v 78.381706 -153.394348 -435.997192
v 82.941826 -154.746002 -435.123749
v 81.987144 -154.064301 -440.990143
v 80.923271 -152.949890 -435.545563
v 83.810265 -155.713928 -440.272278
v -112.380760 233.058105 -479.066956
v -88.791344 248.523804 -441.339722
v -76.820343 237.721741 -441.404327
v -118.753281 242.211975 -439.673126
v -104.810677 250.233154 -440.674255
v -106.315407 253.534485 -455.219269
v -87.817276 251.554688 -455.981842
v -73.995087 239.084106 -456.053925
v -122.416374 244.263184 -454.061859
v -106.133751 248.937073 -469.482147
v -90.120544 247.227783 -470.141205
v -78.145973 236.430847 -470.206665
v -104.327469 237.686035 -479.643555
v -88.166283 230.466003 -480.063995
v -95.081207 236.701294 -480.027252
v -120.084023 240.915955 -468.479614
v -78.174553 119.052673 -439.362762
v -81.365654 118.705750 -439.152740
v -82.111649 117.771973 -436.600952
v -83.869972 118.272034 -441.374359
v -76.342239 119.124084 -440.942535
v -73.972122 118.588379 -439.872711
v -83.518402 118.323059 -444.877380
v -75.806984 119.042480 -444.021393
v -81.094719 118.532227 -446.886871
v -81.578438 117.521912 -449.414795
v -78.079132 118.787354 -446.704559
v -73.365433 118.414856 -444.856934
v -77.554085 118.338318 -436.771454
v -85.958939 117.266785 -440.103394
v -86.054352 117.001465 -445.749664
v -76.214676 118.093445 -448.600647
v -109.649902 117.863770 -472.616028
v -109.597847 117.542358 -469.249878
v -109.003922 117.307617 -477.037689
v -107.408875 118.042358 -474.914764
v -105.021408 118.021973 -475.284027
v -104.311653 117.373962 -477.765839
v -106.701668 117.557678 -467.247620
v -103.595764 117.654602 -467.795532
v -101.775703 117.751587 -470.214996
v -102.332893 117.909729 -473.689941
v -99.142296 116.970825 -470.376740
v -112.105728 116.965759 -473.671539
v -111.952667 116.644287 -468.451752
v -107.725731 116.363647 -464.710541
v -102.018066 116.649414 -465.748291
v -100.135246 117.154541 -474.983826
v -120.068718 73.247498 -471.196869
v -120.124840 78.936768 -455.381561
v -65.060074 82.783997 -454.807892
v -64.949860 75.140503 -474.340271
v -114.048264 74.221985 -474.865814
v -65.156509 83.294312 -465.303711
v -113.952843 82.921814 -454.650848
v -113.959480 83.294312 -465.686188
v -120.080444 79.824585 -464.017426
v -91.631401 -63.153351 -470.211243
v -99.045860 -62.664032 -470.240326
v -104.332565 -62.515076 -457.924652
v -97.904427 -60.919525 -458.715820
v -86.719727 -63.359558 -465.283508
v -91.877342 -62.978851 -452.623718
v -86.575325 -63.423828 -457.870636
v -104.443810 -62.555359 -464.640289
v -99.683670 -62.649231 -452.908783
v -92.212570 -61.158783 -464.181915
v -107.695641 -73.011963 -468.281219
v -82.141754 -74.488586 -445.004486
v -90.035332 -73.910004 -471.569031
v -92.886620 -73.836517 -472.467987
v -78.894005 -74.511566 -448.070251
v -103.521782 -73.009918 -444.647980
v -105.812294 -73.106354 -470.433563
v -101.587929 -73.259399 -442.719788
v -89.591927 -86.418793 -465.617523
v -97.736046 -81.950012 -454.674988
v -92.316666 -81.761230 -454.755646
v -87.275391 -86.311646 -460.229279
v -91.335449 -79.805420 -460.199860
v -98.997894 -80.071259 -460.096802
v -92.466171 -81.811737 -465.600525
v -97.890656 -82.001007 -465.525116
v -92.137566 -91.133484 -443.838165
v -98.698883 -91.678986 -444.141510
v -92.066132 -89.307800 -448.674316
v -98.628471 -89.853790 -448.922516
v -91.250244 -90.449738 -469.302917
v -97.812073 -90.990631 -469.532623
v -97.320190 -95.272125 -473.901886
v -90.758362 -94.730774 -473.672180
v -91.584457 -90.104340 -441.413208
v -96.705338 -96.298248 -449.278107
v -97.676346 -91.454956 -446.586121
v -90.768570 -90.830414 -445.235229
v -98.492744 -90.726837 -442.768768
v -89.751633 -95.671692 -447.920532
v -98.572853 -100.529785 -439.091095
v -97.825844 -100.372131 -438.985107
v -97.886063 -100.489441 -445.381927
v -97.132927 -100.379761 -445.235229
v -98.226395 -99.838379 -444.040375
v -97.473267 -99.729218 -443.893616
v -96.789017 -102.784088 -431.469513
v -97.471222 -103.135620 -431.521881
v -90.644066 -96.507446 -438.300507
v -90.413940 -95.604340 -444.477814
v -89.337311 -95.928345 -446.097717
v -90.075638 -96.111481 -446.192810
v -89.688873 -95.377777 -444.435913
v -91.199219 -99.582764 -431.036224
v -91.323212 -96.874847 -438.343079
v -91.857956 -99.982788 -431.077698
v -97.392136 -116.253693 -450.364532
v -92.504440 -113.065094 -443.959045
v -96.780853 -114.192230 -443.132843
v -87.998924 -115.379089 -443.653595
v -88.705620 -117.443604 -450.876068
v -93.185112 -115.163269 -451.087311
v -88.571930 -118.966156 -462.439209
v -92.852936 -116.400116 -463.061401
v -88.990852 -117.864532 -454.988373
v -97.164566 -117.304291 -463.174988
v -97.678383 -116.196014 -455.721924
v -93.278488 -115.249512 -455.695282
v -91.323212 -112.300781 -476.742767
v -86.858002 -114.592834 -476.374359
v -96.674721 -114.400940 -470.102875
v -87.940750 -115.504120 -468.966797
v -92.408005 -113.143677 -469.412567
v -95.499619 -113.494232 -477.506104
v -91.468628 -99.392426 -431.532043
v -97.754921 -103.271362 -431.660248
v -90.249130 -100.934418 -427.605957
v -86.427345 -106.337463 -433.470306
v -88.608673 -103.712189 -435.779449
v -91.000221 -100.286865 -434.874084
v -97.202827 -104.274536 -434.988678
v -88.330070 -119.204468 -410.827362
v -82.009079 -114.955597 -410.782104
v -75.195190 -124.581970 -405.643372
v -79.994102 -117.449188 -408.473511
v -74.686470 -125.067230 -412.665283
v -71.826004 -129.344696 -403.248505
v -76.673904 -121.727173 -415.539551
v -86.923309 -120.863800 -416.893951
v -80.819687 -116.628174 -416.702454
v -78.109238 -119.932587 -416.325134
v -82.399933 -114.583618 -414.588562
v -88.567848 -118.826355 -414.411072
v -86.886574 -134.924255 -438.178711
v -88.203026 -136.479523 -445.438629
v -90.467003 -132.971039 -445.403656
v -89.502129 -131.465790 -438.980225
v -92.390656 -131.156555 -438.565430
v -93.512184 -132.611298 -444.956848
v -92.329933 -134.884979 -452.783936
v -95.255714 -134.729858 -452.768982
v -95.378685 -135.328918 -459.389648
v -89.681725 -138.350128 -452.060608
v -89.864403 -138.929230 -459.577881
v -92.285027 -135.525848 -459.423523
v -88.289253 -130.609619 -476.552460
v -90.427208 -132.001038 -471.730591
v -90.649162 -130.336609 -477.448456
v -92.650375 -131.759705 -472.599731
v -80.432915 -149.999115 -479.223114
v -87.138130 -150.331329 -476.465210
v -83.643929 -149.542969 -474.621307
v -85.694122 -149.095490 -475.212372
v -84.087845 -147.730560 -479.432831
v -81.947342 -148.276520 -478.741943
v -85.523697 -149.001099 -480.363525
v -85.417053 -151.084442 -481.520752
v -84.436356 -158.192749 -451.614532
v -87.030975 -157.828430 -451.476105
v -84.560341 -158.754517 -457.154327
v -82.694351 -160.359283 -450.890198
v -82.892838 -160.976654 -457.581482
v -87.311615 -158.323395 -457.104126
v -89.036774 -159.685242 -451.538208
v -85.301735 -153.565277 -435.290344
v -88.185669 -156.334930 -440.014191
v -82.087151 -157.491150 -441.502533
v -80.952866 -156.125702 -435.015778
v -83.659233 -155.181763 -441.106598
v -82.757622 -154.013794 -435.743805
v -86.365608 -154.679657 -440.734924
v -87.319778 -155.363403 -434.863770
v 6.178322 77.564148 -506.048035
v -8.037270 72.711731 -511.219940
v -2.751320 368.999146 -439.707886
v -2.751358 349.640320 -468.458344
v 5.392235 344.981689 -465.346405
v -2.751381 338.817810 -481.251862
v 5.325951 364.478333 -437.188019
v 5.581024 334.373596 -476.518768
v -10.828598 364.483459 -437.184326
v -10.894981 344.981689 -465.346527
v -11.680466 77.569275 -506.042938
v 2.535118 72.711731 -511.221954
v -14.609306 73.783203 -502.941620
v -11.353905 72.997437 -512.258301
v 5.851761 72.992371 -512.261353
v 29.119209 48.831909 -517.787842
v -37.851242 50.469849 -509.418243
v 9.107162 73.783203 -502.948761
v -34.621349 48.857422 -517.775146
v 32.349098 50.449463 -509.432007
v -79.044014 209.300842 -386.223022
v 53.590645 237.282959 -473.348724
v 68.454277 184.318909 -490.829285
v 70.934074 182.481995 -490.150116
v -76.436638 182.481995 -490.149628
v 70.719780 169.914551 -408.669861
v -77.242828 182.165649 -393.219604
v 71.740288 182.165649 -393.219727
v -72.094398 184.201538 -391.988037
v -77.411209 185.655762 -401.751648
v 66.591850 184.201538 -391.988129
v 71.913765 185.655762 -401.751770
v 16.765984 177.068237 -489.473541
v -38.728924 201.667480 -494.109680
v 33.226631 201.667480 -494.109680
v -38.422825 221.837708 -497.813080
v 69.704384 221.990723 -494.090790
v 19.500877 240.956787 -483.036224
v -27.676888 246.278687 -412.040039
v -19.813919 238.670837 -417.698242
v -28.554520 234.246948 -417.073151
v 6.173172 248.799316 -415.898651
v -27.360527 176.894775 -489.487335
v 21.858284 176.894775 -489.487335
v 44.207237 238.599426 -475.049103
v 39.120132 234.481689 -397.427002
v -74.972214 210.382507 -386.629517
v -79.120552 220.985596 -494.138245
v 73.541466 209.300842 -386.223145
v -75.589615 228.180115 -488.134644
v -80.732948 233.716309 -468.720764
v -76.339684 233.328491 -473.869293
v -73.033257 229.930237 -486.713593
v -55.526543 233.527527 -486.437042
v 70.087059 228.180115 -488.135162
v 75.230400 233.716309 -468.720856
v 46.278854 231.853882 -489.887848
v 67.530708 229.930237 -486.713593
v -77.457138 230.144531 -396.002441
v -77.298958 237.221741 -461.623016
v 75.133446 225.598206 -393.610596
v -73.956810 184.318909 -490.828766
v -48.158367 196.524109 -493.131012
v -77.543877 172.297363 -488.285675
v -83.488304 167.899048 -486.026276
v 78.266396 159.301270 -406.076874
v 77.985756 167.899048 -486.026794
v 70.474861 166.750977 -401.790863
v 72.041328 172.302490 -488.285675
v -20.747673 186.630310 -495.033752
v 15.245438 186.630310 -495.033752
v 15.735275 186.824219 -491.271149
v -22.268227 177.068237 -489.473541
v -27.044174 176.751892 -493.357056
v 15.822021 176.910095 -493.406555
v -21.237518 186.824219 -491.271149
v -38.764641 196.320007 -497.413055
v -38.264645 201.937866 -498.416718
v -30.503731 201.948120 -498.457031
v 25.001381 201.948120 -498.457031
v 33.777756 196.274109 -493.096832
v 32.762306 201.937866 -498.417206
v -39.279995 196.274109 -493.096832
v -47.510345 196.202637 -497.379364
v 33.262352 196.320007 -497.413055
v 42.008049 196.202637 -497.379883
v 42.656120 196.524109 -493.131531
v -39.106560 221.970337 -493.867310
v 33.604218 221.970337 -493.867828
v 32.920479 221.837708 -497.813080
v -18.497520 232.685608 -492.353394
v -18.859798 222.057068 -497.783997
v -19.262897 222.256042 -493.846893
v 12.995178 232.685608 -492.353394
v 13.357452 222.057068 -497.783997
v 13.714630 232.619263 -488.326996
v -51.781300 231.853882 -489.887848
v 13.760551 222.256042 -493.846893
v -19.216972 232.619263 -488.326996
v 5.897583 248.768738 -477.628571
v 14.311676 238.670837 -417.698242
v 23.052277 234.246948 -417.073181
v -25.003220 240.956787 -483.036224
v -11.399925 248.768738 -477.628571
v -51.271049 232.078430 -407.905823
v -44.622272 234.481689 -397.426880
v -46.535767 231.603882 -414.839264
v 45.768700 232.078430 -407.905945
v 20.577560 247.630859 -403.502136
v 22.174644 246.278687 -412.040100
v -26.079800 247.630859 -403.502106
v -11.675411 248.799316 -415.898621
v 24.537056 201.784790 -494.445953
v -30.039349 201.784790 -494.445435
v -56.945038 237.068665 -485.453278
v -72.492393 233.496887 -485.952820
v -59.093201 237.282959 -473.348633
v -59.807549 240.620056 -473.516449
v 70.520775 236.905396 -473.959625
v 51.442497 237.068665 -485.453278
v 54.305000 240.620056 -473.516571
v 66.989845 233.496887 -485.953308
v 50.024101 233.527527 -486.437042
v -76.023331 236.905396 -473.959503
v 69.474770 210.382507 -386.629700
v 66.341820 168.843018 -400.517761
v 72.092354 163.362915 -403.764099
v -83.768944 159.301270 -406.076782
v -77.594902 163.362915 -403.764008
v -21.324261 176.910095 -493.406555
v 21.541931 176.751892 -493.357056
v -57.450191 229.118958 -394.989777
v -65.777489 238.579041 -464.955933
v 51.947639 229.118958 -394.989868
v 71.954582 230.144531 -396.002563
v 71.796410 237.221741 -461.623108
v -76.564194 183.201477 -485.257843
v 71.061653 183.201477 -485.258362
v 70.837151 233.328491 -473.869415
v -49.709579 238.599426 -475.049042
v 41.033524 231.603882 -414.839325
v 60.274940 238.579041 -464.956024
v -75.206924 221.990723 -494.090790
v 73.618004 220.985596 -494.138245
v -9.828300 256.223511 -403.793640
v -9.506844 254.202942 -407.692261
v 4.326073 256.223511 -403.793701
v 4.004616 254.202942 -407.692261
v 1.244156 265.163086 -397.355469
v -8.067940 266.341736 -402.170410
v 2.565697 266.341736 -402.170410
v -6.746384 265.163086 -397.355469
v 0.841049 265.469238 -408.207825
v -6.343285 265.469238 -408.207825
v -0.490707 260.366699 -411.495300
v -5.011536 260.366699 -411.495300
v 7.586617 175.511963 -405.641296
v 7.586670 173.960815 -391.274841
v 1.535065 179.981750 -390.623169
v 1.535057 181.538025 -404.989563
v -7.037178 181.538025 -404.989563
v -7.037125 179.981750 -390.623169
v -10.170273 291.604248 -440.428497
v -2.751205 292.155396 -436.178314
v -2.751198 292.369690 -447.953857
v -10.170219 290.497009 -448.923889
v 4.667847 291.604248 -440.428497
v -2.751205 293.201416 -441.897522
v 4.667862 290.497009 -448.923889
v -2.751190 289.940918 -453.174072
v -2.751175 282.031982 -457.484924
v 9.255035 282.924927 -450.613739
v -11.573414 271.362610 -437.753265
v 6.071068 271.362610 -437.753265
v 6.071068 272.148376 -445.017670
v 0.907341 271.148315 -451.219757
v -6.409676 272.704590 -450.161560
v 0.907333 273.429138 -433.718109
v -6.409622 270.806519 -432.614410
v -11.573414 272.148376 -445.017609
v -45.989693 113.582825 -392.099915
v -47.204094 112.138794 -397.532471
v -51.137875 112.562256 -395.936615
v -51.826714 107.230164 -415.950378
v -47.209194 107.230164 -415.976379
v -45.989693 112.393921 -396.566467
v 41.150986 112.393921 -396.566528
v 41.150986 113.582825 -392.100037
v 45.636086 112.562256 -395.936707
v 46.324928 107.230164 -415.950500
v 41.702057 112.138794 -397.532532
v 41.707161 107.230164 -415.976471
v 4.147522 105.561646 -408.814117
v 5.632355 80.528687 -405.733276
v 22.460434 103.837036 -406.760559
v -8.746521 83.069763 -405.612244
v -9.542511 105.561646 -408.814117
v -27.860527 103.837036 -406.760559
v 20.332741 59.241028 -404.618378
v 4.678230 29.416870 -401.475800
v 16.842621 26.982971 -401.268005
v -10.078224 29.416870 -401.475800
v -25.385757 17.798462 -400.404724
v 16.383400 27.329956 -394.706848
v 4.535370 29.728149 -394.799377
v -21.778282 27.329956 -394.706787
v 13.934189 11.869385 -394.989777
v -27.768677 103.352234 -413.176758
v 10.403252 -13.546265 -393.172119
v 22.373695 103.352234 -413.176819
v 4.310806 105.571838 -413.515503
v 19.031601 59.822754 -404.323914
v -24.431587 59.822754 -404.323914
v -24.370358 59.389038 -409.832947
v 25.118896 -6.137390 -398.515930
v 23.751373 57.205139 -409.215454
v 19.373466 -20.067261 -394.297577
v 12.383026 -16.837341 -390.598511
v -24.773403 -20.067261 -394.297577
v 3.647476 116.225891 -409.176208
v -9.042465 116.225891 -409.176208
v -9.705795 105.571838 -413.515503
v -9.149620 115.501343 -414.256409
v 3.754623 115.501343 -414.256409
v 3.351547 83.069763 -405.612244
v 3.545448 83.493286 -399.334534
v -8.950623 83.493286 -399.334534
v 5.586433 80.477722 -399.339020
v -9.935356 29.728149 -394.799377
v -22.242607 26.982971 -401.268005
v -18.910671 6.129028 -399.523468
v 11.663574 6.098450 -399.137054
v 10.984940 6.088196 -392.664368
v 13.515785 6.129028 -399.523468
v -17.063560 6.098450 -399.137024
v 13.694374 5.873901 -394.479279
v 13.827042 12.231628 -399.039093
v 20.011284 17.160645 -395.477020
v -19.221924 12.231628 -399.039093
v -25.411270 17.160645 -395.476990
v -19.329079 11.869385 -394.989777
v 10.887993 -14.015686 -397.833191
v -30.513779 -6.137390 -398.515869
v -18.359550 -16.332214 -394.424469
v -18.038139 -16.128113 -397.687744
v -16.384926 6.088196 -392.664368
v -17.788067 -16.837341 -390.598511
v -29.151409 57.205139 -409.215393
v 18.975418 59.389038 -409.832947
v 23.669785 57.934814 -401.898315
v 20.353149 58.883850 -400.886902
v 25.409737 -6.356812 -395.369202
v 25.190331 -6.193542 -397.727783
v -30.804623 -6.356812 -395.369202
v -29.069771 57.934814 -401.898285
v -25.732727 59.241028 -404.618378
v -25.758240 58.883850 -400.886841
v -19.094360 5.873901 -394.479248
v 12.643257 -16.128113 -397.687744
v 12.959610 -16.332214 -394.424530
v -30.590317 -6.193542 -397.727722
v 41.997948 45.311218 -420.742554
v -47.178631 50.454529 -429.645630
v 16.720161 39.866821 -407.559662
v 41.676491 42.484436 -487.397827
v -47.500038 45.311218 -420.742523
v 42.064278 45.540833 -483.658722
v 41.676491 50.454529 -429.645660
v -22.222198 39.866821 -407.559631
v -47.566422 45.540833 -483.658722
v -47.178631 42.484436 -487.397339
v 81.608543 139.238220 -425.616577
v 79.705299 146.611328 -486.462036
v 72.699547 147.121582 -486.157410
v 68.091988 122.583618 -493.203461
v -73.594536 122.583618 -493.203461
v -61.358715 99.428467 -490.847137
v 65.015175 128.885254 -428.477844
v 69.311485 127.619812 -473.034058
v -50.954487 114.511475 -492.219696
v 45.452354 114.511475 -492.220215
v -43.688515 69.976746 -487.830536
v 38.186378 69.976746 -487.831055
v 17.536568 137.579895 -411.434357
v 34.471794 139.192322 -424.628937
v 34.318718 137.641113 -411.045288
v -39.820759 137.641113 -411.045227
v -41.504589 123.486816 -411.288422
v -23.125343 139.100464 -424.806213
v -39.973835 139.192322 -424.628906
v 16.235420 128.869934 -428.325378
v -23.038601 137.579895 -411.434357
v 36.002556 123.486816 -411.288483
v 64.754936 123.884766 -411.477722
v 69.220146 137.023743 -411.096497
v -41.810738 128.528076 -428.371155
v -70.517212 128.885254 -428.477722
v -74.721680 137.023743 -411.096375
v -70.256981 123.884766 -411.477631
v 69.250267 139.192322 -425.694824
v -87.111084 139.238220 -425.616455
v -86.380913 137.309509 -411.027649
v -74.752800 139.192322 -425.694702
v 16.536476 123.634705 -411.449310
v 83.190315 125.665588 -473.587830
v -88.692863 125.665588 -473.587677
v 72.801598 145.177551 -471.112213
v 79.858376 144.998962 -471.450409
v -74.814034 127.619812 -473.033966
v -85.360924 144.998962 -471.450256
v -78.202103 147.121582 -486.156891
v -85.207848 146.611328 -486.462036
v 68.040962 128.522949 -493.107544
v -78.299049 145.177551 -471.112091
v -21.737461 128.869934 -428.325378
v 83.322990 119.853821 -428.759521
v -88.825531 119.853821 -428.759369
v -59.215656 123.078552 -496.524689
v -58.077797 122.522400 -492.974884
v 53.713112 123.078552 -496.525208
v 67.255180 123.093872 -496.615509
v -72.757721 123.093872 -496.615509
v -60.399441 114.572693 -495.830261
v 54.896904 114.572693 -495.830261
v 46.314674 114.547180 -495.813416
v -51.817017 114.547180 -495.813416
v -60.419853 115.006409 -492.535034
v -36.667461 125.675720 -493.342773
v -35.953110 125.864563 -495.994049
v 31.165321 125.675720 -493.342773
v 30.450966 125.864563 -495.994537
v -47.739910 102.658325 -495.894012
v -48.285877 102.224609 -491.447693
v -44.596760 104.061523 -495.886871
v 42.237770 102.658325 -495.894012
v 38.706833 103.867615 -491.279816
v 39.094620 104.061523 -495.886871
v 42.783737 102.224609 -491.447693
v -27.401299 70.109375 -487.977997
v 21.899162 70.109375 -487.977997
v -51.556789 103.811523 -491.194611
v -60.547413 99.739685 -495.577179
v -51.424126 103.959412 -495.823090
v 46.054451 103.811523 -491.194611
v 55.044868 99.739685 -495.577179
v 45.921776 103.959412 -495.823608
v -27.789089 70.032837 -491.457397
v -43.336441 70.196167 -491.348206
v 22.286949 70.032837 -491.457397
v 37.834297 70.196167 -491.348206
v -24.390816 70.140015 -488.071381
v -24.038746 70.262512 -491.570679
v 18.888680 70.140015 -488.071381
v 18.536606 70.262512 -491.570679
v -44.208969 103.867615 -491.279816
v -22.038509 123.634705 -411.449280
v 36.308701 128.528076 -428.371216
v 17.623306 139.100464 -424.806274
v 80.878883 137.309509 -411.027740
v 54.917305 115.006409 -492.535034
v 55.856163 99.428467 -490.847137
v 52.575249 122.522400 -492.974884
v -73.543503 128.522949 -493.107544
v -14.486946 349.619873 -348.971832
v 12.117546 347.063477 -352.400696
v -17.619888 347.063477 -352.400696
v 16.566887 348.956543 -360.886169
v 16.786293 352.701782 -362.100586
v -22.069279 348.956543 -360.886169
v 16.903648 353.854980 -364.503845
v -22.288734 352.701782 -362.100586
v -22.406097 353.854980 -364.503845
v -15.308502 354.324341 -364.253845
v -23.074524 353.043701 -367.728638
v 17.572075 353.043701 -367.728638
v 15.816864 347.425720 -357.054199
v 8.984604 349.619873 -348.971832
v -2.751183 351.186279 -349.094299
v 9.806053 354.324341 -364.253845
v -22.140762 352.222168 -369.432892
v 16.638321 352.222168 -369.432892
v -21.319210 347.425720 -357.054199
v 10.984787 349.941345 -351.176086
v 5.285286 352.569153 -356.156158
v -10.787628 352.569153 -356.156158
v -16.487129 349.941345 -351.176086
v -19.620125 327.592346 -376.698975
v 28.312759 363.565063 -440.189606
v 18.286430 326.377930 -375.897919
v -23.788876 326.377930 -375.897888
v -23.865410 325.780884 -379.398193
v 18.362968 325.780884 -379.398254
v 28.567886 371.055481 -434.525818
v 22.633667 367.371521 -443.603180
v 19.959999 344.461182 -392.705627
v -34.070534 371.055481 -434.525726
v -25.457397 344.461182 -392.705566
v 12.030754 337.986084 -392.088196
v -18.905773 344.930664 -392.659607
v 20.934631 331.812073 -383.975220
v -26.437077 331.812073 -383.975159
v -28.136314 367.371521 -443.603088
v 26.741188 363.534363 -442.189789
v 21.888702 374.244568 -439.602814
v -27.391350 374.244568 -439.602722
v 13.403328 344.930664 -392.659668
v -17.533195 337.986084 -392.088135
v 14.117676 327.592346 -376.699036
v 37.823891 396.853760 -414.064819
v 37.257561 397.644714 -383.357910
v 25.256462 413.676758 -380.051453
v -30.758904 413.676758 -380.051361
v 35.466530 399.905151 -419.213257
v -28.090343 417.891418 -403.727020
v 3.779999 410.778503 -367.208191
v -9.282433 410.778503 -367.208191
v -2.751312 377.234619 -433.724670
v 36.767677 398.022217 -417.366150
v 22.587791 417.891418 -403.727112
v -40.969078 399.905151 -419.213074
v -15.145325 421.468323 -427.933350
v 11.321404 412.554260 -443.700134
v -12.298122 413.743164 -447.287140
v -9.894844 426.468750 -437.342407
v -14.441177 424.708374 -434.020691
v 4.392189 426.468750 -437.342407
v 6.795471 413.743164 -447.287201
v -5.001503 416.523926 -419.146851
v -0.501083 416.523926 -419.146851
v 9.642677 421.468323 -427.933411
v 8.938530 424.708374 -434.020691
v -16.298492 414.523743 -436.888245
v -24.671661 434.760376 -420.947998
v 19.169060 434.760376 -420.948059
v 19.169060 423.570496 -429.765198
v -2.751282 447.266602 -411.100220
v 10.795891 443.812134 -413.819885
v -2.751328 411.059204 -439.613037
v 10.795845 414.523743 -436.888275
v -16.298439 443.812134 -413.819824
v -24.671715 423.570496 -429.765137
v 5.264824 376.091614 -362.406738
v -8.613960 378.913391 -352.222107
v -2.751190 379.484863 -349.992310
v 3.111595 378.913391 -352.222107
v -2.751213 374.637451 -367.223511
v 5.892479 377.698914 -356.549042
v -11.553001 377.443848 -356.477600
v -10.767265 376.091614 -362.406738
v 19.801926 432.775452 -340.486328
v -25.304268 432.775452 -340.486328
v 20.317284 433.489807 -346.435883
v -25.819622 433.489807 -346.435883
v -26.880943 436.015564 -347.410461
v 21.378601 436.015564 -347.410461
v -26.911610 437.740173 -360.212646
v 21.409164 437.740173 -360.212646
v -27.784142 440.138428 -361.411743
v 22.281700 440.138428 -361.411743
v -28.238266 436.081909 -383.551697
v 22.735817 436.081909 -383.551788
v 7.989464 377.591736 -445.623749
v 2.488945 381.612549 -445.557404
v 4.142174 409.451904 -435.791260
v -10.185631 403.900330 -407.757996
v -10.216301 418.738403 -433.571655
v -36.351360 377.142822 -429.402802
v -26.932072 378.091919 -412.355347
v -33.402107 376.203918 -440.664032
v 32.037590 374.254761 -443.215393
v 27.899452 376.203918 -440.664154
v -56.123539 367.529663 -415.534180
v -42.163120 374.780334 -427.397522
v 30.848709 377.142822 -429.402924
v -49.143353 371.744324 -428.550659
v 21.062096 372.815857 -445.322723
v -10.308090 383.653625 -410.686829
v -28.100597 376.811157 -440.949799
v -10.185684 383.469849 -442.021362
v 21.429527 378.091919 -412.355408
v 22.597946 376.811157 -440.949890
v 4.713654 418.738403 -433.571655
v -9.644814 409.451904 -435.791199
v 4.683083 403.900330 -407.758057
v -33.560284 372.570984 -444.021484
v 38.293266 379.709290 -435.398346
v 4.805542 383.653625 -410.686890
v 50.620987 367.529663 -415.534332
v -43.795921 379.709290 -435.398254
v -48.224899 374.484375 -434.408356
v 36.660469 374.780334 -427.397644
v 42.671227 369.652283 -437.301605
v 42.722252 374.484375 -434.408508
v 43.640709 371.744324 -428.550812
v -37.540245 374.254761 -443.215302
v 28.057640 372.570984 -444.021606
v -13.492111 377.591736 -445.623749
v -4.333107 391.057312 -445.241058
v -6.011833 394.511719 -443.215363
v -1.169548 391.057312 -445.241058
v 0.509178 394.511719 -443.215363
v 4.683029 383.469849 -442.021423
v -37.678013 378.362244 -440.699768
v 32.175362 378.362244 -440.699860
v -7.991600 381.612549 -445.557404
v 1.101074 401.323608 -440.210022
v -6.603722 401.323608 -440.209961
v -26.564743 372.815857 -445.322632
v 39.824028 367.687805 -440.970306
v 47.727867 389.725586 -415.223083
v 42.441719 381.923889 -387.919556
v 33.017326 406.364807 -411.141052
v 38.293327 401.063354 -397.394897
v 42.150826 399.690796 -398.726654
v 38.211685 404.543213 -411.411499
v 36.634956 404.073853 -422.458435
v 38.599525 383.168823 -386.694946
v 35.441071 382.061584 -381.255615
v 39.385307 381.061523 -381.643463
v 32.109032 405.619934 -423.769775
v -41.188488 404.073853 -422.458313
v -46.704300 399.690796 -398.726501
v -46.995094 381.923889 -387.919373
v -42.765163 404.543213 -411.411346
v -42.846806 401.063354 -397.394745
v -37.570808 406.364807 -411.140961
v -43.152901 383.168823 -386.694794
v -39.994450 382.061584 -381.255493
v -43.938690 381.061523 -381.643311
v -36.662560 405.619934 -423.769653
v 68.296089 376.882568 -406.431458
v 53.912102 391.572632 -411.243103
v 52.024178 388.189697 -415.917023
v 53.789650 389.730713 -416.498718
v 68.173622 375.040527 -411.681946
v 52.141541 390.031738 -410.661438
v 24.317543 401.180725 -416.820129
v 21.858086 402.737000 -423.346252
v 26.935081 400.578613 -430.806091
v 28.608711 402.333923 -430.183624
v 35.578735 396.782349 -437.505737
v 33.665291 395.190308 -437.653717
v 29.384285 401.573608 -428.693665
v 36.629852 395.940369 -436.184204
v 25.144104 403.527893 -422.851318
v 25.822784 401.303162 -417.866150
v 23.531708 404.517761 -422.795166
v 40.415916 389.659302 -442.143921
v 39.568901 390.082764 -443.751221
v 37.288078 389.154114 -443.409332
v 27.001465 415.824890 -402.298401
v 24.363472 413.697205 -403.022980
v 17.454666 429.790466 -397.221436
v 28.348534 424.871704 -401.655518
v 26.174858 415.651428 -399.869629
v 29.670082 425.734009 -399.696136
v 24.353264 430.877319 -397.813293
v 15.240227 429.127136 -387.210297
v 18.449661 431.923340 -396.231537
v 19.995720 430.867188 -394.629333
v 23.827705 430.754883 -400.328857
v 22.725563 428.428162 -400.369690
v 15.985199 429.499695 -380.673920
v 18.383377 428.576111 -380.648468
v 17.653717 429.611877 -387.072510
v 43.064064 425.478882 -459.507782
v 53.361031 415.192200 -472.360992
v 37.012489 426.004456 -464.773560
v 54.626457 417.835266 -464.865417
v 50.360664 422.095886 -459.543488
v 35.747063 423.366394 -472.264038
v 40.012764 419.105835 -477.591339
v 47.309364 415.717712 -477.632141
v 19.041496 372.958740 -446.588165
v 23.210251 373.902649 -444.006287
v 17.694435 369.713501 -440.903961
v 17.924049 369.545105 -434.229889
v 22.276489 371.504517 -434.102325
v 22.261185 371.984131 -440.618225
v 42.977379 375.754883 -431.719482
v 38.303474 373.821106 -435.133026
v 37.553413 373.264893 -432.581757
v 41.048630 374.734375 -429.948914
v 45.814369 373.958801 -433.143097
v 40.176102 371.657593 -437.270966
v 45.656242 375.132446 -424.295319
v 48.768730 373.183228 -424.892334
v 43.043709 374.305786 -424.790283
v 39.721977 367.963318 -439.235443
v 41.808899 369.116516 -436.566833
v 45.737831 364.447754 -436.587250
v 44.436699 362.314941 -439.245636
v 45.049049 373.540405 -408.457153
v 30.935448 382.357544 -423.055389
v 37.854454 353.023254 -438.633362
v 44.054008 379.964478 -424.463715
v 44.931694 379.811401 -420.738892
v 51.350647 369.784912 -429.693787
v 53.121223 369.157410 -426.116943
v 48.712601 359.636108 -435.168793
v 24.251167 355.513245 -437.260773
v 17.510742 365.126404 -432.132751
v 18.684372 375.316040 -422.841064
v 30.552811 376.096802 -407.334534
v 30.527306 382.377991 -419.345856
v 20.408974 375.453857 -426.841431
v 19.689568 343.272278 -395.981415
v 45.839935 342.292664 -398.997040
v 45.839935 343.272278 -395.981445
v 19.689568 342.292664 -398.997009
v 58.866646 344.231567 -406.523315
v 40.609863 344.231567 -406.467102
v 58.866646 349.997498 -400.752350
v 40.609863 349.997498 -400.696167
v 40.609863 349.997498 -392.542358
v 58.866646 349.997498 -392.593445
v -58.465591 391.572632 -411.242981
v -58.343128 389.730713 -416.498535
v -56.577660 388.189697 -415.916870
v -56.695019 390.031738 -410.661285
v -28.871025 401.180725 -416.820068
v -31.488663 400.578613 -430.806030
v -28.085239 404.517761 -422.795105
v -26.411617 402.737000 -423.346161
v -38.218876 395.190308 -437.653564
v -40.132320 396.782349 -437.505585
v -41.183434 395.940369 -436.184052
v -33.937874 401.573608 -428.693604
v -33.162289 402.333923 -430.183533
v -29.697632 403.527893 -422.851227
v -30.376266 401.303162 -417.866089
v -44.122482 390.082764 -443.751068
v -41.841660 389.154114 -443.409210
v -31.554947 415.824890 -402.298309
v -30.728340 415.651428 -399.869507
v -28.534264 412.962402 -400.583862
v -28.916950 413.697205 -403.022888
v -28.381187 430.754883 -400.328735
v -34.223560 425.734009 -399.696045
v -22.008148 429.790466 -397.221313
v -27.279045 428.428162 -400.369568
v -31.830482 418.712952 -399.747070
v -33.228573 418.631287 -401.900330
v -28.906746 430.877319 -397.813202
v -22.207096 429.611877 -387.072418
v -24.549202 430.867188 -394.629242
v -23.003139 431.923340 -396.231445
v -22.936756 428.576111 -380.648376
v -20.538574 429.499695 -380.673889
v -19.793610 429.127136 -387.210205
v -44.566452 419.105835 -477.590820
v -40.300751 423.366394 -472.263947
v -59.179939 417.835266 -464.865265
v -47.617752 425.478882 -459.507629
v -54.914246 422.095886 -459.543335
v -51.862942 415.717712 -477.631622
v -41.566174 426.004456 -464.773468
v -57.914520 415.192200 -472.360840
v -27.763832 373.902649 -444.006195
v -23.595081 372.958740 -446.588043
v -22.248016 369.713501 -440.903900
v -26.814766 371.984131 -440.618134
v -26.830070 371.504517 -434.102203
v -22.477631 369.545105 -434.229828
v -42.857059 373.821106 -435.132935
v -42.106991 373.264893 -432.581665
v -47.530960 375.754883 -431.719330
v -44.729683 371.657593 -437.270874
v -47.597244 374.305786 -424.790100
v -50.209728 375.132446 -424.295166
v -45.602211 374.734375 -429.948761
v -53.322258 373.183228 -424.892151
v -50.367954 373.958801 -433.142944
v -35.106293 376.096802 -407.334442
v -23.181728 368.927734 -411.028717
v -24.962502 375.453857 -426.841370
v -35.488983 382.357544 -423.055298
v -42.408039 353.023254 -438.633240
v -22.064331 365.126404 -432.132660
v -49.602528 373.540405 -408.457001
v -49.485172 379.811401 -420.738739
v -48.607540 379.964478 -424.463562
v -55.904133 369.784912 -429.693634
v -53.266132 359.636108 -435.168579
v -28.804749 355.513245 -437.260681
v -35.080784 382.377991 -419.345764
v -23.237854 375.316040 -422.841003
v -50.393417 342.292664 -398.996887
v -24.243050 343.272278 -395.981354
v -50.393417 343.272278 -395.981323
v -24.243050 342.292664 -398.996948
v -45.163342 344.231567 -406.467010
v -63.420128 349.997498 -392.593231
v -63.420128 344.231567 -406.523102
v -45.163296 349.997498 -392.542267
v -45.163342 349.997498 -400.696075
v -63.420128 349.997498 -400.752136
v 28.073044 369.978882 -359.283997
v 28.190407 370.055359 -380.852509
v 24.914589 371.785217 -359.283997
v 7.265007 369.555359 -359.283997
v 9.586647 371.647400 -380.786194
v 7.300720 369.892090 -380.684143
v 10.637764 371.749512 -359.283997
v 25.577919 371.871887 -381.041321
v -29.467918 371.785217 -359.283997
v -30.131294 371.871887 -381.041199
v -32.743782 370.055359 -380.852417
v -32.626373 369.978882 -359.283997
v -15.191093 371.749512 -359.283997
v -11.818382 369.555359 -359.283997
v -11.854103 369.892090 -380.684082
v -14.140030 371.647400 -380.786133
v 60.836220 -160.256195 -410.818726
v 33.173004 -162.632446 -452.537231
v 32.430336 -160.371002 -410.889618
v 61.134712 -162.430878 -452.400543
v -65.389183 -160.256195 -410.818665
v -36.983200 -160.371002 -410.889618
v -37.725922 -162.632446 -452.537170
v -65.687683 -162.430878 -452.400421
v -77.934731 260.152405 -435.571991
v -86.966690 257.116394 -437.736267
v -109.829506 244.814270 -466.071625
v -103.559036 239.997498 -471.306152
v -71.313713 250.947449 -465.822021
v -54.146824 252.121094 -462.862152
v -50.178707 260.586121 -429.721832
v -66.018326 262.137268 -433.002563
v -54.914246 260.662659 -456.895691
v -114.365120 243.406006 -442.838623
v -68.522133 259.718750 -459.443726
v -36.482239 254.611084 -426.059937
v -26.201954 247.161438 -423.871429
v -81.341675 256.141846 -461.163483
v -30.874626 245.227600 -457.951447
v -40.730591 249.350403 -460.276611
v -17.493042 242.768188 -449.970764
v -40.441738 257.820618 -453.889801
v -114.448296 243.104919 -450.831726
v -112.932343 243.773376 -458.245361
v -25.626648 250.835205 -451.076385
v -104.817818 264.418152 -471.551575
v -124.257362 265.984558 -466.478516
v -124.508919 263.356873 -437.150970
v -114.977943 262.468994 -432.849915
v -114.722809 265.805969 -469.279266
v -105.314301 260.693298 -428.960175
v -128.883301 267.438843 -433.373108
v -22.728523 255.121338 -414.383606
v -10.456421 254.151855 -417.357452
v -9.856316 253.820190 -413.959961
v -11.103779 251.952698 -419.956665
v -126.921898 265.862122 -439.122742
v -23.376541 252.927246 -416.982361
v -35.818096 256.223511 -412.154114
v -22.155663 254.702942 -411.089539
v -36.217930 254.054932 -414.819458
v -35.581444 255.789795 -408.816528
v -53.196224 255.733643 -414.512878
v -69.252808 260.060547 -414.471527
v -53.106422 257.881836 -411.799805
v -53.282459 257.417480 -408.463562
v -70.013084 259.560547 -411.224030
v -68.903793 257.943054 -417.189178
v -85.591560 261.851562 -418.983459
v -85.243057 259.734009 -421.701111
v -102.826813 262.025085 -427.873108
v -103.548828 264.117004 -425.213928
v -104.787201 263.596680 -422.118835
v -86.351318 261.351501 -415.736450
v -115.447365 264.035461 -433.817444
v -127.644409 267.959229 -436.463104
v -117.403160 265.612122 -428.062805
v -116.164780 266.132568 -431.157928
v -27.240623 250.585205 -484.726685
v -35.038128 256.070374 -482.846405
v -27.018764 252.978333 -481.782013
v -27.325630 252.626221 -478.007172
v -35.331726 252.906860 -486.750336
v -35.443367 255.606079 -477.854095
v -56.237831 256.351074 -488.358643
v -55.938828 259.519714 -484.454193
v -76.521851 263.162903 -485.552765
v -76.928009 262.703735 -480.555389
v -56.349068 259.050293 -479.457306
v -80.328323 259.861572 -488.310181
v -76.816261 260.004456 -489.456696
v -82.354012 264.045593 -484.502167
v -79.355270 262.264893 -485.282837
v -80.814072 263.300720 -479.766510
v -78.658272 261.759705 -481.390137
v -83.990898 261.070862 -488.219330
v -106.089874 263.923157 -480.424225
v -104.452995 266.897949 -476.706543
v -102.913055 266.153015 -471.971252
v -125.674332 266.954102 -473.472931
v -130.543137 266.576477 -469.783142
v -129.453766 268.561401 -467.301147
v -128.419983 268.066406 -464.139252
v -124.037453 269.933899 -469.754974
v -122.497505 269.189026 -465.019653
v 75.064049 256.886841 -435.970184
v 107.385399 232.353943 -436.457489
v 109.127403 234.782715 -451.608887
v 63.437981 260.530029 -433.320862
v 104.695366 237.216675 -466.978088
v 36.250893 251.442444 -460.808136
v 25.827736 248.687073 -458.442963
v 50.052055 252.330261 -463.464294
v 67.044441 248.763611 -466.535065
v 97.729927 233.308105 -472.253632
v 52.040504 260.734070 -457.408081
v 47.390739 261.193298 -429.945953
v 109.113640 235.053162 -443.537994
v 21.549690 251.110779 -423.994873
v 77.814812 252.519043 -461.843842
v 21.392433 254.998901 -451.447845
v 12.126122 248.064575 -450.336212
v 37.177559 259.917725 -454.322845
v 107.676247 235.701172 -459.088959
v 83.664848 252.590515 -438.206421
v 65.505516 257.892029 -460.038177
v 32.866447 257.126648 -426.217194
v 101.450676 265.785645 -471.489777
v 111.666405 263.846680 -432.801788
v 111.345451 267.239807 -469.225922
v 120.884102 267.469421 -466.435242
v 121.179024 264.800842 -437.112183
v 102.016533 261.999512 -428.904480
v 125.471764 268.296082 -433.386932
v 7.151474 254.259033 -417.259888
v 6.557335 253.917114 -413.862244
v 19.421181 255.294861 -414.298096
v 18.854744 254.871338 -411.004089
v 7.807961 252.064941 -419.863281
v 32.920174 254.310059 -414.750488
v 20.078178 253.105835 -416.901093
v 32.506462 256.478638 -412.081299
v 32.275879 256.029602 -408.744568
v 49.882042 256.101074 -414.459991
v 49.782494 258.239014 -411.744232
v 49.971138 257.769531 -408.408386
v 66.677574 260.024841 -411.184448
v 65.576439 258.407349 -417.150299
v 65.910667 260.519775 -414.430542
v 81.898369 260.305481 -421.677521
v 82.237679 262.417969 -418.957642
v 82.999992 261.922974 -415.711700
v 99.463753 262.708801 -427.866089
v 100.171989 264.800842 -425.204712
v 112.769066 266.908142 -431.159180
v 114.014061 266.387695 -428.066467
v 101.417503 264.285522 -422.111511
v 112.060326 264.811035 -433.821075
v 123.518013 266.714294 -439.136444
v 124.231865 268.811401 -436.474518
v 23.502678 251.217957 -484.634308
v 124.197670 271.245239 -463.977173
v 31.156540 256.897034 -482.744843
v 31.533211 253.743652 -486.651855
v 23.218056 253.600769 -481.687622
v 31.572044 256.442871 -477.752563
v 23.532524 253.253845 -477.912781
v 52.345634 257.723633 -488.245361
v 51.969070 260.876953 -484.338898
v 52.383400 260.417725 -479.341492
v 72.828133 261.892334 -489.329651
v 72.451561 265.045715 -485.422668
v 76.340202 261.841309 -488.181061
v 72.866920 264.591553 -480.425262
v 79.970116 263.147583 -488.087708
v 75.303368 264.219116 -485.152222
v 76.731041 265.285583 -479.634369
v 74.617592 263.693604 -481.260040
v 78.258232 266.076416 -484.368469
v 121.481590 270.071716 -473.313171
v 101.981834 266.556030 -480.277802
v 100.275566 269.479797 -476.558075
v 119.769707 273.000549 -469.593964
v 98.748375 268.699097 -471.824219
v 126.357048 269.816528 -469.621155
v 125.216118 271.770874 -467.138153
v 118.243034 272.214783 -464.859894
v 33.293205 48.378239 0.587738
v 33.852898 48.378239 0.587738
v 33.293205 48.378239 -0.165283
v 33.852898 48.378239 -0.165283
v 18.154099 48.297150 -0.165283
v 18.154099 48.297150 0.587738
v 17.594398 48.297150 0.587738
v 17.594398 48.297150 -0.165283
v 34.231499 47.096870 0.352997
v 17.387100 47.096870 0.352997
v 34.231499 47.096870 0.094421
v 17.387100 47.096870 0.094421
v 20.236504 40.622459 0.093231
v 24.587196 43.423958 0.093216
v 20.813805 40.467758 0.093475
v 20.504402 40.467758 0.093384
v 24.168999 44.448730 0.093216
v 19.583199 42.613060 0.092834
v 18.935303 42.144859 0.092529
v 24.168999 44.448730 0.351791
v 24.755104 43.498959 0.092896
v 24.758499 43.493458 0.351471
v 25.389397 46.274990 0.346359
v 25.389397 46.274990 0.095612
v 26.714401 45.833710 0.346359
v 30.282799 35.785660 0.095612
v 29.607704 35.722061 0.335922
v 30.121597 35.947357 0.335922
v 35.359100 32.278557 0.095612
v 24.590599 43.418560 0.351791
v 19.583099 42.613159 0.351410
v 18.935097 42.144859 0.351105
v 25.532402 45.354858 0.346359
v 24.742897 45.951561 0.346359
v 26.111000 46.231857 0.346359
v 26.080101 45.376289 0.346359
v 24.743004 45.951561 0.095612
v 26.111000 46.231857 0.095612
v 26.714401 45.833710 0.095612
v 26.080101 45.376278 0.095612
v 34.856102 34.870461 0.335922
v 31.481003 34.399059 0.335922
v 31.162300 33.209358 0.335922
v 31.238998 35.908562 0.335922
v 30.282799 35.785660 0.335922
v 31.238998 35.908562 0.095612
v 34.856102 34.870461 0.095612
v 34.567299 33.763657 0.095612
v 31.162300 33.209358 0.095612
v 20.534004 41.446758 0.093002
v 21.081703 41.467560 0.093094
v 21.081703 41.467560 0.338654
v 20.236504 40.622459 0.341644
v 20.504402 40.467758 0.344223
v 20.813805 40.467758 0.345947
v 25.235901 44.530209 0.346359
v 25.503998 44.375858 0.095612
v 25.503998 44.375858 0.346359
v 25.813301 44.376160 0.346359
v 25.813301 44.376160 0.095612
v 25.532402 45.354858 0.095612
v 30.475403 33.393459 0.095612
v 30.475403 33.393459 0.335922
v 30.794197 33.209358 0.335922
v 30.794197 33.209358 0.095612
v 30.829300 34.374359 0.095612
v 30.829300 34.374359 0.335922
v 31.481003 34.399059 0.095612
v 25.318596 44.482590 0.095612
v 25.235901 44.530209 0.095612
v 20.534004 41.446758 0.336395
v 30.121597 35.947357 0.095612
v 27.057304 37.862862 0.335922
v 27.571198 38.088158 0.095612
v 27.057304 37.862862 0.095612
v 29.607704 35.722061 0.095612
v 28.025703 36.027458 0.335922
v 28.984802 36.464458 0.335922
v 29.898003 36.853157 0.095612
v 29.898003 36.853157 0.335922
v 29.354500 36.002560 0.095612
v 29.354500 36.002560 0.335922
v 28.470901 36.239159 0.335922
v 28.025703 36.027458 0.095612
v 28.470901 36.239159 0.095612
v 28.984802 36.464458 0.095612
v 28.650200 36.839760 0.095612
v 26.564697 37.029259 0.335922
v 29.579597 38.137657 0.335922
v 28.004601 37.575157 0.095612
v 28.004601 37.575157 0.335922
v 27.571198 38.088158 0.335922
v 26.564697 37.029259 0.095612
v 27.485397 37.359058 0.335922
v 27.485397 37.359058 0.095612
v 29.579597 38.137657 0.095612
v 28.650200 36.839760 0.335922
v 34.567299 33.763657 0.335922
v 35.521996 35.454659 0.335922
v 35.028198 33.611858 0.335922
v 35.028198 33.611858 0.095612
v 40.592598 32.442860 0.095612
v 40.173103 30.881159 0.095612
v 35.521996 35.454659 0.095612
v 36.157997 35.259857 0.335922
v 36.157997 35.259857 0.095612
v 35.911095 34.338459 0.335922
v 38.044800 35.121758 0.095612
v 35.911095 34.338459 0.095612
v 35.359100 32.278557 0.335922
v 36.783302 30.425360 0.095612
v 38.044800 35.121758 0.335922
v 40.592598 32.442860 0.335922
v 36.783302 30.425360 0.335922
v 40.173103 30.881159 0.335922
v 18.214500 47.441380 0.074936
v 33.215500 47.466839 0.075317
v 33.215401 47.527618 0.221909
v 18.214401 47.502148 0.221527
v 33.215500 47.466839 0.368500
v 18.214500 47.441380 0.368118
v 19.528404 42.957359 0.074921
v 23.983101 44.747467 0.075317
v 23.960396 44.803860 0.221909
v 19.505699 43.013760 0.221512
v 19.528404 42.957359 0.368103
v 23.983002 44.747467 0.368500
v 27.329597 45.498470 0.069901
v 27.389099 45.510780 0.216476
v 27.329597 45.498470 0.363068
v 27.185997 45.468769 0.423843
v 27.042503 45.439079 0.363068
v 26.983002 45.426769 0.216476
v 27.042503 45.439079 0.069901
v 27.185997 45.468769 0.009125
v 29.411797 38.469261 0.059448
v 27.809303 37.949459 0.206039
v 29.411797 38.469261 0.352631
v 27.830101 37.892357 0.352631
v 27.830101 37.892357 0.059448
v 29.390900 38.526360 0.206039
v 34.896500 35.219658 0.059448
v 31.296196 36.316059 0.206039
v 34.913300 35.278061 0.206039
v 31.279396 36.257660 0.352631
v 34.896500 35.219658 0.352631
v 31.279396 36.257660 0.059448
v 37.937904 35.494160 0.059494
v 36.264595 34.901260 0.059448
v 37.917999 35.551559 0.206100
v 36.264595 34.901260 0.352631
v 36.244698 34.958656 0.206039
v 37.937904 35.494057 0.352676
v 24.306297 46.040817 0.072479
v 24.306297 46.040810 0.365662
v 24.306198 46.101589 0.219070
v 18.419502 46.015350 0.365265
v 18.419395 46.076118 0.218674
v 18.419502 46.015350 0.072083
v 33.972099 46.101589 0.219070
v 26.968697 46.076118 0.218674
v 33.972198 46.040810 0.365662
v 26.968803 46.015350 0.365265
v 26.968803 46.015350 0.072083
v 33.972198 46.040817 0.072479
v 25.123001 42.287361 0.072083
v 25.180099 42.308258 0.218674
v 25.123001 42.287361 0.365265
v 24.847702 42.186558 0.072083
v 24.985397 42.236961 0.426041
v 24.847702 42.186558 0.365265
v 24.985397 42.236961 0.011307
v 24.790596 42.165760 0.218674
v 24.583702 42.155861 0.072479
v 21.085800 39.184559 0.072083
v 24.544502 42.202358 0.219070
v 21.046700 39.231060 0.218674
v 24.811699 41.885159 0.219070
v 24.772499 41.931557 0.072479
v 24.772499 41.931557 0.365662
v 24.678101 42.043758 0.011703
v 24.583702 42.155861 0.365662
v 24.678101 42.043758 0.426437
v 33.844101 31.189360 0.072479
v 30.268898 32.047859 0.072083
v 33.859200 31.248259 0.219070
v 30.284004 32.106758 0.218674
v 30.268898 32.047859 0.365265
v 33.844101 31.189360 0.365662
v 35.659996 33.114559 0.072083
v 35.659996 33.114559 0.365265
v 37.615501 33.964661 0.365662
v 35.636696 33.170761 0.218674
v 37.615501 33.964661 0.072479
v 37.592201 34.020760 0.219070
v 40.432899 32.047359 0.072479
v 40.432899 32.047359 0.365662
v 40.469398 32.095959 0.219070
v 37.945099 33.939560 0.365265
v 37.981606 33.988159 0.218674
v 37.945099 33.939560 0.072083
v 38.380600 35.440262 0.218674
v 38.336403 35.398560 0.072083
v 40.880600 32.754559 0.072479
v 40.924797 32.796360 0.219070
v 40.053200 30.428459 0.072479
v 36.557098 29.249159 0.072083
v 36.538300 29.306860 0.218674
v 36.557098 29.249159 0.365265
v 40.034401 30.486259 0.219070
v 40.053200 30.428459 0.365662
v 40.126701 31.258759 0.072479
v 37.255600 30.917759 0.218674
v 37.263695 30.857559 0.365265
v 40.126701 31.258759 0.365662
v 37.263695 30.857559 0.072083
v 40.118500 31.318958 0.219070
v 37.122200 30.701559 0.072479
v 35.823700 32.340260 0.072083
v 37.171104 30.737659 0.219070
v 35.823700 32.340359 0.365265
v 35.587700 32.166260 0.365265
v 35.538795 32.130157 0.218674
v 35.587700 32.166260 0.072083
v 35.705696 32.253258 0.426041
v 35.872597 32.376358 0.218674
v 35.705696 32.253258 0.011307
v 35.194901 30.784458 0.072083
v 36.478500 29.336060 0.219070
v 35.083199 30.689560 0.426041
v 34.971504 30.594559 0.365265
v 34.925201 30.555159 0.218674
v 34.971504 30.594559 0.072083
v 35.194901 30.784458 0.365265
v 35.241203 30.823858 0.218674
v 35.083199 30.689560 0.011307
v 36.432198 29.296759 0.072479
v -6.295471 49.538548 2.790222
v -5.932785 49.545998 2.188538
v -7.625275 49.246998 1.716858
v -4.301941 49.658680 2.141388
v -3.899506 49.699070 2.550522
v -6.411125 49.511288 2.147415
v -4.780205 49.626522 2.185242
v -4.416588 49.669830 2.784851
v -6.812958 49.495441 2.558853
v -7.231102 49.270447 1.577423
v -7.581230 49.097363 0.585907
v -3.481728 49.532501 1.566696
v -2.894150 49.427429 0.656891
v -3.087318 49.564190 1.703888
v -7.819260 49.083187 0.670959
v -7.810707 48.848808 -0.965805
v -7.609375 48.862881 -0.966385
v -3.105263 49.177677 -0.979263
v -2.903976 49.191753 -0.979828
v -3.132317 49.408249 0.573196
v -4.992210 34.730694 -0.181885
v -4.979233 34.789692 0.109039
v -5.475288 34.800426 0.337891
v -5.693771 34.745861 0.141754
v -5.506615 34.658043 -0.364471
v -5.706741 34.686863 -0.149170
v -5.210670 34.676178 -0.378021
v -4.549355 46.342754 -2.716629
v -4.518448 46.483215 -2.023758
v -5.657547 34.735126 0.862503
v -6.177841 34.605194 0.395386
v -6.220108 46.378822 -1.945847
v -6.251015 46.238361 -2.638733
v -4.507042 34.569077 -0.375397
v -4.476135 34.709534 0.317474
v -5.179337 34.818565 0.324341
v -4.952698 34.778328 0.830231
v -6.208748 34.464737 -0.297501
v -5.027313 34.439198 -0.842514
v -5.732178 34.395988 -0.810257
v -5.699867 46.508751 -1.478729
v -5.704971 47.935177 -1.762390
v -4.995010 46.551960 -1.511002
v -5.000130 47.978386 -1.794662
v -5.074745 47.639252 -3.467407
v -5.779610 47.596043 -3.435135
v -5.069618 46.212826 -3.183762
v -5.774498 46.169617 -3.151489
v -3.478920 33.465576 0.630829
v -2.239792 33.552197 0.627289
v -3.479279 33.451710 0.165909
v -2.240150 33.538334 0.162369
v -2.238937 33.127850 -0.058060
v -4.717194 32.954659 -0.050980
v -3.478065 33.041229 -0.054520
v -4.718048 33.379005 0.634369
v -4.718407 33.365093 0.169449
v -5.956337 32.868038 -0.047440
v -5.957176 33.292385 0.637909
v -5.957535 33.278522 0.172989
v -7.196648 33.191902 0.176529
v -8.435448 33.119198 0.644989
v -7.196289 33.205765 0.641449
v -8.434563 32.694851 -0.040359
v -8.435760 33.105282 0.180069
v -7.195450 32.781471 -0.043900
v -2.233055 31.488468 0.259537
v -2.232559 31.461679 0.723907
v -3.472183 31.401846 0.263077
v -3.471077 31.012209 0.007812
v -2.231949 31.098831 0.004257
v -4.710815 31.288488 0.730988
v -4.711311 31.315279 0.266617
v -3.471687 31.375057 0.727448
v -4.710205 30.925642 0.011353
v -7.189095 31.115248 0.738068
v -5.949928 31.201870 0.734528
v -7.189560 31.142036 0.273712
v -5.950447 31.228657 0.270172
v -5.949356 30.839022 0.014893
v -8.428207 31.028679 0.741608
v -8.428673 31.055470 0.277252
v -7.188469 30.752399 0.018433
v -8.427582 30.665833 0.021973
v -7.556320 33.462135 -0.506805
v -6.368858 34.161198 3.632751
v -3.052193 33.776878 -0.519684
v -6.356712 33.715744 2.618774
v -7.176949 33.551414 2.046494
v -6.758438 33.773125 3.411591
v -5.957382 34.164742 2.785461
v -3.844994 33.976700 3.403259
v -4.247505 33.863136 2.612747
v -4.649391 34.256157 2.781738
v -4.236618 34.310204 3.626663
v -7.571121 33.528015 2.185928
v -3.427559 33.813465 2.035782
v -3.033150 33.845154 2.172958
v -2.840408 33.832539 1.122269
v -7.757599 33.448063 -0.506226
v -7.765526 33.488297 1.136337
v -7.527496 33.502422 1.051285
v -3.078583 33.813362 1.038574
v -2.850899 33.790951 -0.520248
v -6.524323 30.558157 3.061157
v -4.186852 30.494310 2.694763
v -5.268326 30.242632 2.995407
v -7.166679 29.389090 2.482071
v -5.258476 27.519085 3.561722
v -5.255974 26.633440 2.954529
v -6.261650 27.384205 3.311737
v -4.255371 27.524401 3.306000
v -5.254463 25.998379 2.254425
v -4.014938 30.733536 3.053986
v -3.034470 29.810780 2.757538
v -3.365929 29.654737 2.471207
v -5.268845 30.501192 3.374954
v -6.351501 30.343012 2.700958
v -7.498520 29.498747 2.770294
v -7.162827 27.183550 2.199585
v -6.315903 26.367012 2.244034
v -4.196037 26.515131 2.237976
v -6.444168 31.895927 2.934601
v -7.022575 31.899940 1.634140
v -7.021271 31.855591 2.936691
v -7.017365 29.581720 -1.320404
v -6.440308 29.622007 -1.322495
v -7.020546 30.690067 -0.631012
v -7.022369 31.495140 0.395096
v -6.443436 30.730354 -0.633087
v -6.445259 31.535477 0.393021
v -6.445518 31.940281 1.632065
v -4.048119 32.063282 2.925949
v -3.472382 32.147972 1.621323
v -3.471039 32.103619 2.923859
v -4.044243 29.789412 -1.331146
v -3.467163 29.829700 -1.333237
v -3.470314 30.938047 -0.643829
v -4.047401 30.897758 -0.641739
v -4.049461 32.107632 1.623413
v -4.049210 31.702829 0.384354
v -3.472130 31.743170 0.382278
v -5.959885 27.471344 0.360138
v -6.304176 25.446289 -2.394882
v -6.253777 23.654619 0.049652
v -6.304596 25.791416 -1.522217
v -6.705383 29.188644 1.064392
v -6.308502 27.447008 0.361404
v -6.307671 27.124968 0.071014
v -5.960564 27.391239 -0.669571
v -6.309181 27.366899 -0.668320
v -6.307671 26.820910 -1.055740
v -6.305687 26.239634 -1.049179
v -5.959053 26.845247 -1.056992
v -5.957069 26.263973 -1.050430
v -5.955925 25.815756 -1.523483
v -5.955559 25.470629 -2.396133
v -5.989120 23.365257 0.895416
v -6.251953 23.346912 0.896378
v -5.990944 23.673018 0.048691
v -6.704025 29.033072 2.006073
v -6.355354 29.057411 2.004807
v -6.356766 29.212984 1.063126
v -5.959053 27.149359 0.069748
v -3.913689 25.331783 -1.587128
v -6.542046 24.818159 -2.214859
v -3.914131 25.351173 -2.000809
v -3.913139 25.001825 -2.224350
v -6.542564 25.148121 -1.577637
v -6.543037 25.167507 -1.991318
v -4.092087 29.215485 1.996643
v -4.476746 26.367376 -1.055771
v -4.475266 25.574032 -2.401474
v -3.743462 29.239876 1.995377
v -4.093475 29.371058 1.054947
v -3.744843 29.395449 1.053696
v -4.479576 27.574749 0.354797
v -4.130951 27.599089 0.353531
v -4.480247 27.494644 -0.674927
v -4.131615 27.519033 -0.676178
v -4.130104 26.973043 -1.063599
v -4.478737 26.948652 -1.062332
v -4.475647 25.919157 -1.528824
v -4.128120 26.391714 -1.057037
v -4.127022 25.943497 -1.530090
v -4.126640 25.598372 -2.402740
v -4.421402 23.474758 0.889755
v -4.158546 23.493103 0.888809
v -4.423218 23.782516 0.043030
v -4.160378 23.800863 0.042084
v -4.478745 27.252762 0.064407
v -4.130119 27.277100 0.063141
v -5.582336 24.892584 0.925812
v -4.893524 24.940741 0.923325
v -4.894066 25.012562 0.592209
v -5.582863 24.964455 0.594696
v -5.581451 24.447756 0.204620
v -4.892662 24.495911 0.202133
v -5.176849 17.159897 -2.422211
v -5.152107 17.230934 -3.003860
v -5.582703 17.153955 -2.609039
v -4.622559 23.444895 -1.636887
v -5.046722 23.175495 -1.259384
v -5.026222 16.959501 -2.032944
v -4.577011 17.105537 -2.996246
v -4.967300 17.128782 -3.418213
v -5.990532 23.704964 -2.223267
v -5.623093 23.138229 -1.282349
v -4.601418 17.035439 -2.422440
v -4.998482 17.191742 -2.585754
v -4.988228 17.221188 -2.826675
v -5.543663 17.091518 -3.441177
v -5.394089 17.215298 -3.013504
v -5.572487 17.183401 -2.849960
v -5.968483 17.015530 -3.051682
v -5.418846 17.144209 -2.431854
v -5.992874 16.945429 -2.477875
v -5.602615 16.922186 -2.055908
v -6.014038 23.354887 -1.692337
v -5.572281 25.764471 -2.412994
v -5.631226 25.595192 -1.027710
v -4.995941 25.801737 -2.390015
v -5.054863 25.632456 -1.004745
v -4.989357 23.818167 -2.589798
v -5.518700 25.767754 -2.409286
v -5.512138 23.784184 -2.609070
v -5.565712 23.780901 -2.612762
v -6.112381 10.897050 -2.565353
v -6.846260 10.720526 -2.736679
v -6.843864 9.593310 -4.302490
v -6.483253 14.535272 -0.752060
v -6.483826 9.618432 -4.303787
v -6.486275 10.745698 -2.737976
v -6.485550 14.984531 -1.601395
v -6.472412 10.871928 -2.564041
v -6.125519 15.009652 -1.602692
v -6.123222 14.560392 -0.753357
v -3.439041 14.604277 -1.108337
v -7.094444 14.348897 -1.095139
v -7.094917 14.368285 -1.508835
v -3.439491 14.623665 -1.522034
v -3.438499 14.274316 -1.745560
v -7.093925 14.018936 -1.732361
v -4.435104 15.127752 -1.608795
v -4.061935 11.040323 -2.572754
v -4.421959 11.015150 -2.571442
v -4.072784 14.703666 -0.760773
v -4.432800 14.678493 -0.759460
v -4.047546 10.916021 -2.746780
v -4.045128 9.788807 -4.312607
v -3.685112 9.813928 -4.313904
v -4.075089 15.152925 -1.610092
v -3.687531 10.941194 -2.748077
v -3.279144 10.864266 -1.921936
v -7.239334 10.568235 -1.493958
v -3.278702 10.844880 -1.508255
v -7.238815 10.238275 -2.131165
v -7.239807 10.587624 -1.907639
v -3.278160 10.514918 -2.145477
v -2.287636 9.071658 6.745209
v -2.250351 8.973468 7.406006
v -6.671196 8.914575 7.672653
v -6.708511 9.012765 7.011841
v -2.342087 8.547140 6.331741
v -6.762924 8.488246 6.598389
v -5.825630 4.572578 5.642853
v -7.593689 2.740495 0.869476
v -7.528748 1.634211 -6.947372
v -7.988640 1.181157 -1.309555
v -6.366043 8.405482 -1.590210
v -5.297668 4.579609 5.611008
v -7.360878 1.965126 -0.695389
v -7.460686 1.188188 -1.341400
v -7.134422 1.605457 -6.411545
v -5.831512 9.803504 5.566238
v -6.359474 9.796520 5.598083
v -8.251266 1.854343 -5.951080
v -7.699852 1.838306 -5.599533
v -7.888832 1.958095 -0.663544
v -7.065727 2.747525 0.837631
v -5.477058 3.282233 2.572540
v -6.005020 3.275203 2.604370
v -5.751205 3.859975 5.013489
v -5.223244 3.867011 4.981644
v -6.893997 8.398447 -1.558365
v -5.749954 10.781972 -1.667953
v -5.314453 10.787758 -1.694229
v -5.379967 9.579656 -1.715195
v -6.005646 8.565069 -3.812317
v -5.570145 8.570854 -3.838593
v -5.815468 9.573871 -1.688934
v -5.256912 10.995553 -0.971344
v -5.692413 10.989716 -0.945068
v -4.083694 10.804123 -1.768463
v -4.149223 9.596073 -1.789429
v -4.461670 11.006133 -1.019302
v -4.774887 8.581434 -3.886551
v -4.584732 9.590288 -1.763153
v -4.339378 8.587271 -3.912811
v -4.519196 10.798338 -1.742188
v -4.026161 11.011918 -1.045578
v -2.428192 8.677540 -0.989441
v -2.405121 8.616770 -0.580444
v -7.640335 8.547036 -0.264694
v -7.663422 8.607805 -0.673691
v -2.461899 8.352895 -1.245331
v -7.697144 8.283161 -0.929581
v -7.261383 8.938184 0.339935
v -7.019966 8.128891 -2.031113
v -7.576225 7.666706 -3.505661
v -7.140724 7.672491 -3.531921
v -6.904633 9.124819 -1.060638
v -6.838234 9.290242 -0.164917
v -7.340134 9.119035 -1.034378
v -7.455467 8.123054 -2.004852
v -7.273735 9.284406 -0.138641
v -6.825829 8.943969 0.313675
v -5.922310 8.841296 -1.153534
v -5.759018 5.969161 3.758270
v -5.799988 3.198709 5.410553
v -5.875038 6.193999 1.768417
v -5.919853 5.816715 1.383240
v -5.938934 5.898488 1.019012
v -6.122444 6.834325 -2.607040
v -6.103210 7.804298 -3.109650
v -6.673386 3.164430 6.547409
v -6.236473 6.189152 1.790207
v -6.281296 5.811867 1.405029
v -6.206505 8.900659 0.015793
v -6.300369 5.893641 1.040817
v -6.398827 7.048635 -1.444366
v -6.483826 6.829477 -2.585236
v -5.845116 8.905453 -0.006012
v -6.283745 8.836449 -1.131744
v -6.102684 2.591822 7.017776
v -6.311996 3.066755 6.609695
v -6.159706 3.326054 5.349426
v -6.120461 5.964365 3.780060
v -6.037384 7.053430 -1.466171
v -6.562477 7.416433 -4.293228
v -6.545013 7.575811 -4.152679
v -6.201088 7.421281 -4.315033
v -6.183578 7.580658 -4.174484
v -6.464653 7.799451 -3.087845
v -4.237251 7.077248 -1.571701
v -3.999802 3.222506 5.305023
v -4.119713 5.840481 1.277695
v -4.303047 7.828063 -3.215179
v -2.989777 3.213312 6.328262
v -3.120659 2.370794 4.989197
v -3.636703 3.359483 5.200256
v -3.742165 2.693781 4.110367
v -3.597458 5.997774 3.630920
v -3.758293 5.845275 1.255890
v -3.683525 8.934067 -0.133347
v -4.122154 8.865062 -1.259079
v -4.044945 8.929271 -0.111557
v -3.760735 8.869908 -1.280869
v -3.351234 3.106011 6.434158
v -3.958870 5.992979 3.652725
v -3.713478 6.222612 1.641068
v -4.074898 6.217765 1.662872
v -3.777367 5.927102 0.891678
v -4.138786 5.922254 0.913483
v -3.875832 7.082043 -1.593506
v -4.322258 6.858090 -2.712585
v -3.960838 6.862937 -2.734375
v -4.039497 7.449893 -4.442368
v -4.400917 7.445047 -4.420578
v -3.941628 7.832911 -3.236984
v -4.021988 7.609272 -4.301819
v -4.383408 7.604424 -4.280014
v -3.639450 2.624443 6.872208
v -3.761513 1.835351 5.626114
v -6.224747 1.802725 5.771683
v -2.652832 7.382035 -3.412216
v -2.629761 7.321266 -3.003220
v -7.921776 6.987656 -3.352356
v -7.864967 7.251532 -2.687469
v -7.888054 7.312301 -3.096466
v -2.686539 7.057391 -3.668106
v -3.239555 8.447124 -1.778778
v -2.818481 2.025635 -0.969345
v -2.884392 1.249151 -1.617401
v -4.541191 3.876095 4.940506
v -3.360252 2.796887 0.614151
v -3.412354 1.242115 -1.585556
v -3.346436 2.018604 -0.937515
v -4.342400 1.642649 -6.579941
v -3.232994 9.838162 5.409515
v -2.705040 9.845198 5.377670
v -3.147240 1.922331 -6.258942
v -3.651764 1.892228 -5.843658
v -2.832291 2.803923 0.582306
v -4.131836 3.300151 2.491394
v -4.659798 3.293121 2.523239
v -4.013237 3.883126 4.908661
v -4.311081 4.592753 5.551483
v -3.783119 4.599783 5.519638
v -3.767509 8.440089 -1.746933
v -4.016258 1.680997 -7.159225
v -3.338425 3.826791 8.010483
v -5.937004 4.217282 9.246979
v -3.246689 4.253119 9.084747
v -5.974266 4.315499 8.586182
v -3.283966 4.351336 8.423874
v -6.028732 3.790950 8.172729
v -8.256058 1.175632 -0.032730
v -2.351601 1.254284 -0.388840
v -8.297234 1.273797 -0.693314
v -2.392754 1.352449 -1.049423
v -2.410835 0.828384 -1.465057
v -8.315315 0.749732 -1.108932
v -4.591103 29.763666 2.909546
v -4.595200 30.404148 0.723236
v -4.594276 30.439848 1.920166
v -5.094536 30.369228 0.724670
v -5.092857 29.635246 -0.222626
v -4.593521 29.670166 -0.224045
v -5.090439 29.728798 2.910965
v -5.093613 30.404980 1.921600
v -5.373711 30.385384 1.922394
v -5.869873 29.674334 2.913193
v -5.370529 29.709200 2.911758
v -5.374649 30.349682 0.725464
v -5.873993 30.314764 0.726898
v -5.372978 29.615702 -0.221817
v -5.872322 29.580782 -0.220398
v -5.873055 30.350517 1.923828
v -3.468117 23.487318 0.231384
v -3.467781 23.472725 0.543198
v -7.123528 23.231991 0.244583
v -7.123215 23.217346 0.556396
v -3.467369 23.224016 0.062897
v -7.122795 22.968637 0.076111
v -3.391800 29.052927 1.581558
v -7.038574 28.817562 1.181046
v -3.392242 29.072315 1.167877
v -7.038109 28.798172 1.594727
v -7.037582 28.468214 0.957504
v -3.391258 28.722965 0.944336
v -3.287498 27.268763 -0.456757
v -7.146408 26.999205 -0.442825
v -7.146721 27.013798 -0.754639
v -3.287827 27.283356 -0.768570
v -7.145988 26.750498 -0.923111
v -3.287079 27.020054 -0.937057
v -3.425430 10.007547 -3.378647
v -7.081314 9.771555 -3.779129
v -3.425873 10.026935 -3.792343
v -3.424889 9.677586 -4.015869
v -7.080322 9.422206 -4.002670
v -7.080841 9.752168 -3.365448
v -2.664551 9.181315 -1.316360
v -3.100052 9.175478 -1.290100
v -2.900642 7.728987 -3.787643
v -2.779877 8.185335 -2.286850
v -3.021278 8.994628 0.084213
v -3.336143 7.723202 -3.761383
v -3.215378 8.179549 -2.260574
v -2.598160 9.346686 -0.420639
v -3.033661 9.340902 -0.394363
v -2.585777 9.000465 0.057938
v -6.715805 9.848013 -1.057083
v -6.219955 9.783803 -0.935669
v -6.633202 9.014068 -1.961761
v -6.439011 9.873290 -1.086319
v -6.140266 9.015840 -1.787506
v -5.846268 8.714752 -3.019165
v -5.788933 8.824306 -2.769745
v -5.773560 8.725385 -2.509979
v -6.364685 9.110487 -1.923843
v -3.175911 47.114834 -6.725769
v -8.032211 49.485382 4.193710
v -0.239555 47.606361 -1.407043
v -1.191193 43.881519 -2.379486
v -0.668465 43.889858 -1.014053
v -5.973595 47.436565 -5.179504
v -6.083511 47.104832 -6.759277
v -8.597847 47.791225 -5.565811
v -7.847664 48.069279 -4.663086
v -7.965393 50.686974 -4.720261
v -10.764565 49.017361 0.077530
v -9.381813 49.241158 -0.412277
v -5.404877 48.991302 4.298813
v -5.148628 49.131500 3.246429
v -7.461044 49.649818 3.180023
v -2.101280 47.930069 3.918854
v -1.566536 47.729679 -1.419357
v -1.959808 48.408207 -4.441772
v -1.298576 49.665455 -7.246170
v -3.840996 49.839527 -6.518280
v -8.702553 50.409966 -5.618866
v -9.927963 49.504982 2.782135
v -9.723343 51.361542 3.184448
v -8.498253 51.220352 4.171097
v -8.997284 48.675468 -2.619431
v -8.815079 51.213730 -2.534958
v -9.768166 50.996506 -2.945358
v -10.021828 48.452244 -3.061630
v -9.926399 50.644337 -3.431259
v -9.239792 50.080315 -5.557159
v -8.791206 51.828102 1.943069
v -7.454376 51.653557 2.998093
v -8.963516 49.698601 2.064987
v -7.996300 51.490482 3.987320
v -9.691765 51.638599 2.648422
v -3.056267 48.037018 2.648758
v -1.798569 47.600578 1.319397
v -1.982666 49.984623 -6.099869
v -3.643929 47.421658 -5.662231
v -3.381691 49.527393 -7.738205
v -1.202461 48.099247 -5.417847
v -10.396820 44.374664 2.458298
v -11.054134 44.207314 -0.293320
v -5.398102 44.061069 -5.661148
v -3.559990 43.994774 -5.294586
v -10.336830 44.424023 1.872177
v -10.901321 44.331924 -0.143631
v -10.109123 44.100780 -2.951111
v -10.109749 44.295757 -2.306091
v -1.169968 43.851658 -3.084000
v -0.925079 43.897835 0.529221
v -0.513695 43.722664 -1.147568
v -7.472099 44.032558 -5.511505
v -7.005219 44.185841 -5.321381
v -5.398880 44.141071 -5.500824
v -3.855141 44.125332 -5.161499
v -0.495300 47.440887 1.876877
v -3.867447 47.330814 4.504044
v -4.050110 43.150669 3.926559
v -3.697823 42.974453 3.733307
v -3.874588 41.712723 2.284439
v -4.232483 41.747383 2.315491
v -4.055710 43.009109 3.764359
v -3.794510 46.959213 5.387100
v -4.407997 43.185326 3.957596
v -4.152397 46.993870 5.418167
v -4.225327 47.365471 4.535080
v -6.897072 47.060997 4.908585
v -3.223442 46.726608 5.005280
v -6.857201 47.078560 5.320450
v -3.263283 46.709042 4.593430
v -6.926369 46.693253 4.719009
v -3.292595 46.341293 4.403854
v -5.905731 47.528236 4.680817
v -6.263626 47.562897 4.711853
v -6.837868 43.278614 4.005646
v -6.190712 47.191296 5.594894
v -5.832817 47.156635 5.563889
v -6.656761 41.982174 2.525742
v -7.014656 42.016834 2.556778
v -6.479973 43.243908 3.974609
v -6.446304 43.382751 4.134369
v -6.088409 43.348091 4.103333
v -7.164444 43.286644 4.870789
v -7.124626 43.304207 5.282608
v -7.193787 42.918949 4.681213
v -3.227272 42.905346 4.529327
v -3.187431 42.922855 4.941162
v -3.256584 42.537601 4.339752
v -3.543839 41.947983 3.175919
v -7.217445 42.282375 3.079224
v -7.177628 42.299942 3.491074
v -7.246788 41.914627 2.889648
v -3.612991 41.562725 2.574509
v -3.583687 41.930424 2.764084
v -6.793877 47.147881 -6.272385
v -6.434990 47.156372 -6.309174
v -6.804047 43.261837 -4.617432
v -6.889725 46.561497 -7.027481
v -6.530785 46.569992 -7.064270
v -7.036545 42.314896 -2.656738
v -6.677658 42.323341 -2.693542
v -6.804047 43.167709 -4.423737
v -7.162979 43.159210 -4.386932
v -6.445107 43.270275 -4.654221
v -3.782883 46.639462 -6.572952
v -7.468658 46.464241 -6.601624
v -3.824432 46.550240 -6.975250
v -7.427116 46.553520 -6.199310
v -4.400948 43.318539 -4.863815
v -4.246399 42.380669 -2.942825
v -4.845551 46.609760 -7.237091
v -4.372818 43.225040 -4.673019
v -4.013901 43.233486 -4.709808
v -3.887474 42.389164 -2.979614
v -4.759865 43.310043 -4.827011
v -4.390808 47.204586 -6.518753
v -4.486626 46.618198 -7.273895
v -4.749718 47.196087 -6.481949
v -7.641273 42.905865 -5.139862
v -3.734268 42.909721 -5.946960
v -3.692719 42.999001 -5.544708
v -7.682808 42.816589 -5.542160
v -3.717247 42.409229 -3.954422
v -3.675690 42.498508 -3.552139
v -7.361504 42.323288 -3.580765
v -7.319908 42.412563 -3.178497
vt 0.678300 0.054300
vt 0.701400 0.032900
vt 0.641900 0.052000
vt 0.673800 0.006500
vt 0.697100 0.065700
vt 0.716300 0.034200
vt 0.671500 0.077700
vt 0.630800 0.075300
vt 0.881100 0.939800
vt 0.918000 0.939800
vt 0.889900 0.975400
vt 0.918000 0.979500
vt 0.869200 0.918000
vt 0.889900 0.904200
vt 0.869200 0.961500
vt 0.918000 0.900100
vt 0.705000 0.071600
vt 0.772600 0.071600
vt 0.739000 0.045900
vt 0.701400 0.032900
vt 0.678300 0.054300
vt 0.716300 0.034200
vt 0.697100 0.065700
vt 0.889900 0.975400
vt 0.881100 0.939800
vt 0.889900 0.904200
vt 0.869200 0.918000
vt 0.869200 0.961500
vt 0.551300 0.886500
vt 0.569100 0.874300
vt 0.541600 0.861500
vt 0.572900 0.878800
vt 0.407100 0.599900
vt 0.390400 0.590400
vt 0.407100 0.596000
vt 0.390400 0.585800
vt 0.407100 0.610900
vt 0.390400 0.603700
vt 0.409600 0.777900
vt 0.408900 0.786300
vt 0.427800 0.785100
vt 0.427800 0.798300
vt 0.409300 0.801100
vt 0.426700 0.807300
vt 0.598000 0.420500
vt 0.577100 0.419900
vt 0.598000 0.415700
vt 0.577100 0.415100
vt 0.388800 0.571500
vt 0.388800 0.577100
vt 0.372100 0.568800
vt 0.598000 0.434100
vt 0.577100 0.433700
vt 0.388800 0.593000
vt 0.372100 0.591100
vt 0.598000 0.454500
vt 0.577100 0.454200
vt 0.598000 0.375600
vt 0.577100 0.375400
vt 0.598000 0.396100
vt 0.577100 0.409300
vt 0.598000 0.409800
vt 0.577100 0.395700
vt 0.444300 0.797600
vt 0.427700 0.795700
vt 0.444300 0.814000
vt 0.427400 0.815900
vt 0.577100 0.414000
vt 0.598000 0.414600
vt 0.444000 0.828800
vt 0.427700 0.827600
vt 0.368900 0.525700
vt 0.356800 0.528100
vt 0.364500 0.504600
vt 0.371500 0.549400
vt 0.407100 0.667000
vt 0.407100 0.668400
vt 0.390500 0.670900
vt 0.388400 0.673500
vt 0.410000 0.727500
vt 0.425200 0.722900
vt 0.409500 0.720900
vt 0.429900 0.715000
vt 0.910300 0.038100
vt 0.879900 0.033700
vt 0.907100 0.045600
vt 0.932800 0.035100
vt 0.934100 0.048400
vt 0.540900 0.801500
vt 0.549200 0.804400
vt 0.541600 0.796400
vt 0.553000 0.800400
vt 0.519500 0.801500
vt 0.407100 0.596000
vt 0.390400 0.590400
vt 0.407100 0.599900
vt 0.390400 0.585800
vt 0.407100 0.610900
vt 0.390400 0.603700
vt 0.427800 0.785100
vt 0.408900 0.786300
vt 0.409600 0.777900
vt 0.427800 0.798300
vt 0.409300 0.801100
vt 0.426700 0.807300
vt 0.598000 0.415700
vt 0.598000 0.420500
vt 0.372100 0.568800
vt 0.388800 0.577100
vt 0.388800 0.571500
vt 0.598000 0.434100
vt 0.598000 0.454500
vt 0.577100 0.375400
vt 0.577100 0.395700
vt 0.577100 0.409300
vt 0.444300 0.814000
vt 0.427700 0.795700
vt 0.444300 0.797600
vt 0.427400 0.815900
vt 0.577100 0.414000
vt 0.427700 0.827600
vt 0.444000 0.828800
vt 0.390500 0.670900
vt 0.407100 0.668400
vt 0.407100 0.667000
vt 0.409500 0.720900
vt 0.425200 0.722900
vt 0.410000 0.727500
vt 0.429900 0.715000
vt 0.907100 0.045600
vt 0.879900 0.033700
vt 0.910300 0.038100
vt 0.932800 0.035100
vt 0.934100 0.048400
vt 0.541600 0.796400
vt 0.549200 0.804400
vt 0.540900 0.801500
vt 0.519500 0.801500
vt 0.634100 0.335600
vt 0.634100 0.352300
vt 0.650400 0.335600
vt 0.650400 0.369000
vt 0.650400 0.352300
vt 0.634100 0.369000
vt 0.634100 0.168500
vt 0.634100 0.185200
vt 0.650400 0.168500
vt 0.634100 0.201900
vt 0.650400 0.201900
vt 0.841100 0.368200
vt 0.857900 0.368200
vt 0.841100 0.350000
vt 0.857900 0.350000
vt 0.857900 0.386300
vt 0.841100 0.168500
vt 0.841100 0.186700
vt 0.857900 0.168500
vt 0.857900 0.186700
vt 0.841100 0.204800
vt 0.857900 0.204800
vt 0.841100 0.368200
vt 0.841100 0.350000
vt 0.841100 0.168500
vt 0.841100 0.186700
vt 0.841100 0.204800
vt 0.634100 0.335600
vt 0.650400 0.335600
vt 0.634100 0.352300
vt 0.650400 0.369000
vt 0.634100 0.369000
vt 0.650400 0.352300
vt 0.634100 0.168500
vt 0.650400 0.168500
vt 0.634100 0.185200
vt 0.650400 0.185200
vt 0.650400 0.201900
vt 0.634100 0.201900
vt 0.679600 0.596300
vt 0.675700 0.590400
vt 0.694100 0.585500
vt 0.684600 0.600700
vt 0.690400 0.603100
vt 0.696600 0.603400
vt 0.702700 0.601600
vt 0.708000 0.597900
vt 0.712000 0.592500
vt 0.713800 0.585900
vt 0.665800 0.608200
vt 0.658100 0.598300
vt 0.674900 0.615900
vt 0.685500 0.620400
vt 0.697000 0.621200
vt 0.708600 0.618500
vt 0.653000 0.621600
vt 0.642100 0.609600
vt 0.665500 0.631300
vt 0.679900 0.637300
vt 0.665400 0.688700
vt 0.673400 0.697900
vt 0.654800 0.702300
vt 0.679600 0.596300
vt 0.684600 0.600700
vt 0.690400 0.603100
vt 0.696600 0.603400
vt 0.702700 0.601600
vt 0.708000 0.597900
vt 0.712000 0.592500
vt 0.665800 0.608200
vt 0.674900 0.615900
vt 0.685500 0.620400
vt 0.653000 0.621600
vt 0.665500 0.631300
vt 0.665400 0.688700
vt 0.654800 0.702300
vt 0.673400 0.697900
vt 0.091200 0.026200
vt 0.110100 0.049900
vt 0.078000 0.028200
vt 0.102800 0.055200
vt 0.121300 0.067900
vt 0.129900 0.063300
vt 0.223700 0.843800
vt 0.216600 0.849800
vt 0.203900 0.823500
vt 0.164900 0.085900
vt 0.191000 0.084900
vt 0.177800 0.094600
vt 0.302100 0.059000
vt 0.299600 0.080900
vt 0.235500 0.063700
vt 0.296900 0.039100
vt 0.339200 0.057700
vt 0.342500 0.037000
vt 0.235300 0.057600
vt 0.295900 0.032300
vt 0.235100 0.060900
vt 0.186500 0.082200
vt 0.193400 0.083800
vt 0.154200 0.078400
vt 0.141800 0.077300
vt 0.158800 0.084000
vt 0.122500 0.841200
vt 0.170700 0.827900
vt 0.127100 0.845000
vt 0.175000 0.830700
vt 0.375800 0.033100
vt 0.397200 0.026500
vt 0.385500 0.044300
vt 0.407800 0.036500
vt 0.343300 0.027200
vt 0.370700 0.040300
vt 0.381500 0.047600
vt 0.068900 0.865000
vt 0.066700 0.853900
vt 0.021600 0.868100
vt 0.026800 0.884800
vt 0.354100 0.059800
vt 0.186500 0.282000
vt 0.190500 0.291700
vt 0.172400 0.284100
vt 0.156200 0.914500
vt 0.102600 0.942500
vt 0.121800 0.866200
vt 0.072900 0.890200
vt 0.057900 0.959800
vt 0.037600 0.911000
vt 0.187700 0.890200
vt 0.162400 0.844900
vt 0.185800 0.837100
vt 0.212900 0.864300
vt 0.203400 0.854400
vt 0.022100 0.927400
vt 0.031000 0.958400
vt 0.322900 0.749100
vt 0.289200 0.676100
vt 0.294700 0.664000
vt 0.189100 0.472000
vt 0.161100 0.478800
vt 0.138700 0.443800
vt 0.206500 0.492200
vt 0.232400 0.270000
vt 0.174200 0.334900
vt 0.175800 0.351500
vt 0.169000 0.333900
vt 0.234900 0.288500
vt 0.205400 0.303900
vt 0.257900 0.277400
vt 0.245400 0.292200
vt 0.278300 0.315300
vt 0.259600 0.318900
vt 0.291000 0.330200
vt 0.272500 0.338500
vt 0.299400 0.337100
vt 0.287100 0.353100
vt 0.326200 0.353600
vt 0.311900 0.371700
vt 0.206200 0.176800
vt 0.238700 0.147200
vt 0.221900 0.185400
vt 0.245200 0.164600
vt 0.277600 0.147400
vt 0.268800 0.165300
vt 0.303700 0.181700
vt 0.289100 0.188100
vt 0.388800 0.849000
vt 0.389100 0.868200
vt 0.380200 0.850100
vt 0.380500 0.869400
vt 0.747800 0.894300
vt 0.756100 0.895800
vt 0.747600 0.913500
vt 0.755800 0.914900
vt 0.737900 0.894000
vt 0.737600 0.913200
vt 0.728900 0.894900
vt 0.728600 0.914100
vt 0.389600 0.894800
vt 0.388400 0.822500
vt 0.379700 0.823600
vt 0.747200 0.939800
vt 0.755500 0.941300
vt 0.756500 0.869400
vt 0.748200 0.867900
vt 0.737200 0.939500
vt 0.738300 0.867600
vt 0.728300 0.940500
vt 0.729300 0.868600
vt 0.485400 0.728900
vt 0.466900 0.730800
vt 0.482800 0.647200
vt 0.464300 0.649100
vt 0.597300 0.939700
vt 0.607900 0.939700
vt 0.596700 0.945700
vt 0.606600 0.945500
vt 0.320100 0.494300
vt 0.318400 0.503800
vt 0.310700 0.495700
vt 0.310400 0.503800
vt 0.404400 0.850500
vt 0.407200 0.851600
vt 0.403800 0.864800
vt 0.616900 0.948200
vt 0.617000 0.955400
vt 0.609800 0.948000
vt 0.608300 0.955600
vt 0.610200 0.926400
vt 0.616600 0.929300
vt 0.609000 0.917100
vt 0.616900 0.920000
vt 0.491000 0.317400
vt 0.490800 0.327700
vt 0.477800 0.316800
vt 0.477700 0.326900
vt 0.593300 0.956200
vt 0.592900 0.948400
vt 0.670800 0.475200
vt 0.669100 0.471100
vt 0.671000 0.470100
vt 0.597200 0.909400
vt 0.595300 0.919200
vt 0.660700 0.405700
vt 0.679900 0.407200
vt 0.661200 0.437900
vt 0.680100 0.436100
vt 0.847400 0.711200
vt 0.837000 0.710200
vt 0.847400 0.683000
vt 0.836000 0.682400
vt 0.775200 0.023000
vt 0.710400 0.022000
vt 0.778100 0.006600
vt 0.710500 0.006500
vt 0.482300 0.432600
vt 0.481400 0.493600
vt 0.464900 0.433500
vt 0.464800 0.497100
vt 0.491300 0.481000
vt 0.495800 0.490800
vt 0.497300 0.480000
vt 0.498000 0.430700
vt 0.498400 0.443600
vt 0.396600 0.568800
vt 0.395000 0.580300
vt 0.391000 0.575500
vt 0.408100 0.568900
vt 0.406600 0.580400
vt 0.835100 0.269300
vt 0.827100 0.269500
vt 0.834900 0.260700
vt 0.871900 0.429700
vt 0.871700 0.421100
vt 0.880000 0.429400
vt 0.390300 0.492100
vt 0.390200 0.483600
vt 0.396800 0.491800
vt 0.396700 0.483400
vt 0.397100 0.515700
vt 0.390600 0.516000
vt 0.397200 0.524100
vt 0.390700 0.524400
vt 0.413000 0.482700
vt 0.413100 0.491100
vt 0.876300 0.328700
vt 0.877200 0.357600
vt 0.868300 0.328900
vt 0.413400 0.515000
vt 0.413500 0.523500
vt 0.420800 0.530900
vt 0.443700 0.530200
vt 0.421400 0.553700
vt 0.444300 0.553000
vt 0.769200 0.840200
vt 0.769700 0.817500
vt 0.778800 0.840300
vt 0.779400 0.817600
vt 0.390300 0.492100
vt 0.390200 0.483600
vt 0.396800 0.491800
vt 0.396700 0.483400
vt 0.397100 0.515700
vt 0.390600 0.516000
vt 0.397200 0.524100
vt 0.390700 0.524400
vt 0.413000 0.482700
vt 0.413100 0.491100
vt 0.413400 0.515000
vt 0.413500 0.523500
vt 0.769200 0.840200
vt 0.769700 0.817500
vt 0.778800 0.840300
vt 0.779400 0.817600
vt 0.390300 0.492100
vt 0.390200 0.483600
vt 0.396800 0.491800
vt 0.396700 0.483400
vt 0.397100 0.515700
vt 0.390600 0.516000
vt 0.397200 0.524100
vt 0.390700 0.524400
vt 0.413000 0.482700
vt 0.413100 0.491100
vt 0.413400 0.515000
vt 0.413500 0.523500
vt 0.769200 0.840200
vt 0.769700 0.817500
vt 0.778800 0.840300
vt 0.779400 0.817600
vt 0.708200 0.867600
vt 0.727200 0.867900
vt 0.707700 0.883900
vt 0.726800 0.884200
vt 0.708200 0.867600
vt 0.727200 0.867900
vt 0.707700 0.883900
vt 0.726800 0.884200
vt 0.708200 0.867600
vt 0.727200 0.867900
vt 0.707700 0.883900
vt 0.726800 0.884200
vt 0.450400 0.898000
vt 0.450100 0.902300
vt 0.444400 0.898100
vt 0.444000 0.902400
vt 0.443900 0.983100
vt 0.435500 0.983200
vt 0.446100 0.959300
vt 0.438400 0.959400
vt 0.467400 0.897800
vt 0.467600 0.902100
vt 0.468000 0.959000
vt 0.467800 0.982800
vt 0.473400 0.897700
vt 0.473700 0.902000
vt 0.475800 0.958900
vt 0.476200 0.982700
vt 0.353400 0.453900
vt 0.353300 0.446000
vt 0.363800 0.453600
vt 0.363800 0.445400
vt 0.904300 0.743500
vt 0.890000 0.743500
vt 0.904800 0.726600
vt 0.890400 0.726700
vt 0.450400 0.898000
vt 0.450100 0.902300
vt 0.444400 0.898100
vt 0.444000 0.902400
vt 0.443900 0.983100
vt 0.435500 0.983200
vt 0.446100 0.959300
vt 0.438400 0.959400
vt 0.659400 0.826200
vt 0.659700 0.815800
vt 0.667300 0.826200
vt 0.467400 0.897800
vt 0.467600 0.902100
vt 0.468000 0.959000
vt 0.467800 0.982800
vt 0.473400 0.897700
vt 0.473700 0.902000
vt 0.475800 0.958900
vt 0.476200 0.982700
vt 0.353400 0.453900
vt 0.353300 0.446000
vt 0.363800 0.453600
vt 0.363800 0.445400
vt 0.904300 0.743500
vt 0.890000 0.743500
vt 0.904800 0.726600
vt 0.890400 0.726700
vt 0.450400 0.898000
vt 0.450100 0.902300
vt 0.444400 0.898100
vt 0.444000 0.902400
vt 0.443900 0.983100
vt 0.435500 0.983200
vt 0.446100 0.959300
vt 0.438400 0.959400
vt 0.467400 0.897800
vt 0.467600 0.902100
vt 0.468000 0.959000
vt 0.467800 0.982800
vt 0.473400 0.897700
vt 0.473700 0.902000
vt 0.475800 0.958900
vt 0.476200 0.982700
vt 0.904300 0.743500
vt 0.890000 0.743500
vt 0.904800 0.726600
vt 0.890400 0.726700
vt 0.648900 0.827600
vt 0.648900 0.811300
vt 0.657000 0.826200
vt 0.657000 0.809900
vt 0.701400 0.032900
vt 0.678300 0.054300
vt 0.641900 0.052000
vt 0.673800 0.006500
vt 0.716300 0.034200
vt 0.697100 0.065700
vt 0.763700 0.034200
vt 0.779000 0.033000
vt 0.801900 0.054400
vt 0.843900 0.052000
vt 0.812000 0.006600
vt 0.918000 0.939800
vt 0.881100 0.939800
vt 0.889900 0.975400
vt 0.918000 0.979500
vt 0.869200 0.918000
vt 0.889900 0.904200
vt 0.869200 0.961500
vt 0.918000 0.900100
vt 0.701400 0.032900
vt 0.678300 0.054300
vt 0.716300 0.034200
vt 0.697100 0.065700
vt 0.763700 0.034200
vt 0.801900 0.054400
vt 0.779000 0.033000
vt 0.889900 0.975400
vt 0.881100 0.939800
vt 0.869200 0.918000
vt 0.889900 0.904200
vt 0.869200 0.961500
vt 0.709900 0.087600
vt 0.772600 0.071600
vt 0.705000 0.071600
vt 0.739000 0.045900
vt 0.390400 0.590400
vt 0.407100 0.599900
vt 0.407100 0.596000
vt 0.390400 0.585800
vt 0.407100 0.610900
vt 0.390400 0.603700
vt 0.407100 0.627500
vt 0.390400 0.623600
vt 0.427800 0.798300
vt 0.426700 0.807300
vt 0.409300 0.801100
vt 0.577100 0.419900
vt 0.598000 0.420500
vt 0.598000 0.415700
vt 0.577100 0.415100
vt 0.388800 0.577100
vt 0.388800 0.571500
vt 0.372100 0.568800
vt 0.577100 0.433700
vt 0.598000 0.434100
vt 0.372100 0.591100
vt 0.388800 0.593000
vt 0.577100 0.454200
vt 0.598000 0.454500
vt 0.372100 0.615800
vt 0.388800 0.616800
vt 0.598000 0.414600
vt 0.577100 0.414000
vt 0.577100 0.409300
vt 0.598000 0.409800
vt 0.427700 0.827600
vt 0.427400 0.815900
vt 0.444300 0.814000
vt 0.943300 0.053700
vt 0.931300 0.051900
vt 0.934100 0.048400
vt 0.407100 0.668400
vt 0.407100 0.667000
vt 0.390500 0.670900
vt 0.388400 0.673500
vt 0.425200 0.722900
vt 0.410000 0.727500
vt 0.409500 0.720900
vt 0.429900 0.715000
vt 0.907100 0.045600
vt 0.910300 0.038100
vt 0.932800 0.035100
vt 0.549200 0.804400
vt 0.540900 0.801500
vt 0.541600 0.796400
vt 0.553000 0.800400
vt 0.569100 0.874300
vt 0.541600 0.861500
vt 0.551300 0.886500
vt 0.530200 0.896900
vt 0.509100 0.886500
vt 0.507100 0.892200
vt 0.491300 0.874300
vt 0.572900 0.878800
vt 0.390400 0.590400
vt 0.407100 0.596000
vt 0.407100 0.599900
vt 0.390400 0.585800
vt 0.407100 0.610900
vt 0.390400 0.603700
vt 0.407100 0.627500
vt 0.390400 0.623600
vt 0.409300 0.801100
vt 0.427800 0.798300
vt 0.408900 0.786300
vt 0.426700 0.807300
vt 0.598000 0.415700
vt 0.598000 0.420500
vt 0.388800 0.577100
vt 0.372100 0.568800
vt 0.388800 0.571500
vt 0.598000 0.434100
vt 0.372100 0.591100
vt 0.388800 0.593000
vt 0.598000 0.454500
vt 0.372100 0.615800
vt 0.388800 0.616800
vt 0.577100 0.409300
vt 0.577100 0.414000
vt 0.444300 0.814000
vt 0.427700 0.827600
vt 0.444000 0.828800
vt 0.427400 0.815900
vt 0.368900 0.525700
vt 0.371500 0.549400
vt 0.356800 0.528100
vt 0.407100 0.668400
vt 0.390500 0.670900
vt 0.407100 0.667000
vt 0.388400 0.673500
vt 0.425200 0.722900
vt 0.409500 0.720900
vt 0.410000 0.727500
vt 0.907100 0.045600
vt 0.932800 0.035100
vt 0.910300 0.038100
vt 0.934100 0.048400
vt 0.549200 0.804400
vt 0.541600 0.796400
vt 0.540900 0.801500
vt 0.553000 0.800400
vt 0.675700 0.590400
vt 0.679600 0.596300
vt 0.694100 0.585500
vt 0.684600 0.600700
vt 0.690400 0.603100
vt 0.696600 0.603400
vt 0.702700 0.601600
vt 0.708000 0.597900
vt 0.712000 0.592500
vt 0.713800 0.585900
vt 0.665800 0.608200
vt 0.658100 0.598300
vt 0.674900 0.615900
vt 0.685500 0.620400
vt 0.653000 0.621600
vt 0.642100 0.609600
vt 0.665500 0.631300
vt 0.673400 0.697900
vt 0.665400 0.688700
vt 0.654800 0.702300
vt 0.679600 0.596300
vt 0.684600 0.600700
vt 0.690400 0.603100
vt 0.696600 0.603400
vt 0.702700 0.601600
vt 0.708000 0.597900
vt 0.712000 0.592500
vt 0.665800 0.608200
vt 0.674900 0.615900
vt 0.685500 0.620400
vt 0.697000 0.621200
vt 0.708600 0.618500
vt 0.719100 0.612300
vt 0.653000 0.621600
vt 0.665500 0.631300
vt 0.679900 0.637300
vt 0.654800 0.702300
vt 0.665400 0.688700
vt 0.673400 0.697900
vt 0.110100 0.049900
vt 0.091200 0.026200
vt 0.078000 0.028200
vt 0.102800 0.055200
vt 0.121300 0.067900
vt 0.129900 0.063300
vt 0.216600 0.849800
vt 0.223700 0.843800
vt 0.203900 0.823500
vt 0.296900 0.039100
vt 0.302100 0.059000
vt 0.339200 0.057700
vt 0.342500 0.037000
vt 0.235500 0.063700
vt 0.235300 0.057600
vt 0.295900 0.032300
vt 0.235100 0.060900
vt 0.186500 0.082200
vt 0.191000 0.084900
vt 0.193400 0.083800
vt 0.154200 0.078400
vt 0.164900 0.085900
vt 0.141800 0.077300
vt 0.170700 0.827900
vt 0.122500 0.841200
vt 0.127100 0.845000
vt 0.175000 0.830700
vt 0.200000 0.827200
vt 0.397200 0.026500
vt 0.375800 0.033100
vt 0.385500 0.044300
vt 0.407800 0.036500
vt 0.343300 0.027200
vt 0.370700 0.040300
vt 0.381500 0.047600
vt 0.068900 0.865000
vt 0.066700 0.853900
vt 0.021600 0.868100
vt 0.026800 0.884800
vt 0.354100 0.059800
vt 0.121700 0.824400
vt 0.062300 0.835000
vt 0.102600 0.942500
vt 0.156200 0.914500
vt 0.121800 0.866200
vt 0.072900 0.890200
vt 0.037600 0.911000
vt 0.057900 0.959800
vt 0.187700 0.890200
vt 0.162400 0.844900
vt 0.185800 0.837100
vt 0.212900 0.864300
vt 0.203400 0.854400
vt 0.022100 0.927400
vt 0.031000 0.958400
vt 0.313700 0.660400
vt 0.322900 0.749100
vt 0.318500 0.662000
vt 0.294700 0.664000
vt 0.289200 0.676100
vt 0.161100 0.478800
vt 0.189100 0.472000
vt 0.138700 0.443800
vt 0.206500 0.492200
vt 0.054700 0.178200
vt 0.012400 0.185500
vt 0.026200 0.200400
vt 0.056000 0.197500
vt 0.076200 0.197200
vt 0.209500 0.700100
vt 0.190100 0.713100
vt 0.229400 0.717900
vt 0.252600 0.708400
vt 0.234900 0.288500
vt 0.232400 0.270000
vt 0.190500 0.291700
vt 0.245400 0.292200
vt 0.257900 0.277400
vt 0.259600 0.318900
vt 0.287100 0.353100
vt 0.299400 0.337100
vt 0.291000 0.330200
vt 0.272500 0.338500
vt 0.311900 0.371700
vt 0.197300 0.585000
vt 0.211900 0.593400
vt 0.214600 0.576000
vt 0.201600 0.568000
vt 0.177100 0.589000
vt 0.277600 0.147400
vt 0.238700 0.147200
vt 0.245200 0.164600
vt 0.268800 0.165300
vt 0.217800 0.811000
vt 0.210300 0.800300
vt 0.187900 0.813000
vt 0.173100 0.823800
vt 0.112300 0.816200
vt 0.072500 0.821400
vt 0.061300 0.058500
vt 0.079400 0.065700
vt 0.094300 0.062800
vt 0.389100 0.868200
vt 0.388800 0.849000
vt 0.380200 0.850100
vt 0.380500 0.869400
vt 0.756100 0.895800
vt 0.747800 0.894300
vt 0.747600 0.913500
vt 0.755800 0.914900
vt 0.737900 0.894000
vt 0.737600 0.913200
vt 0.728900 0.894900
vt 0.728600 0.914100
vt 0.389600 0.894800
vt 0.380900 0.895900
vt 0.388400 0.822500
vt 0.379700 0.823600
vt 0.747200 0.939800
vt 0.755500 0.941300
vt 0.756500 0.869400
vt 0.748200 0.867900
vt 0.737200 0.939500
vt 0.738300 0.867600
vt 0.728300 0.940500
vt 0.729300 0.868600
vt 0.466900 0.730800
vt 0.485400 0.728900
vt 0.482800 0.647200
vt 0.464300 0.649100
vt 0.390200 0.483600
vt 0.390300 0.492100
vt 0.396800 0.491800
vt 0.396700 0.483400
vt 0.390600 0.516000
vt 0.397100 0.515700
vt 0.390700 0.524400
vt 0.397200 0.524100
vt 0.413100 0.491100
vt 0.413000 0.482700
vt 0.413500 0.523500
vt 0.413400 0.515000
vt 0.769700 0.817500
vt 0.769200 0.840200
vt 0.778800 0.840300
vt 0.779400 0.817600
vt 0.450100 0.902300
vt 0.450400 0.898000
vt 0.444400 0.898100
vt 0.444000 0.902400
vt 0.467400 0.897800
vt 0.467600 0.902100
vt 0.473400 0.897700
vt 0.473700 0.902000
vt 0.890000 0.743500
vt 0.904300 0.743500
vt 0.904800 0.726600
vt 0.890400 0.726700
vt 0.390200 0.483600
vt 0.390300 0.492100
vt 0.396800 0.491800
vt 0.396700 0.483400
vt 0.390600 0.516000
vt 0.397100 0.515700
vt 0.390700 0.524400
vt 0.397200 0.524100
vt 0.382900 0.483300
vt 0.383000 0.491800
vt 0.413100 0.491100
vt 0.413000 0.482700
vt 0.413500 0.523500
vt 0.413400 0.515000
vt 0.769700 0.817500
vt 0.769200 0.840200
vt 0.778800 0.840300
vt 0.779400 0.817600
vt 0.450100 0.902300
vt 0.450400 0.898000
vt 0.444400 0.898100
vt 0.444000 0.902400
vt 0.435500 0.983200
vt 0.443900 0.983100
vt 0.446100 0.959300
vt 0.438400 0.959400
vt 0.659700 0.815800
vt 0.659400 0.826200
vt 0.667300 0.826200
vt 0.667800 0.815700
vt 0.467400 0.897800
vt 0.467600 0.902100
vt 0.467800 0.982800
vt 0.468000 0.959000
vt 0.473400 0.897700
vt 0.473700 0.902000
vt 0.476200 0.982700
vt 0.475800 0.958900
vt 0.353300 0.446000
vt 0.353400 0.453900
vt 0.363800 0.453600
vt 0.363800 0.445400
vt 0.396800 0.491800
vt 0.396700 0.483400
vt 0.390200 0.483600
vt 0.390700 0.524400
vt 0.397200 0.524100
vt 0.397100 0.515700
vt 0.390300 0.492100
vt 0.382900 0.483300
vt 0.383000 0.491800
vt 0.383300 0.515700
vt 0.390600 0.516000
vt 0.383400 0.524100
vt 0.339700 0.569000
vt 0.331400 0.569100
vt 0.330900 0.634500
vt 0.339200 0.634500
vt 0.363300 0.568900
vt 0.362800 0.634300
vt 0.371100 0.634200
vt 0.371500 0.568800
vt 0.469900 0.630100
vt 0.474500 0.630400
vt 0.474200 0.628100
vt 0.469500 0.627700
vt 0.487600 0.631400
vt 0.487700 0.629100
vt 0.492300 0.631800
vt 0.492500 0.629400
vt 0.473400 0.621700
vt 0.468400 0.621300
vt 0.492800 0.623000
vt 0.487800 0.622600
vt 0.607900 0.939700
vt 0.597300 0.939700
vt 0.596700 0.945700
vt 0.606600 0.945500
vt 0.318400 0.503800
vt 0.320100 0.494300
vt 0.310700 0.495700
vt 0.310400 0.503800
vt 0.407200 0.851600
vt 0.404400 0.850500
vt 0.403800 0.864800
vt 0.407500 0.865900
vt 0.814600 0.367200
vt 0.820600 0.358300
vt 0.807700 0.358700
vt 0.804800 0.366100
vt 0.617000 0.955400
vt 0.616900 0.948200
vt 0.609800 0.948000
vt 0.608300 0.955600
vt 0.616600 0.929300
vt 0.610200 0.926400
vt 0.616900 0.920000
vt 0.609000 0.917100
vt 0.490800 0.327700
vt 0.491000 0.317400
vt 0.477800 0.316800
vt 0.477700 0.326900
vt 0.592900 0.948400
vt 0.593300 0.956200
vt 0.669100 0.471100
vt 0.670800 0.475200
vt 0.671000 0.470100
vt 0.597200 0.909400
vt 0.595300 0.919200
vt 0.679900 0.407200
vt 0.660700 0.405700
vt 0.661200 0.437900
vt 0.680100 0.436100
vt 0.837000 0.710200
vt 0.847400 0.711200
vt 0.847400 0.683000
vt 0.836000 0.682400
vt 0.137500 0.961900
vt 0.197700 0.963200
vt 0.196000 0.947800
vt 0.710400 0.022000
vt 0.775200 0.023000
vt 0.778100 0.006600
vt 0.710500 0.006500
vt 0.481400 0.493600
vt 0.482300 0.432600
vt 0.464900 0.433500
vt 0.464800 0.497100
vt 0.491300 0.481000
vt 0.495800 0.490800
vt 0.498000 0.430700
vt 0.498400 0.443600
vt 0.395000 0.580300
vt 0.396600 0.568800
vt 0.391000 0.575500
vt 0.727200 0.867900
vt 0.708200 0.867600
vt 0.707700 0.883900
vt 0.726800 0.884200
vt 0.450100 0.902300
vt 0.450400 0.898000
vt 0.444400 0.898100
vt 0.444000 0.902400
vt 0.467400 0.897800
vt 0.467600 0.902100
vt 0.473400 0.897700
vt 0.473700 0.902000
vt 0.438400 0.959400
vt 0.446100 0.959300
vt 0.468000 0.959000
vt 0.475800 0.958900
vt 0.727200 0.867900
vt 0.708200 0.867600
vt 0.707700 0.883900
vt 0.726800 0.884200
vt 0.727200 0.867900
vt 0.708200 0.867600
vt 0.707700 0.883900
vt 0.726800 0.884200
vt 0.650400 0.352300
vt 0.650400 0.369000
vt 0.634100 0.369000
vt 0.650400 0.168500
vt 0.650400 0.185200
vt 0.634100 0.185200
vt 0.634100 0.168500
vt 0.650400 0.201900
vt 0.634100 0.201900
vt 0.841100 0.368200
vt 0.857900 0.368200
vt 0.857900 0.386300
vt 0.841100 0.186700
vt 0.841100 0.168500
vt 0.857900 0.168500
vt 0.857900 0.186700
vt 0.841100 0.204800
vt 0.857900 0.204800
vt 0.841100 0.368200
vt 0.841100 0.168500
vt 0.841100 0.186700
vt 0.841100 0.204800
vt 0.841100 0.235600
vt 0.841100 0.241100
vt 0.857900 0.241100
vt 0.634100 0.185200
vt 0.650400 0.185200
vt 0.650400 0.168500
vt 0.634100 0.168500
vt 0.650400 0.201900
vt 0.634100 0.201900
vt 0.890000 0.743500
vt 0.904300 0.743500
vt 0.904800 0.726600
vt 0.890400 0.726700
vt 0.904800 0.726600
vt 0.890400 0.726700
vt 0.890000 0.743500
vt 0.215600 0.894800
vt 0.198400 0.893600
vt 0.195100 0.932700
vt 0.212300 0.933900
vt 0.889900 0.975400
vt 0.918000 0.979500
vt 0.918000 0.939800
vt 0.869200 0.918000
vt 0.881100 0.939800
vt 0.889900 0.904200
vt 0.869200 0.961500
vt 0.776200 0.088500
vt 0.810500 0.092000
vt 0.810500 0.077800
vt 0.756400 0.355300
vt 0.740200 0.298000
vt 0.740200 0.355500
vt 0.755700 0.297800
vt 0.767000 0.297500
vt 0.768400 0.354800
vt 0.740200 0.407400
vt 0.724000 0.355300
vt 0.723000 0.407200
vt 0.757400 0.407200
vt 0.770100 0.406600
vt 0.740200 0.452600
vt 0.720800 0.452400
vt 0.759600 0.452400
vt 0.773900 0.451900
vt 0.740200 0.490200
vt 0.718100 0.489900
vt 0.762300 0.489900
vt 0.778600 0.489300
vt 0.804900 0.451000
vt 0.813600 0.488400
vt 0.740100 0.518600
vt 0.715600 0.518300
vt 0.764700 0.518400
vt 0.782800 0.517700
vt 0.821300 0.516700
vt 0.740100 0.548000
vt 0.712700 0.547700
vt 0.767600 0.547800
vt 0.787800 0.547100
vt 0.830500 0.546100
vt 0.740100 0.584500
vt 0.711700 0.584200
vt 0.768600 0.584300
vt 0.789500 0.583500
vt 0.716300 0.034200
vt 0.678300 0.054300
vt 0.697100 0.065700
vt 0.801900 0.054400
vt 0.763700 0.034200
vt 0.782600 0.065800
vt 0.779000 0.033000
vt 0.843900 0.052000
vt 0.812000 0.006600
vt 0.783600 0.160300
vt 0.755100 0.138500
vt 0.761000 0.163400
vt 0.889900 0.975400
vt 0.881100 0.939800
vt 0.889900 0.904200
vt 0.918000 0.900100
vt 0.726600 0.129100
vt 0.750800 0.129200
vt 0.724400 0.138500
vt 0.709900 0.087600
vt 0.705000 0.071600
vt 0.703300 0.085900
vt 0.702700 0.116100
vt 0.709400 0.111400
vt 0.776800 0.116100
vt 0.768000 0.111500
vt 0.767500 0.089700
vt 0.772600 0.071600
vt 0.739000 0.045900
vt 0.757700 0.046600
vt 0.720200 0.046600
vt 0.624300 0.290500
vt 0.618100 0.288800
vt 0.604800 0.297400
vt 0.600900 0.301900
vt 0.605600 0.323100
vt 0.606000 0.371500
vt 0.628900 0.328900
vt 0.629400 0.299700
vt 0.616300 0.388100
vt 0.607500 0.378800
vt 0.612500 0.388100
vt 0.614500 0.391600
vt 0.256500 0.933100
vt 0.251100 0.925900
vt 0.242300 0.932500
vt 0.245000 0.944100
vt 0.259600 0.928000
vt 0.250900 0.908200
vt 0.244000 0.909300
vt 0.241500 0.860900
vt 0.236800 0.858900
vt 0.238700 0.854100
vt 0.232900 0.855900
vt 0.231900 0.845900
vt 0.236600 0.925900
vt 0.231900 0.935700
vt 0.238700 0.943700
vt 0.624300 0.290500
vt 0.618100 0.288800
vt 0.604800 0.297400
vt 0.600900 0.301900
vt 0.605600 0.323100
vt 0.606000 0.371500
vt 0.628900 0.328900
vt 0.629400 0.299700
vt 0.616300 0.388100
vt 0.607500 0.378800
vt 0.612500 0.388100
vt 0.614500 0.391600
vt 0.256500 0.933100
vt 0.251100 0.925900
vt 0.242300 0.932500
vt 0.245000 0.944100
vt 0.259600 0.928000
vt 0.250900 0.908200
vt 0.244000 0.909300
vt 0.241500 0.860900
vt 0.236800 0.858900
vt 0.238700 0.854100
vt 0.232900 0.855900
vt 0.231900 0.845900
vt 0.236600 0.925900
vt 0.231900 0.935700
vt 0.238700 0.943700
vt 0.624300 0.290500
vt 0.618100 0.288800
vt 0.604800 0.297400
vt 0.600900 0.301900
vt 0.605600 0.323100
vt 0.606000 0.371500
vt 0.628900 0.328900
vt 0.629400 0.299700
vt 0.616300 0.388100
vt 0.607500 0.378800
vt 0.612500 0.388100
vt 0.614500 0.391600
vt 0.256500 0.933100
vt 0.251100 0.925900
vt 0.242300 0.932500
vt 0.245000 0.944100
vt 0.259600 0.928000
vt 0.250900 0.908200
vt 0.244000 0.909300
vt 0.241500 0.860900
vt 0.236800 0.858900
vt 0.238700 0.854100
vt 0.232900 0.855900
vt 0.231900 0.845900
vt 0.236600 0.925900
vt 0.231900 0.935700
vt 0.238700 0.943700
vt 0.662900 0.292000
vt 0.666500 0.293200
vt 0.678200 0.293500
vt 0.683200 0.290500
vt 0.729100 0.823800
vt 0.736500 0.823900
vt 0.737000 0.811700
vt 0.729300 0.811600
vt 0.815100 0.347900
vt 0.816000 0.335400
vt 0.808300 0.335800
vt 0.807800 0.348300
vt 0.736200 0.827600
vt 0.807400 0.352000
vt 0.814600 0.351600
vt 0.736800 0.806400
vt 0.729200 0.806200
vt 0.815200 0.330000
vt 0.807600 0.330400
vt 0.424100 0.459300
vt 0.423500 0.465900
vt 0.442900 0.467600
vt 0.444300 0.461000
vt 0.362100 0.667600
vt 0.342300 0.667200
vt 0.341700 0.676000
vt 0.361900 0.676300
vt 0.253600 0.867700
vt 0.259600 0.867900
vt 0.259200 0.847000
vt 0.634900 0.410100
vt 0.635600 0.451700
vt 0.650400 0.450100
vt 0.649800 0.408400
vt 0.444300 0.649200
vt 0.429800 0.648600
vt 0.428900 0.662200
vt 0.443400 0.662800
vt 0.634900 0.410100
vt 0.635600 0.451700
vt 0.650400 0.450100
vt 0.649800 0.408400
vt 0.634900 0.410100
vt 0.635600 0.451700
vt 0.650400 0.450100
vt 0.649800 0.408400
vt 0.915400 0.866900
vt 0.929000 0.867200
vt 0.929900 0.827500
vt 0.916800 0.826500
vt 0.865700 0.262000
vt 0.864600 0.295000
vt 0.874800 0.298500
vt 0.878000 0.263400
vt 0.916600 0.881300
vt 0.930200 0.881100
vt 0.864600 0.255100
vt 0.803000 0.237900
vt 0.802300 0.256400
vt 0.815700 0.257100
vt 0.816500 0.238600
vt 0.714900 0.754900
vt 0.699800 0.757400
vt 0.706200 0.767100
vt 0.722100 0.763500
vt 0.477600 0.312100
vt 0.491000 0.316300
vt 0.490600 0.288300
vt 0.478900 0.290400
vt 0.598800 0.629600
vt 0.591900 0.625800
vt 0.605200 0.633900
vt 0.632900 0.369500
vt 0.633500 0.407900
vt 0.649600 0.405900
vt 0.650400 0.369500
vt 0.260700 0.947800
vt 0.261200 0.966900
vt 0.297400 0.968700
vt 0.297300 0.944000
vt 0.043700 0.345600
vt 0.025900 0.340400
vt 0.024800 0.377400
vt 0.193700 0.983900
vt 0.197200 0.980900
vt 0.181800 0.980500
vt 0.180600 0.985700
vt 0.197700 0.963200
vt 0.182700 0.972500
vt 0.147000 0.985700
vt 0.148900 0.979800
vt 0.138200 0.979600
vt 0.137000 0.984100
vt 0.149600 0.972400
vt 0.137500 0.961900
vt 0.271100 0.825300
vt 0.309200 0.814500
vt 0.299300 0.811600
vt 0.278000 0.820000
vt 0.277000 0.853000
vt 0.270400 0.918400
vt 0.322200 0.854700
vt 0.318600 0.824800
vt 0.301900 0.923200
vt 0.273700 0.926200
vt 0.290000 0.929200
vt 0.296500 0.929900
vt 0.772200 0.742800
vt 0.780800 0.751400
vt 0.795400 0.742100
vt 0.790500 0.729100
vt 0.767000 0.749800
vt 0.780000 0.775000
vt 0.792600 0.770300
vt 0.802300 0.834000
vt 0.790900 0.839700
vt 0.796000 0.846400
vt 0.812500 0.845000
vt 0.811800 0.831500
vt 0.805300 0.748300
vt 0.812600 0.736800
vt 0.800800 0.729300
vt 0.271100 0.825300
vt 0.309200 0.814500
vt 0.299300 0.811600
vt 0.278000 0.820000
vt 0.277000 0.853000
vt 0.270400 0.918400
vt 0.322200 0.854700
vt 0.318600 0.824800
vt 0.301900 0.923200
vt 0.273700 0.926200
vt 0.290000 0.929200
vt 0.296500 0.929900
vt 0.772200 0.742800
vt 0.780800 0.751400
vt 0.795400 0.742100
vt 0.790500 0.729100
vt 0.767000 0.749800
vt 0.780000 0.775000
vt 0.792600 0.770300
vt 0.802300 0.834000
vt 0.790900 0.839700
vt 0.796000 0.846400
vt 0.812500 0.845000
vt 0.811800 0.831500
vt 0.805300 0.748300
vt 0.812600 0.736800
vt 0.800800 0.729300
vt 0.271100 0.825300
vt 0.309200 0.814500
vt 0.299300 0.811600
vt 0.278000 0.820000
vt 0.277000 0.853000
vt 0.270400 0.918400
vt 0.322200 0.854700
vt 0.318600 0.824800
vt 0.301900 0.923200
vt 0.273700 0.926200
vt 0.290000 0.929200
vt 0.296500 0.929900
vt 0.772200 0.742800
vt 0.780800 0.751400
vt 0.795400 0.742100
vt 0.790500 0.729100
vt 0.767000 0.749800
vt 0.780000 0.775000
vt 0.792600 0.770300
vt 0.802300 0.834000
vt 0.790900 0.839700
vt 0.796000 0.846400
vt 0.812500 0.845000
vt 0.811800 0.831500
vt 0.805300 0.748300
vt 0.812600 0.736800
vt 0.800800 0.729300
vt 0.578900 0.287800
vt 0.598000 0.287200
vt 0.593900 0.159900
vt 0.574800 0.160500
vt 0.885900 0.725900
vt 0.905600 0.725600
vt 0.906600 0.716500
vt 0.886900 0.716700
vt 0.305600 0.482000
vt 0.325300 0.479400
vt 0.325500 0.446800
vt 0.305900 0.449400
vt 0.324700 0.435800
vt 0.305100 0.438400
vt 0.886200 0.736100
vt 0.858900 0.726200
vt 0.859900 0.717100
vt 0.933600 0.716100
vt 0.932600 0.725300
vt 0.407700 0.869000
vt 0.399100 0.868100
vt 0.399500 0.894600
vt 0.408100 0.895500
vt 0.398300 0.822300
vt 0.398800 0.848800
vt 0.407400 0.849800
vt 0.406900 0.823300
vt 0.389600 0.894800
vt 0.388400 0.822500
vt 0.578900 0.287800
vt 0.598000 0.287200
vt 0.593900 0.159900
vt 0.574800 0.160500
vt 0.578900 0.287800
vt 0.598000 0.287200
vt 0.593900 0.159900
vt 0.574800 0.160500
vt 0.180800 0.320000
vt 0.170000 0.322800
vt 0.169000 0.333900
vt 0.128200 0.326900
vt 0.099200 0.384200
vt 0.138000 0.355900
vt 0.146200 0.323800
vt 0.150400 0.350000
vt 0.152700 0.323100
vt 0.108200 0.324300
vt 0.087000 0.318200
vt 0.076700 0.354500
vt 0.087400 0.369500
vt 0.073700 0.378500
vt 0.062600 0.366400
vt 0.065000 0.378000
vt 0.081000 0.384100
vt 0.072300 0.388000
vt 0.076400 0.393000
vt 0.070800 0.311400
vt 0.083100 0.287100
vt 0.063200 0.287200
vt 0.147700 0.285300
vt 0.127500 0.288600
vt 0.106100 0.289000
vt 0.120100 0.249500
vt 0.140800 0.245400
vt 0.130600 0.195600
vt 0.112400 0.197100
vt 0.099300 0.252000
vt 0.095200 0.198400
vt 0.056000 0.197500
vt 0.057400 0.252600
vt 0.077500 0.252000
vt 0.076200 0.197200
vt 0.141800 0.077300
vt 0.121300 0.067900
vt 0.104900 0.098800
vt 0.114700 0.110800
vt 0.129500 0.117300
vt 0.112500 0.149500
vt 0.100800 0.144200
vt 0.094300 0.062800
vt 0.092600 0.134000
vt 0.074000 0.109500
vt 0.203400 0.854400
vt 0.216600 0.849800
vt 0.200000 0.827200
vt 0.397200 0.026500
vt 0.391200 0.006500
vt 0.371900 0.011700
vt 0.375800 0.033100
vt 0.110800 0.392600
vt 0.135800 0.367100
vt 0.273700 0.395600
vt 0.262000 0.404400
vt 0.272300 0.421100
vt 0.206500 0.492200
vt 0.209800 0.469100
vt 0.189100 0.472000
vt 0.235600 0.485200
vt 0.229100 0.459700
vt 0.243800 0.438300
vt 0.242000 0.450000
vt 0.277000 0.437400
vt 0.240200 0.426900
vt 0.232100 0.419400
vt 0.229400 0.717900
vt 0.215600 0.755100
vt 0.231500 0.769800
vt 0.252600 0.708400
vt 0.204500 0.638600
vt 0.190100 0.713100
vt 0.209500 0.700100
vt 0.219900 0.645400
vt 0.226300 0.635000
vt 0.319600 0.274300
vt 0.316800 0.324000
vt 0.335000 0.314800
vt 0.335900 0.273200
vt 0.321000 0.219200
vt 0.339700 0.214600
vt 0.333500 0.169500
vt 0.174200 0.334900
vt 0.175800 0.351500
vt 0.205400 0.303900
vt 0.190500 0.291700
vt 0.059400 0.611300
vt 0.053700 0.665200
vt 0.072300 0.658700
vt 0.078500 0.612300
vt 0.066300 0.569000
vt 0.085800 0.569900
vt 0.070300 0.531300
vt 0.090600 0.533700
vt 0.081900 0.501400
vt 0.100300 0.504500
vt 0.089900 0.488500
vt 0.107400 0.491300
vt 0.116600 0.479100
vt 0.095500 0.484000
vt 0.078500 0.412800
vt 0.206200 0.176800
vt 0.206200 0.209200
vt 0.220400 0.196500
vt 0.221900 0.185400
vt 0.072500 0.821400
vt 0.067700 0.785500
vt 0.058400 0.773500
vt 0.070900 0.091300
vt 0.654800 0.702300
vt 0.669900 0.712600
vt 0.673400 0.697900
vt 0.675700 0.590400
vt 0.694100 0.585500
vt 0.679600 0.596300
vt 0.665800 0.608200
vt 0.658100 0.598300
vt 0.684600 0.600700
vt 0.674900 0.615900
vt 0.690400 0.603100
vt 0.685500 0.620400
vt 0.696600 0.603400
vt 0.697000 0.621200
vt 0.708600 0.618500
vt 0.653000 0.621600
vt 0.642100 0.609600
vt 0.665500 0.631300
vt 0.679900 0.637300
vt 0.695500 0.638600
vt 0.712300 0.635600
vt 0.641400 0.636700
vt 0.631000 0.618200
vt 0.657500 0.648000
vt 0.675700 0.654600
vt 0.693500 0.655600
vt 0.714900 0.653000
vt 0.640500 0.691600
vt 0.654800 0.702300
vt 0.647100 0.718200
vt 0.630400 0.708400
vt 0.653600 0.675700
vt 0.665400 0.688700
vt 0.671200 0.662800
vt 0.679200 0.678300
vt 0.695400 0.672500
vt 0.669900 0.712600
vt 0.666000 0.725200
vt 0.677000 0.702100
vt 0.673400 0.697900
vt 0.686400 0.694400
vt 0.697500 0.689800
vt 0.650400 0.168500
vt 0.650400 0.185200
vt 0.634100 0.185200
vt 0.650400 0.201900
vt 0.634100 0.201900
vt 0.650400 0.218600
vt 0.634100 0.218600
vt 0.650400 0.235300
vt 0.634100 0.235300
vt 0.650400 0.252000
vt 0.581600 0.971400
vt 0.591300 0.954900
vt 0.520100 0.935300
vt 0.520000 0.954400
vt 0.591400 0.935800
vt 0.529800 0.918900
vt 0.582000 0.919200
vt 0.546400 0.909400
vt 0.565000 0.980800
vt 0.529400 0.971000
vt 0.545900 0.980700
vt 0.841100 0.186700
vt 0.841100 0.168500
vt 0.857900 0.168500
vt 0.857900 0.186700
vt 0.857900 0.204800
vt 0.841100 0.204800
vt 0.841100 0.223000
vt 0.857900 0.259300
vt 0.841100 0.259300
vt 0.841100 0.241100
vt 0.788800 0.928700
vt 0.860100 0.963100
vt 0.867600 0.950400
vt 0.788700 0.949900
vt 0.841100 0.186700
vt 0.841100 0.204800
vt 0.841100 0.223000
vt 0.857900 0.223000
vt 0.857900 0.241100
vt 0.841100 0.235600
vt 0.841100 0.241100
vt 0.857300 0.910900
vt 0.817900 0.900100
vt 0.799500 0.910500
vt 0.839000 0.900200
vt 0.799100 0.968300
vt 0.856900 0.968700
vt 0.817300 0.979000
vt 0.838500 0.979100
vt 0.650400 0.168500
vt 0.634100 0.168500
vt 0.634100 0.185200
vt 0.920900 0.755800
vt 0.903900 0.817400
vt 0.920500 0.808000
vt 0.930300 0.772400
vt 0.904400 0.746100
vt 0.885300 0.746000
vt 0.868300 0.807600
vt 0.884800 0.817300
vt 0.868700 0.755400
vt 0.858900 0.791000
vt 0.907100 0.319100
vt 0.923900 0.320900
vt 0.923000 0.397300
vt 0.907100 0.395700
vt 0.932800 0.324300
vt 0.931500 0.400400
vt 0.500300 0.427800
vt 0.507600 0.425700
vt 0.508900 0.502800
vt 0.503100 0.504800
vt 0.915400 0.642600
vt 0.863200 0.647200
vt 0.884900 0.550000
vt 0.907100 0.548000
vt 0.929300 0.549900
vt 0.956400 0.650300
vt 0.907100 0.471600
vt 0.923900 0.473400
vt 0.925700 0.245000
vt 0.907100 0.243100
vt 0.907100 0.137600
vt 0.929200 0.139700
vt 0.393800 0.821800
vt 0.408100 0.821800
vt 0.407500 0.713400
vt 0.388800 0.712600
vt 0.932800 0.476800
vt 0.943700 0.554500
vt 0.935600 0.248600
vt 0.940800 0.143600
vt 0.504900 0.348600
vt 0.498000 0.350600
vt 0.492900 0.243000
vt 0.500000 0.241200
vt 0.906900 0.050400
vt 0.931300 0.051900
vt 0.943300 0.053700
vt 0.493200 0.156800
vt 0.498300 0.154100
vt 0.684300 0.729300
vt 0.711200 0.729100
vt 0.703300 0.743600
vt 0.681700 0.743700
vt 0.659600 0.739700
vt 0.640600 0.758900
vt 0.661800 0.752100
vt 0.646600 0.767500
vt 0.630400 0.783900
vt 0.638400 0.787600
vt 0.630500 0.810900
vt 0.638400 0.809300
vt 0.645400 0.829000
vt 0.639200 0.835400
vt 0.656200 0.843400
vt 0.652600 0.853200
vt 0.682000 0.852700
vt 0.684700 0.864900
vt 0.709300 0.853700
vt 0.746800 0.787000
vt 0.738500 0.767000
vt 0.755000 0.758300
vt 0.736000 0.739300
vt 0.723200 0.751800
vt 0.407100 0.693800
vt 0.577100 0.433700
vt 0.598000 0.434100
vt 0.598000 0.420500
vt 0.577100 0.419900
vt 0.577100 0.454200
vt 0.598000 0.454500
vt 0.577100 0.478400
vt 0.598000 0.478500
vt 0.598000 0.502500
vt 0.577100 0.502600
vt 0.372100 0.715100
vt 0.388800 0.696700
vt 0.475700 0.013900
vt 0.493300 0.040200
vt 0.458600 0.010600
vt 0.948500 0.053600
vt 0.934100 0.048400
vt 0.935500 0.032800
vt 0.955400 0.006500
vt 0.492100 0.149100
vt 0.486000 0.155000
vt 0.445400 0.007900
vt 0.907100 0.045600
vt 0.463700 0.833800
vt 0.467900 0.809000
vt 0.473700 0.811400
vt 0.469900 0.835100
vt 0.468200 0.862900
vt 0.474400 0.858800
vt 0.476600 0.885300
vt 0.487500 0.878800
vt 0.495100 0.898700
vt 0.507100 0.892200
vt 0.526900 0.908400
vt 0.530200 0.896900
vt 0.551800 0.904500
vt 0.553300 0.892200
vt 0.572900 0.878800
vt 0.577300 0.888800
vt 0.592700 0.867500
vt 0.586000 0.811400
vt 0.597200 0.812900
vt 0.597700 0.838700
vt 0.910300 0.038100
vt 0.932800 0.035100
vt 0.500300 0.427800
vt 0.508900 0.502800
vt 0.507600 0.425700
vt 0.503100 0.504800
vt 0.516900 0.502100
vt 0.516000 0.425000
vt 0.524500 0.502100
vt 0.524000 0.425000
vt 0.528500 0.425100
vt 0.535500 0.502300
vt 0.535900 0.425100
vt 0.528900 0.502300
vt 0.540400 0.425000
vt 0.547600 0.502100
vt 0.548400 0.425000
vt 0.540000 0.502100
vt 0.499700 0.657600
vt 0.494500 0.765500
vt 0.504200 0.656600
vt 0.487100 0.766900
vt 0.503500 0.581100
vt 0.508700 0.579400
vt 0.504900 0.348600
vt 0.492900 0.243000
vt 0.498000 0.350600
vt 0.500000 0.241200
vt 0.513800 0.655800
vt 0.509300 0.764600
vt 0.516000 0.579000
vt 0.514300 0.347700
vt 0.511000 0.240300
vt 0.521500 0.764600
vt 0.522900 0.655800
vt 0.524000 0.579000
vt 0.523100 0.347700
vt 0.542900 0.764600
vt 0.541500 0.655800
vt 0.528500 0.579200
vt 0.537000 0.651400
vt 0.535900 0.579200
vt 0.527500 0.651400
vt 0.536800 0.347900
vt 0.526000 0.245100
vt 0.527600 0.347900
vt 0.538300 0.245100
vt 0.550600 0.655800
vt 0.548400 0.579000
vt 0.540400 0.579000
vt 0.550100 0.347700
vt 0.542900 0.240300
vt 0.541300 0.347700
vt 0.553400 0.240300
vt 0.493200 0.156800
vt 0.498300 0.154100
vt 0.508000 0.153000
vt 0.521500 0.240300
vt 0.522100 0.153400
vt 0.543300 0.153400
vt 0.554300 0.153000
vt 0.530200 0.859600
vt 0.530200 0.833700
vt 0.520600 0.857600
vt 0.512400 0.852000
vt 0.506900 0.843700
vt 0.505000 0.833800
vt 0.507100 0.823000
vt 0.553400 0.823000
vt 0.540900 0.801500
vt 0.549200 0.804400
vt 0.555400 0.833800
vt 0.553500 0.843700
vt 0.548000 0.852000
vt 0.539900 0.857600
vt 0.530200 0.863800
vt 0.509100 0.886500
vt 0.530200 0.890800
vt 0.518800 0.861500
vt 0.491300 0.874300
vt 0.509100 0.854900
vt 0.479400 0.856000
vt 0.502700 0.845000
vt 0.475200 0.834400
vt 0.500400 0.833300
vt 0.502700 0.821600
vt 0.479400 0.812800
vt 0.507400 0.800400
vt 0.486600 0.786300
vt 0.569100 0.874300
vt 0.557700 0.845000
vt 0.551300 0.854900
vt 0.541600 0.861500
vt 0.530200 0.896900
vt 0.507100 0.892200
vt 0.487500 0.878800
vt 0.474400 0.858800
vt 0.469900 0.835100
vt 0.473700 0.811400
vt 0.479200 0.785200
vt 0.551300 0.886500
vt 0.572900 0.878800
vt 0.553300 0.892200
vt 0.390400 0.590400
vt 0.407100 0.596000
vt 0.407100 0.599900
vt 0.407100 0.610900
vt 0.390400 0.603700
vt 0.407100 0.627500
vt 0.390400 0.623600
vt 0.407100 0.647000
vt 0.390400 0.647000
vt 0.390500 0.670900
vt 0.407100 0.667000
vt 0.388800 0.696700
vt 0.407100 0.668400
vt 0.407100 0.693800
vt 0.388400 0.673500
vt 0.541600 0.796400
vt 0.555100 0.764600
vt 0.553000 0.800400
vt 0.518800 0.796400
vt 0.388800 0.712600
vt 0.372100 0.568800
vt 0.388800 0.577100
vt 0.372100 0.574600
vt 0.388800 0.571500
vt 0.372100 0.591100
vt 0.388800 0.593000
vt 0.372100 0.615800
vt 0.388800 0.616800
vt 0.388800 0.644900
vt 0.372100 0.644900
vt 0.372100 0.674000
vt 0.372100 0.698600
vt 0.512100 0.053900
vt 0.552000 0.066700
vt 0.552300 0.053900
vt 0.512400 0.066700
vt 0.539500 0.079200
vt 0.524800 0.079200
vt 0.540400 0.041900
vt 0.524000 0.041900
vt 0.475700 0.013900
vt 0.458600 0.010600
vt 0.493300 0.040200
vt 0.496500 0.046900
vt 0.497000 0.073000
vt 0.505300 0.148000
vt 0.492100 0.149100
vt 0.518500 0.094500
vt 0.518500 0.147900
vt 0.545900 0.094500
vt 0.545800 0.147900
vt 0.559100 0.147900
vt 0.486000 0.155000
vt 0.521700 0.086600
vt 0.542700 0.086600
vt 0.504700 0.069600
vt 0.504300 0.050100
vt 0.517600 0.025400
vt 0.520800 0.033400
vt 0.543600 0.033400
vt 0.560100 0.050100
vt 0.559700 0.069600
vt 0.356800 0.528100
vt 0.364500 0.504600
vt 0.368900 0.525700
vt 0.351500 0.502800
vt 0.371500 0.549400
vt 0.381200 0.543500
vt 0.393300 0.563500
vt 0.399400 0.555300
vt 0.418900 0.568300
vt 0.420700 0.559300
vt 0.442400 0.554700
vt 0.444300 0.563000
vt 0.356300 0.477300
vt 0.380300 0.465300
vt 0.368500 0.483400
vt 0.560000 0.833300
vt 0.557700 0.821600
vt 0.519500 0.801500
vt 0.514600 0.016900
vt 0.586200 0.012500
vt 0.549800 0.016200
vt 0.607900 0.009000
vt 0.701400 0.032900
vt 0.678300 0.054300
vt 0.641900 0.052000
vt 0.673800 0.006500
vt 0.716300 0.034200
vt 0.763700 0.034200
vt 0.779000 0.033000
vt 0.801900 0.054400
vt 0.843900 0.052000
vt 0.812000 0.006600
vt 0.918000 0.939800
vt 0.881100 0.939800
vt 0.889900 0.975400
vt 0.918000 0.979500
vt 0.869200 0.918000
vt 0.889900 0.904200
vt 0.869200 0.961500
vt 0.918000 0.900100
vt 0.701400 0.032900
vt 0.678300 0.054300
vt 0.716300 0.034200
vt 0.697100 0.065700
vt 0.763700 0.034200
vt 0.801900 0.054400
vt 0.779000 0.033000
vt 0.889900 0.975400
vt 0.881100 0.939800
vt 0.869200 0.918000
vt 0.889900 0.904200
vt 0.869200 0.961500
vt 0.709900 0.087600
vt 0.772600 0.071600
vt 0.705000 0.071600
vt 0.739000 0.045900
vt 0.450100 0.902300
vt 0.450400 0.898000
vt 0.444400 0.898100
vt 0.444000 0.902400
vt 0.435500 0.983200
vt 0.443900 0.983100
vt 0.446100 0.959300
vt 0.438400 0.959400
vt 0.659700 0.815800
vt 0.659400 0.826200
vt 0.667300 0.826200
vt 0.667800 0.815700
vt 0.467400 0.897800
vt 0.467600 0.902100
vt 0.467800 0.982800
vt 0.468000 0.959000
vt 0.473400 0.897700
vt 0.473700 0.902000
vt 0.476200 0.982700
vt 0.475800 0.958900
vt 0.353300 0.446000
vt 0.353400 0.453900
vt 0.363800 0.453600
vt 0.363800 0.445400
vt 0.435500 0.983200
vt 0.443900 0.983100
vt 0.446100 0.959300
vt 0.438400 0.959400
vt 0.659700 0.815800
vt 0.659400 0.826200
vt 0.667300 0.826200
vt 0.667800 0.815700
vt 0.467800 0.982800
vt 0.468000 0.959000
vt 0.476200 0.982700
vt 0.353300 0.446000
vt 0.353400 0.453900
vt 0.363800 0.453600
vt 0.363800 0.445400
vt 0.659700 0.810000
vt 0.667900 0.809900
vt 0.369600 0.445100
vt 0.369600 0.453300
vt 0.611000 0.578500
vt 0.606400 0.580400
vt 0.608200 0.585300
vt 0.642900 0.909300
vt 0.634400 0.908900
vt 0.632900 0.930300
vt 0.641400 0.931300
vt 0.450100 0.902300
vt 0.450400 0.898000
vt 0.444400 0.898100
vt 0.444000 0.902400
vt 0.435500 0.983200
vt 0.443900 0.983100
vt 0.446100 0.959300
vt 0.438400 0.959400
vt 0.659700 0.815800
vt 0.659400 0.826200
vt 0.667300 0.826200
vt 0.667800 0.815700
vt 0.467400 0.897800
vt 0.467600 0.902100
vt 0.467800 0.982800
vt 0.468000 0.959000
vt 0.473400 0.897700
vt 0.473700 0.902000
vt 0.476200 0.982700
vt 0.475800 0.958900
vt 0.353300 0.446000
vt 0.353400 0.453900
vt 0.363800 0.453600
vt 0.363800 0.445400
vt 0.642900 0.909300
vt 0.634400 0.908900
vt 0.632900 0.930300
vt 0.641400 0.931300
vt 0.910200 0.652100
vt 0.930700 0.656500
vt 0.925600 0.652700
vt 0.913800 0.651300
vt 0.912800 0.666700
vt 0.910000 0.695000
vt 0.931900 0.678900
vt 0.934400 0.663700
vt 0.917200 0.707400
vt 0.910700 0.699600
vt 0.914100 0.706400
vt 0.915400 0.709000
vt 0.209500 0.013000
vt 0.208800 0.021500
vt 0.215600 0.021800
vt 0.215400 0.010100
vt 0.214300 0.006500
vt 0.200800 0.009600
vt 0.198400 0.015300
vt 0.173300 0.007700
vt 0.170600 0.010900
vt 0.168800 0.008600
vt 0.167700 0.013400
vt 0.162300 0.012200
vt 0.212500 0.026900
vt 0.203300 0.024700
vt 0.205800 0.030600
vt 0.215600 0.894800
vt 0.198400 0.893600
vt 0.195100 0.932700
vt 0.212300 0.933900
vt 0.444300 0.623500
vt 0.443600 0.568800
vt 0.436100 0.573100
vt 0.431100 0.623100
vt 0.215600 0.894800
vt 0.198400 0.893600
vt 0.195100 0.932700
vt 0.212300 0.933900
vt 0.890000 0.743500
vt 0.904300 0.743500
vt 0.904800 0.726600
vt 0.890400 0.726700
vt 0.215600 0.894800
vt 0.198400 0.893600
vt 0.195100 0.932700
vt 0.212300 0.933900
vt 0.054200 0.439000
vt 0.019500 0.446500
vt 0.026700 0.451600
vt 0.068200 0.448100
vt 0.035400 0.548000
vt 0.063300 0.505600
vt 0.018700 0.521100
vt 0.013200 0.528800
vt 0.039400 0.459900
vt 0.045700 0.474600
vt 0.074400 0.467500
vt 0.018200 0.542600
vt 0.022900 0.549900
vt 0.838400 0.607700
vt 0.837500 0.632200
vt 0.856000 0.638100
vt 0.855700 0.597900
vt 0.850100 0.585500
vt 0.840500 0.588700
vt 0.841600 0.592400
vt 0.667400 0.469500
vt 0.658300 0.459600
vt 0.654400 0.479300
vt 0.667000 0.476100
vt 0.671000 0.461800
vt 0.666800 0.446200
vt 0.654500 0.448400
vt 0.842600 0.651500
vt 0.819500 0.638100
vt 0.819900 0.655700
vt 0.021500 0.517400
vt 0.019100 0.517500
vt 0.036500 0.508700
vt 0.391000 0.575500
vt 0.390000 0.580200
vt 0.395000 0.580300
vt 0.367500 0.921700
vt 0.346800 0.916400
vt 0.351500 0.915700
vt 0.045600 0.493300
vt 0.013600 0.450600
vt 0.390300 0.492100
vt 0.390200 0.483600
vt 0.382900 0.483300
vt 0.383000 0.491800
vt 0.331100 0.666000
vt 0.339400 0.665900
vt 0.339200 0.634500
vt 0.330900 0.634500
vt 0.339600 0.678800
vt 0.331300 0.678800
vt 0.383300 0.515700
vt 0.390600 0.516000
vt 0.362900 0.665800
vt 0.362800 0.634300
vt 0.383400 0.524100
vt 0.390700 0.524400
vt 0.371200 0.665700
vt 0.371100 0.634200
vt 0.363200 0.678600
vt 0.371400 0.678600
vt 0.339700 0.569000
vt 0.331400 0.569100
vt 0.363300 0.568900
vt 0.371500 0.568800
vt 0.390200 0.483600
vt 0.390300 0.492100
vt 0.396800 0.491800
vt 0.396700 0.483400
vt 0.390600 0.516000
vt 0.397100 0.515700
vt 0.390700 0.524400
vt 0.397200 0.524100
vt 0.382900 0.483300
vt 0.383000 0.491800
vt 0.383300 0.515700
vt 0.383400 0.524100
vt 0.413500 0.523500
vt 0.413400 0.515000
vt 0.339700 0.569000
vt 0.331400 0.569100
vt 0.330900 0.634500
vt 0.339200 0.634500
vt 0.363300 0.568900
vt 0.362800 0.634300
vt 0.371100 0.634200
vt 0.371500 0.568800
vt 0.390300 0.492100
vt 0.390200 0.483600
vt 0.382900 0.483300
vt 0.383000 0.491800
vt 0.331100 0.666000
vt 0.339400 0.665900
vt 0.339200 0.634500
vt 0.330900 0.634500
vt 0.383300 0.515700
vt 0.390600 0.516000
vt 0.362900 0.665800
vt 0.362800 0.634300
vt 0.383400 0.524100
vt 0.390700 0.524400
vt 0.371200 0.665700
vt 0.371100 0.634200
vt 0.339700 0.569000
vt 0.331400 0.569100
vt 0.363300 0.568900
vt 0.371500 0.568800
vt 0.491000 0.161100
vt 0.474700 0.159900
vt 0.465500 0.286600
vt 0.481700 0.287800
vt 0.338800 0.520400
vt 0.351400 0.542900
vt 0.351400 0.533300
vt 0.346800 0.525000
vt 0.478900 0.541700
vt 0.502000 0.540900
vt 0.491100 0.511900
vt 0.474300 0.533400
vt 0.502100 0.550500
vt 0.478900 0.551300
vt 0.497500 0.559000
vt 0.474400 0.559700
vt 0.868500 0.899200
vt 0.869300 0.818600
vt 0.858900 0.818400
vt 0.859500 0.901600
vt 0.901900 0.830400
vt 0.877300 0.901700
vt 0.339000 0.556300
vt 0.321800 0.525600
vt 0.317300 0.534000
vt 0.329900 0.556500
vt 0.346900 0.551300
vt 0.329700 0.520600
vt 0.317400 0.543600
vt 0.322000 0.551800
vt 0.727200 0.867900
vt 0.708200 0.867600
vt 0.707700 0.883900
vt 0.726800 0.884200
vt 0.491000 0.161100
vt 0.474700 0.159900
vt 0.465500 0.286600
vt 0.481700 0.287800
vt 0.110100 0.049900
vt 0.091200 0.026200
vt 0.078000 0.028200
vt 0.102800 0.055200
vt 0.203900 0.823500
vt 0.200000 0.827200
vt 0.216600 0.849800
vt 0.223700 0.843800
vt 0.235300 0.057600
vt 0.296900 0.039100
vt 0.295900 0.032300
vt 0.235100 0.060900
vt 0.186500 0.082200
vt 0.191000 0.084900
vt 0.170700 0.827900
vt 0.122500 0.841200
vt 0.127100 0.845000
vt 0.175000 0.830700
vt 0.397200 0.026500
vt 0.375800 0.033100
vt 0.385500 0.044300
vt 0.407800 0.036500
vt 0.343300 0.027200
vt 0.342500 0.037000
vt 0.370700 0.040300
vt 0.381500 0.047600
vt 0.068900 0.865000
vt 0.066700 0.853900
vt 0.021600 0.868100
vt 0.026800 0.884800
vt 0.154500 0.674800
vt 0.163500 0.695200
vt 0.190100 0.713100
vt 0.034300 0.694700
vt 0.041400 0.682500
vt 0.053700 0.665200
vt 0.269300 0.708800
vt 0.282800 0.664500
vt 0.260600 0.661200
vt 0.249500 0.766400
vt 0.252600 0.708400
vt 0.173100 0.823800
vt 0.217800 0.811000
vt 0.121700 0.824400
vt 0.062300 0.835000
vt 0.014300 0.844200
vt 0.166500 0.769400
vt 0.125300 0.772300
vt 0.111900 0.782000
vt 0.067700 0.785500
vt 0.072500 0.821400
vt 0.112300 0.816200
vt 0.175900 0.061400
vt 0.151600 0.065800
vt 0.154200 0.078400
vt 0.102600 0.942500
vt 0.156200 0.914500
vt 0.121800 0.866200
vt 0.072900 0.890200
vt 0.037600 0.911000
vt 0.057900 0.959800
vt 0.187700 0.890200
vt 0.162400 0.844900
vt 0.185800 0.837100
vt 0.212900 0.864300
vt 0.203400 0.854400
vt 0.022100 0.927400
vt 0.031000 0.958400
vt 0.390700 0.168300
vt 0.399700 0.221100
vt 0.407500 0.219800
vt 0.405000 0.165400
vt 0.416600 0.247900
vt 0.294200 0.649400
vt 0.294700 0.664000
vt 0.313700 0.660400
vt 0.444300 0.171100
vt 0.322900 0.749100
vt 0.318500 0.662000
vt 0.289200 0.676100
vt 0.189100 0.472000
vt 0.161100 0.478800
vt 0.206500 0.492200
vt 0.119400 0.704500
vt 0.135200 0.716100
vt 0.054700 0.178200
vt 0.012400 0.185500
vt 0.026200 0.200400
vt 0.056000 0.197500
vt 0.076200 0.197200
vt 0.062800 0.179100
vt 0.092600 0.134000
vt 0.074100 0.136900
vt 0.209500 0.700100
vt 0.229400 0.717900
vt 0.232400 0.270000
vt 0.234900 0.288500
vt 0.245400 0.292200
vt 0.211900 0.593400
vt 0.239800 0.591100
vt 0.236600 0.575800
vt 0.214600 0.576000
vt 0.197300 0.585000
vt 0.201600 0.568000
vt 0.177100 0.589000
vt 0.176200 0.567500
vt 0.157100 0.580600
vt 0.113100 0.685400
vt 0.137700 0.664300
vt 0.091200 0.683500
vt 0.082300 0.700900
vt 0.210300 0.800300
vt 0.187900 0.813000
vt 0.061300 0.058500
vt 0.079400 0.065700
vt 0.094300 0.062800
vt 0.041400 0.092900
vt 0.060100 0.043300
vt 0.023500 0.101400
vt 0.675700 0.590400
vt 0.679600 0.596300
vt 0.694100 0.585500
vt 0.684600 0.600700
vt 0.690400 0.603100
vt 0.696600 0.603400
vt 0.702700 0.601600
vt 0.708000 0.597900
vt 0.712000 0.592500
vt 0.665800 0.608200
vt 0.658100 0.598300
vt 0.674900 0.615900
vt 0.685500 0.620400
vt 0.653000 0.621600
vt 0.642100 0.609600
vt 0.679600 0.596300
vt 0.684600 0.600700
vt 0.690400 0.603100
vt 0.696600 0.603400
vt 0.702700 0.601600
vt 0.708000 0.597900
vt 0.712000 0.592500
vt 0.713800 0.585900
vt 0.665800 0.608200
vt 0.674900 0.615900
vt 0.685500 0.620400
vt 0.697000 0.621200
vt 0.708600 0.618500
vt 0.719100 0.612300
vt 0.727500 0.602900
vt 0.653000 0.621600
vt 0.665500 0.631300
vt 0.679900 0.637300
vt 0.673400 0.697900
vt 0.665400 0.688700
vt 0.679200 0.678300
vt 0.654800 0.702300
vt 0.650400 0.168500
vt 0.650400 0.185200
vt 0.634100 0.185200
vt 0.634100 0.168500
vt 0.650400 0.201900
vt 0.634100 0.201900
vt 0.650400 0.218600
vt 0.634100 0.218600
vt 0.841100 0.186700
vt 0.841100 0.168500
vt 0.857900 0.168500
vt 0.857900 0.186700
vt 0.841100 0.204800
vt 0.857900 0.204800
vt 0.857900 0.241100
vt 0.841100 0.241100
vt 0.841100 0.235600
vt 0.857900 0.386300
vt 0.857900 0.368200
vt 0.841100 0.368200
vt 0.841100 0.168500
vt 0.841100 0.186700
vt 0.841100 0.204800
vt 0.841100 0.223000
vt 0.857900 0.223000
vt 0.841100 0.235600
vt 0.841100 0.241100
vt 0.634100 0.185200
vt 0.650400 0.185200
vt 0.650400 0.168500
vt 0.634100 0.168500
vt 0.650400 0.201900
vt 0.634100 0.201900
vt 0.390400 0.590400
vt 0.407100 0.599900
vt 0.407100 0.596000
vt 0.390400 0.585800
vt 0.407100 0.610900
vt 0.390400 0.603700
vt 0.407100 0.627500
vt 0.390400 0.623600
vt 0.577100 0.419900
vt 0.598000 0.420500
vt 0.598000 0.415700
vt 0.577100 0.415100
vt 0.388800 0.577100
vt 0.388800 0.571500
vt 0.372100 0.568800
vt 0.577100 0.433700
vt 0.598000 0.434100
vt 0.372100 0.591100
vt 0.388800 0.593000
vt 0.577100 0.454200
vt 0.598000 0.454500
vt 0.372100 0.615800
vt 0.388800 0.616800
vt 0.577100 0.478400
vt 0.598000 0.478500
vt 0.388800 0.644900
vt 0.948500 0.053600
vt 0.934100 0.048400
vt 0.935500 0.032800
vt 0.955400 0.006500
vt 0.492100 0.149100
vt 0.486000 0.155000
vt 0.445400 0.007900
vt 0.458600 0.010600
vt 0.497000 0.073000
vt 0.505300 0.148000
vt 0.498300 0.154100
vt 0.493200 0.156800
vt 0.943300 0.053700
vt 0.931300 0.051900
vt 0.407100 0.668400
vt 0.407100 0.667000
vt 0.390500 0.670900
vt 0.388400 0.673500
vt 0.425200 0.722900
vt 0.410000 0.727500
vt 0.409500 0.720900
vt 0.907100 0.045600
vt 0.910300 0.038100
vt 0.932800 0.035100
vt 0.549200 0.804400
vt 0.553000 0.800400
vt 0.557700 0.821600
vt 0.540900 0.801500
vt 0.541600 0.796400
vt 0.504900 0.348600
vt 0.492900 0.243000
vt 0.498000 0.350600
vt 0.500000 0.241200
vt 0.507600 0.425700
vt 0.500300 0.427800
vt 0.390400 0.590400
vt 0.407100 0.596000
vt 0.407100 0.599900
vt 0.390400 0.585800
vt 0.407100 0.610900
vt 0.390400 0.603700
vt 0.407100 0.627500
vt 0.390400 0.623600
vt 0.407100 0.647000
vt 0.390400 0.647000
vt 0.598000 0.415700
vt 0.598000 0.420500
vt 0.388800 0.577100
vt 0.372100 0.568800
vt 0.388800 0.571500
vt 0.598000 0.434100
vt 0.372100 0.591100
vt 0.388800 0.593000
vt 0.598000 0.454500
vt 0.372100 0.615800
vt 0.388800 0.616800
vt 0.598000 0.478500
vt 0.388800 0.644900
vt 0.372100 0.644900
vt 0.577100 0.409300
vt 0.598000 0.414600
vt 0.598000 0.409800
vt 0.427700 0.827600
vt 0.444300 0.814000
vt 0.427400 0.815900
vt 0.475700 0.013900
vt 0.458600 0.010600
vt 0.493300 0.040200
vt 0.496500 0.046900
vt 0.505300 0.148000
vt 0.497000 0.073000
vt 0.498300 0.154100
vt 0.486000 0.155000
vt 0.493200 0.156800
vt 0.492100 0.149100
vt 0.943300 0.053700
vt 0.934100 0.048400
vt 0.931300 0.051900
vt 0.508000 0.153000
vt 0.368900 0.525700
vt 0.371500 0.549400
vt 0.356800 0.528100
vt 0.407100 0.668400
vt 0.390500 0.670900
vt 0.407100 0.667000
vt 0.388400 0.673500
vt 0.907100 0.045600
vt 0.932800 0.035100
vt 0.910300 0.038100
vt 0.549200 0.804400
vt 0.557700 0.821600
vt 0.553000 0.800400
vt 0.541600 0.796400
vt 0.540900 0.801500
vt 0.370600 0.535400
vt 0.415600 0.535400
vt 0.415500 0.536900
vt 0.370800 0.537200
vt 0.289400 0.563200
vt 0.315900 0.563100
vt 0.315800 0.564700
vt 0.289600 0.564900
vt 0.681400 0.990200
vt 0.675900 0.989700
vt 0.683100 0.986000
vt 0.679800 0.982400
vt 0.675700 0.984300
vt 0.490100 0.554300
vt 0.487400 0.554300
vt 0.487900 0.549600
vt 0.491300 0.549400
vt 0.451600 0.554300
vt 0.451700 0.549300
vt 0.528100 0.549300
vt 0.529300 0.554300
vt 0.531200 0.549700
vt 0.531800 0.554300
vt 0.567500 0.549300
vt 0.567500 0.554300
vt 0.626500 0.524800
vt 0.623800 0.524800
vt 0.624400 0.520300
vt 0.627600 0.519900
vt 0.585400 0.524800
vt 0.585400 0.519900
vt 0.663400 0.520000
vt 0.664600 0.524800
vt 0.666300 0.520300
vt 0.667000 0.524800
vt 0.705400 0.519900
vt 0.705400 0.524800
vt 0.550500 0.991700
vt 0.545100 0.991700
vt 0.543600 0.987700
vt 0.549100 0.987700
vt 0.553000 0.987600
vt 0.552300 0.991700
vt 0.581500 0.987500
vt 0.581500 0.991700
vt 0.773500 0.120600
vt 0.808000 0.120600
vt 0.808000 0.127200
vt 0.773500 0.127200
vt 0.773500 0.113900
vt 0.808000 0.113900
vt 0.555000 0.967100
vt 0.587300 0.967100
vt 0.587300 0.971800
vt 0.555000 0.971800
vt 0.555000 0.962400
vt 0.587300 0.962400
vt 0.321700 0.016100
vt 0.285100 0.016200
vt 0.285100 0.011000
vt 0.321700 0.011000
vt 0.321700 0.021300
vt 0.285100 0.021300
vt 0.681000 0.950800
vt 0.687000 0.950800
vt 0.687000 0.955400
vt 0.681000 0.955400
vt 0.681000 0.946200
vt 0.687000 0.946200
vt 0.603500 0.951800
vt 0.609400 0.951800
vt 0.609400 0.956400
vt 0.603500 0.956400
vt 0.603500 0.947300
vt 0.609400 0.947300
vt 0.628500 0.921100
vt 0.622500 0.921100
vt 0.622500 0.916500
vt 0.628500 0.916500
vt 0.628500 0.925700
vt 0.622500 0.925700
vt 0.667200 0.920400
vt 0.661200 0.920400
vt 0.661200 0.915800
vt 0.667200 0.915800
vt 0.667200 0.924900
vt 0.661200 0.924900
vt 0.641700 0.950400
vt 0.647700 0.950400
vt 0.647700 0.955000
vt 0.641700 0.955000
vt 0.641700 0.945800
vt 0.647700 0.945800
vt 0.669200 0.864300
vt 0.730900 0.864300
vt 0.669200 0.869500
vt 0.730900 0.869500
vt 0.669200 0.859100
vt 0.730900 0.859100
vt 0.705500 0.666900
vt 0.741400 0.666900
vt 0.741400 0.672300
vt 0.705500 0.672300
vt 0.705500 0.661500
vt 0.741400 0.661500
vt 0.595100 0.758900
vt 0.550100 0.758900
vt 0.550100 0.756800
vt 0.595100 0.756800
vt 0.595100 0.761000
vt 0.550100 0.761000
vt 0.283400 0.628000
vt 0.258600 0.628000
vt 0.258600 0.621900
vt 0.283400 0.621900
vt 0.283400 0.634000
vt 0.258600 0.634000
vt 0.581200 0.287900
vt 0.556300 0.287900
vt 0.556300 0.281800
vt 0.581200 0.281800
vt 0.581200 0.293900
vt 0.556300 0.293900
vt 0.450900 0.342200
vt 0.475800 0.342200
vt 0.475800 0.348300
vt 0.450900 0.348300
vt 0.450900 0.336200
vt 0.475800 0.336200
vt 0.479400 0.121000
vt 0.454500 0.121000
vt 0.454500 0.115000
vt 0.479400 0.115000
vt 0.479400 0.127100
vt 0.454500 0.127100
vt 0.637500 0.527900
vt 0.662100 0.527900
vt 0.662000 0.555400
vt 0.637000 0.555400
vt 0.689800 0.527900
vt 0.689900 0.555400
vt 0.630600 0.535400
vt 0.630400 0.537200
vt 0.585700 0.536900
vt 0.585600 0.535400
vt 0.711800 0.563200
vt 0.711600 0.564900
vt 0.685400 0.564700
vt 0.685300 0.563100
vt 0.318600 0.990200
vt 0.316900 0.986000
vt 0.324100 0.989700
vt 0.320200 0.982400
vt 0.324300 0.984300
vt 0.528200 0.528800
vt 0.527000 0.523900
vt 0.530400 0.524100
vt 0.530900 0.528800
vt 0.566600 0.523700
vt 0.566600 0.528700
vt 0.488900 0.528800
vt 0.490200 0.523800
vt 0.486500 0.528800
vt 0.487100 0.524100
vt 0.450800 0.528800
vt 0.450800 0.523800
vt 0.372400 0.525600
vt 0.371200 0.520700
vt 0.374500 0.521000
vt 0.375100 0.525600
vt 0.413500 0.520700
vt 0.413500 0.525600
vt 0.334300 0.525600
vt 0.335500 0.520800
vt 0.331800 0.525600
vt 0.332500 0.521000
vt 0.293500 0.525600
vt 0.293500 0.520700
vt 0.456400 0.987700
vt 0.455000 0.991700
vt 0.449500 0.991700
vt 0.450900 0.987700
vt 0.447700 0.991700
vt 0.447000 0.987600
vt 0.418500 0.987500
vt 0.418500 0.991700
vt 0.809300 0.060300
vt 0.809300 0.067000
vt 0.774800 0.067000
vt 0.774800 0.060300
vt 0.774800 0.053700
vt 0.809300 0.053700
vt 0.446200 0.967100
vt 0.446200 0.971800
vt 0.413900 0.971800
vt 0.413900 0.967100
vt 0.413900 0.962400
vt 0.446200 0.962400
vt 0.433800 0.037600
vt 0.433800 0.032400
vt 0.470400 0.032400
vt 0.470400 0.037600
vt 0.470400 0.042800
vt 0.433800 0.042700
vt 0.320200 0.950800
vt 0.320200 0.955400
vt 0.314200 0.955400
vt 0.314200 0.950800
vt 0.314300 0.946200
vt 0.320200 0.946200
vt 0.397700 0.951800
vt 0.397700 0.956400
vt 0.391800 0.956400
vt 0.391800 0.951800
vt 0.391800 0.947300
vt 0.397700 0.947300
vt 0.372700 0.921100
vt 0.372700 0.916500
vt 0.378700 0.916500
vt 0.378700 0.921100
vt 0.378700 0.925700
vt 0.372700 0.925700
vt 0.334000 0.920400
vt 0.334000 0.915800
vt 0.340000 0.915800
vt 0.340000 0.920400
vt 0.340000 0.924900
vt 0.334000 0.924900
vt 0.359500 0.950400
vt 0.359500 0.955000
vt 0.353500 0.955000
vt 0.353500 0.950400
vt 0.353500 0.945800
vt 0.359500 0.945800
vt 0.332000 0.853900
vt 0.332000 0.859100
vt 0.270300 0.859100
vt 0.270300 0.853900
vt 0.332000 0.864300
vt 0.270300 0.864300
vt 0.359000 0.741000
vt 0.359000 0.746400
vt 0.323100 0.746400
vt 0.323100 0.741000
vt 0.359000 0.751800
vt 0.323100 0.751800
vt 0.447300 0.760700
vt 0.447300 0.762800
vt 0.402300 0.762800
vt 0.402300 0.760700
vt 0.447300 0.764900
vt 0.402300 0.764900
vt 0.741300 0.608400
vt 0.741300 0.614500
vt 0.716400 0.614500
vt 0.716400 0.608400
vt 0.716400 0.602400
vt 0.741300 0.602400
vt 0.435300 0.100100
vt 0.435300 0.106100
vt 0.410400 0.106100
vt 0.410400 0.100100
vt 0.410400 0.094100
vt 0.435300 0.094100
vt 0.646400 0.335400
vt 0.646400 0.341400
vt 0.621500 0.341400
vt 0.621500 0.335400
vt 0.621500 0.329300
vt 0.646400 0.329300
vt 0.561900 0.365100
vt 0.561900 0.359000
vt 0.586700 0.359000
vt 0.586700 0.365100
vt 0.586700 0.371100
vt 0.561900 0.371100
vt 0.339200 0.555400
vt 0.311300 0.555400
vt 0.311400 0.527900
vt 0.339100 0.527900
vt 0.878200 0.664800
vt 0.900000 0.665300
vt 0.898700 0.680500
vt 0.879000 0.680000
vt 0.956700 0.700400
vt 0.950900 0.694500
vt 0.985400 0.693400
vt 0.981100 0.699400
vt 0.950300 0.659800
vt 0.984400 0.658500
vt 0.900400 0.627700
vt 0.887200 0.627600
vt 0.889200 0.624500
vt 0.899400 0.624800
vt 0.906600 0.621700
vt 0.903400 0.620100
vt 0.795300 0.576700
vt 0.791200 0.576700
vt 0.791200 0.560300
vt 0.795300 0.560300
vt 0.795300 0.551500
vt 0.791200 0.551500
vt 0.787100 0.694700
vt 0.787100 0.691500
vt 0.791200 0.691400
vt 0.791200 0.694800
vt 0.791200 0.442200
vt 0.791200 0.445600
vt 0.787100 0.445600
vt 0.787100 0.442400
vt 0.787100 0.702900
vt 0.791200 0.703100
vt 0.791200 0.434000
vt 0.787100 0.434200
vt 0.776200 0.555800
vt 0.776200 0.572200
vt 0.772100 0.572200
vt 0.772100 0.555800
vt 0.776200 0.581000
vt 0.772100 0.581000
vt 0.768000 0.433900
vt 0.772100 0.433800
vt 0.772100 0.437200
vt 0.768000 0.437200
vt 0.772100 0.694100
vt 0.768000 0.694000
vt 0.768000 0.690800
vt 0.772100 0.690700
vt 0.768000 0.425800
vt 0.772100 0.425600
vt 0.772100 0.702300
vt 0.768000 0.702100
vt 0.802600 0.504200
vt 0.798400 0.504300
vt 0.798400 0.461100
vt 0.802600 0.461200
vt 0.798400 0.457000
vt 0.802600 0.456900
vt 0.798400 0.441400
vt 0.802600 0.441300
vt 0.802600 0.571500
vt 0.802600 0.563700
vt 0.806700 0.563700
vt 0.806700 0.571400
vt 0.814400 0.593800
vt 0.814400 0.637000
vt 0.810300 0.636900
vt 0.810300 0.593900
vt 0.810300 0.589500
vt 0.814400 0.589600
vt 0.810300 0.574000
vt 0.814400 0.574000
vt 0.810300 0.692400
vt 0.810300 0.696400
vt 0.806100 0.696300
vt 0.806100 0.692400
vt 0.810300 0.704100
vt 0.806100 0.704100
vt 0.829200 0.704200
vt 0.829200 0.696800
vt 0.833400 0.696400
vt 0.833400 0.703900
vt 0.829200 0.576300
vt 0.833400 0.576600
vt 0.833400 0.584000
vt 0.829200 0.583300
vt 0.833400 0.624400
vt 0.833400 0.667100
vt 0.829200 0.667800
vt 0.829200 0.623100
vt 0.829200 0.619200
vt 0.833400 0.620000
vt 0.829200 0.616400
vt 0.833400 0.617000
vt 0.829200 0.672000
vt 0.833400 0.671100
vt 0.829200 0.674900
vt 0.833400 0.674400
vt 0.829200 0.603600
vt 0.833400 0.603600
vt 0.833400 0.687500
vt 0.829200 0.687400
vt 0.829200 0.587200
vt 0.833400 0.587400
vt 0.833400 0.692900
vt 0.829200 0.691300
vt 0.892200 0.516600
vt 0.892200 0.519200
vt 0.877100 0.519200
vt 0.877100 0.516600
vt 0.892200 0.527600
vt 0.892200 0.530300
vt 0.877100 0.530300
vt 0.877100 0.527600
vt 0.934100 0.530900
vt 0.895800 0.531100
vt 0.895600 0.524200
vt 0.934100 0.524300
vt 0.895700 0.537800
vt 0.934100 0.537600
vt 0.846100 0.512900
vt 0.844000 0.507700
vt 0.851200 0.512900
vt 0.848700 0.504100
vt 0.853100 0.507100
vt 0.868900 0.487600
vt 0.854000 0.483200
vt 0.860100 0.474900
vt 0.869300 0.476600
vt 0.912800 0.484000
vt 0.915500 0.472300
vt 0.923600 0.474000
vt 0.929200 0.484400
vt 0.930700 0.469300
vt 0.939900 0.474200
vt 0.934000 0.461900
vt 0.944600 0.461600
vt 0.939700 0.489000
vt 0.949800 0.477300
vt 0.881900 0.483600
vt 0.877300 0.472800
vt 0.954300 0.460800
vt 0.929100 0.139500
vt 0.923000 0.140100
vt 0.927300 0.134200
vt 0.926000 0.149600
vt 0.930800 0.148500
vt 0.955100 0.207700
vt 0.952600 0.204200
vt 0.957800 0.204500
vt 0.899300 0.133000
vt 0.903400 0.139300
vt 0.897200 0.138700
vt 0.763600 0.319800
vt 0.765500 0.331900
vt 0.759800 0.330100
vt 0.759400 0.321400
vt 0.756500 0.341500
vt 0.752000 0.339300
vt 0.931900 0.156500
vt 0.930000 0.167200
vt 0.927200 0.167900
vt 0.927300 0.158100
vt 0.932300 0.180800
vt 0.927800 0.176900
vt 0.896300 0.244900
vt 0.903700 0.222100
vt 0.920700 0.221900
vt 0.929600 0.243400
vt 0.763600 0.345500
vt 0.765800 0.340600
vt 0.770500 0.353200
vt 0.765000 0.354400
vt 0.947500 0.156800
vt 0.957000 0.170400
vt 0.951200 0.171700
vt 0.943200 0.160800
vt 0.929600 0.248400
vt 0.931600 0.252200
vt 0.895000 0.253500
vt 0.896400 0.249700
vt 0.829800 0.434700
vt 0.833200 0.428100
vt 0.866200 0.427800
vt 0.869600 0.434000
vt 0.919200 0.218400
vt 0.905000 0.218600
vt 0.906500 0.211300
vt 0.917500 0.211300
vt 0.897300 0.178200
vt 0.897800 0.167900
vt 0.892600 0.178700
vt 0.894700 0.166300
vt 0.898300 0.158400
vt 0.899900 0.148900
vt 0.839100 0.337500
vt 0.829900 0.328900
vt 0.834800 0.326600
vt 0.843000 0.335400
vt 0.830300 0.317300
vt 0.834900 0.317500
vt 0.826400 0.350600
vt 0.829900 0.338000
vt 0.832500 0.342700
vt 0.831500 0.350800
vt 0.873400 0.171000
vt 0.868200 0.169800
vt 0.877500 0.156300
vt 0.881700 0.159400
vt 0.755800 0.109600
vt 0.747500 0.110100
vt 0.746600 0.107100
vt 0.753400 0.106500
vt 0.718000 0.110000
vt 0.708000 0.109100
vt 0.711500 0.106600
vt 0.718600 0.107200
vt 0.740900 0.110400
vt 0.740800 0.107200
vt 0.752800 0.069200
vt 0.750200 0.075200
vt 0.742300 0.066500
vt 0.747900 0.064400
vt 0.744400 0.075800
vt 0.741200 0.072400
vt 0.911200 0.047000
vt 0.933600 0.046500
vt 0.933700 0.055500
vt 0.911300 0.055900
vt 0.933900 0.064600
vt 0.911400 0.064800
vt 0.907500 0.055800
vt 0.907500 0.064500
vt 0.892800 0.062500
vt 0.893000 0.054700
vt 0.907200 0.046900
vt 0.892800 0.046900
vt 0.937600 0.046400
vt 0.952200 0.046200
vt 0.952000 0.054500
vt 0.937700 0.055400
vt 0.938000 0.063600
vt 0.952400 0.061800
vt 0.835700 0.251300
vt 0.834100 0.242800
vt 0.840300 0.240600
vt 0.842000 0.247900
vt 0.857200 0.269600
vt 0.858700 0.276200
vt 0.851800 0.278700
vt 0.851200 0.272600
vt 0.768600 0.251200
vt 0.762200 0.247700
vt 0.764000 0.240400
vt 0.770200 0.242700
vt 0.747000 0.269400
vt 0.753200 0.272500
vt 0.752600 0.278600
vt 0.745500 0.276000
vt 0.785600 0.317500
vt 0.786700 0.291000
vt 0.817800 0.291000
vt 0.818800 0.317600
vt 0.872900 0.279800
vt 0.884200 0.279600
vt 0.883900 0.293200
vt 0.872600 0.293400
vt 0.918100 0.283200
vt 0.906800 0.283400
vt 0.907000 0.272500
vt 0.918300 0.272300
vt 0.936700 0.266600
vt 0.936700 0.280200
vt 0.925500 0.280600
vt 0.925500 0.267000
vt 0.900700 0.284200
vt 0.900700 0.295100
vt 0.889400 0.295500
vt 0.889400 0.284600
vt 0.983000 0.412300
vt 0.983500 0.451000
vt 0.962600 0.451000
vt 0.962600 0.412400
vt 0.953400 0.356400
vt 0.986100 0.356400
vt 0.986000 0.362200
vt 0.953500 0.362200
vt 0.015800 0.693400
vt 0.050300 0.694500
vt 0.044500 0.700400
vt 0.020100 0.699400
vt 0.050900 0.659800
vt 0.016800 0.658500
vt 0.116100 0.620200
vt 0.119800 0.621900
vt 0.114000 0.627600
vt 0.112000 0.624500
vt 0.100800 0.627700
vt 0.101800 0.624800
vt 0.205900 0.576700
vt 0.205900 0.560300
vt 0.210000 0.560300
vt 0.210000 0.576700
vt 0.205900 0.551500
vt 0.210000 0.551500
vt 0.214100 0.694700
vt 0.210000 0.694800
vt 0.210000 0.691400
vt 0.214100 0.691500
vt 0.210000 0.442200
vt 0.214100 0.442400
vt 0.214100 0.445600
vt 0.210000 0.445600
vt 0.214100 0.702900
vt 0.210000 0.703100
vt 0.210000 0.434000
vt 0.214100 0.434200
vt 0.225000 0.555800
vt 0.229100 0.555800
vt 0.229100 0.572200
vt 0.225000 0.572200
vt 0.225000 0.581000
vt 0.229100 0.581000
vt 0.233200 0.433900
vt 0.233200 0.437200
vt 0.229100 0.437200
vt 0.229100 0.433800
vt 0.229100 0.694100
vt 0.229100 0.690700
vt 0.233200 0.690800
vt 0.233200 0.694000
vt 0.233200 0.425800
vt 0.229100 0.425600
vt 0.229100 0.702300
vt 0.233200 0.702100
vt 0.202800 0.461100
vt 0.202800 0.504300
vt 0.198700 0.504200
vt 0.198700 0.461200
vt 0.198700 0.456900
vt 0.202800 0.457000
vt 0.198700 0.441300
vt 0.202800 0.441400
vt 0.198700 0.559700
vt 0.198700 0.563700
vt 0.194500 0.563700
vt 0.194500 0.559800
vt 0.198700 0.571500
vt 0.194500 0.571400
vt 0.190900 0.636900
vt 0.186800 0.637000
vt 0.186800 0.593800
vt 0.190900 0.593900
vt 0.186800 0.589600
vt 0.190900 0.589500
vt 0.186800 0.574000
vt 0.190900 0.574000
vt 0.190900 0.704100
vt 0.190900 0.696400
vt 0.195100 0.696300
vt 0.195100 0.704100
vt 0.167900 0.696400
vt 0.172000 0.696800
vt 0.172000 0.704200
vt 0.167900 0.703900
vt 0.167900 0.584000
vt 0.167900 0.576600
vt 0.172000 0.576300
vt 0.172000 0.583300
vt 0.172000 0.667800
vt 0.167900 0.667100
vt 0.167900 0.624400
vt 0.172000 0.623100
vt 0.172000 0.619200
vt 0.167900 0.620000
vt 0.172000 0.616400
vt 0.167900 0.617000
vt 0.172000 0.672000
vt 0.167900 0.671100
vt 0.172000 0.674900
vt 0.167900 0.674400
vt 0.167900 0.603600
vt 0.172000 0.603600
vt 0.172000 0.687400
vt 0.167900 0.687500
vt 0.167900 0.587400
vt 0.172000 0.587200
vt 0.167900 0.692900
vt 0.172000 0.691300
vt 0.109000 0.516600
vt 0.124100 0.516600
vt 0.124100 0.519200
vt 0.109000 0.519200
vt 0.109000 0.527600
vt 0.124100 0.527600
vt 0.124100 0.530300
vt 0.109000 0.530300
vt 0.067100 0.530900
vt 0.067100 0.524300
vt 0.105700 0.524200
vt 0.105400 0.531100
vt 0.105500 0.537800
vt 0.067100 0.537600
vt 0.155100 0.512900
vt 0.150000 0.512900
vt 0.157200 0.507700
vt 0.152500 0.504100
vt 0.148100 0.507100
vt 0.147300 0.467900
vt 0.157100 0.471600
vt 0.147200 0.483200
vt 0.141100 0.474900
vt 0.132300 0.487600
vt 0.131900 0.476600
vt 0.077600 0.474000
vt 0.085700 0.472300
vt 0.088400 0.484000
vt 0.072000 0.484400
vt 0.070500 0.469300
vt 0.061300 0.474200
vt 0.061500 0.489000
vt 0.051400 0.477300
vt 0.119300 0.483600
vt 0.123900 0.472800
vt 0.056600 0.461600
vt 0.046900 0.460800
vt 0.071600 0.139500
vt 0.073400 0.134200
vt 0.077700 0.140100
vt 0.105600 0.147300
vt 0.100800 0.148900
vt 0.097200 0.139300
vt 0.101300 0.133000
vt 0.103500 0.138700
vt 0.133800 0.204100
vt 0.131200 0.206900
vt 0.129100 0.203500
vt 0.242200 0.330100
vt 0.236500 0.331900
vt 0.238400 0.319800
vt 0.242600 0.321400
vt 0.245500 0.341500
vt 0.250000 0.339300
vt 0.104400 0.244900
vt 0.071100 0.243400
vt 0.080000 0.221900
vt 0.096900 0.222100
vt 0.231500 0.353200
vt 0.236200 0.340600
vt 0.238400 0.345500
vt 0.237000 0.354400
vt 0.049500 0.171700
vt 0.043700 0.170400
vt 0.053200 0.156800
vt 0.057400 0.160800
vt 0.105600 0.253500
vt 0.069100 0.252200
vt 0.071100 0.248400
vt 0.104200 0.249700
vt 0.170200 0.434700
vt 0.130400 0.434000
vt 0.133800 0.427800
vt 0.166800 0.428100
vt 0.081500 0.218400
vt 0.083100 0.211300
vt 0.094100 0.211300
vt 0.095600 0.218600
vt 0.072900 0.176900
vt 0.073500 0.167900
vt 0.102900 0.167900
vt 0.103400 0.178200
vt 0.105900 0.166300
vt 0.108000 0.178700
vt 0.102400 0.158400
vt 0.073300 0.158100
vt 0.107400 0.155600
vt 0.074700 0.149600
vt 0.167200 0.326600
vt 0.172100 0.328900
vt 0.162900 0.337500
vt 0.159000 0.335400
vt 0.171700 0.317300
vt 0.167100 0.317500
vt 0.169500 0.342700
vt 0.172100 0.338000
vt 0.175600 0.350600
vt 0.170500 0.350800
vt 0.127300 0.171000
vt 0.132400 0.169800
vt 0.123200 0.156300
vt 0.119000 0.159400
vt 0.231200 0.050100
vt 0.230300 0.053200
vt 0.222000 0.052600
vt 0.224400 0.049500
vt 0.266300 0.049600
vt 0.269800 0.052100
vt 0.259800 0.053000
vt 0.259200 0.050300
vt 0.251700 0.053400
vt 0.251200 0.050300
vt 0.235500 0.009600
vt 0.227600 0.018200
vt 0.225000 0.012200
vt 0.229900 0.007400
vt 0.236600 0.015400
vt 0.233400 0.018800
vt 0.074300 0.055500
vt 0.074400 0.046500
vt 0.096700 0.047000
vt 0.096600 0.055900
vt 0.096500 0.064800
vt 0.074100 0.064600
vt 0.115200 0.062500
vt 0.100500 0.064500
vt 0.100500 0.055800
vt 0.115000 0.054700
vt 0.100800 0.046900
vt 0.115200 0.046900
vt 0.055900 0.054500
vt 0.055800 0.046200
vt 0.070300 0.046400
vt 0.070200 0.055400
vt 0.070000 0.063600
vt 0.055500 0.061800
vt 0.168600 0.243300
vt 0.167000 0.251700
vt 0.160700 0.248300
vt 0.162500 0.241000
vt 0.145500 0.270000
vt 0.151500 0.273000
vt 0.151000 0.279100
vt 0.144100 0.276600
vt 0.234100 0.251600
vt 0.232500 0.243200
vt 0.238700 0.240800
vt 0.240500 0.248100
vt 0.255700 0.269800
vt 0.257200 0.276500
vt 0.250100 0.279000
vt 0.249600 0.272900
vt 0.217100 0.317900
vt 0.184000 0.318000
vt 0.184900 0.291400
vt 0.216000 0.291400
vt 0.127100 0.279800
vt 0.127400 0.293400
vt 0.116100 0.293200
vt 0.115800 0.279600
vt 0.081900 0.283200
vt 0.081700 0.272300
vt 0.093000 0.272500
vt 0.093200 0.283400
vt 0.063300 0.266600
vt 0.074500 0.267000
vt 0.074500 0.280600
vt 0.063300 0.280200
vt 0.099300 0.284200
vt 0.110600 0.284600
vt 0.110600 0.295500
vt 0.099300 0.295100
vt 0.038600 0.451000
vt 0.017700 0.451000
vt 0.018200 0.412300
vt 0.038600 0.412400
vt 0.046600 0.356400
vt 0.046500 0.362200
vt 0.014000 0.362200
vt 0.013900 0.356400
vt 0.502200 0.077100
vt 0.509800 0.066700
vt 0.524200 0.072100
vt 0.524300 0.084900
vt 0.488500 0.057900
vt 0.501600 0.054100
vt 0.580600 0.077300
vt 0.579700 0.090100
vt 0.565000 0.094500
vt 0.558000 0.083600
vt 0.555900 0.106600
vt 0.543100 0.101900
vt 0.542600 0.125600
vt 0.554900 0.121800
vt 0.579400 0.102800
vt 0.572000 0.104700
vt 0.567400 0.111000
vt 0.567100 0.118600
vt 0.906300 0.918900
vt 0.909400 0.918800
vt 0.908800 0.921200
vt 0.905600 0.921200
vt 0.913100 0.919000
vt 0.912000 0.921200
vt 0.900000 0.921100
vt 0.900000 0.918700
vt 0.903200 0.918900
vt 0.903200 0.921100
vt 0.890800 0.921500
vt 0.887900 0.919500
vt 0.892700 0.919100
vt 0.893700 0.921300
vt 0.896700 0.918900
vt 0.896600 0.921200
vt 0.917800 0.919400
vt 0.915300 0.921500
vt 0.869700 0.922600
vt 0.869800 0.920100
vt 0.872900 0.920300
vt 0.872900 0.922600
vt 0.866300 0.920200
vt 0.866300 0.922400
vt 0.876100 0.920400
vt 0.879800 0.920400
vt 0.878300 0.922600
vt 0.875300 0.922500
vt 0.858400 0.920500
vt 0.862600 0.920100
vt 0.862900 0.922600
vt 0.859800 0.922700
vt 0.857000 0.922700
vt 0.853900 0.921100
vt 0.883700 0.920900
vt 0.881500 0.922800
vt 0.950700 0.973300
vt 0.994900 0.974000
vt 0.994900 0.985000
vt 0.950800 0.985400
vt 0.945000 0.975800
vt 0.944800 0.983900
vt 0.950900 0.901300
vt 0.994900 0.902200
vt 0.994900 0.911700
vt 0.950800 0.911300
vt 0.942600 0.994400
vt 0.939100 0.988900
vt 0.940300 0.908100
vt 0.932400 0.908000
vt 0.937700 0.903100
vt 0.940100 0.915100
vt 0.948400 0.914900
vt 0.943500 0.919700
vt 0.944000 0.903400
vt 0.937100 0.919600
vt 0.932200 0.914700
vt 0.948400 0.907800
vt 0.832100 0.884600
vt 0.848100 0.905800
vt 0.831800 0.912500
vt 0.821400 0.889500
vt 0.834800 0.884700
vt 0.850200 0.902300
vt 0.829600 0.911300
vt 0.820300 0.891900
vt 0.921400 0.871200
vt 0.931200 0.871100
vt 0.928900 0.875600
vt 0.924100 0.875400
vt 0.939100 0.882100
vt 0.948800 0.881800
vt 0.946100 0.886500
vt 0.941400 0.886200
vt 0.962900 0.713900
vt 0.963200 0.709300
vt 0.969900 0.711100
vt 0.968400 0.715100
vt 0.958900 0.732000
vt 0.964800 0.733200
vt 0.964700 0.741900
vt 0.960700 0.737700
vt 0.968000 0.737500
vt 0.966500 0.794400
vt 0.970100 0.794100
vt 0.970700 0.800400
vt 0.967200 0.800800
vt 0.964200 0.804900
vt 0.957800 0.805000
vt 0.957800 0.799900
vt 0.964200 0.799800
vt 0.980400 0.854500
vt 0.975800 0.854200
vt 0.976000 0.853500
vt 0.980500 0.853800
vt 0.974500 0.852900
vt 0.975000 0.852700
vt 0.987700 0.854200
vt 0.987600 0.853500
vt 0.975200 0.835900
vt 0.975100 0.835300
vt 0.980600 0.835200
vt 0.980700 0.835900
vt 0.973700 0.836200
vt 0.973700 0.835300
vt 0.987500 0.835200
vt 0.987600 0.835900
vt 0.926300 0.858300
vt 0.926400 0.862900
vt 0.919700 0.863000
vt 0.919400 0.858500
vt 0.926300 0.827600
vt 0.926300 0.831700
vt 0.919400 0.831600
vt 0.919400 0.827600
vt 0.960800 0.860700
vt 0.967700 0.860800
vt 0.967500 0.865300
vt 0.960700 0.865200
vt 0.967700 0.830000
vt 0.967700 0.834000
vt 0.960800 0.833900
vt 0.960800 0.829900
vt 0.967700 0.838300
vt 0.960800 0.838300
vt 0.940600 0.834700
vt 0.940500 0.830100
vt 0.947200 0.830000
vt 0.947500 0.834500
vt 0.940600 0.865400
vt 0.940600 0.861300
vt 0.947500 0.861400
vt 0.947500 0.865400
vt 0.958800 0.759000
vt 0.965700 0.758900
vt 0.966400 0.762900
vt 0.965500 0.755800
vt 0.958800 0.755800
vt 0.929100 0.738600
vt 0.935800 0.738300
vt 0.935800 0.741600
vt 0.929000 0.741600
vt 0.928900 0.735200
vt 0.935800 0.735100
vt 0.924800 0.769300
vt 0.924300 0.772000
vt 0.918400 0.770900
vt 0.918900 0.768300
vt 0.909900 0.768000
vt 0.910000 0.770900
vt 0.904000 0.771100
vt 0.904000 0.768300
vt 0.935300 0.795200
vt 0.936000 0.792100
vt 0.941900 0.793200
vt 0.941200 0.796200
vt 0.940700 0.799100
vt 0.934700 0.798000
vt 0.944000 0.763400
vt 0.943700 0.761200
vt 0.948500 0.760500
vt 0.948900 0.762600
vt 0.937000 0.763500
vt 0.932100 0.763600
vt 0.932100 0.761200
vt 0.937000 0.761200
vt 0.878100 0.735500
vt 0.873900 0.735500
vt 0.873900 0.733300
vt 0.878200 0.733700
vt 0.889400 0.732800
vt 0.889600 0.734700
vt 0.885300 0.735100
vt 0.885100 0.733000
vt 0.863000 0.711100
vt 0.857900 0.710700
vt 0.858400 0.708200
vt 0.863200 0.708800
vt 0.857700 0.713000
vt 0.862800 0.713600
vt 0.903700 0.739900
vt 0.908900 0.739500
vt 0.908800 0.742000
vt 0.903700 0.742200
vt 0.917200 0.742500
vt 0.917400 0.740100
vt 0.922500 0.740600
vt 0.922300 0.743100
vt 0.398100 0.096100
vt 0.376000 0.103900
vt 0.376100 0.091100
vt 0.390500 0.085700
vt 0.411900 0.076900
vt 0.398700 0.073000
vt 0.410700 0.053200
vt 0.398700 0.057900
vt 0.309100 0.068100
vt 0.331600 0.074400
vt 0.324700 0.085300
vt 0.310000 0.080900
vt 0.346600 0.092700
vt 0.333800 0.097400
vt 0.347000 0.116400
vt 0.334700 0.112600
vt 0.317700 0.095500
vt 0.310300 0.093600
vt 0.322300 0.101700
vt 0.322600 0.109400
vt 0.091200 0.921200
vt 0.090600 0.918800
vt 0.093700 0.918900
vt 0.094400 0.921200
vt 0.086900 0.919000
vt 0.088000 0.921200
vt 0.096800 0.918900
vt 0.100000 0.918700
vt 0.100000 0.921100
vt 0.096800 0.921100
vt 0.107300 0.919100
vt 0.112100 0.919500
vt 0.109200 0.921500
vt 0.106300 0.921300
vt 0.103400 0.921200
vt 0.103300 0.918900
vt 0.082200 0.919400
vt 0.084700 0.921500
vt 0.127100 0.920300
vt 0.130200 0.920100
vt 0.130300 0.922600
vt 0.127100 0.922600
vt 0.133700 0.920200
vt 0.133700 0.922400
vt 0.121700 0.922600
vt 0.120200 0.920400
vt 0.123900 0.920400
vt 0.124700 0.922500
vt 0.137100 0.922600
vt 0.137400 0.920100
vt 0.141600 0.920500
vt 0.140200 0.922700
vt 0.146100 0.921100
vt 0.143000 0.922700
vt 0.116300 0.920900
vt 0.118500 0.922800
vt 0.049300 0.973300
vt 0.049200 0.985400
vt 0.005100 0.985000
vt 0.005100 0.974000
vt 0.055000 0.975800
vt 0.055200 0.983900
vt 0.049100 0.901300
vt 0.049200 0.911300
vt 0.005100 0.911700
vt 0.005100 0.902200
vt 0.057400 0.994400
vt 0.060900 0.988900
vt 0.059700 0.908100
vt 0.062300 0.903100
vt 0.067600 0.908000
vt 0.059900 0.915100
vt 0.056500 0.919700
vt 0.051600 0.914900
vt 0.056000 0.903400
vt 0.062900 0.919600
vt 0.067800 0.914700
vt 0.051600 0.907800
vt 0.167900 0.884600
vt 0.178600 0.889500
vt 0.168200 0.912500
vt 0.151900 0.905800
vt 0.149800 0.902300
vt 0.165200 0.884700
vt 0.170400 0.911300
vt 0.179700 0.891900
vt 0.078600 0.871200
vt 0.075900 0.875400
vt 0.071100 0.875600
vt 0.068800 0.871100
vt 0.060900 0.882100
vt 0.058600 0.886200
vt 0.053900 0.886500
vt 0.051200 0.881800
vt 0.065900 0.890400
vt 0.060900 0.890500
vt 0.037100 0.713900
vt 0.031600 0.715100
vt 0.030100 0.711100
vt 0.036800 0.709300
vt 0.041100 0.732000
vt 0.035200 0.733200
vt 0.035300 0.741900
vt 0.032000 0.737500
vt 0.039300 0.737700
vt 0.033500 0.794400
vt 0.032800 0.800800
vt 0.029300 0.800400
vt 0.029900 0.794100
vt 0.042200 0.799900
vt 0.042200 0.805000
vt 0.035800 0.804900
vt 0.035800 0.799800
vt 0.019600 0.854500
vt 0.019500 0.853800
vt 0.024000 0.853500
vt 0.024200 0.854200
vt 0.025000 0.852700
vt 0.025500 0.852900
vt 0.012300 0.854200
vt 0.012400 0.853500
vt 0.019400 0.835200
vt 0.024900 0.835300
vt 0.024800 0.835900
vt 0.019300 0.835900
vt 0.026300 0.835300
vt 0.026300 0.836200
vt 0.012500 0.835200
vt 0.012400 0.835900
vt 0.073700 0.858300
vt 0.080600 0.858500
vt 0.080300 0.863000
vt 0.073600 0.862900
vt 0.080600 0.831600
vt 0.073700 0.831700
vt 0.073700 0.827600
vt 0.080600 0.827600
vt 0.032300 0.860800
vt 0.039200 0.860700
vt 0.039300 0.865200
vt 0.032500 0.865300
vt 0.039200 0.833900
vt 0.032300 0.834000
vt 0.032300 0.830000
vt 0.039200 0.829900
vt 0.059400 0.834700
vt 0.052500 0.834500
vt 0.052800 0.830000
vt 0.059500 0.830100
vt 0.052500 0.861400
vt 0.059400 0.861300
vt 0.059400 0.865400
vt 0.052500 0.865400
vt 0.025300 0.762800
vt 0.026400 0.759200
vt 0.033600 0.762900
vt 0.029800 0.757400
vt 0.032500 0.759100
vt 0.041200 0.759000
vt 0.034300 0.758900
vt 0.034500 0.755800
vt 0.041200 0.755800
vt 0.078700 0.729100
vt 0.079000 0.731200
vt 0.071400 0.731600
vt 0.072500 0.735000
vt 0.071500 0.723300
vt 0.071300 0.717600
vt 0.077900 0.724900
vt 0.078100 0.735000
vt 0.075500 0.736600
vt 0.064200 0.741600
vt 0.064200 0.738300
vt 0.071000 0.738600
vt 0.071000 0.741600
vt 0.071100 0.735200
vt 0.064200 0.735100
vt 0.082600 0.774700
vt 0.076000 0.775800
vt 0.075700 0.772000
vt 0.081600 0.770900
vt 0.075200 0.769300
vt 0.081100 0.768300
vt 0.057000 0.789400
vt 0.063700 0.788300
vt 0.064000 0.792100
vt 0.058100 0.793200
vt 0.064700 0.795200
vt 0.058800 0.796200
vt 0.051500 0.760500
vt 0.056300 0.761200
vt 0.056000 0.763400
vt 0.051100 0.762600
vt 0.116200 0.733000
vt 0.115600 0.731000
vt 0.120900 0.731600
vt 0.119900 0.733500
vt 0.126100 0.733300
vt 0.126100 0.735500
vt 0.121900 0.735500
vt 0.121800 0.733700
vt 0.110600 0.732800
vt 0.114900 0.733000
vt 0.114700 0.735100
vt 0.110400 0.734700
vt 0.136800 0.716100
vt 0.137200 0.713600
vt 0.142300 0.713000
vt 0.143200 0.715500
vt 0.141600 0.708200
vt 0.142100 0.710700
vt 0.137000 0.711100
vt 0.077300 0.745600
vt 0.077700 0.743100
vt 0.082800 0.742500
vt 0.083700 0.745000
vt 0.091200 0.742000
vt 0.091100 0.739500
vt 0.096300 0.739900
vt 0.096300 0.742200
vt 0.077500 0.740600
vt 0.082600 0.740100
vt 0.507500 0.341500
vt 0.507500 0.370100
vt 0.499300 0.369800
vt 0.499200 0.341100
vt 0.516900 0.369600
vt 0.516900 0.340900
vt 0.499000 0.328300
vt 0.507600 0.328800
vt 0.252700 0.418800
vt 0.250400 0.420300
vt 0.250300 0.413900
vt 0.740900 0.415800
vt 0.741000 0.422200
vt 0.738700 0.420700
vt 0.276500 0.412100
vt 0.276600 0.418900
vt 0.253200 0.411500
vt 0.714800 0.421100
vt 0.714700 0.414400
vt 0.738000 0.413400
vt 0.294800 0.362500
vt 0.279600 0.352800
vt 0.289200 0.355400
vt 0.397000 0.355500
vt 0.406600 0.353000
vt 0.391400 0.362600
vt 0.256900 0.146900
vt 0.255400 0.150900
vt 0.254900 0.145700
vt 0.431400 0.145500
vt 0.430800 0.150700
vt 0.429400 0.146700
vt 0.403400 0.226200
vt 0.408200 0.227800
vt 0.400100 0.228200
vt 0.249000 0.228400
vt 0.248000 0.219100
vt 0.251800 0.225900
vt 0.433500 0.225100
vt 0.438200 0.218900
vt 0.436500 0.227900
vt 0.323900 0.368800
vt 0.336200 0.363000
vt 0.328600 0.377500
vt 0.357500 0.377500
vt 0.350000 0.362900
vt 0.362300 0.368800
vt 0.361000 0.315100
vt 0.350600 0.311800
vt 0.323900 0.300400
vt 0.335800 0.311800
vt 0.322200 0.306700
vt 0.364100 0.306700
vt 0.362500 0.300400
vt 0.302800 0.363600
vt 0.298400 0.374900
vt 0.387700 0.375000
vt 0.383300 0.363700
vt 0.298800 0.307300
vt 0.293000 0.296800
vt 0.393400 0.296900
vt 0.387600 0.307400
vt 0.303800 0.297800
vt 0.382600 0.297900
vt 0.224800 0.141300
vt 0.227400 0.230300
vt 0.223900 0.230000
vt 0.221500 0.141400
vt 0.462200 0.229900
vt 0.458700 0.230200
vt 0.461500 0.141100
vt 0.464800 0.141200
vt 0.282700 0.387400
vt 0.281800 0.380600
vt 0.301700 0.377700
vt 0.216000 0.145900
vt 0.208900 0.161500
vt 0.208500 0.155900
vt 0.213200 0.145700
vt 0.283700 0.378600
vt 0.384400 0.377800
vt 0.404300 0.380800
vt 0.403300 0.387600
vt 0.477700 0.155700
vt 0.477400 0.161300
vt 0.470300 0.145700
vt 0.473100 0.145500
vt 0.402400 0.378800
vt 0.279700 0.363000
vt 0.276200 0.358800
vt 0.475500 0.223300
vt 0.481700 0.166900
vt 0.479900 0.221100
vt 0.406400 0.363100
vt 0.409900 0.359000
vt 0.267000 0.218400
vt 0.264900 0.149100
vt 0.271000 0.151200
vt 0.273100 0.216600
vt 0.415300 0.151100
vt 0.421300 0.149000
vt 0.419700 0.218300
vt 0.413600 0.216600
vt 0.618400 0.419400
vt 0.619600 0.416900
vt 0.647800 0.416600
vt 0.649100 0.419100
vt 0.650900 0.410700
vt 0.648300 0.409400
vt 0.652200 0.408200
vt 0.654400 0.409200
vt 0.614900 0.408600
vt 0.618900 0.409700
vt 0.616300 0.411000
vt 0.612700 0.409600
vt 0.663600 0.429800
vt 0.665000 0.431600
vt 0.656800 0.431400
vt 0.659100 0.429900
vt 0.611000 0.431900
vt 0.602800 0.432400
vt 0.604200 0.430500
vt 0.608800 0.430500
vt 0.670500 0.424800
vt 0.673000 0.426300
vt 0.666300 0.428000
vt 0.664500 0.425700
vt 0.601500 0.428900
vt 0.594700 0.427300
vt 0.597200 0.425800
vt 0.603200 0.426500
vt 0.664700 0.447900
vt 0.666700 0.449400
vt 0.649900 0.453300
vt 0.647900 0.450400
vt 0.618600 0.453700
vt 0.601700 0.450300
vt 0.603700 0.448700
vt 0.620600 0.450700
vt 0.646600 0.460300
vt 0.622000 0.460300
vt 0.620800 0.463400
vt 0.647900 0.463400
vt 0.328300 0.387000
vt 0.357800 0.387000
vt 0.368800 0.315300
vt 0.317500 0.315300
vt 0.325300 0.315100
vt 0.303000 0.312900
vt 0.383400 0.313000
vt 0.283800 0.375800
vt 0.280600 0.365600
vt 0.293300 0.364400
vt 0.296100 0.372800
vt 0.392800 0.364500
vt 0.405600 0.365800
vt 0.402300 0.376000
vt 0.390000 0.372900
vt 0.276600 0.298600
vt 0.409800 0.298800
vt 0.444600 0.336600
vt 0.444400 0.340000
vt 0.434000 0.340000
vt 0.433800 0.336600
vt 0.696300 0.458800
vt 0.693500 0.459000
vt 0.691900 0.455000
vt 0.694300 0.453300
vt 0.697800 0.452900
vt 0.699200 0.456800
vt 0.700900 0.452000
vt 0.702400 0.455300
vt 0.716300 0.326300
vt 0.716300 0.337900
vt 0.709400 0.337900
vt 0.709400 0.326300
vt 0.661200 0.337900
vt 0.661200 0.326300
vt 0.668100 0.326300
vt 0.668100 0.337900
vt 0.299100 0.470200
vt 0.301400 0.470200
vt 0.300800 0.466900
vt 0.301000 0.473500
vt 0.306300 0.470100
vt 0.303900 0.470100
vt 0.304500 0.473100
vt 0.304400 0.467100
vt 0.309800 0.470000
vt 0.306700 0.476500
vt 0.718200 0.390500
vt 0.731400 0.390500
vt 0.727500 0.394400
vt 0.722100 0.394400
vt 0.718200 0.385100
vt 0.722100 0.381200
vt 0.727500 0.381200
vt 0.731400 0.385100
vt 0.434500 0.010800
vt 0.436500 0.010800
vt 0.436800 0.014800
vt 0.434000 0.014800
vt 0.454400 0.010800
vt 0.454500 0.014800
vt 0.354200 0.014800
vt 0.353600 0.010800
vt 0.351900 0.014800
vt 0.352100 0.010800
vt 0.334000 0.014800
vt 0.334100 0.010800
vt 0.199500 0.134200
vt 0.203400 0.137900
vt 0.198000 0.135100
vt 0.141300 0.135800
vt 0.136000 0.138800
vt 0.139700 0.135000
vt 0.184000 0.057100
vt 0.192600 0.054100
vt 0.186800 0.058800
vt 0.150400 0.059000
vt 0.144600 0.054100
vt 0.153200 0.057300
vt 0.177500 0.181600
vt 0.194000 0.177500
vt 0.195600 0.182900
vt 0.180700 0.185400
vt 0.144800 0.182900
vt 0.146600 0.177700
vt 0.162800 0.181700
vt 0.159400 0.185400
vt 0.205200 0.130900
vt 0.205600 0.135600
vt 0.133700 0.136600
vt 0.133900 0.131900
vt 0.163800 0.196300
vt 0.164500 0.191400
vt 0.175000 0.192300
vt 0.175000 0.197300
vt 0.174400 0.153100
vt 0.176900 0.157700
vt 0.163400 0.157600
vt 0.165400 0.153700
vt 0.176200 0.150800
vt 0.179800 0.154600
vt 0.186600 0.100600
vt 0.192600 0.101700
vt 0.182600 0.108000
vt 0.176700 0.105600
vt 0.155900 0.108100
vt 0.145700 0.102200
vt 0.151700 0.101000
vt 0.161800 0.105400
vt 0.184600 0.084800
vt 0.181300 0.082100
vt 0.184800 0.081600
vt 0.185400 0.085000
vt 0.152900 0.081800
vt 0.156500 0.082100
vt 0.153200 0.085000
vt 0.152400 0.085200
vt 0.187400 0.088800
vt 0.187500 0.085900
vt 0.192700 0.088200
vt 0.150600 0.089100
vt 0.142900 0.092400
vt 0.145300 0.088700
vt 0.150400 0.086100
vt 0.185600 0.062400
vt 0.181800 0.061600
vt 0.187200 0.061500
vt 0.202100 0.131300
vt 0.137000 0.132300
vt 0.197700 0.069400
vt 0.197000 0.069800
vt 0.199600 0.068300
vt 0.139700 0.069700
vt 0.150200 0.061600
vt 0.140400 0.070100
vt 0.137700 0.068700
vt 0.628600 0.107000
vt 0.649000 0.126400
vt 0.628400 0.115500
vt 0.700200 0.115400
vt 0.679700 0.126400
vt 0.700100 0.106900
vt 0.700100 0.063500
vt 0.628500 0.063400
vt 0.628800 0.059600
vt 0.699800 0.059600
vt 0.551600 0.446200
vt 0.562700 0.410500
vt 0.562800 0.446400
vt 0.425900 0.446400
vt 0.425900 0.410500
vt 0.437000 0.446200
vt 0.510500 0.384000
vt 0.523800 0.383700
vt 0.523900 0.394600
vt 0.510500 0.394700
vt 0.464700 0.394600
vt 0.464800 0.383700
vt 0.478200 0.384000
vt 0.478100 0.394700
vt 0.525400 0.403600
vt 0.524900 0.389400
vt 0.547700 0.389200
vt 0.548200 0.403300
vt 0.440900 0.389200
vt 0.463800 0.389400
vt 0.463300 0.403600
vt 0.440400 0.403300
vt 0.561000 0.383200
vt 0.561500 0.394900
vt 0.551700 0.394900
vt 0.551700 0.383100
vt 0.437000 0.394900
vt 0.427100 0.394900
vt 0.427600 0.383200
vt 0.436900 0.383100
vt 0.787000 0.170600
vt 0.789400 0.182400
vt 0.783800 0.183300
vt 0.781500 0.171500
vt 0.544100 0.183300
vt 0.538600 0.182400
vt 0.541000 0.170600
vt 0.546500 0.171500
vt 0.550600 0.462200
vt 0.438000 0.462200
vt 0.479000 0.389300
vt 0.509600 0.389300
vt 0.509400 0.403300
vt 0.479200 0.403300
vt 0.416900 0.450500
vt 0.404400 0.450800
vt 0.406300 0.449100
vt 0.414900 0.449200
vt 0.317200 0.449100
vt 0.319000 0.450700
vt 0.306500 0.450500
vt 0.308600 0.449200
vt 0.405700 0.444900
vt 0.399000 0.443200
vt 0.401200 0.442300
vt 0.407200 0.442900
vt 0.322200 0.442300
vt 0.324400 0.443200
vt 0.317800 0.444900
vt 0.316300 0.442900
vt 0.387900 0.453100
vt 0.335500 0.453100
vt 0.336400 0.451500
vt 0.387000 0.451500
vt 0.396400 0.432600
vt 0.398200 0.432600
vt 0.393400 0.434300
vt 0.394900 0.432800
vt 0.330000 0.434300
vt 0.325200 0.432600
vt 0.327000 0.432600
vt 0.328600 0.432800
vt 0.407800 0.429600
vt 0.410600 0.429800
vt 0.400600 0.434000
vt 0.402300 0.431800
vt 0.322800 0.434000
vt 0.312800 0.429800
vt 0.315600 0.429600
vt 0.321100 0.431800
vt 0.394700 0.406800
vt 0.380700 0.408200
vt 0.382100 0.406000
vt 0.392900 0.405600
vt 0.328800 0.406800
vt 0.330500 0.405500
vt 0.341400 0.406000
vt 0.342700 0.408200
vt 0.345100 0.408200
vt 0.346100 0.406100
vt 0.377400 0.406100
vt 0.378400 0.408300
vt 0.457600 0.866400
vt 0.451100 0.870500
vt 0.455300 0.865500
vt 0.438200 0.870500
vt 0.444700 0.865000
vt 0.460800 0.873000
vt 0.460400 0.869900
vt 0.454600 0.877100
vt 0.428900 0.869900
vt 0.428600 0.873000
vt 0.460300 0.877700
vt 0.460500 0.875900
vt 0.428800 0.875900
vt 0.434700 0.877100
vt 0.429000 0.877700
vt 0.460700 0.880100
vt 0.428600 0.880100
vt 0.460000 0.881600
vt 0.429400 0.881600
vt 0.431700 0.866400
vt 0.453800 0.864000
vt 0.435600 0.864000
vt 0.434000 0.865500
vt 0.533900 0.582000
vt 0.529800 0.576600
vt 0.536300 0.583400
vt 0.447100 0.685800
vt 0.443200 0.683400
vt 0.450200 0.681900
vt 0.544100 0.680000
vt 0.551100 0.681200
vt 0.547400 0.683800
vt 0.638600 0.593800
vt 0.645600 0.587400
vt 0.654700 0.645800
vt 0.647800 0.646100
vt 0.688800 0.645700
vt 0.697700 0.587300
vt 0.704700 0.593600
vt 0.695700 0.646000
vt 0.656200 0.653100
vt 0.654000 0.672700
vt 0.646700 0.663900
vt 0.696900 0.663800
vt 0.689600 0.672700
vt 0.687400 0.653100
vt 0.462700 0.576200
vt 0.461100 0.566300
vt 0.531500 0.567000
vt 0.541500 0.705300
vt 0.542100 0.731100
vt 0.529700 0.716300
vt 0.561100 0.720000
vt 0.628100 0.723200
vt 0.564600 0.724500
vt 0.596000 0.706900
vt 0.562900 0.722400
vt 0.571900 0.563300
vt 0.617000 0.563200
vt 0.599300 0.572000
vt 0.589600 0.572000
vt 0.574100 0.544200
vt 0.614600 0.544100
vt 0.617400 0.742200
vt 0.576000 0.743000
vt 0.468000 0.961000
vt 0.472100 0.961000
vt 0.473000 0.972900
vt 0.467500 0.972300
vt 0.488500 0.976100
vt 0.469400 0.975800
vt 0.485100 0.973000
vt 0.485500 0.960500
vt 0.488900 0.981500
vt 0.480500 0.989400
vt 0.477000 0.989400
vt 0.468900 0.981300
vt 0.434800 0.717500
vt 0.441500 0.737700
vt 0.434800 0.728600
vt 0.441300 0.708400
vt 0.469200 0.717200
vt 0.469200 0.728400
vt 0.462500 0.708200
vt 0.462700 0.737500
vt 0.451900 0.704900
vt 0.452100 0.741000
vt 0.501200 0.943500
vt 0.496300 0.951300
vt 0.497200 0.946500
vt 0.502500 0.957200
vt 0.509100 0.946500
vt 0.509200 0.953900
vt 0.505300 0.943500
vt 0.498100 0.955200
vt 0.483600 0.803000
vt 0.519100 0.802200
vt 0.518700 0.806900
vt 0.484200 0.807700
vt 0.519500 0.790200
vt 0.519100 0.800200
vt 0.483500 0.801000
vt 0.482700 0.791000
vt 0.479500 0.771400
vt 0.522100 0.771100
vt 0.519300 0.788200
vt 0.482800 0.789000
vt 0.365800 0.652100
vt 0.372000 0.653200
vt 0.366600 0.656300
vt 0.360000 0.656300
vt 0.354600 0.653200
vt 0.360800 0.652100
vt 0.331100 0.663300
vt 0.313000 0.679700
vt 0.327200 0.660900
vt 0.327200 0.672200
vt 0.337900 0.664600
vt 0.334200 0.665900
vt 0.261200 0.660900
vt 0.275500 0.679700
vt 0.257300 0.663300
vt 0.261200 0.672200
vt 0.254200 0.665900
vt 0.250600 0.664700
vt 0.334800 0.688600
vt 0.330100 0.676400
vt 0.258300 0.676400
vt 0.253700 0.688600
vt 0.335800 0.680000
vt 0.252700 0.680000
vt 0.334100 0.671800
vt 0.254300 0.671800
vt 0.383500 0.655500
vt 0.389200 0.657400
vt 0.383100 0.660400
vt 0.343500 0.660400
vt 0.337300 0.657400
vt 0.343100 0.655500
vt 0.300300 0.674500
vt 0.314200 0.652100
vt 0.274200 0.652100
vt 0.288100 0.674500
vt 0.300100 0.634200
vt 0.300200 0.658100
vt 0.288200 0.658100
vt 0.288300 0.634200
vt 0.387900 0.661200
vt 0.392400 0.659300
vt 0.338600 0.661200
vt 0.334200 0.659300
vt 0.337200 0.675700
vt 0.251200 0.675700
vt 0.246700 0.675800
vt 0.243600 0.673000
vt 0.375100 0.689300
vt 0.377800 0.681900
vt 0.384200 0.682000
vt 0.386800 0.689400
vt 0.378500 0.676100
vt 0.379800 0.672900
vt 0.382200 0.673000
vt 0.383500 0.676000
vt 0.678000 0.832900
vt 0.670100 0.821600
vt 0.684000 0.826500
vt 0.681100 0.836000
vt 0.668200 0.839900
vt 0.667600 0.836700
vt 0.687800 0.827200
vt 0.647200 0.836800
vt 0.651500 0.833700
vt 0.651300 0.837100
vt 0.646100 0.839700
vt 0.333000 0.839900
vt 0.320100 0.836000
vt 0.323200 0.832900
vt 0.333600 0.836700
vt 0.313400 0.827200
vt 0.317200 0.826500
vt 0.349900 0.837100
vt 0.349700 0.833700
vt 0.354000 0.836800
vt 0.355100 0.839700
vt 0.592800 0.813600
vt 0.587800 0.813700
vt 0.587600 0.800000
vt 0.591900 0.799900
vt 0.594700 0.815300
vt 0.594800 0.813300
vt 0.599300 0.813700
vt 0.599100 0.815600
vt 0.605000 0.771200
vt 0.605000 0.764600
vt 0.606900 0.764700
vt 0.606900 0.771100
vt 0.605000 0.779800
vt 0.606900 0.779800
vt 0.608300 0.770800
vt 0.608300 0.780000
vt 0.608300 0.787000
vt 0.606900 0.786900
vt 0.608300 0.765000
vt 0.608300 0.760700
vt 0.606900 0.760200
vt 0.605000 0.786900
vt 0.620900 0.747600
vt 0.618900 0.747600
vt 0.618900 0.744800
vt 0.618900 0.760500
vt 0.617100 0.761200
vt 0.617100 0.755800
vt 0.618900 0.755300
vt 0.620900 0.760000
vt 0.620900 0.764400
vt 0.618900 0.764800
vt 0.617100 0.765500
vt 0.618900 0.771800
vt 0.620900 0.771800
vt 0.620900 0.776900
vt 0.618900 0.777200
vt 0.333000 0.618600
vt 0.343600 0.614200
vt 0.339200 0.618600
vt 0.343600 0.607900
vt 0.328600 0.607900
vt 0.339200 0.603500
vt 0.333000 0.603500
vt 0.328600 0.614200
vt 0.711200 0.838900
vt 0.711200 0.844000
vt 0.707400 0.843000
vt 0.707400 0.839300
vt 0.711200 0.849200
vt 0.707400 0.848500
vt 0.599600 0.870600
vt 0.597500 0.870400
vt 0.597500 0.865900
vt 0.599600 0.866900
vt 0.594700 0.870600
vt 0.594700 0.865400
vt 0.599600 0.875000
vt 0.597500 0.876300
vt 0.594700 0.876900
vt 0.598300 0.856300
vt 0.595500 0.856500
vt 0.595500 0.851300
vt 0.598300 0.851800
vt 0.708100 0.805300
vt 0.715600 0.812200
vt 0.699100 0.804700
vt 0.698500 0.829200
vt 0.691300 0.822000
vt 0.707600 0.829600
vt 0.715300 0.822500
vt 0.691700 0.811300
vt 0.630000 0.790700
vt 0.641500 0.790400
vt 0.641500 0.801100
vt 0.630100 0.801200
vt 0.718100 0.823600
vt 0.709300 0.832300
vt 0.718200 0.811000
vt 0.709600 0.802200
vt 0.681300 0.576400
vt 0.701600 0.576400
vt 0.701600 0.578800
vt 0.681300 0.578800
vt 0.624800 0.870600
vt 0.618400 0.870600
vt 0.618500 0.856400
vt 0.624800 0.856400
vt 0.631100 0.856400
vt 0.631100 0.870600
vt 0.403200 0.817300
vt 0.398600 0.815700
vt 0.403100 0.815300
vt 0.398700 0.817600
vt 0.394900 0.771200
vt 0.393000 0.771100
vt 0.393000 0.764700
vt 0.394900 0.764600
vt 0.394900 0.779800
vt 0.393000 0.779800
vt 0.391600 0.780000
vt 0.391600 0.770800
vt 0.391600 0.765000
vt 0.391600 0.760700
vt 0.393000 0.760200
vt 0.394900 0.786900
vt 0.393000 0.786900
vt 0.380300 0.748200
vt 0.380300 0.745300
vt 0.382300 0.745500
vt 0.382300 0.748300
vt 0.384100 0.756500
vt 0.384100 0.761900
vt 0.382300 0.761200
vt 0.382300 0.765500
vt 0.380300 0.765100
vt 0.380300 0.760700
vt 0.382300 0.751100
vt 0.380300 0.751100
vt 0.382300 0.772500
vt 0.384100 0.766200
vt 0.380300 0.772500
vt 0.382300 0.777900
vt 0.380300 0.777600
vt 0.378900 0.541900
vt 0.385100 0.541900
vt 0.389500 0.546300
vt 0.389500 0.552600
vt 0.385100 0.557000
vt 0.374500 0.552600
vt 0.378900 0.557000
vt 0.374500 0.546300
vt 0.293800 0.843000
vt 0.290000 0.844000
vt 0.290000 0.838900
vt 0.293800 0.839300
vt 0.290000 0.849200
vt 0.293800 0.848500
vt 0.403700 0.865900
vt 0.403700 0.870400
vt 0.401600 0.870600
vt 0.401600 0.866900
vt 0.406500 0.865400
vt 0.406500 0.870600
vt 0.403700 0.876300
vt 0.401600 0.875000
vt 0.406500 0.876900
vt 0.302700 0.829200
vt 0.293600 0.829600
vt 0.309900 0.822000
vt 0.285900 0.822500
vt 0.285600 0.812200
vt 0.309500 0.811300
vt 0.302100 0.804700
vt 0.359700 0.801100
vt 0.359700 0.790400
vt 0.371200 0.790700
vt 0.371100 0.801200
vt 0.283100 0.823600
vt 0.283000 0.811000
vt 0.382400 0.790700
vt 0.382200 0.801200
vt 0.291600 0.802200
vt 0.293100 0.805300
vt 0.319900 0.576400
vt 0.319900 0.578800
vt 0.299600 0.578800
vt 0.299600 0.576400
vt 0.376400 0.870600
vt 0.376400 0.856400
vt 0.382800 0.856400
vt 0.382800 0.870600
vt 0.370100 0.870600
vt 0.370100 0.856400
vt 0.610200 0.832400
vt 0.607400 0.832400
vt 0.607400 0.849100
vt 0.609900 0.849300
vt 0.621300 0.832200
vt 0.622300 0.848900
vt 0.624500 0.848800
vt 0.624400 0.832200
vt 0.392300 0.831000
vt 0.392700 0.847900
vt 0.395100 0.847800
vt 0.395200 0.831000
vt 0.381300 0.830900
vt 0.378100 0.830900
vt 0.378000 0.847500
vt 0.380300 0.847600
vt 0.950900 0.694500
vt 0.950300 0.659800
vt 0.984400 0.658500
vt 0.985400 0.693400
vt 0.984400 0.658500
vt 0.950300 0.659800
vt 0.950900 0.694500
vt 0.985400 0.693400
vt 0.232500 0.718800
vt 0.245300 0.718300
vt 0.237800 0.745800
vt 0.231800 0.756200
vt 0.224100 0.745400
vt 0.295600 0.746000
vt 0.284400 0.745800
vt 0.291100 0.717800
vt 0.262200 0.718300
vt 0.278100 0.717400
vt 0.267600 0.745700
vt 0.252100 0.745600
vt 0.222400 0.719700
vt 0.194400 0.755300
vt 0.191800 0.745900
vt 0.282200 0.756400
vt 0.269000 0.756600
vt 0.252400 0.757000
vt 0.189700 0.737600
vt 0.189400 0.721500
vt 0.188700 0.729600
vt 0.292100 0.479600
vt 0.296700 0.490900
vt 0.247500 0.491200
vt 0.250000 0.479600
vt 0.287200 0.468600
vt 0.253300 0.468700
vt 0.175700 0.956900
vt 0.175700 0.960900
vt 0.161300 0.960500
vt 0.161300 0.956600
vt 0.161400 0.964500
vt 0.175700 0.964700
vt 0.191000 0.957100
vt 0.191000 0.961000
vt 0.190900 0.964800
vt 0.211000 0.957300
vt 0.210900 0.961200
vt 0.210800 0.965000
vt 0.229800 0.957300
vt 0.229800 0.961200
vt 0.229800 0.965000
vt 0.249500 0.957300
vt 0.249200 0.961200
vt 0.248900 0.965000
vt 0.271100 0.957500
vt 0.271100 0.961400
vt 0.271000 0.965200
vt 0.287300 0.957300
vt 0.287100 0.961200
vt 0.286900 0.965000
vt 0.301800 0.957300
vt 0.301600 0.961200
vt 0.301400 0.965000
vt 0.296000 0.918100
vt 0.295500 0.922700
vt 0.286400 0.922000
vt 0.286700 0.916700
vt 0.287200 0.911400
vt 0.296400 0.913600
vt 0.263600 0.921500
vt 0.263700 0.915900
vt 0.263700 0.910400
vt 0.241400 0.921400
vt 0.241000 0.916100
vt 0.240400 0.910900
vt 0.237800 0.921700
vt 0.237900 0.916600
vt 0.238100 0.911300
vt 0.234000 0.921400
vt 0.234200 0.916100
vt 0.234500 0.910700
vt 0.208700 0.921400
vt 0.208500 0.915900
vt 0.208400 0.910400
vt 0.186100 0.922000
vt 0.185700 0.916900
vt 0.185200 0.911700
vt 0.179600 0.922500
vt 0.179400 0.918000
vt 0.179000 0.913700
vt 0.768700 0.718800
vt 0.763400 0.745800
vt 0.755900 0.718300
vt 0.777100 0.745400
vt 0.769400 0.756200
vt 0.705600 0.746000
vt 0.710100 0.717800
vt 0.716800 0.745800
vt 0.739000 0.718300
vt 0.733600 0.745700
vt 0.723100 0.717400
vt 0.749100 0.745600
vt 0.811600 0.713200
vt 0.811800 0.721500
vt 0.778800 0.719700
vt 0.806800 0.755300
vt 0.809400 0.745900
vt 0.719000 0.756400
vt 0.732200 0.756600
vt 0.748800 0.757000
vt 0.811500 0.737600
vt 0.812500 0.729600
vt 0.752500 0.491200
vt 0.703300 0.490900
vt 0.707900 0.479600
vt 0.750000 0.479600
vt 0.712800 0.468600
vt 0.746700 0.468700
vt 0.824300 0.956900
vt 0.838700 0.956600
vt 0.838700 0.960500
vt 0.824300 0.960900
vt 0.838600 0.964500
vt 0.824300 0.964700
vt 0.809000 0.961000
vt 0.809000 0.957100
vt 0.809100 0.964800
vt 0.789000 0.957300
vt 0.789100 0.961200
vt 0.789200 0.965000
vt 0.770200 0.957300
vt 0.770200 0.961200
vt 0.770200 0.965000
vt 0.750800 0.961200
vt 0.750500 0.957300
vt 0.751100 0.965000
vt 0.728900 0.961400
vt 0.728900 0.957500
vt 0.729000 0.965200
vt 0.712900 0.961200
vt 0.712700 0.957300
vt 0.713100 0.965000
vt 0.698400 0.961200
vt 0.698200 0.957300
vt 0.698600 0.965000
vt 0.704000 0.918100
vt 0.713300 0.916700
vt 0.713600 0.922000
vt 0.704500 0.922700
vt 0.712800 0.911400
vt 0.703600 0.913600
vt 0.736300 0.915900
vt 0.736400 0.921500
vt 0.736300 0.910400
vt 0.759000 0.916100
vt 0.758600 0.921400
vt 0.759600 0.910900
vt 0.762100 0.916600
vt 0.762200 0.921700
vt 0.761900 0.911300
vt 0.765800 0.916100
vt 0.766000 0.921400
vt 0.765500 0.910700
vt 0.791300 0.921400
vt 0.791500 0.915900
vt 0.791600 0.910400
vt 0.814300 0.916900
vt 0.813900 0.922000
vt 0.814800 0.911700
vt 0.820600 0.918000
vt 0.820400 0.922500
vt 0.821000 0.913700
vt 0.516956 0.048798
vt 0.516956 0.022949
vt 0.551780 0.022949
vt 0.551780 0.048798
vt 0.300455 0.122367
vt 0.300455 0.096518
vt 0.335279 0.096518
vt 0.335279 0.122367
vt 0.781987 0.000809
vt 0.781987 0.778747
vt 0.770029 0.778747
vt 0.770029 0.000809
vt 0.502615 0.378603
vt 0.502596 0.166808
vt 0.514555 0.166808
vt 0.514573 0.378595
vt 0.514587 0.408521
vt 0.502629 0.408528
vt 0.673632 0.023613
vt 0.673789 0.011670
vt 0.681554 0.011685
vt 0.681397 0.023627
vt 0.334655 0.073715
vt 0.306753 0.073715
vt 0.306753 0.062134
vt 0.334655 0.062134
vt 0.368026 0.073715
vt 0.368026 0.062134
vt 0.397923 0.073715
vt 0.397923 0.062134
vt 0.049908 0.400342
vt 0.049908 0.356182
vt 0.061021 0.356182
vt 0.061021 0.400342
vt 0.478919 0.693472
vt 0.490033 0.693472
vt 0.490033 0.717207
vt 0.478919 0.717207
vt 0.049908 0.189130
vt 0.061021 0.189130
vt 0.751342 0.779620
vt 0.762598 0.779620
vt 0.762703 0.804915
vt 0.751346 0.804915
vt 0.794469 0.835390
vt 0.782868 0.835390
vt 0.782861 0.823017
vt 0.794349 0.823017
vt 0.794548 0.849677
vt 0.782872 0.849677
vt 0.596266 0.775425
vt 0.607863 0.775425
vt 0.607863 0.789712
vt 0.596266 0.789712
vt 0.516519 0.048798
vt 0.504923 0.048798
vt 0.504923 0.023503
vt 0.516519 0.023503
vt 0.178301 0.963765
vt 0.178301 0.978488
vt 0.167188 0.978488
vt 0.167188 0.963765
vt 0.178301 0.995489
vt 0.167188 0.995489
vt 0.452195 0.965369
vt 0.452195 0.995470
vt 0.441082 0.995470
vt 0.441082 0.965369
vt 0.440208 0.705052
vt 0.435795 0.705052
vt 0.435795 0.693472
vt 0.680929 0.751845
vt 0.680929 0.762943
vt 0.670370 0.762943
vt 0.670370 0.751845
vt 0.466682 0.733377
vt 0.477795 0.733377
vt 0.477795 0.757112
vt 0.466682 0.757112
vt 0.551780 0.171511
vt 0.540667 0.171511
vt 0.540667 0.154058
vt 0.551780 0.154058
vt 0.694853 0.779620
vt 0.705966 0.779620
vt 0.705966 0.821794
vt 0.694853 0.821794
vt 0.419621 0.994202
vt 0.419621 0.983104
vt 0.440208 0.983104
vt 0.440208 0.994202
vt 0.856278 0.024029
vt 0.845165 0.024029
vt 0.845165 0.000809
vt 0.856278 0.000809
vt 0.830585 0.107908
vt 0.819471 0.107908
vt 0.819471 0.084215
vt 0.830585 0.084215
vt 0.793974 0.822144
vt 0.782861 0.822144
vt 0.782861 0.779620
vt 0.793974 0.779620
vt 0.137734 0.626438
vt 0.126620 0.626438
vt 0.126620 0.553698
vt 0.137734 0.553698
vt 0.565079 0.837798
vt 0.576192 0.837798
vt 0.576192 0.859083
vt 0.565079 0.859083
vt 0.270644 0.201274
vt 0.259531 0.201274
vt 0.259531 0.171902
vt 0.270644 0.171902
vt 0.397923 0.074151
vt 0.397923 0.085249
vt 0.299249 0.085249
vt 0.299249 0.074151
vt 0.138171 0.604386
vt 0.149284 0.604386
vt 0.149284 0.689975
vt 0.138171 0.689975
vt 0.026808 0.229598
vt 0.037921 0.229598
vt 0.037921 0.400342
vt 0.026808 0.400342
vt 0.682865 0.779620
vt 0.693979 0.779620
vt 0.693979 0.936175
vt 0.682865 0.936175
vt 0.185929 0.083754
vt 0.179713 0.083754
vt 0.179713 0.021634
vt 0.185929 0.021634
vt 0.192146 0.083754
vt 0.192146 0.021634
vt 0.185929 0.083819
vt 0.179713 0.083819
vt 0.179713 0.021634
vt 0.185929 0.021634
vt 0.192146 0.083819
vt 0.192146 0.021634
vt 0.173497 0.021634
vt 0.173497 0.021634
vt 0.173497 0.021634
vt 0.173497 0.021634
vt 0.173497 0.021634
vt 0.173497 0.021634
vt 0.173497 0.021634
vt 0.173497 0.021634
vt 0.179713 0.083859
vt 0.176605 0.083859
vt 0.176605 0.021634
vt 0.179713 0.021634
vt 0.182821 0.083859
vt 0.182821 0.021634
vt 0.179713 0.083831
vt 0.176605 0.083831
vt 0.176605 0.021634
vt 0.179713 0.021634
vt 0.182821 0.083831
vt 0.182821 0.021634
vt 0.189038 0.083859
vt 0.181267 0.083859
vt 0.181267 0.021634
vt 0.189038 0.021634
vt 0.196808 0.083859
vt 0.196808 0.021634
vt 0.185929 0.083754
vt 0.179713 0.083754
vt 0.179713 0.021634
vt 0.185929 0.021634
vt 0.192146 0.083754
vt 0.192146 0.021634
vt 0.185929 0.083754
vt 0.179713 0.083754
vt 0.179713 0.021634
vt 0.185929 0.021634
vt 0.192146 0.083754
vt 0.192146 0.021634
vt 0.173497 0.021634
vt 0.173497 0.021634
vt 0.173497 0.021634
vt 0.173497 0.021634
vt 0.173497 0.021634
vt 0.173497 0.021634
vt 0.173497 0.021634
vt 0.173497 0.021634
vt 0.185929 0.083754
vt 0.179713 0.083754
vt 0.179713 0.021634
vt 0.185929 0.021634
vt 0.173497 0.021634
vt 0.173497 0.021634
vt 0.173497 0.021634
vt 0.173497 0.021634
vt 0.173497 0.021634
vt 0.173497 0.021634
vt 0.173497 0.021634
vt 0.173497 0.021634
vt 0.185929 0.083754
vt 0.179713 0.083754
vt 0.179713 0.021634
vt 0.185929 0.021634
vt 0.192146 0.083754
vt 0.192146 0.021634
vt 0.185929 0.083754
vt 0.179713 0.083754
vt 0.179713 0.021634
vt 0.185929 0.021634
vt 0.192146 0.083754
vt 0.192146 0.021634
vt 0.185929 0.083754
vt 0.179713 0.083754
vt 0.179713 0.021634
vt 0.185929 0.021634
vt 0.192146 0.083754
vt 0.192146 0.021634
vt 0.185929 0.083754
vt 0.179713 0.083754
vt 0.179713 0.021634
vt 0.185929 0.021634
vt 0.185929 0.083754
vt 0.179713 0.083754
vt 0.179713 0.021634
vt 0.185929 0.021634
vt 0.192146 0.083754
vt 0.192146 0.021634
vt 0.185929 0.083754
vt 0.179713 0.083754
vt 0.179713 0.021634
vt 0.185929 0.021634
vt 0.192146 0.083754
vt 0.192146 0.021634
vt 0.185929 0.083754
vt 0.179713 0.083754
vt 0.179713 0.021634
vt 0.185929 0.021634
vt 0.173497 0.021634
vt 0.173497 0.021634
vt 0.173497 0.021634
vt 0.173497 0.021634
vt 0.173497 0.021634
vt 0.173497 0.021634
vt 0.173497 0.021634
vt 0.173497 0.021634
vt 0.185929 0.083754
vt 0.179713 0.083754
vt 0.179713 0.021634
vt 0.185929 0.021634
vt 0.173497 0.021634
vt 0.173497 0.021634
vt 0.173497 0.021634
vt 0.173497 0.021634
vt 0.173497 0.021634
vt 0.173497 0.021634
vt 0.173497 0.021634
vt 0.173497 0.021634
vt 0.363446 0.524409
vt 0.360273 0.529647
vt 0.350202 0.529647
vt 0.347029 0.524409
vt 0.338761 0.535051
vt 0.335315 0.533845
vt 0.342509 0.526439
vt 0.346022 0.530017
vt 0.374967 0.533845
vt 0.371522 0.535051
vt 0.364452 0.530017
vt 0.367966 0.526439
vt 0.333555 0.543002
vt 0.335636 0.543737
vt 0.376590 0.543002
vt 0.374509 0.543737
vt 0.335287 0.557323
vt 0.333528 0.557323
vt 0.376402 0.557323
vt 0.374643 0.557323
vt 0.549680 0.507200
vt 0.564423 0.507466
vt 0.560080 0.511763
vt 0.553973 0.511653
vt 0.146146 0.670065
vt 0.144458 0.674214
vt 0.141800 0.674218
vt 0.139817 0.670074
vt 0.139947 0.676076
vt 0.135404 0.674500
vt 0.139985 0.678701
vt 0.135494 0.680751
vt 0.141891 0.680554
vt 0.140032 0.685165
vt 0.144548 0.680551
vt 0.146362 0.685156
vt 0.146401 0.678692
vt 0.150774 0.680730
vt 0.146363 0.676068
vt 0.150685 0.674479
vt 0.646130 0.486311
vt 0.631387 0.486045
vt 0.635730 0.481748
vt 0.641837 0.481858
vt 0.955640 0.878556
vt 0.940898 0.878868
vt 0.940691 0.872684
vt 0.955433 0.872372
vt 0.688280 0.734976
vt 0.688280 0.739019
vt 0.677484 0.739019
vt 0.677484 0.734976
vt 0.600135 0.491852
vt 0.599885 0.495614
vt 0.588284 0.495614
vt 0.588534 0.491852
vt 0.699076 0.734976
vt 0.699076 0.739019
vt 0.611736 0.491852
vt 0.611486 0.495614
vt 0.709872 0.734976
vt 0.709872 0.739019
vt 0.623337 0.491852
vt 0.623087 0.495614
vt 0.720668 0.734976
vt 0.720668 0.739019
vt 0.634938 0.491852
vt 0.634687 0.495614
vt 0.731463 0.734976
vt 0.731463 0.739019
vt 0.646538 0.491852
vt 0.646288 0.495614
vt 0.494174 0.215671
vt 0.494198 0.219706
vt 0.483381 0.219706
vt 0.483358 0.215671
vt 0.799627 0.256147
vt 0.799390 0.259712
vt 0.787767 0.259712
vt 0.788004 0.256147
vt 0.504991 0.215671
vt 0.505014 0.219706
vt 0.811250 0.256147
vt 0.811013 0.259712
vt 0.515807 0.215671
vt 0.515831 0.219706
vt 0.822873 0.256147
vt 0.822636 0.259712
vt 0.526624 0.215671
vt 0.526647 0.219706
vt 0.834496 0.256147
vt 0.834259 0.259712
vt 0.537440 0.215671
vt 0.537463 0.219706
vt 0.846119 0.256147
vt 0.845882 0.259712
vt 0.408576 0.145136
vt 0.421798 0.143435
vt 0.417005 0.137047
vt 0.409044 0.141401
vt 0.898158 0.570712
vt 0.890400 0.566118
vt 0.885363 0.572391
vt 0.898473 0.574475
vt 0.425333 0.141026
vt 0.420173 0.134315
vt 0.882091 0.570218
vt 0.887540 0.563702
vt 0.399347 0.142492
vt 0.399622 0.140233
vt 0.907836 0.572210
vt 0.907653 0.569935
vt 0.386970 0.134216
vt 0.386163 0.135840
vt 0.921332 0.566094
vt 0.920589 0.564433
vt 0.235324 0.619049
vt 0.235151 0.630771
vt 0.228711 0.623798
vt 0.902563 0.551099
vt 0.892164 0.551246
vt 0.897007 0.539229
vt 0.907331 0.540994
vt 0.910953 0.548502
vt 0.223144 0.616199
vt 0.663489 0.350670
vt 0.653261 0.348395
vt 0.657333 0.341040
vt 0.669485 0.339052
vt 0.328409 0.461849
vt 0.316414 0.462022
vt 0.316957 0.458022
vt 0.327357 0.457955
vt 0.211496 0.067736
vt 0.208543 0.079699
vt 0.205087 0.077933
vt 0.207844 0.067581
vt 0.208543 0.055965
vt 0.205087 0.057460
vt 0.424801 0.888351
vt 0.437576 0.888267
vt 0.436632 0.892093
vt 0.425552 0.892212
vt 0.961492 0.387700
vt 0.961492 0.382469
vt 0.973245 0.382410
vt 0.973245 0.387641
vt 0.738405 0.157470
vt 0.738004 0.152252
vt 0.747769 0.152152
vt 0.748170 0.157371
vt 0.984588 0.387854
vt 0.984588 0.382623
vt 0.994154 0.383080
vt 0.994154 0.388311
vt 0.928566 0.710233
vt 0.928566 0.715464
vt 0.916813 0.715522
vt 0.916813 0.710291
vt 0.953353 0.414756
vt 0.952952 0.409538
vt 0.962718 0.409438
vt 0.963118 0.414657
vt 0.905470 0.710079
vt 0.905470 0.715310
vt 0.895904 0.714852
vt 0.895904 0.709621
vt 0.834785 0.876450
vt 0.831973 0.875817
vt 0.832474 0.872606
vt 0.835287 0.873239
vt 0.679561 0.166649
vt 0.679399 0.160105
vt 0.682536 0.160105
vt 0.682698 0.166649
vt 0.189760 0.705744
vt 0.194647 0.705694
vt 0.194893 0.708909
vt 0.190006 0.708958
vt 0.715834 0.178111
vt 0.720417 0.178377
vt 0.720417 0.181640
vt 0.715834 0.181375
vt 0.707561 0.177920
vt 0.707561 0.181183
vt 0.724904 0.221786
vt 0.732763 0.221573
vt 0.732763 0.224057
vt 0.724904 0.224271
vt 0.441190 0.296536
vt 0.432981 0.296649
vt 0.432981 0.293579
vt 0.441190 0.293466
vt 0.956421 0.798456
vt 0.956400 0.794864
vt 0.979348 0.794864
vt 0.979369 0.798456
vt 0.575379 0.890111
vt 0.575168 0.893286
vt 0.550509 0.893286
vt 0.550720 0.890111
vt 0.728490 0.909424
vt 0.729354 0.906291
vt 0.726530 0.905711
vt 0.725666 0.908845
vt 0.358091 0.125492
vt 0.358091 0.122355
vt 0.351548 0.122193
vt 0.351548 0.125330
vt 0.339140 0.827664
vt 0.338888 0.830878
vt 0.343774 0.830937
vt 0.344027 0.827723
vt 0.532349 0.834156
vt 0.532349 0.830893
vt 0.527766 0.831158
vt 0.527766 0.834422
vt 0.540622 0.833965
vt 0.540622 0.830701
vt 0.585615 0.302433
vt 0.585615 0.299948
vt 0.577755 0.299734
vt 0.577755 0.302219
vt 0.629218 0.585149
vt 0.629218 0.582080
vt 0.621010 0.581967
vt 0.621010 0.585036
vt 0.194819 0.616850
vt 0.197716 0.616800
vt 0.197716 0.622900
vt 0.194819 0.622950
vt 0.792690 0.247345
vt 0.788237 0.247390
vt 0.787767 0.241263
vt 0.792220 0.241218
vt 0.697523 0.905595
vt 0.702108 0.905591
vt 0.697052 0.905611
vt 0.469394 0.096780
vt 0.470683 0.100326
vt 0.469149 0.101909
vt 0.465740 0.100549
vt 0.474581 0.096699
vt 0.472861 0.100292
vt 0.478264 0.100354
vt 0.474407 0.101826
vt 0.478284 0.105602
vt 0.474416 0.104030
vt 0.474630 0.109371
vt 0.472881 0.105613
vt 0.469443 0.109452
vt 0.470703 0.105647
vt 0.465761 0.105798
vt 0.469157 0.104112
vt 0.906950 0.923962
vt 0.894543 0.924003
vt 0.898334 0.920082
vt 0.969386 0.865000
vt 0.981866 0.864959
vt 0.977873 0.868766
vt 0.972924 0.868853
vt 0.368678 0.704633
vt 0.368712 0.705103
vt 0.356666 0.705764
vt 0.356449 0.700713
vt 0.368494 0.700052
vt 0.974902 0.810842
vt 0.974121 0.807500
vt 0.976607 0.810658
vt 0.977388 0.814000
vt 0.513546 0.706285
vt 0.513246 0.698524
vt 0.516620 0.698524
vt 0.516919 0.706285
vt 0.991671 0.807823
vt 0.992453 0.811165
vt 0.840556 0.848418
vt 0.840535 0.844825
vt 0.872443 0.844825
vt 0.872464 0.848418
vt 0.969414 0.704681
vt 0.969203 0.707855
vt 0.934915 0.707855
vt 0.935126 0.704681
vt 0.726101 0.892888
vt 0.723887 0.889696
vt 0.724410 0.893088
vt 0.726625 0.896280
vt 0.337201 0.773099
vt 0.333828 0.773099
vt 0.333528 0.780860
vt 0.336901 0.780860
vt 0.708853 0.892695
vt 0.709377 0.896087
vt 0.748003 0.833007
vt 0.747982 0.829414
vt 0.782555 0.829414
vt 0.782576 0.833007
vt 0.925830 0.690556
vt 0.925619 0.693731
vt 0.888468 0.693731
vt 0.888679 0.690556
vt 0.199968 0.655258
vt 0.199934 0.649454
vt 0.238504 0.649454
vt 0.238538 0.655258
vt 0.929894 0.516250
vt 0.929553 0.521379
vt 0.888107 0.521379
vt 0.888448 0.516250
vt 0.498067 0.469262
vt 0.435545 0.468191
vt 0.435545 0.463519
vt 0.498067 0.464590
vt 0.330220 0.349985
vt 0.337442 0.345454
vt 0.341938 0.349154
vt 0.333028 0.354967
vt 0.292883 0.345873
vt 0.292349 0.350467
vt 0.172343 0.688162
vt 0.180263 0.688246
vt 0.180655 0.693360
vt 0.172735 0.693277
vt 0.626905 0.543533
vt 0.613638 0.546807
vt 0.611854 0.542377
vt 0.625121 0.539103
vt 0.646943 0.549949
vt 0.645158 0.545519
vt 0.667272 0.542891
vt 0.665488 0.538461
vt 0.902458 0.734976
vt 0.909338 0.735364
vt 0.908418 0.740090
vt 0.901537 0.739702
vt 0.570796 0.161052
vt 0.570796 0.165102
vt 0.551612 0.164402
vt 0.551612 0.160352
vt 0.333677 0.512712
vt 0.337582 0.512712
vt 0.337433 0.519078
vt 0.333528 0.519078
vt 0.943711 0.897605
vt 0.943711 0.901655
vt 0.924527 0.900955
vt 0.924527 0.896905
vt 0.134785 0.741812
vt 0.134785 0.737907
vt 0.141151 0.738056
vt 0.141151 0.741961
vt 0.607676 0.671019
vt 0.607655 0.667427
vt 0.653329 0.667427
vt 0.653350 0.671019
vt 0.122107 0.921975
vt 0.121896 0.925149
vt 0.072815 0.925149
vt 0.073027 0.921975
vt 0.328210 0.014199
vt 0.328544 0.018551
vt 0.317999 0.018659
vt 0.317665 0.014306
vt 0.327584 0.384528
vt 0.327730 0.388441
vt 0.314488 0.388611
vt 0.314341 0.384698
vt 0.965855 0.805197
vt 0.965855 0.801245
vt 0.973885 0.801377
vt 0.973884 0.805328
vt 0.978397 0.801186
vt 0.978397 0.805138
vt 0.687672 0.239982
vt 0.690829 0.239982
vt 0.690752 0.249960
vt 0.687595 0.249960
vt 0.186910 0.096474
vt 0.187743 0.093034
vt 0.200447 0.093335
vt 0.199600 0.096789
vt 0.256527 0.484275
vt 0.256527 0.481125
vt 0.273949 0.481065
vt 0.273949 0.484214
vt 0.600069 0.032655
vt 0.600206 0.036313
vt 0.596160 0.036195
vt 0.596023 0.032538
vt 0.691731 0.190124
vt 0.694899 0.190124
vt 0.694933 0.193352
vt 0.691766 0.193352
vt 0.717084 0.300288
vt 0.717084 0.297091
vt 0.727049 0.297260
vt 0.727049 0.300457
vt 0.359193 0.924063
vt 0.359443 0.927313
vt 0.357932 0.927329
vt 0.357683 0.924079
vt 0.125860 0.314499
vt 0.125860 0.311295
vt 0.135173 0.311464
vt 0.135173 0.314668
vt 0.514132 0.015109
vt 0.504202 0.017883
vt 0.512149 0.006456
vt 0.520669 0.005971
vt 0.100627 0.832087
vt 0.110604 0.832164
vt 0.110604 0.835321
vt 0.100627 0.835244
vt 0.789218 0.351988
vt 0.794820 0.340631
vt 0.798393 0.341504
vt 0.792810 0.352865
vt 0.567815 0.057077
vt 0.585236 0.057017
vt 0.585236 0.060166
vt 0.567815 0.060227
vt 0.453250 0.115008
vt 0.453368 0.110962
vt 0.457026 0.110826
vt 0.456908 0.114871
vt 0.221785 0.605089
vt 0.221750 0.601861
vt 0.224918 0.601861
vt 0.224952 0.605089
vt 0.518327 0.462442
vt 0.528292 0.462610
vt 0.528292 0.465807
vt 0.518327 0.465639
vt 0.964003 0.912648
vt 0.962492 0.912663
vt 0.962243 0.909414
vt 0.963753 0.909398
vt 0.270076 0.083844
vt 0.279389 0.084012
vt 0.279389 0.087216
vt 0.270076 0.087048
vt 0.180927 0.092102
vt 0.181483 0.080453
vt 0.205405 0.080424
vt 0.204850 0.092073
vt 0.673772 0.804779
vt 0.673751 0.801186
vt 0.719425 0.801186
vt 0.719446 0.804779
vt 0.773719 0.661276
vt 0.773507 0.664450
vt 0.724427 0.664450
vt 0.724638 0.661276
vt 0.375892 0.348055
vt 0.375892 0.352727
vt 0.438414 0.351656
vt 0.438414 0.346984
vt 0.698313 0.147970
vt 0.698619 0.153669
vt 0.709341 0.152133
vt 0.706958 0.146835
vt 0.666990 0.127390
vt 0.664480 0.131262
vt 0.344748 0.536089
vt 0.339619 0.536089
vt 0.339979 0.543979
vt 0.345108 0.543979
vt 0.685773 0.588259
vt 0.687382 0.592756
vt 0.700415 0.589020
vt 0.698805 0.584524
vt 0.666254 0.581768
vt 0.667863 0.586265
vt 0.645958 0.588846
vt 0.647567 0.593342
vt 0.389700 0.033244
vt 0.391160 0.028656
vt 0.384095 0.028341
vt 0.382634 0.032929
vt 0.720235 0.126360
vt 0.726044 0.126374
vt 0.347776 0.504364
vt 0.347742 0.498559
vt 0.371214 0.498559
vt 0.371248 0.504364
vt 0.843377 0.692719
vt 0.843036 0.697847
vt 0.817814 0.697847
vt 0.818155 0.692719
vt 0.656287 0.698113
vt 0.656287 0.692308
vt 0.707800 0.692308
vt 0.707800 0.698113
vt 0.757548 0.587443
vt 0.757548 0.592571
vt 0.702194 0.592571
vt 0.702194 0.587443
vt 0.962344 0.785962
vt 0.971357 0.785527
vt 0.971357 0.790184
vt 0.962344 0.790619
vt 0.951203 0.785962
vt 0.951203 0.790619
vt 0.942190 0.785527
vt 0.942190 0.790184
vt 0.867086 0.807935
vt 0.876099 0.807500
vt 0.876099 0.812157
vt 0.867086 0.812592
vt 0.855945 0.807935
vt 0.855945 0.812592
vt 0.846932 0.807500
vt 0.846932 0.812157
vt 0.669686 0.411326
vt 0.669701 0.414034
vt 0.637793 0.414034
vt 0.637777 0.411326
vt 0.981528 0.744729
vt 0.981369 0.747122
vt 0.947081 0.747122
vt 0.947240 0.744729
vt 0.843853 0.833007
vt 0.843832 0.829414
vt 0.875661 0.829414
vt 0.875682 0.833007
vt 0.959563 0.661276
vt 0.959352 0.664450
vt 0.925149 0.664450
vt 0.925360 0.661276
vt 0.671957 0.429164
vt 0.671942 0.426456
vt 0.705627 0.426456
vt 0.705642 0.429164
vt 0.135907 0.030877
vt 0.135748 0.033270
vt 0.099551 0.033270
vt 0.099710 0.030877
vt 0.802228 0.863180
vt 0.802207 0.859587
vt 0.834116 0.859587
vt 0.834137 0.863180
vt 0.738243 0.576706
vt 0.738032 0.579880
vt 0.703744 0.579880
vt 0.703955 0.576706
vt 0.198507 0.145189
vt 0.198841 0.149542
vt 0.188296 0.149649
vt 0.187962 0.145297
vt 0.981295 0.798946
vt 0.981148 0.795033
vt 0.994391 0.794864
vt 0.994537 0.798777
vt 0.893665 0.902905
vt 0.893665 0.898954
vt 0.901694 0.899085
vt 0.901694 0.903037
vt 0.906207 0.898895
vt 0.906207 0.902846
vt 0.511893 0.979031
vt 0.511893 0.971616
vt 0.522375 0.971616
vt 0.522375 0.979031
vt 0.511893 0.964199
vt 0.522375 0.964199
vt 0.531813 0.971616
vt 0.531813 0.979031
vt 0.531813 0.964199
vt 0.895994 0.457750
vt 0.899734 0.458087
vt 0.899731 0.450837
vt 0.895988 0.451059
vt 0.899717 0.443551
vt 0.895964 0.443880
vt 0.647151 0.866229
vt 0.647645 0.865923
vt 0.646200 0.858191
vt 0.645857 0.858271
vt 0.895603 0.458510
vt 0.899388 0.458353
vt 0.899379 0.449618
vt 0.895586 0.449546
vt 0.899373 0.442541
vt 0.895575 0.442449
vt 0.685529 0.851554
vt 0.685895 0.851686
vt 0.686657 0.846371
vt 0.686273 0.846297
vt 0.895871 0.457966
vt 0.899607 0.458030
vt 0.899618 0.451356
vt 0.895892 0.451178
vt 0.899639 0.443772
vt 0.895931 0.443425
vt 0.895977 0.458890
vt 0.899663 0.459033
vt 0.899659 0.451184
vt 0.895971 0.451253
vt 0.899648 0.441258
vt 0.895946 0.441521
vt 0.798925 0.813576
vt 0.799772 0.813424
vt 0.799599 0.808494
vt 0.798787 0.808251
vt 0.648375 0.864643
vt 0.647012 0.859232
vt 0.686618 0.850996
vt 0.687255 0.847403
vt 0.646542 0.893189
vt 0.647068 0.893511
vt 0.650852 0.888238
vt 0.650188 0.888136
vt 0.380164 0.801776
vt 0.385167 0.807336
vt 0.391328 0.807325
vt 0.391326 0.801757
vt 0.396715 0.807317
vt 0.401399 0.801740
vt 0.380162 0.801816
vt 0.385164 0.807404
vt 0.391327 0.807396
vt 0.391326 0.801796
vt 0.396763 0.807387
vt 0.380188 0.801822
vt 0.385147 0.807390
vt 0.391324 0.807384
vt 0.391314 0.801803
vt 0.396806 0.807378
vt 0.401371 0.801784
vt 0.974902 0.810842
vt 0.977388 0.814000
vt 0.976607 0.810658
vt 0.974121 0.807500
vt 0.513546 0.706285
vt 0.516919 0.706285
vt 0.516620 0.698524
vt 0.513246 0.698524
vt 0.992453 0.811165
vt 0.991671 0.807823
vt 0.840556 0.848418
vt 0.872464 0.848418
vt 0.872443 0.844825
vt 0.840535 0.844825
vt 0.969414 0.704681
vt 0.935126 0.704681
vt 0.934915 0.707855
vt 0.969203 0.707855
vt 0.726101 0.892888
vt 0.726625 0.896280
vt 0.724410 0.893088
vt 0.723887 0.889696
vt 0.337201 0.773099
vt 0.336901 0.780860
vt 0.333528 0.780860
vt 0.333828 0.773099
vt 0.709377 0.896087
vt 0.708853 0.892695
vt 0.748003 0.833007
vt 0.782576 0.833007
vt 0.782555 0.829414
vt 0.747982 0.829414
vt 0.925830 0.690556
vt 0.888679 0.690556
vt 0.888468 0.693731
vt 0.925619 0.693731
vt 0.802228 0.863180
vt 0.834137 0.863180
vt 0.834116 0.859587
vt 0.802207 0.859587
vt 0.738243 0.576706
vt 0.703955 0.576706
vt 0.703744 0.579880
vt 0.738032 0.579880
vt 0.974902 0.810842
vt 0.977388 0.814000
vt 0.976607 0.810658
vt 0.974121 0.807500
vt 0.513546 0.706285
vt 0.516919 0.706285
vt 0.516620 0.698524
vt 0.513246 0.698524
vt 0.992453 0.811165
vt 0.991671 0.807823
vt 0.840556 0.848418
vt 0.872464 0.848418
vt 0.872443 0.844825
vt 0.840535 0.844825
vt 0.726101 0.892888
vt 0.726625 0.896280
vt 0.724410 0.893088
vt 0.723887 0.889696
vt 0.337201 0.773099
vt 0.336901 0.780860
vt 0.333528 0.780860
vt 0.333828 0.773099
vt 0.709377 0.896087
vt 0.708853 0.892695
vt 0.748003 0.833007
vt 0.782576 0.833007
vt 0.782555 0.829414
vt 0.747982 0.829414
vt 0.802228 0.863180
vt 0.834137 0.863180
vt 0.834116 0.859587
vt 0.802207 0.859587
vn 0.3301 0.9001 0.2845
vn 0.1042 0.9570 -0.2706
vn -0.0000 0.9793 0.2022
vn -0.0000 0.9672 -0.2541
vn 0.8427 0.3466 -0.4119
vn 0.7543 0.2659 -0.6003
vn 0.7543 0.2659 -0.6002
vn 0.4228 0.6655 0.6151
vn 0.0000 0.7812 0.6243
vn 0.3300 0.9001 0.2845
vn 0.7777 0.5106 -0.3668
vn -0.0000 0.8064 -0.5914
vn 0.7777 0.5106 -0.3667
vn 0.6825 0.6142 -0.3961
vn 0.0880 0.5604 -0.8235
vn 0.7544 0.2659 -0.6002
vn 0.0000 0.5560 -0.8312
vn 0.7130 -0.0546 -0.6990
vn 0.7233 0.6729 0.1553
vn 0.9529 0.2137 -0.2153
vn -0.1042 0.9570 -0.2706
vn -0.3301 0.9001 0.2845
vn -0.7543 0.2659 -0.6003
vn -0.8427 0.3466 -0.4119
vn -0.7543 0.2659 -0.6002
vn -0.3300 0.9001 0.2845
vn -0.0000 0.9794 0.2022
vn -0.7777 0.5106 -0.3668
vn -0.0880 0.5604 -0.8235
vn -0.6825 0.6142 -0.3961
vn -0.7777 0.5106 -0.3667
vn -0.7544 0.2659 -0.6002
vn 0.9545 0.2802 0.1020
vn 0.8710 0.4737 0.1299
vn 0.9830 0.1670 0.0759
vn 0.3336 0.8642 0.3766
vn -0.6852 0.5774 -0.4441
vn 0.6906 0.6198 -0.3729
vn -0.1967 0.9707 -0.1378
vn 0.8032 0.5827 -0.1235
vn -0.1966 0.9707 -0.1378
vn 0.6906 0.6198 -0.3728
vn -0.6852 0.5773 -0.4441
vn -0.3683 0.5548 -0.7460
vn 0.6905 0.6198 -0.3729
vn 0.7659 0.3502 -0.5392
vn -0.3683 0.5547 -0.7461
vn -0.4535 0.7558 0.4724
vn -0.3304 0.9058 0.2652
vn 0.8412 0.4530 0.2954
vn 0.8969 0.4419 0.0204
vn 0.8412 0.4529 0.2955
vn -0.3304 0.9058 0.2653
vn 0.8968 0.4419 0.0204
vn -0.7633 0.5071 -0.4003
vn 0.0000 0.8120 -0.5836
vn -0.5897 0.7790 -0.2128
vn -0.0000 0.9793 -0.2025
vn -0.5897 0.7790 -0.2129
vn 0.8194 0.5573 -0.1340
vn 0.8305 0.4764 -0.2887
vn -0.2863 0.9450 -0.1582
vn -0.7436 0.3638 -0.5610
vn 0.0000 0.6325 -0.7746
vn -0.7633 0.5071 -0.4002
vn 0.7594 0.3995 -0.5136
vn -0.3943 0.5370 -0.7458
vn 0.8304 0.4765 -0.2887
vn -0.6323 0.1584 -0.7584
vn 0.0000 0.3472 -0.9378
vn 0.0000 0.5784 0.8157
vn -0.7408 0.4340 0.5127
vn -0.0000 0.7516 0.6596
vn -0.5466 0.8323 0.0918
vn -0.0000 0.9105 0.4136
vn -0.7655 0.4995 0.4056
vn -0.7843 0.5038 0.3620
vn 0.6540 0.6229 0.4293
vn -0.4742 0.8570 0.2016
vn 0.8993 0.4250 0.1034
vn -0.4742 0.8570 0.2015
vn -0.5898 0.7790 -0.2129
vn -0.5467 0.8323 0.0919
vn -0.5467 0.8323 0.0918
vn -0.2864 0.9450 -0.1581
vn 0.8194 0.5573 -0.1341
vn 0.8304 0.4764 -0.2887
vn 0.7594 0.3994 -0.5136
vn 0.0552 0.1970 -0.9788
vn 0.1964 -0.1325 -0.9715
vn 0.8010 0.0668 -0.5950
vn 0.6459 -0.2257 -0.7293
vn 0.1963 -0.1325 -0.9715
vn 0.0433 0.6477 0.7607
vn 0.4882 0.7457 0.4535
vn 0.2336 0.3548 0.9053
vn 0.4890 0.0490 0.8709
vn 0.2337 0.3548 0.9053
vn 0.4882 0.7457 0.4534
vn -0.8974 0.4412 -0.0040
vn -0.7846 0.3808 0.4893
vn -0.9056 0.4240 0.0029
vn -0.9056 0.4240 0.0030
vn -0.8804 0.3851 -0.2768
vn -0.6961 0.2787 -0.6617
vn -0.8804 0.3851 -0.2767
vn 0.9703 0.1887 -0.1514
vn 0.6903 0.1686 -0.7036
vn 0.9050 0.3930 -0.1631
vn 0.9796 0.1375 -0.1465
vn 0.9050 0.3929 -0.1631
vn 0.9422 0.3058 0.1369
vn 0.1967 0.9707 -0.1378
vn -0.6906 0.6198 -0.3729
vn 0.6852 0.5774 -0.4441
vn -0.6905 0.6198 -0.3729
vn 0.1966 0.9707 -0.1378
vn -0.8032 0.5827 -0.1235
vn 0.3683 0.5548 -0.7460
vn 0.6852 0.5773 -0.4441
vn 0.3683 0.5547 -0.7461
vn -0.7659 0.3502 -0.5392
vn -0.8412 0.4530 0.2954
vn 0.3304 0.9058 0.2652
vn 0.4535 0.7558 0.4724
vn -0.8968 0.4419 0.0204
vn 0.3304 0.9058 0.2653
vn 0.5897 0.7790 -0.2129
vn 0.7633 0.5071 -0.4003
vn 0.2864 0.9450 -0.1582
vn -0.8305 0.4764 -0.2887
vn -0.8194 0.5573 -0.1340
vn -0.0000 0.6324 -0.7746
vn 0.7436 0.3638 -0.5610
vn 0.6323 0.1584 -0.7584
vn 0.7438 0.3615 -0.5622
vn 0.7408 0.4340 0.5127
vn 0.7655 0.4995 0.4056
vn 0.5466 0.8323 0.0918
vn 0.4742 0.8570 0.2016
vn -0.6540 0.6229 0.4293
vn 0.7843 0.5038 0.3620
vn 0.4742 0.8570 0.2015
vn -0.8993 0.4250 0.1034
vn 0.5467 0.8323 0.0919
vn 0.5898 0.7790 -0.2129
vn 0.5467 0.8323 0.0918
vn -0.8194 0.5573 -0.1341
vn 0.2864 0.9450 -0.1581
vn -0.8010 0.0668 -0.5950
vn -0.1964 -0.1325 -0.9715
vn -0.0552 0.1970 -0.9788
vn -0.2336 0.3548 0.9053
vn -0.4882 0.7457 0.4535
vn -0.0433 0.6477 0.7607
vn -0.4882 0.7457 0.4534
vn -0.2337 0.3548 0.9053
vn -0.4890 0.0490 0.8709
vn 0.9056 0.4240 0.0029
vn 0.7846 0.3808 0.4893
vn 0.8974 0.4412 -0.0040
vn 0.8804 0.3851 -0.2768
vn 0.9056 0.4240 0.0030
vn 0.8804 0.3851 -0.2767
vn 0.6961 0.2787 -0.6617
vn -0.9050 0.3929 -0.1632
vn -0.6903 0.1686 -0.7036
vn -0.9703 0.1887 -0.1514
vn -0.9422 0.3058 0.1369
vn -0.9050 0.3929 -0.1631
vn 0.5439 0.5346 0.6468
vn 0.8362 0.4343 0.3350
vn -0.8530 0.3264 0.4073
vn -0.6313 0.6725 -0.3863
vn -0.4196 0.7570 0.5009
vn 0.5501 0.8348 0.0241
vn 0.5501 0.8347 0.0241
vn 0.1458 0.5593 -0.8160
vn 0.5062 0.2589 -0.8226
vn -0.8137 0.1848 -0.5511
vn 0.1457 0.5593 -0.8160
vn 0.7763 0.6139 0.1429
vn 0.0000 0.9297 0.3684
vn 0.4670 0.4575 0.7567
vn 0.0000 0.3539 0.9353
vn 0.7763 0.6139 0.1430
vn -0.0000 0.9925 -0.1221
vn -0.0648 0.9873 -0.1447
vn 0.8523 0.4438 -0.2768
vn 0.0000 0.7766 -0.6300
vn 0.8523 0.4439 -0.2768
vn 0.4631 0.3693 -0.8057
vn 0.0000 0.1714 -0.9852
vn -0.7763 0.6139 0.1429
vn -0.4670 0.4575 0.7567
vn -0.7763 0.6139 0.1430
vn 0.0648 0.9873 -0.1447
vn -0.8523 0.4438 -0.2768
vn -0.8523 0.4439 -0.2768
vn -0.4631 0.3693 -0.8057
vn -0.5439 0.5346 0.6468
vn 0.8530 0.3264 0.4073
vn -0.8362 0.4343 0.3350
vn 0.6313 0.6725 -0.3863
vn -0.5501 0.8348 0.0241
vn 0.4196 0.7570 0.5009
vn -0.1458 0.5593 -0.8160
vn 0.9546 0.1275 -0.2694
vn 0.8137 0.1849 -0.5511
vn -0.5062 0.2589 -0.8226
vn -0.1457 0.5593 -0.8160
vn 0.8137 0.1848 -0.5511
vn 0.4095 0.9038 -0.1245
vn -0.0001 0.9875 -0.1579
vn -0.0000 0.9729 0.2312
vn 0.4097 0.9091 -0.0752
vn -0.0001 0.9729 0.2312
vn 0.5352 0.8424 0.0624
vn 0.0000 0.9729 0.2311
vn 0.5634 0.8021 0.1982
vn 0.5351 0.8425 0.0624
vn 0.4755 0.8084 0.3470
vn 0.4071 0.7798 0.4756
vn 0.4078 0.7526 0.5170
vn 0.4070 0.7798 0.4757
vn -0.0001 0.8114 0.5845
vn 0.4895 0.7600 -0.4276
vn -0.0000 0.9874 -0.1579
vn -0.0000 0.8034 -0.5955
vn -0.0000 0.9875 -0.1579
vn 0.4894 0.7600 -0.4277
vn 0.6091 0.7345 -0.2993
vn 0.4895 0.7600 -0.4277
vn 0.6091 0.7345 -0.2992
vn 0.7507 0.6568 -0.0717
vn 0.8420 0.5312 0.0947
vn 0.8420 0.5311 0.0947
vn 0.4755 0.8084 0.3469
vn 0.7296 0.5923 0.3419
vn 0.5633 0.8021 0.1982
vn 0.5017 0.4920 -0.7115
vn -0.0000 0.8033 -0.5955
vn 0.0000 0.4402 -0.8979
vn 0.5018 0.4920 -0.7115
vn 0.7590 0.3592 -0.5431
vn 0.4895 0.7599 -0.4277
vn 0.9125 0.3630 -0.1884
vn 0.7404 0.2992 -0.6019
vn 0.6479 0.1145 -0.7531
vn 0.4289 0.2383 -0.8714
vn -0.4095 0.9038 -0.1245
vn -0.4097 0.9091 -0.0752
vn -0.5351 0.8425 0.0624
vn -0.5352 0.8424 0.0624
vn -0.5634 0.8021 0.1982
vn -0.4756 0.8084 0.3469
vn -0.4755 0.8084 0.3470
vn -0.4071 0.7798 0.4756
vn -0.4070 0.7798 0.4757
vn -0.4079 0.7526 0.5170
vn 0.0000 0.8114 0.5845
vn -0.4095 0.9038 -0.1244
vn -0.4895 0.7600 -0.4276
vn -0.4895 0.7599 -0.4277
vn -0.6091 0.7345 -0.2993
vn -0.4895 0.7600 -0.4277
vn -0.6091 0.7345 -0.2992
vn -0.7507 0.6568 -0.0717
vn -0.5018 0.4920 -0.7115
vn -0.7590 0.3592 -0.5431
vn -0.7404 0.2992 -0.6019
vn -0.4289 0.2383 -0.8713
vn -0.6479 0.1145 -0.7531
vn -0.1199 0.9260 0.3581
vn -0.3285 0.9347 0.1355
vn 0.2970 0.5626 -0.7716
vn 0.5747 0.4501 -0.6835
vn -0.3285 0.9347 0.1356
vn 0.7770 0.4797 -0.4076
vn 0.5747 0.4500 -0.6835
vn -0.1510 0.9112 -0.3833
vn -0.1510 0.9112 -0.3834
vn -0.9155 0.3027 -0.2651
vn 0.0864 0.7436 -0.6630
vn -0.7509 0.1083 -0.6515
vn 0.5462 0.8238 0.1517
vn 0.2140 0.9756 0.0482
vn 0.3105 0.7443 0.5913
vn -0.0474 0.9294 0.3659
vn 0.0095 0.6488 0.7609
vn 0.0992 0.9389 0.3297
vn -0.0473 0.9294 0.3660
vn -0.0330 0.9770 -0.2108
vn -0.2149 0.9347 0.2832
vn -0.1907 0.9448 -0.2664
vn 0.0548 0.9891 -0.1364
vn 0.0993 0.9389 0.3297
vn 0.0295 0.4486 -0.8932
vn 0.0542 0.3598 -0.9315
vn 0.0548 0.9891 -0.1365
vn 0.1204 0.3785 -0.9177
vn 0.2141 0.9756 0.0482
vn 0.0543 0.3597 -0.9315
vn 0.0549 0.9891 -0.1364
vn 0.1419 0.8156 0.5610
vn 0.0992 0.9389 0.3296
vn 0.1420 0.8156 0.5609
vn 0.2092 0.7648 -0.6094
vn 0.1203 0.3785 -0.9177
vn 0.8118 0.5839 0.0010
vn 0.8118 0.5839 0.0011
vn 0.7027 0.6020 0.3793
vn 0.0107 0.4370 -0.8994
vn -0.2397 0.2631 -0.9345
vn -0.0694 0.9888 -0.1323
vn -0.0306 0.9869 0.1582
vn -0.0695 0.9888 -0.1322
vn -0.2397 0.2632 -0.9345
vn -0.2624 0.7515 -0.6053
vn -0.8699 0.4930 -0.0166
vn -0.9155 0.3028 -0.2650
vn 0.0864 0.7436 -0.6631
vn 0.0324 0.3523 -0.9353
vn -0.5117 0.8525 -0.1071
vn -0.8539 0.4905 0.1740
vn 0.0294 0.4487 -0.8932
vn 0.0295 0.4487 -0.8932
vn -0.0190 0.9989 0.0418
vn 0.0647 0.5523 -0.8311
vn -0.0191 0.9989 0.0418
vn 0.0646 0.5523 -0.8311
vn 0.2969 0.5626 -0.7716
vn -0.0191 0.9989 0.0419
vn -0.4582 0.7592 0.4622
vn 0.1543 0.6961 0.7012
vn 0.5741 0.7678 0.2845
vn -0.3008 0.6807 0.6680
vn 0.0761 0.2150 -0.9736
vn -0.0005 0.5063 -0.8624
vn -0.0311 0.9965 0.0775
vn -0.0778 0.9256 0.3704
vn -0.0337 0.9964 0.0772
vn -0.0005 0.5062 -0.8624
vn -0.1972 0.2709 -0.9422
vn -0.1636 0.9839 0.0721
vn 0.0426 0.4688 -0.8823
vn -0.0809 0.9626 0.2584
vn 0.0426 0.4687 -0.8823
vn 0.2862 0.9579 0.0234
vn 0.5721 0.1748 -0.8014
vn 0.2863 0.9579 0.0234
vn 0.9463 0.3115 -0.0866
vn 0.5721 0.1747 -0.8013
vn -0.7544 0.6445 0.1246
vn -0.6909 0.4981 -0.5240
vn -0.9658 0.2527 -0.0590
vn -0.8147 0.5741 0.0822
vn -0.8116 0.5251 -0.2559
vn 0.3725 0.5633 0.7375
vn -0.0585 0.5159 0.8547
vn -0.2216 0.1800 0.9584
vn -0.0584 0.5159 0.8546
vn 0.3725 0.5634 0.7375
vn 0.6364 -0.2199 0.7394
vn 0.5742 0.7677 0.2845
vn 0.1543 0.6960 0.7012
vn 0.2020 0.8708 0.4483
vn 0.6083 0.6062 0.5124
vn 0.5303 0.1666 0.8313
vn 0.4056 0.6799 0.6110
vn 0.2021 0.8707 0.4483
vn 0.3435 0.9308 0.1248
vn 0.5772 0.6737 0.4614
vn 0.3434 0.9308 0.1248
vn -0.0857 0.8612 0.5009
vn -0.0184 0.8533 0.5211
vn 0.3434 0.9309 0.1247
vn -0.2816 0.7462 0.6033
vn -0.4347 0.7882 0.4357
vn -0.2830 0.9171 0.2807
vn -0.1376 0.6999 0.7009
vn -0.2216 0.8474 0.4825
vn -0.2552 0.7301 0.6339
vn -0.1375 0.6999 0.7009
vn -0.2551 0.7301 0.6339
vn -0.3504 0.6040 0.7158
vn -0.5072 0.4370 0.7429
vn -0.5072 0.4370 0.7428
vn 0.5023 0.4542 0.7358
vn 0.3764 0.5907 0.7137
vn 0.6576 0.5483 0.5166
vn 0.2736 0.7693 0.5774
vn 0.6577 0.5483 0.5166
vn 0.3764 0.5908 0.7137
vn -0.0812 0.7888 0.6093
vn 0.2735 0.7693 0.5774
vn -0.1823 0.8461 0.5010
vn -0.6927 0.4836 0.5351
vn -0.1823 0.8461 0.5009
vn -0.6096 0.4316 0.6649
vn -0.6926 0.4837 0.5351
vn 0.6202 0.7689 -0.1553
vn 0.6632 0.5047 -0.5527
vn 0.6444 0.6680 -0.3722
vn 0.6839 0.6663 -0.2972
vn 0.3232 0.8430 -0.4299
vn 0.3911 0.8513 -0.3497
vn 0.6840 0.6663 -0.2971
vn 0.3231 0.8431 -0.4300
vn 0.0620 0.9104 -0.4090
vn -0.0673 0.9528 -0.2960
vn -0.4239 0.8401 -0.3385
vn -0.7939 0.5878 -0.1552
vn 0.7647 0.0453 -0.6428
vn 0.6202 0.7689 -0.1552
vn 0.7366 0.5466 0.3983
vn 0.4888 0.7412 0.4602
vn 0.6840 0.6662 -0.2972
vn 0.4076 0.6336 -0.6576
vn 0.3948 -0.0079 -0.9187
vn 0.4076 0.6336 -0.6575
vn 0.6840 0.6663 -0.2972
vn 0.3231 0.8431 -0.4299
vn 0.4888 0.7411 0.4602
vn 0.3857 0.9137 0.1282
vn -0.0673 0.9528 -0.2961
vn -0.2002 0.7093 -0.6759
vn 0.0526 0.9986 -0.0074
vn 0.3232 0.8430 -0.4300
vn 0.0526 0.9986 -0.0073
vn -0.7939 0.5878 -0.1553
vn -0.5141 0.2468 -0.8215
vn -0.5141 0.2468 -0.8214
vn -0.3948 0.8903 0.2268
vn -0.4238 0.8401 -0.3385
vn 0.7793 0.5012 0.3760
vn 0.4381 0.2772 -0.8551
vn 0.9260 0.3307 -0.1822
vn 0.9744 0.2111 -0.0770
vn 0.2745 0.8024 0.5299
vn 0.6396 0.3248 -0.6967
vn 0.2745 0.8024 0.5298
vn 0.9744 0.2111 -0.0769
vn 0.2744 0.8025 0.5299
vn 0.4336 0.8322 0.3457
vn 0.5694 0.4897 -0.6603
vn 0.4335 0.8321 0.3458
vn 0.6396 0.3249 -0.6967
vn 0.8888 0.0350 -0.4569
vn 0.2005 0.1597 -0.9666
vn 0.9083 0.4175 -0.0263
vn -0.4266 0.8428 -0.3281
vn -0.4703 0.8796 0.0716
vn 0.4207 0.6269 -0.6557
vn 0.1016 0.9846 0.1425
vn 0.7028 0.7090 0.0580
vn -0.3989 0.7604 -0.5125
vn -0.4265 0.8428 -0.3282
vn -0.3989 0.7603 -0.5126
vn -0.0194 0.6109 -0.7914
vn -0.4059 0.5309 -0.7439
vn -0.4058 0.5309 -0.7439
vn 0.1353 0.0014 -0.9908
vn -0.3703 0.6889 -0.6232
vn 0.3336 0.7610 0.5564
vn -0.7024 0.6005 0.3822
vn -0.3703 0.6889 -0.6231
vn 0.5693 0.4897 -0.6604
vn 0.5693 0.4897 -0.6603
vn 0.3472 0.3626 -0.8649
vn -0.0608 0.9379 -0.3415
vn 0.6334 0.7391 0.2291
vn 0.3462 0.4338 -0.8318
vn -0.0193 0.6110 -0.7914
vn 0.5133 0.8283 0.2243
vn 0.5133 0.8284 0.2243
vn 0.9807 0.1157 0.1576
vn 0.4878 0.6606 0.5707
vn 0.8854 0.2396 -0.3984
vn 0.4002 0.2103 -0.8920
vn 0.6765 0.7251 0.1287
vn 0.4001 0.2103 -0.8920
vn 0.9144 -0.0351 -0.4032
vn 0.6765 0.7251 0.1286
vn 0.6505 0.1505 -0.7444
vn 0.6145 0.7643 0.1955
vn 0.2821 0.0649 -0.9572
vn 0.1606 0.9470 0.2783
vn 0.6146 0.7643 0.1955
vn -0.1470 0.9202 0.3627
vn -0.2225 0.6647 -0.7132
vn 0.1607 0.9470 0.2782
vn 0.1606 0.9470 0.2782
vn -0.2226 0.6647 -0.7132
vn -0.2226 0.6646 -0.7132
vn 0.1509 0.9039 0.4003
vn -0.3578 -0.0299 -0.9333
vn -0.6586 0.7023 0.2702
vn -0.3578 -0.0300 -0.9333
vn -0.3254 0.7681 0.5514
vn -0.4149 0.3317 -0.8472
vn -0.4149 0.3317 -0.8473
vn 0.1510 0.9039 0.4003
vn -0.4148 0.3317 -0.8473
vn 0.0013 0.1515 -0.9885
vn -0.5621 0.7970 0.2211
vn 0.3472 0.3627 -0.8648
vn 0.0014 0.1514 -0.9885
vn 0.6416 0.7539 -0.1414
vn -0.6261 0.7743 0.0914
vn 0.4730 0.6783 0.5624
vn -0.7078 0.7029 -0.0700
vn -0.4449 0.7015 0.5567
vn 0.6107 0.7918 -0.0124
vn 0.0491 0.1655 -0.9850
vn -0.2821 0.5298 -0.7998
vn 0.4292 0.8909 -0.1487
vn -0.4631 0.7393 -0.4889
vn 0.4293 0.8909 -0.1487
vn -0.2821 0.5299 -0.7998
vn -0.3207 0.8707 -0.3729
vn 0.0691 0.3386 -0.9384
vn 0.4293 0.8908 -0.1487
vn 0.7186 0.5647 -0.4059
vn 0.4123 0.4746 -0.7777
vn -0.3207 0.8707 -0.3730
vn -0.6262 0.7743 0.0914
vn 0.6416 0.7539 -0.1415
vn -0.4630 0.7394 -0.4888
vn -0.4631 0.7393 -0.4888
vn 0.8548 0.2011 0.4785
vn 0.7132 0.5058 0.4853
vn -0.5464 0.5312 0.6475
vn -0.7078 0.7029 -0.0701
vn 0.6107 0.7918 -0.0125
vn 0.1119 0.7297 0.6746
vn 0.4915 0.6022 0.6291
vn -0.0039 0.2610 0.9653
vn 0.8796 0.0263 0.4750
vn 0.4915 0.6022 0.6292
vn -0.3712 0.7601 0.5334
vn 0.4601 0.8858 0.0606
vn 0.1195 0.9631 0.2410
vn 0.9644 0.2381 0.1152
vn 0.1195 0.9632 0.2409
vn 0.4602 0.8858 0.0605
vn -0.1481 0.4765 -0.8666
vn -0.4513 0.7271 -0.5173
vn 0.3576 0.9298 0.0867
vn -0.5769 0.8066 -0.1285
vn 0.3577 0.9298 0.0867
vn -0.4513 0.7271 -0.5174
vn -0.4201 0.9075 -0.0012
vn -0.1263 0.6266 -0.7690
vn -0.1481 0.4764 -0.8666
vn 0.3576 0.9298 0.0866
vn -0.1263 0.6266 -0.7691
vn 0.6044 0.7341 -0.3096
vn 0.2359 0.7376 -0.6327
vn -0.4201 0.9075 -0.0013
vn 0.2360 0.7376 -0.6327
vn -0.6264 0.6372 0.4490
vn 0.5726 0.8198 0.0118
vn -0.5769 0.8066 -0.1284
vn -0.5770 0.8066 -0.1285
vn 0.5725 0.8198 0.0117
vn -0.7347 0.6136 0.2892
vn 0.5657 0.8110 0.1492
vn 0.5656 0.8111 0.1492
vn -0.2907 0.5078 0.8110
vn 0.4285 0.8611 0.2738
vn 0.1262 0.8420 0.5245
vn 0.9585 0.2841 0.0233
vn 0.4284 0.8611 0.2737
vn 0.2185 0.5333 -0.8172
vn -0.1077 0.8366 -0.5372
vn 0.5174 0.8084 0.2806
vn -0.3185 0.9286 -0.1901
vn 0.5175 0.8084 0.2806
vn -0.1077 0.8366 -0.5371
vn -0.1864 0.9824 -0.0152
vn 0.2446 0.6694 -0.7015
vn 0.2185 0.5334 -0.8171
vn 0.8170 0.5742 -0.0535
vn 0.5676 0.6818 -0.4614
vn -0.1864 0.9824 -0.0151
vn -0.1863 0.9824 -0.0152
vn 0.5676 0.6818 -0.4615
vn -0.5687 0.7532 0.3306
vn 0.7142 0.6519 0.2547
vn -0.3185 0.9286 -0.1902
vn 0.7143 0.6519 0.2548
vn -0.6290 0.7636 0.1460
vn 0.6663 0.6395 0.3835
vn 0.6663 0.6394 0.3836
vn -0.3893 0.5301 0.7533
vn 0.5141 0.7167 0.4712
vn 0.1563 0.7625 0.6278
vn 0.9496 0.0375 0.3112
vn 0.1563 0.7626 0.6277
vn -0.7372 0.1876 -0.6491
vn -0.1940 0.9054 -0.3776
vn 0.4407 -0.1609 -0.8831
vn 0.7374 0.5985 0.3132
vn -0.8253 0.0883 -0.5578
vn -0.3604 0.8729 -0.3289
vn 0.3554 -0.0867 -0.9307
vn 0.6773 0.6935 0.2455
vn -0.3605 0.8729 -0.3289
vn -0.9106 -0.0165 -0.4129
vn -0.4987 0.8188 -0.2842
vn 0.2041 -0.0891 -0.9749
vn 0.6325 0.7665 0.1115
vn -0.4987 0.8189 -0.2842
vn -0.1338 0.5860 0.7992
vn -0.1141 0.9433 -0.3117
vn -0.5944 0.4835 0.6426
vn -0.9517 0.2706 -0.1449
vn -0.5943 0.4835 0.6427
vn 0.6374 0.2497 -0.7289
vn -0.6459 0.4236 -0.6351
vn -0.0743 0.8371 -0.5419
vn -0.7928 0.5004 -0.3479
vn -0.6459 0.4236 -0.6350
vn -0.1412 0.3632 0.9210
vn -0.0143 0.9404 -0.3398
vn -0.1412 0.3631 0.9210
vn 0.0371 0.8512 -0.5236
vn -0.5007 0.0564 -0.8638
vn 0.4330 0.8015 0.4124
vn -0.0143 0.9404 -0.3399
vn 0.9098 0.4033 0.0981
vn 0.4331 0.8015 0.4123
vn 0.7383 0.6516 -0.1743
vn 0.6235 0.6458 -0.4408
vn -0.5006 0.0564 -0.8638
vn 0.6235 0.6457 -0.4408
vn -0.5296 -0.0194 -0.8480
vn 0.8848 -0.0189 -0.4657
vn 0.6234 0.6458 -0.4408
vn -0.9517 0.2707 -0.1449
vn -0.7928 0.5005 -0.3478
vn -0.7929 0.5004 -0.3478
vn -0.0743 0.8372 -0.5419
vn -0.0144 0.9404 -0.3398
vn 0.7383 0.6516 -0.1744
vn -0.8326 0.3437 -0.4344
vn -0.2904 0.8102 0.5091
vn 0.4412 0.4574 -0.7721
vn 0.6455 0.7129 0.2741
vn 0.4411 0.4574 -0.7721
vn -0.2906 0.8102 0.5090
vn 0.0567 0.5792 0.8132
vn 0.0034 0.9571 -0.2897
vn -0.4294 0.5552 0.7123
vn -0.9061 0.4222 -0.0281
vn -0.4295 0.5552 0.7123
vn 0.5795 0.1637 -0.7984
vn -0.6392 0.5371 -0.5504
vn -0.0016 0.8519 -0.5237
vn -0.7372 0.6289 -0.2471
vn -0.6393 0.5370 -0.5504
vn 0.5008 0.1347 -0.8550
vn 0.0568 0.5792 0.8132
vn 0.0280 0.3572 0.9336
vn 0.0974 0.9391 -0.3297
vn 0.0280 0.3574 0.9335
vn 0.1120 0.8476 -0.5188
vn -0.5827 0.1574 -0.7973
vn 0.0280 0.3573 0.9336
vn 0.6017 0.7116 0.3627
vn 0.0975 0.9391 -0.3296
vn 0.9680 0.2509 -0.0089
vn 0.0974 0.9391 -0.3296
vn 0.6017 0.7117 0.3627
vn 0.8079 0.5302 -0.2573
vn 0.6632 0.5495 -0.5081
vn 0.1120 0.8476 -0.5187
vn -0.5828 0.1574 -0.7973
vn 0.1120 0.8475 -0.5188
vn 0.6632 0.5495 -0.5082
vn 0.6633 0.5495 -0.5081
vn -0.6215 0.0868 -0.7786
vn 0.8095 -0.1474 -0.5683
vn -0.6215 0.0867 -0.7786
vn -0.9061 0.4222 -0.0282
vn -0.7372 0.6288 -0.2472
vn 0.8079 0.5302 -0.2572
vn 0.8079 0.5301 -0.2573
vn -0.7084 0.2112 -0.6735
vn -0.2897 0.9442 0.1565
vn 0.6090 0.1562 -0.7777
vn 0.6581 0.7378 0.1502
vn 0.6089 0.1561 -0.7777
vn -0.2897 0.9443 0.1564
vn 0.1181 0.8152 0.5670
vn 0.1775 0.7815 -0.5981
vn -0.3602 0.8267 0.4323
vn -0.8198 0.5095 -0.2615
vn 0.6331 -0.2140 -0.7439
vn -0.5148 0.3927 -0.7621
vn 0.1650 0.6022 -0.7811
vn -0.6091 0.5989 -0.5200
vn -0.5149 0.3927 -0.7621
vn 0.0471 0.6568 0.7526
vn 0.1775 0.7816 -0.5981
vn 0.2687 0.7373 -0.6198
vn 0.0470 0.6569 0.7525
vn 0.2759 0.5837 -0.7637
vn -0.5125 -0.0538 -0.8570
vn 0.1650 0.6021 -0.7812
vn 0.6967 0.7004 0.1553
vn 0.2688 0.7373 -0.6198
vn 0.9959 0.0907 0.0026
vn 0.6967 0.7003 0.1552
vn 0.8962 0.2837 -0.3411
vn 0.7680 0.2334 -0.5965
vn 0.7680 0.2333 -0.5965
vn -0.8198 0.5094 -0.2616
vn -0.6091 0.5988 -0.5200
vn 0.1650 0.6021 -0.7811
vn -0.6090 0.5988 -0.5201
vn 0.1650 0.6022 -0.7812
vn 0.9959 0.0906 0.0026
vn 0.8962 0.2836 -0.3411
vn -0.5771 0.7326 -0.3608
vn -0.3076 0.5490 0.7772
vn 0.7376 0.5938 -0.3214
vn 0.6253 0.2881 0.7253
vn 0.7376 0.5938 -0.3215
vn -0.3075 0.5490 0.7772
vn -0.7070 -0.1483 -0.6915
vn -0.8633 0.4482 0.2319
vn -0.1962 0.5070 -0.8393
vn 0.6370 0.7058 0.3099
vn -0.1042 0.9940 -0.0327
vn -0.3301 0.8054 0.4924
vn 0.0000 0.9021 0.4316
vn -0.0000 0.9999 -0.0143
vn -0.7543 0.4023 -0.5188
vn -0.8427 0.4354 -0.3165
vn -0.3301 0.8053 0.4924
vn -0.3300 0.8054 0.4924
vn -0.6825 0.6915 -0.2368
vn -0.0880 0.7419 -0.6648
vn -0.3366 0.2556 -0.9063
vn 0.0000 0.3821 -0.9241
vn -0.0881 0.7418 -0.6648
vn -0.0880 0.7419 -0.6647
vn -0.0000 0.7394 -0.6733
vn 0.0000 0.9248 -0.3803
vn -0.7777 0.5838 -0.2333
vn 0.0000 0.9999 -0.0142
vn -0.6825 0.6914 -0.2369
vn -0.7544 0.4023 -0.5187
vn 0.0000 0.9249 -0.3803
vn 0.0000 0.7394 -0.6732
vn 0.1042 0.9940 -0.0327
vn 0.3301 0.8053 0.4924
vn 0.7543 0.4023 -0.5188
vn 0.8427 0.4354 -0.3165
vn 0.3300 0.8054 0.4924
vn 0.6825 0.6915 -0.2368
vn 0.3366 0.2556 -0.9063
vn 0.0880 0.7419 -0.6648
vn 0.0881 0.7419 -0.6648
vn 0.0880 0.7419 -0.6647
vn 0.7777 0.5838 -0.2333
vn 0.6825 0.6914 -0.2369
vn 0.7544 0.4023 -0.5187
vn 0.7616 0.1191 -0.6370
vn 0.7233 0.6158 0.3124
vn 0.7130 0.1149 -0.6917
vn 0.7233 0.6159 0.3124
vn 0.9529 0.2592 -0.1577
vn -0.6905 0.7132 -0.1205
vn 0.6852 0.6998 -0.2022
vn 0.1966 0.9539 0.2267
vn -0.8032 0.5875 0.0980
vn 0.3683 0.7891 -0.4916
vn 0.6852 0.6997 -0.2022
vn -0.7659 0.5231 -0.3739
vn 0.2863 0.5740 -0.7671
vn 0.3683 0.7891 -0.4915
vn -0.7659 0.5231 -0.3738
vn -0.7969 0.3261 -0.5086
vn 0.2863 0.5740 -0.7672
vn -0.8968 0.4038 0.1806
vn -0.8032 0.5876 0.0981
vn 0.0000 0.9692 -0.2463
vn 0.7633 0.6183 -0.1871
vn 0.5897 0.8029 0.0867
vn 0.5897 0.8030 0.0867
vn -0.0000 0.9855 0.1696
vn -0.8304 0.5490 -0.0946
vn -0.8194 0.5678 0.0790
vn 0.2864 0.9374 0.1984
vn -0.0000 0.8719 -0.4897
vn 0.7436 0.5437 -0.3892
vn 0.7633 0.6184 -0.1871
vn 0.7633 0.6183 -0.1872
vn 0.0000 0.9692 -0.2464
vn 0.3943 0.7725 -0.4978
vn -0.7594 0.5596 -0.3320
vn -0.8304 0.5490 -0.0945
vn -0.0000 0.6660 -0.7460
vn 0.6323 0.4247 -0.6479
vn 0.7438 0.5420 -0.3911
vn 0.0000 0.6660 -0.7459
vn 0.1937 0.5583 -0.8067
vn -0.7784 0.4030 -0.4813
vn 0.5897 0.8029 0.0866
vn 0.5467 0.7411 0.3897
vn 0.5467 0.7411 0.3898
vn -0.0000 0.6962 0.7178
vn -0.8993 0.3578 0.2516
vn 0.4742 0.7240 0.5010
vn 0.3060 0.2792 -0.9102
vn 0.8625 0.1535 -0.4821
vn 0.6960 0.5013 -0.5140
vn -0.1964 0.2318 -0.9527
vn -0.0552 0.5412 -0.8391
vn -0.8010 0.2797 -0.5294
vn -0.8010 0.2796 -0.5294
vn -0.6458 0.0565 -0.7614
vn -0.1964 0.2319 -0.9527
vn -0.4882 0.5283 0.6947
vn -0.0432 0.3248 0.9448
vn -0.2337 -0.0007 0.9723
vn -0.2336 -0.0008 0.9723
vn -0.4890 -0.2728 0.8285
vn 0.9056 0.3936 0.1578
vn 0.8974 0.4121 0.1576
vn 0.8804 0.4596 -0.1168
vn 0.6961 0.5013 -0.5140
vn 0.9056 0.3936 0.1577
vn -0.6903 0.4142 -0.5933
vn -0.9703 0.2310 -0.0720
vn -0.9050 0.4254 -0.0082
vn -0.9796 0.1815 -0.0861
vn 0.8711 0.3934 0.2941
vn 0.9830 0.1276 0.1317
vn 0.9545 0.2235 0.1974
vn -0.0928 0.9746 0.2040
vn 0.8798 0.4722 -0.0547
vn -0.2019 0.9627 -0.1804
vn 0.8916 0.4196 -0.1701
vn -0.2019 0.9626 -0.1805
vn 0.3336 0.6667 0.6665
vn 0.8710 0.3934 0.2941
vn 0.6905 0.7132 -0.1204
vn -0.1967 0.9539 0.2267
vn -0.6852 0.6998 -0.2022
vn 0.6905 0.7132 -0.1205
vn 0.8032 0.5876 0.0980
vn -0.3683 0.7891 -0.4916
vn -0.6852 0.6997 -0.2022
vn 0.7659 0.5231 -0.3738
vn -0.2863 0.5740 -0.7671
vn 0.7659 0.5231 -0.3739
vn -0.3683 0.7891 -0.4915
vn -0.2863 0.5740 -0.7672
vn 0.7969 0.3261 -0.5086
vn -0.1967 0.9539 0.2266
vn 0.8968 0.4038 0.1805
vn -0.3304 0.7461 0.5781
vn 0.8968 0.4038 0.1806
vn -0.1966 0.9539 0.2267
vn 0.8032 0.5875 0.0981
vn -0.5897 0.8029 0.0867
vn -0.7633 0.6183 -0.1871
vn 0.8304 0.5490 -0.0946
vn -0.2864 0.9374 0.1984
vn 0.8194 0.5678 0.0790
vn -0.7633 0.6183 -0.1872
vn -0.7436 0.5437 -0.3892
vn -0.3943 0.7725 -0.4978
vn 0.8304 0.5490 -0.0945
vn 0.7594 0.5596 -0.3320
vn -0.6323 0.4247 -0.6479
vn -0.7436 0.5437 -0.3891
vn 0.7594 0.5595 -0.3320
vn -0.1937 0.5583 -0.8067
vn 0.7784 0.4030 -0.4813
vn -0.5467 0.7411 0.3897
vn -0.5897 0.8029 0.0866
vn -0.5467 0.7411 0.3898
vn -0.4743 0.7240 0.5009
vn -0.2863 0.9374 0.1983
vn -0.4742 0.7240 0.5010
vn 0.8993 0.3578 0.2516
vn 0.1964 0.2318 -0.9527
vn 0.8010 0.2797 -0.5294
vn 0.0552 0.5412 -0.8391
vn 0.8010 0.2796 -0.5294
vn 0.1964 0.2319 -0.9527
vn 0.6458 0.0565 -0.7614
vn 0.4882 0.5283 0.6947
vn 0.2337 -0.0007 0.9723
vn 0.0432 0.3248 0.9448
vn -0.9056 0.3936 0.1578
vn -0.8804 0.4596 -0.1168
vn -0.8974 0.4121 0.1576
vn -0.9056 0.3936 0.1577
vn -0.6961 0.5013 -0.5140
vn 0.6903 0.4142 -0.5933
vn 0.9050 0.4254 -0.0082
vn 0.9703 0.2310 -0.0720
vn 0.9796 0.1815 -0.0861
vn 0.0000 0.9796 -0.2011
vn -0.4095 0.8974 -0.1640
vn 0.0000 0.9821 0.1883
vn -0.4097 0.9049 -0.1150
vn -0.4097 0.9049 -0.1149
vn -0.5351 0.8444 0.0255
vn -0.5351 0.8444 0.0254
vn -0.5633 0.8100 0.1629
vn -0.5634 0.8100 0.1628
vn -0.4755 0.8228 0.3112
vn -0.4071 0.7998 0.4411
vn -0.4070 0.7999 0.4411
vn -0.4078 0.7745 0.4836
vn 0.0000 0.8362 0.5484
vn -0.4895 0.7405 -0.4605
vn -0.4095 0.8975 -0.1639
vn 0.0001 0.9796 -0.2010
vn 0.0000 0.9796 -0.2010
vn -0.0000 0.7765 -0.6301
vn -0.6091 0.7207 -0.3311
vn -0.4095 0.8975 -0.1640
vn -0.7507 0.6530 -0.1005
vn -0.7507 0.6530 -0.1004
vn -0.5018 0.4603 -0.7323
vn 0.0000 0.4005 -0.9163
vn -0.7590 0.3350 -0.5583
vn -0.6091 0.7206 -0.3311
vn -0.4895 0.7405 -0.4606
vn -0.5018 0.4603 -0.7324
vn -0.6479 0.0814 -0.7573
vn -0.7404 0.2726 -0.6144
vn -0.4289 0.1999 -0.8809
vn 0.4095 0.8974 -0.1640
vn 0.4095 0.8974 -0.1639
vn 0.4097 0.9049 -0.1150
vn 0.4097 0.9049 -0.1149
vn 0.5351 0.8444 0.0255
vn 0.5351 0.8444 0.0254
vn 0.5633 0.8100 0.1629
vn 0.5633 0.8100 0.1628
vn 0.4755 0.8228 0.3112
vn 0.4070 0.7999 0.4410
vn 0.4070 0.7999 0.4411
vn 0.4078 0.7745 0.4836
vn 0.4079 0.7745 0.4836
vn 0.0001 0.8362 0.5484
vn 0.4895 0.7405 -0.4605
vn 0.6091 0.7207 -0.3311
vn 0.7507 0.6530 -0.1004
vn 0.5634 0.8100 0.1628
vn 0.8420 0.5348 0.0713
vn 0.7295 0.6067 0.3156
vn 0.7296 0.6067 0.3157
vn 0.8419 0.5348 0.0713
vn 0.5634 0.8100 0.1629
vn 0.4071 0.7999 0.4410
vn 0.5908 0.5372 0.6020
vn 0.7295 0.6067 0.3157
vn 0.5018 0.4603 -0.7323
vn 0.5018 0.4604 -0.7323
vn 0.6091 0.7206 -0.3311
vn 0.7590 0.3350 -0.5583
vn 0.7590 0.3351 -0.5583
vn 0.9125 0.3544 -0.2041
vn 0.4289 0.1999 -0.8809
vn 0.7404 0.2726 -0.6144
vn 0.6479 0.0814 -0.7573
vn 0.5230 0.7841 0.3342
vn 0.3745 0.7141 0.5914
vn -0.3563 0.8319 -0.4254
vn -0.3563 0.8319 -0.4255
vn -0.6219 0.7219 -0.3035
vn -0.7447 0.6673 0.0126
vn 0.2280 0.9695 -0.0899
vn 0.2280 0.9695 -0.0898
vn 0.5230 0.7841 0.3343
vn -0.0957 0.9396 -0.3287
vn 0.8686 0.2904 -0.4015
vn 0.5843 0.2679 -0.7661
vn 0.1684 0.9783 0.1208
vn 0.3078 0.7213 0.6205
vn 0.4492 0.7406 0.4997
vn 0.4492 0.7406 0.4998
vn 0.2996 0.9539 0.0151
vn 0.1613 0.7573 0.6328
vn 0.1043 0.9706 0.2169
vn 0.1614 0.7573 0.6328
vn -0.1514 0.7457 -0.6488
vn -0.2008 0.6798 -0.7053
vn 0.1044 0.9706 0.2169
vn -0.2009 0.6798 -0.7053
vn -0.2572 0.6984 -0.6679
vn -0.0069 0.9055 0.4243
vn -0.0068 0.9055 0.4243
vn -0.2009 0.6799 -0.7053
vn 0.1512 0.5624 0.8129
vn -0.1962 0.9512 -0.2382
vn -0.3283 0.7586 0.5628
vn -0.2571 0.6984 -0.6679
vn 0.2281 0.9695 -0.0898
vn -0.6625 0.6171 0.4246
vn -0.1962 0.9512 -0.2383
vn 0.2281 0.9695 -0.0899
vn 0.0602 0.5637 -0.8238
vn -0.1372 0.7354 -0.6636
vn 0.2237 0.9569 0.1850
vn 0.2542 0.8523 0.4571
vn 0.0602 0.5636 -0.8238
vn -0.0599 0.9981 0.0166
vn 0.2519 0.8926 -0.3739
vn 0.9195 0.3796 -0.1025
vn 0.9194 0.3796 -0.1025
vn -0.1823 0.6723 -0.7175
vn 0.6253 0.7796 0.0364
vn 0.2519 0.8926 -0.3740
vn -0.1824 0.6723 -0.7175
vn 0.9483 0.3089 0.0730
vn 0.9194 0.3796 -0.1024
vn 0.2183 0.9073 0.3595
vn 0.2238 0.9569 0.1850
vn -0.1371 0.7354 -0.6636
vn -0.1507 0.8222 -0.5489
vn 0.2184 0.9072 0.3595
vn -0.1506 0.8222 -0.5489
vn 0.6896 0.4894 0.5337
vn 0.6897 0.4894 0.5337
vn 0.2997 0.9539 0.0151
vn -0.1027 0.2846 -0.9531
vn -0.4300 0.3412 -0.8359
vn -0.1046 0.7849 -0.6108
vn -0.2592 0.5634 -0.7845
vn 0.2401 0.8906 0.3863
vn 0.2400 0.8906 0.3863
vn 0.3371 0.7132 0.6145
vn 0.3603 0.8685 0.3405
vn 0.0194 0.5776 -0.8161
vn -0.1046 0.7848 -0.6108
vn 0.3372 0.7133 0.6145
vn -0.1575 0.7615 -0.6287
vn 0.3210 0.7883 0.5249
vn -0.0849 0.9050 0.4168
vn 0.3210 0.7883 0.5248
vn -0.1575 0.7616 -0.6287
vn -0.6995 0.5101 -0.5006
vn -0.8631 0.4100 0.2949
vn -0.0848 0.9050 0.4168
vn -0.6994 0.5101 -0.5006
vn 0.3603 0.8685 0.3404
vn 0.8712 0.4790 0.1074
vn 0.6312 0.5876 -0.5063
vn 0.6311 0.5876 -0.5064
vn 0.0194 0.5777 -0.8160
vn 0.8570 0.4770 -0.1952
vn 0.9551 0.1637 -0.2468
vn 0.8253 0.3948 -0.4038
vn 0.8141 0.5027 -0.2907
vn 0.9053 0.4237 0.0289
vn 0.3538 0.1583 0.9218
vn -0.0755 0.2861 0.9552
vn 0.4696 -0.2062 0.8585
vn -0.4758 -0.4143 0.7759
vn -0.5954 0.2863 -0.7507
vn -0.2865 0.0128 -0.9580
vn -0.2047 0.1329 -0.9698
vn -0.7570 0.1357 -0.6391
vn -0.8757 0.1335 -0.4639
vn -0.3905 0.1565 -0.9072
vn -0.2233 -0.0784 -0.9716
vn -0.5156 0.1041 -0.8505
vn 0.1909 0.0827 -0.9781
vn -0.1209 0.8483 0.5156
vn 0.0781 0.6605 0.7467
vn -0.3346 0.6606 0.6720
vn 0.3019 0.5967 0.7435
vn 0.3629 0.6050 0.7087
vn 0.0781 0.6605 0.7468
vn 0.6665 0.5282 0.5261
vn 0.5306 0.4189 0.7369
vn 0.4855 0.5861 0.6486
vn 0.5102 0.7188 0.4722
vn 0.4283 0.3774 0.8210
vn 0.4856 0.5861 0.6486
vn 0.7404 0.0837 0.6669
vn -0.1391 0.1600 -0.9773
vn 0.0239 0.0563 -0.9981
vn -0.0054 0.2779 -0.9606
vn -0.0365 -0.1051 -0.9938
vn 0.0754 -0.0148 -0.9970
vn 0.3701 0.4986 0.7838
vn -0.0795 0.3206 0.9439
vn 0.0208 0.5260 0.8502
vn 0.4521 0.5818 0.6761
vn 0.6742 0.0931 -0.7327
vn 0.3696 -0.0796 -0.9258
vn 0.1671 0.1680 -0.9715
vn 0.1671 0.1681 -0.9715
vn -0.0602 0.1541 -0.9862
vn -0.2216 0.3985 -0.8900
vn -0.5974 0.2683 -0.7558
vn -0.1026 0.2846 -0.9531
vn -0.5775 0.4393 -0.6881
vn -0.6486 0.4216 -0.6338
vn -0.8017 0.4458 -0.3982
vn -0.3194 0.9249 -0.2062
vn -0.1683 0.9541 0.2476
vn -0.2306 0.9729 0.0161
vn -0.2305 0.9729 0.0161
vn -0.2686 0.9590 0.0906
vn -0.3193 0.9249 -0.2062
vn 0.1371 0.9902 -0.0256
vn 0.0787 0.9950 0.0621
vn 0.0788 0.9950 0.0621
vn -0.2686 0.9590 0.0905
vn 0.0788 0.9950 0.0622
vn 0.3976 0.9172 -0.0253
vn 0.3975 0.9172 -0.0253
vn 0.5273 0.8466 0.0719
vn 0.7870 0.6132 -0.0685
vn 0.9836 0.1711 -0.0568
vn -0.6260 0.6425 -0.4420
vn -0.3180 0.5450 -0.7758
vn -0.3963 0.6055 0.6902
vn -0.0877 0.6229 0.7773
vn -0.0297 0.9544 -0.2970
vn -0.0298 0.9544 -0.2971
vn -0.2691 0.9589 0.0904
vn -0.0877 0.6229 0.7774
vn 0.0970 0.8481 0.5208
vn 0.0787 0.9950 0.0622
vn 0.5398 0.7472 -0.3877
vn 0.4343 0.8201 0.3727
vn 0.0970 0.8481 0.5209
vn 0.4344 0.8200 0.3727
vn 0.5974 0.2971 -0.7449
vn 0.4343 0.8200 0.3727
vn 0.7662 0.4368 0.4713
vn -0.2211 0.7652 -0.6046
vn -0.4547 0.5978 0.6602
vn 0.3674 0.6890 -0.6247
vn -0.0661 0.5061 -0.8599
vn -0.1647 0.9630 0.2132
vn -0.1647 0.9630 0.2133
vn 0.6215 0.7250 -0.2968
vn 0.3674 0.6891 -0.6246
vn -0.0324 0.6513 -0.7582
vn 0.5310 0.8383 -0.1239
vn -0.0324 0.6512 -0.7582
vn -0.3105 0.8026 -0.5094
vn -0.5521 0.8296 -0.0839
vn 0.5310 0.8383 -0.1238
vn 0.5309 0.8383 -0.1238
vn -0.0324 0.6513 -0.7581
vn -0.4064 0.8890 0.2109
vn 0.8267 0.5135 0.2302
vn 0.6215 0.7250 -0.2969
vn -0.4063 0.8891 0.2109
vn -0.3573 0.8705 0.3384
vn 0.8732 0.4854 0.0434
vn 0.5309 0.8383 -0.1239
vn -0.5521 0.8295 -0.0839
vn -0.1815 0.8929 0.4121
vn 0.6089 0.4089 0.6797
vn 0.1784 0.8157 0.5502
vn 0.1785 0.8157 0.5502
vn -0.8454 0.4128 0.3391
vn -0.0295 0.4698 -0.8823
vn 0.2025 0.9682 0.1472
vn 0.6398 0.7683 0.0209
vn 0.6398 0.7682 0.0209
vn 0.8854 0.0606 -0.4609
vn 0.2509 0.8887 0.3837
vn -0.1317 0.4523 -0.8821
vn 0.2510 0.8887 0.3837
vn -0.4372 0.8831 -0.1704
vn -0.1317 0.4524 -0.8821
vn -0.9171 0.3969 -0.0370
vn -0.4372 0.8831 -0.1705
vn 0.5388 0.6144 0.5764
vn 0.6146 0.5115 -0.6005
vn -0.6727 0.6595 -0.3355
vn -0.6727 0.6595 -0.3354
vn -0.4174 0.5481 0.7248
vn 0.2665 0.8796 -0.3941
vn -0.1716 0.7405 -0.6498
vn -0.2115 0.8297 0.5166
vn 0.5440 0.8346 -0.0869
vn 0.2666 0.8796 -0.3941
vn -0.1395 0.8492 -0.5094
vn 0.4607 0.8797 0.1180
vn -0.2114 0.8297 0.5167
vn -0.1716 0.7404 -0.6499
vn -0.1395 0.8491 -0.5095
vn -0.4056 0.8896 -0.2100
vn -0.6123 0.7608 0.2152
vn 0.4606 0.8797 0.1180
vn 0.6244 0.2268 -0.7475
vn -0.2344 0.3162 -0.9193
vn -0.4470 0.7385 0.5048
vn 0.8061 0.4891 0.3331
vn -0.4469 0.7386 0.5048
vn -0.3863 0.6858 0.6168
vn 0.8388 0.5248 0.1447
vn -0.6122 0.7608 0.2152
vn -0.2069 0.6999 0.6836
vn 0.6341 0.2304 0.7382
vn 0.1677 0.6166 0.7692
vn -0.8403 0.2083 0.5004
vn -0.1300 0.9813 -0.1421
vn 0.1988 0.4755 0.8570
vn 0.6241 0.4994 0.6009
vn 0.8313 0.4885 -0.2652
vn -0.1299 0.9813 -0.1421
vn 0.4023 0.6430 -0.6517
vn -0.8170 0.2116 -0.5365
vn -0.1997 0.9045 -0.3768
vn 0.5926 0.7061 -0.3876
vn 0.4023 0.6429 -0.6517
vn -0.7608 0.1951 -0.6190
vn -0.8170 0.2116 -0.5364
vn 0.4910 0.2811 -0.8246
vn -0.7607 0.1951 -0.6190
vn 0.2730 0.2439 0.9306
vn -0.2312 0.9611 -0.1513
vn 0.2790 0.2912 -0.9151
vn -0.3050 0.8912 -0.3358
vn 0.2789 0.2912 -0.9151
vn -0.4690 0.6183 0.6307
vn 0.2729 0.2440 0.9306
vn -0.2313 0.9610 -0.1512
vn -0.2312 0.9611 -0.1512
vn -0.9232 0.1779 0.3406
vn -0.4689 0.6183 0.6307
vn -0.8116 0.5539 -0.1860
vn -0.8638 0.4950 0.0934
vn -0.3050 0.8912 -0.3357
vn 0.2789 0.2913 -0.9151
vn -0.8116 0.5539 -0.1859
vn 0.3239 0.2220 -0.9197
vn -0.9474 -0.1402 -0.2877
vn -0.8116 0.5538 -0.1860
vn 0.5927 0.7061 -0.3875
vn -0.1998 0.9045 -0.3768
vn -0.8639 0.4950 0.0934
vn -0.9232 0.1778 0.3406
vn -0.2313 0.9611 -0.1513
vn -0.1594 0.3848 0.9091
vn 0.5736 0.7261 0.3790
vn 0.2874 0.9429 0.1681
vn -0.3767 0.8537 0.3595
vn -0.5732 0.5066 0.6441
vn 0.4995 0.6464 0.5768
vn -0.1647 0.9815 -0.0979
vn 0.2874 0.9429 0.1682
vn 0.6060 0.6074 -0.5137
vn -0.2541 0.7899 -0.5582
vn -0.3289 0.7764 -0.5376
vn -0.1233 0.9893 0.0775
vn -0.9171 0.3907 -0.0794
vn -0.1233 0.9893 0.0776
vn -0.9171 0.3907 -0.0795
vn 0.6059 0.6073 -0.5138
vn 0.5145 0.5055 -0.6926
vn 0.5145 0.5056 -0.6926
vn -0.2493 0.5527 -0.7952
vn -0.2540 0.7899 -0.5582
vn -0.4027 0.5341 -0.7434
vn -0.9271 0.3220 -0.1917
vn -0.9171 0.3908 -0.0794
vn -0.9271 0.3219 -0.1917
vn 0.3633 0.8715 0.3294
vn 0.6073 0.7877 -0.1036
vn -0.7269 0.6845 -0.0556
vn -0.3896 0.7441 0.5428
vn 0.3633 0.8715 0.3295
vn 0.0845 0.9962 -0.0221
vn -0.6424 0.7139 0.2785
vn -0.7268 0.6846 -0.0556
vn 0.6074 0.7876 -0.1036
vn 0.0846 0.9962 -0.0222
vn 0.3223 0.8157 -0.4804
vn -0.4978 0.7165 -0.4886
vn -0.6424 0.7140 0.2785
vn 0.0845 0.9962 -0.0222
vn -0.6489 0.4624 -0.6042
vn -0.5136 0.5919 0.6212
vn -0.3895 0.7441 0.5428
vn -0.6489 0.4625 -0.6042
vn -0.6513 0.5429 -0.5302
vn -0.4989 0.5071 0.7028
vn -0.4990 0.5072 0.7027
vn -0.7496 0.6393 0.1715
vn -0.6460 0.7552 0.1116
vn 0.1271 0.5465 0.8278
vn 0.1271 0.5464 0.8278
vn -0.3801 0.8299 -0.4084
vn -0.3802 0.8298 -0.4085
vn 0.1270 0.5465 0.8278
vn 0.0083 0.7167 0.6974
vn 0.0084 0.7167 0.6973
vn -0.2405 0.9143 -0.3258
vn -0.3801 0.8299 -0.4085
vn -0.0656 0.6097 -0.7899
vn -0.7461 0.6149 -0.2553
vn -0.5941 0.7529 0.2832
vn -0.5653 0.5110 0.6475
vn -0.0660 0.8386 -0.5407
vn -0.0655 0.6097 -0.7899
vn -0.0592 0.7990 0.5984
vn 0.8325 0.4571 0.3130
vn 0.7903 0.6100 -0.0584
vn -0.0446 0.9543 -0.2956
vn -0.0446 0.9543 -0.2957
vn 0.3795 0.7703 0.5125
vn 0.8325 0.4572 0.3129
vn 0.7328 0.6317 -0.2529
vn -0.2768 0.8574 0.4340
vn -0.0445 0.9543 -0.2957
vn 0.6365 0.5402 -0.5505
vn 0.3380 0.7977 -0.4994
vn -0.2768 0.8573 0.4340
vn 0.6772 0.6327 -0.3756
vn -0.0835 0.4643 -0.8817
vn 0.0545 0.5295 0.8465
vn 0.0544 0.5296 0.8465
vn 0.8910 0.0045 0.4540
vn 0.6772 0.6328 -0.3756
vn -0.2406 0.9143 -0.3258
vn -0.2405 0.9143 -0.3259
vn 0.5161 0.8562 0.0259
vn -0.1000 0.7960 -0.5970
vn -0.2074 0.7804 0.5898
vn -0.1293 0.5137 0.8482
vn -0.8090 0.4712 0.3514
vn -0.6467 0.7522 -0.1264
vn -0.2187 0.7099 -0.6695
vn -0.1294 0.5136 0.8482
vn -0.2485 0.8296 0.5001
vn -0.1294 0.5137 0.8482
vn -0.2188 0.7099 -0.6695
vn -0.8041 0.5490 -0.2279
vn -0.2484 0.8296 0.5001
vn -0.6719 0.5934 0.4431
vn -0.8206 0.4008 -0.4074
vn -0.4719 0.7156 -0.5150
vn -0.1776 0.8056 0.5652
vn -0.1830 0.5674 -0.8028
vn -0.1829 0.5674 -0.8028
vn 0.3050 0.7120 0.6325
vn 0.5392 0.7168 -0.4421
vn 0.5588 0.5174 0.6481
vn 0.3051 0.7120 0.6325
vn 0.2886 0.6238 0.7263
vn 0.3312 0.1933 -0.9235
vn 0.6355 0.2393 0.7341
vn 0.5522 0.4198 -0.7203
vn 0.2886 0.6238 0.7264
vn 0.8680 0.2894 0.4034
vn 0.1057 0.5220 -0.8463
vn 0.5066 0.8505 0.1418
vn 0.7148 0.3329 -0.6150
vn -0.5175 0.5393 -0.6644
vn -0.5176 0.5393 -0.6643
vn -0.4308 0.4566 0.7784
vn 0.5065 0.8505 0.1418
vn -0.1345 0.7164 -0.6846
vn 0.1479 0.8884 0.4347
vn 0.5856 0.7782 0.2266
vn 0.5857 0.7782 0.2265
vn 0.8378 0.2811 -0.4680
vn -0.1345 0.7163 -0.6847
vn 0.2209 0.7441 0.6305
vn 0.1479 0.8884 0.4346
vn -0.2350 0.6905 -0.6841
vn 0.2210 0.7441 0.6305
vn -0.5089 0.8488 0.1437
vn -0.9419 0.3038 0.1435
vn -0.5088 0.8488 0.1437
vn 0.6033 0.3794 -0.7015
vn 0.6032 0.3795 -0.7015
vn -0.1910 0.5161 -0.8349
vn -0.2981 0.5246 -0.7975
vn -0.8736 0.4239 -0.2389
vn -0.9419 0.3037 0.1435
vn -0.2349 0.6905 -0.6841
vn -0.2981 0.5245 -0.7975
vn -0.8737 0.4239 -0.2388
vn 0.5450 0.6082 0.5771
vn 0.7052 0.6169 -0.3493
vn -0.5188 0.8294 -0.2070
vn -0.3841 -0.0683 0.9207
vn 0.5726 0.8151 -0.0884
vn 0.7762 0.0714 -0.6264
vn -0.4275 0.3347 -0.8398
vn -0.4317 0.7079 0.5590
vn 0.4196 0.5215 0.7430
vn 0.6313 0.7672 -0.1137
vn -0.5501 0.7681 0.3276
vn 0.9546 0.2172 -0.2041
vn -0.1458 0.8189 -0.5550
vn -0.1458 0.8190 -0.5550
vn 0.6313 0.7671 -0.1137
vn -0.1457 0.8189 -0.5551
vn 0.9546 0.2171 -0.2041
vn 0.8137 0.3735 -0.4453
vn 0.8137 0.3736 -0.4453
vn -0.5062 0.5418 -0.6710
vn -0.7763 0.5192 0.3574
vn -0.0000 0.7306 0.6828
vn -0.0000 0.9684 0.2493
vn -0.8523 0.5143 -0.0952
vn 0.0648 0.9719 0.2263
vn 0.0000 0.9684 0.2492
vn 0.0000 0.9532 -0.3025
vn -0.8523 0.5143 -0.0953
vn -0.4631 0.6383 -0.6149
vn -0.0000 0.5197 -0.8543
vn 0.7763 0.5192 0.3575
vn -0.0648 0.9719 0.2263
vn 0.8523 0.5143 -0.0952
vn 0.8523 0.5143 -0.0953
vn 0.4631 0.6383 -0.6149
vn 0.9679 0.2141 -0.1316
vn 0.8389 0.1104 -0.5330
vn -0.0000 0.0755 -0.9971
vn 0.1458 0.8191 -0.5548
vn -0.9546 0.2171 -0.2041
vn -0.6313 0.7671 -0.1137
vn -0.6313 0.7672 -0.1136
vn 0.5501 0.7681 0.3276
vn 0.1458 0.8190 -0.5550
vn -0.8137 0.3735 -0.4453
vn 0.1458 0.8189 -0.5551
vn 0.5062 0.5418 -0.6710
vn -0.8137 0.3736 -0.4453
vn 0.5582 0.7273 0.3992
vn 0.6918 0.2518 -0.6767
vn -0.5898 0.5632 -0.5787
vn -0.5898 0.5633 -0.5787
vn -0.4071 0.7766 0.4809
vn 0.5583 0.7273 0.3992
vn -0.6572 0.7408 0.1389
vn -0.3691 0.0373 0.9286
vn 0.5832 0.1649 0.7954
vn 0.6128 0.7560 -0.2299
vn 0.0500 0.0257 -0.9984
vn 0.0499 0.0257 -0.9984
vn -0.8163 -0.1310 -0.5626
vn -0.6696 0.6636 0.3336
vn -0.5877 0.7280 0.3529
vn -0.6281 0.7780 -0.0153
vn -0.9897 0.1394 0.0328
vn -1.0000 0.0006 -0.0033
vn -0.6551 0.6712 -0.3469
vn -0.9414 -0.0348 -0.3354
vn -0.6696 0.6636 0.3335
vn -1.0000 0.0006 -0.0034
vn 0.6372 0.7370 0.2256
vn 0.4214 0.2685 -0.8662
vn 0.1781 0.4747 -0.8620
vn 0.7460 0.5978 -0.2934
vn 0.8134 0.5809 -0.0307
vn 0.7795 0.6256 0.0303
vn 0.8007 0.5430 -0.2530
vn 0.6021 0.4026 -0.6894
vn 0.5456 0.4505 -0.7067
vn 0.6021 0.4027 -0.6894
vn 0.7633 0.6460 -0.0010
vn 0.7377 0.5951 0.3187
vn 0.7119 0.6130 0.3427
vn 0.7378 0.5951 0.3187
vn 0.7795 0.6257 0.0302
vn 0.7114 0.6144 -0.3412
vn 0.7795 0.6256 0.0302
vn 0.5455 0.4505 -0.7067
vn 0.7114 0.6143 -0.3412
vn 0.5349 0.4876 -0.6900
vn 0.7490 0.6626 0.0016
vn 0.7119 0.6130 0.3428
vn 0.6933 0.6338 0.3429
vn 0.7489 0.6626 0.0017
vn 0.6927 0.6352 -0.3415
vn 0.5349 0.4877 -0.6900
vn 0.6928 0.6352 -0.3415
vn 0.5150 0.5268 -0.6763
vn 0.7355 0.6775 0.0028
vn 0.6817 0.6509 0.3341
vn 0.6819 0.6535 -0.3285
vn 0.7490 0.6626 0.0017
vn 0.4996 0.5512 -0.6683
vn -0.0810 0.1003 -0.9917
vn -0.1035 0.1282 -0.9863
vn -0.0809 0.1003 -0.9917
vn 0.7341 0.6791 0.0044
vn 0.6829 0.6537 0.3260
vn 0.6819 0.6594 -0.3165
vn 0.4945 0.5646 -0.6609
vn -0.1157 0.1434 -0.9829
vn -0.1034 0.1282 -0.9863
vn 0.7295 0.6840 0.0091
vn 0.6810 0.6600 0.3173
vn 0.6819 0.6594 -0.3166
vn 0.6780 0.6699 -0.3025
vn 0.4945 0.5645 -0.6609
vn 0.4872 0.5358 -0.6896
vn -0.1157 0.1433 -0.9829
vn 0.4872 0.5357 -0.6896
vn -0.0824 0.1021 -0.9914
vn 0.7181 0.6958 0.0149
vn 0.6662 0.6466 0.3716
vn 0.7180 0.6958 0.0149
vn 0.6623 0.6562 -0.3617
vn 0.7295 0.6839 0.0091
vn 0.4872 0.5357 -0.6897
vn 0.4973 0.5211 -0.6936
vn 0.6781 0.6699 -0.3025
vn 0.2324 0.9130 -0.3354
vn -0.1007 0.6501 0.7531
vn 0.3284 0.9348 -0.1351
vn -0.0960 0.6547 -0.7497
vn 0.0723 0.9968 0.0328
vn 0.4054 0.8841 0.2326
vn 0.0723 0.9968 0.0329
vn -0.0960 0.6547 -0.7498
vn -0.5180 0.7818 -0.3469
vn -0.4360 0.5400 -0.7200
vn -0.5181 0.7818 -0.3469
vn -0.4359 0.5400 -0.7200
vn -0.5871 0.7272 -0.3557
vn 0.7479 0.1642 -0.6432
vn 0.7481 0.6539 -0.1134
vn 0.9240 0.1996 -0.3261
vn 0.1780 0.4747 -0.8620
vn 0.4053 0.8841 0.2327
vn 0.6371 0.7370 0.2256
vn -0.6281 0.7780 -0.0152
vn -0.5075 0.7945 0.3336
vn 0.2102 0.9777 -0.0034
vn -0.5878 0.7280 0.3529
vn 0.2102 0.9777 -0.0033
vn 0.5917 0.7835 -0.1899
vn 0.7481 0.6538 -0.1134
vn 0.5449 0.8224 0.1634
vn 0.8548 0.5116 0.0869
vn 0.3764 0.7462 -0.5491
vn 0.3285 0.7282 -0.6015
vn 0.3764 0.7462 -0.5492
vn 0.3283 0.9349 -0.1351
vn 0.6595 0.7466 -0.0869
vn 0.8196 0.5465 0.1722
vn 0.6328 0.6407 -0.4348
vn 0.8196 0.5464 0.1722
vn 0.8548 0.5116 0.0870
vn 0.8169 0.5739 -0.0572
vn 0.7154 0.6814 0.1546
vn 0.8169 0.5739 -0.0573
vn 0.7154 0.6814 0.1547
vn 0.6172 0.6391 0.4590
vn 0.2746 0.8113 0.5162
vn 0.3763 0.7462 -0.5492
vn 0.6172 0.6391 0.4589
vn 0.2746 0.8112 0.5162
vn 0.5536 0.8312 -0.0518
vn 0.2747 0.8112 0.5162
vn 0.6041 0.4760 0.6391
vn 0.7218 0.3745 -0.5820
vn -0.7833 0.5113 -0.3535
vn -0.9301 -0.3236 0.1737
vn -0.6828 0.0984 0.7240
vn -0.2699 0.8635 0.4261
vn -0.0950 0.8673 0.4887
vn -0.1954 0.8236 0.5325
vn -0.1722 0.6182 -0.7669
vn -0.1722 0.6183 -0.7669
vn -0.3073 0.3835 -0.8709
vn -0.1864 0.8731 -0.4505
vn 0.1231 0.6832 0.7197
vn -0.7833 0.5113 -0.3536
vn -0.2698 0.8635 0.4260
vn -0.2699 0.8635 0.4260
vn -0.0949 0.8673 0.4887
vn -0.3073 0.3834 -0.8709
vn 0.1231 0.6833 0.7197
vn 0.2097 0.7217 0.6597
vn 0.4721 0.6777 -0.5638
vn -0.7083 0.5556 0.4354
vn -0.6570 0.7064 0.2631
vn -0.7083 0.6710 -0.2193
vn -0.9880 0.1528 0.0236
vn -0.1985 0.6035 0.7723
vn -0.6571 0.7064 0.2631
vn -0.1745 0.7326 0.6579
vn -0.1745 0.7284 0.6625
vn -0.6570 0.7065 0.2631
vn -0.1746 0.7326 0.6579
vn -0.1797 0.7701 0.6121
vn -0.2140 0.9137 0.3455
vn -0.1745 0.7285 0.6625
vn -0.1796 0.7701 0.6121
vn -0.1718 0.9056 0.3879
vn -0.0490 0.7265 0.6854
vn -0.1719 0.9055 0.3879
vn 0.2466 0.4669 0.8492
vn -0.0490 0.7265 0.6855
vn -0.9903 -0.0266 0.1367
vn -0.7147 0.1991 -0.6705
vn -0.7146 0.1992 -0.6705
vn -0.7484 0.1050 -0.6549
vn -0.9880 0.1529 0.0237
vn -0.7485 0.1050 -0.6548
vn -0.4590 0.6464 -0.6095
vn -0.9573 -0.1413 -0.2523
vn -0.8957 0.2313 0.3798
vn -0.8957 0.2313 0.3797
vn -0.2694 0.9025 0.3360
vn -0.1396 0.8738 0.4658
vn -0.2550 0.8501 0.4607
vn 0.2778 0.6330 -0.7226
vn 0.2777 0.6330 -0.7226
vn 0.1605 0.4269 -0.8899
vn 0.1761 0.8887 -0.4234
vn -0.2550 0.8502 0.4607
vn -0.2550 0.8502 0.4606
vn -0.0749 0.6541 0.7527
vn -0.2695 0.9025 0.3360
vn -0.1395 0.8738 0.4658
vn 0.0340 0.6750 0.7370
vn 0.0341 0.6751 0.7370
vn 0.7758 0.5720 -0.2663
vn -0.7172 0.6826 0.1402
vn -0.5726 0.8196 0.0161
vn -0.4210 0.7903 -0.4452
vn -0.4210 0.7903 -0.4451
vn -0.8626 0.3361 -0.3782
vn -0.3972 0.6367 0.6609
vn -0.3052 0.7579 0.5765
vn -0.3078 0.7539 0.5804
vn -0.5726 0.8197 0.0161
vn -0.5727 0.8196 0.0161
vn -0.3053 0.7579 0.5765
vn -0.2839 0.7954 0.5355
vn -0.1771 0.9406 0.2898
vn -0.3079 0.7539 0.5804
vn -0.3052 0.7580 0.5765
vn -0.1588 0.9250 0.3451
vn -0.2061 0.7286 0.6532
vn -0.1770 0.9406 0.2898
vn -0.1589 0.9250 0.3451
vn -0.0572 0.4195 0.9059
vn -0.9435 0.1613 -0.2896
vn -0.3186 0.3242 -0.8907
vn -0.3185 0.3242 -0.8908
vn -0.3716 0.2382 -0.8973
vn -0.8625 0.3361 -0.3782
vn -0.3716 0.2383 -0.8973
vn -0.6287 0.6557 -0.4182
vn -0.9770 -0.2062 -0.0543
vn -0.8016 0.1083 0.5879
vn -0.2503 0.8367 0.4871
vn -0.0929 0.8081 0.5817
vn -0.2045 0.7743 0.5989
vn 0.0629 0.7227 -0.6883
vn -0.0741 0.5234 -0.8488
vn 0.0132 0.9378 -0.3470
vn -0.2046 0.7742 0.5989
vn 0.0498 0.5689 0.8209
vn 0.0131 0.9378 -0.3470
vn -0.0741 0.5235 -0.8488
vn -0.2504 0.8367 0.4871
vn -0.0930 0.8081 0.5817
vn 0.0499 0.5690 0.8208
vn 0.1508 0.6015 0.7845
vn 0.6537 0.6655 -0.3603
vn -0.7139 0.5953 0.3687
vn -0.6109 0.7567 0.2329
vn -0.5651 0.7861 -0.2505
vn -0.9470 0.2879 -0.1423
vn -0.2827 0.5301 0.7994
vn -0.6110 0.7567 0.2328
vn -0.7138 0.5953 0.3688
vn -0.2208 0.6670 0.7115
vn -0.2222 0.6624 0.7154
vn -0.6110 0.7566 0.2328
vn -0.2209 0.6670 0.7115
vn -0.2120 0.7101 0.6715
vn -0.1736 0.8876 0.4267
vn -0.2222 0.6625 0.7154
vn -0.2209 0.6671 0.7115
vn -0.2119 0.7101 0.6714
vn -0.1423 0.8686 0.4747
vn -0.1736 0.8875 0.4268
vn -0.2119 0.7101 0.6715
vn -0.1053 0.6399 0.7612
vn -0.1424 0.8686 0.4747
vn 0.1181 0.3235 0.9388
vn -0.9934 0.0986 -0.0589
vn -0.5326 0.3765 -0.7580
vn -0.5325 0.3766 -0.7580
vn -0.5796 0.2870 -0.7627
vn -0.9470 0.2880 -0.1422
vn -0.5650 0.7861 -0.2505
vn -0.5795 0.2870 -0.7627
vn -0.7549 0.5359 -0.3781
vn -0.1212 0.9762 0.1799
vn 0.1929 0.9251 -0.3272
vn 0.1930 0.9251 -0.3271
vn -0.0101 0.4664 -0.8845
vn -0.7549 0.5359 -0.3782
vn 0.3697 0.4398 0.8185
vn 0.5625 0.4281 0.7074
vn 0.5625 0.4281 0.7073
vn 0.1929 0.9251 -0.3271
vn -0.1213 0.9762 0.1799
vn 0.0332 0.9201 0.3904
vn 0.6677 0.5687 0.4804
vn 0.1020 0.7595 -0.6424
vn 0.1020 0.7596 -0.6424
vn -0.4526 0.8455 -0.2834
vn -0.3655 0.2596 0.8939
vn -0.9527 0.2989 -0.0547
vn -0.1110 0.2057 0.9723
vn 0.8822 0.3659 0.2964
vn -0.0101 0.4665 -0.8845
vn 0.8897 0.1263 0.4388
vn 0.3074 0.5581 -0.7708
vn 0.6677 0.5687 0.4803
vn 0.8897 0.1262 0.4388
vn 0.9073 0.3592 -0.2185
vn 0.7058 0.5573 0.4373
vn -0.1054 0.9177 -0.3830
vn 0.7972 0.1426 -0.5866
vn 0.2448 0.1077 0.9636
vn -0.5248 0.3545 -0.7739
vn 0.5804 0.7965 -0.1694
vn 0.5804 0.7965 -0.1695
vn 0.6778 0.2393 0.6952
vn -0.0480 0.6470 0.7610
vn 0.6358 0.7417 -0.2136
vn -0.1868 0.4462 -0.8752
vn -0.1867 0.4462 -0.8752
vn -0.8880 0.4597 0.0111
vn -0.0481 0.6470 0.7610
vn 0.8422 0.5039 0.1920
vn 0.4647 0.6873 -0.5582
vn -0.4665 0.8526 -0.2354
vn -0.2111 0.2537 0.9440
vn 0.2469 0.7352 0.6313
vn 0.6775 0.5659 -0.4698
vn -0.3190 0.3592 -0.8770
vn -0.3190 0.3592 -0.8771
vn -0.7700 0.6258 0.1245
vn 0.0208 0.7442 0.6676
vn 0.4675 0.7668 -0.4399
vn -0.4249 0.2871 -0.8585
vn -0.4249 0.2872 -0.8585
vn -0.9218 0.3557 0.1544
vn 0.0209 0.7442 0.6676
vn -0.3922 0.9012 -0.1841
vn -0.0129 0.7609 0.6487
vn 0.5090 0.7838 0.3558
vn -0.1571 0.5449 -0.8237
vn -0.3922 0.9012 -0.1842
vn 0.2350 0.7790 0.5814
vn 0.5600 0.7260 0.3991
vn -0.2466 0.7453 -0.6194
vn -0.6471 0.6723 -0.3597
vn -0.8613 0.0148 -0.5079
vn -0.0036 -0.0195 0.9998
vn -0.0128 0.7609 0.6487
vn -0.6471 0.6722 -0.3597
vn -0.0748 -0.2060 0.9757
vn 0.2350 0.7789 0.5814
vn 0.5089 0.7838 0.3558
vn 0.7677 0.4566 0.4496
vn 0.0655 0.2964 -0.9528
vn 0.0654 0.2964 -0.9528
vn 0.5600 0.7260 0.3992
vn 0.7834 0.3841 0.4887
vn 0.2226 0.5124 -0.8294
vn 0.2225 0.5124 -0.8294
vn -0.9553 0.2929 0.0408
vn -0.9617 0.2721 -0.0331
vn -0.3661 0.7601 0.5368
vn -0.3661 0.7602 0.5368
vn -0.7093 -0.0143 0.7048
vn -0.9553 0.2929 0.0409
vn -0.3491 0.9179 -0.1886
vn -0.5642 0.8256 -0.0093
vn -0.7409 0.6117 -0.2771
vn 0.6007 0.7454 0.2890
vn -0.0717 0.5438 -0.8361
vn 0.8197 0.3895 -0.4199
vn 0.8950 0.1582 -0.4172
vn -0.8940 -0.2330 -0.3828
vn 0.0249 0.4737 -0.8803
vn 0.5193 0.6467 0.5587
vn -0.0509 -0.6342 0.7715
vn -0.0716 0.5438 -0.8361
vn -0.4132 0.6977 0.5852
vn 0.0466 0.7355 0.6759
vn -0.7869 0.5964 0.1584
vn 0.0467 0.7355 0.6759
vn -0.1516 0.7630 0.6284
vn -0.6315 0.7433 0.2207
vn -0.2324 0.9083 -0.3478
vn 0.0006 0.9245 0.3812
vn -0.7087 0.6308 0.3161
vn -0.6316 0.7433 0.2206
vn 0.0007 0.9245 0.3812
vn -0.2323 0.9083 -0.3478
vn -0.5963 0.6076 0.5246
vn -0.7177 0.6947 -0.0479
vn 0.3679 0.9285 -0.0503
vn -0.4033 0.5199 0.7530
vn 0.0579 0.6311 0.7736
vn 0.7523 0.1174 0.6483
vn 0.3679 0.9285 -0.0504
vn 0.5653 0.7772 -0.2762
vn 0.5101 0.8401 -0.1844
vn -0.7396 0.6640 -0.1102
vn -0.7165 0.6316 0.2963
vn 0.5653 0.7772 -0.2763
vn -0.7006 0.6734 -0.2360
vn 0.3347 0.5533 -0.7628
vn -0.7165 0.6315 0.2963
vn -0.4033 0.5200 0.7530
vn -0.7165 0.6315 0.2964
vn -0.7006 0.6734 -0.2361
vn 0.3348 0.5533 -0.7627
vn -0.1295 0.5825 -0.8025
vn -0.4348 0.2064 -0.8765
vn 0.4473 0.7099 0.5441
vn 0.2638 0.9605 0.0887
vn -0.0379 0.9079 0.4176
vn 0.0611 0.7943 0.6045
vn 0.7665 0.6422 0.0007
vn 0.4473 0.7099 0.5440
vn 0.5507 0.8199 -0.1564
vn 0.7712 0.5883 -0.2430
vn 0.2637 0.9605 0.0887
vn 0.0751 0.9531 -0.2931
vn 0.7693 0.5872 -0.2519
vn 0.5507 0.8199 -0.1565
vn 0.7620 0.5518 -0.3389
vn 0.2037 0.5568 -0.8053
vn 0.7620 0.5518 -0.3388
vn 0.3074 0.3417 -0.8881
vn 0.4703 0.4182 -0.7771
vn 0.0750 0.9531 -0.2931
vn 0.2036 0.5568 -0.8053
vn 0.3074 0.3416 -0.8881
vn -0.0379 0.9079 0.4175
vn -0.2334 0.4087 0.8823
vn -0.4080 0.5185 0.7515
vn -0.4466 0.4380 0.7802
vn -0.4465 0.4380 0.7802
vn 0.2142 0.9328 -0.2899
vn -0.2302 0.6071 0.7605
vn 0.1987 0.7571 0.6224
vn 0.1987 0.7571 0.6223
vn 0.8867 0.2874 0.3620
vn 0.3551 0.7614 -0.5423
vn 0.3214 0.8345 -0.4476
vn -0.8189 0.5731 0.0317
vn -0.8188 0.5731 0.0317
vn -0.6743 0.6130 0.4117
vn -0.8198 0.5639 -0.1000
vn -0.8188 0.5732 0.0317
vn 0.3215 0.8345 -0.4476
vn 0.3215 0.8344 -0.4476
vn 0.0238 0.4394 -0.8980
vn -0.6744 0.6129 0.4117
vn -0.2302 0.6071 0.7606
vn -0.8197 0.5639 -0.1000
vn -0.4316 0.4237 -0.7964
vn -0.6940 0.0170 -0.7197
vn 0.4908 0.8266 0.2754
vn 0.1519 0.9796 -0.1315
vn -0.0315 0.9600 0.2783
vn 0.1314 0.8885 0.4396
vn 0.6439 0.6927 -0.3248
vn 0.1519 0.9796 -0.1314
vn 0.3706 0.8227 -0.4309
vn 0.5843 0.5984 -0.5482
vn 0.3706 0.8227 -0.4310
vn -0.1372 0.8916 -0.4316
vn 0.5801 0.5956 -0.5557
vn 0.3706 0.8228 -0.4310
vn 0.5524 0.5453 -0.6305
vn -0.1134 0.4248 -0.8981
vn 0.5524 0.5453 -0.6304
vn -0.0114 0.2078 -0.9781
vn 0.1655 0.3153 -0.9344
vn -0.1133 0.4249 -0.8981
vn -0.0171 0.5338 0.8454
vn -0.2349 0.6051 0.7608
vn -0.2348 0.6051 0.7608
vn -0.2526 0.5279 0.8109
vn -0.0316 0.9600 0.2783
vn -0.2527 0.5278 0.8109
vn 0.4919 0.8437 -0.2150
vn -0.2434 0.6717 0.6997
vn 0.2287 0.7100 0.6660
vn 0.8242 0.0808 0.5605
vn 0.4920 0.8436 -0.2150
vn 0.6409 0.6346 -0.4318
vn 0.6052 0.7170 -0.3459
vn -0.6424 0.7526 -0.1448
vn -0.5825 0.7705 0.2588
vn 0.6409 0.6346 -0.4319
vn -0.6157 0.7390 -0.2734
vn -0.6424 0.7525 -0.1448
vn 0.6052 0.7170 -0.3460
vn 0.3312 0.3882 -0.8600
vn -0.1255 0.4851 -0.8654
vn -0.1254 0.4851 -0.8654
vn -0.4883 0.1558 -0.8587
vn -0.6157 0.7390 -0.2735
vn 0.5996 0.6952 0.3964
vn 0.4085 0.9097 -0.0741
vn 0.1380 0.9493 0.2826
vn 0.1379 0.9493 0.2825
vn 0.2381 0.8470 0.4753
vn 0.5996 0.6953 0.3963
vn 0.8478 0.5070 -0.1556
vn 0.4085 0.9098 -0.0741
vn 0.5996 0.6952 0.3963
vn 0.6451 0.6945 -0.3187
vn 0.8194 0.4215 -0.3885
vn 0.4085 0.9097 -0.0740
vn 0.6450 0.6945 -0.3188
vn 0.1823 0.8823 -0.4340
vn 0.8164 0.4195 -0.3969
vn 0.7951 0.3747 -0.4769
vn 0.1823 0.8823 -0.4339
vn 0.1983 0.4067 -0.8918
vn 0.7952 0.3747 -0.4768
vn 0.2605 0.1689 -0.9506
vn 0.4434 0.2326 -0.8656
vn 0.1982 0.4068 -0.8918
vn 0.2604 0.1689 -0.9506
vn -0.0791 0.5529 0.8295
vn -0.2483 0.6708 0.6988
vn -0.2950 0.6019 0.7420
vn 0.2382 0.8470 0.4753
vn 0.1379 0.9493 0.2826
vn -0.2951 0.6020 0.7420
vn -0.3028 0.5162 -0.8012
vn -0.7550 0.3371 0.5624
vn 0.6165 0.7278 0.3004
vn 0.6152 0.5000 -0.6095
vn 0.3352 0.9411 0.0438
vn 0.1777 0.7702 -0.6125
vn 0.4811 0.7078 -0.5172
vn 0.4812 0.7078 -0.5172
vn 0.5891 0.8076 0.0277
vn 0.8371 0.5106 0.1964
vn 0.1507 0.4111 -0.8991
vn -0.2861 0.8444 -0.4530
vn 0.1303 0.7972 0.5895
vn 0.1303 0.7972 0.5894
vn -0.2861 0.8444 -0.4529
vn -0.8512 0.4679 -0.2375
vn -0.8513 0.4679 -0.2375
vn -0.4074 0.0608 0.9112
vn 0.8944 0.1803 0.4092
vn 0.8132 0.5815 -0.0219
vn 0.6091 0.5037 0.6126
vn 0.8133 0.5815 -0.0219
vn -0.0933 0.7101 -0.6979
vn 0.2640 0.4454 -0.8555
vn -0.0933 0.7102 -0.6978
vn 0.2125 0.4825 0.8497
vn 0.3021 0.5999 0.7408
vn -0.4250 0.6343 -0.6458
vn -0.5656 0.4974 -0.6578
vn -0.0933 0.7101 -0.6978
vn -0.3885 0.4937 0.7781
vn 0.3022 0.5999 0.7408
vn 0.2125 0.4826 0.8497
vn -0.5656 0.4975 -0.6577
vn -0.4250 0.6343 -0.6457
vn -0.8697 0.4133 -0.2697
vn -0.4454 0.3722 -0.8143
vn -0.7503 0.2817 0.5981
vn 0.5158 0.8405 0.1656
vn 0.5159 0.8405 0.1655
vn 0.4761 0.5146 -0.7131
vn -0.1912 0.4394 -0.8777
vn -0.7412 0.4883 0.4605
vn 0.6802 0.6873 0.2549
vn 0.7054 0.3462 -0.6185
vn -0.1911 0.4395 -0.8777
vn -0.6816 0.5933 -0.4283
vn -0.8393 -0.1383 -0.5258
vn -0.7950 0.2000 -0.5727
vn 0.3112 0.8431 -0.4385
vn 0.7372 0.5411 -0.4046
vn 0.4564 0.5218 -0.7207
vn -0.1273 0.7237 -0.6783
vn -0.1309 0.4241 -0.8961
vn -0.1310 0.4241 -0.8961
vn -0.5953 -0.0201 -0.8033
vn 0.5435 0.8207 -0.1765
vn 0.6278 0.7781 0.0215
vn 0.8710 0.3810 0.3103
vn 0.7602 0.6497 -0.0081
vn 0.6733 0.6880 0.2707
vn 0.6385 0.4548 0.6209
vn 0.4327 0.7603 0.4844
vn 0.7952 0.5725 -0.1997
vn 0.7496 0.6607 0.0398
vn 0.8037 0.5453 -0.2380
vn 0.6761 0.6478 0.3510
vn 0.6278 0.7781 0.0214
vn 0.3981 0.9127 0.0927
vn 0.5901 0.6905 0.4182
vn -0.4956 0.4824 -0.7223
vn -0.1734 0.8192 -0.5467
vn 0.1749 0.9523 -0.2502
vn -0.2388 0.7904 -0.5641
vn -0.5539 0.4281 -0.7141
vn -0.5607 0.3754 -0.7381
vn -0.5607 0.3754 -0.7380
vn -0.2457 0.8190 -0.5186
vn 0.1135 0.9677 -0.2250
vn 0.0375 0.9868 -0.1574
vn 0.3981 0.9126 0.0927
vn 0.2288 0.7099 0.6661
vn 0.5459 0.6904 0.4747
vn 0.3744 0.9144 0.1542
vn 0.1581 0.8417 0.5163
vn 0.1582 0.8417 0.5163
vn -0.6951 0.7169 -0.0540
vn -0.5432 0.7688 0.3375
vn -0.2184 0.9604 0.1730
vn -0.3314 0.9332 -0.1390
vn -0.3314 0.9332 -0.1391
vn -0.5554 0.6516 -0.5166
vn -0.3808 0.7820 -0.4934
vn -0.0875 0.9937 -0.0702
vn -0.5607 0.3753 -0.7380
vn -0.1535 0.7851 0.6000
vn -0.0874 0.9937 -0.0702
vn 0.4701 0.7490 0.4670
vn 0.5460 0.6904 0.4747
vn 0.5901 0.6905 0.4183
vn -0.5539 0.4280 -0.7141
vn -0.1734 0.8192 -0.5466
vn 0.4701 0.7489 0.4670
vn -0.1535 0.7851 0.6001
vn 0.6013 0.7196 0.3472
vn -0.4380 0.8986 -0.0259
vn -0.6719 0.1064 0.7330
vn -0.8857 0.0997 0.4534
vn -0.6719 0.1063 0.7330
vn -0.1703 0.6779 0.7152
vn -0.1702 0.6778 0.7152
vn -0.6339 -0.2453 0.7335
vn -0.6718 0.1063 0.7330
vn 0.4341 -0.4921 -0.7546
vn 0.6058 -0.4550 -0.6527
vn 0.3635 -0.1240 -0.9233
vn 0.6954 0.6732 -0.2517
vn 0.6034 0.6371 -0.4796
vn 0.0411 0.5180 -0.8544
vn -0.3013 0.6109 -0.7321
vn -0.6929 0.1592 -0.7032
vn 0.2634 0.7799 -0.5678
vn 0.2908 0.5320 -0.7953
vn 0.4512 0.8061 -0.3829
vn 0.2633 0.7799 -0.5678
vn 0.6769 0.6363 -0.3701
vn 0.6954 0.6731 -0.2517
vn 0.8125 0.5798 0.0607
vn 0.6768 0.6363 -0.3701
vn 0.3374 0.4518 0.8258
vn 0.8351 0.3057 0.4574
vn 0.7534 -0.2122 0.6223
vn 0.7534 -0.2121 0.6224
vn 0.3656 -0.2627 0.8929
vn 0.3375 0.4518 0.8258
vn 0.5666 0.5826 0.5827
vn 0.5342 0.1441 0.8330
vn 0.3085 0.3248 0.8941
vn 0.3086 0.3248 0.8940
vn 0.6572 0.4192 0.6264
vn 0.5665 0.5826 0.5827
vn 0.6572 0.4191 0.6264
vn 0.8649 0.3448 0.3649
vn -0.6730 0.4390 -0.5953
vn -0.6119 -0.0038 -0.7909
vn -0.4312 0.2403 -0.8697
vn -0.4311 0.2403 -0.8697
vn -0.7617 0.1044 -0.6395
vn -0.6651 0.2139 -0.7155
vn -0.7408 0.1931 -0.6433
vn -0.4169 0.1039 -0.9030
vn -0.7420 0.4248 -0.5186
vn -0.3330 0.3486 -0.8761
vn -0.7983 0.3947 -0.4549
vn -0.8711 0.4111 -0.2688
vn 0.5148 0.6338 0.5773
vn 0.2978 0.5680 0.7673
vn 0.3284 0.6841 0.6513
vn 0.5666 0.5677 0.5973
vn 0.6136 0.6536 0.4431
vn 0.5665 0.5677 0.5973
vn 0.6388 0.5742 0.5121
vn 0.5206 0.6698 0.5295
vn 0.6135 0.6536 0.4431
vn 0.6389 0.5741 0.5121
vn 0.6388 0.5741 0.5121
vn 0.5446 0.5997 0.5863
vn 0.5447 0.5997 0.5862
vn 0.7110 0.5510 0.4369
vn 0.8832 0.4599 0.0913
vn 0.8360 0.4460 -0.3196
vn 0.8037 0.5453 -0.2379
vn 0.8833 0.4599 0.0913
vn 0.8037 0.5454 -0.2379
vn -0.6011 0.3012 -0.7402
vn -0.3906 0.1167 -0.9131
vn -0.2971 0.3094 -0.9033
vn -0.2972 0.3094 -0.9033
vn -0.6930 0.4796 -0.5383
vn -0.6011 0.3013 -0.7402
vn 0.1543 0.5470 0.8228
vn 0.5053 0.5972 0.6230
vn 0.7810 0.4928 0.3837
vn 0.2140 0.7671 0.6047
vn -0.7797 0.2830 -0.5585
vn -0.3376 -0.1076 -0.9351
vn -0.8434 0.0132 -0.5371
vn -0.5576 0.6906 0.4606
vn -0.4048 0.5014 0.7647
vn -0.1842 0.8800 0.4377
vn -0.5575 0.6906 0.4607
vn -0.1627 0.9807 0.1085
vn -0.6282 0.7781 -0.0006
vn -0.1683 0.8607 0.4805
vn -0.0087 0.9805 0.1965
vn 0.0144 0.8341 0.5514
vn 0.2257 0.9155 0.3331
vn 0.2257 0.9155 0.3332
vn -0.0087 0.9805 0.1966
vn 0.0144 0.8341 0.5515
vn 0.1074 0.7637 0.6366
vn 0.4223 0.8172 0.3922
vn 0.3964 0.6704 0.6273
vn 0.1075 0.7637 0.6365
vn -0.6282 0.7781 -0.0005
vn -0.1239 0.9522 -0.2791
vn -0.5579 0.6910 -0.4597
vn 0.2062 0.9528 -0.2228
vn -0.1239 0.9523 -0.2790
vn 0.4564 0.8875 0.0646
vn 0.4563 0.8875 0.0646
vn 0.4223 0.8172 0.3921
vn 0.6007 0.7845 0.1542
vn 0.4564 0.8874 0.0646
vn 0.3964 0.6704 0.6272
vn 0.6927 0.5691 0.4431
vn 0.6006 0.7845 0.1543
vn 0.0279 0.8284 -0.5595
vn -0.4669 0.5784 -0.6689
vn 0.3450 0.8565 -0.3839
vn 0.2062 0.9528 -0.2227
vn 0.4854 0.8593 -0.1610
vn 0.7175 0.6906 0.0907
vn 0.6006 0.7845 0.1542
vn 0.8587 0.4687 0.2071
vn 0.0278 0.8283 -0.5595
vn -0.1123 0.8219 -0.5585
vn -0.4524 0.5604 -0.6937
vn 0.0278 0.8284 -0.5595
vn 0.3450 0.8565 -0.3838
vn 0.2001 0.9309 -0.3057
vn 0.2000 0.9309 -0.3057
vn 0.4765 0.8457 -0.2404
vn 0.7392 0.6658 0.1009
vn 0.7392 0.6659 0.1009
vn 0.4764 0.8457 -0.2404
vn 0.1763 0.3073 -0.9351
vn -0.3027 0.3750 -0.8762
vn -0.4524 0.5604 -0.6938
vn -0.1123 0.8218 -0.5585
vn 0.5110 0.3555 -0.7826
vn 0.1649 0.8272 -0.5372
vn 0.1648 0.8272 -0.5371
vn 0.6168 0.3215 -0.7185
vn 0.7392 0.6659 0.1010
vn 0.8080 0.3808 -0.4496
vn -0.1122 0.8219 -0.5585
vn 0.0719 0.9160 0.3947
vn 0.5560 0.8309 -0.0219
vn -0.7326 0.6754 0.0845
vn 0.5560 0.8309 -0.0218
vn 0.2747 0.9551 -0.1107
vn -0.9237 0.3382 -0.1801
vn -0.9237 0.3382 -0.1802
vn 0.2747 0.9551 -0.1108
vn 0.4600 0.8436 -0.2771
vn 0.4599 0.8436 -0.2771
vn -0.8744 -0.0364 -0.4838
vn -0.8745 -0.0363 -0.4837
vn 0.6119 0.7864 -0.0843
vn 0.6119 0.7865 -0.0842
vn -0.9001 0.3437 -0.2677
vn -0.9002 0.3436 -0.2676
vn 0.6119 0.7865 -0.0843
vn 0.4755 0.7763 -0.4139
vn 0.9215 0.2655 0.2834
vn 0.9451 0.2299 0.2322
vn 0.7852 0.3853 0.4847
vn 0.3658 0.2148 0.9056
vn 0.4755 0.7763 -0.4138
vn 0.9716 -0.1945 0.1345
vn 0.8310 0.0052 -0.5562
vn -0.9518 -0.1778 0.2498
vn -0.3344 0.5173 0.7877
vn -0.3740 0.4633 0.8035
vn -0.5848 0.7243 0.3652
vn -0.5915 0.7327 -0.3365
vn -0.9150 0.3962 -0.0758
vn -0.9072 -0.2780 -0.3157
vn -0.5916 0.7327 -0.3365
vn -0.0988 0.1224 -0.9875
vn -0.0568 -0.1859 -0.9809
vn -0.9175 -0.1990 -0.3445
vn 0.9198 0.3733 0.1213
vn 0.5966 0.8019 0.0326
vn 0.4630 0.8282 -0.3157
vn 0.9038 0.0311 0.4269
vn 0.3745 0.8929 0.2498
vn -0.1944 0.9780 -0.0758
vn 0.4631 0.8282 -0.3158
vn -0.5126 0.6349 -0.5781
vn -0.4313 0.5342 -0.7271
vn 0.3880 0.8548 -0.3445
vn -0.4313 0.5341 -0.7271
vn -0.5126 0.6348 -0.5782
vn 0.3745 0.8930 0.2498
vn 0.4921 0.6263 0.6046
vn 0.4920 0.6264 0.6046
vn 0.6353 -0.0435 0.7710
vn 0.9197 0.3733 0.1213
vn -0.4352 0.4359 0.7877
vn 0.5966 0.8019 0.0325
vn 0.9880 0.1543 -0.0090
vn 0.3880 0.8549 -0.3445
vn 0.9168 0.0349 -0.3978
vn 0.9168 0.0348 -0.3977
vn 0.1938 0.0163 -0.9809
vn -0.9105 0.1228 0.3948
vn 0.1827 0.6494 0.7382
vn -0.5058 0.8585 0.0845
vn -0.1462 0.9524 -0.2676
vn 0.8758 -0.3799 0.2979
vn 0.9701 -0.1629 0.1801
vn 0.9701 -0.1628 0.1801
vn 0.4311 0.6089 -0.6659
vn 0.2199 0.8471 -0.4837
vn -0.1359 0.9742 -0.1801
vn 0.6112 0.1089 0.7839
vn 0.6113 0.1089 0.7839
vn 0.7592 -0.2626 0.5955
vn 0.2199 0.8471 -0.4838
vn 0.6992 0.4651 0.5430
vn 0.6112 0.1089 0.7840
vn 0.8757 -0.3798 0.2980
vn 0.2198 0.8472 -0.4837
vn 0.7593 -0.2626 0.5954
vn 0.7901 0.6125 -0.0243
vn 0.4051 0.8374 -0.3668
vn 0.4042 0.8361 -0.3709
vn 0.7592 0.6473 -0.0687
vn 0.4051 0.8374 -0.3669
vn -0.1911 0.7758 -0.6013
vn -0.1865 0.7651 -0.6163
vn -0.1865 0.7650 -0.6164
vn -0.1911 0.7758 -0.6014
vn -0.7736 0.3082 -0.5536
vn -0.7632 0.2896 -0.5776
vn -0.1910 0.7758 -0.6014
vn 0.9019 0.2309 -0.3652
vn 0.9305 -0.3494 0.1098
vn 0.9323 0.1581 0.3253
vn 0.9019 0.2309 -0.3651
vn 0.7790 0.6270 0.0023
vn 0.3769 0.8257 -0.4197
vn 0.2761 0.3965 -0.8755
vn 0.8187 0.5739 0.0198
vn 0.4802 0.8146 -0.3253
vn 0.4175 0.8328 -0.3636
vn 0.7952 0.6054 -0.0328
vn 0.8173 0.5762 -0.0075
vn 0.4263 0.8286 -0.3629
vn 0.4174 0.8328 -0.3636
vn -0.3396 0.6241 -0.7037
vn -0.3957 0.4907 -0.7763
vn -0.1462 0.7607 -0.6324
vn 0.4041 0.8362 -0.3707
vn -0.1866 0.7651 -0.6163
vn -0.1863 0.7822 -0.5945
vn 0.4263 0.8286 -0.3630
vn -0.1880 0.7738 -0.6049
vn -0.1910 0.7758 -0.6013
vn -0.7812 0.3115 -0.5410
vn -0.1863 0.7823 -0.5944
vn -0.7744 0.3145 -0.5490
vn -0.7736 0.3082 -0.5537
vn 0.7858 0.6088 -0.1090
vn 0.4055 0.8708 -0.2779
vn -0.2582 0.8069 -0.5312
vn -0.2582 0.8069 -0.5313
vn -0.7865 0.3900 -0.4789
vn 0.1417 0.8785 0.4562
vn -0.1562 0.6493 0.7443
vn 0.1013 0.8133 0.5729
vn 0.1013 0.8134 0.5729
vn 0.2181 0.9449 0.2439
vn -0.2671 0.9585 0.0997
vn -0.4408 0.8544 -0.2750
vn -0.2671 0.9585 0.0998
vn 0.1593 0.9864 0.0400
vn 0.0285 0.9714 -0.2359
vn -0.4408 0.8544 -0.2752
vn -0.0577 0.8338 -0.5490
vn -0.4408 0.8544 -0.2751
vn 0.0284 0.9713 -0.2360
vn 0.1644 0.8410 -0.5154
vn 0.0357 0.6172 -0.7860
vn 0.1645 0.8410 -0.5155
vn 0.1645 0.8410 -0.5154
vn 0.1299 0.6221 -0.7721
vn 0.4346 0.4262 -0.7934
vn 0.1529 0.3838 -0.9107
vn 0.1299 0.6222 -0.7720
vn 0.6583 0.2874 -0.6957
vn 0.6149 0.5145 -0.5976
vn 0.7753 0.0222 -0.6312
vn 0.8756 0.2293 -0.4251
vn 0.6583 0.2875 -0.6957
vn 0.7753 0.0223 -0.6312
vn 0.9633 -0.0654 -0.2605
vn 0.7222 0.2847 0.6304
vn 0.6626 0.3979 0.6345
vn 0.6521 0.4409 0.6168
vn 0.2138 0.4901 0.8451
vn 0.2179 0.6004 0.7695
vn 0.2138 0.4901 0.8450
vn 0.2139 0.4901 0.8450
vn 0.2178 0.6004 0.7694
vn -0.5787 0.2364 -0.7806
vn -0.6192 0.7670 0.1685
vn 0.2181 0.9449 0.2440
vn -0.5704 0.7065 0.4189
vn -0.6192 0.7669 0.1685
vn -0.6201 0.7680 -0.1601
vn 0.1595 0.9865 0.0374
vn -0.4770 0.5908 -0.6508
vn 0.1644 0.8410 -0.5155
vn 0.0284 0.9714 -0.2359
vn -0.4770 0.5907 -0.6508
vn -0.2212 0.2739 -0.9360
vn -0.4876 0.0370 -0.8723
vn -0.4099 0.1058 -0.9060
vn -0.3640 0.1525 -0.9188
vn -0.6208 0.4845 -0.6164
vn -0.2737 0.8057 -0.5254
vn 0.0936 0.9921 -0.0836
vn -0.1833 0.8425 -0.5065
vn -0.3069 0.7232 -0.6187
vn -0.6290 0.5341 -0.5649
vn -0.3069 0.7233 -0.6187
vn -0.2737 0.8057 -0.5253
vn 0.5750 0.7295 0.3704
vn 0.4055 0.8709 -0.2779
vn 0.4055 0.8709 -0.2778
vn -0.4227 0.6372 -0.6445
vn -0.6389 0.7036 -0.3111
vn -0.6428 0.4835 -0.5942
vn -0.6428 0.4836 -0.5941
vn -0.2873 0.6703 -0.6843
vn -0.4227 0.6371 -0.6445
vn -0.3608 0.9027 -0.2345
vn -0.2873 0.6703 -0.6842
vn -0.5222 0.7965 -0.3047
vn -0.2929 0.9492 0.1150
vn -0.5011 0.8614 0.0830
vn 0.1116 0.9525 0.2834
vn -0.2930 0.9492 0.1149
vn -0.5011 0.8614 0.0829
vn -0.3841 0.7971 0.4659
vn 0.1116 0.9525 0.2835
vn -0.2229 0.5891 0.7767
vn -0.3227 0.5474 0.7721
vn 0.1216 0.3753 0.9189
vn -0.3227 0.5474 0.7722
vn 0.2675 0.1115 0.9571
vn -0.3213 -0.1331 0.9376
vn 0.3771 0.2549 0.8904
vn 0.7704 0.0369 0.6365
vn 0.3770 0.2549 0.8904
vn 0.2031 -0.6236 0.7549
vn 0.1815 -0.2938 0.9385
vn 0.8263 0.0530 0.5607
vn 0.5595 0.7356 0.3819
vn 0.4145 0.8881 0.1986
vn 0.4145 0.8881 0.1987
vn -0.7181 0.3503 -0.6014
vn -0.1222 0.8071 -0.5777
vn -0.1383 0.8212 -0.5536
vn -0.1222 0.8071 -0.5776
vn -0.7085 0.3437 -0.6163
vn -0.1382 0.8212 -0.5537
vn 0.5462 0.8124 -0.2039
vn 0.5747 0.8061 -0.1411
vn 0.5463 0.8124 -0.2039
vn -0.1382 0.8212 -0.5536
vn 0.8899 0.3648 0.2739
vn 0.8945 0.2667 0.3588
vn 0.8658 0.4435 0.2318
vn 0.5995 0.7858 -0.1520
vn 0.5312 0.8239 -0.1976
vn 0.8874 0.3819 0.2583
vn 0.4956 0.8396 -0.2225
vn 0.8792 0.4067 0.2480
vn 0.8511 0.4766 0.2203
vn 0.8792 0.4067 0.2481
vn 0.4956 0.8396 -0.2224
vn 0.4752 0.8394 -0.2639
vn -0.5385 0.4635 -0.7037
vn 0.1165 0.8028 -0.5848
vn -0.1234 0.7605 -0.6375
vn 0.1166 0.8028 -0.5848
vn -0.3963 0.4903 -0.7763
vn -0.7128 0.3033 -0.6324
vn -0.1039 0.7921 -0.6015
vn -0.7128 0.3033 -0.6323
vn -0.7086 0.3436 -0.6163
vn -0.1038 0.7921 -0.6015
vn -0.1398 0.8293 -0.5410
vn -0.7168 0.3469 -0.6049
vn -0.7254 0.3470 -0.5944
vn -0.1442 0.8233 -0.5490
vn -0.7254 0.3470 -0.5945
vn -0.7181 0.3503 -0.6013
vn -0.1383 0.8212 -0.5537
vn 0.1165 0.8028 -0.5847
vn 0.5387 0.7997 -0.2651
vn -0.1234 0.7605 -0.6374
vn 0.6326 0.7567 -0.1650
vn 0.5387 0.7997 -0.2652
vn 0.5540 0.8001 -0.2300
vn -0.1038 0.7921 -0.6016
vn 0.4688 0.8569 -0.2142
vn -0.1399 0.8294 -0.5409
vn 0.4689 0.8569 -0.2142
vn 0.5345 0.8308 -0.1550
vn 0.5746 0.8062 -0.1411
vn 0.7644 0.6436 0.0371
vn 0.8558 0.5144 0.0542
vn 0.5388 0.7997 -0.2651
vn 0.9048 0.3232 0.2773
vn 0.5463 0.8124 -0.2040
vn 0.5541 0.8001 -0.2300
vn 0.8776 0.3801 0.2921
vn 0.5746 0.8061 -0.1411
vn 0.7705 0.6360 0.0416
vn 0.7383 0.6564 -0.1553
vn 0.8951 0.3699 0.2491
vn 0.6027 0.7573 -0.2513
vn 0.5445 0.8077 -0.2260
vn 0.9376 0.3244 0.1252
vn 0.5432 0.8093 -0.2235
vn 0.5995 0.7858 -0.1521
vn 0.5431 0.8094 -0.2235
vn 0.8943 0.3707 0.2504
vn 0.5186 0.8307 -0.2023
vn 0.7882 0.5095 0.3451
vn 0.8790 0.3806 0.2871
vn 0.5186 0.8308 -0.2022
vn 0.4235 0.8933 -0.1504
vn 0.5296 0.8256 -0.1949
vn 0.8800 0.3796 0.2855
vn 0.5186 0.8308 -0.2023
vn 0.9041 0.3662 0.2204
vn 0.8834 0.4278 0.1913
vn 0.4409 0.8426 -0.3092
vn 0.8622 0.4283 0.2704
vn 0.6283 0.7764 0.0488
vn 0.4642 0.8518 -0.2429
vn 0.6277 0.7770 0.0482
vn 0.8736 0.3414 0.3469
vn -0.7344 0.4224 -0.5313
vn -0.7344 0.4225 -0.5312
vn -0.2155 0.8510 -0.4789
vn -0.1442 0.8233 -0.5489
vn 0.5561 0.8301 -0.0406
vn 0.7837 0.5736 0.2384
vn 0.7253 0.6785 0.1167
vn 0.6283 0.7764 0.0487
vn 0.6971 0.7058 0.1258
vn 0.7766 0.5785 0.2494
vn 0.7766 0.5785 0.2495
vn 0.6971 0.7059 0.1257
vn 0.8224 0.5441 -0.1663
vn 0.7984 0.6020 -0.0125
vn 0.8725 0.4829 -0.0747
vn 0.8884 0.4589 0.0126
vn 0.8850 0.4553 0.0974
vn 0.8850 0.4552 0.0974
vn 0.8703 0.4686 0.1517
vn 0.7984 0.6020 -0.0124
vn 0.8858 0.4486 0.1186
vn 0.5981 0.7330 -0.3239
vn 0.6138 0.7844 0.0895
vn 0.5981 0.7330 -0.3240
vn 0.1003 0.9746 -0.2001
vn 0.5686 0.7925 -0.2203
vn 0.5686 0.7925 -0.2204
vn 0.6980 0.7040 -0.1311
vn 0.7757 0.6310 0.0053
vn 0.7758 0.6310 0.0053
vn 0.7831 0.6110 -0.1159
vn 0.7517 0.6586 0.0364
vn 0.4325 0.8649 0.2548
vn 0.6316 0.7088 0.3140
vn 0.7517 0.6585 0.0364
vn 0.7487 0.6603 0.0591
vn 0.4217 0.8971 0.1321
vn 0.7499 0.6591 0.0578
vn 0.7498 0.6591 0.0578
vn 0.4345 0.8982 -0.0666
vn 0.4345 0.8982 -0.0667
vn 0.7484 0.6624 0.0337
vn 0.7484 0.6624 0.0338
vn 0.4707 0.8433 -0.2594
vn 0.4346 0.8982 -0.0667
vn 0.7991 0.5985 0.0565
vn 0.8193 0.5724 0.0338
vn 0.8193 0.5723 0.0338
vn 0.3890 0.7531 -0.5306
vn 0.7168 0.6846 0.1322
vn 0.3890 0.7530 -0.5306
vn 0.3891 0.7531 -0.5306
vn 0.7169 0.6846 0.1321
vn 0.2598 0.7910 -0.5540
vn 0.6021 0.6409 0.4762
vn 0.7146 0.6948 0.0814
vn 0.7622 0.6470 0.0213
vn 0.7547 0.6301 0.1827
vn -0.4670 0.4308 0.7722
vn 0.6316 0.7089 0.3140
vn -0.6982 0.5435 0.4659
vn -0.6982 0.5435 0.4660
vn -0.7364 0.6714 0.0830
vn -0.7364 0.6714 0.0829
vn 0.4217 0.8971 0.1320
vn -0.6685 0.6784 -0.3047
vn 0.4706 0.8433 -0.2594
vn -0.6686 0.6783 -0.3048
vn -0.6686 0.6784 -0.3047
vn -0.5946 0.4221 -0.6843
vn -0.5947 0.4221 -0.6842
vn -0.5947 0.4221 -0.6843
vn -0.3372 0.7303 -0.5942
vn -0.3372 0.7302 -0.5942
vn 0.2598 0.7910 -0.5539
vn -0.1091 0.6155 -0.7806
vn 0.7117 0.6380 0.2941
vn 0.1979 0.2860 0.9376
vn -0.1653 -0.2379 0.9571
vn -0.4671 0.4308 0.7722
vn 0.1416 0.9239 0.3555
vn -0.5289 0.3420 0.7767
vn -0.9546 0.0917 0.2835
vn -0.8661 0.4865 0.1149
vn -0.8661 0.4865 0.1150
vn 0.1928 0.9805 0.0390
vn -0.8063 0.5430 -0.2346
vn 0.2597 0.9469 -0.1898
vn -0.5337 0.5475 -0.6445
vn 0.2597 0.9469 -0.1897
vn 0.3358 0.8477 -0.4108
vn 0.2773 0.9316 -0.2352
vn -0.5531 0.7729 -0.3111
vn 0.2774 0.9315 -0.2351
vn 0.3358 0.8477 -0.4107
vn 0.0666 0.4844 -0.8723
vn -0.3372 0.7303 -0.5941
vn 0.1738 0.8129 -0.5559
vn 0.4933 0.8296 0.2615
vn 0.8795 0.4328 0.1979
vn 0.6396 0.7672 0.0475
vn 0.7705 0.6361 0.0416
vn 0.7126 0.6611 0.2349
vn 0.7168 0.6846 0.1321
vn 0.2598 0.7909 -0.5540
vn -0.3963 0.4902 -0.7763
vn -0.4458 -0.1863 -0.8755
vn -0.6018 0.2895 0.7444
vn 0.3408 0.8998 0.2723
vn -0.8886 0.0466 0.4562
vn 0.3408 0.8998 0.2722
vn -0.6018 0.2896 0.7443
vn 0.3917 0.8192 0.4189
vn 0.3409 0.8998 0.2722
vn -0.8806 0.4632 0.0997
vn 0.1865 0.9779 0.0944
vn -0.7423 0.6110 -0.2751
vn -0.8807 0.4631 0.0997
vn 0.2186 0.9684 -0.1202
vn 0.2924 0.8738 -0.3885
vn -0.8029 0.2322 -0.5489
vn 0.2924 0.8738 -0.3886
vn 0.2186 0.9684 -0.1201
vn -0.6109 0.0952 -0.7859
vn -0.8029 0.2322 -0.5490
vn -0.6109 0.0952 -0.7860
vn -0.4074 -0.0686 -0.9107
vn 0.8314 0.5427 0.1192
vn 0.6972 0.6820 -0.2208
vn 0.6457 0.7574 -0.0969
vn 0.8937 0.4437 0.0665
vn 0.8937 0.4437 0.0664
vn 0.7758 0.5800 -0.2486
vn 0.7758 0.5800 -0.2485
vn 0.9274 0.3226 -0.1896
vn 0.6509 0.7505 0.1142
vn 0.7430 0.6146 0.2650
vn -0.0170 0.4230 -0.9060
vn -0.3427 0.7089 -0.6164
vn -0.0724 0.3880 -0.9188
vn 0.2770 0.7324 -0.6220
vn -0.3428 0.7089 -0.6164
vn 0.3348 0.8911 -0.3063
vn 0.2770 0.7323 -0.6221
vn 0.2608 0.9383 -0.2271
vn -0.3895 0.7275 -0.5649
vn 0.2608 0.9383 -0.2270
vn 0.3348 0.8911 -0.3064
vn 0.6796 0.7316 0.0545
vn 0.2609 0.9383 -0.2271
vn 0.6728 0.7204 0.1685
vn 0.2609 0.9383 -0.2270
vn 0.6796 0.7316 0.0544
vn 0.7390 0.6596 0.1373
vn 0.6625 0.7295 0.1701
vn 0.6728 0.7203 0.1685
vn 0.8007 0.3974 0.4483
vn -0.7299 0.4374 -0.5253
vn 0.6971 0.7059 0.1258
vn -0.2154 0.8510 -0.4789
vn -0.3895 0.7274 -0.5649
vn 0.8658 0.4976 -0.0531
vn 0.8029 0.5480 -0.2347
vn 0.8658 0.4976 -0.0530
vn 0.7732 0.6315 -0.0582
vn 0.7732 0.6315 -0.0581
vn 0.8289 0.5570 -0.0509
vn 0.6853 0.2973 -0.6648
vn 0.7801 0.6111 0.1343
vn 0.7800 0.6111 0.1343
vn 0.7497 0.6561 -0.0869
vn 0.6510 0.7505 0.1142
vn 0.7647 0.6329 -0.1215
vn 0.7646 0.6329 -0.1214
vn 0.6973 0.6820 -0.2208
vn 0.7988 0.6008 -0.0301
vn 0.7988 0.6009 -0.0301
vn 0.3771 0.8117 0.4461
vn 0.3770 0.8117 0.4462
vn 0.1928 0.9805 0.0389
vn 0.1864 0.9779 0.0944
vn 0.2774 0.9315 -0.2352
vn 0.1738 0.8129 -0.5558
vn 0.2773 0.9315 -0.2352
vn -0.5531 0.7729 -0.3110
vn 0.6246 0.6579 0.4208
vn 0.6757 0.5021 0.5397
vn 0.5721 0.7190 0.3945
vn 0.3770 0.8117 0.4461
vn 0.6027 0.7574 -0.2513
vn 0.5432 0.8094 -0.2234
vn 0.6027 0.7574 -0.2512
vn 0.7382 0.6564 -0.1553
vn 0.5431 0.8094 -0.2234
vn 0.5308 0.8243 -0.1969
vn 0.4235 0.8933 -0.1505
vn 0.7877 0.5089 0.3472
vn 0.6981 0.7039 -0.1311
vn 0.7565 0.6538 -0.0166
vn 0.6338 0.7521 -0.1806
vn 0.5687 0.7925 -0.2204
vn 0.6338 0.7521 -0.1805
vn 0.6396 0.7672 0.0474
vn 0.6338 0.7522 -0.1806
vn 0.6396 0.7673 0.0475
vn 0.7133 0.6164 0.3336
vn 0.6976 0.6984 0.1597
vn 0.7287 0.6685 0.1489
vn 0.7233 0.6744 0.1484
vn 0.5937 0.7740 0.2201
vn 0.6976 0.6984 0.1598
vn 0.8390 0.5300 -0.1229
vn 0.8123 0.5696 -0.1257
vn -0.1042 0.9758 0.1922
vn -0.3301 0.6736 0.6613
vn 0.0000 0.7816 0.6238
vn 0.0000 0.9774 0.2115
vn -0.7543 0.5089 -0.4147
vn -0.6825 0.7271 -0.0748
vn -0.0880 0.8726 -0.4804
vn -0.3366 0.4533 -0.8253
vn 0.0000 0.5806 -0.8142
vn -0.3366 0.4533 -0.8254
vn -0.0881 0.8726 -0.4804
vn -0.0000 0.8722 -0.4892
vn 0.0000 0.9868 -0.1620
vn -0.7777 0.6213 -0.0957
vn -0.1042 0.9758 0.1923
vn -0.6825 0.7270 -0.0749
vn -0.7777 0.6213 -0.0956
vn -0.7544 0.5089 -0.4147
vn 0.1042 0.9758 0.1922
vn 0.3301 0.6736 0.6613
vn 0.7543 0.5089 -0.4147
vn 0.8427 0.4956 -0.2102
vn 0.3300 0.6736 0.6613
vn 0.6825 0.7271 -0.0748
vn 0.3366 0.4533 -0.8253
vn 0.0880 0.8726 -0.4804
vn 0.0881 0.8726 -0.4804
vn 0.3366 0.4533 -0.8254
vn 0.1042 0.9758 0.1923
vn 0.7777 0.6213 -0.0957
vn 0.6825 0.7270 -0.0749
vn 0.7777 0.6213 -0.0956
vn 0.7544 0.5089 -0.4147
vn 0.7616 0.2597 -0.5938
vn 0.7233 0.5296 0.4432
vn 0.7130 0.2679 -0.6479
vn 0.9529 0.2881 -0.0952
vn 0.2176 0.8946 -0.3904
vn 0.9234 0.2566 0.2856
vn 0.9854 0.0510 -0.1626
vn 0.9854 0.0510 -0.1627
vn 0.4689 -0.0418 -0.8823
vn 0.2177 0.8946 -0.3904
vn 0.0105 0.3370 -0.9414
vn -0.7616 0.6457 0.0559
vn -0.0224 0.8773 -0.4794
vn -0.0224 0.8773 -0.4795
vn 0.3338 0.2754 -0.9015
vn 0.0105 0.3370 -0.9415
vn -0.7965 0.6039 -0.0294
vn -0.7616 0.6457 0.0560
vn -0.2104 -0.0075 -0.9776
vn -0.7966 0.6038 -0.0294
vn 0.9255 0.0200 0.3783
vn 0.9233 0.2566 0.2857
vn 0.2176 0.8946 -0.3903
vn 0.1462 0.9339 -0.3263
vn 0.9254 0.0200 0.3784
vn -0.3906 0.1212 -0.9125
vn -0.0569 0.9228 -0.3810
vn -0.7615 0.6457 0.0560
vn -0.3907 0.1211 -0.9125
vn 0.4428 0.7518 0.4886
vn 0.1462 0.9339 -0.3264
vn -0.1984 0.6453 0.7377
vn -0.3671 0.9157 0.1635
vn -0.2175 0.8856 0.4103
vn -0.3671 0.9157 0.1636
vn -0.3670 0.9157 0.1636
vn -0.3907 0.1212 -0.9125
vn -0.3966 0.0388 -0.9172
vn -0.7953 0.4156 0.4414
vn 0.2177 0.8946 -0.3903
vn 0.3339 0.2754 -0.9015
vn -0.2174 0.8856 0.4103
vn -0.1986 0.6453 0.7376
vn -0.2175 0.8856 0.4104
vn 0.5701 0.8097 -0.1391
vn -0.5066 0.6482 0.5686
vn 0.4327 0.7125 0.5524
vn 0.8023 0.5742 -0.1629
vn -0.5015 0.7126 0.4906
vn 0.3255 0.8211 -0.4689
vn 0.1734 0.9273 -0.3317
vn 0.3644 0.6792 0.6371
vn 0.1733 0.9273 -0.3317
vn -0.1726 0.4576 0.8723
vn 0.1515 0.9008 -0.4069
vn -0.7859 0.2960 0.5429
vn -0.1727 0.4576 0.8722
vn -0.9238 0.3828 0.0080
vn 0.3256 0.8210 -0.4689
vn -0.2906 0.6645 -0.6884
vn -0.9238 0.3827 0.0080
vn -0.7208 0.5515 -0.4199
vn -0.7859 0.2961 0.5429
vn 0.1516 0.9008 -0.4069
vn 0.0098 0.4054 -0.9141
vn 0.2645 -0.3735 -0.8892
vn 0.6068 0.4042 -0.6844
vn 0.4154 -0.2650 -0.8702
vn -0.6380 0.7321 -0.2388
vn -0.3505 0.5044 -0.7892
vn -0.8845 0.4233 -0.1963
vn -0.8844 0.4233 -0.1964
vn -0.8255 0.0785 0.5589
vn 0.3112 0.9387 0.1482
vn 0.8392 -0.0241 0.5433
vn 0.9974 0.0026 0.0727
vn 0.9973 0.0027 0.0727
vn 0.6539 0.3267 -0.6824
vn 0.3112 0.9387 0.1481
vn 0.2254 0.7403 -0.6334
vn -0.7463 0.6280 0.2207
vn 0.0969 0.9951 0.0186
vn 0.5308 0.6285 -0.5685
vn 0.2253 0.7403 -0.6333
vn -0.7618 0.6364 0.1210
vn 0.2253 0.7404 -0.6333
vn 0.0138 0.4842 -0.8749
vn -0.7618 0.6364 0.1211
vn 0.8174 -0.2746 0.5065
vn 0.8392 -0.0241 0.5432
vn 0.2277 0.9512 0.2084
vn -0.1748 0.5871 -0.7905
vn 0.0419 0.9921 0.1181
vn -0.1748 0.5870 -0.7905
vn 0.3318 0.3688 0.8682
vn 0.8174 -0.2746 0.5064
vn 0.2277 0.9512 0.2085
vn -0.3502 0.2351 0.9067
vn 0.3319 0.3688 0.8682
vn -0.3825 0.7643 0.5192
vn -0.2923 0.6025 0.7426
vn 0.0419 0.9921 0.1182
vn -0.1748 0.5871 -0.7904
vn -0.3825 0.7643 0.5193
vn -0.1749 0.5870 -0.7905
vn -0.1806 0.5182 -0.8360
vn -0.8684 0.2482 0.4293
vn -0.3824 0.7643 0.5193
vn 0.5308 0.6285 -0.5686
vn -0.2922 0.6025 0.7427
vn -0.3502 0.2350 0.9067
vn 0.2277 0.9511 0.2085
vn -0.2923 0.6025 0.7427
vn -0.8544 0.2063 -0.4769
vn -0.4715 -0.1672 -0.8659
vn -0.9666 -0.0919 -0.2394
vn -0.9665 -0.0919 -0.2395
vn -0.8230 0.0771 0.5628
vn -0.8544 0.2064 -0.4769
vn -0.7667 0.6303 0.1220
vn -0.0410 0.6572 -0.7526
vn -0.4632 0.3986 -0.7915
vn -0.8859 -0.0932 -0.4544
vn -0.7667 0.6303 0.1219
vn -0.3484 0.8214 0.4516
vn -0.5146 0.7650 0.3873
vn 0.5232 0.7723 -0.3603
vn 0.3649 0.6494 -0.6672
vn 0.5036 0.8201 -0.2717
vn 0.5233 0.7723 -0.3603
vn -0.4399 0.6511 0.6186
vn 0.5036 0.8201 -0.2716
vn -0.0409 0.6573 -0.7526
vn 0.3650 0.6494 -0.6671
vn -0.4398 0.6512 0.6185
vn -0.2387 0.6300 0.7390
vn -0.2388 0.6298 0.7391
vn 0.5696 0.5892 0.5731
vn 0.5035 0.8201 -0.2717
vn -0.5660 0.8145 -0.1271
vn -0.3496 0.7216 -0.5976
vn -0.5337 0.5983 -0.5977
vn -0.5338 0.5982 -0.5977
vn -0.6759 0.6012 -0.4262
vn -0.5661 0.8145 -0.1271
vn -0.8481 0.4388 0.2968
vn -0.6759 0.6013 -0.4262
vn -0.6393 0.6446 0.4192
vn -0.6581 0.6716 0.3405
vn -0.6394 0.6446 0.4192
vn -0.6283 0.6498 0.4279
vn -0.5541 0.8016 0.2244
vn -0.6581 0.6716 0.3404
vn -0.4634 0.7104 0.5297
vn -0.6283 0.6497 0.4279
vn -0.6835 0.5150 0.5173
vn -0.5540 0.8017 0.2244
vn -0.4633 0.7104 0.5297
vn -0.4633 0.7104 0.5298
vn -0.4671 0.2121 0.8584
vn -0.1320 0.4333 -0.8915
vn -0.3497 0.7215 -0.5976
vn -0.4160 0.3855 -0.8236
vn 0.1884 0.0394 -0.9813
vn -0.0173 0.7457 0.6661
vn 0.6477 0.6012 -0.4680
vn -0.5113 0.4420 -0.7371
vn -0.5113 0.4420 -0.7370
vn -0.9315 0.3340 0.1442
vn -0.8349 0.5294 0.1507
vn 0.6086 0.6937 0.3851
vn 0.4959 0.7429 -0.4496
vn -0.1559 0.2724 -0.9495
vn -0.8349 0.5294 0.1506
vn -0.3797 0.6119 0.6938
vn 0.4561 0.8355 -0.3065
vn -0.5173 0.3267 -0.7910
vn -0.9998 -0.0200 -0.0089
vn -0.3796 0.6120 0.6938
vn 0.9997 0.0003 0.0251
vn 0.3216 0.3162 -0.8925
vn -0.1547 0.9765 0.1498
vn -0.1547 0.9765 0.1497
vn 0.5102 0.3705 0.7762
vn -0.7448 -0.1754 -0.6438
vn -0.7448 -0.1755 -0.6438
vn -0.9517 0.1811 0.2478
vn -0.1547 0.9766 0.1497
vn -0.8448 0.4838 -0.2288
vn -0.8213 0.5530 0.1403
vn 0.3431 0.9381 -0.0485
vn -0.5675 0.6673 -0.4823
vn -0.8447 0.4838 -0.2288
vn 0.4977 0.7883 -0.3618
vn -0.0174 0.9220 -0.3867
vn 0.0586 0.8828 0.4661
vn 0.1183 0.6761 0.7273
vn 0.6805 0.5495 0.4848
vn -0.0658 0.8901 0.4511
vn -0.0658 0.8900 0.4511
vn -0.2891 0.5837 -0.7588
vn 0.4978 0.7882 -0.3618
vn 0.5025 0.6225 0.6000
vn 0.7308 0.6249 0.2746
vn 0.6162 0.7730 0.1506
vn -0.7604 0.6298 -0.1584
vn -0.8880 0.4220 -0.1827
vn -0.8880 0.4219 -0.1826
vn -0.7456 0.5430 0.3863
vn 0.6162 0.7731 0.1507
vn 0.0045 0.9488 0.3157
vn 0.6162 0.7731 0.1506
vn -0.7456 0.5430 0.3862
vn 0.0045 0.9489 0.3157
vn 0.7966 0.4676 0.3830
vn 0.7739 0.4129 -0.4801
vn 0.7739 0.4130 -0.4801
vn 0.0044 0.9488 0.3157
vn -0.1856 0.5488 0.8151
vn -0.0637 0.7834 0.6183
vn -0.4555 0.2616 0.8510
vn -0.4554 0.2616 0.8510
vn -0.5742 -0.0497 0.8172
vn -0.0280 0.4797 0.8770
vn -0.0636 0.7834 0.6183
vn 0.1727 0.4540 0.8741
vn -0.6587 0.3294 0.6764
vn -0.0279 0.4798 0.8770
vn 0.1727 0.4539 0.8741
vn -0.6336 0.6190 -0.4641
vn -0.7604 0.6298 -0.1583
vn -0.8717 0.3899 -0.2969
vn -0.8716 0.3900 -0.2969
vn -0.3610 -0.1375 -0.9224
vn -0.6336 0.6190 -0.4642
vn -0.8880 0.4220 -0.1826
vn -0.6335 0.6190 -0.4642
vn -0.7356 0.5892 0.3344
vn -0.5876 0.3668 0.7212
vn 0.0585 0.8828 0.4661
vn -0.7355 0.5892 0.3344
vn -0.0174 0.9220 -0.3868
vn -0.7141 0.4814 0.5082
vn 0.0738 0.7249 0.6849
vn 0.7029 0.1123 0.7024
vn 0.9219 -0.3610 0.1406
vn -0.5023 -0.3261 0.8008
vn -0.4478 0.0275 0.8937
vn -0.9036 0.2787 0.3254
vn -0.3043 0.6357 0.7094
vn -0.7142 0.4814 0.5082
vn -0.2892 0.5836 -0.7588
vn 0.3431 0.9381 -0.0484
vn 0.6804 0.5495 0.4848
vn 0.2030 0.9211 0.3323
vn 0.5260 0.7863 0.3241
vn 0.8843 0.4413 0.1529
vn 0.5710 0.5603 -0.6000
vn 0.5711 0.5603 -0.5999
vn 0.1529 0.9871 0.0465
vn 0.5261 0.7863 0.3241
vn 0.0138 0.5926 -0.8054
vn -0.9627 0.2690 -0.0279
vn -0.1023 0.9800 -0.1708
vn -0.1024 0.9800 -0.1709
vn 0.3729 0.6377 -0.6740
vn 0.0139 0.5926 -0.8054
vn -0.9426 0.3167 -0.1061
vn 0.0138 0.5926 -0.8053
vn -0.1443 0.1695 -0.9749
vn 0.1066 0.9882 0.1103
vn 0.6284 0.6630 0.4068
vn 0.5260 0.7863 0.3240
vn 0.1066 0.9882 0.1102
vn -0.4480 0.6766 -0.5844
vn -0.1872 0.9818 -0.0318
vn -0.3258 0.6100 0.7223
vn 0.4975 0.4652 0.7321
vn 0.6285 0.6630 0.4068
vn -0.3258 0.6101 0.7223
vn -0.7203 0.5914 0.3625
vn -0.4246 0.6403 0.6401
vn -0.1872 0.9818 -0.0317
vn -0.7203 0.5914 0.3626
vn -0.1370 0.2407 -0.9609
vn -0.9641 0.2641 -0.0280
vn 0.5711 0.5603 -0.6000
vn -0.4247 0.6403 0.6401
vn -0.3259 0.6100 0.7223
vn 0.5746 0.7634 -0.2950
vn 0.1054 0.9763 -0.1891
vn 0.6508 0.3796 0.6575
vn 0.8466 0.4483 -0.2869
vn 0.2586 0.9613 -0.0949
vn 0.9159 0.3935 -0.0792
vn 0.6508 0.3797 0.6575
vn 0.1054 0.9763 -0.1890
vn 0.2585 0.9613 -0.0949
vn 0.2557 0.9173 0.3053
vn 0.2309 0.6557 0.7189
vn 0.9159 0.3935 -0.0791
vn 0.2557 0.9173 0.3052
vn 0.2015 0.3618 -0.9102
vn -0.3330 0.8496 -0.4089
vn -0.3706 0.8639 -0.3412
vn -0.3330 0.8497 -0.4089
vn -0.3706 0.8639 -0.3411
vn -0.5365 0.7036 0.4660
vn -0.5365 0.7036 0.4659
vn 0.4931 0.2835 0.8225
vn 0.9197 -0.0210 -0.3921
vn -0.0133 0.3081 -0.9513
vn -0.5656 0.6371 -0.5236
vn -0.6333 0.6741 -0.3801
vn -0.6422 0.6479 0.4096
vn -0.6421 0.6480 0.4096
vn 0.3086 0.7812 0.5427
vn 0.7487 0.5474 0.3739
vn 0.5166 0.7640 -0.3866
vn 0.5166 0.7640 -0.3865
vn -0.0589 0.9670 0.2478
vn 0.3087 0.7812 0.5427
vn -0.0046 0.7404 -0.6722
vn -0.9857 0.0963 -0.1381
vn -0.2775 0.9607 -0.0064
vn 0.3180 0.8192 -0.4772
vn -0.0045 0.7404 -0.6722
vn -0.1122 0.9466 0.3022
vn 0.4227 0.6632 0.6177
vn 0.3087 0.7812 0.5426
vn -0.0589 0.9670 0.2479
vn -0.4981 0.6944 -0.5193
vn -0.3779 0.9187 0.1147
vn -0.2774 0.9607 -0.0064
vn -0.2775 0.9607 -0.0065
vn -0.5330 0.3796 0.7561
vn 0.2944 0.3823 0.8759
vn 0.4227 0.6632 0.6176
vn -0.1123 0.9466 0.3022
vn -0.5331 0.3797 0.7561
vn -0.8661 0.3676 0.3386
vn -0.6247 0.4086 0.6655
vn -0.3780 0.9187 0.1147
vn -0.0590 0.9670 0.2478
vn 0.3180 0.8193 -0.4771
vn -0.0590 0.9670 0.2479
vn -0.6247 0.4086 0.6654
vn -0.5331 0.3796 0.7561
vn -0.6246 0.4086 0.6655
vn -0.1155 0.9415 0.3168
vn 0.5544 0.5187 -0.6508
vn -0.4541 0.3104 -0.8351
vn -0.4541 0.3104 -0.8352
vn -0.9699 -0.2130 0.1177
vn -0.1155 0.9414 0.3168
vn -0.7371 0.6589 -0.1500
vn -0.1305 0.6153 -0.7774
vn -0.4689 0.3562 -0.8082
vn -0.4690 0.3562 -0.8082
vn -0.8464 0.1105 -0.5209
vn -0.5358 0.6139 -0.5797
vn -0.4858 0.4445 -0.7526
vn -0.8348 0.4609 -0.3012
vn -0.9984 -0.0373 0.0423
vn -0.2214 0.5169 -0.8269
vn 0.0093 0.5226 -0.8525
vn 0.3485 0.5483 -0.7603
vn -0.2214 0.5170 -0.8269
vn 0.0092 0.5226 -0.8525
vn 0.7878 0.2936 -0.5414
vn 0.3485 0.5482 -0.7603
vn -0.5806 0.7675 0.2716
vn -0.8222 0.4402 0.3608
vn 0.0418 0.7213 0.6914
vn 0.0418 0.7212 0.6914
vn 0.0652 0.3539 0.9330
vn -0.5807 0.7675 0.2716
vn -0.8043 0.3353 -0.4906
vn -0.9718 0.0479 -0.2307
vn 0.3388 0.8269 -0.4488
vn -0.3556 0.5205 0.7763
vn -0.1562 0.8454 0.5109
vn -0.1561 0.8454 0.5109
vn 0.5743 0.8132 -0.0940
vn 0.3610 0.6171 -0.6992
vn -0.7162 0.6699 0.1956
vn -0.7162 0.6700 0.1955
vn 0.3287 0.4620 0.8237
vn 0.3286 0.4619 0.8238
vn 0.7484 0.5404 0.3844
vn 0.5743 0.8133 -0.0940
vn -0.7372 0.6589 -0.1499
vn 0.7852 0.5736 -0.2333
vn 0.2144 0.3014 -0.9291
vn -0.5159 0.8532 -0.0771
vn -0.5159 0.8532 -0.0770
vn 0.4153 0.2733 0.8676
vn 0.7852 0.5736 -0.2334
vn -0.3119 0.8189 0.4817
vn 0.5353 0.7251 -0.4332
vn -0.3923 0.4275 -0.8144
vn -0.3923 0.4275 -0.8145
vn -0.9268 -0.3659 -0.0845
vn 0.8708 0.4328 0.2333
vn 0.8586 0.2280 0.4592
vn -0.1770 0.9290 0.3249
vn -0.1770 0.9290 0.3250
vn -0.3636 0.7725 0.5206
vn 0.1691 0.6562 -0.7354
vn 0.3387 0.8009 0.4938
vn 0.1149 0.9558 0.2706
vn 0.1148 0.9558 0.2705
vn 0.5821 0.4570 -0.6725
vn 0.1691 0.6561 -0.7355
vn 0.5568 0.6591 0.5055
vn 0.5611 0.7205 0.4075
vn -0.1629 0.9865 0.0154
vn -0.1630 0.9865 0.0154
vn -0.2548 0.9668 -0.0187
vn -0.2547 0.9668 -0.0188
vn -0.2725 0.9609 0.0488
vn 0.5504 0.4868 0.6783
vn 0.5503 0.4868 0.6783
vn -0.1555 0.9378 -0.3103
vn -0.1632 0.9866 -0.0075
vn 0.6283 0.6648 0.4039
vn 0.6283 0.6649 0.4039
vn 0.7497 0.4205 0.5111
vn -0.1555 0.9378 -0.3104
vn 0.7496 0.4206 0.5111
vn 0.3387 0.8010 0.4937
vn 0.3387 0.8009 0.4937
vn 0.1148 0.9558 0.2706
vn 0.3443 0.9389 0.0019
vn 0.8060 0.3539 -0.4745
vn 0.8060 0.3538 -0.4745
vn -0.2494 0.9675 -0.0415
vn 0.6005 0.7606 0.2468
vn 0.7984 0.6017 -0.0225
vn 0.7985 0.6016 -0.0225
vn 0.3443 0.9389 0.0020
vn 0.8901 0.1935 -0.4126
vn 0.6006 0.7606 0.2467
vn 0.6006 0.7605 0.2467
vn 0.6933 0.5226 0.4962
vn 0.6284 0.6648 0.4039
vn -0.1632 0.9866 -0.0076
vn -0.0832 0.9901 0.1127
vn 0.6933 0.5227 0.4961
vn -0.0831 0.9901 0.1127
vn -0.1771 0.9290 0.3250
vn 0.6933 0.5226 0.4961
vn -0.3461 0.6124 -0.7108
vn -0.5635 0.6040 -0.5636
vn -0.6926 0.5076 -0.5124
vn -0.7004 0.5746 -0.4233
vn -0.7714 0.5780 -0.2660
vn -0.8307 0.5548 -0.0449
vn 0.5128 0.3829 -0.7684
vn 0.3592 0.4214 -0.8327
vn -0.4127 0.3992 -0.8187
vn 0.4848 0.2970 -0.8227
vn -0.3133 0.6358 -0.7054
vn -0.4855 0.7023 -0.5205
vn 0.1898 0.4934 -0.8488
vn -0.4855 0.7024 -0.5205
vn -0.4526 0.7895 -0.4146
vn -0.6265 0.7718 -0.1087
vn -0.6264 0.7719 -0.1087
vn -0.6963 0.7167 -0.0378
vn -0.8103 -0.0113 -0.5859
vn -0.7462 -0.0178 -0.6655
vn -0.7162 0.4174 -0.5593
vn -0.9362 0.3332 -0.1119
vn -0.7436 0.6685 0.0150
vn -0.7436 0.6685 0.0151
vn -0.4701 0.8468 -0.2488
vn -0.7162 0.4173 -0.5593
vn -0.1780 0.9453 -0.2735
vn 0.4570 0.7630 -0.4571
vn 0.0866 0.9139 0.3965
vn 0.0867 0.9140 0.3964
vn -0.2726 0.9609 0.0488
vn -0.0927 0.9953 0.0277
vn -0.3839 0.9195 -0.0843
vn 0.7174 0.4931 0.4921
vn 0.8409 0.2144 0.4970
vn 0.7794 0.5001 0.3774
vn 0.7794 0.5002 0.3774
vn -0.3839 0.9195 -0.0844
vn -0.1516 0.9877 0.0392
vn 0.8115 0.3279 0.4837
vn 0.4858 0.4920 0.7225
vn 0.8115 0.3280 0.4837
vn -0.6030 0.7171 0.3496
vn 0.4858 0.4919 0.7225
vn -0.3671 0.1734 0.9139
vn -0.6030 0.7171 0.3495
vn 0.9118 0.3125 -0.2663
vn 0.6520 0.3133 -0.6904
vn 0.8189 0.2588 -0.5123
vn 0.1992 0.6422 -0.7402
vn -0.0530 0.5242 -0.8499
vn 0.6520 0.3133 -0.6905
vn 0.5868 0.5437 -0.6001
vn 0.8188 0.2588 -0.5123
vn 0.4973 0.2810 -0.8208
vn 0.6758 0.5653 -0.4730
vn 0.7475 0.4880 -0.4506
vn 0.6795 0.2624 -0.6851
vn -0.0530 0.5243 -0.8499
vn 0.6795 0.2625 -0.6851
vn 0.7475 0.4880 -0.4507
vn 0.6795 0.2625 -0.6852
vn 0.6758 0.5653 -0.4729
vn 0.6795 0.2624 -0.6852
vn 0.7475 0.4879 -0.4507
vn 0.8779 0.3130 -0.3624
vn 0.5307 -0.3250 0.7828
vn 0.7991 -0.4157 0.4343
vn -0.1352 -0.7823 0.6080
vn -0.5547 0.6501 -0.5192
vn -0.6230 0.4359 -0.6496
vn -0.7327 0.6801 0.0251
vn -0.7004 0.5746 -0.4234
vn -0.5975 0.6777 -0.4286
vn -0.8589 0.4952 0.1306
vn -0.8637 0.3928 0.3157
vn -0.6827 0.6717 -0.2878
vn -0.9755 0.2095 0.0664
vn -0.8899 0.3341 -0.3104
vn -0.6827 0.6717 -0.2877
vn -0.8637 0.3929 0.3157
vn -0.9756 0.2094 0.0663
vn -0.7014 0.6631 -0.2614
vn -0.7898 0.5894 -0.1700
vn -0.7014 0.6631 -0.2615
vn 0.6863 0.0982 0.7206
vn 0.4862 0.3887 0.7826
vn 0.8345 0.0450 0.5492
vn -0.4630 0.6287 -0.6248
vn -0.4046 0.1980 -0.8928
vn -0.2738 0.2615 -0.9255
vn -0.2738 0.2615 -0.9256
vn -0.3833 0.7869 -0.4835
vn -0.4631 0.6287 -0.6248
vn -0.5401 0.7031 -0.4626
vn -0.3833 0.7870 -0.4835
vn -0.5688 0.4960 -0.6560
vn -0.4494 0.5695 -0.6882
vn -0.6722 0.3998 -0.6231
vn -0.4494 0.5695 -0.6883
vn -0.5931 0.3921 -0.7032
vn -0.6722 0.3998 -0.6232
vn -0.4298 0.7468 -0.5075
vn -0.5548 0.6501 -0.5192
vn -0.4472 0.4944 -0.7454
vn -0.7581 0.5947 -0.2676
vn -0.7993 0.5772 -0.1673
vn -0.7581 0.5946 -0.2677
vn 0.1897 0.4934 -0.8488
vn -0.2094 0.4708 -0.8570
vn -0.2963 0.7015 -0.6481
vn -0.2963 0.7016 -0.6481
vn -0.7436 0.6684 0.0150
vn -0.6295 0.7674 0.1219
vn -0.6640 0.7223 0.1933
vn -0.6551 0.6067 0.4503
vn -0.8345 0.5040 -0.2227
vn -0.6295 0.7674 0.1220
vn -0.6963 0.7167 -0.0377
vn -0.8996 0.1272 -0.4177
vn -0.8345 0.5039 -0.2227
vn 0.3593 0.4214 -0.8327
vn -0.0438 0.9960 -0.0783
vn -0.3457 0.9164 0.2017
vn 0.1993 0.9542 0.2229
vn -0.3146 0.9183 0.2403
vn 0.1994 0.9542 0.2229
vn -0.3295 0.8441 0.4230
vn -0.2685 0.7947 0.5443
vn -0.2685 0.7948 0.5443
vn -0.1066 0.7893 0.6047
vn -0.1067 0.7893 0.6047
vn 0.0257 0.7507 0.6602
vn 0.0256 0.7507 0.6601
vn 0.0495 0.7207 0.6915
vn -0.6060 0.7954 0.0104
vn -0.0438 0.9960 -0.0782
vn -0.3285 0.8430 -0.4260
vn -0.6198 0.7628 0.1842
vn -0.5914 0.6716 0.4463
vn -0.8085 0.5482 -0.2140
vn -0.3285 0.8430 -0.4259
vn -0.3286 0.8430 -0.4260
vn -0.5385 0.5019 -0.6768
vn 0.2906 0.9039 -0.3138
vn 0.2907 0.9039 -0.3139
vn 0.3220 0.9058 -0.2755
vn 0.3219 0.9058 -0.2755
vn 0.5020 0.8278 -0.2507
vn 0.6068 0.7775 -0.1650
vn 0.6068 0.7776 -0.1649
vn 0.6322 0.7748 0.0060
vn 0.6322 0.7747 0.0060
vn 0.6581 0.7383 0.1477
vn 0.6832 0.7082 0.1780
vn 0.1993 0.9543 0.2229
vn 0.4120 0.7684 0.4897
vn 0.2906 0.9039 -0.3139
vn 0.1545 0.7804 -0.6058
vn 0.1545 0.7805 -0.6058
vn 0.3266 0.7442 -0.5826
vn 0.5020 0.8277 -0.2507
vn 0.5749 0.6486 -0.4987
vn 0.6068 0.7775 -0.1649
vn 0.7433 0.5103 -0.4326
vn 0.7432 0.5103 -0.4328
vn 0.5749 0.6487 -0.4987
vn 0.8143 0.5557 -0.1674
vn 0.6068 0.7776 -0.1650
vn 0.8794 0.4562 0.1358
vn 0.8143 0.5557 -0.1675
vn 0.8344 0.4770 0.2761
vn 0.6832 0.7082 0.1781
vn -0.0289 0.5328 -0.8457
vn -0.0289 0.5329 -0.8457
vn -0.5385 0.5020 -0.6768
vn 0.2691 0.3847 -0.8829
vn 0.3266 0.7442 -0.5827
vn 0.6111 0.3613 -0.7043
vn 0.2691 0.3847 -0.8830
vn 0.0374 0.1570 -0.9869
vn 0.2145 0.3293 -0.9196
vn 0.4538 0.1596 -0.8767
vn -0.1999 0.2921 -0.9353
vn 0.0375 0.1570 -0.9869
vn 0.6313 0.7725 0.0690
vn 0.9546 0.2589 -0.1476
vn -0.1457 0.9261 -0.3480
vn -0.5501 0.6702 0.4982
vn 0.6314 0.7724 0.0689
vn -0.1458 0.9261 -0.3480
vn 0.9546 0.2589 -0.1477
vn 0.8137 0.4674 -0.3456
vn -0.5062 0.6837 -0.5256
vn -0.5063 0.6837 -0.5256
vn 0.8878 0.2125 -0.4082
vn 0.8878 0.2124 -0.4083
vn -0.7033 0.2621 -0.6609
vn -0.5062 0.6838 -0.5256
vn -0.8523 0.5223 0.0277
vn 0.0648 0.8920 0.4474
vn 0.0000 0.8832 0.4690
vn -0.0000 0.8832 0.4689
vn -0.0000 0.9975 -0.0711
vn -0.4631 0.7644 -0.4486
vn -0.0000 0.9975 -0.0710
vn -0.0000 0.7052 -0.7090
vn -0.4631 0.7644 -0.4485
vn 0.0000 0.3068 -0.9518
vn -0.8389 0.2321 -0.4923
vn -0.9679 0.2389 -0.0778
vn -0.0000 0.5505 0.8348
vn 0.7763 0.4211 0.4690
vn -0.0648 0.8920 0.4473
vn 0.8523 0.5223 0.0277
vn 0.4631 0.7644 -0.4485
vn 0.4631 0.7644 -0.4486
vn 0.8805 0.1832 -0.4372
vn 0.0000 0.4876 -0.8730
vn -0.0000 0.7051 -0.7091
vn 0.9679 0.2389 -0.0778
vn 0.8389 0.2321 -0.4923
vn -0.0000 0.3067 -0.9518
vn 0.1457 0.9261 -0.3480
vn -0.9546 0.2589 -0.1477
vn -0.6314 0.7724 0.0690
vn -0.6314 0.7724 0.0689
vn 0.5501 0.6702 0.4983
vn 0.1458 0.9261 -0.3480
vn -0.8137 0.4674 -0.3456
vn 0.5062 0.6837 -0.5256
vn -0.6905 0.7216 0.0497
vn 0.6851 0.7277 -0.0330
vn 0.1966 0.8744 0.4435
vn 0.1966 0.8744 0.4436
vn -0.8032 0.5483 0.2328
vn 0.3683 0.8822 -0.2933
vn 0.6851 0.7277 -0.0329
vn -0.6905 0.7216 0.0498
vn -0.7659 0.5961 -0.2411
vn 0.2863 0.7376 -0.6116
vn -0.7659 0.5960 -0.2411
vn -0.7969 0.4360 -0.4182
vn -0.0000 0.9999 -0.0128
vn 0.7633 0.6450 -0.0373
vn 0.5897 0.7604 0.2721
vn 0.0000 0.9185 0.3954
vn 0.0000 0.9999 -0.0127
vn -0.8305 0.5559 0.0365
vn -0.8194 0.5335 0.2096
vn 0.2863 0.8650 0.4121
vn -0.0000 0.9623 -0.2721
vn 0.7436 0.6197 -0.2511
vn 0.7633 0.6449 -0.0373
vn 0.0000 0.9623 -0.2722
vn 0.3943 0.8675 -0.3033
vn -0.7594 0.6217 -0.1919
vn -0.8304 0.5559 0.0365
vn -0.0000 0.8221 -0.5694
vn 0.6323 0.5645 -0.5306
vn 0.7438 0.6185 -0.2535
vn 0.1938 0.7316 -0.6536
vn -0.7784 0.5044 -0.3736
vn -0.7594 0.6217 -0.1918
vn -0.0000 0.4052 -0.9142
vn 0.6562 0.2755 -0.7025
vn -0.7764 0.2806 -0.5643
vn 0.1937 0.7316 -0.6536
vn 0.2931 0.4949 -0.8180
vn 0.6960 0.6077 -0.3824
vn 0.3866 0.4777 -0.7889
vn 0.3866 0.4776 -0.7889
vn 0.2156 0.4157 -0.8836
vn 0.2932 0.4949 -0.8180
vn -0.1539 0.4886 -0.8588
vn -0.1787 0.4269 -0.8865
vn -0.8203 0.3041 -0.4844
vn -0.7924 0.4134 -0.4486
vn -0.3669 0.5137 -0.7755
vn 0.3060 0.4844 -0.8196
vn 0.6961 0.6077 -0.3824
vn 0.8625 0.2621 -0.4328
vn -0.1963 0.4484 -0.8720
vn -0.0552 0.7225 -0.6891
vn -0.8010 0.3958 -0.4492
vn -0.6459 0.2331 -0.7270
vn -0.1964 0.4483 -0.8720
vn -0.4882 0.3511 0.7990
vn -0.0433 0.0947 0.9946
vn -0.2337 -0.2282 0.9452
vn 0.9056 0.3458 0.2455
vn 0.8974 0.3638 0.2497
vn 0.8804 0.4742 -0.0060
vn 0.8804 0.4742 -0.0061
vn -0.6903 0.5415 -0.4799
vn -0.9796 0.1966 -0.0412
vn -0.9656 0.0911 -0.2436
vn -0.9703 0.2414 -0.0159
vn -0.9050 0.4155 0.0916
vn -0.9050 0.4155 0.0915
vn 0.4122 0.4288 -0.8039
vn -0.3398 0.3897 -0.8560
vn -0.3464 0.3991 -0.8489
vn 0.4122 0.4289 -0.8039
vn 0.4050 0.4237 -0.8102
vn 0.4083 0.4168 -0.8121
vn -0.3387 0.3944 -0.8543
vn 0.6905 0.7216 0.0497
vn -0.1967 0.8744 0.4435
vn -0.6851 0.7277 -0.0330
vn -0.1966 0.8744 0.4436
vn 0.6906 0.7216 0.0497
vn 0.8032 0.5483 0.2328
vn -0.3683 0.8822 -0.2933
vn 0.6905 0.7216 0.0498
vn -0.6851 0.7277 -0.0329
vn 0.7659 0.5961 -0.2411
vn -0.2863 0.7376 -0.6116
vn 0.7659 0.5960 -0.2411
vn 0.7969 0.4360 -0.4182
vn -0.0713 0.4098 -0.9094
vn 0.7969 0.4361 -0.4181
vn -0.2863 0.7376 -0.6115
vn -0.0713 0.4097 -0.9094
vn 0.7937 0.2281 -0.5639
vn -0.5897 0.7604 0.2721
vn -0.7633 0.6450 -0.0373
vn 0.8305 0.5559 0.0365
vn -0.2863 0.8650 0.4121
vn 0.8194 0.5335 0.2096
vn -0.7633 0.6450 -0.0372
vn -0.7436 0.6197 -0.2511
vn -0.3943 0.8675 -0.3033
vn 0.8304 0.5559 0.0365
vn 0.7594 0.6217 -0.1919
vn -0.6323 0.5645 -0.5306
vn -0.1937 0.7316 -0.6537
vn -0.1937 0.7316 -0.6536
vn 0.7784 0.5044 -0.3736
vn -0.6562 0.2755 -0.7025
vn -0.1938 0.7315 -0.6537
vn 0.7764 0.2806 -0.5643
vn -0.4789 0.3821 -0.7904
vn 0.7784 0.5044 -0.3737
vn -0.5467 0.6294 0.5523
vn 0.0000 0.9185 0.3955
vn -0.0000 0.5090 0.8608
vn -0.4742 0.5867 0.6564
vn 0.8992 0.2890 0.3284
vn 0.2525 -0.0832 -0.9640
vn 0.1787 0.4269 -0.8865
vn 0.1874 -0.0820 -0.9789
vn 0.6755 0.0895 -0.7319
vn 0.7924 0.4134 -0.4486
vn 0.8203 0.3041 -0.4844
vn 0.3669 0.5137 -0.7755
vn -0.2932 0.4949 -0.8180
vn -0.3060 0.4844 -0.8196
vn 0.1539 0.4886 -0.8588
vn -0.6960 0.6077 -0.3824
vn -0.8625 0.2621 -0.4328
vn 0.7924 0.4133 -0.4486
vn 0.3670 0.5137 -0.7755
vn 0.9541 0.2502 -0.1643
vn 0.7924 0.4133 -0.4487
vn 0.1963 0.4483 -0.8720
vn 0.8010 0.3958 -0.4492
vn 0.0552 0.7225 -0.6891
vn 0.1964 0.4483 -0.8720
vn 0.6459 0.2331 -0.7270
vn -0.9056 0.3458 0.2455
vn -0.8804 0.4742 -0.0060
vn -0.8974 0.3638 0.2497
vn 0.6903 0.5415 -0.4799
vn 0.9656 0.0911 -0.2436
vn 0.9796 0.1967 -0.0412
vn 0.9050 0.4155 0.0916
vn 0.9703 0.2414 -0.0159
vn 0.9050 0.4155 0.0915
vn 0.9796 0.1966 -0.0412
vn 0.6976 0.0881 -0.7111
vn -0.4382 0.5474 -0.7130
vn -0.2135 0.9730 0.0875
vn -0.2136 0.9730 0.0875
vn 0.8193 0.5658 0.0927
vn 0.6975 0.0881 -0.7111
vn 0.8110 0.0675 -0.5812
vn -0.3075 0.5139 -0.8009
vn -0.2349 0.9720 0.0102
vn -0.2349 0.9720 0.0103
vn 0.7826 0.5885 0.2028
vn 0.8110 0.0675 -0.5811
vn -0.4409 0.6892 0.5750
vn 0.4113 0.2550 0.8751
vn -0.3213 0.8952 -0.3089
vn 0.4113 0.2549 0.8751
vn 0.4828 0.6163 -0.6221
vn 0.4828 0.6164 -0.6221
vn 0.9794 0.1957 0.0487
vn 0.2568 0.3824 -0.8876
vn 0.5904 0.5286 -0.6100
vn -0.7024 0.7070 -0.0823
vn -0.2585 0.9402 0.2219
vn 0.5903 0.5285 -0.6101
vn 0.7083 0.5754 -0.4089
vn -0.7106 0.5820 -0.3955
vn -0.7106 0.5820 -0.3954
vn -0.7024 0.7070 -0.0824
vn 0.2732 0.9361 0.2218
vn 0.2732 0.9360 0.2218
vn -0.2763 0.4205 -0.8642
vn 0.7066 0.7011 -0.0958
vn -0.6222 0.5345 -0.5719
vn -0.6223 0.5345 -0.5719
vn 0.7065 0.7012 -0.0958
vn 0.7106 0.5820 -0.3955
vn 0.7106 0.5819 -0.3955
vn -0.7083 0.5754 -0.4089
vn 0.2276 0.3660 -0.9024
vn 0.5489 0.5441 -0.6346
vn -0.7020 0.7098 -0.0576
vn -0.7020 0.7098 -0.0577
vn -0.2551 0.9339 0.2504
vn 0.2276 0.3659 -0.9024
vn 0.7084 0.5877 -0.3909
vn -0.7101 0.5936 -0.3787
vn -0.7100 0.5936 -0.3787
vn -0.7021 0.7098 -0.0577
vn -0.2553 0.9339 0.2504
vn 0.2734 0.9288 0.2501
vn -0.2754 0.4435 -0.8529
vn 0.2735 0.9288 0.2501
vn 0.7073 0.7030 -0.0748
vn 0.7073 0.7029 -0.0748
vn -0.6207 0.5512 -0.5576
vn -0.6208 0.5511 -0.5576
vn 0.7100 0.5937 -0.3787
vn 0.7101 0.5937 -0.3787
vn -0.7084 0.5877 -0.3908
vn -0.6207 0.5512 -0.5575
vn -0.3167 0.4915 -0.8112
vn -0.0363 0.1854 -0.9820
vn 0.1021 0.9729 0.2075
vn 0.1022 0.9729 0.2075
vn 0.4219 0.8894 0.1757
vn -0.3168 0.4915 -0.8112
vn 0.4220 0.8894 0.1757
vn 0.7300 0.6530 -0.2015
vn 0.7300 0.6530 -0.2016
vn -0.6747 0.5539 -0.4878
vn 0.7056 0.5777 -0.4104
vn -0.7086 0.5752 -0.4087
vn -0.6747 0.5539 -0.4879
vn 0.7055 0.5777 -0.4104
vn -0.6288 0.7522 -0.1968
vn 0.6320 0.7495 -0.1972
vn 0.6310 0.3903 -0.6705
vn -0.6294 0.3933 -0.6702
vn -0.6288 0.7523 -0.1968
vn -0.6288 0.6717 0.3917
vn -0.6288 0.6717 0.3918
vn 0.6320 0.6687 0.3918
vn 0.6319 0.7495 -0.1972
vn -0.6290 0.7520 -0.1970
vn 0.6316 0.7498 -0.1972
vn 0.6310 0.3901 -0.6706
vn 0.6310 0.3900 -0.6706
vn -0.6295 0.3934 -0.6701
vn 0.6315 0.7498 -0.1973
vn -0.6289 0.6717 0.3915
vn -0.6289 0.6717 0.3916
vn 0.6315 0.6692 0.3916
vn -0.6305 0.7509 -0.1966
vn 0.6301 0.7509 -0.1976
vn 0.6303 0.3908 -0.6708
vn 0.6303 0.3907 -0.6709
vn -0.6302 0.3925 -0.6699
vn -0.6305 0.7509 -0.1967
vn 0.6302 0.7509 -0.1975
vn -0.6293 0.6679 0.3974
vn 0.6290 0.6689 0.3962
vn -0.6278 0.7531 -0.1969
vn 0.6326 0.7490 -0.1972
vn 0.6316 0.3894 -0.6704
vn -0.6290 0.3939 -0.6702
vn 0.6326 0.7489 -0.1972
vn -0.6279 0.6724 0.3919
vn -0.6280 0.6724 0.3918
vn 0.6326 0.6681 0.3917
vn 0.6328 0.7488 -0.1972
vn 0.6313 0.3897 -0.6706
vn -0.6290 0.3939 -0.6703
vn -0.6280 0.6724 0.3919
vn 0.6325 0.6682 0.3917
vn -0.6274 0.7534 -0.1970
vn -0.6291 0.3937 -0.6702
vn -0.6273 0.7534 -0.1970
vn 0.6327 0.7489 -0.1971
vn -0.6278 0.6726 0.3918
vn -0.6278 0.6726 0.3917
vn 0.6327 0.6681 0.3916
vn -0.6278 0.7530 -0.1970
vn 0.6330 0.7486 -0.1972
vn 0.6315 0.3894 -0.6705
vn -0.6288 0.3937 -0.6706
vn -0.6278 0.7531 -0.1970
vn 0.6330 0.6679 0.3914
vn -0.6273 0.7534 -0.1972
vn 0.6328 0.7489 -0.1971
vn 0.6317 0.3893 -0.6704
vn 0.6317 0.3893 -0.6703
vn -0.6289 0.3936 -0.6705
vn 0.6328 0.7488 -0.1971
vn -0.6273 0.7534 -0.1971
vn 0.6327 0.6681 0.3915
vn 0.2971 0.7809 -0.5495
vn 0.2971 0.6452 0.7038
vn 0.7173 0.3632 -0.5947
vn 0.7173 0.2275 0.6586
vn 0.7173 0.3631 -0.5946
vn 0.2972 0.6452 0.7038
vn -0.2969 0.7898 -0.5367
vn -0.2969 0.6348 0.7134
vn 0.2971 0.6453 0.7038
vn 0.2972 0.6453 0.7038
vn -0.2970 0.7898 -0.5366
vn 0.2969 0.7899 -0.5366
vn 0.2969 0.6348 0.7133
vn 0.7173 0.2168 0.6622
vn 0.7173 0.3723 -0.5890
vn 0.2970 0.7898 -0.5367
vn -0.2970 0.6348 0.7133
vn 0.2970 0.6348 0.7133
vn 0.2976 0.7940 -0.5300
vn 0.2977 0.6276 0.7194
vn 0.7174 0.2107 0.6640
vn 0.7174 0.2108 0.6640
vn 0.7174 0.3773 -0.5857
vn 0.2976 0.7941 -0.5300
vn 0.2975 0.6276 0.7194
vn -0.2976 0.7941 -0.5299
vn -0.2976 0.6276 0.7194
vn 0.2976 0.6276 0.7194
vn -0.5263 0.8241 -0.2096
vn 0.7227 0.6523 -0.2282
vn 0.6650 0.2840 -0.6907
vn 0.6650 0.2840 -0.6908
vn -0.5836 0.4557 -0.6721
vn 0.7228 0.6523 -0.2282
vn -0.5263 0.7602 0.3809
vn 0.7229 0.5884 0.3623
vn -0.5259 0.8243 -0.2096
vn 0.7224 0.6527 -0.2282
vn -0.5837 0.4557 -0.6721
vn -0.5259 0.8243 -0.2097
vn -0.5259 0.7555 0.3907
vn -0.5259 0.7555 0.3906
vn 0.7223 0.5843 0.3700
vn -0.5259 0.8292 -0.1895
vn 0.7223 0.6582 -0.2122
vn 0.6650 0.3008 -0.6836
vn -0.5837 0.4719 -0.6608
vn 0.7223 0.6582 -0.2123
vn -0.5264 0.8289 -0.1894
vn 0.7226 0.6579 -0.2122
vn -0.5836 0.4719 -0.6609
vn 0.7226 0.6579 -0.2123
vn -0.5264 0.7504 0.3997
vn 0.7226 0.5794 0.3770
vn 0.8557 0.0593 -0.5141
vn 0.4146 0.7040 -0.5767
vn 0.4238 0.5736 0.7010
vn 0.8178 -0.0743 0.5707
vn 0.8557 0.0592 -0.5141
vn -0.5978 0.6381 -0.4854
vn -0.5964 0.5067 0.6226
vn 0.4145 0.7040 -0.5767
vn -0.5978 0.6380 -0.4854
vn -0.6976 0.0883 -0.7111
vn -0.8194 0.5656 0.0927
vn 0.2135 0.9730 0.0875
vn 0.2136 0.9730 0.0875
vn 0.4382 0.5476 -0.7129
vn -0.6975 0.0883 -0.7111
vn -0.8110 0.0673 -0.5811
vn -0.7826 0.5886 0.2028
vn 0.2348 0.9720 0.0102
vn 0.2349 0.9720 0.0102
vn 0.3074 0.5139 -0.8009
vn -0.8110 0.0674 -0.5811
vn 0.4410 0.6891 0.5750
vn 0.3212 0.8952 -0.3089
vn -0.4113 0.2549 0.8751
vn -0.4827 0.6164 -0.6221
vn -0.9795 0.1957 0.0487
vn -0.2568 0.3824 -0.8876
vn 0.2585 0.9402 0.2219
vn 0.7025 0.7069 -0.0823
vn 0.7025 0.7070 -0.0823
vn -0.5904 0.5285 -0.6100
vn -0.5904 0.5284 -0.6101
vn 0.7106 0.5820 -0.3954
vn -0.5904 0.5285 -0.6101
vn 0.2598 0.3879 -0.8843
vn 0.2598 0.3878 -0.8844
vn -0.2732 0.9361 0.2218
vn 0.2598 0.3879 -0.8844
vn 0.5950 0.5293 -0.6048
vn -0.7066 0.7011 -0.0958
vn -0.2732 0.9360 0.2218
vn -0.7106 0.5819 -0.3955
vn -0.2276 0.3659 -0.9024
vn 0.2551 0.9339 0.2504
vn 0.7020 0.7098 -0.0576
vn 0.7021 0.7098 -0.0576
vn -0.5489 0.5441 -0.6346
vn -0.2276 0.3660 -0.9024
vn 0.7021 0.7098 -0.0577
vn 0.7101 0.5936 -0.3787
vn -0.7084 0.5877 -0.3909
vn 0.2754 0.4435 -0.8529
vn -0.2734 0.9288 0.2501
vn 0.2551 0.9339 0.2505
vn 0.6207 0.5511 -0.5576
vn -0.7073 0.7029 -0.0748
vn -0.7073 0.7030 -0.0748
vn 0.2755 0.4435 -0.8529
vn 0.6207 0.5512 -0.5576
vn 0.7084 0.5877 -0.3908
vn -0.1022 0.9729 0.2076
vn 0.0363 0.1854 -0.9820
vn 0.3168 0.4915 -0.8112
vn -0.4220 0.8894 0.1757
vn -0.1021 0.9729 0.2076
vn 0.6747 0.5539 -0.4879
vn -0.7301 0.6530 -0.2016
vn -0.7301 0.6530 -0.2017
vn -0.4219 0.8894 0.1757
vn -0.7056 0.5777 -0.4104
vn -0.7300 0.6530 -0.2016
vn 0.6747 0.5539 -0.4878
vn 0.7086 0.5752 -0.4087
vn 0.6288 0.7522 -0.1968
vn 0.6294 0.3933 -0.6702
vn -0.6310 0.3901 -0.6705
vn -0.6320 0.7495 -0.1972
vn -0.6320 0.7495 -0.1971
vn -0.6320 0.6686 0.3918
vn 0.6288 0.6717 0.3918
vn 0.6288 0.6717 0.3917
vn 0.6288 0.7523 -0.1968
vn 0.6289 0.7521 -0.1970
vn 0.6295 0.3933 -0.6701
vn -0.6310 0.3902 -0.6705
vn -0.6310 0.3901 -0.6706
vn -0.6316 0.7498 -0.1973
vn 0.6290 0.7521 -0.1970
vn -0.6315 0.6692 0.3916
vn 0.6289 0.6717 0.3916
vn 0.6289 0.6717 0.3915
vn 0.6304 0.7509 -0.1967
vn 0.6302 0.3925 -0.6699
vn -0.6303 0.3907 -0.6709
vn -0.6303 0.3908 -0.6708
vn -0.6302 0.7509 -0.1976
vn -0.6301 0.7509 -0.1976
vn -0.6290 0.6689 0.3962
vn 0.6293 0.6679 0.3974
vn 0.6293 0.6679 0.3973
vn 0.6305 0.7509 -0.1967
vn -0.6302 0.7509 -0.1975
vn 0.6279 0.7530 -0.1969
vn 0.6290 0.3939 -0.6702
vn -0.6316 0.3894 -0.6704
vn -0.6327 0.7489 -0.1972
vn 0.6278 0.7530 -0.1969
vn -0.6326 0.7489 -0.1972
vn -0.6326 0.6682 0.3917
vn 0.6280 0.6724 0.3919
vn 0.6279 0.6724 0.3919
vn 0.6278 0.7530 -0.1970
vn 0.6290 0.3939 -0.6703
vn -0.6313 0.3897 -0.6706
vn -0.6328 0.7488 -0.1972
vn -0.6329 0.7487 -0.1972
vn -0.6325 0.6682 0.3917
vn 0.6273 0.7534 -0.1970
vn 0.6291 0.3937 -0.6702
vn 0.6274 0.7534 -0.1970
vn -0.6327 0.6681 0.3916
vn 0.6279 0.6725 0.3917
vn 0.6279 0.6725 0.3918
vn 0.6273 0.7535 -0.1970
vn 0.6277 0.7531 -0.1971
vn 0.6288 0.3937 -0.6706
vn -0.6315 0.3894 -0.6705
vn -0.6315 0.3895 -0.6705
vn -0.6330 0.7486 -0.1972
vn 0.6278 0.7531 -0.1970
vn -0.6330 0.6679 0.3914
vn 0.6280 0.6724 0.3918
vn 0.6277 0.7531 -0.1970
vn 0.6273 0.7534 -0.1972
vn 0.6289 0.3936 -0.6705
vn -0.6317 0.3893 -0.6703
vn -0.6317 0.3893 -0.6704
vn -0.6327 0.7489 -0.1971
vn -0.6328 0.7488 -0.1971
vn -0.6327 0.6681 0.3915
vn 0.6278 0.6726 0.3918
vn 0.7173 0.3722 -0.5890
vn 0.2969 0.7898 -0.5366
vn 0.7173 0.2169 0.6622
vn 0.2970 0.7898 -0.5366
vn -0.2971 0.7809 -0.5495
vn -0.2972 0.6453 0.7038
vn -0.2971 0.6453 0.7038
vn 0.2969 0.6348 0.7134
vn 0.2969 0.7898 -0.5367
vn -0.2970 0.7898 -0.5367
vn -0.2969 0.6348 0.7133
vn 0.7172 0.2169 0.6622
vn 0.2976 0.7941 -0.5299
vn -0.2976 0.7941 -0.5300
vn -0.2975 0.6276 0.7194
vn 0.2975 0.7941 -0.5299
vn 0.7174 0.3772 -0.5857
vn 0.5263 0.8241 -0.2096
vn 0.5836 0.4556 -0.6722
vn -0.6650 0.2841 -0.6907
vn -0.7228 0.6523 -0.2282
vn -0.7228 0.5884 0.3623
vn 0.5263 0.7602 0.3809
vn 0.5258 0.8244 -0.2096
vn 0.5837 0.4557 -0.6721
vn -0.7224 0.6527 -0.2282
vn 0.5259 0.8243 -0.2096
vn -0.7223 0.5842 0.3700
vn 0.5259 0.7555 0.3906
vn 0.5260 0.8291 -0.1895
vn 0.5837 0.4719 -0.6608
vn -0.6650 0.3008 -0.6836
vn -0.7224 0.6581 -0.2123
vn -0.7224 0.6581 -0.2122
vn 0.5259 0.7555 0.3907
vn 0.5264 0.8289 -0.1894
vn 0.5836 0.4719 -0.6609
vn -0.7226 0.6578 -0.2122
vn 0.5265 0.8288 -0.1895
vn -0.7226 0.6579 -0.2122
vn -0.7226 0.5794 0.3770
vn 0.5264 0.7504 0.3997
vn -0.7226 0.6579 -0.2123
vn -0.5314 0.4889 0.6918
vn 0.4859 0.6028 0.6329
vn 0.4851 0.7342 -0.4750
vn 0.4852 0.7342 -0.4749
vn -0.5210 0.6209 -0.5857
vn 0.6236 0.4465 -0.6417
vn 0.6235 0.4031 0.6699
vn 0.6267 0.3797 0.6805
vn 0.6268 0.3797 0.6804
vn 0.6267 0.3672 -0.6873
vn 0.6236 0.4466 -0.6417
vn 0.3120 0.6818 0.6617
vn 0.7275 0.6437 0.2376
vn -0.7291 0.6503 0.2132
vn -0.7291 0.6503 0.2131
vn -0.3586 0.6732 0.6467
vn 0.7275 0.6437 0.2375
vn 0.5664 0.5472 -0.6163
vn 0.5664 0.5472 -0.6162
vn -0.5825 0.5305 -0.6159
vn -0.7292 0.6503 0.2131
vn 0.2082 0.5220 0.8271
vn -0.2238 0.5018 0.8355
vn -0.3171 0.8178 0.4803
vn 0.3402 0.8128 0.4728
vn 0.2082 0.5221 0.8271
vn 0.7897 0.1964 0.5812
vn 0.3403 0.8128 0.4728
vn 0.7539 0.3038 0.5826
vn 0.8150 0.5391 0.2127
vn -0.8152 0.5392 0.2116
vn -0.8160 0.5077 -0.2763
vn -0.8161 0.5077 -0.2762
vn 0.8164 0.5078 -0.2751
vn 0.8150 0.5391 0.2126
vn 0.7929 0.1713 -0.5848
vn 0.8163 0.5078 -0.2751
vn -0.8160 0.5077 -0.2762
vn -0.7922 0.1734 -0.5851
vn -0.2821 0.6763 -0.6805
vn -0.7112 0.2782 -0.6456
vn -0.7121 0.3575 0.6043
vn -0.2831 0.7562 0.5899
vn -0.2821 0.6762 -0.6805
vn -0.7112 0.2789 -0.6453
vn -0.7120 0.3570 0.6047
vn -0.7120 0.3569 0.6047
vn -0.2832 0.7564 0.5897
vn -0.0130 0.6634 -0.7482
vn -0.0141 0.7520 0.6591
vn -0.2822 0.6762 -0.6805
vn -0.2833 0.7564 0.5896
vn -0.0143 0.7521 0.6590
vn -0.8153 0.5391 0.2112
vn -0.8159 0.5078 -0.2764
vn 0.8163 0.5079 -0.2751
vn 0.8146 0.5395 0.2129
vn -0.8153 0.5390 0.2113
vn -0.7920 0.1711 -0.5860
vn 0.7929 0.1734 -0.5842
vn 0.2833 0.6761 -0.6801
vn 0.2823 0.7561 0.5905
vn 0.7112 0.3576 0.6053
vn 0.7111 0.3576 0.6053
vn 0.7121 0.2782 -0.6446
vn 0.2833 0.6762 -0.6801
vn 0.2833 0.6761 -0.6802
vn 0.2822 0.7562 0.5903
vn 0.7111 0.3570 0.6057
vn 0.7121 0.2789 -0.6442
vn 0.0145 0.6637 -0.7479
vn 0.0134 0.7522 0.6588
vn 0.2823 0.7561 0.5904
vn 0.2832 0.6761 -0.6802
vn 0.0144 0.6637 -0.7479
vn 0.0133 0.7522 0.6588
vn 0.2822 0.7563 0.5903
vn -0.8381 0.4487 -0.3102
vn 0.8387 0.4528 -0.3026
vn 0.4767 0.8511 0.2201
vn 0.4766 0.8511 0.2202
vn -0.7079 0.6020 -0.3694
vn -0.8382 0.4487 -0.3101
vn 0.1670 0.8089 0.5638
vn -0.2718 0.5909 -0.7596
vn -0.7078 0.6020 -0.3695
vn -0.0001 0.7484 0.6632
vn -0.0077 0.6606 -0.7507
vn -0.0076 0.6605 -0.7508
vn -0.2718 0.5909 -0.7595
vn 0.1669 0.8089 0.5638
vn -0.0147 -0.0556 -0.9983
vn -0.2792 0.0000 -0.9602
vn -0.2816 0.9528 -0.1138
vn -0.0156 0.9977 -0.0662
vn -0.4767 0.8512 0.2194
vn -0.8382 0.4526 -0.3043
vn 0.8388 0.4485 -0.3085
vn 0.8389 0.4485 -0.3084
vn 0.7087 0.6017 -0.3683
vn -0.4767 0.8513 0.2194
vn 0.7086 0.6017 -0.3684
vn 0.2731 0.5910 -0.7591
vn 0.2731 0.5910 -0.7590
vn -0.1677 0.8086 0.5639
vn -0.1678 0.8086 0.5639
vn 0.2732 0.5910 -0.7590
vn 0.0088 0.6609 -0.7504
vn 0.0087 0.6609 -0.7504
vn -0.0009 0.7486 0.6630
vn 0.7094 -0.2504 -0.6588
vn 0.2807 0.0001 -0.9598
vn 0.2817 0.9528 -0.1133
vn 0.2817 0.9528 -0.1132
vn 0.7085 0.6819 0.1818
vn 0.7094 -0.2503 -0.6589
vn 0.0162 -0.0554 -0.9983
vn 0.0156 0.9977 -0.0662
vn -0.7085 0.7051 -0.0298
vn -0.7139 0.6618 0.2289
vn 0.6307 0.7486 -0.2044
vn 0.7114 0.7011 -0.0478
vn -0.7103 0.7012 -0.0619
vn 0.7084 0.7044 -0.0434
vn 0.6117 0.7797 0.1339
vn 0.6117 0.7797 0.1340
vn -0.7264 0.6282 -0.2788
vn -0.4856 0.8451 0.2235
vn -0.4724 0.8184 -0.3271
vn 0.6979 0.6419 0.3177
vn 0.6979 0.6419 0.3178
vn 0.6829 0.5973 -0.4206
vn 0.3207 0.5505 -0.7707
vn 0.3207 0.5505 -0.7708
vn -0.0442 0.7592 0.6493
vn -0.0443 0.7592 0.6494
vn 0.3208 0.5505 -0.7707
vn 0.3517 0.4988 -0.7921
vn 0.3518 0.4988 -0.7921
vn 0.3381 0.6111 0.7157
vn -0.0443 0.7592 0.6493
vn 0.3358 0.6398 0.6912
vn -0.4724 0.8184 -0.3272
vn -0.0437 0.6781 -0.7336
vn 0.3358 0.6399 0.6912
vn 0.3437 0.5932 0.7280
vn -0.0438 0.6782 -0.7336
vn 0.3299 0.5120 -0.7931
vn 0.2925 0.6686 -0.6837
vn 0.3020 0.7460 0.5935
vn 0.3299 0.5121 -0.7931
vn 0.3703 0.6323 -0.6804
vn 0.3704 0.6323 -0.6804
vn 0.3324 0.7127 0.6177
vn 0.3438 0.5932 0.7280
vn 0.2925 0.6686 -0.6836
vn -0.3510 0.5991 -0.7196
vn 0.2994 0.8512 0.4311
vn 0.3325 0.7127 0.6177
vn 0.3703 0.6323 -0.6805
vn 0.3608 0.8117 -0.4594
vn 0.3607 0.8117 -0.4594
vn -0.2856 0.7078 0.6461
vn -0.7264 0.6283 -0.2787
vn -0.7263 0.6283 -0.2788
vn -0.7139 0.6618 0.2288
vn -0.7140 0.6617 0.2288
vn -0.7072 0.7056 -0.0452
vn 0.7071 0.7058 -0.0439
vn 0.7071 0.7058 -0.0438
vn 0.7070 0.7058 -0.0438
vn -0.7072 0.7055 -0.0449
vn -0.7072 0.7055 -0.0450
vn 0.7070 0.7058 -0.0439
vn -0.7072 0.7056 -0.0449
vn -0.7072 0.7056 -0.0450
vn -0.5974 0.7507 -0.2820
vn 0.5851 0.7592 -0.2850
vn 0.6088 0.0731 -0.7900
vn -0.6185 0.0750 -0.7822
vn -0.5975 0.7506 -0.2820
vn 0.6081 0.5692 0.5534
vn -0.5974 0.7507 -0.2821
vn -0.6061 0.5682 0.5566
vn -0.4815 0.5403 -0.6901
vn -0.7700 0.6034 0.2076
vn 0.4388 0.5481 -0.7120
vn 0.0195 0.6473 0.7620
vn 0.4388 0.5481 -0.7121
vn -0.7700 0.6034 0.2075
vn 0.7733 0.6089 0.1769
vn 0.4389 0.5481 -0.7120
vn -0.5291 0.7151 -0.4568
vn -0.2142 0.7380 -0.6399
vn -0.6921 0.5599 -0.4556
vn -0.7074 0.7053 -0.0468
vn 0.8689 0.4476 0.2112
vn 0.6623 0.6425 0.3854
vn 0.6772 0.7333 -0.0599
vn 0.5058 0.7301 -0.4595
vn 0.8695 0.4483 0.2071
vn 0.6640 0.5742 -0.4789
vn 0.1800 0.7438 -0.6437
vn 0.6621 0.1736 -0.7291
vn 0.1711 0.2363 -0.9565
vn -0.5291 0.7151 -0.4569
vn -0.8878 0.4174 0.1938
vn -0.7074 0.7053 -0.0467
vn -0.6970 0.6095 0.3777
vn 0.1710 0.2363 -0.9565
vn -0.2125 0.2279 -0.9502
vn 0.5895 0.7392 -0.3255
vn 0.1014 0.8428 -0.5286
vn 0.3235 0.6381 0.6987
vn 0.5043 0.6890 -0.5205
vn 0.5565 0.5334 -0.6370
vn 0.4091 0.8571 -0.3130
vn 0.5725 0.8183 0.0513
vn 0.8599 0.5075 0.0550
vn -0.3570 0.6092 0.7082
vn -0.0835 0.8571 -0.5083
vn -0.5751 0.7286 -0.3720
vn 0.8673 0.4512 -0.2105
vn 0.9123 0.3974 -0.0992
vn 0.6087 0.7607 -0.2256
vn 0.6087 0.7607 -0.2255
vn 0.5565 0.5335 -0.6370
vn 0.7323 0.4834 -0.4796
vn 0.7324 0.4834 -0.4795
vn 0.8244 0.5497 -0.1348
vn 0.5044 0.6889 -0.5205
vn 0.4306 0.8868 0.1680
vn 0.5020 0.8405 -0.2038
vn 0.9476 0.2831 0.1478
vn 0.4500 0.7617 0.4662
vn 0.8244 0.5497 -0.1347
vn -0.7058 0.3848 -0.5948
vn -0.7420 0.3894 -0.5458
vn 0.7312 0.4011 -0.5518
vn 0.7176 0.3882 -0.5782
vn -0.7058 0.3847 -0.5949
vn 0.7591 -0.1604 -0.6309
vn 0.9897 -0.0481 -0.1345
vn 0.9141 0.3756 -0.1527
vn 0.7708 0.5853 -0.2517
vn 0.7591 -0.1605 -0.6309
vn 0.9141 0.3756 -0.1526
vn 0.9281 0.3512 0.1234
vn 0.8046 0.5782 0.1357
vn 0.8045 0.5782 0.1357
vn -0.3569 0.6092 0.7082
vn 0.3234 0.6381 0.6987
vn 0.8046 0.5782 0.1356
vn -0.3765 0.8654 -0.3307
vn -0.3765 0.8654 -0.3308
vn -0.5477 0.8349 0.0550
vn 0.5725 0.8183 0.0512
vn 0.5004 0.3872 -0.7744
vn 0.2567 -0.1659 -0.9522
vn -0.2341 -0.1697 -0.9573
vn -0.4738 0.3784 -0.7952
vn 0.5366 0.3994 -0.7433
vn -0.5007 0.3797 -0.7779
vn -0.4223 0.8622 0.2799
vn -0.4222 0.8622 0.2799
vn 0.3951 0.8545 0.3372
vn 0.5366 0.3994 -0.7434
vn -0.4575 0.7479 0.4810
vn -0.4108 0.8961 0.1681
vn -0.9444 0.3104 0.1087
vn -0.7979 0.5795 -0.1656
vn -0.4585 0.8673 -0.1939
vn -0.4930 0.6879 -0.5327
vn 0.5044 0.6890 -0.5205
vn -0.7375 0.5038 -0.4498
vn -0.9055 0.4100 -0.1093
vn -0.5779 0.7759 -0.2528
vn -0.7979 0.5796 -0.1656
vn -0.7375 0.5038 -0.4497
vn -0.8614 0.4584 -0.2186
vn -0.8614 0.4585 -0.2186
vn -0.5024 0.5082 -0.6995
vn -0.9032 0.3954 -0.1671
vn -0.9865 -0.0681 -0.1486
vn -0.7299 -0.1441 -0.6682
vn -0.7202 0.6220 -0.3072
vn -0.9032 0.3953 -0.1671
vn -0.7922 0.5975 0.1240
vn -0.9145 0.3902 0.1066
vn -0.9032 0.3954 -0.1670
vn -0.9032 0.3954 -0.1672
vn -0.7922 0.5975 0.1241
vn -0.4931 0.6879 -0.5327
vn 0.0873 0.7615 0.6423
vn 0.8444 0.5070 0.1729
vn 0.7689 0.6166 0.1693
vn -0.0053 0.8361 0.5486
vn -0.8268 0.5292 0.1905
vn 0.0872 0.7615 0.6423
vn -0.7557 0.6388 0.1445
vn 0.8134 0.0939 -0.5741
vn 0.8211 0.2147 -0.5288
vn 0.8211 0.2147 -0.5289
vn -0.7196 0.6943 0.0105
vn 0.0270 0.9265 0.3752
vn 0.1544 0.1585 -0.9752
vn 0.1545 0.1585 -0.9752
vn -0.6125 0.2739 -0.7415
vn 0.0270 0.9266 0.3752
vn 0.6874 0.7252 0.0406
vn 0.7364 0.3737 -0.5640
vn -0.4638 0.7143 0.5240
vn 0.7305 0.6110 0.3052
vn 0.6214 0.7274 -0.2912
vn -0.5626 0.8242 -0.0646
vn 0.4843 0.3826 -0.7868
vn -0.6763 0.4782 -0.5603
vn -0.7527 0.6584 0.0049
vn -0.8308 0.3978 -0.3893
vn -0.7121 0.4792 -0.5131
vn -0.5840 0.8109 -0.0376
vn -0.7526 0.6584 0.0049
vn -0.6652 0.5787 0.4717
vn -0.4891 0.6913 0.5318
vn -0.6652 0.5787 0.4718
vn 0.8746 0.4463 0.1895
vn 0.7742 0.5686 0.2782
vn 0.6580 0.7007 -0.2757
vn 0.6580 0.7007 -0.2758
vn 0.7938 0.5423 -0.2752
vn 0.8746 0.4463 0.1896
vn 0.6823 0.2901 -0.6710
vn 0.5477 0.3615 -0.7545
vn -0.6913 0.6423 0.3310
vn -0.4085 0.6545 0.6363
vn 0.6981 0.5704 0.4328
vn 0.5177 0.7663 0.3804
vn -0.6914 0.6423 0.3309
vn 0.7043 0.7019 0.1058
vn 0.4743 0.5049 -0.7212
vn -0.6351 0.5887 -0.5001
vn -0.6351 0.5887 -0.5000
vn -0.5233 0.7841 0.3337
vn 0.7043 0.7020 0.1058
vn 0.8627 0.5052 0.0221
vn -0.1993 0.8297 0.5214
vn -0.3716 0.6661 0.6467
vn 0.7232 0.5546 0.4116
vn 0.8627 0.5052 0.0223
vn -0.4820 0.8068 0.3417
vn 0.7347 0.6732 0.0837
vn 0.4869 0.4898 -0.7232
vn 0.4870 0.4898 -0.7231
vn -0.6196 0.6019 -0.5039
vn 0.8627 0.5052 0.0222
vn -0.5013 0.3089 -0.8083
vn 0.2012 0.2460 -0.9482
vn 0.2011 0.2459 -0.9482
vn 0.5178 0.7663 0.3804
vn -0.6914 0.6422 0.3310
vn -0.6913 0.6423 0.3309
vn 0.5178 0.7663 0.3803
vn -0.4080 0.6662 0.6243
vn 0.7203 0.5668 0.4000
vn 0.8961 0.4412 0.0494
vn 0.8961 0.4412 0.0493
vn -0.7223 0.5839 0.3706
vn -0.4081 0.6662 0.6242
vn 0.4886 0.4810 -0.7280
vn -0.6397 0.5805 -0.5038
vn -0.4797 0.7733 0.4146
vn -0.4798 0.7733 0.4145
vn 0.7240 0.6671 0.1756
vn -0.6397 0.5804 -0.5038
vn 0.4886 0.4810 -0.7279
vn -0.6398 0.5805 -0.5037
vn -0.6176 0.6007 -0.5078
vn -0.3888 0.6918 0.6085
vn 0.7403 0.5642 0.3656
vn 0.7403 0.5642 0.3657
vn 0.4939 0.4736 -0.7292
vn -0.6176 0.6006 -0.5078
vn -0.4136 0.6746 0.6115
vn 0.7271 0.5680 0.3855
vn 0.4825 0.4707 -0.7387
vn 0.4826 0.4707 -0.7386
vn -0.6332 0.5756 -0.5174
vn 0.7291 0.6503 0.2132
vn -0.7275 0.6437 0.2376
vn -0.3120 0.6818 0.6617
vn 0.3586 0.6732 0.6467
vn 0.7291 0.6503 0.2131
vn -0.5664 0.5472 -0.6163
vn -0.7275 0.6436 0.2376
vn 0.7292 0.6503 0.2131
vn 0.5825 0.5305 -0.6159
vn -0.5664 0.5472 -0.6162
vn 0.7297 0.3155 0.6067
vn 0.7568 0.2113 0.6186
vn 0.2237 0.5017 0.8356
vn 0.3171 0.8178 0.4803
vn 0.7297 0.3154 0.6067
vn 0.2238 0.5017 0.8356
vn -0.2082 0.5221 0.8271
vn -0.3402 0.8128 0.4728
vn -0.8150 0.5391 0.2126
vn -0.8164 0.5078 -0.2751
vn 0.8161 0.5077 -0.2762
vn 0.8160 0.5077 -0.2763
vn 0.8152 0.5392 0.2116
vn -0.8150 0.5391 0.2127
vn -0.7929 0.1713 -0.5848
vn 0.7922 0.1734 -0.5851
vn 0.8160 0.5077 -0.2762
vn 0.2821 0.6763 -0.6805
vn 0.2831 0.7562 0.5899
vn 0.7121 0.3575 0.6043
vn 0.7112 0.2782 -0.6456
vn 0.2821 0.6762 -0.6805
vn 0.2832 0.7564 0.5896
vn 0.7120 0.3569 0.6047
vn 0.7120 0.3570 0.6047
vn 0.7112 0.2789 -0.6453
vn 0.0131 0.6634 -0.7482
vn 0.0141 0.7519 0.6591
vn 0.0130 0.6634 -0.7482
vn 0.0142 0.7520 0.6590
vn 0.2831 0.7564 0.5896
vn 0.2822 0.6762 -0.6805
vn 0.8153 0.5391 0.2113
vn -0.8147 0.5394 0.2129
vn -0.8163 0.5079 -0.2751
vn -0.8163 0.5078 -0.2751
vn 0.8159 0.5078 -0.2764
vn 0.8153 0.5391 0.2114
vn 0.7920 0.1711 -0.5860
vn -0.7929 0.1734 -0.5842
vn -0.2833 0.6761 -0.6802
vn -0.7121 0.2783 -0.6446
vn -0.7112 0.3575 0.6053
vn -0.7112 0.3576 0.6053
vn -0.2823 0.7561 0.5905
vn -0.2832 0.6761 -0.6802
vn -0.7121 0.2789 -0.6442
vn -0.7111 0.3570 0.6058
vn -0.7111 0.3570 0.6057
vn -0.2822 0.7562 0.5903
vn -0.0145 0.6636 -0.7479
vn -0.2823 0.7561 0.5904
vn -0.0134 0.7522 0.6588
vn -0.0145 0.6637 -0.7479
vn -0.0144 0.6636 -0.7479
vn -0.2822 0.7563 0.5903
vn -0.0130 0.7522 0.6588
vn -0.4767 0.8511 0.2201
vn -0.8387 0.4528 -0.3026
vn 0.8382 0.4486 -0.3102
vn 0.8382 0.4486 -0.3101
vn 0.7079 0.6021 -0.3694
vn -0.4766 0.8511 0.2202
vn 0.7078 0.6021 -0.3695
vn 0.2718 0.5909 -0.7596
vn 0.2719 0.5909 -0.7595
vn -0.1669 0.8089 0.5638
vn 0.2718 0.5909 -0.7595
vn 0.0076 0.6605 -0.7508
vn 0.0076 0.6606 -0.7507
vn 0.0001 0.7484 0.6632
vn -0.1670 0.8089 0.5638
vn 0.7083 -0.2502 -0.6601
vn 0.2792 0.0001 -0.9602
vn 0.2817 0.9527 -0.1138
vn 0.7090 0.6817 0.1807
vn 0.7083 -0.2502 -0.6600
vn 0.0147 -0.0556 -0.9983
vn 0.0155 0.9977 -0.0662
vn 0.2816 0.9528 -0.1138
vn 0.2791 0.0001 -0.9603
vn -0.8388 0.4486 -0.3085
vn 0.8382 0.4526 -0.3042
vn 0.4767 0.8512 0.2194
vn 0.4767 0.8513 0.2194
vn -0.7087 0.6017 -0.3684
vn -0.8388 0.4486 -0.3084
vn 0.1678 0.8086 0.5639
vn -0.2731 0.5910 -0.7590
vn 0.1677 0.8086 0.5639
vn 0.0010 0.7486 0.6630
vn -0.0088 0.6609 -0.7504
vn -0.2731 0.5910 -0.7591
vn -0.0162 -0.0555 -0.9983
vn -0.2806 0.0002 -0.9598
vn -0.2816 0.9528 -0.1134
vn -0.6307 0.7486 -0.2043
vn 0.7140 0.6617 0.2288
vn 0.7085 0.7051 -0.0298
vn -0.7114 0.7012 -0.0478
vn -0.6307 0.7486 -0.2044
vn -0.6117 0.7797 0.1339
vn -0.7084 0.7044 -0.0434
vn 0.7103 0.7012 -0.0619
vn 0.7263 0.6283 -0.2788
vn -0.6117 0.7797 0.1340
vn -0.6979 0.6419 0.3177
vn 0.4724 0.8184 -0.3271
vn 0.4856 0.8452 0.2235
vn 0.4856 0.8451 0.2235
vn -0.6829 0.5973 -0.4207
vn -0.6979 0.6419 0.3178
vn -0.3208 0.5505 -0.7708
vn -0.6829 0.5973 -0.4206
vn 0.4855 0.8452 0.2235
vn 0.0443 0.7592 0.6494
vn -0.3207 0.5505 -0.7708
vn -0.3517 0.4988 -0.7921
vn 0.0443 0.7592 0.6493
vn -0.3381 0.6111 0.7157
vn -0.3518 0.4988 -0.7921
vn -0.3358 0.6398 0.6912
vn -0.3358 0.6399 0.6912
vn 0.0437 0.6781 -0.7337
vn 0.0438 0.6781 -0.7337
vn -0.3437 0.5932 0.7280
vn -0.3299 0.5121 -0.7930
vn -0.3020 0.7460 0.5936
vn -0.3019 0.7460 0.5935
vn -0.2925 0.6686 -0.6837
vn -0.3324 0.7127 0.6177
vn -0.3704 0.6323 -0.6804
vn -0.3703 0.6323 -0.6804
vn -0.2994 0.8512 0.4311
vn 0.3510 0.5991 -0.7196
vn -0.2925 0.6686 -0.6836
vn -0.2924 0.6686 -0.6837
vn -0.3608 0.8116 -0.4595
vn -0.3704 0.6323 -0.6805
vn -0.3325 0.7127 0.6177
vn 0.2856 0.7078 0.6461
vn -0.3607 0.8116 -0.4595
vn 0.7264 0.6283 -0.2787
vn 0.7263 0.6283 -0.2787
vn -0.3608 0.8116 -0.4594
vn 0.7140 0.6617 0.2289
vn 0.7072 0.7056 -0.0450
vn 0.7072 0.7056 -0.0449
vn -0.7070 0.7058 -0.0438
vn -0.7071 0.7058 -0.0438
vn -0.7071 0.7058 -0.0439
vn -0.7070 0.7058 -0.0439
vn 0.5975 0.7506 -0.2820
vn 0.6185 0.0750 -0.7822
vn -0.6087 0.0731 -0.7900
vn -0.6087 0.0730 -0.7900
vn -0.5851 0.7593 -0.2850
vn 0.5974 0.7507 -0.2820
vn -0.6081 0.5691 0.5534
vn 0.6061 0.5681 0.5566
vn 0.5975 0.7507 -0.2819
vn -0.5850 0.7593 -0.2850
vn -0.6081 0.5692 0.5534
vn 0.4814 0.5403 -0.6901
vn -0.4388 0.5481 -0.7121
vn 0.7700 0.6033 0.2075
vn -0.0195 0.6472 0.7621
vn -0.4388 0.5481 -0.7120
vn -0.7733 0.6089 0.1769
vn -0.4389 0.5481 -0.7120
vn 0.6970 0.1657 -0.6976
vn 0.2125 0.2280 -0.9502
vn 0.2142 0.7380 -0.6399
vn 0.6921 0.5599 -0.4556
vn 0.5291 0.7151 -0.4568
vn 0.7074 0.7053 -0.0468
vn 0.6920 0.5599 -0.4556
vn -0.6772 0.7333 -0.0598
vn -0.6623 0.6425 0.3854
vn -0.8695 0.4484 0.2071
vn -0.5058 0.7301 -0.4595
vn -0.6773 0.7333 -0.0598
vn -0.6640 0.5742 -0.4789
vn -0.6773 0.7333 -0.0599
vn -0.1800 0.7438 -0.6437
vn 0.8878 0.4174 0.1938
vn 0.6970 0.6095 0.3777
vn 0.7074 0.7053 -0.0467
vn -0.1711 0.2363 -0.9565
vn -0.1800 0.7438 -0.6438
vn -0.5895 0.7392 -0.3256
vn -0.3235 0.6382 0.6987
vn -0.1014 0.8427 -0.5287
vn 0.5024 0.5082 -0.6995
vn 0.4930 0.6879 -0.5327
vn 0.0835 0.8571 -0.5083
vn 0.3570 0.6091 0.7082
vn 0.5751 0.7286 -0.3720
vn 0.8452 0.5341 0.0207
vn 0.3765 0.8654 -0.3307
vn 0.5477 0.8349 0.0550
vn -0.6087 0.7607 -0.2255
vn -0.9123 0.3974 -0.0992
vn -0.8672 0.4512 -0.2105
vn -0.5565 0.5335 -0.6370
vn -0.7323 0.4834 -0.4796
vn -0.8244 0.5497 -0.1348
vn -0.7323 0.4835 -0.4796
vn 0.7058 0.3847 -0.5949
vn -0.7176 0.3883 -0.5782
vn -0.7312 0.4010 -0.5518
vn -0.7312 0.4011 -0.5518
vn 0.7420 0.3895 -0.5457
vn 0.7058 0.3848 -0.5948
vn -0.9141 0.3757 -0.1527
vn -0.9897 -0.0482 -0.1345
vn -0.7591 -0.1605 -0.6309
vn -0.7707 0.5853 -0.2517
vn -0.8045 0.5782 0.1356
vn -0.9281 0.3512 0.1233
vn -0.7708 0.5853 -0.2517
vn -0.8046 0.5782 0.1356
vn -0.3235 0.6381 0.6987
vn -0.1014 0.8428 -0.5287
vn -0.4092 0.8571 -0.3130
vn -0.5725 0.8183 0.0513
vn -0.5725 0.8183 0.0512
vn 0.5477 0.8349 0.0551
vn -0.5004 0.3872 -0.7744
vn 0.4738 0.3783 -0.7952
vn 0.2341 -0.1697 -0.9573
vn -0.2566 -0.1659 -0.9522
vn -0.5004 0.3871 -0.7744
vn -0.5366 0.3993 -0.7434
vn -0.3951 0.8545 0.3372
vn 0.4222 0.8622 0.2799
vn 0.4223 0.8622 0.2799
vn 0.5007 0.3797 -0.7779
vn -0.5365 0.3993 -0.7434
vn -0.4499 0.7618 0.4661
vn -0.4306 0.8868 0.1679
vn 0.4108 0.8961 0.1681
vn 0.4575 0.7479 0.4810
vn -0.4499 0.7617 0.4662
vn 0.7979 0.5795 -0.1656
vn 0.9444 0.3103 0.1088
vn 0.4585 0.8673 -0.1939
vn -0.4306 0.8868 0.1680
vn -0.5020 0.8405 -0.2038
vn 0.5779 0.7759 -0.2528
vn 0.7979 0.5796 -0.1657
vn 0.4586 0.8672 -0.1939
vn -0.5043 0.6890 -0.5205
vn 0.9055 0.4100 -0.1093
vn 0.7375 0.5038 -0.4497
vn 0.5779 0.7760 -0.2528
vn 0.8614 0.4585 -0.2185
vn 0.8614 0.4584 -0.2186
vn 0.7299 -0.1442 -0.6682
vn 0.9865 -0.0681 -0.1487
vn 0.9032 0.3954 -0.1671
vn 0.7202 0.6221 -0.3072
vn 0.7922 0.5975 0.1240
vn 0.9145 0.3902 0.1066
vn 0.8452 0.5340 0.0208
vn 0.9032 0.3953 -0.1672
vn 0.9145 0.3902 0.1067
vn 0.9032 0.3953 -0.1671
vn -0.5043 0.6890 -0.5206
vn -0.7782 0.5998 0.1859
vn -0.8520 0.4890 0.1871
vn -0.0974 0.7446 0.6604
vn -0.0975 0.7446 0.6604
vn -0.0064 0.8229 0.5682
vn -0.0975 0.7445 0.6604
vn 0.8188 0.5379 0.2006
vn 0.8188 0.5380 0.2005
vn 0.7458 0.6473 0.1575
vn 0.7370 0.1081 -0.6672
vn 0.6688 0.1999 -0.7161
vn 0.7458 0.6472 0.1575
vn 0.8188 0.5380 0.2006
vn -0.1601 0.1788 -0.9708
vn -0.0408 0.9169 0.3971
vn 0.7083 0.7054 0.0248
vn 0.7083 0.7055 0.0249
vn 0.6058 0.3011 -0.7364
vn -0.1600 0.1788 -0.9708
vn -0.7441 0.3748 -0.5530
vn -0.6989 0.7127 0.0596
vn -0.6214 0.7274 -0.2912
vn -0.7305 0.6109 0.3052
vn 0.4638 0.7143 0.5240
vn 0.5626 0.8242 -0.0645
vn 0.5626 0.8242 -0.0646
vn 0.6763 0.4782 -0.5603
vn -0.4843 0.3826 -0.7868
vn 0.7122 0.4792 -0.5130
vn 0.8308 0.3978 -0.3893
vn 0.7526 0.6584 0.0049
vn 0.5840 0.8109 -0.0376
vn 0.7122 0.4792 -0.5131
vn 0.6653 0.5787 0.4717
vn 0.4892 0.6913 0.5318
vn -0.6580 0.7007 -0.2758
vn -0.7742 0.5685 0.2782
vn -0.8746 0.4463 0.1895
vn -0.7938 0.5423 -0.2752
vn -0.6823 0.2901 -0.6710
vn -0.6823 0.2901 -0.6711
vn -0.5478 0.3615 -0.7545
vn 0.4085 0.6545 0.6362
vn 0.6913 0.6423 0.3310
vn -0.5178 0.7664 0.3802
vn -0.6982 0.5703 0.4326
vn 0.4084 0.6545 0.6363
vn -0.7043 0.7019 0.1058
vn 0.5233 0.7841 0.3337
vn 0.6352 0.5887 -0.5000
vn 0.6351 0.5887 -0.5001
vn -0.4743 0.5049 -0.7212
vn -0.7044 0.7019 0.1058
vn -0.8627 0.5052 0.0222
vn -0.7232 0.5546 0.4116
vn 0.3717 0.6661 0.6467
vn 0.1992 0.8297 0.5214
vn 0.4820 0.8068 0.3417
vn 0.6196 0.6019 -0.5038
vn -0.4870 0.4899 -0.7231
vn -0.4869 0.4898 -0.7231
vn -0.7347 0.6732 0.0837
vn 0.1993 0.8297 0.5214
vn -0.2012 0.2460 -0.9482
vn 0.5013 0.3089 -0.8083
vn 0.4081 0.6662 0.6243
vn 0.7223 0.5839 0.3706
vn -0.8961 0.4412 0.0493
vn -0.8961 0.4412 0.0494
vn -0.7203 0.5668 0.4000
vn 0.4080 0.6662 0.6243
vn -0.4887 0.4809 -0.7279
vn -0.7240 0.6671 0.1756
vn 0.4798 0.7733 0.4145
vn 0.4797 0.7733 0.4146
vn 0.6397 0.5805 -0.5038
vn -0.4886 0.4809 -0.7280
vn 0.7223 0.5839 0.3707
vn 0.4081 0.6662 0.6242
vn -0.4886 0.4810 -0.7279
vn -0.7240 0.6671 0.1755
vn -0.7403 0.5642 0.3656
vn 0.3888 0.6918 0.6085
vn 0.6176 0.6007 -0.5078
vn 0.6176 0.6006 -0.5078
vn -0.4940 0.4736 -0.7292
vn -0.7403 0.5642 0.3657
vn 0.4136 0.6746 0.6115
vn 0.6332 0.5756 -0.5174
vn -0.4826 0.4707 -0.7386
vn -0.4825 0.4707 -0.7387
vn -0.7271 0.5680 0.3855
vn 0.2010 0.9785 0.0471
vn 0.1500 0.8333 0.5321
vn 0.6172 0.5666 0.5459
vn 0.7376 0.6723 0.0629
vn 0.2010 0.9784 0.0471
vn -0.4123 0.9109 0.0133
vn -0.3840 0.7744 0.5028
vn -0.4124 0.9109 0.0134
vn 0.6671 0.6037 -0.4366
vn 0.1999 0.8702 -0.4503
vn 0.2011 0.9784 0.0471
vn -0.3340 0.8114 -0.4796
vn -0.3340 0.8115 -0.4796
vn -0.4123 0.9109 0.0134
vn -0.8682 0.4955 -0.0255
vn -0.7309 0.4498 -0.5134
vn 0.6671 0.6037 -0.4365
vn 0.4289 0.3832 -0.8181
vn 0.1446 0.5387 -0.8300
vn 0.1445 0.5387 -0.8300
vn 0.1999 0.8702 -0.4502
vn -0.1683 0.4898 -0.8554
vn -0.3925 0.2847 -0.8746
vn -0.7309 0.4498 -0.5133
vn -0.3339 0.8115 -0.4796
vn -0.2209 0.5911 0.7758
vn 0.3729 0.5152 0.7717
vn 0.3316 0.6532 0.6807
vn 0.3315 0.6533 0.6807
vn -0.2402 0.6882 0.6846
vn -0.2210 0.5911 0.7757
vn 0.3316 0.6533 0.6807
vn 0.3728 0.5151 0.7718
vn 0.8342 0.4509 0.3176
vn 0.8341 0.4510 0.3176
vn 0.7472 0.6227 0.2321
vn -0.6362 0.7379 -0.2251
vn -0.7615 0.6043 -0.2345
vn -0.6834 0.6205 0.3847
vn -0.6833 0.6205 0.3847
vn -0.6081 0.7235 0.3267
vn -0.6362 0.7380 -0.2251
vn -0.6834 0.6205 0.3846
vn -0.2210 0.5911 0.7758
vn -0.2402 0.6881 0.6846
vn 0.7336 0.5711 -0.3683
vn 0.8259 0.4124 -0.3845
vn 0.2733 0.4753 -0.8363
vn 0.2734 0.4753 -0.8363
vn 0.3061 0.6039 -0.7360
vn 0.7337 0.5710 -0.3682
vn 0.2734 0.4754 -0.8362
vn -0.3893 0.5590 -0.7321
vn -0.2607 0.6792 -0.6861
vn -0.2606 0.6792 -0.6861
vn 0.3060 0.6039 -0.7360
vn -0.3892 0.5590 -0.7321
vn 0.7473 0.6227 0.2322
vn 0.8341 0.4509 0.3176
vn 0.7337 0.5710 -0.3683
vn 0.7123 0.6679 -0.2155
vn 0.8114 0.5347 -0.2359
vn 0.4270 0.5819 -0.6921
vn 0.4269 0.5820 -0.6922
vn 0.3404 0.6779 -0.6515
vn 0.7123 0.6680 -0.2155
vn 0.7668 0.4923 0.4119
vn 0.8114 0.5348 -0.2358
vn 0.7123 0.6680 -0.2154
vn 0.6427 0.6553 0.3970
vn -0.1714 0.5872 -0.7911
vn -0.6922 0.5655 -0.4483
vn -0.6055 0.7089 -0.3617
vn -0.1703 0.6971 -0.6965
vn 0.3405 0.6779 -0.6516
vn -0.1715 0.5872 -0.7911
vn -0.1716 0.5872 -0.7911
vn 0.3404 0.6780 -0.6515
vn -0.4750 0.4854 0.7340
vn 0.2288 0.4507 0.8629
vn 0.1750 0.6020 0.7791
vn -0.3833 0.6153 0.6888
vn -0.7114 0.6670 0.2215
vn -0.8279 0.5378 0.1593
vn -0.4751 0.4854 0.7340
vn -0.3834 0.6153 0.6888
vn -0.6922 0.5656 -0.4483
vn -0.8279 0.5378 0.1592
vn -0.7113 0.6670 0.2215
vn 0.2287 0.4507 0.8629
vn 0.7668 0.4923 0.4120
vn 0.6426 0.6553 0.3970
vn 0.6427 0.6552 0.3970
vn 0.1751 0.6020 0.7791
vn 0.2288 0.4506 0.8629
vn 0.2574 0.3633 -0.8954
vn -0.5634 0.3394 -0.7532
vn -0.5565 0.7763 -0.2960
vn -0.5566 0.7763 -0.2960
vn 0.2614 0.9027 -0.3418
vn 0.7525 0.2557 -0.6070
vn 0.7620 0.6136 -0.2068
vn 0.7524 0.2557 -0.6070
vn -0.5400 0.7749 0.3287
vn -0.5400 0.7748 0.3287
vn 0.2530 0.8872 0.3857
vn 0.2530 0.8872 0.3858
vn 0.2530 0.8873 0.3857
vn 0.7826 0.5506 0.2906
vn 0.0440 0.9948 0.0916
vn -0.3373 0.5532 0.7617
vn 0.3226 0.5537 0.7677
vn -0.1591 0.9823 -0.0987
vn 0.2934 0.5817 -0.7586
vn -0.3563 0.5131 -0.7809
vn 0.7593 0.5749 0.3049
vn 0.0441 0.9948 0.0916
vn -0.8098 0.4939 -0.3167
vn -0.7921 0.5190 0.3214
vn 0.7593 0.5749 0.3050
vn 0.7406 0.5925 -0.3169
vn -0.1592 0.9823 -0.0987
vn -0.7921 0.5190 0.3213
vn -0.3373 0.5533 0.7617
vn 0.7406 0.5925 -0.3170
vn 0.2934 0.5818 -0.7586
vn -0.0871 0.6527 -0.7526
vn -0.3513 0.6221 0.6996
vn 0.2264 0.6310 0.7420
vn 0.2264 0.6309 0.7420
vn 0.3298 0.6545 -0.6804
vn -0.5296 0.6159 -0.5832
vn -0.8069 0.5709 0.1520
vn -0.3513 0.6222 0.6996
vn -0.3514 0.6222 0.6996
vn -0.0870 0.6528 -0.7526
vn -0.5297 0.6159 -0.5832
vn 0.6302 0.6947 0.3469
vn 0.7148 0.6632 -0.2218
vn 0.3299 0.6545 -0.6804
vn 0.3297 0.6545 -0.6803
vn 0.2263 0.6310 0.7420
vn 0.6300 0.6948 0.3469
vn 0.5295 0.8483 0.0031
vn -0.4699 0.8827 -0.0108
vn -0.3566 0.6548 0.6664
vn 0.3824 0.6308 0.6752
vn -0.4699 0.8827 -0.0109
vn 0.4029 0.6264 -0.6673
vn 0.4028 0.6264 -0.6673
vn -0.3394 0.6529 -0.6771
vn -0.4698 0.8827 -0.0108
vn -0.5964 0.7908 0.1380
vn -0.5134 0.3659 0.7762
vn 0.6320 0.2714 0.7259
vn 0.7247 0.6836 0.0871
vn -0.5964 0.7907 0.1381
vn -0.5872 0.7554 -0.2909
vn 0.7247 0.6835 0.0872
vn 0.6794 0.6527 -0.3353
vn -0.5872 0.7553 -0.2910
vn -0.6211 0.3073 -0.7210
vn 0.6133 0.2080 -0.7619
vn -0.6370 0.6946 -0.3342
vn -0.4449 0.7737 0.4511
vn 0.7120 0.6653 0.2246
vn 0.7120 0.6652 0.2246
vn 0.5798 0.5800 -0.5722
vn -0.6370 0.6947 -0.3341
vn 0.5029 0.1066 -0.8577
vn -0.7581 0.2274 -0.6112
vn -0.6371 0.6946 -0.3342
vn -0.6370 0.6947 -0.3342
vn 0.8559 0.4931 0.1560
vn 0.7369 0.6406 -0.2156
vn -0.5283 0.8477 -0.0471
vn -0.4470 0.8756 0.1830
vn 0.8559 0.4930 0.1560
vn 0.7369 0.6407 -0.2156
vn 0.5100 0.3331 -0.7931
vn -0.6611 0.4938 -0.5649
vn -0.6610 0.4938 -0.5649
vn -0.5283 0.8477 -0.0472
vn 0.7370 0.6406 -0.2156
vn 0.8645 0.2923 0.4089
vn 0.8558 0.4932 0.1561
vn -0.4472 0.8755 0.1829
vn -0.4470 0.8756 0.1829
vn -0.3294 0.8718 0.3625
vn 0.8646 0.2921 0.4090
vn 0.7972 0.5793 -0.1698
vn -0.4689 0.8827 0.0311
vn -0.3888 0.8760 0.2856
vn -0.3888 0.8759 0.2855
vn 0.8920 0.4481 0.0589
vn 0.7971 0.5794 -0.1699
vn 0.5841 0.3551 -0.7299
vn -0.5742 0.5933 -0.5642
vn -0.4688 0.8827 0.0310
vn 0.5841 0.3550 -0.7299
vn -0.3889 0.8759 0.2855
vn -0.2765 0.8299 0.4846
vn 0.9133 0.2920 0.2840
vn 0.8921 0.4481 0.0589
vn -0.6459 0.6486 0.4026
vn -0.1268 0.9234 0.3622
vn -0.0089 0.5651 -0.8250
vn -0.0090 0.5651 -0.8250
vn -0.5291 0.2985 -0.7943
vn -0.6459 0.6486 0.4027
vn -0.1269 0.9234 0.3622
vn 0.4155 0.7777 0.4718
vn 0.5308 0.4242 -0.7337
vn -0.6665 0.3607 -0.6524
vn -0.5968 0.5510 0.5833
vn -0.1039 0.8608 0.4982
vn -0.1039 0.8608 0.4983
vn -0.1704 0.6603 -0.7314
vn -0.6665 0.3607 -0.6525
vn -0.1038 0.8608 0.4983
vn 0.4548 0.7379 0.4985
vn 0.3829 0.5447 -0.7461
vn -0.1703 0.6604 -0.7314
vn 0.4548 0.7380 0.4985
vn 0.7861 0.2726 0.5548
vn 0.7158 0.0840 -0.6932
vn -0.4917 0.4268 0.7590
vn 0.0227 0.7086 0.7053
vn -0.1549 0.8398 -0.5203
vn -0.1548 0.8398 -0.5203
vn -0.6725 0.5701 -0.4719
vn -0.4917 0.4269 0.7590
vn 0.0228 0.7086 0.7052
vn 0.5644 0.5439 0.6210
vn 0.3806 0.6869 -0.6191
vn 0.3807 0.6869 -0.6191
vn 0.9266 0.3748 0.0321
vn -0.1017 0.9932 0.0573
vn -0.2274 0.9122 0.3410
vn -0.1966 0.7836 -0.5894
vn -0.1017 0.9932 0.0574
vn 0.9265 0.3748 0.0321
vn 0.9266 0.3748 0.0322
vn 0.8112 0.1141 -0.5736
vn -0.1966 0.7836 -0.5893
vn -0.0451 0.9566 -0.2878
vn 0.9344 0.2246 -0.2767
vn 0.6234 -0.1088 -0.7743
vn -0.3555 0.5725 -0.7388
vn -0.1100 0.9143 0.3899
vn 0.8969 0.2252 0.3807
vn 0.9343 0.2246 -0.2767
vn 0.9344 0.2246 -0.2766
vn -0.1100 0.9143 0.3898
vn 0.3873 0.5863 -0.7115
vn -0.2741 0.5552 -0.7852
vn -0.4587 0.8125 0.3597
vn -0.4587 0.8126 0.3597
vn 0.1812 0.8539 0.4879
vn 0.6493 0.4297 0.6275
vn 0.8418 0.1820 -0.5083
vn 0.8417 0.1820 -0.5083
vn 0.3873 0.5864 -0.7115
vn 0.3102 0.6659 -0.6785
vn -0.3557 0.6655 -0.6561
vn -0.3608 0.7695 0.5270
vn -0.3609 0.7694 0.5270
vn 0.2918 0.7729 0.5634
vn 0.3101 0.6659 -0.6785
vn 0.2919 0.7729 0.5634
vn 0.7535 0.3200 0.5743
vn 0.7535 0.3201 0.5743
vn 0.7680 0.2247 -0.5997
vn 0.3101 0.6658 -0.6786
vn 0.0887 0.8755 -0.4750
vn -0.5170 0.8324 -0.1997
vn -0.0641 0.5188 0.8525
vn -0.0641 0.5187 0.8525
vn 0.5513 0.5425 0.6338
vn 0.5513 0.5426 0.6338
vn 0.9403 0.1393 0.3106
vn 0.9402 0.1394 0.3107
vn 0.5002 0.4585 -0.7346
vn 0.0887 0.8756 -0.4749
vn 0.0131 0.9069 -0.4211
vn 0.4735 0.4765 0.7408
vn 0.9004 0.3010 0.3142
vn 0.4886 0.5961 -0.6370
vn -0.1235 0.5151 0.8482
vn 0.0130 0.9070 -0.4210
vn 0.0131 0.9070 -0.4210
vn -0.5319 0.8314 -0.1607
vn 0.2609 0.6816 -0.6836
vn 0.2082 0.7463 0.6322
vn 0.7427 0.4434 0.5018
vn 0.7489 0.3369 -0.5707
vn 0.2609 0.6817 -0.6835
vn -0.3785 0.7895 0.4831
vn 0.2082 0.7463 0.6323
vn 0.2610 0.6817 -0.6835
vn -0.3465 0.6812 -0.6449
vn -0.3786 0.7895 0.4831
vn 0.3458 0.6075 -0.7151
vn 0.1096 0.8171 0.5660
vn 0.6607 0.5165 0.5447
vn 0.8171 0.2916 -0.4972
vn 0.3458 0.6076 -0.7151
vn -0.4509 0.8280 0.3333
vn -0.2613 0.5958 -0.7595
vn -0.2079 0.9775 -0.0343
vn -0.7426 0.6697 0.0041
vn -0.6239 0.6051 0.4946
vn -0.6239 0.6051 0.4947
vn -0.1583 0.8731 0.4611
vn -0.2079 0.9776 -0.0343
vn 0.4062 0.9118 -0.0597
vn -0.2079 0.9775 -0.0344
vn 0.3761 0.8159 0.4391
vn 0.4061 0.9119 -0.0597
vn 0.8650 0.4979 -0.0622
vn 0.4062 0.9119 -0.0597
vn 0.7755 0.4556 0.4370
vn -0.2036 0.8288 -0.5211
vn -0.6689 0.5610 -0.4877
vn 0.3308 0.7718 -0.5431
vn 0.7304 0.4114 -0.5453
vn 0.3307 0.7718 -0.5431
vn -0.2036 0.8289 -0.5211
vn -0.1440 0.4676 -0.8721
vn -0.1440 0.4676 -0.8722
vn -0.4272 0.3116 -0.8488
vn 0.1693 0.4190 -0.8921
vn 0.3308 0.7717 -0.5431
vn 0.3950 0.2146 -0.8933
vn -0.3315 0.6431 0.6903
vn -0.3729 0.5150 0.7718
vn 0.2210 0.5912 0.7757
vn 0.2211 0.5911 0.7757
vn 0.2452 0.6850 0.6860
vn -0.3314 0.6432 0.6903
vn -0.8341 0.4509 0.3177
vn -0.7559 0.6113 0.2344
vn 0.6834 0.6205 0.3846
vn 0.7615 0.6043 -0.2345
vn 0.6253 0.7475 -0.2242
vn 0.6057 0.7278 0.3217
vn 0.6834 0.6205 0.3847
vn 0.6835 0.6204 0.3846
vn 0.6057 0.7278 0.3216
vn -0.2732 0.4754 -0.8363
vn -0.8259 0.4124 -0.3845
vn -0.7346 0.5666 -0.3734
vn -0.7346 0.5665 -0.3734
vn -0.3019 0.6088 -0.7336
vn -0.2733 0.4754 -0.8362
vn 0.2568 0.6897 -0.6770
vn 0.3892 0.5591 -0.7321
vn 0.2567 0.6898 -0.6770
vn 0.7615 0.6043 -0.2346
vn 0.6253 0.7475 -0.2241
vn -0.8341 0.4510 0.3176
vn -0.7559 0.6113 0.2343
vn -0.8259 0.4123 -0.3844
vn -0.4270 0.5819 -0.6922
vn -0.8114 0.5348 -0.2359
vn -0.7154 0.6628 -0.2212
vn -0.3360 0.6813 -0.6504
vn -0.8114 0.5347 -0.2358
vn -0.7668 0.4923 0.4120
vn -0.7668 0.4923 0.4119
vn -0.6518 0.6441 0.4004
vn 0.5963 0.7196 -0.3558
vn 0.6923 0.5655 -0.4483
vn 0.1713 0.5872 -0.7911
vn 0.1704 0.7061 -0.6873
vn 0.5962 0.7196 -0.3558
vn 0.1714 0.5872 -0.7911
vn -0.4270 0.5819 -0.6921
vn -0.3359 0.6813 -0.6504
vn 0.1705 0.7061 -0.6873
vn -0.1740 0.5918 0.7871
vn -0.2287 0.4505 0.8630
vn 0.4749 0.4854 0.7340
vn 0.3877 0.6133 0.6881
vn -0.1741 0.5918 0.7871
vn 0.8279 0.5377 0.1592
vn 0.7063 0.6739 0.2170
vn 0.7062 0.6739 0.2170
vn 0.6922 0.5655 -0.4483
vn 0.5962 0.7197 -0.3558
vn 0.8279 0.5377 0.1593
vn -0.6518 0.6441 0.4005
vn -0.2574 0.3632 -0.8955
vn -0.2614 0.9027 -0.3418
vn 0.5564 0.7764 -0.2961
vn 0.5565 0.7763 -0.2960
vn 0.5634 0.3393 -0.7532
vn -0.7526 0.2555 -0.6069
vn -0.7619 0.6138 -0.2068
vn -0.2532 0.8872 0.3858
vn 0.5400 0.7749 0.3287
vn 0.5399 0.7749 0.3287
vn 0.5565 0.7764 -0.2960
vn -0.2532 0.8872 0.3857
vn -0.7826 0.5505 0.2906
vn -0.0441 0.9948 0.0916
vn -0.3226 0.5537 0.7677
vn 0.3372 0.5533 0.7617
vn 0.1594 0.9823 -0.0986
vn 0.3562 0.5131 -0.7809
vn -0.2934 0.5818 -0.7586
vn -0.7593 0.5749 0.3049
vn 0.8098 0.4939 -0.3167
vn 0.7921 0.5189 0.3213
vn -0.7593 0.5749 0.3050
vn -0.7407 0.5924 -0.3169
vn 0.1594 0.9823 -0.0987
vn 0.3562 0.5131 -0.7810
vn 0.7921 0.5190 0.3213
vn 0.1593 0.9823 -0.0987
vn -0.0440 0.9948 0.0916
vn 0.3373 0.5533 0.7617
vn 0.7921 0.5190 0.3214
vn 0.0870 0.6527 -0.7526
vn -0.3295 0.6546 -0.6804
vn -0.2263 0.6310 0.7420
vn -0.2262 0.6310 0.7421
vn 0.3514 0.6220 0.6997
vn 0.3513 0.6220 0.6997
vn 0.8068 0.5709 0.1520
vn 0.5297 0.6159 -0.5832
vn 0.5296 0.6159 -0.5833
vn 0.0871 0.6527 -0.7526
vn -0.6298 0.6949 0.3471
vn -0.7145 0.6635 -0.2221
vn -0.6299 0.6948 0.3471
vn -0.5294 0.8483 0.0032
vn -0.3823 0.6308 0.6753
vn 0.3567 0.6549 0.6663
vn 0.3567 0.6548 0.6663
vn 0.4699 0.8827 -0.0108
vn 0.4698 0.8827 -0.0107
vn 0.3398 0.6529 -0.6770
vn -0.4028 0.6265 -0.6673
vn -0.4027 0.6265 -0.6673
vn -0.5294 0.8484 0.0033
vn 0.4699 0.8827 -0.0107
vn 0.9993 0.0343 -0.0140
vn 0.7341 0.0223 -0.6787
vn 0.4698 0.8827 -0.0108
vn 0.5964 0.7907 0.1382
vn -0.7244 0.6839 0.0870
vn -0.6323 0.2713 0.7256
vn -0.6323 0.2712 0.7257
vn 0.5135 0.3658 0.7762
vn 0.5964 0.7907 0.1381
vn 0.5872 0.7554 -0.2909
vn -0.6796 0.6525 -0.3353
vn -0.7244 0.6839 0.0871
vn 0.5963 0.7907 0.1382
vn 0.6210 0.3073 -0.7210
vn -0.6134 0.2079 -0.7619
vn -0.6796 0.6525 -0.3352
vn 0.6210 0.3073 -0.7211
vn 0.6371 0.6946 -0.3341
vn -0.5799 0.5799 -0.5722
vn -0.7121 0.6652 0.2247
vn 0.4449 0.7737 0.4510
vn 0.6371 0.6946 -0.3342
vn 0.7581 0.2274 -0.6112
vn -0.5029 0.1066 -0.8577
vn -0.5028 0.1066 -0.8578
vn -0.5799 0.5800 -0.5722
vn -0.8560 0.4929 0.1561
vn 0.4471 0.8755 0.1830
vn 0.5282 0.8478 -0.0471
vn 0.5284 0.8477 -0.0471
vn -0.7368 0.6408 -0.2156
vn -0.8559 0.4931 0.1561
vn -0.7369 0.6407 -0.2157
vn 0.5283 0.8477 -0.0471
vn 0.6610 0.4938 -0.5649
vn 0.6611 0.4938 -0.5649
vn -0.5099 0.3331 -0.7931
vn -0.7369 0.6407 -0.2156
vn -0.8646 0.2921 0.4089
vn 0.3296 0.8718 0.3625
vn 0.4471 0.8756 0.1829
vn -0.8560 0.4929 0.1560
vn -0.8645 0.2921 0.4090
vn 0.3888 0.8760 0.2856
vn 0.4687 0.8828 0.0310
vn -0.7972 0.5793 -0.1698
vn -0.7972 0.5794 -0.1698
vn -0.8920 0.4482 0.0590
vn 0.3888 0.8759 0.2856
vn 0.4687 0.8828 0.0311
vn 0.5741 0.5932 -0.5644
vn -0.5842 0.3548 -0.7299
vn -0.7973 0.5793 -0.1697
vn 0.2764 0.8300 0.4845
vn 0.3887 0.8760 0.2855
vn -0.8920 0.4481 0.0588
vn -0.8920 0.4482 0.0588
vn -0.9134 0.2918 0.2839
vn 0.2765 0.8299 0.4845
vn 0.6460 0.6485 0.4027
vn 0.5293 0.2983 -0.7943
vn 0.0089 0.5651 -0.8249
vn 0.0090 0.5651 -0.8249
vn 0.1269 0.9234 0.3623
vn -0.5308 0.4240 -0.7338
vn -0.4154 0.7777 0.4718
vn -0.5309 0.4240 -0.7337
vn 0.5969 0.5509 0.5833
vn 0.6665 0.3607 -0.6524
vn 0.1702 0.6604 -0.7313
vn 0.1702 0.6604 -0.7314
vn 0.1039 0.8607 0.4983
vn -0.3829 0.5447 -0.7461
vn -0.4549 0.7380 0.4985
vn 0.1039 0.8608 0.4983
vn -0.3830 0.5447 -0.7461
vn 0.4920 0.4267 0.7589
vn 0.6725 0.5701 -0.4720
vn 0.1550 0.8398 -0.5203
vn 0.1549 0.8398 -0.5203
vn -0.0226 0.7084 0.7055
vn -0.3805 0.6870 -0.6191
vn -0.5643 0.5439 0.6211
vn -0.0226 0.7084 0.7054
vn 0.8396 -0.0131 -0.5430
vn 0.5840 0.2386 -0.7759
vn 0.2275 0.9121 0.3410
vn 0.1966 0.7837 -0.5893
vn 0.1016 0.9932 0.0573
vn 0.5841 0.2386 -0.7758
vn 0.1016 0.9932 0.0574
vn -0.9265 0.3749 0.0321
vn 0.1965 0.7837 -0.5893
vn -0.8112 0.1141 -0.5735
vn -0.9265 0.3750 0.0321
vn 0.7611 0.1226 -0.6369
vn 0.6307 0.2936 -0.7183
vn 0.3547 0.6724 0.6496
vn 0.1098 0.9143 0.3899
vn 0.6308 0.2935 -0.7183
vn 0.4417 0.6020 0.6652
vn 0.4398 0.6217 0.6481
vn 0.8118 0.1020 -0.5749
vn 0.3554 0.5726 -0.7388
vn 0.1099 0.9143 0.3899
vn 0.0451 0.9567 -0.2877
vn -0.6233 -0.1089 -0.7743
vn -0.9344 0.2247 -0.2766
vn 0.0451 0.9566 -0.2878
vn 0.0451 0.9566 -0.2877
vn 0.3555 0.5726 -0.7388
vn -0.6233 -0.1089 -0.7744
vn -0.8969 0.2252 0.3807
vn 0.7489 0.4698 0.4674
vn 0.5243 0.1612 -0.8361
vn 0.2742 0.5551 -0.7853
vn 0.2742 0.5550 -0.7853
vn 0.4586 0.8126 0.3596
vn 0.4586 0.8126 0.3597
vn -0.3873 0.5863 -0.7115
vn -0.3872 0.5863 -0.7115
vn -0.1811 0.8539 0.4878
vn 0.4587 0.8126 0.3596
vn 0.6499 0.4230 0.6314
vn 0.6308 0.2892 -0.7201
vn 0.3557 0.6656 -0.6560
vn 0.3557 0.6657 -0.6560
vn 0.3607 0.7695 0.5271
vn 0.6499 0.4231 0.6314
vn 0.3557 0.6656 -0.6561
vn -0.3101 0.6660 -0.6784
vn -0.3102 0.6660 -0.6784
vn -0.2918 0.7730 0.5633
vn 0.0639 0.5186 0.8526
vn 0.5169 0.8324 -0.1997
vn -0.0887 0.8755 -0.4750
vn -0.5513 0.5424 0.6339
vn 0.0638 0.5186 0.8526
vn 0.5319 0.8314 -0.1606
vn 0.7715 0.5679 -0.2870
vn -0.4534 0.2304 -0.8610
vn -0.4887 0.5961 -0.6370
vn -0.9003 0.3011 0.3142
vn -0.4735 0.4765 0.7407
vn -0.0131 0.9070 -0.4210
vn -0.0132 0.9069 -0.4210
vn -0.9004 0.3011 0.3142
vn 0.1236 0.5151 0.8482
vn 0.5320 0.8314 -0.1606
vn -0.0132 0.9069 -0.4211
vn -0.0131 0.9069 -0.4211
vn -0.4735 0.4765 0.7408
vn 0.1235 0.5151 0.8482
vn 0.5468 0.3777 -0.7472
vn 0.3465 0.6812 -0.6449
vn 0.3785 0.7895 0.4831
vn 0.5918 0.5062 0.6273
vn -0.7427 0.4434 0.5018
vn -0.2081 0.7463 0.6323
vn -0.2609 0.6817 -0.6835
vn 0.3466 0.6812 -0.6449
vn -0.2610 0.6817 -0.6835
vn 0.3786 0.7895 0.4831
vn 0.4418 0.2765 -0.8535
vn 0.2615 0.5957 -0.7594
vn 0.4509 0.8280 0.3333
vn 0.4509 0.8280 0.3332
vn 0.6789 0.5571 0.4782
vn 0.4418 0.2765 -0.8534
vn -0.6607 0.5165 0.5447
vn -0.1095 0.8171 0.5661
vn -0.3458 0.6076 -0.7150
vn -0.8171 0.2916 -0.4973
vn -0.3458 0.6075 -0.7151
vn 0.0000 0.7958 -0.6055
vn 0.0000 0.8273 -0.5618
vn 0.9279 0.3076 -0.2106
vn 0.9314 0.2895 -0.2206
vn -0.9280 0.3073 -0.2106
vn -0.9313 0.2899 -0.2206
vn 0.9314 0.2895 -0.2207
vn 0.9264 0.2600 -0.2725
vn 0.0000 0.6392 -0.7690
vn 0.9314 0.2896 -0.2206
vn 0.2794 0.5657 -0.7758
vn 0.1133 0.2643 -0.9578
vn 0.8726 0.4317 -0.2284
vn -0.8726 0.4317 -0.2284
vn -0.1133 0.2642 -0.9578
vn -0.2794 0.5656 -0.7759
vn 0.9849 0.1219 0.1232
vn 0.6735 -0.0512 -0.7374
vn 0.2794 0.5657 -0.7759
vn 0.5348 0.7510 0.3873
vn 0.9849 0.1219 0.1233
vn -0.6735 -0.0510 -0.7374
vn -0.9848 0.1220 0.1233
vn -0.5349 0.7509 0.3873
vn 0.1670 0.9805 0.1037
vn -0.4219 0.9062 -0.0292
vn -0.0636 0.9949 -0.0788
vn 0.0636 0.9949 -0.0788
vn 0.4219 0.9062 -0.0293
vn -0.1670 0.9805 0.1037
vn -0.7246 0.2015 -0.6591
vn -0.9940 -0.0091 -0.1094
vn -0.4184 -0.1063 -0.9020
vn 0.4185 -0.1065 -0.9020
vn 0.9940 -0.0091 -0.1094
vn 0.7246 0.2015 -0.6591
vn 0.6193 0.1246 0.7752
vn 0.9908 -0.0487 0.1262
vn 0.3853 -0.3257 0.8634
vn -0.3645 -0.3200 0.8745
vn -0.9924 -0.0414 0.1161
vn -0.6879 0.1031 0.7185
vn 0.6877 0.1030 0.7187
vn 0.9924 -0.0414 0.1162
vn 0.3644 -0.3200 0.8745
vn -0.1428 0.8433 -0.5181
vn -0.1941 0.8992 -0.3921
vn -0.1714 0.6828 -0.7102
vn 0.1714 0.6828 -0.7103
vn 0.1941 0.8992 -0.3921
vn 0.1428 0.8434 -0.5180
vn 0.5514 0.7052 -0.4456
vn 0.2438 0.9651 -0.0961
vn -0.2155 0.8541 0.4734
vn -0.2438 0.9651 -0.0960
vn -0.3816 0.8072 -0.4504
vn 0.3816 0.8072 -0.4504
vn 0.2438 0.9651 -0.0960
vn 0.2155 0.8541 0.4734
vn -0.1108 0.9831 -0.1459
vn 0.0087 0.8056 -0.5924
vn -0.0087 0.8056 -0.5924
vn 0.1108 0.9831 -0.1459
vn -0.2736 0.9616 -0.0239
vn -0.0800 0.7659 0.6380
vn 0.0800 0.7659 0.6379
vn 0.2735 0.9616 -0.0239
vn -0.2735 0.9616 -0.0239
vn -0.2681 0.7538 0.5999
vn 0.2680 0.7538 0.5999
vn -0.6607 0.5183 -0.5429
vn -0.6801 0.5342 0.5022
vn -0.2619 0.5817 0.7701
vn -0.2923 0.4807 -0.8267
vn -0.6607 0.5183 -0.5430
vn 0.2620 0.5817 0.7700
vn 0.6800 0.5342 0.5023
vn 0.6608 0.5182 -0.5429
vn 0.6608 0.5182 -0.5430
vn 0.2925 0.4807 -0.8267
vn 0.2619 0.5817 0.7701
vn -0.2924 0.4806 -0.8267
vn -0.7365 0.4455 -0.5090
vn -0.0986 0.6906 -0.7164
vn -0.7365 0.4456 -0.5089
vn -0.9170 0.3160 -0.2434
vn -0.5523 0.8201 -0.1493
vn -0.5524 0.8201 -0.1493
vn -0.3697 0.6936 -0.6182
vn -0.7365 0.4456 -0.5090
vn -0.0986 0.6906 -0.7165
vn 0.0986 0.6906 -0.7165
vn 0.7364 0.4456 -0.5090
vn 0.2924 0.4807 -0.8267
vn 0.5524 0.8201 -0.1493
vn 0.9171 0.3158 -0.2434
vn 0.7365 0.4456 -0.5090
vn 0.3698 0.6936 -0.6182
vn 0.3697 0.6937 -0.6182
vn 0.7364 0.4456 -0.5091
vn 0.7364 0.4457 -0.5090
vn -0.4219 0.9062 -0.0293
vn -0.9170 0.3159 -0.2434
vn 0.8041 0.1395 0.5778
vn 0.9170 0.3159 -0.2435
vn 0.3527 0.8119 0.4652
vn 0.8041 0.1395 0.5779
vn 0.4219 0.9062 -0.0292
vn 0.4218 0.9062 -0.0293
vn 0.9170 0.3159 -0.2434
vn -0.6032 0.0060 0.7976
vn -0.5971 0.1015 -0.7958
vn -0.7244 0.2774 -0.6311
vn -0.7288 0.1190 0.6743
vn -0.6032 0.0060 0.7975
vn 0.7243 0.2775 -0.6312
vn 0.5970 0.1015 -0.7958
vn 0.6032 0.0060 0.7976
vn 0.6032 0.0060 0.7975
vn 0.7288 0.1190 0.6743
vn 0.7244 0.2774 -0.6312
vn 0.3135 0.1164 -0.9424
vn 0.4994 0.5258 -0.6886
vn -0.4994 0.5258 -0.6886
vn -0.3135 0.1165 -0.9424
vn 0.3134 0.1164 -0.9425
vn -0.4865 0.5304 -0.6942
vn -0.3307 0.0766 -0.9406
vn -0.5218 0.4977 -0.6928
vn -0.5218 0.4977 -0.6929
vn -0.3317 0.1403 -0.9329
vn 0.5218 0.4977 -0.6928
vn 0.3307 0.0767 -0.9406
vn 0.4865 0.5304 -0.6942
vn 0.3317 0.1403 -0.9329
vn 0.5218 0.4977 -0.6929
vn -0.5081 0.5665 -0.6488
vn -0.3814 0.1721 -0.9083
vn 0.3276 0.0960 -0.9399
vn 0.5623 0.5169 -0.6455
vn -0.5081 0.5665 -0.6487
vn -0.3276 0.0960 -0.9399
vn 0.3814 0.1721 -0.9083
vn 0.5081 0.5665 -0.6488
vn -0.5624 0.5169 -0.6454
vn -0.3276 0.0961 -0.9399
vn -0.5005 0.5439 -0.6735
vn -0.3375 0.1721 -0.9255
vn -0.4994 0.5605 -0.6607
vn -0.3393 0.1428 -0.9298
vn -0.5006 0.5440 -0.6735
vn 0.4994 0.5605 -0.6607
vn 0.3374 0.1721 -0.9255
vn 0.5006 0.5439 -0.6735
vn 0.3394 0.1428 -0.9297
vn -0.4698 0.6657 -0.5798
vn -0.2426 0.5626 -0.7903
vn -0.5463 0.6958 -0.4663
vn -0.5463 0.6958 -0.4662
vn -0.1911 0.5039 -0.8423
vn -0.4699 0.6657 -0.5797
vn 0.5463 0.6958 -0.4663
vn 0.2426 0.5626 -0.7903
vn 0.4698 0.6657 -0.5798
vn 0.4699 0.6657 -0.5797
vn 0.1911 0.5039 -0.8423
vn 0.5463 0.6958 -0.4662
vn -0.5333 0.7153 -0.4516
vn 0.5333 0.7152 -0.4517
vn 0.1714 0.6828 -0.7102
vn -0.5333 0.7153 -0.4517
vn 0.1715 0.6828 -0.7102
vn 0.1428 0.8433 -0.5180
vn 0.3398 0.8608 -0.3790
vn 0.1428 0.8433 -0.5181
vn -0.3356 0.8632 -0.3772
vn -0.3398 0.8608 -0.3790
vn -0.5515 0.7052 -0.4457
vn -0.3816 0.8072 -0.4503
vn -0.2680 0.7538 0.5999
vn -0.1246 0.9651 -0.2303
vn 0.2680 0.7538 0.6000
vn 0.3816 0.8072 -0.4503
vn 0.1246 0.9651 -0.2303
vn -0.2154 0.8541 0.4734
vn 0.1108 0.9831 -0.1458
vn 0.1246 0.9651 -0.2304
vn -0.5102 0.5257 -0.6807
vn -0.6604 0.6245 0.4169
vn 0.3340 0.8032 0.4932
vn 0.5048 0.6866 -0.5232
vn -0.3340 0.8032 0.4932
vn 0.6604 0.6245 0.4169
vn 0.5102 0.5257 -0.6806
vn 0.5101 0.5257 -0.6807
vn -0.5048 0.6866 -0.5231
vn -0.3527 0.8119 0.4651
vn -0.1108 0.9831 -0.1458
vn 0.5910 0.7774 0.2155
vn 0.5419 0.2389 -0.8058
vn -0.5418 0.2390 -0.8058
vn -0.5419 0.2390 -0.8058
vn -0.5911 0.7773 0.2155
vn -0.5589 0.8282 0.0418
vn -0.4023 0.6768 0.6166
vn 0.4023 0.6768 0.6166
vn 0.5589 0.8282 0.0419
vn -0.5589 0.8282 0.0419
vn 0.3776 0.7616 -0.5266
vn -0.3776 0.7616 -0.5266
vn 0.2173 0.1321 -0.9671
vn -0.2173 0.1321 -0.9671
vn 0.3828 0.9185 0.0994
vn 0.2973 0.6453 0.7037
vn 0.9239 0.3803 0.0412
vn 0.3829 0.9184 0.0994
vn 0.2972 0.6453 0.7037
vn 0.3829 0.9184 0.0995
vn -0.3829 0.9184 0.0994
vn -0.2973 0.6453 0.7037
vn 0.0000 0.8408 0.5413
vn 0.0000 1.0000 0.0053
vn -0.5452 0.8135 0.2026
vn 0.5451 0.8135 0.2026
vn -0.0000 0.6751 -0.7377
vn -0.0000 0.9648 -0.2629
vn 0.5450 0.7344 -0.4045
vn -0.5449 0.7345 -0.4046
vn -0.5452 0.8134 0.2026
vn -0.5449 0.7345 -0.4045
vn 0.5450 0.7344 -0.4046
vn -0.0000 0.1574 -0.9875
vn 0.8305 0.2193 -0.5121
vn 0.0000 0.1573 -0.9875
vn -0.7173 0.6586 -0.2274
vn 0.7173 0.6586 -0.2273
vn 0.2973 0.5323 -0.7926
vn 0.2974 0.5323 -0.7926
vn -0.2974 0.7036 -0.6453
vn -0.7173 0.5947 0.3630
vn -0.2973 0.5493 0.7809
vn 0.2973 0.7175 0.6299
vn 0.2973 0.7176 0.6298
vn 0.7173 0.5947 0.3631
vn 0.7173 0.5947 0.3630
vn 0.7173 0.6586 -0.2274
vn -0.7173 0.6586 -0.2275
vn 0.2063 0.6171 -0.7593
vn 0.5216 0.7261 -0.4481
vn -0.6963 0.6935 0.1850
vn -0.2473 0.8062 0.5374
vn 0.5215 0.7261 -0.4481
vn 0.7083 0.6820 -0.1819
vn -0.7129 0.6833 -0.1576
vn -0.6963 0.6935 0.1851
vn 0.2735 0.7995 0.5348
vn 0.2734 0.7995 0.5348
vn -0.2751 0.6935 -0.6658
vn 0.7042 0.6920 0.1589
vn 0.7042 0.6920 0.1588
vn -0.6207 0.7008 -0.3515
vn -0.6207 0.7008 -0.3516
vn 0.7129 0.6833 -0.1576
vn 0.7130 0.6833 -0.1576
vn -0.7084 0.6820 -0.1819
vn 0.1356 0.9140 0.3823
vn 0.4502 0.1192 -0.8849
vn 0.4911 0.1869 0.8508
vn -0.4915 0.1874 0.8505
vn -0.4500 0.1195 -0.8850
vn -0.1355 0.9141 0.3821
vn 0.4297 0.4687 0.7718
vn 0.7155 -0.1962 0.6705
vn 0.4039 0.8451 0.3503
vn -0.4039 0.8450 0.3505
vn -0.7155 -0.1963 0.6704
vn -0.4297 0.4687 0.7718
vn 0.2994 0.4200 0.8567
vn 0.5796 0.5895 0.5626
vn 0.6020 0.5021 -0.6209
vn 0.3611 0.2576 -0.8962
vn 0.2995 0.4200 0.8567
vn -0.6019 0.5022 -0.6209
vn -0.5799 0.5893 0.5626
vn -0.2995 0.4200 0.8567
vn -0.3611 0.2576 -0.8962
vn 0.7072 0.5374 0.4595
vn 0.6578 0.3879 -0.6456
vn 0.4503 0.1192 -0.8849
vn -0.6577 0.3879 -0.6457
vn -0.7072 0.5374 0.4595
vn -0.1356 0.9141 0.3821
vn -0.6577 0.3879 -0.6458
vn -0.5722 0.5247 -0.6303
vn -0.5487 0.6415 0.5362
vn 0.5487 0.6415 0.5362
vn 0.5723 0.5247 -0.6302
vn -0.5723 0.5247 -0.6302
vn 0.3537 0.7248 0.5913
vn 0.2646 0.5898 0.7629
vn -0.2644 0.5902 0.7627
vn -0.3536 0.7249 0.5912
vn 0.2646 0.5899 0.7629
vn 0.7120 0.3029 0.6335
vn 0.5550 0.2518 0.7928
vn 0.2646 0.5898 0.7630
vn 0.7432 0.3876 0.5454
vn 0.3015 0.2251 0.9265
vn 0.6104 0.5498 0.5702
vn 0.6105 0.5498 0.5701
vn 0.3483 0.3838 0.8552
vn -0.6103 0.5498 0.5703
vn -0.3013 0.2248 0.9266
vn -0.7431 0.3877 0.5454
vn -0.7430 0.3877 0.5455
vn -0.3483 0.3838 0.8552
vn 0.7234 0.5059 0.4698
vn 0.4222 0.1589 0.8925
vn -0.0845 0.4670 0.8802
vn -0.0845 0.4669 0.8802
vn -0.5386 0.6016 0.5899
vn 0.7235 0.5058 0.4698
vn 0.0845 0.4666 0.8804
vn -0.4223 0.1590 0.8924
vn -0.7233 0.5062 0.4697
vn 0.5383 0.6016 0.5902
vn 0.0846 0.4666 0.8804
vn -0.7161 0.3013 0.6296
vn -0.6786 0.3440 0.6489
vn 0.3235 0.7464 0.5817
vn 0.7160 0.3012 0.6297
vn -0.1280 0.3018 0.9448
vn -0.3237 0.7464 0.5814
vn -0.3237 0.7464 0.5815
vn 0.6786 0.3440 0.6490
vn 0.7160 0.3013 0.6298
vn 0.7761 0.0017 0.6306
vn 0.4947 0.2547 0.8309
vn 0.4040 0.8450 0.3503
vn 0.1072 0.8163 0.5676
vn 0.7761 0.0016 0.6306
vn 0.7072 0.5374 0.4594
vn -0.4844 0.5962 0.6402
vn 0.4843 0.5962 0.6403
vn -0.9116 0.4006 0.0920
vn -0.6969 0.3396 0.6317
vn 0.4039 0.8450 0.3503
vn -0.9113 0.4002 0.0972
vn -0.9116 0.4006 0.0919
vn -0.3327 0.3130 0.8896
vn 0.9116 0.4005 0.0922
vn -0.4039 0.8449 0.3506
vn -0.1079 0.8163 0.5675
vn -0.1079 0.8162 0.5676
vn 0.6967 0.3396 0.6319
vn 0.3329 0.3130 0.8895
vn -0.4039 0.8450 0.3506
vn 0.6489 0.7454 0.1524
vn 0.1734 0.5276 0.8316
vn 0.7204 0.4549 0.5235
vn -0.7204 0.4549 0.5235
vn -0.1734 0.5276 0.8316
vn -0.6489 0.7455 0.1523
vn 0.6489 0.7455 0.1524
vn -0.6489 0.7455 0.1524
vn -0.6586 0.6981 -0.2808
vn 0.6489 0.7455 0.1523
vn 0.6587 0.6981 -0.2808
vn -0.6587 0.6981 -0.2808
vn 0.5995 0.2992 -0.7424
vn -0.5995 0.2993 -0.7423
vn -0.2536 0.8821 0.3970
vn 0.9309 0.1126 -0.3476
vn 0.9723 0.0354 0.2309
vn -0.9723 0.0353 0.2309
vn -0.9309 0.1126 -0.3476
vn 0.2536 0.8821 0.3970
vn -0.5581 0.5613 0.6111
vn 0.5254 0.5719 0.6299
vn 0.5446 0.7254 -0.4209
vn -0.5539 0.7122 -0.4313
vn -0.5446 0.7254 -0.4209
vn -0.5254 0.5719 0.6299
vn 0.5581 0.5613 0.6111
vn 0.5539 0.7122 -0.4313
vn 0.3085 0.4771 -0.8230
vn 0.2321 0.2485 0.9404
vn -0.2152 0.3097 0.9261
vn -0.2941 0.5269 -0.7974
vn 0.3085 0.4770 -0.8229
vn 0.2152 0.3098 0.9261
vn -0.2321 0.2485 0.9404
vn -0.3085 0.4771 -0.8230
vn -0.3085 0.4770 -0.8229
vn 0.2941 0.5268 -0.7975
vn 0.5191 0.5696 0.6372
vn 0.5233 0.6916 -0.4979
vn -0.4514 0.7535 -0.4779
vn -0.4513 0.7536 -0.4780
vn -0.4557 0.5882 0.6681
vn 0.4514 0.7535 -0.4780
vn -0.5233 0.6916 -0.4979
vn -0.5191 0.5696 0.6372
vn 0.4557 0.5882 0.6681
vn -0.4995 0.7567 -0.4218
vn -0.4792 0.5620 0.6742
vn 0.5657 0.5376 0.6253
vn 0.5421 0.6860 -0.4853
vn -0.4994 0.7567 -0.4218
vn -0.5656 0.5377 0.6253
vn 0.4792 0.5620 0.6741
vn 0.4995 0.7567 -0.4218
vn -0.5421 0.6860 -0.4853
vn -0.5657 0.5377 0.6252
vn -0.2536 0.8821 0.3969
vn -0.1858 0.4830 -0.8557
vn 0.1858 0.4829 -0.8558
vn 0.2395 0.2309 0.9430
vn -0.2395 0.2309 0.9430
vn -0.3144 0.4728 -0.8232
vn -0.3145 0.4727 -0.8232
vn 0.3145 0.4728 -0.8232
vn -0.9309 0.1125 -0.3475
vn 0.9309 0.1125 -0.3476
vn -0.2816 0.0400 -0.9587
vn 0.3010 0.1647 -0.9393
vn 0.4811 0.6188 -0.6210
vn 0.4811 0.6189 -0.6209
vn -0.6487 0.4763 -0.5935
vn -0.2815 0.0401 -0.9587
vn -0.4811 0.6189 -0.6210
vn -0.3010 0.1647 -0.9393
vn 0.2814 0.0400 -0.9587
vn 0.2815 0.0401 -0.9587
vn 0.6488 0.4763 -0.5935
vn -0.4811 0.6189 -0.6209
vn 0.4129 0.6326 -0.6552
vn 0.3063 0.1363 -0.9421
vn 0.4956 0.5400 -0.6803
vn 0.4956 0.5399 -0.6803
vn 0.2733 0.3876 -0.8804
vn 0.4128 0.6326 -0.6552
vn -0.4957 0.5400 -0.6803
vn -0.3063 0.1363 -0.9421
vn -0.4129 0.6327 -0.6552
vn -0.4128 0.6327 -0.6552
vn -0.2733 0.3876 -0.8804
vn -0.4957 0.5399 -0.6802
vn -0.2728 0.1700 -0.9469
vn 0.2728 0.1700 -0.9469
vn 0.5682 0.5282 -0.6310
vn -0.5682 0.5282 -0.6310
vn -0.2728 0.1701 -0.9469
vn -0.7157 0.3291 -0.6159
vn -0.4469 0.0353 -0.8939
vn 0.2060 0.3017 -0.9309
vn 0.2894 0.7452 -0.6008
vn -0.7157 0.3292 -0.6160
vn -0.2059 0.3018 -0.9309
vn 0.4468 0.0353 -0.8939
vn 0.7157 0.3291 -0.6160
vn 0.7157 0.3292 -0.6160
vn -0.2895 0.7451 -0.6008
vn -0.7061 0.3080 -0.6376
vn -0.4169 0.0121 -0.9089
vn 0.1214 0.3333 -0.9350
vn 0.3066 0.7367 -0.6028
vn -0.7061 0.3081 -0.6376
vn -0.1214 0.3333 -0.9350
vn 0.4168 0.0122 -0.9089
vn 0.7061 0.3081 -0.6376
vn 0.7061 0.3080 -0.6376
vn -0.3067 0.7367 -0.6027
vn -0.3139 0.0228 -0.9492
vn 0.2978 0.2943 -0.9081
vn 0.4304 0.6109 -0.6645
vn -0.6187 0.4658 -0.6327
vn -0.3140 0.0228 -0.9491
vn 0.3140 0.0226 -0.9492
vn 0.6187 0.4658 -0.6327
vn -0.4303 0.6109 -0.6646
vn -0.4304 0.6109 -0.6645
vn -0.2978 0.2943 -0.9081
vn 0.3141 0.0227 -0.9491
vn 0.3018 0.0470 -0.9522
vn 0.6298 0.4658 -0.6216
vn -0.6298 0.4659 -0.6215
vn -0.6298 0.4659 -0.6216
vn -0.3018 0.0470 -0.9522
vn 0.7891 0.3330 0.5162
vn 0.1911 0.9460 0.2619
vn 0.7516 0.6229 0.2170
vn -0.1911 0.9460 0.2619
vn 0.0000 0.6638 0.7479
vn 0.8451 0.3399 0.4127
vn 0.8044 0.4057 0.4340
vn 0.1067 0.9921 0.0666
vn -0.8044 0.4057 0.4340
vn -0.1910 0.9460 0.2619
vn -0.8451 0.3399 0.4127
vn 0.6352 0.7605 0.1349
vn 0.5661 0.4780 0.6716
vn -0.5661 0.4780 0.6716
vn -0.1067 0.9921 0.0666
vn -0.6352 0.7605 0.1349
vn 0.7257 0.6222 -0.2938
vn 0.6353 0.7604 0.1349
vn -0.6353 0.7604 0.1349
vn -0.7257 0.6222 -0.2938
vn -0.7256 0.6222 -0.2938
vn 0.7256 0.6222 -0.2938
vn -0.7256 0.6222 -0.2939
vn 0.3593 0.4627 -0.8104
vn -0.3593 0.4627 -0.8104
vn -0.7891 0.3330 0.5162
vn 0.3580 0.4999 0.7887
vn 0.3579 0.4999 0.7887
vn 0.1910 0.9460 0.2619
vn -0.3580 0.4997 0.7887
vn -0.7516 0.6229 0.2170
vn -0.3579 0.4997 0.7888
vn 0.5908 -0.1910 -0.7839
vn 0.2788 0.1714 -0.9449
vn 0.8917 -0.1996 -0.4062
vn -0.6374 0.5951 0.4894
vn -0.1172 0.7212 0.6828
vn -0.9694 0.1822 0.1643
vn 0.9695 0.1822 0.1641
vn 0.1172 0.7212 0.6828
vn 0.6374 0.5951 0.4894
vn 0.7576 0.6405 0.1261
vn 0.2654 0.9234 -0.2774
vn 0.0111 0.5253 0.8509
vn 0.5874 0.3641 0.7227
vn -0.0111 0.5253 0.8508
vn -0.2654 0.9234 -0.2774
vn -0.7576 0.6405 0.1261
vn -0.7576 0.6404 0.1261
vn -0.5874 0.3641 0.7228
vn -0.0111 0.5253 0.8509
vn 0.0126 0.5052 0.8629
vn 0.8339 0.2969 0.4652
vn -0.8339 0.2969 0.4652
vn -0.0126 0.5052 0.8629
vn -0.2787 0.1715 -0.9449
vn 0.2787 0.1715 -0.9449
vn 0.2655 0.9234 -0.2774
vn 0.0126 0.5053 0.8629
vn -0.0126 0.5053 0.8629
vn 0.8833 0.1591 0.4409
vn 0.3433 0.8987 -0.2729
vn 0.5048 0.7101 0.4908
vn 0.9660 0.0482 -0.2542
vn -0.6299 0.3557 -0.6904
vn 0.6299 0.3557 -0.6904
vn 0.0000 -0.1547 -0.9880
vn 0.8766 0.0271 -0.4805
vn 0.3433 0.8987 -0.2728
vn 0.9660 0.0483 -0.2541
vn 0.5048 0.7101 0.4909
vn -0.5048 0.7101 0.4908
vn -0.1657 0.5962 0.7855
vn 0.1657 0.5962 0.7855
vn -0.5048 0.7101 0.4909
vn -0.3433 0.8987 -0.2729
vn -0.3432 0.8987 -0.2729
vn 0.8861 0.1553 -0.4366
vn 0.3339 0.3061 -0.8915
vn 0.2197 0.9432 -0.2494
vn 0.6231 0.7806 0.0482
vn -0.6231 0.7806 0.0482
vn 0.6231 0.7807 0.0482
vn -0.2197 0.9432 -0.2494
vn -0.6231 0.7807 0.0482
vn -0.3339 0.3062 -0.8915
vn 0.2196 0.9432 -0.2493
vn 0.2196 0.9432 -0.2494
vn -0.3339 0.3061 -0.8915
vn -0.6940 0.4419 0.5683
vn -0.2699 0.1675 0.9482
vn 0.2699 0.1675 0.9482
vn 0.6940 0.4420 0.5683
vn -0.6940 0.4420 0.5683
vn 0.6941 0.4419 0.5683
vn -0.6940 0.4419 0.5684
vn 0.6940 0.4419 0.5684
vn -0.4497 -0.0881 -0.8888
vn 0.4497 -0.0881 -0.8888
vn -0.0000 -0.2031 -0.9792
vn -0.7278 0.2125 -0.6520
vn -0.0000 0.9995 -0.0322
vn 0.4498 0.8847 -0.1226
vn -0.4498 0.8847 -0.1226
vn 0.7279 0.5840 -0.3593
vn -0.4498 0.8846 -0.1226
vn 0.7279 0.5840 -0.3594
vn -0.7279 0.5840 -0.3593
vn 0.7278 0.2126 -0.6520
vn -0.7279 0.5841 -0.3593
vn -0.7278 0.5842 -0.3592
vn 0.7278 0.2125 -0.6520
vn -0.7277 0.2125 -0.6521
vn 0.7278 0.2125 -0.6521
vn 0.4970 0.7753 0.3897
vn -0.4980 0.7848 0.3689
vn 0.0000 0.8059 0.5921
vn -0.6569 0.5081 -0.5571
vn 0.6601 0.4968 -0.5634
vn -0.0001 0.3714 -0.9285
vn 0.6601 0.4969 -0.5634
vn 0.7484 0.6632 -0.0057
vn -0.4980 0.7848 0.3688
vn 0.4969 0.7753 0.3898
vn -0.7675 0.6411 0.0058
vn -0.7675 0.6410 0.0058
vn -0.6569 0.5081 -0.5570
vn 0.3525 0.6016 0.7168
vn -0.3525 0.6016 0.7168
vn -0.3548 0.6555 0.6666
vn -0.3548 0.6556 0.6666
vn 0.3548 0.6556 0.6666
vn -0.3293 0.6245 0.7082
vn -0.4207 0.7278 0.5416
vn 0.4207 0.7278 0.5415
vn 0.4207 0.7278 0.5416
vn 0.3293 0.6245 0.7082
vn 0.3867 0.6556 -0.6486
vn -0.3866 0.6555 -0.6487
vn -0.3911 0.8066 0.4432
vn -0.3910 0.8066 0.4432
vn 0.3910 0.8066 0.4432
vn 0.3866 0.6555 -0.6487
vn -0.2500 0.1925 -0.9489
vn -0.1431 0.2990 -0.9434
vn -0.7160 0.5241 -0.4611
vn 0.7161 0.5242 -0.4610
vn 0.1431 0.2991 -0.9434
vn 0.2501 0.1925 -0.9489
vn 0.0934 0.8896 -0.4471
vn -0.2729 0.6496 0.7096
vn -0.2162 0.8834 -0.4157
vn -0.0435 0.9913 0.1240
vn -0.2728 0.6496 0.7096
vn 0.0934 0.8896 -0.4470
vn -0.2533 0.3528 -0.9008
vn -0.0149 0.8503 -0.5261
vn 0.2162 0.8834 -0.4157
vn 0.2729 0.6496 0.7096
vn -0.0934 0.8896 -0.4471
vn 0.2728 0.6496 0.7096
vn 0.0435 0.9913 0.1240
vn 0.0149 0.8503 -0.5261
vn 0.2533 0.3528 -0.9008
vn -0.0934 0.8896 -0.4470
vn -0.8071 0.2232 0.5466
vn -0.3678 0.8833 0.2906
vn -0.3679 0.8833 0.2906
vn 0.3678 0.8833 0.2906
vn 0.8071 0.2232 0.5466
vn -0.7818 0.6235 -0.0106
vn -0.8071 0.2231 0.5466
vn 0.8071 0.2231 0.5466
vn 0.7818 0.6235 -0.0106
vn -0.3744 0.9172 -0.1361
vn 0.3744 0.9172 -0.1361
vn -0.1576 0.2968 -0.9419
vn -0.1643 0.2972 -0.9406
vn -0.2161 0.8834 -0.4157
vn 0.2161 0.8834 -0.4157
vn 0.1643 0.2972 -0.9406
vn 0.1576 0.2968 -0.9419
vn -0.4748 0.2380 0.8473
vn -0.7161 0.5241 -0.4610
vn -0.7160 0.5241 -0.4610
vn -0.2728 0.6497 0.7096
vn -0.2161 0.8835 -0.4157
vn -0.1431 0.2991 -0.9434
vn -0.1576 0.2968 -0.9418
vn 0.7161 0.5241 -0.4610
vn 0.4748 0.2380 0.8473
vn 0.2728 0.6497 0.7096
vn 0.7160 0.5241 -0.4610
vn 0.1576 0.2968 -0.9418
vn -0.5681 0.7545 -0.3285
vn -0.6003 0.3510 0.7187
vn 0.6003 0.3509 0.7187
vn 0.6002 0.3509 0.7187
vn 0.5681 0.7545 -0.3286
vn -0.5681 0.7545 -0.3286
vn -0.2533 0.3529 -0.9007
vn -0.0150 0.8503 -0.5261
vn -0.3743 0.9173 -0.1361
vn 0.2533 0.3529 -0.9007
vn 0.1644 0.2972 -0.9406
vn 0.0436 0.9913 0.1240
vn 0.3743 0.9173 -0.1361
vn 0.0150 0.8503 -0.5261
vn -0.8182 0.5449 -0.1834
vn 0.3679 0.8833 0.2906
vn 0.8182 0.5449 -0.1833
vn 0.8442 0.1362 -0.5184
vn 0.6193 -0.0199 -0.7849
vn 0.2533 0.3528 -0.9007
vn 0.6155 0.2190 -0.7571
vn 0.3868 0.3645 -0.8471
vn -0.3868 0.3645 -0.8471
vn -0.6155 0.2190 -0.7571
vn 0.3619 0.3767 -0.8527
vn 0.1669 0.2464 -0.9547
vn -0.1669 0.2464 -0.9547
vn -0.3619 0.3767 -0.8527
vn 0.5944 0.8041 0.0067
vn 0.9457 0.2581 -0.1975
vn 0.5736 0.6804 -0.4561
vn -0.6302 0.7608 0.1550
vn -0.4327 0.6817 0.5900
vn -0.4326 0.6817 0.5900
vn 0.6855 0.6172 0.3862
vn -0.5412 0.6428 -0.5421
vn -0.6302 0.7608 0.1549
vn 0.5736 0.6803 -0.4562
vn 0.6411 0.3735 0.6705
vn 0.8058 0.2159 0.5514
vn -0.5149 0.7919 0.3282
vn -0.5149 0.7919 0.3283
vn -0.4829 0.7254 0.4905
vn 0.6411 0.3735 0.6704
vn 0.4327 0.6817 0.5900
vn 0.6302 0.7608 0.1550
vn -0.5944 0.8041 0.0067
vn -0.6855 0.6173 0.3862
vn 0.4327 0.6816 0.5900
vn 0.6302 0.7609 0.1549
vn 0.5412 0.6428 -0.5421
vn -0.5737 0.6803 -0.4562
vn -0.5736 0.6803 -0.4562
vn 0.5149 0.7919 0.3283
vn -0.8058 0.2159 0.5514
vn -0.6411 0.3735 0.6705
vn -0.6411 0.3735 0.6704
vn 0.4829 0.7254 0.4905
vn 0.0162 0.5789 -0.8153
vn 0.0416 0.9607 0.2745
vn 0.8013 0.3156 0.5082
vn 0.7754 -0.0816 -0.6262
vn 0.0162 0.5788 -0.8153
vn 0.0161 0.5789 -0.8152
vn -0.8161 -0.0939 -0.5702
vn -0.7902 0.2945 0.5374
vn 0.0416 0.9607 0.2746
vn 0.0163 0.5789 -0.8152
vn -0.7903 0.2945 0.5374
vn -0.7969 -0.0842 -0.5982
vn -0.9727 0.0056 -0.2321
vn -0.2874 0.9539 0.0866
vn -0.2873 0.9539 0.0866
vn 0.0864 0.9153 -0.3934
vn -0.7969 -0.0841 -0.5982
vn -0.8134 -0.1060 -0.5720
vn -0.7969 -0.0841 -0.5983
vn 0.2510 0.8112 -0.5281
vn 0.2510 0.8112 -0.5282
vn 0.0863 0.9153 -0.3934
vn 0.7941 0.3641 0.4867
vn 0.8624 0.3077 0.4020
vn 0.8624 0.3076 0.4020
vn 0.9591 0.2374 0.1542
vn 0.9591 0.2375 0.1542
vn 0.3584 0.4433 -0.8216
vn 0.8082 0.5197 0.2772
vn 0.7941 0.3640 0.4867
vn 0.0865 0.9153 -0.3935
vn -0.2874 0.9539 0.0867
vn 0.8081 0.5198 0.2772
vn 0.7363 0.6430 0.2108
vn -0.3777 0.5854 0.7174
vn 0.2509 0.8112 -0.5282
vn -0.8044 -0.0328 -0.5932
vn -0.7174 0.2842 0.6360
vn -0.3330 0.4921 -0.8043
vn -0.4175 0.6904 -0.5907
vn 0.0839 0.6967 -0.7124
vn 0.5936 0.6546 0.4682
vn 0.8906 0.4316 0.1434
vn 0.1930 0.2348 -0.9527
vn 0.0838 0.6968 -0.7124
vn -0.6126 -0.4051 -0.6787
vn -0.8305 -0.0670 -0.5530
vn -0.2196 0.9585 -0.1820
vn 0.8298 0.2949 0.4737
vn -0.2197 0.9584 -0.1820
vn 0.3676 0.9175 0.1520
vn -0.9251 0.3671 -0.0967
vn 0.5935 0.6546 0.4682
vn 0.0838 0.6967 -0.7124
vn -0.7001 0.7130 0.0376
vn 0.8000 0.5994 0.0267
vn 0.3677 0.9174 0.1520
vn -0.9251 0.3672 -0.0966
vn -0.7002 0.7130 0.0377
vn 0.6282 0.6434 0.4375
vn -0.3579 0.9324 0.0509
vn 0.0894 0.8936 0.4399
vn -0.4513 0.7374 -0.5026
vn 0.8500 0.1337 -0.5095
vn -0.1362 0.4225 -0.8961
vn 0.4029 0.1728 -0.8988
vn -0.1362 0.4224 -0.8961
vn 0.9434 0.3286 0.0440
vn -0.4513 0.7373 -0.5026
vn 0.9434 0.3286 0.0439
vn -0.4513 0.7373 -0.5027
vn 0.9434 0.3287 0.0440
vn -0.9443 0.3122 -0.1039
vn -0.9621 0.2710 -0.0296
vn 0.2378 0.9177 0.3182
vn 0.2379 0.9177 0.3183
vn 0.1418 0.6273 0.7658
vn -0.9443 0.3122 -0.1038
vn -0.9210 0.3874 0.0406
vn 0.2854 0.9564 0.0617
vn -0.6466 0.6592 0.3839
vn 0.0355 0.9801 -0.1955
vn -0.1116 0.9223 -0.3700
vn -0.1117 0.9223 -0.3699
vn -0.6029 0.6420 0.4736
vn -0.6466 0.6591 0.3839
vn 0.7095 0.4101 -0.5732
vn 0.4711 0.3029 -0.8285
vn 0.4710 0.3029 -0.8285
vn -0.1116 0.9223 -0.3699
vn -0.6702 0.6681 0.3232
vn 0.2066 0.9784 0.0127
vn 0.0354 0.9801 -0.1955
vn 0.2066 0.9783 0.0127
vn 0.8553 0.4358 -0.2802
vn 0.7095 0.4101 -0.5731
vn 0.7095 0.4100 -0.5732
vn 0.0356 0.9801 -0.1955
vn 0.2067 0.9783 0.0127
vn 0.8669 0.4312 -0.2501
vn 0.4149 -0.1085 -0.9034
vn 0.1851 0.1680 -0.9682
vn 0.1851 0.1681 -0.9682
vn 0.7284 0.6136 -0.3049
vn 0.8669 0.4313 -0.2501
vn -0.4754 0.6473 -0.5958
vn -0.1157 0.8835 -0.4539
vn -0.5914 0.2966 -0.7499
vn 0.4962 0.1095 -0.8613
vn 0.1051 -0.1167 -0.9876
vn 0.5956 0.4421 -0.6707
vn 0.3312 0.8038 -0.4943
vn -0.3585 -0.0421 -0.9326
vn -0.1158 0.8835 -0.4540
vn -0.3585 -0.0422 -0.9326
vn -0.1533 0.3868 0.9093
vn 0.4251 0.2747 0.8625
vn 0.5343 0.8304 0.1579
vn -0.1929 0.9571 0.2163
vn -0.1532 0.3868 0.9093
vn 0.3312 0.8038 -0.4942
vn 0.9506 0.2888 -0.1136
vn -0.1158 0.8834 -0.4540
vn -0.8006 0.5980 0.0386
vn -0.1158 0.8835 -0.4539
vn -0.0000 0.5880 -0.8088
vn -0.0000 0.9510 0.3091
vn -0.0002 0.9510 0.3091
vn 0.6300 0.7173 -0.2975
vn 0.6292 0.2974 -0.7181
vn -0.6312 0.2972 -0.7164
vn -0.6307 0.7171 -0.2965
vn 0.6300 0.7174 -0.2976
vn -0.6307 0.7172 -0.2964
vn -0.6299 0.7174 0.2976
vn -0.6300 0.7174 0.2976
vn 0.6308 0.7172 0.2964
vn 0.6300 0.7174 -0.2975
vn -0.0161 0.5789 -0.8152
vn 0.7902 0.2945 0.5374
vn 0.8161 -0.0939 -0.5702
vn -0.0416 0.9607 0.2746
vn 0.7903 0.2945 0.5374
vn -0.0163 0.5789 -0.8152
vn 0.7969 -0.0841 -0.5982
vn -0.0864 0.9153 -0.3934
vn 0.2873 0.9539 0.0866
vn 0.2874 0.9539 0.0866
vn 0.9727 0.0056 -0.2321
vn 0.7970 -0.0842 -0.5982
vn 0.7968 -0.0841 -0.5983
vn 0.8134 -0.1060 -0.5720
vn -0.2510 0.8112 -0.5282
vn -0.8624 0.3076 0.4020
vn -0.7941 0.3641 0.4867
vn -0.8081 0.5197 0.2772
vn 0.2873 0.9539 0.0867
vn -0.7363 0.6429 0.2108
vn 0.3776 0.5854 0.7175
vn -0.7363 0.6430 0.2108
vn 0.8043 -0.0327 -0.5933
vn 0.8043 -0.0328 -0.5933
vn -0.3584 0.4433 -0.8216
vn 0.7175 0.2841 0.6360
vn 0.6131 0.3051 0.7287
vn 0.4175 0.6905 -0.5907
vn 0.3330 0.4921 -0.8043
vn 0.7175 0.2842 0.6360
vn -0.8906 0.4316 0.1434
vn -0.5936 0.6546 0.4682
vn -0.0838 0.6968 -0.7124
vn 0.2196 0.9585 -0.1820
vn 0.8305 -0.0670 -0.5529
vn 0.6126 -0.4051 -0.6787
vn 0.1143 0.1749 -0.9779
vn 0.9474 0.0610 0.3142
vn -0.3676 0.9175 0.1520
vn -0.8298 0.2949 0.4737
vn 0.9251 0.3671 -0.0967
vn -0.0838 0.6967 -0.7124
vn -0.5935 0.6546 0.4682
vn -0.3677 0.9174 0.1520
vn -0.8000 0.5994 0.0267
vn 0.7001 0.7130 0.0378
vn 0.7002 0.7130 0.0377
vn 0.9251 0.3672 -0.0966
vn -0.6282 0.6433 0.4376
vn -0.0894 0.8936 0.4399
vn 0.3579 0.9324 0.0509
vn 0.4513 0.7373 -0.5026
vn 0.1362 0.4225 -0.8961
vn -0.8500 0.1337 -0.5095
vn -0.4029 0.1728 -0.8988
vn -0.8500 0.1337 -0.5096
vn 0.1362 0.4224 -0.8961
vn -0.9434 0.3286 0.0440
vn -0.9434 0.3287 0.0440
vn -0.6283 0.6433 0.4375
vn -0.9434 0.3286 0.0439
vn 0.4513 0.7374 -0.5026
vn -0.2378 0.9176 0.3184
vn 0.9621 0.2710 -0.0296
vn 0.9443 0.3122 -0.1039
vn -0.1418 0.6273 0.7657
vn -0.2378 0.9177 0.3183
vn 0.9210 0.3874 0.0406
vn -0.2379 0.9177 0.3183
vn -0.2379 0.9177 0.3182
vn -0.2854 0.9564 0.0618
vn 0.1116 0.9223 -0.3699
vn -0.0355 0.9801 -0.1955
vn 0.6466 0.6592 0.3839
vn 0.6029 0.6420 0.4736
vn 0.1116 0.9224 -0.3699
vn -0.4710 0.3029 -0.8285
vn -0.7095 0.4101 -0.5732
vn -0.0356 0.9801 -0.1955
vn -0.2067 0.9783 0.0127
vn 0.6702 0.6682 0.3232
vn 0.6702 0.6681 0.3232
vn -0.7095 0.4101 -0.5731
vn -0.8553 0.4358 -0.2802
vn -0.2066 0.9783 0.0127
vn -0.4962 0.1095 -0.8613
vn -0.5956 0.4421 -0.6707
vn -0.1051 -0.1167 -0.9876
vn -0.3312 0.8038 -0.4943
vn 0.1158 0.8835 -0.4540
vn 0.3585 -0.0421 -0.9326
vn 0.5914 0.2966 -0.7499
vn 0.3585 -0.0422 -0.9326
vn -0.5343 0.8304 0.1579
vn -0.4250 0.2747 0.8625
vn 0.1533 0.3868 0.9093
vn 0.1532 0.3868 0.9093
vn 0.1929 0.9571 0.2163
vn 0.1158 0.8834 -0.4540
vn -0.3312 0.8037 -0.4943
vn -0.5343 0.8305 0.1578
vn 0.6470 0.0851 0.7577
vn 0.8006 0.5979 0.0386
vn 0.8006 0.5980 0.0386
vn 0.4754 0.6474 -0.5958
vn 0.1158 0.8835 -0.4539
vn -0.6300 0.7174 -0.2976
vn 0.6308 0.7171 -0.2964
vn 0.6312 0.2972 -0.7164
vn -0.6292 0.2974 -0.7181
vn -0.6300 0.7173 -0.2975
vn -0.6300 0.7174 -0.2975
vn -0.6308 0.7172 0.2964
vn 0.6300 0.7174 0.2976
vn 0.6299 0.7174 0.2976
vn 0.6307 0.7172 -0.2964
vn 0.2010 0.7257 0.6580
vn 0.6893 0.3874 0.6122
vn 0.8684 0.4957 0.0092
vn 0.2728 0.9621 0.0066
vn -0.2236 0.7232 0.6534
vn -0.3078 0.9514 0.0095
vn -0.8948 0.4463 0.0110
vn -0.7124 0.3488 0.6090
vn -0.2236 0.7233 0.6534
vn 0.2728 0.9620 0.0066
vn -0.2235 0.7233 0.6534
vn -0.2010 0.7257 0.6580
vn -0.2728 0.9621 0.0066
vn -0.8684 0.4957 0.0092
vn -0.6893 0.3874 0.6122
vn 0.2236 0.7233 0.6534
vn 0.7124 0.3488 0.6090
vn 0.8948 0.4463 0.0110
vn 0.8948 0.4464 0.0110
vn 0.3078 0.9514 0.0095
vn 0.2235 0.7233 0.6534
vn -0.2010 0.7257 0.6579
vn -0.2728 0.9620 0.0066
vn 0.5769 0.6077 0.5458
vn 0.5824 0.5436 -0.6044
vn -0.5681 0.5452 -0.6165
vn -0.5681 0.5452 -0.6164
vn -0.5812 0.6100 0.5387
vn 0.5769 0.6077 0.5457
vn 0.5681 0.5452 -0.6165
vn -0.5823 0.5436 -0.6044
vn -0.5769 0.6077 0.5458
vn -0.5770 0.6077 0.5457
vn 0.5812 0.6100 0.5387
vn 0.5681 0.5452 -0.6164
vn -0.2777 0.9319 0.2334
vn -0.0883 0.9513 0.2953
vn -0.0634 0.8660 -0.4960
vn 0.0757 0.3422 -0.9366
vn -0.2216 0.8501 -0.4778
vn 0.8329 0.4383 -0.3380
vn 0.5949 0.7269 -0.3431
vn 0.5886 0.5991 0.5428
vn 0.1611 0.9128 0.3753
vn 0.3397 0.8202 0.4604
vn 0.3769 0.8384 -0.3937
vn 0.3769 0.8385 -0.3937
vn 0.1435 0.8767 -0.4591
vn -0.0884 0.9513 0.2953
vn 0.1435 0.8767 -0.4592
vn -0.2777 0.9319 0.2333
vn -0.2216 0.8501 -0.4777
vn -0.3960 0.8972 0.1954
vn 0.0758 0.3422 -0.9366
vn -0.3378 -0.0793 -0.9379
vn -0.6799 0.4517 -0.5777
vn 0.3769 0.8385 -0.3936
vn 0.5948 0.7269 -0.3431
vn 0.3692 0.2631 -0.8913
vn 0.2902 0.3026 -0.9079
vn 0.1955 0.3237 -0.9257
vn 0.1434 0.8767 -0.4591
vn 0.3769 0.8384 -0.3936
vn -0.9126 0.3396 -0.2278
vn -0.3959 0.8972 0.1954
vn -0.8906 0.4217 0.1703
vn -0.9125 0.3396 -0.2278
vn -0.9475 0.2966 -0.1192
vn -0.8906 0.4218 0.1703
vn 0.3396 0.8202 0.4604
vn 0.1138 0.9894 0.0899
vn 0.8957 0.4420 0.0485
vn 0.8697 0.4908 0.0526
vn 0.8697 0.4908 0.0525
vn 0.1088 0.9900 0.0900
vn -0.6099 0.7896 0.0679
vn -0.6184 0.7830 0.0672
vn -0.6099 0.7896 0.0680
vn -0.1388 0.4752 -0.8689
vn 0.0196 0.9600 -0.2793
vn 0.6264 0.6955 -0.3520
vn 0.6264 0.6956 -0.3519
vn 0.5007 0.3192 -0.8046
vn -0.1388 0.4751 -0.8689
vn 0.7403 0.6319 0.2295
vn 0.1609 0.8696 0.4668
vn 0.7402 0.6319 0.2296
vn -0.0364 0.4825 -0.8751
vn -0.0363 0.4826 -0.8751
vn 0.0618 0.9638 -0.2596
vn 0.0618 0.9637 -0.2596
vn 0.0617 0.9638 -0.2596
vn 0.1200 0.8610 0.4943
vn 0.1236 0.4858 -0.8653
vn 0.1266 0.9638 -0.2346
vn 0.0617 0.9638 -0.2595
vn 0.0617 0.9637 -0.2596
vn 0.1265 0.9638 -0.2347
vn 0.0549 0.8536 0.5180
vn 0.1201 0.8610 0.4943
vn 0.2471 0.4901 -0.8359
vn 0.1652 0.9618 -0.2185
vn 0.1265 0.9638 -0.2346
vn 0.1266 0.9638 -0.2347
vn 0.1653 0.9617 -0.2185
vn -0.0118 0.8566 0.5158
vn 0.0548 0.8536 0.5180
vn 0.3138 0.4875 -0.8148
vn 0.1771 0.9621 -0.2075
vn 0.1653 0.9618 -0.2184
vn 0.1772 0.9621 -0.2075
vn -0.0610 0.8563 0.5128
vn -0.0611 0.8563 0.5128
vn 0.1652 0.9617 -0.2185
vn 0.3905 0.4887 -0.7802
vn 0.2097 0.9612 -0.1792
vn -0.0916 0.8511 0.5170
vn -0.0916 0.8510 0.5171
vn 0.1771 0.9621 -0.2074
vn 0.4322 0.4837 -0.7611
vn 0.2350 0.9558 -0.1765
vn -0.0997 0.8564 0.5065
vn -0.0916 0.8510 0.5170
vn -0.2691 0.4667 -0.8425
vn -0.4077 0.8321 -0.3759
vn -0.4078 0.8321 -0.3760
vn -0.4077 0.8321 -0.3760
vn -0.6502 0.7423 0.1616
vn -0.6503 0.7423 0.1616
vn 0.8222 0.5476 -0.1553
vn 0.7897 0.2048 -0.5784
vn 0.2363 0.4432 -0.8647
vn 0.2765 0.9210 -0.2746
vn 0.2765 0.9209 -0.2746
vn 0.2080 0.8527 0.4792
vn 0.2080 0.8527 0.4793
vn 0.7759 0.4989 0.3862
vn 0.8222 0.5476 -0.1552
vn 0.1357 0.4584 -0.8783
vn 0.1797 0.9411 -0.2866
vn 0.1796 0.9411 -0.2866
vn 0.2363 0.4431 -0.8647
vn 0.1183 0.8722 0.4747
vn 0.2079 0.8527 0.4792
vn 0.2765 0.9209 -0.2747
vn -0.0794 0.4912 -0.8674
vn -0.0673 0.9587 -0.2764
vn -0.0673 0.9587 -0.2763
vn 0.1356 0.4584 -0.8783
vn 0.1797 0.9411 -0.2865
vn -0.2111 0.8715 0.4426
vn -0.0794 0.4913 -0.8674
vn -0.0912 0.4628 -0.8818
vn 0.0318 0.9301 -0.3659
vn 0.0318 0.9301 -0.3658
vn 0.0530 0.9364 0.3470
vn 0.0530 0.9364 0.3469
vn -0.0542 0.4872 -0.8716
vn -0.0541 0.4872 -0.8716
vn 0.2184 0.9231 -0.3166
vn 0.0529 0.9364 0.3470
vn 0.4800 0.7940 0.3731
vn -0.2219 0.5097 -0.8313
vn 0.0409 0.9619 -0.2704
vn -0.2219 0.5096 -0.8313
vn 0.2796 0.8481 0.4500
vn 0.4801 0.7940 0.3731
vn -0.3781 0.5262 -0.7617
vn -0.3782 0.5262 -0.7617
vn -0.1196 0.9704 -0.2097
vn 0.1137 0.8589 0.4993
vn -0.8589 0.4207 -0.2920
vn -0.8589 0.4207 -0.2919
vn -0.6948 0.7154 0.0739
vn -0.1197 0.9704 -0.2097
vn -0.5409 0.6424 0.5428
vn 0.1137 0.8589 0.4994
vn 0.4056 0.8830 0.2362
vn 0.1816 0.8512 -0.4925
vn 0.2209 0.9283 0.2991
vn 0.3361 0.8133 -0.4749
vn -0.0306 0.3540 -0.9347
vn -0.7649 0.5517 -0.3325
vn -0.4975 0.6725 0.5479
vn -0.4891 0.8043 -0.3374
vn -0.0311 0.9244 0.3801
vn -0.2578 0.8847 -0.3885
vn -0.2204 0.8573 0.4653
vn -0.2577 0.8847 -0.3885
vn -0.0215 0.8904 -0.4546
vn 0.2210 0.9283 0.2991
vn -0.0216 0.8904 -0.4546
vn 0.7617 -0.1411 0.6324
vn 0.9411 0.2932 0.1684
vn 0.5177 0.8324 0.1978
vn 0.3202 -0.1210 -0.9396
vn 0.7342 0.3554 -0.5785
vn -0.3321 0.3163 -0.8886
vn -0.4890 0.8043 -0.3375
vn -0.2484 0.3444 -0.9054
vn -0.1518 0.3521 -0.9236
vn 0.9501 0.2105 -0.2302
vn 0.3362 0.8133 -0.4749
vn 0.9501 0.2105 -0.2301
vn 0.9411 0.2931 0.1684
vn 0.9412 0.2931 0.1684
vn 0.9792 0.1623 -0.1220
vn 0.9501 0.2104 -0.2302
vn -0.4891 0.8043 -0.3375
vn -0.2204 0.8572 0.4654
vn -0.8729 0.4848 0.0542
vn -0.8985 0.4361 0.0501
vn -0.1201 0.9885 0.0915
vn -0.1152 0.9891 0.0915
vn -0.8729 0.4849 0.0541
vn 0.6049 0.7934 0.0684
vn 0.6135 0.7868 0.0677
vn -0.1153 0.9891 0.0915
vn 0.1349 0.4773 -0.8683
vn -0.5036 0.3171 -0.8036
vn -0.6310 0.6922 -0.3502
vn -0.0258 0.9602 -0.2780
vn -0.7440 0.6269 0.2312
vn -0.1658 0.8680 0.4681
vn -0.7439 0.6270 0.2312
vn -0.0680 0.9638 -0.2580
vn 0.0324 0.4840 -0.8745
vn 0.0325 0.4840 -0.8745
vn -0.1248 0.8595 0.4957
vn -0.0680 0.9638 -0.2579
vn -0.1276 0.4866 -0.8642
vn -0.1327 0.9634 -0.2329
vn -0.1276 0.4867 -0.8642
vn -0.1328 0.9634 -0.2329
vn -0.0595 0.8525 0.5193
vn -0.2511 0.4899 -0.8349
vn -0.1715 0.9610 -0.2168
vn 0.0071 0.8560 0.5169
vn -0.0596 0.8525 0.5193
vn 0.0071 0.8560 0.5170
vn -0.1833 0.9613 -0.2059
vn -0.3178 0.4866 -0.8138
vn -0.2510 0.4899 -0.8349
vn 0.0563 0.8560 0.5140
vn -0.2158 0.9601 -0.1776
vn -0.3944 0.4873 -0.7791
vn -0.2159 0.9601 -0.1776
vn 0.0870 0.8508 0.5182
vn -0.1834 0.9612 -0.2059
vn 0.0563 0.8559 0.5140
vn 0.0869 0.8508 0.5182
vn -0.2409 0.9547 -0.1748
vn -0.4360 0.4821 -0.7599
vn -0.3944 0.4874 -0.7791
vn -0.3944 0.4874 -0.7790
vn 0.0951 0.8564 0.5075
vn 0.4021 0.8352 -0.3751
vn 0.2652 0.4696 -0.8421
vn 0.4021 0.8353 -0.3751
vn 0.6458 0.7461 0.1619
vn -0.2410 0.9547 -0.1749
vn 0.6458 0.7461 0.1620
vn -0.8358 0.5266 -0.1553
vn -0.2996 0.9139 -0.2740
vn -0.2469 0.4379 -0.8644
vn -0.7943 0.1852 -0.5786
vn -0.8358 0.5267 -0.1552
vn -0.2298 0.8467 0.4799
vn -0.2997 0.9139 -0.2740
vn -0.8358 0.5266 -0.1552
vn -0.7885 0.4786 0.3862
vn -0.2034 0.9364 -0.2859
vn -0.1468 0.4556 -0.8780
vn -0.2470 0.4379 -0.8644
vn -0.2034 0.9364 -0.2858
vn -0.1407 0.8684 0.4755
vn 0.0431 0.9604 -0.2754
vn 0.0673 0.4941 -0.8668
vn -0.1469 0.4556 -0.8780
vn 0.1888 0.8761 0.4436
vn 0.0431 0.9604 -0.2753
vn -0.0552 0.9294 -0.3650
vn 0.0799 0.4661 -0.8811
vn 0.0674 0.4941 -0.8668
vn -0.0551 0.9294 -0.3650
vn -0.0769 0.9344 0.3479
vn 0.0430 0.9604 -0.2753
vn 0.1887 0.8761 0.4436
vn -0.0770 0.9344 0.3479
vn -0.2417 0.9175 -0.3159
vn 0.0422 0.4892 -0.8712
vn 0.0798 0.4661 -0.8811
vn -0.5003 0.7811 0.3736
vn -0.2416 0.9175 -0.3159
vn 0.2093 0.5161 -0.8306
vn 0.0422 0.4892 -0.8711
vn -0.0651 0.9608 -0.2696
vn -0.0652 0.9608 -0.2696
vn -0.3014 0.8403 0.4507
vn 0.0951 0.9733 -0.2087
vn 0.3651 0.5360 -0.7612
vn -0.1359 0.8553 0.5001
vn 0.0951 0.9734 -0.2087
vn 0.6763 0.7328 0.0750
vn 0.8482 0.4425 -0.2912
vn 0.8481 0.4425 -0.2912
vn 0.3650 0.5360 -0.7612
vn -0.1359 0.8552 0.5001
vn 0.5242 0.6554 0.5437
vn -0.6667 0.6667 0.3333
vn 0.0000 1.0000 0.0000
vn 0.6667 0.6667 -0.3333
vn 0.4082 0.4082 0.8165
vn -0.4082 0.4082 -0.8165
vn -0.4459 0.8951 -0.0003
vn -0.3716 0.9284 0.0000
vn -0.3716 0.9284 -0.0005
vn -0.5178 0.8555 -0.0005
vn -0.4460 0.8950 -0.0003
vn -0.8523 0.5231 -0.0007
vn -0.7306 0.6828 -0.0006
vn -0.4075 0.9129 0.0245
vn -0.4072 0.9130 0.0244
vn 0.3991 0.9169 -0.0000
vn 0.8041 0.5945 -0.0000
vn 0.6860 0.7276 -0.0000
vn 0.2303 0.9731 0.0000
vn -0.1128 0.9936 -0.0000
vn 0.3992 0.9169 -0.0000
vn -0.2871 0.9579 0.0000
vn -0.5945 0.8041 -0.0000
vn -0.7276 0.6860 0.0000
vn -0.1275 0.9918 0.0000
vn 0.1441 0.9896 -0.0000
vn 0.0071 1.0000 0.0000
vn -0.4015 0.9159 0.0000
vn 0.1440 0.9896 0.0000
vn 0.2759 0.9612 0.0000
vn -0.3252 0.9456 -0.0000
vn -0.6087 0.7934 0.0000
vn -0.4533 0.8913 -0.0000
vn -0.4533 0.8914 -0.0000
vn -0.8170 -0.5767 -0.0001
vn 0.2588 0.9659 0.0000
vn 0.2588 0.9659 -0.0001
vn 0.7071 0.7071 -0.0000
vn 0.7071 0.7071 0.0022
vn 0.2588 0.9659 0.0014
vn -0.8455 -0.5340 -0.0050
vn -0.4233 0.9060 -0.0000
vn -0.4233 0.9060 -0.0001
vn -0.0019 1.0000 -0.0000
vn -0.4201 0.9075 -0.0000
vn -0.4202 0.9075 0.0000
vn -0.8377 -0.5462 0.0000
vn -0.3263 0.9453 -0.0000
vn -0.6096 0.7927 -0.0000
vn -0.4543 0.8908 -0.0000
vn -0.8163 -0.5776 0.0000
vn 0.6414 0.7672 0.0000
vn 0.1718 0.9851 0.0000
vn 0.3437 0.9391 -0.0000
vn 0.7672 0.6414 -0.0000
vn 0.1719 0.9851 0.0000
vn -0.8383 -0.5453 0.0000
vn -0.4191 0.9079 -0.0000
vn 0.3438 0.9391 -0.0000
vn -0.8169 -0.5767 0.0000
vn 0.4990 0.8666 0.0000
vn 0.7063 0.7079 -0.0000
vn 0.7665 0.6422 -0.0000
vn 0.7087 0.7056 0.0000
vn 0.7088 0.7054 0.0000
vn -0.4015 0.9158 0.0000
vn 0.7423 0.6701 0.0000
vn -0.3916 0.9201 0.0000
vn -0.4300 0.9028 0.0000
vn 0.7464 0.6655 0.0000
vn 0.7639 0.6454 0.0000
vn -0.3372 0.9414 0.0000
vn -0.3363 0.9417 0.0000
vn 0.3128 0.9498 0.0000
vn 0.2929 0.9562 0.0000
vn -0.3446 0.9387 0.0000
vn 0.7929 0.6094 0.0000
vn 0.7246 0.6892 0.0000
vn -0.1333 0.9911 0.0000
vn -0.0017 0.9906 -0.1369
vn -0.0010 0.6039 -0.7971
vn -0.0013 0.7971 -0.6038
vn -0.0013 0.7971 -0.6039
vn -0.0017 0.9906 0.1369
vn -0.0017 0.9906 -0.1370
vn -0.0014 0.7971 0.6038
vn -0.0016 0.9906 0.1369
vn -0.0010 0.6038 0.7971
vn -0.3694 0.9191 -0.1369
vn -0.2251 0.5603 -0.7971
vn -0.2972 0.7396 -0.6039
vn -0.2971 0.7396 -0.6039
vn -0.3694 0.9192 0.1368
vn -0.3693 0.9191 -0.1369
vn -0.2973 0.7396 0.6038
vn -0.3693 0.9192 -0.1369
vn -0.3694 0.9191 0.1369
vn -0.3693 0.9192 0.1369
vn -0.2252 0.5603 0.7971
vn -0.2026 0.9793 -0.0002
vn -0.2026 0.9793 0.0001
vn -0.2026 0.9793 -0.0000
vn -0.3395 0.9306 -0.1369
vn -0.2069 0.5673 -0.7971
vn -0.2732 0.7488 -0.6038
vn -0.3395 0.9306 0.1369
vn -0.3395 0.9306 -0.1368
vn -0.2732 0.7488 0.6038
vn -0.3394 0.9306 0.1369
vn -0.2069 0.5673 0.7971
vn -0.2731 0.7489 0.6038
vn 0.2733 0.9521 -0.1369
vn 0.1666 0.5804 -0.7971
vn 0.2199 0.7661 -0.6039
vn 0.2199 0.7662 -0.6038
vn 0.2732 0.9522 0.1369
vn 0.2732 0.9522 -0.1369
vn 0.2199 0.7662 0.6038
vn 0.2733 0.9521 0.1369
vn 0.1665 0.5804 0.7971
vn 0.2199 0.7661 0.6039
vn -0.3309 0.9337 -0.1367
vn -0.2017 0.5693 -0.7970
vn -0.2662 0.7514 -0.6038
vn -0.2662 0.7514 -0.6037
vn -0.3308 0.9337 0.1370
vn -0.2662 0.7512 0.6040
vn -0.3308 0.9337 -0.1367
vn -0.3309 0.9337 0.1370
vn -0.2016 0.5691 0.7971
vn -0.0043 0.9906 -0.1369
vn -0.0025 0.6038 -0.7971
vn -0.0034 0.7971 -0.6039
vn -0.0034 0.7971 -0.6038
vn -0.0043 0.9906 0.1369
vn -0.0035 0.7971 0.6038
vn -0.0027 0.6039 0.7971
vn -0.0036 0.9906 -0.1370
vn -0.0022 0.6038 -0.7971
vn -0.0028 0.7971 -0.6039
vn -0.0029 0.7971 -0.6038
vn -0.0036 0.9906 0.1370
vn -0.0036 0.9906 -0.1369
vn -0.0029 0.7971 0.6038
vn -0.0036 0.9906 0.1369
vn -0.0023 0.6038 0.7971
vn -0.0030 0.7971 0.6038
vn -0.3436 0.9391 -0.0000
vn -0.3438 0.9390 0.0003
vn -0.3438 0.9390 -0.0001
vn -0.3438 0.9390 0.0001
vn -0.3439 0.9390 -0.0001
vn -0.3437 0.9391 0.0000
vn -0.3432 0.9392 -0.0000
vn -0.3438 0.9391 -0.0000
vn -0.6413 0.7550 -0.1369
vn -0.3909 0.4603 -0.7971
vn -0.5160 0.6076 -0.6038
vn -0.5160 0.6075 -0.6039
vn -0.6413 0.7550 0.1369
vn 0.7650 0.6440 0.0000
vn 0.7650 0.6441 0.0000
vn 0.7648 0.6443 0.0000
vn 0.7652 0.6438 0.0000
vn 0.7650 0.6440 -0.0003
vn 0.7650 0.6441 0.0001
vn 0.7649 0.6441 0.0003
vn 0.7649 0.6442 0.0003
vn 0.7651 0.6440 -0.0004
vn 0.7650 0.6441 0.0002
vn 0.7651 0.6439 -0.0005
vn 0.2313 0.9632 -0.1369
vn 0.1411 0.5872 -0.7971
vn 0.1862 0.7751 -0.6038
vn 0.2313 0.9632 0.1369
vn 0.1861 0.7752 0.6038
vn 0.2313 0.9632 0.1368
vn 0.1409 0.5872 0.7971
vn 0.1860 0.7751 0.6038
vn -0.3949 0.9085 -0.1368
vn -0.2406 0.5539 -0.7971
vn -0.3177 0.7311 -0.6038
vn -0.3176 0.7311 -0.6038
vn -0.3949 0.9085 0.1368
vn -0.3948 0.9085 -0.1369
vn -0.3179 0.7310 0.6038
vn -0.3949 0.9085 0.1369
vn -0.2409 0.5538 0.7971
vn -0.3179 0.7311 0.6038
vn 0.5997 0.7884 -0.1369
vn 0.3656 0.4806 -0.7971
vn 0.4826 0.6344 -0.6038
vn 0.5997 0.7884 0.1369
vn 0.4825 0.6345 0.6038
vn 0.5996 0.7885 0.1369
vn 0.3655 0.4807 0.7971
vn 0.4825 0.6345 0.6039
vn 0.7138 0.6868 -0.1368
vn 0.4352 0.4187 -0.7970
vn 0.5744 0.5527 -0.6038
vn 0.5744 0.5526 -0.6038
vn 0.7138 0.6869 0.1369
vn 0.7138 0.6868 -0.1369
vn -0.3166 0.9386 -0.1369
vn -0.1929 0.5722 -0.7971
vn -0.2547 0.7553 -0.6038
vn -0.3167 0.9386 0.1369
vn -0.2549 0.7553 0.6038
vn -0.3166 0.9386 0.1369
vn -0.1931 0.5722 0.7971
vn -0.2548 0.7553 0.6038
vn -0.1374 0.9810 -0.1369
vn -0.0837 0.5980 -0.7971
vn -0.1105 0.7894 -0.6039
vn -0.1375 0.9810 0.1369
vn -0.1107 0.7894 0.6038
vn -0.1375 0.9810 -0.1369
vn -0.1374 0.9810 0.1369
vn -0.0839 0.5980 0.7971
vn 0.7764 0.6152 -0.1369
vn 0.4735 0.3750 -0.7970
vn 0.6249 0.4950 -0.6037
vn 0.6249 0.4951 -0.6037
vn 0.7763 0.6153 0.1368
vn 0.7764 0.6152 -0.1368
vn -0.5936 0.8047 0.0001
vn -0.5936 0.8048 -0.0001
vn -0.5937 0.8047 -0.0004
vn -0.5936 0.8048 0.0002
vn -0.5937 0.8047 0.0002
vn -0.5937 0.8047 0.0004
vn -0.5936 0.8048 -0.0002
vn -0.5934 0.8049 0.0000
vn -0.5938 0.8046 -0.0000
vn -0.5935 0.8048 -0.0000
vn -0.5939 0.8045 0.0000
vn 0.7617 0.6334 -0.1369
vn 0.4644 0.3860 -0.7971
vn 0.6130 0.5096 -0.6038
vn 0.6129 0.5096 -0.6039
vn 0.7616 0.6334 0.1368
vn 0.7616 0.6334 -0.1370
vn -0.6478 0.7618 0.0002
vn -0.6478 0.7618 -0.0000
vn -0.6479 0.7617 -0.0004
vn -0.6478 0.7618 -0.0001
vn -0.6477 0.7619 0.0002
vn -0.6475 0.7621 0.0004
vn -0.6481 0.7616 -0.0003
vn -0.6475 0.7620 0.0002
vn -0.6483 0.7614 -0.0005
vn -0.6472 0.7623 -0.0001
vn -0.6470 0.7625 -0.0000
vn -0.6474 0.7621 -0.0000
vn -0.6475 0.7621 -0.0000
vn -0.6477 0.7619 -0.0000
vn -0.6480 0.7616 0.0000
vn -0.0697 0.9971 -0.0297
vn -0.0698 0.9971 -0.0297
vn -0.1295 0.9807 -0.1466
vn -0.1128 0.9816 -0.1540
vn -0.1253 0.9853 -0.1160
vn -0.1253 0.9853 -0.1159
vn -0.1087 0.9918 -0.0679
vn -0.0014 0.9870 -0.1607
vn -0.0224 0.9864 -0.1630
vn -0.0279 0.9944 -0.1018
vn -0.0194 0.9967 -0.0792
vn -0.1087 0.9917 -0.0679
vn -0.0699 0.9971 -0.0297
vn -0.0195 0.9967 -0.0792
vn -0.0982 0.9854 -0.1393
vn -0.1086 0.9841 -0.1405
vn -0.0314 0.9900 -0.1376
vn -0.0437 0.9889 -0.1418
vn -0.1086 0.9841 -0.1404
vn -0.0901 0.9854 -0.1441
vn -0.0900 0.9855 -0.1441
vn -0.0694 0.9875 -0.1418
vn -0.0437 0.9889 -0.1417
vn -0.0314 0.9900 -0.1375
vn -0.0494 0.9882 -0.1450
vn -0.0694 0.9866 -0.1477
vn -0.0690 0.9783 -0.1953
vn 0.0679 0.8993 -0.4320
vn -0.0040 0.8901 -0.4557
vn 0.1722 0.9244 -0.3404
vn 0.2046 0.9402 -0.2724
vn 0.1722 0.9244 -0.3403
vn 0.2094 0.9688 -0.1330
vn 0.2094 0.9688 -0.1329
vn 0.1818 0.9814 -0.0615
vn 0.0840 0.9956 0.0416
vn 0.0138 0.9972 0.0732
vn 0.0137 0.9972 0.0732
vn -0.1266 0.9888 0.0792
vn -0.1266 0.9888 0.0791
vn -0.1968 0.9790 0.0535
vn 0.0138 0.9972 0.0731
vn -0.2974 0.9540 -0.0385
vn -0.3278 0.9389 -0.1049
vn -0.3324 0.9119 -0.2409
vn -0.3324 0.9119 -0.2408
vn -0.3065 0.8999 -0.3104
vn -0.2124 0.8856 -0.4131
vn -0.1442 0.8832 -0.4462
vn -0.3065 0.8998 -0.3104
vn -0.0690 0.9783 -0.1952
vn -0.0689 0.9783 -0.1953
vn -0.0356 0.4727 -0.8805
vn -0.0697 0.9971 -0.0298
vn -0.0356 0.4728 -0.8805
vn -0.0355 0.4727 -0.8805
vn -0.0695 0.9959 0.0575
vn -0.0407 0.5475 -0.8358
vn -0.0694 0.9959 0.0575
vn -0.0406 0.5475 -0.8358
vn -0.0938 0.9911 -0.0945
vn -0.3476 0.9060 -0.2416
vn -0.3730 0.8967 -0.2383
vn -0.0806 0.9949 -0.0608
vn -0.0519 0.9957 -0.0767
vn 0.3616 0.8871 -0.2867
vn 0.1437 0.9663 -0.2134
vn 0.1436 0.9663 -0.2134
vn -0.0532 0.9956 -0.0771
vn -0.3729 0.8967 -0.2383
vn -0.3475 0.9060 -0.2416
vn -0.7461 0.5597 -0.3606
vn -0.7648 0.5280 -0.3692
vn 0.6381 0.6698 -0.3798
vn 0.3616 0.8872 -0.2867
vn 0.7677 0.5136 -0.3831
vn -0.0681 0.9974 -0.0245
vn -0.0807 0.9949 -0.0608
vn -0.0691 0.9973 -0.0245
vn -0.0677 0.9974 -0.0244
vn -0.0707 0.9972 -0.0246
vn -0.0716 0.9971 -0.0244
vn -0.0705 0.9972 -0.0246
vn -0.0684 0.9974 -0.0249
vn -0.0698 0.9973 -0.0245
vn -0.0691 0.9973 -0.0246
vn -0.0684 0.9974 -0.0247
vn -0.0680 0.9974 -0.0255
vn -0.0689 0.9973 -0.0248
vn -0.0713 0.9971 -0.0249
vn -0.0698 0.9973 -0.0248
vn -0.0705 0.9972 -0.0247
vn -0.0708 0.9972 -0.0247
vn -0.0713 0.9971 -0.0251
vn -0.0707 0.9972 -0.0250
vn -0.0464 0.6750 -0.7363
vn 0.4108 0.4881 -0.7701
vn -0.0292 0.3935 -0.9188
vn 0.3767 0.6689 -0.6408
vn 0.7349 0.4060 -0.5432
vn -0.0457 0.6757 -0.7358
vn -0.0490 0.7397 -0.6711
vn -0.4670 0.4702 -0.7489
vn -0.0292 0.3936 -0.9188
vn -0.4552 0.6421 -0.6169
vn 0.1911 0.7417 -0.6430
vn 0.4451 0.3819 -0.8100
vn 0.4682 0.4962 -0.7311
vn -0.0501 0.8137 -0.5792
vn -0.1458 0.8397 -0.5231
vn 0.1911 0.7417 -0.6429
vn 0.0154 0.8525 -0.5225
vn -0.0427 0.8232 -0.5662
vn -0.2641 0.7319 -0.6281
vn -0.5094 0.4911 -0.7067
vn -0.0427 0.8231 -0.5662
vn -0.4892 0.3551 -0.7966
vn -0.5093 0.4911 -0.7067
vn -0.0696 0.9970 0.0340
vn -0.0698 0.9942 -0.0817
vn -0.0697 0.9942 -0.0817
vn -0.0690 0.9778 -0.1979
vn -0.0463 0.6220 -0.7817
vn -0.0520 0.7091 -0.7032
vn -0.0330 0.4263 -0.9040
vn -0.0331 0.4263 -0.9040
vn -0.0256 0.3177 -0.9478
vn -0.0613 0.8512 -0.5212
vn -0.0648 0.9063 -0.4176
vn -0.0521 0.7091 -0.7032
vn -0.0521 0.7090 -0.7032
vn -0.0648 0.9063 -0.4177
vn -0.0614 0.8512 -0.5212
vn -0.0494 0.6688 -0.7418
vn -0.0310 0.3967 -0.9174
vn -0.0409 0.5417 -0.8395
vn -0.0409 0.5417 -0.8396
vn -0.0495 0.6688 -0.7418
vn -0.0652 0.9483 0.3105
vn -0.0646 0.9484 0.3104
vn -0.0651 0.9484 0.3104
vn -0.0311 0.3990 -0.9164
vn -0.0433 0.5781 -0.8148
vn -0.0171 0.1936 -0.9809
vn -0.0312 0.3990 -0.9164
vn -0.0584 0.8055 -0.5898
vn -0.0211 0.2528 -0.9673
vn -0.0393 0.5178 -0.8546
vn -0.0628 0.8743 -0.4814
vn -0.0584 0.8055 -0.5897
vn -0.0661 0.9279 -0.3670
vn -0.0611 0.8981 0.4355
vn -0.0642 0.9379 0.3410
vn -0.0644 0.9378 0.3410
vn -0.0573 0.8483 0.5264
vn -0.0612 0.8981 0.4355
vn -0.0681 0.9843 0.1627
vn -0.0694 0.9965 0.0468
vn -0.0407 0.5385 -0.8417
vn -0.0409 0.5418 -0.8395
vn -0.0646 0.9483 0.3107
vn -0.0652 0.9484 0.3104
vn -0.0651 0.9484 0.3105
vn -0.0434 0.5780 -0.8148
vn -0.0434 0.5781 -0.8148
vn -0.0212 0.2528 -0.9673
vn -0.0574 0.8483 0.5263
vn -0.0676 0.9844 0.1627
vn -0.0675 0.9844 0.1627
vn -0.0683 0.9843 0.1627
vn -0.0674 0.9750 0.2117
vn -0.0673 0.9750 0.2116
vn -0.1705 0.3546 -0.9193
vn -0.0449 0.6018 -0.7974
vn -0.0450 0.6019 -0.7973
vn 0.1173 0.3573 -0.9266
vn -0.1704 0.3546 -0.9193
vn -0.0687 0.9897 0.1254
vn 0.2379 0.9223 0.3045
vn 0.2791 0.9354 0.2170
vn 0.1057 0.9002 0.4225
vn 0.0147 0.8913 0.4532
vn 0.2851 0.9577 0.0381
vn 0.2499 0.9668 -0.0534
vn 0.1256 0.9748 -0.1844
vn 0.0366 0.9739 -0.2239
vn 0.1256 0.9748 -0.1843
vn -0.1408 0.9631 -0.2296
vn -0.2291 0.9535 -0.1959
vn 0.0366 0.9739 -0.2238
vn 0.1257 0.9748 -0.1843
vn -0.3555 0.9315 -0.0773
vn -0.3936 0.9193 0.0076
vn -0.2292 0.9535 -0.1959
vn -0.3992 0.8989 0.1809
vn -0.3667 0.8905 0.2693
vn -0.2483 0.8824 0.3997
vn -0.1623 0.8823 0.4417
vn -0.1623 0.8823 0.4418
vn -0.3319 0.8279 0.4521
vn -0.1894 0.8873 0.4205
vn 0.0663 0.8659 0.4957
vn 0.2393 0.8702 0.4307
vn 0.0663 0.8660 0.4957
vn 0.0662 0.8659 0.4957
vn -0.1092 0.8321 0.5438
vn 0.0662 0.8660 0.4957
vn -0.0689 0.9906 0.1181
vn -0.0688 0.9906 0.1181
vn -0.0417 0.5543 -0.8313
vn -0.0587 0.8102 -0.5833
vn -0.0588 0.8102 -0.5833
vn -0.0599 0.8823 0.4669
vn -0.0587 0.8101 -0.5833
vn -0.0586 0.8101 -0.5833
vn -0.0407 0.5384 -0.8417
vn -0.0417 0.5542 -0.8313
vn -0.0586 0.8104 -0.5830
vn -0.0587 0.8100 -0.5834
vn -0.0588 0.8100 -0.5834
vn -0.0418 0.5542 -0.8313
vn -0.0600 0.8823 0.4669
vn -0.0406 0.5384 -0.8417
vn -0.0043 0.9891 0.1472
vn -0.0554 0.6216 -0.7813
vn -0.0554 0.6217 -0.7813
vn -0.0245 0.9815 -0.1899
vn -0.0244 0.9815 -0.1899
vn 0.0930 0.9951 -0.0330
vn 0.2296 0.9662 -0.1172
vn 0.1723 0.9769 -0.1260
vn 0.1723 0.9769 -0.1261
vn 0.0135 0.9984 0.0552
vn -0.0372 0.9881 0.1492
vn -0.0045 0.9896 0.1438
vn -0.0503 0.7395 -0.6712
vn -0.0547 0.6425 -0.7643
vn -0.0450 0.8246 -0.5639
vn -0.0358 0.9199 -0.3905
vn -0.0325 0.9431 -0.3308
vn -0.0284 0.9658 -0.2577
vn -0.0358 0.9199 -0.3904
vn -0.0325 0.9432 -0.3307
vn -0.0325 0.9432 -0.3308
vn -0.0277 0.9690 -0.2454
vn -0.0376 0.9051 -0.4235
vn -0.0470 0.7958 -0.6037
vn -0.0541 0.6578 -0.7512
vn -0.0377 0.9039 -0.4261
vn -0.0293 0.9613 -0.2739
vn -0.0294 0.9613 -0.2740
vn -0.0378 0.9039 -0.4261
vn -0.0293 0.9613 -0.2740
vn -0.0554 0.6216 -0.7814
vn -0.0447 0.8288 -0.5578
vn -0.0348 0.9273 -0.3727
vn -0.0462 0.8081 -0.5872
vn -0.0462 0.8081 -0.5873
vn -0.0386 0.8962 -0.4420
vn -0.0302 0.9570 -0.2886
vn -0.0301 0.9570 -0.2886
vn 0.0003 0.9754 0.2206
vn 0.0500 0.3962 0.9168
vn 0.0382 0.6333 0.7729
vn 0.0003 0.9754 0.2207
vn -0.0167 0.9984 -0.0547
vn -0.0165 0.9984 -0.0547
vn 0.1958 0.8606 0.4701
vn 0.1311 0.6979 0.7041
vn 0.1954 0.8878 0.4167
vn 0.1954 0.8878 0.4166
vn 0.1141 0.7980 0.5918
vn -0.0235 0.9849 -0.1714
vn -0.0398 0.8839 -0.4659
vn -0.0065 0.9936 0.1126
vn -0.0064 0.9936 0.1126
vn -0.0516 0.7164 -0.6958
vn -0.0399 0.8839 -0.4659
vn -0.0234 0.9849 -0.1714
vn 0.0001 0.9757 0.2191
vn -0.0244 0.9821 -0.1868
vn -0.0243 0.9821 -0.1868
vn -0.0539 0.6638 -0.7460
vn -0.0464 0.8048 -0.5917
vn -0.0365 0.9147 -0.4025
vn -0.0254 0.9787 -0.2036
vn -0.0364 0.9147 -0.4025
vn 0.9001 0.3257 -0.2894
vn 0.7819 0.4903 -0.3849
vn 0.7841 0.4904 -0.3804
vn 0.7841 0.4905 -0.3803
vn 0.9750 0.1349 -0.1768
vn 0.9001 0.3257 -0.2895
vn -0.0159 0.9984 -0.0550
vn -0.1554 0.8589 0.4879
vn -0.0603 0.7977 0.6000
vn -0.1623 0.8862 0.4339
vn -0.0607 0.6974 0.7141
vn -0.1554 0.8589 0.4880
vn -0.0065 0.9936 0.1127
vn -0.0516 0.7164 -0.6957
vn -0.0515 0.7164 -0.6958
vn 0.0003 0.9757 0.2191
vn 0.0005 0.9758 0.2187
vn 0.0006 0.9758 0.2185
vn -0.0364 0.9147 -0.4024
vn -0.0426 0.8460 -0.5315
vn -0.1188 0.9928 -0.0171
vn -0.0322 0.9977 0.0593
vn -0.1091 0.9938 -0.0193
vn -0.1361 0.9906 -0.0110
vn 0.0289 0.9889 0.1456
vn -0.0546 0.6425 -0.7643
vn -0.0439 0.7958 -0.6039
vn -0.0096 0.9981 0.0606
vn -0.1361 0.9906 -0.0111
vn -0.1090 0.9939 -0.0193
vn -0.0096 0.9981 0.0607
vn -0.0043 0.9891 0.1473
vn -0.0634 0.9218 0.3823
vn -0.0340 0.5217 0.8525
vn -0.0463 0.6916 0.7208
vn -0.0463 0.6917 0.7207
vn -0.0681 0.9821 0.1756
vn -0.0633 0.9219 0.3823
vn -0.0684 0.9699 -0.2338
vn -0.0682 0.9821 0.1756
vn -0.0640 0.8974 -0.4365
vn -0.0685 0.9699 -0.2338
vn -0.0474 0.6474 -0.7606
vn -0.0354 0.4699 -0.8820
vn -0.0633 0.9218 0.3823
vn -0.0681 0.9821 0.1757
vn -0.0682 0.9821 0.1757
vn -0.0694 0.9965 0.0469
vn -0.0694 0.9965 0.0467
vn -0.0695 0.9965 0.0468
vn -0.0349 0.9273 -0.3727
vn 0.0003 0.9753 0.2207
vn 0.0382 0.6333 0.7730
vn -0.5162 0.4688 -0.7168
vn 0.2612 0.5180 -0.8145
vn 0.2258 0.8735 -0.4312
vn -0.5275 0.6484 -0.5489
vn -0.5162 0.4687 -0.7168
vn 0.8752 0.2508 -0.4137
vn 0.8484 0.5178 -0.1102
vn 0.8484 0.5177 -0.1102
vn 0.2259 0.8735 -0.4312
vn 0.1127 0.9657 -0.2338
vn -0.5745 0.5780 -0.5795
vn 0.7597 0.6197 0.1971
vn 0.1128 0.9657 -0.2338
vn 0.2259 0.8735 -0.4313
vn -0.0001 0.9608 -0.2772
vn -0.0358 0.9785 -0.2030
vn 0.1616 0.9635 -0.2136
vn 0.1824 0.8868 -0.4247
vn -0.0706 0.9681 -0.2405
vn -0.1018 0.9574 -0.2703
vn -0.1235 0.9711 -0.2040
vn -0.2495 0.9267 -0.2810
vn -0.1980 0.9735 -0.1143
vn -0.2853 0.9499 -0.1272
vn -0.0609 0.9807 0.1857
vn 0.0003 0.9867 0.1628
vn 0.1693 0.9533 0.2500
vn 0.2103 0.9611 0.1792
vn 0.3205 0.9256 0.2013
vn 0.4000 0.8882 -0.2260
vn 0.0971 0.9936 0.0576
vn 0.0919 0.9943 0.0547
vn 0.0912 0.9908 0.0999
vn 0.5087 0.8518 0.1250
vn -0.0004 0.9633 -0.2685
vn -0.0182 0.9670 -0.2543
vn -0.5162 0.7717 -0.3715
vn -0.5299 0.7593 -0.3778
vn -0.2490 0.8663 0.4331
vn -0.2865 0.8426 0.4560
vn 0.2054 0.9760 -0.0723
vn 0.1820 0.9722 -0.1470
vn -0.5227 0.8480 0.0874
vn -0.3219 0.9456 0.0468
vn -0.5188 0.8549 -0.0088
vn -0.6014 0.7920 -0.1050
vn -0.5187 0.8549 -0.0088
vn -0.5381 0.8145 -0.2167
vn -0.5777 0.7812 -0.2367
vn 0.3891 0.9144 -0.1112
vn 0.0874 0.9954 -0.0396
vn 0.5410 0.8405 -0.0303
vn 0.5410 0.8405 -0.0304
vn 0.7506 0.6601 0.0294
vn 0.3892 0.9144 -0.1112
vn 0.7846 0.6065 0.1291
vn -0.0425 0.8608 -0.5071
vn -0.0402 0.8238 -0.5655
vn 0.0073 0.8731 -0.4874
vn 0.0073 0.8732 -0.4874
vn 0.0660 0.8783 -0.4736
vn -0.0424 0.8609 -0.5070
vn 0.0659 0.8783 -0.4736
vn 0.1209 0.8662 -0.4849
vn 0.1209 0.8661 -0.4849
vn 0.1350 0.8403 -0.5250
vn 0.0660 0.8782 -0.4737
vn -0.0300 0.4766 -0.8786
vn 0.0159 0.7531 -0.6578
vn 0.0159 0.7530 -0.6578
vn -0.0301 0.4766 -0.8786
vn 0.1216 0.9184 0.3764
vn 0.0159 0.7531 -0.6577
vn 0.0919 0.9944 -0.0513
vn -0.0324 0.4600 -0.8873
vn 0.0160 0.7530 -0.6578
vn 0.0160 0.7531 -0.6578
vn 0.0919 0.9945 -0.0513
vn 0.0918 0.9944 -0.0520
vn -0.0324 0.4601 -0.8873
vn 0.0579 0.6885 0.7229
vn 0.0235 0.8992 0.4370
vn 0.0236 0.8992 0.4369
vn -0.0808 0.7922 -0.6049
vn 0.0237 0.8991 0.4370
vn 0.0235 0.8991 0.4371
vn -0.0447 0.9763 -0.2119
vn -0.0448 0.9762 -0.2120
vn 0.0579 0.6884 0.7230
vn 0.0235 0.8991 0.4372
vn 0.0236 0.8991 0.4371
vn 0.0578 0.6885 0.7230
vn -0.0807 0.7922 -0.6049
vn 0.0235 0.8991 0.4370
vn -0.0448 0.9762 -0.2121
usemtl Material.002
s off
f 4/1/1 2/2/2 3/3/3
f 9/4/4 3/3/3 2/2/2
f 7/5/5 5/6/6 4/1/1
f 2/2/2 4/1/1 5/6/7
f 1/7/8 4/1/1 20/8/9
f 3/3/3 20/8/9 4/1/10
f 12/9/11 8/10/12 2/11/2
f 9/12/4 2/11/2 8/10/12
f 12/9/13 6/13/14 11/14/15
f 2/11/2 5/15/16 12/9/13
f 12/9/13 11/14/15 8/10/12
f 10/16/17 8/10/12 11/14/15
f 14/17/18 15/18/19 13/19/20
f 3/3/3 16/20/21 19/21/22
f 16/20/21 3/3/3 9/4/4
f 19/21/22 22/22/23 23/23/24
f 22/22/25 19/21/22 16/20/21
f 19/21/26 20/8/9 3/3/27
f 16/24/21 8/10/12 21/25/28
f 8/10/12 16/24/21 9/12/4
f 18/26/29 17/27/30 21/25/31
f 21/25/31 22/28/32 16/24/21
f 8/10/12 18/26/29 21/25/31
f 18/26/29 8/10/12 10/16/17
f 24/29/33 28/30/34 25/31/35
f 28/30/34 24/29/33 57/32/36
f 56/33/37 52/34/38 35/35/39
f 63/36/40 35/35/41 52/34/42
f 56/33/43 55/37/44 52/34/45
f 50/38/46 52/34/38 55/37/47
f 58/39/48 36/40/49 61/41/50
f 62/42/51 61/41/52 36/40/49
f 36/40/53 35/43/41 62/42/54
f 63/44/40 62/42/54 35/43/41
f 29/45/55 88/46/56 47/47/57
f 103/48/58 47/47/59 88/46/56
f 65/49/60 51/50/61 34/51/62
f 38/52/63 91/53/64 29/45/55
f 88/46/56 29/45/65 91/53/64
f 40/54/66 30/55/67 51/50/68
f 39/56/69 92/57/70 38/52/63
f 91/53/64 38/52/63 92/57/70
f 43/58/71 44/59/72 98/60/73
f 33/61/74 104/62/75 32/63/76
f 31/64/77 45/65/78 46/66/79
f 64/67/80 46/66/81 45/65/78
f 47/68/82 103/69/58 33/61/83
f 104/62/75 33/61/84 103/69/58
f 34/70/85 46/66/81 65/71/86
f 64/67/80 65/71/86 46/66/81
f 52/72/45 51/73/87 63/74/40
f 51/73/61 52/72/45 40/75/88
f 54/76/89 26/77/90 53/78/91
f 41/79/92 53/78/91 26/77/93
f 59/80/94 60/81/95 27/82/96
f 42/83/97 27/82/98 60/81/99
f 66/84/100 48/85/101 67/86/102
f 66/84/100 67/86/103 68/87/104
f 49/88/105 68/87/106 67/86/102
f 72/89/107 70/90/108 69/91/109
f 37/92/110 69/91/109 70/90/108
f 72/89/107 69/91/111 71/93/112
f 80/94/113 79/95/114 81/96/115
f 79/95/116 80/94/117 109/97/118
f 79/95/116 111/98/119 81/96/120
f 111/98/121 79/95/116 82/99/122
f 87/100/123 112/101/124 86/102/125
f 113/103/126 80/104/117 112/101/127
f 80/104/117 113/103/126 109/105/118
f 102/106/128 88/46/56 90/107/129
f 88/46/56 102/106/128 103/48/58
f 106/108/130 89/109/131 105/110/132
f 90/107/129 91/53/133 77/111/134
f 91/53/64 90/107/129 88/46/56
f 77/111/134 92/57/70 93/112/135
f 92/57/70 77/111/136 91/53/64
f 98/60/73 96/113/137 43/58/71
f 95/114/138 104/62/75 78/115/139
f 100/116/140 97/117/141 99/118/142
f 97/117/141 100/116/143 101/119/144
f 78/115/145 103/69/58 102/120/146
f 103/69/58 78/115/147 104/62/75
f 105/121/148 100/116/143 106/122/149
f 100/116/143 105/121/148 101/119/144
f 110/123/150 75/124/151 83/125/152
f 76/126/153 85/127/154 84/128/155
f 85/127/156 76/126/157 94/129/158
f 114/130/159 107/131/160 116/132/161
f 115/133/162 114/130/163 116/132/161
f 114/130/159 115/133/164 108/134/165
f 118/135/166 117/136/167 74/137/168
f 73/138/169 118/135/170 74/137/168
f 119/139/171 124/140/172 127/141/173
f 120/142/174 123/143/175 125/144/176
f 125/145/177 121/146/178 120/147/174
f 122/148/179 126/149/180 121/146/181
f 130/150/182 128/151/183 134/152/184
f 135/153/185 134/152/184 128/151/183
f 128/151/183 130/150/186 137/154/187
f 129/155/188 131/156/189 137/157/187
f 132/158/190 137/157/187 131/156/191
f 131/156/189 133/159/192 132/158/190
f 141/160/193 132/158/190 133/159/192
f 138/161/194 136/162/195 128/151/183
f 135/153/185 128/151/183 136/162/195
f 128/151/183 137/154/187 138/161/196
f 139/163/197 137/157/187 140/164/198
f 132/158/190 140/164/199 137/157/187
f 140/164/198 132/158/190 142/165/200
f 141/160/193 142/165/200 132/158/190
f 150/166/201 152/167/202 151/168/203
f 143/169/204 144/170/205 145/171/206
f 144/172/205 143/173/204 149/174/207
f 148/175/208 147/176/209 149/174/207
f 146/177/210 149/174/211 147/176/212
f 157/178/213 177/179/214 174/180/215
f 153/181/216 157/178/213 174/180/217
f 155/182/218 153/181/216 174/180/219
f 154/183/220 155/182/221 174/180/215
f 160/184/222 154/183/220 174/180/215
f 156/185/223 160/184/222 174/180/215
f 161/186/224 156/185/225 174/180/215
f 175/187/226 161/186/224 174/180/217
f 157/178/213 162/188/227 177/179/228
f 181/189/229 177/179/230 162/188/231
f 153/181/216 158/190/232 157/178/213
f 162/188/233 157/178/213 158/190/234
f 155/182/221 159/191/235 153/181/216
f 158/190/232 153/181/216 159/191/235
f 154/183/220 164/192/236 155/182/221
f 159/191/235 155/182/221 164/192/237
f 160/184/238 166/193/239 154/183/220
f 164/192/236 154/183/240 166/193/239
f 162/188/231 163/194/241 181/189/242
f 182/195/243 181/189/229 163/194/244
f 158/190/234 167/196/245 162/188/233
f 163/194/244 162/188/246 167/196/245
f 159/191/235 165/197/247 158/190/232
f 167/196/245 158/190/234 165/197/247
f 170/198/248 169/199/249 168/200/250
f 174/180/215 177/179/230 176/201/251
f 174/180/215 176/201/251 171/202/252
f 174/180/219 171/202/252 172/203/253
f 174/180/215 172/203/254 178/204/255
f 174/180/215 178/204/255 173/205/256
f 174/180/215 173/205/257 179/206/258
f 174/180/219 179/206/259 180/207/260
f 174/180/215 180/207/260 175/187/261
f 176/201/262 177/179/230 184/208/263
f 181/189/229 184/208/264 177/179/230
f 171/202/252 176/201/251 183/209/265
f 184/208/266 183/209/267 176/201/251
f 172/203/253 171/202/252 185/210/268
f 183/209/265 185/210/268 171/202/252
f 184/208/266 181/189/242 186/211/269
f 182/195/243 186/211/269 181/189/229
f 183/209/267 184/208/266 187/212/270
f 186/211/269 187/212/270 184/208/264
f 190/213/271 188/214/272 189/215/273
f 249/216/274 237/217/275 232/218/276
f 233/219/277 232/218/276 237/217/278
f 234/220/279 233/219/280 205/221/281
f 237/217/278 205/221/282 233/219/280
f 212/222/283 211/223/284 191/224/285
f 206/225/286 203/226/287 195/227/288
f 200/228/289 198/229/290 199/230/291
f 200/228/292 201/231/293 221/232/294
f 213/233/295 221/232/294 201/231/293
f 200/228/289 199/230/291 201/231/293
f 202/234/296 201/231/293 199/230/297
f 201/231/293 202/234/296 218/235/298
f 241/236/299 218/235/298 202/234/300
f 240/237/301 241/236/299 203/226/287
f 202/234/296 203/226/302 241/236/303
f 203/226/287 202/234/304 193/238/305
f 199/230/306 193/238/307 202/234/304
f 204/239/308 240/237/309 206/225/286
f 203/226/287 206/225/286 240/237/309
f 234/220/279 205/221/281 229/240/310
f 204/239/308 229/240/311 205/221/282
f 229/240/310 204/239/308 194/241/312
f 206/225/286 194/241/312 204/239/308
f 219/242/313 210/243/314 208/244/315
f 209/245/316 208/244/317 210/243/318
f 215/246/319 211/247/284 217/248/320
f 212/249/321 217/248/320 211/247/322
f 213/233/295 246/250/323 214/251/324
f 215/246/319 214/251/324 246/250/323
f 217/248/320 216/252/325 215/246/319
f 201/231/293 218/235/326 213/233/295
f 246/250/323 213/233/295 218/235/327
f 208/244/317 248/253/328 219/242/313
f 220/254/329 219/242/313 248/253/330
f 220/254/331 248/253/330 232/255/332
f 249/256/274 232/255/276 248/253/333
f 221/232/294 213/233/295 192/257/334
f 214/251/324 192/257/334 213/233/295
f 227/258/335 265/259/336 228/260/337
f 245/261/338 251/262/339 252/263/340
f 250/264/341 252/263/342 251/262/343
f 243/265/344 238/266/345 251/262/339
f 250/264/341 251/262/339 238/266/345
f 245/261/338 252/263/342 253/267/346
f 244/268/347 253/267/348 252/263/342
f 244/268/347 254/269/349 253/267/346
f 247/270/350 253/267/348 254/269/349
f 254/269/351 239/271/352 247/270/353
f 255/272/354 238/266/345 242/273/355
f 243/265/344 242/273/355 238/266/345
f 256/274/356 274/275/357 275/276/358
f 259/277/359 258/278/360 260/279/361
f 258/278/362 259/277/363 261/280/364
f 265/259/365 227/258/366 235/281/367
f 207/282/368 257/283/369 263/284/370
f 235/281/371 225/285/372 265/259/365
f 264/286/373 265/259/365 225/285/374
f 266/287/375 226/288/376 235/281/367
f 225/285/377 235/281/367 226/288/376
f 224/289/378 268/290/379 266/287/375
f 226/288/376 266/287/375 268/290/379
f 267/291/380 197/292/381 224/289/378
f 223/293/382 196/294/383 267/291/380
f 197/292/384 267/291/380 196/294/385
f 269/295/386 222/296/387 223/293/382
f 196/294/383 223/293/382 222/296/388
f 230/297/389 236/298/390 270/299/391
f 272/300/392 270/299/393 236/298/394
f 236/298/394 271/301/395 272/300/396
f 231/302/397 272/300/396 271/301/395
f 271/301/395 262/303/398 231/302/399
f 273/304/400 231/302/397 262/303/401
f 291/305/402 278/306/403 280/307/404
f 282/308/405 280/307/404 278/306/403
f 279/309/406 280/310/404 281/311/407
f 282/312/408 281/311/407 280/310/404
f 279/309/409 281/311/407 284/313/410
f 288/314/411 284/313/410 281/311/407
f 284/313/410 288/314/411 289/315/412
f 290/316/413 289/315/412 288/314/411
f 278/306/403 293/317/414 282/308/405
f 291/305/415 280/307/404 294/318/416
f 296/319/417 294/318/416 280/307/404
f 281/311/407 282/312/418 283/320/419
f 292/321/420 283/320/421 282/312/422
f 280/310/404 279/309/423 296/322/424
f 297/323/425 296/322/417 279/309/423
f 281/311/407 283/320/419 288/314/426
f 287/324/427 288/314/411 283/320/419
f 284/313/410 285/325/428 279/309/429
f 297/323/425 279/309/409 285/325/430
f 290/316/431 288/314/411 286/326/432
f 287/324/427 286/326/433 288/314/411
f 284/313/410 289/315/412 285/325/430
f 295/327/434 285/325/428 289/315/435
f 276/328/436 277/329/437 291/330/415
f 278/331/403 291/330/402 277/329/437
f 300/332/438 328/333/439 298/334/440
f 319/335/441 298/334/442 328/333/443
f 298/336/444 319/337/441 311/338/445
f 322/339/446 311/338/447 319/337/448
f 301/340/449 303/341/450 302/342/451
f 308/343/452 305/344/453 306/345/454
f 312/346/455 306/345/454 305/344/453
f 316/347/456 309/348/457 306/345/454
f 308/343/458 306/345/454 309/348/459
f 314/349/460 307/350/461 316/347/456
f 309/348/459 316/347/456 307/350/462
f 318/351/463 332/352/464 299/353/465
f 310/354/466 299/353/465 332/352/467
f 311/355/445 322/356/468 312/346/455
f 306/345/454 312/346/455 322/356/469
f 338/357/470 336/358/471 315/359/472
f 304/360/473 314/349/474 317/361/475
f 316/347/456 317/361/476 314/349/460
f 329/362/477 325/363/478 320/364/479
f 321/365/480 320/364/479 325/363/478
f 325/366/478 323/367/481 321/368/482
f 324/369/483 321/368/480 323/367/484
f 330/370/485 327/371/486 313/372/487
f 331/373/488 313/372/487 327/371/489
f 334/374/490 340/375/491 331/376/492
f 313/377/487 331/376/493 340/375/494
f 340/375/495 326/378/496 333/379/497
f 339/380/498 333/379/499 326/378/496
f 334/374/490 342/381/500 335/382/501
f 334/374/490 335/382/502 340/375/491
f 326/378/503 340/375/495 335/382/504
f 341/383/505 337/384/506 338/385/507
f 333/386/497 339/387/498 341/383/508
f 352/388/509 350/389/510 345/390/511
f 362/391/512 363/392/513 354/393/514
f 348/394/515 346/395/516 360/396/517
f 351/397/518 360/396/519 346/395/520
f 356/398/521 347/399/522 360/396/523
f 348/394/515 360/396/523 347/399/522
f 355/400/524 349/401/525 356/398/521
f 347/399/522 356/398/526 349/401/525
f 350/402/527 352/403/528 351/397/529
f 360/396/519 351/397/530 352/403/528
f 343/404/531 344/405/532 353/406/533
f 362/407/534 354/408/535 356/398/526
f 355/400/524 356/398/526 354/408/535
f 366/409/536 357/410/537 365/411/538
f 364/412/539 365/411/538 357/410/540
f 361/413/541 359/414/542 367/415/543
f 358/416/544 367/415/545 359/414/546
f 371/417/547 370/418/548 379/419/549
f 376/420/550 379/419/551 370/418/552
f 381/421/553 372/422/554 379/419/549
f 371/417/555 379/419/556 372/422/557
f 374/423/558 369/424/559 381/421/553
f 372/422/557 381/421/560 369/424/561
f 373/425/562 375/426/563 376/420/564
f 379/419/549 376/420/565 375/426/566
f 368/427/567 377/428/568 381/421/553
f 374/423/558 381/421/560 377/428/569
f 380/429/570 383/430/571 382/431/572
f 378/432/573 382/431/572 383/430/574
f 389/433/575 387/434/576 386/435/577
f 391/436/578 386/435/579 387/434/580
f 396/437/581 388/438/582 386/435/577
f 389/433/583 386/435/577 388/438/582
f 392/439/584 390/440/585 396/437/586
f 388/438/582 396/437/587 390/440/588
f 384/441/589 393/442/590 391/436/591
f 386/435/579 391/436/578 393/442/592
f 397/443/593 385/444/594 396/437/581
f 392/439/584 396/437/587 385/444/595
f 395/445/596 394/446/597 398/447/598
f 399/448/599 398/447/600 394/446/597
f 400/449/601 402/450/602 401/451/603
f 403/452/604 401/451/603 402/450/602
f 404/453/605 405/454/606 406/455/607
f 407/456/608 406/455/607 405/454/609
f 410/457/610 408/458/611 411/459/612
f 409/460/613 411/459/612 408/458/614
f 415/461/615 419/462/616 414/463/617
f 416/464/618 414/463/619 419/462/616
f 421/465/620 417/466/621 422/467/622
f 427/468/623 422/467/622 417/466/624
f 415/461/615 418/469/625 419/462/616
f 428/470/626 419/462/616 418/469/627
f 420/471/628 429/472/629 422/467/622
f 421/465/620 422/467/622 429/472/629
f 418/469/625 423/473/630 428/470/631
f 426/474/632 428/470/626 423/473/633
f 413/475/634 424/476/635 420/471/628
f 429/472/636 420/471/628 424/476/637
f 429/477/636 424/478/637 425/479/638
f 412/480/639 425/479/638 424/478/640
f 416/464/641 419/462/616 427/468/642
f 422/467/622 427/468/643 419/462/616
f 419/462/616 428/470/631 422/467/644
f 420/471/628 422/467/644 428/470/626
f 426/474/632 413/475/634 428/470/626
f 420/471/628 428/470/645 413/475/646
f 432/481/647 430/482/648 433/483/649
f 431/484/650 433/483/651 430/482/652
f 440/485/653 448/486/654 445/487/655
f 438/488/656 445/487/657 448/486/654
f 451/489/658 444/490/659 439/491/660
f 434/492/661 439/491/660 444/490/662
f 451/493/658 452/494/663 444/495/659
f 440/485/664 437/496/665 448/486/654
f 449/497/666 448/486/654 437/496/667
f 441/498/668 450/499/669 439/491/660
f 451/489/658 439/491/660 450/499/669
f 437/496/670 447/500/671 449/497/672
f 446/501/673 449/497/674 447/500/675
f 436/502/676 442/503/677 441/498/678
f 450/499/679 441/498/680 442/503/681
f 450/504/669 442/505/682 443/506/683
f 435/507/684 443/506/685 442/505/677
f 438/488/686 448/486/654 434/492/661
f 439/491/660 434/492/687 448/486/654
f 448/486/654 449/497/674 439/491/660
f 441/498/680 439/491/660 449/497/674
f 446/501/673 436/502/688 449/497/672
f 441/498/678 449/497/674 436/502/689
f 454/508/690 453/509/691 456/510/692
f 455/511/693 456/510/694 453/509/695
f 466/512/696 469/513/697 461/514/698
f 468/515/699 461/514/698 469/513/697
f 463/516/700 457/517/701 464/518/702
f 465/519/703 464/518/702 457/517/704
f 466/512/696 462/520/705 469/513/706
f 470/521/707 469/513/697 462/520/708
f 471/522/709 472/523/710 464/518/711
f 463/516/700 464/518/711 472/523/710
f 462/520/705 467/524/712 470/521/713
f 460/525/714 470/521/707 467/524/715
f 459/526/716 458/527/717 471/522/709
f 472/523/710 471/522/709 458/527/718
f 468/515/719 469/513/697 465/519/720
f 464/518/721 465/519/722 469/513/706
f 469/513/706 470/521/707 464/518/723
f 471/522/709 464/518/702 470/521/707
f 460/525/724 459/526/725 470/521/707
f 471/522/709 470/521/713 459/526/725
f 475/528/726 474/529/727 476/530/728
f 473/531/729 476/530/730 474/529/731
f 480/532/732 479/533/733 478/534/734
f 477/535/735 478/534/734 479/533/733
f 482/536/736 487/537/737 481/538/738
f 481/538/738 488/539/739 482/536/736
f 483/540/740 490/541/741 487/537/742
f 487/537/743 482/536/736 483/540/740
f 491/542/744 484/543/745 485/544/746
f 486/545/747 485/544/746 484/543/748
f 484/543/749 497/546/750 486/545/747
f 499/547/751 489/548/752 482/549/736
f 482/549/736 488/550/753 499/547/751
f 491/551/754 489/548/752 484/552/749
f 483/553/755 482/549/736 489/548/752
f 484/552/749 489/548/752 499/547/756
f 499/547/751 497/554/757 484/552/749
f 492/555/758 481/538/738 498/556/759
f 481/538/738 492/555/758 488/539/739
f 493/557/760 498/556/759 494/558/761
f 498/556/762 493/557/760 492/555/758
f 495/559/763 496/560/764 500/561/765
f 486/545/747 500/561/766 496/560/764
f 500/561/767 486/545/747 497/546/750
f 499/547/751 492/562/758 501/563/768
f 492/562/758 499/547/751 488/550/753
f 495/564/769 500/565/767 501/563/768
f 493/566/770 501/563/768 492/562/758
f 500/565/767 499/547/756 501/563/768
f 499/547/751 500/565/767 497/554/750
f 503/567/771 502/568/772 505/569/773
f 502/568/774 504/570/775 505/569/773
f 511/571/776 540/572/777 541/573/778
f 541/573/778 533/574/779 511/571/776
f 513/575/780 540/572/781 511/571/776
f 511/571/776 512/576/782 513/575/780
f 539/577/783 513/575/784 512/576/785
f 512/576/782 514/578/786 539/577/787
f 517/579/788 533/580/789 541/581/778
f 520/582/790 510/583/791 519/584/792
f 519/584/793 528/585/794 520/582/790
f 534/586/795 544/587/796 530/588/797
f 567/589/798 523/590/799 510/583/800
f 510/583/801 520/582/802 567/589/798
f 509/591/803 521/592/804 534/586/805
f 573/593/806 522/594/807 523/590/799
f 523/590/808 567/589/798 573/593/809
f 524/595/810 535/596/811 521/592/804
f 528/597/794 519/598/812 529/599/813
f 529/599/814 526/600/815 528/597/794
f 544/601/796 543/602/816 527/603/817
f 506/604/818 531/605/819 532/606/820
f 538/607/821 536/608/822 537/609/823
f 537/609/824 525/610/825 538/607/826
f 516/611/827 515/612/828 508/613/829
f 508/613/830 542/614/831 516/611/827
f 545/615/832 546/616/833 547/617/834
f 547/617/834 532/606/835 545/615/836
f 548/618/837 549/619/838 518/620/839
f 518/620/839 507/621/840 548/618/837
f 553/622/841 596/623/842 554/624/843
f 557/625/844 555/626/845 587/627/846
f 551/628/847 587/627/848 555/626/845
f 554/624/843 589/629/849 553/622/850
f 561/630/851 588/631/852 560/632/853
f 588/631/852 561/630/854 592/633/855
f 562/634/856 561/630/854 560/632/857
f 561/630/854 562/634/856 581/635/858
f 563/636/859 581/635/860 562/634/861
f 581/635/860 563/636/862 582/637/863
f 588/638/864 591/639/865 566/640/866
f 591/639/867 588/638/868 592/641/869
f 520/582/790 576/642/870 568/643/871
f 576/642/870 520/582/790 528/585/794
f 580/644/872 558/645/873 593/646/874
f 567/589/798 568/643/875 572/647/876
f 568/643/875 567/589/798 520/582/802
f 569/648/877 580/644/878 570/649/879
f 573/593/809 572/647/876 571/650/880
f 572/647/881 573/593/809 567/589/798
f 570/649/882 574/651/883 569/648/877
f 574/651/883 570/649/879 583/652/884
f 528/597/794 577/653/885 576/654/886
f 577/653/887 528/597/794 526/600/815
f 559/655/888 593/656/874 558/657/889
f 593/656/874 559/655/890 590/658/891
f 561/659/854 570/660/879 580/661/872
f 586/662/892 584/663/893 585/664/894
f 584/663/895 586/662/896 575/665/897
f 565/666/898 556/667/899 564/668/900
f 579/669/901 595/670/902 594/671/903
f 595/670/902 579/669/904 578/672/905
f 597/673/906 598/674/907 550/675/908
f 598/674/907 597/673/906 552/676/909
f 621/677/910 604/678/911 619/679/912
f 604/678/911 599/680/913 619/679/912
f 599/680/914 607/681/915 619/679/912
f 607/681/916 606/682/917 619/679/912
f 606/682/918 600/683/919 619/679/912
f 600/683/919 608/684/920 619/679/912
f 608/684/921 601/685/922 619/679/912
f 601/685/922 602/686/923 619/679/912
f 609/687/924 604/678/925 621/677/926
f 621/677/927 603/688/928 609/687/924
f 610/689/929 599/680/913 604/678/930
f 604/678/911 609/687/924 610/689/929
f 605/690/931 607/681/916 599/680/913
f 599/680/913 610/689/929 605/690/932
f 612/691/933 609/687/924 603/688/928
f 603/688/928 633/692/934 612/691/933
f 611/693/935 610/689/936 609/687/924
f 609/687/937 612/691/938 611/693/935
f 615/694/939 614/695/940 613/696/941
f 621/677/927 619/679/912 616/697/942
f 616/697/943 619/679/912 617/698/944
f 617/698/945 619/679/912 618/699/946
f 618/699/947 619/679/912 624/700/948
f 624/700/949 619/679/912 628/701/950
f 628/701/950 619/679/912 625/702/951
f 625/702/952 619/679/912 629/703/953
f 629/703/954 619/679/912 602/686/955
f 621/677/927 616/697/942 620/704/956
f 620/704/956 603/688/928 621/677/927
f 616/697/943 617/698/944 622/705/957
f 622/705/957 620/704/956 616/697/942
f 617/698/944 618/699/947 623/706/958
f 623/706/958 622/705/957 617/698/944
f 618/699/947 624/700/959 632/707/960
f 632/707/960 623/706/958 618/699/947
f 624/700/959 628/701/950 627/708/961
f 627/708/962 632/707/963 624/700/964
f 625/702/965 626/709/966 627/708/967
f 603/688/928 620/704/956 630/710/968
f 630/710/969 633/692/934 603/688/928
f 620/704/956 622/705/970 634/711/971
f 634/711/972 630/710/969 620/704/956
f 622/705/970 623/706/958 631/712/973
f 631/712/973 634/711/971 622/705/957
f 636/713/974 637/714/975 635/715/976
f 686/716/977 688/717/978 676/718/979
f 676/718/980 680/719/981 686/716/977
f 680/719/981 681/720/982 687/721/983
f 687/721/984 686/716/985 680/719/981
f 696/722/986 660/723/987 657/724/988
f 647/725/989 644/726/990 646/727/991
f 646/727/992 664/728/993 647/725/989
f 645/729/994 644/726/990 647/725/989
f 647/725/989 650/730/995 645/729/996
f 650/730/995 647/725/989 662/731/997
f 662/731/997 648/732/998 650/730/999
f 648/732/1000 653/733/1001 649/734/1002
f 649/734/1003 650/730/995 648/732/1004
f 651/735/1005 645/729/994 650/730/995
f 653/733/1001 652/736/1006 654/737/1007
f 654/737/1007 649/734/1003 653/733/1008
f 687/721/1009 681/720/982 670/738/1010
f 670/738/1010 652/736/1011 687/721/1012
f 672/739/1013 675/740/1014 698/741/1015
f 698/741/1015 655/742/1016 672/739/1017
f 672/739/1013 655/742/1016 656/743/1018
f 696/744/986 658/745/1019 659/746/1020
f 659/746/1021 660/747/987 696/744/986
f 694/748/1022 664/728/993 638/749/1023
f 638/749/1023 658/745/1024 694/748/1025
f 661/750/1026 659/746/1027 658/745/1024
f 662/731/997 647/725/989 664/728/993
f 664/728/993 694/748/1025 662/731/997
f 699/751/1028 698/741/1029 675/740/1030
f 675/740/1030 663/752/1031 699/751/1032
f 699/751/1032 663/752/1033 676/753/979
f 676/753/979 688/754/978 699/751/1032
f 664/728/993 646/727/991 643/755/1034
f 643/755/1035 638/749/1023 664/728/1036
f 674/756/1037 675/740/1030 672/739/1017
f 675/740/1030 674/756/1037 677/757/1038
f 691/758/1039 690/759/1040 702/760/1041
f 702/760/1042 697/761/1043 691/758/1039
f 701/762/1044 700/763/1045 691/758/1039
f 691/758/1046 697/761/1047 701/762/1044
f 702/760/1042 690/759/1040 693/764/1048
f 693/764/1048 692/765/1049 702/760/1041
f 689/766/1050 692/765/1051 693/764/1052
f 693/764/1048 695/767/1053 689/766/1050
f 703/768/1054 689/766/1055 695/767/1056
f 701/762/1057 685/769/1058 704/770/1059
f 704/770/1060 700/763/1061 701/762/1044
f 707/771/1062 705/772/1063 706/773/1064
f 708/774/1065 705/772/1063 707/771/1062
f 735/775/1066 705/772/1063 708/774/1065
f 709/776/1067 642/777/1068 711/778/1069
f 642/777/1068 709/776/1067 710/779/1070
f 679/780/1071 678/781/1072 713/782/1073
f 713/782/1073 667/783/1074 679/780/1071
f 679/780/1071 667/783/1074 668/784/1075
f 715/785/1076 666/786/1077 714/787/1078
f 714/787/1078 669/788/1079 715/785/1076
f 665/789/1080 717/790/1081 716/791/1082
f 718/792/1083 712/793/1084 717/790/1085
f 717/790/1085 665/789/1080 718/792/1083
f 712/793/1084 718/792/1083 719/794/1086
f 640/795/1087 721/796/1088 720/797/1089
f 720/797/1089 639/798/1090 640/795/1087
f 721/796/1091 640/795/1087 722/799/1092
f 733/800/1093 734/801/1094 723/802/1095
f 723/802/1095 641/803/1096 733/800/1093
f 724/804/1097 733/800/1093 641/803/1096
f 683/805/1098 682/806/1099 725/807/1100
f 725/807/1100 671/808/1101 683/805/1098
f 673/809/1102 727/810/1103 728/811/1104
f 728/811/1105 726/812/1106 673/809/1102
f 729/813/1107 730/814/1108 677/757/1038
f 677/757/1038 674/756/1109 729/813/1107
f 732/815/1110 684/816/1111 731/817/1112
f 740/818/1113 736/819/1114 742/820/1115
f 742/820/1116 739/821/1117 740/818/1118
f 742/822/1116 737/823/1119 738/824/1120
f 738/824/1121 739/825/1122 742/822/1116
f 738/824/1123 737/823/1119 749/826/1124
f 749/826/1125 747/827/1126 738/824/1120
f 747/827/1126 749/826/1124 748/828/1127
f 748/828/1127 750/829/1128 747/827/1126
f 753/830/1129 740/818/1113 739/821/1122
f 739/821/1117 741/831/1130 753/830/1129
f 742/820/1116 736/819/1114 754/832/1131
f 754/832/1131 757/833/1132 742/820/1116
f 739/825/1117 738/824/1123 743/834/1133
f 743/834/1134 741/835/1130 739/825/1135
f 737/823/1119 742/822/1116 757/836/1136
f 757/836/1136 756/837/1137 737/823/1119
f 743/834/1134 738/824/1138 747/827/1126
f 747/827/1126 744/838/1139 743/834/1134
f 745/839/1140 749/826/1125 737/823/1119
f 737/823/1119 756/837/1141 745/839/1142
f 747/827/1126 750/829/1128 746/840/1143
f 748/828/1127 749/826/1124 745/839/1144
f 745/839/1140 755/841/1145 748/828/1127
f 752/842/1146 751/843/1147 736/844/1114
f 736/844/1114 740/845/1113 752/842/1146
f 765/846/1148 762/847/1149 770/848/1150
f 770/848/1151 764/849/1152 765/846/1153
f 763/850/1154 760/851/1155 770/848/1151
f 770/848/1150 762/847/1149 763/850/1156
f 761/852/1157 766/853/1158 760/851/1159
f 760/851/1160 763/850/1161 761/852/1157
f 767/854/1162 758/855/1163 764/849/1152
f 764/849/1164 770/848/1151 767/854/1165
f 759/856/1166 768/857/1167 760/851/1168
f 760/851/1159 766/853/1169 759/856/1166
f 773/858/1170 771/859/1171 772/860/1172
f 772/860/1173 769/861/1174 773/858/1170
f 777/862/1175 774/863/1176 775/864/1177
f 775/864/1178 781/865/1179 777/862/1175
f 776/866/1180 774/863/1176 777/862/1175
f 777/862/1175 778/867/1181 776/866/1182
f 780/868/1183 776/866/1182 778/867/1184
f 778/867/1181 779/869/1185 780/868/1186
f 783/870/1187 784/871/1188 785/872/1189
f 785/872/1190 782/873/1191 783/870/1187
f 786/874/1192 788/875/1193 801/876/1194
f 801/876/1194 791/877/1195 786/874/1196
f 789/878/1197 802/879/1198 801/876/1199
f 801/876/1194 788/875/1200 789/878/1201
f 792/880/1202 796/881/1203 802/879/1198
f 802/879/1204 789/878/1201 792/880/1202
f 790/882/1205 787/883/1206 788/875/1193
f 799/884/1207 793/885/1208 791/877/1195
f 791/877/1195 801/876/1194 799/884/1209
f 794/886/1210 795/887/1211 802/879/1204
f 802/879/1198 796/881/1212 794/886/1210
f 798/888/1213 800/889/1214 803/890/1215
f 803/890/1215 797/891/1216 798/888/1213
f 817/892/1217 814/893/1218 810/894/1219
f 810/894/1219 806/895/1220 817/892/1221
f 813/896/1222 823/897/1223 811/898/1224
f 811/898/1224 805/899/1225 813/896/1226
f 812/900/1227 823/901/1228 813/902/1222
f 813/902/1226 804/903/1229 812/900/1230
f 809/904/1231 814/893/1218 817/892/1221
f 817/892/1221 818/905/1232 809/904/1231
f 822/906/1233 819/907/1234 811/898/1224
f 811/898/1224 823/897/1223 822/906/1235
f 815/908/1236 809/904/1237 818/905/1238
f 818/905/1239 808/909/1240 815/908/1241
f 816/910/1242 807/911/1243 819/907/1234
f 819/907/1244 822/906/1245 816/910/1246
f 816/912/1246 822/913/1245 821/914/1247
f 821/914/1247 820/915/1248 816/912/1249
f 817/892/1221 806/895/1220 805/899/1250
f 805/899/1225 811/898/1251 817/892/1217
f 818/905/1232 817/892/1221 811/898/1224
f 811/898/1224 819/907/1234 818/905/1239
f 807/911/1252 808/909/1253 818/905/1254
f 818/905/1232 819/907/1244 807/911/1243
f 838/916/1255 834/917/1256 828/918/1257
f 835/919/1258 827/920/1259 839/921/1260
f 830/922/1261 828/918/1262 825/923/1263
f 825/923/1263 829/924/1264 830/922/1261
f 836/925/1265 831/926/1266 830/922/1261
f 830/922/1261 829/924/1264 836/925/1265
f 832/927/1267 835/919/1258 831/926/1268
f 831/926/1266 836/925/1265 832/927/1269
f 829/928/1264 825/929/1270 824/930/1271
f 824/930/1272 837/931/1273 829/928/1274
f 836/932/1265 829/928/1264 837/931/1273
f 837/931/1273 833/933/1275 836/932/1265
f 826/934/1276 832/935/1277 836/932/1265
f 836/932/1265 833/933/1275 826/934/1278
f 842/936/1279 844/937/1280 849/938/1281
f 849/938/1281 846/939/1282 842/936/1283
f 843/940/1284 850/941/1285 849/938/1281
f 849/938/1286 844/937/1287 843/940/1288
f 845/942/1289 847/943/1290 850/941/1291
f 850/941/1291 843/940/1292 845/942/1289
f 848/944/1293 840/945/1294 846/939/1295
f 846/939/1295 849/938/1281 848/944/1296
f 847/943/1290 841/946/1297 851/947/1298
f 851/947/1299 850/941/1291 847/943/1290
f 883/948/1300 895/949/1301 852/950/1302
f 852/950/1303 873/951/1304 883/948/1300
f 873/952/1305 852/953/1306 866/954/1307
f 866/954/1308 876/955/1309 873/952/1310
f 855/956/1311 853/957/1312 854/958/1313
f 854/958/1313 879/959/1314 855/956/1311
f 863/960/1315 855/961/1316 879/962/1314
f 879/962/1314 877/963/1317 863/960/1315
f 856/964/1318 860/965/1319 867/966/1320
f 867/966/1321 861/967/1322 856/964/1323
f 857/968/1324 858/969/1325 867/966/1326
f 867/966/1326 860/965/1319 857/968/1324
f 859/970/1327 864/971/1328 858/969/1329
f 858/969/1325 857/968/1324 859/970/1327
f 871/972/1330 870/973/1331 865/974/1332
f 865/974/1333 889/975/1334 871/972/1335
f 876/976/1336 866/977/1308 861/967/1322
f 861/967/1322 867/966/1326 876/976/1337
f 868/978/1338 892/979/1339 869/980/1340
f 864/971/1328 863/981/1315 877/982/1317
f 877/982/1317 858/969/1329 864/971/1328
f 880/983/1341 878/984/1342 872/985/1343
f 872/985/1343 875/986/1344 880/983/1345
f 881/987/1346 880/988/1347 875/989/1348
f 875/989/1344 874/990/1349 881/987/1350
f 884/991/1351 882/992/1352 885/993/1353
f 886/994/1354 885/995/1353 862/996/1355
f 862/996/1356 887/997/1357 886/994/1354
f 890/998/1358 898/999/1359 887/1000/1357
f 887/1000/1360 862/1001/1355 890/998/1358
f 891/1002/1361 890/998/1358 896/1003/1362
f 897/1004/1363 898/999/1359 888/1005/1364
f 890/998/1358 891/1002/1365 888/1005/1364
f 894/1006/1366 893/1007/1367 892/1008/1339
f 901/1009/1368 899/1010/1369 902/1011/1370
f 902/1011/1371 900/1012/1372 901/1009/1373
f 913/1013/1374 906/1014/1375 912/1015/1376
f 912/1015/1377 903/1016/1378 913/1013/1379
f 908/1017/1380 906/1014/1381 913/1013/1374
f 913/1013/1374 909/1018/1382 908/1017/1383
f 910/1019/1384 908/1017/1380 909/1018/1382
f 909/1018/1382 905/1020/1385 910/1019/1386
f 913/1013/1379 903/1016/1378 914/1021/1387
f 914/1021/1388 907/1022/1389 913/1013/1379
f 909/1018/1382 913/1013/1379 907/1022/1389
f 907/1022/1389 911/1023/1390 909/1018/1382
f 904/1024/1391 905/1020/1392 909/1018/1393
f 909/1018/1382 911/1023/1394 904/1024/1395
f 916/1025/1396 918/1026/1397 915/1027/1398
f 915/1027/1398 917/1028/1399 916/1025/1396
f 919/1029/1400 921/1030/1401 920/1031/1402
f 920/1031/1402 922/1032/1403 919/1029/1400
f 927/1033/1404 924/1034/1405 923/1035/1406
f 924/1036/1405 929/1037/1407 925/1038/1408
f 925/1038/1409 923/1039/1406 924/1036/1410
f 925/1038/1411 929/1037/1412 926/1040/1413
f 926/1040/1414 928/1041/1415 925/1038/1409
f 931/1042/1416 930/1043/1417 937/1044/1418
f 933/1045/1419 932/1046/1420 937/1047/1418
f 937/1047/1421 934/1048/1422 933/1045/1423
f 935/1049/1424 933/1045/1423 934/1048/1422
f 934/1048/1422 939/1050/1425 935/1049/1424
f 937/1044/1418 930/1043/1417 943/1051/1426
f 937/1047/1418 938/1052/1427 941/1053/1428
f 941/1053/1429 934/1048/1422 937/1047/1418
f 934/1048/1422 941/1053/1429 942/1054/1430
f 942/1054/1430 939/1050/1425 934/1048/1422
f 936/1055/1431 944/1056/1432 940/1057/1433
f 948/1058/1434 946/1059/1435 945/1060/1436
f 945/1060/1437 949/1061/1438 948/1058/1439
f 950/1062/1440 946/1059/1435 948/1058/1441
f 948/1058/1439 947/1063/1442 950/1062/1443
f 952/1064/1444 951/1065/1445 954/1066/1446
f 954/1066/1447 953/1067/1448 952/1064/1449
f 958/1068/1450 960/1069/1451 956/1070/1452
f 958/1071/1450 957/1072/1453 959/1073/1454
f 959/1073/1455 955/1074/1456 958/1071/1450
f 963/1075/1457 962/1076/1458 1020/1077/1459
f 964/1078/1460 965/1079/1461 966/1080/1462
f 967/1081/1463 963/1075/1464 965/1079/1465
f 968/1082/1466 969/1083/1467 1017/1084/1468
f 976/1085/1469 970/1086/1470 973/1087/1471
f 970/1086/1470 976/1085/1469 971/1088/1472
f 974/1089/1473 976/1085/1469 975/1090/1474
f 976/1085/1469 974/1089/1475 971/1088/1472
f 981/1091/1476 972/1092/1477 978/1093/1478
f 972/1092/1479 981/1091/1476 973/1087/1480
f 976/1085/1469 981/1091/1476 980/1094/1481
f 981/1091/1476 976/1085/1469 973/1087/1482
f 975/1090/1483 980/1094/1484 984/1095/1485
f 980/1094/1481 975/1090/1483 976/1085/1469
f 979/1096/1486 978/1093/1487 977/1097/1488
f 978/1093/1478 979/1096/1486 981/1091/1476
f 980/1094/1481 979/1096/1489 983/1098/1490
f 979/1096/1489 980/1094/1484 981/1091/1476
f 984/1095/1491 983/1098/1492 982/1099/1493
f 983/1098/1492 984/1095/1485 980/1094/1484
f 986/1100/1494 977/1097/1488 985/1101/1495
f 977/1097/1488 986/1100/1494 979/1096/1486
f 983/1098/1490 986/1100/1494 987/1102/1496
f 986/1100/1494 983/1098/1492 979/1096/1497
f 982/1099/1493 987/1102/1496 994/1103/1498
f 987/1102/1496 982/1099/1493 983/1098/1492
f 961/1104/1499 994/1103/1498 993/1105/1500
f 994/1103/1498 961/1104/1501 982/1099/1493
f 989/1106/1502 985/1101/1495 988/1107/1503
f 985/1101/1495 989/1106/1502 986/1100/1494
f 987/1102/1496 989/1106/1502 990/1108/1504
f 989/1106/1502 987/1102/1496 986/1100/1494
f 994/1103/1498 990/1108/1504 992/1109/1505
f 990/1108/1504 994/1103/1498 987/1102/1496
f 993/1105/1500 992/1109/1505 991/1110/1506
f 992/1109/1505 993/1105/1507 994/1103/1498
f 995/1111/1508 988/1107/1503 998/1112/1509
f 988/1107/1503 995/1111/1508 989/1106/1502
f 990/1108/1510 995/1111/1508 1000/1113/1511
f 995/1111/1508 990/1108/1504 989/1106/1502
f 992/1109/1512 1000/1113/1511 996/1114/1513
f 1000/1113/1511 992/1109/1505 990/1108/1504
f 991/1110/1514 996/1114/1515 1003/1115/1516
f 996/1114/1515 991/1110/1514 992/1109/1505
f 999/1116/1517 998/1112/1509 997/1117/1518
f 998/1112/1509 999/1116/1517 995/1111/1508
f 1000/1113/1511 999/1116/1519 1001/1118/1520
f 999/1116/1517 1000/1113/1511 995/1111/1521
f 996/1114/1522 1001/1118/1520 1002/1119/1523
f 1001/1118/1520 996/1114/1515 1000/1113/1524
f 1005/1120/1525 1013/1121/1526 1015/1122/1527
f 1018/1123/1528 1007/1124/1529 1006/1125/1530
f 1007/1124/1531 1018/1123/1532 1008/1126/1533
f 1019/1127/1534 1008/1126/1533 1018/1123/1532
f 1008/1126/1535 1019/1127/1536 1009/1128/1537
f 1012/1129/1538 1026/1130/1539 1010/1131/1540
f 1017/1084/1541 1006/1125/1542 968/1082/1543
f 1006/1125/1542 1017/1084/1468 1018/1123/1532
f 1020/1077/1544 1004/1132/1545 1023/1133/1546
f 1004/1132/1545 1020/1077/1459 962/1076/1547
f 1008/1134/1535 1020/1077/1544 1023/1133/1548
f 1020/1077/1459 1008/1134/1535 1009/1135/1537
f 1029/1136/1549 1026/1130/1550 1027/1137/1551
f 1026/1130/1550 1029/1136/1549 1011/1138/1552
f 1015/1122/1527 1031/1139/1553 1034/1140/1554
f 1031/1139/1555 1015/1122/1556 1016/1141/1557
f 1014/1142/1558 1029/1136/1549 1032/1143/1559
f 1029/1136/1549 1014/1142/1560 1011/1138/1561
f 1027/1137/1551 1030/1144/1562 1028/1145/1563
f 1030/1144/1564 1027/1137/1551 1026/1130/1550
f 1028/1145/1565 1029/1136/1549 1027/1137/1551
f 1029/1136/1549 1028/1145/1563 1032/1143/1559
f 1025/1146/1566 1032/1143/1559 1028/1145/1563
f 1032/1143/1559 1025/1146/1566 1031/1139/1555
f 1024/1147/1567 1031/1139/1568 1025/1146/1569
f 1031/1139/1553 1024/1147/1570 1034/1140/1554
f 1033/1148/1571 1024/1147/1572 1022/1149/1573
f 1024/1147/1570 1033/1148/1571 1034/1140/1554
f 1033/1148/1571 1021/1150/1574 1034/1140/1554
f 1037/1151/1575 1035/1152/1576 1042/1153/1577
f 1042/1153/1577 1036/1154/1578 1037/1151/1575
f 1038/1155/1579 1043/1156/1580 1039/1157/1581
f 1039/1157/1582 1047/1158/1583 1038/1155/1579
f 1046/1159/1584 1039/1157/1582 1043/1156/1580
f 1043/1156/1580 1050/1160/1585 1046/1159/1584
f 1047/1158/1583 1037/1151/1586 1036/1154/1587
f 1036/1154/1588 1038/1155/1589 1047/1158/1590
f 1046/1159/1584 1050/1160/1591 1048/1161/1592
f 1048/1161/1592 1045/1162/1593 1046/1159/1584
f 1052/1163/1594 1060/1164/1595 1058/1165/1596
f 1058/1165/1596 1051/1166/1597 1052/1163/1594
f 1049/1167/1598 1060/1164/1599 1052/1163/1594
f 1053/1168/1600 1055/1169/1601 1060/1164/1602
f 1060/1164/1602 1049/1167/1598 1053/1168/1603
f 1040/1170/1604 1054/1171/1605 1055/1169/1606
f 1055/1169/1601 1053/1168/1600 1040/1170/1607
f 1041/1172/1608 1054/1171/1605 1040/1170/1607
f 1056/1173/1609 1054/1171/1605 1041/1172/1610
f 1041/1172/1610 1057/1174/1611 1056/1173/1612
f 1058/1165/1596 1061/1175/1613 1044/1176/1614
f 1044/1176/1615 1059/1177/1616 1058/1165/1596
f 1051/1166/1617 1058/1165/1596 1059/1177/1618
f 1062/1178/1619 1078/1179/1620 1063/1180/1621
f 1063/1180/1622 1073/1181/1623 1062/1178/1619
f 1077/1182/1624 1069/1183/1625 1064/1184/1626
f 1064/1184/1627 1065/1185/1628 1077/1182/1624
f 1075/1186/1629 1064/1184/1626 1069/1183/1630
f 1069/1183/1631 1074/1187/1632 1075/1186/1629
f 1065/1185/1628 1062/1178/1619 1073/1181/1623
f 1073/1181/1633 1077/1182/1634 1065/1185/1628
f 1075/1186/1629 1074/1187/1632 1072/1188/1635
f 1072/1188/1636 1071/1189/1637 1075/1186/1629
f 1066/1190/1638 1088/1191/1639 1086/1192/1640
f 1086/1192/1641 1079/1193/1642 1066/1190/1638
f 1076/1194/1643 1088/1191/1639 1066/1190/1638
f 1067/1195/1644 1080/1196/1645 1088/1191/1646
f 1088/1191/1647 1076/1194/1643 1067/1195/1648
f 1082/1197/1649 1081/1198/1650 1080/1196/1651
f 1080/1196/1645 1067/1195/1652 1082/1197/1649
f 1068/1199/1653 1081/1198/1650 1082/1197/1649
f 1083/1200/1654 1081/1198/1655 1068/1199/1653
f 1068/1199/1656 1070/1201/1657 1083/1200/1654
f 1086/1192/1641 1085/1202/1658 1084/1203/1659
f 1084/1203/1660 1087/1204/1661 1086/1192/1640
f 1079/1193/1662 1086/1192/1640 1087/1204/1663
f 1099/1205/1664 1092/1206/1665 1093/1207/1666
f 1093/1207/1666 1102/1208/1667 1099/1205/1664
f 1094/1209/1668 1089/1210/1669 1098/1211/1670
f 1098/1211/1670 1097/1212/1671 1094/1209/1668
f 1104/1213/1672 1098/1211/1670 1089/1210/1673
f 1089/1210/1673 1090/1214/1674 1104/1213/1675
f 1097/1212/1676 1099/1205/1664 1102/1208/1677
f 1102/1208/1667 1094/1209/1678 1097/1212/1671
f 1104/1213/1672 1090/1214/1679 1103/1215/1680
f 1103/1215/1680 1096/1216/1681 1104/1213/1672
f 1105/1217/1682 1106/1218/1683 1115/1219/1684
f 1115/1219/1684 1091/1220/1685 1105/1217/1682
f 1100/1221/1686 1106/1218/1687 1105/1217/1688
f 1107/1222/1689 1113/1223/1690 1106/1218/1683
f 1106/1218/1691 1100/1221/1686 1107/1222/1692
f 1108/1224/1693 1114/1225/1694 1113/1223/1695
f 1113/1223/1690 1107/1222/1696 1108/1224/1697
f 1101/1226/1698 1114/1225/1699 1108/1224/1700
f 1109/1227/1701 1114/1225/1694 1101/1226/1702
f 1101/1226/1702 1095/1228/1703 1109/1227/1701
f 1115/1219/1684 1110/1229/1704 1111/1230/1705
f 1111/1230/1706 1112/1231/1707 1115/1219/1684
f 1091/1220/1708 1115/1219/1709 1112/1231/1710
f 1127/1232/1711 1123/1233/1712 1116/1234/1713
f 1116/1234/1714 1128/1235/1715 1127/1232/1716
f 1123/1236/1712 1122/1237/1717 1130/1238/1718
f 1130/1238/1719 1116/1239/1720 1123/1236/1721
f 1119/1240/1722 1131/1241/1723 1120/1242/1724
f 1120/1242/1725 1133/1243/1726 1119/1240/1722
f 1121/1244/1727 1122/1237/1717 1123/1236/1712
f 1133/1243/1726 1129/1245/1728 1117/1246/1729
f 1136/1247/1730 1128/1248/1731 1116/1239/1720
f 1116/1239/1720 1130/1238/1718 1136/1247/1730
f 1118/1249/1732 1126/1250/1733 1120/1242/1724
f 1120/1242/1724 1131/1241/1734 1118/1249/1735
f 1124/1251/1736 1139/1252/1737 1134/1253/1738
f 1134/1253/1738 1125/1254/1739 1124/1251/1736
f 1137/1255/1740 1132/1256/1741 1138/1257/1742
f 1138/1257/1743 1135/1258/1744 1137/1255/1740
f 1138/1259/1742 1134/1260/1738 1139/1261/1737
f 1143/1262/1745 1141/1263/1746 1140/1264/1747
f 1140/1264/1748 1142/1265/1749 1143/1262/1750
f 1144/1266/1751 1147/1267/1752 1146/1268/1753
f 1146/1268/1753 1145/1269/1754 1144/1266/1751
f 1148/1270/1755 1151/1271/1756 1149/1272/1757
f 1149/1272/1758 1150/1273/1759 1148/1270/1755
f 1152/1274/1760 1154/1275/1761 1155/1276/1762
f 1155/1276/1763 1153/1277/1764 1152/1274/1765
f 1161/1278/1766 1171/1279/1767 1160/1280/1768
f 1160/1280/1768 1157/1281/1769 1161/1278/1770
f 1159/1282/1771 1167/1283/1772 1177/1284/1773
f 1177/1284/1773 1176/1285/1774 1159/1282/1771
f 1156/1286/1775 1170/1287/1776 1171/1279/1777
f 1176/1285/1778 1162/1288/1779 1159/1282/1780
f 1160/1289/1781 1165/1290/1782 1158/1291/1783
f 1158/1291/1784 1157/1292/1769 1160/1289/1768
f 1167/1293/1785 1166/1294/1786 1168/1295/1787
f 1168/1295/1788 1177/1296/1773 1167/1293/1772
f 1175/1297/1789 1173/1298/1790 1174/1299/1791
f 1174/1299/1792 1164/1300/1793 1175/1297/1794
f 1186/1301/1795 1189/1302/1796 1163/1303/1797
f 1182/1304/1798 1179/1305/1799 1180/1306/1800
f 1180/1306/1800 1181/1307/1801 1182/1304/1798
f 1178/1308/1802 1183/1309/1803 1169/1310/1804
f 1169/1310/1804 1184/1311/1805 1178/1308/1802
f 1183/1312/1803 1179/1313/1806 1182/1314/1798
f 1185/1315/1807 1188/1316/1808 1186/1317/1795
f 1186/1317/1795 1187/1318/1809 1185/1315/1807
f 1188/1316/1810 1195/1319/1811 1189/1320/1796
f 1189/1320/1796 1186/1317/1795 1188/1316/1810
f 1172/1321/1812 1192/1322/1813 1190/1323/1814
f 1190/1323/1814 1191/1324/1815 1172/1321/1816
f 1190/1323/1817 1192/1322/1818 1193/1325/1819
f 1193/1325/1819 1194/1326/1820 1190/1323/1814
f 1189/1320/1796 1195/1319/1811 1194/1326/1820
f 1194/1326/1820 1193/1325/1819 1189/1320/1796
f 1207/1327/1821 1196/1328/1822 1198/1329/1823
f 1198/1329/1823 1197/1330/1824 1207/1327/1825
f 1209/1331/1826 1202/1332/1827 1213/1333/1828
f 1213/1333/1828 1206/1334/1829 1209/1331/1830
f 1214/1335/1831 1213/1333/1828 1202/1332/1827
f 1202/1332/1827 1210/1336/1832 1214/1335/1831
f 1206/1334/1833 1196/1328/1834 1207/1327/1821
f 1207/1327/1825 1209/1331/1830 1206/1334/1835
f 1214/1335/1836 1210/1336/1837 1204/1337/1838
f 1204/1337/1838 1205/1338/1839 1214/1335/1831
f 1199/1339/1840 1215/1340/1841 1220/1341/1842
f 1220/1341/1842 1212/1342/1843 1199/1339/1840
f 1208/1343/1844 1215/1340/1841 1199/1339/1845
f 1200/1344/1846 1216/1345/1847 1215/1340/1848
f 1215/1340/1848 1208/1343/1844 1200/1344/1846
f 1217/1346/1849 1216/1345/1850 1200/1344/1846
f 1200/1344/1851 1201/1347/1852 1217/1346/1849
f 1218/1348/1853 1217/1346/1849 1201/1347/1854
f 1203/1349/1855 1221/1350/1856 1217/1346/1849
f 1217/1346/1857 1218/1348/1858 1203/1349/1859
f 1220/1341/1860 1222/1351/1861 1219/1352/1862
f 1219/1352/1862 1211/1353/1863 1220/1341/1860
f 1212/1342/1843 1220/1341/1842 1211/1353/1864
f 1232/1354/1865 1231/1355/1866 1223/1356/1867
f 1223/1356/1868 1225/1357/1869 1232/1354/1865
f 1239/1358/1870 1226/1359/1871 1229/1360/1872
f 1229/1360/1873 1230/1361/1874 1239/1358/1870
f 1233/1362/1875 1229/1360/1876 1226/1359/1877
f 1226/1359/1878 1234/1363/1879 1233/1362/1875
f 1230/1361/1880 1231/1355/1881 1232/1354/1865
f 1232/1354/1865 1239/1358/1870 1230/1361/1880
f 1233/1362/1882 1234/1363/1879 1235/1364/1883
f 1235/1364/1883 1228/1365/1884 1233/1362/1882
f 1242/1366/1885 1244/1367/1886 1249/1368/1887
f 1249/1368/1887 1241/1369/1888 1242/1366/1885
f 1237/1370/1889 1244/1367/1890 1242/1366/1885
f 1236/1371/1891 1243/1372/1892 1244/1367/1890
f 1244/1367/1890 1237/1370/1889 1236/1371/1893
f 1246/1373/1894 1243/1372/1895 1236/1371/1893
f 1236/1371/1896 1224/1374/1897 1246/1373/1894
f 1238/1375/1898 1246/1373/1894 1224/1374/1899
f 1247/1376/1900 1245/1377/1901 1246/1373/1894
f 1246/1373/1894 1238/1375/1902 1247/1376/1900
f 1249/1368/1887 1248/1378/1903 1227/1379/1904
f 1227/1379/1905 1240/1380/1906 1249/1368/1887
f 1241/1369/1888 1249/1368/1907 1240/1380/1908
f 1258/1381/1909 1250/1382/1910 1253/1383/1911
f 1253/1383/1911 1255/1384/1912 1258/1381/1913
f 1262/1385/1914 1256/1386/1915 1264/1387/1916
f 1264/1387/1916 1257/1388/1917 1262/1385/1918
f 1252/1389/1919 1264/1387/1920 1256/1386/1921
f 1256/1386/1915 1251/1390/1922 1252/1389/1919
f 1257/1388/1917 1250/1382/1910 1258/1381/1909
f 1258/1381/1909 1262/1385/1918 1257/1388/1917
f 1252/1389/1919 1251/1390/1922 1259/1391/1923
f 1259/1391/1924 1260/1392/1925 1252/1389/1926
f 1265/1393/1927 1267/1394/1928 1276/1395/1929
f 1276/1395/1930 1273/1396/1931 1265/1393/1932
f 1266/1397/1933 1267/1394/1934 1265/1393/1935
f 1261/1398/1936 1274/1399/1937 1267/1394/1938
f 1267/1394/1928 1266/1397/1933 1261/1398/1939
f 1268/1400/1940 1274/1399/1941 1261/1398/1936
f 1261/1398/1939 1254/1401/1942 1268/1400/1943
f 1269/1402/1944 1268/1400/1943 1254/1401/1945
f 1270/1403/1946 1275/1404/1947 1268/1400/1943
f 1268/1400/1943 1269/1402/1948 1270/1403/1949
f 1276/1395/1929 1271/1405/1950 1272/1406/1951
f 1272/1406/1951 1263/1407/1952 1276/1395/1929
f 1273/1396/1953 1276/1395/1954 1263/1407/1955
f 1278/1408/1956 1277/1409/1957 1279/1410/1958
f 1279/1410/1958 1280/1411/1959 1278/1408/1956
f 1284/1412/1960 1294/1413/1961 1296/1414/1962
f 1296/1414/1963 1287/1415/1964 1284/1412/1960
f 1281/1416/1965 1295/1417/1966 1282/1418/1967
f 1282/1418/1967 1283/1419/1968 1281/1416/1965
f 1283/1419/1969 1282/1418/1970 1298/1420/1971
f 1298/1420/1972 1299/1421/1973 1283/1419/1969
f 1285/1422/1974 1284/1412/1960 1289/1423/1975
f 1284/1412/1960 1287/1415/1964 1288/1424/1976
f 1288/1424/1976 1289/1423/1977 1284/1412/1960
f 1290/1425/1978 1296/1414/1963 1294/1413/1961
f 1294/1413/1961 1286/1426/1979 1290/1425/1980
f 1287/1427/1964 1291/1428/1981 1292/1429/1982
f 1292/1429/1982 1288/1430/1976 1287/1427/1964
f 1301/1431/1983 1297/1432/1984 1296/1433/1963
f 1296/1433/1963 1290/1434/1985 1301/1431/1983
f 1300/1435/1986 1292/1429/1987 1291/1428/1988
f 1297/1432/1989 1301/1431/1990 1293/1436/1991
f 1303/1437/1992 1302/1438/1993 1304/1439/1994
f 1304/1439/1995 1305/1440/1996 1303/1437/1992
f 1306/1441/1997 1308/1442/1998 1309/1443/1999
f 1309/1443/1999 1307/1444/2000 1306/1441/2001
f 1317/1445/2002 1390/1446/2003 1391/1447/2004
f 1334/1448/2005 1320/1449/2006 1368/1450/2007
f 1368/1450/2007 1319/1451/2008 1334/1448/2005
f 1319/1451/2008 1368/1450/2007 1318/1452/2009
f 1318/1452/2010 1389/1453/2011 1319/1451/2008
f 1335/1454/2012 1329/1455/2013 1405/1456/2014
f 1405/1456/2014 1404/1457/2015 1335/1454/2012
f 1334/1448/2005 1335/1454/2012 1404/1457/2015
f 1404/1457/2015 1320/1449/2006 1334/1448/2005
f 1321/1458/2016 1322/1459/2017 1401/1460/2018
f 1403/1461/2019 1321/1458/2016 1323/1462/2020
f 1323/1462/2020 1402/1463/2021 1403/1461/2019
f 1328/1464/2022 1329/1455/2023 1360/1465/2024
f 1360/1465/2024 1330/1466/2025 1328/1464/2022
f 1332/1467/2026 1319/1451/2008 1389/1453/2011
f 1319/1451/2008 1332/1467/2026 1358/1468/2027
f 1358/1468/2027 1334/1448/2005 1319/1451/2008
f 1334/1448/2005 1358/1468/2027 1357/1469/2028
f 1357/1469/2028 1335/1454/2012 1334/1448/2005
f 1356/1470/2029 1333/1471/2030 1346/1472/2031
f 1346/1472/2032 1336/1473/2033 1356/1470/2029
f 1338/1474/2034 1356/1470/2029 1336/1473/2033
f 1336/1473/2033 1337/1475/2035 1338/1474/2034
f 1357/1469/2028 1360/1465/2036 1329/1455/2023
f 1329/1455/2023 1335/1454/2012 1357/1469/2028
f 1380/1476/2037 1354/1477/2038 1342/1478/2039
f 1342/1478/2039 1379/1479/2040 1380/1476/2037
f 1337/1475/2035 1379/1479/2041 1342/1478/2039
f 1342/1478/2039 1338/1474/2034 1337/1475/2035
f 1316/1480/2042 1310/1481/2043 1362/1482/2044
f 1362/1482/2044 1363/1483/2045 1316/1480/2042
f 1316/1480/2042 1363/1483/2046 1344/1484/2047
f 1345/1485/2048 1353/1486/2049 1337/1475/2035
f 1337/1475/2035 1336/1473/2033 1345/1485/2048
f 1345/1485/2048 1336/1473/2033 1346/1472/2050
f 1352/1487/2051 1362/1482/2044 1310/1481/2043
f 1379/1479/2040 1337/1475/2035 1353/1486/2052
f 1353/1486/2052 1381/1488/2053 1379/1479/2040
f 1342/1478/2039 1354/1477/2054 1330/1466/2055
f 1330/1466/2055 1360/1465/2036 1342/1478/2039
f 1333/1471/2056 1356/1470/2029 1358/1468/2057
f 1358/1468/2027 1332/1467/2026 1333/1471/2056
f 1356/1470/2029 1338/1474/2034 1357/1469/2028
f 1357/1469/2028 1358/1468/2027 1356/1470/2029
f 1360/1465/2036 1357/1469/2028 1338/1474/2034
f 1338/1474/2034 1342/1478/2039 1360/1465/2036
f 1381/1488/2058 1353/1486/2052 1363/1483/2045
f 1363/1483/2046 1362/1482/2044 1381/1488/2053
f 1345/1485/2048 1344/1484/2047 1363/1483/2046
f 1363/1483/2046 1353/1486/2049 1345/1485/2048
f 1362/1482/2044 1352/1487/2059 1364/1489/2060
f 1364/1489/2060 1381/1488/2053 1362/1482/2044
f 1366/1490/2061 1326/1491/2062 1365/1492/2063
f 1326/1493/2064 1366/1494/2061 1367/1495/2065
f 1367/1495/2066 1327/1496/2067 1326/1493/2068
f 1320/1449/2006 1374/1497/2069 1373/1498/2070
f 1311/1499/2071 1372/1500/2072 1377/1501/2073
f 1370/1502/2074 1375/1503/2075 1315/1504/2076
f 1371/1505/2077 1314/1506/2078 1375/1503/2075
f 1375/1503/2075 1370/1502/2074 1371/1505/2077
f 1376/1507/2079 1314/1508/2078 1371/1509/2077
f 1371/1509/2080 1377/1501/2073 1376/1507/2079
f 1313/1510/2081 1376/1507/2079 1377/1501/2073
f 1377/1501/2073 1372/1500/2082 1313/1510/2081
f 1312/1511/2083 1313/1510/2084 1372/1500/2082
f 1350/1512/2085 1349/1513/2086 1411/1514/2087
f 1411/1514/2088 1351/1515/2089 1350/1512/2090
f 1383/1516/2091 1340/1517/2092 1382/1518/2093
f 1382/1518/2094 1341/1519/2095 1383/1516/2096
f 1383/1516/2091 1341/1519/2097 1359/1520/2098
f 1385/1521/2099 1355/1522/2100 1384/1523/2101
f 1384/1523/2102 1386/1524/2103 1385/1521/2099
f 1331/1525/2104 1387/1526/2105 1388/1527/2106
f 1317/1445/2002 1392/1528/2107 1393/1529/2108
f 1394/1530/2109 1395/1531/2110 1317/1445/2002
f 1361/1532/2111 1396/1533/2112 1339/1534/2113
f 1339/1534/2113 1397/1535/2114 1361/1532/2111
f 1343/1536/2115 1361/1532/2111 1397/1535/2114
f 1397/1535/2116 1398/1537/2117 1343/1536/2115
f 1399/1538/2118 1343/1536/2119 1398/1537/2120
f 1398/1537/2121 1325/1539/2122 1399/1538/2118
f 1401/1540/2018 1399/1538/2118 1325/1539/2123
f 1325/1539/2122 1400/1541/2124 1401/1540/2018
f 1323/1542/2020 1401/1540/2018 1400/1541/2124
f 1400/1541/2124 1324/1543/2125 1323/1542/2020
f 1369/1544/2126 1402/1545/2127 1323/1542/2020
f 1323/1542/2020 1324/1543/2128 1369/1544/2126
f 1403/1461/2019 1402/1463/2129 1369/1546/2126
f 1369/1546/2126 1320/1449/2006 1403/1461/2019
f 1404/1457/2015 1321/1458/2016 1403/1461/2019
f 1403/1461/2019 1320/1449/2006 1404/1457/2015
f 1378/1547/2130 1347/1548/2131 1348/1549/2132
f 1348/1549/2133 1406/1550/2134 1378/1547/2135
f 1409/1551/2136 1408/1552/2137 1407/1553/2138
f 1410/1554/2139 1364/1489/2060 1352/1487/2051
f 1414/1555/2140 1418/1556/2141 1417/1557/2142
f 1412/1558/2143 1419/1559/2144 1420/1560/2145
f 1412/1558/2146 1420/1560/2145 1428/1561/2147
f 1428/1561/2147 1426/1562/2148 1412/1558/2146
f 1420/1560/2145 1422/1563/2149 1429/1564/2150
f 1429/1564/2150 1428/1561/2147 1420/1560/2145
f 1422/1563/2149 1423/1565/2151 1421/1566/2152
f 1421/1566/2153 1429/1564/2154 1422/1563/2149
f 1423/1565/2155 1425/1567/2156 1432/1568/2157
f 1432/1568/2157 1421/1566/2153 1423/1565/2151
f 1424/1569/2158 1432/1568/2157 1425/1567/2159
f 1426/1562/2160 1428/1561/2147 1427/1570/2161
f 1427/1570/2161 1433/1571/2162 1426/1562/2148
f 1428/1561/2147 1429/1564/2150 1434/1572/2163
f 1434/1572/2163 1427/1570/2164 1428/1561/2147
f 1429/1564/2150 1421/1566/2153 1430/1573/2165
f 1430/1573/2166 1434/1572/2163 1429/1564/2154
f 1432/1568/2167 1431/1574/2168 1430/1573/2166
f 1430/1573/2169 1421/1566/2152 1432/1568/2167
f 1432/1568/2167 1424/1569/2170 1438/1575/2171
f 1438/1575/2171 1431/1574/2172 1432/1568/2167
f 1433/1571/2162 1427/1570/2161 1440/1576/2173
f 1440/1576/2173 1413/1577/2174 1433/1571/2162
f 1434/1572/2163 1435/1578/2175 1440/1576/2173
f 1440/1576/2173 1427/1570/2161 1434/1572/2176
f 1434/1572/2163 1430/1573/2166 1436/1579/2177
f 1436/1579/2177 1435/1578/2175 1434/1572/2163
f 1431/1574/2172 1437/1580/2178 1436/1579/2177
f 1436/1579/2177 1430/1573/2165 1431/1574/2172
f 1431/1574/2179 1438/1575/2171 1439/1581/2180
f 1439/1581/2180 1437/1580/2178 1431/1574/2179
f 1440/1582/2181 1449/1583/2182 1416/1584/2183
f 1416/1584/2183 1413/1585/2174 1440/1582/2173
f 1440/1582/2184 1435/1586/2185 1443/1587/2186
f 1443/1587/2187 1449/1583/2182 1440/1582/2184
f 1436/1588/2177 1446/1589/2188 1443/1587/2186
f 1443/1587/2186 1435/1586/2175 1436/1588/2177
f 1436/1588/2177 1437/1580/2178 1441/1590/2189
f 1441/1590/2190 1446/1589/2191 1436/1588/2177
f 1449/1583/2182 1447/1591/2192 1415/1592/2193
f 1415/1592/2193 1416/1584/2194 1449/1583/2195
f 1446/1589/2191 1445/1593/2196 1442/1594/2197
f 1442/1594/2198 1443/1587/2186 1446/1589/2191
f 1446/1589/2191 1444/1595/2199 1445/1593/2196
f 1446/1589/2191 1441/1590/2200 1448/1596/2201
f 1448/1596/2201 1444/1595/2199 1446/1589/2191
f 1449/1583/2202 1443/1587/2186 1442/1594/2198
f 1460/1597/2203 1452/1598/2204 1454/1599/2205
f 1454/1599/2205 1452/1598/2206 1463/1600/2207
f 1463/1600/2207 1453/1601/2208 1454/1599/2205
f 1453/1601/2209 1463/1600/2210 1462/1602/2211
f 1462/1602/2212 1461/1603/2213 1453/1601/2208
f 1461/1603/2214 1462/1602/2212 1455/1604/2215
f 1455/1604/2216 1456/1605/2217 1461/1603/2213
f 1456/1605/2218 1455/1604/2219 1457/1606/2220
f 1455/1607/2215 1462/1608/2212 1459/1609/2221
f 1459/1609/2221 1464/1610/2222 1455/1607/2216
f 1462/1608/2212 1463/1611/2207 1450/1612/2223
f 1450/1612/2223 1459/1609/2221 1462/1608/2212
f 1452/1613/2204 1451/1614/2224 1450/1612/2223
f 1457/1615/2225 1455/1607/2215 1464/1610/2222
f 1464/1610/2222 1458/1616/2226 1457/1615/2225
f 1458/1616/2226 1465/1617/2227 1457/1615/2225
f 1473/1618/2228 1472/1619/2229 1467/1620/2230
f 1468/1621/2231 1477/1622/2232 1469/1623/2233
f 1466/1624/2234 1469/1623/2233 1477/1622/2235
f 1470/1625/2236 1471/1626/2237 1474/1627/2238
f 1484/1628/2239 1478/1629/2240 1482/1630/2241
f 1484/1628/2239 1475/1631/2242 1478/1629/2240
f 1468/1621/2231 1486/1632/2243 1483/1633/2244
f 1477/1622/2232 1483/1633/2244 1482/1634/2245
f 1482/1634/2241 1480/1635/2246 1477/1622/2232
f 1479/1636/2247 1482/1634/2245 1478/1637/2240
f 1478/1637/2240 1490/1638/2248 1479/1636/2247
f 1479/1636/2249 1480/1635/2250 1482/1634/2245
f 1484/1628/2239 1486/1639/2251 1485/1640/2252
f 1485/1640/2253 1476/1641/2254 1484/1628/2255
f 1485/1640/2252 1486/1639/2251 1487/1642/2256
f 1478/1629/2257 1475/1631/2242 1488/1643/2258
f 1488/1643/2258 1490/1644/2259 1478/1629/2240
f 1490/1644/2248 1488/1643/2258 1489/1645/2260
f 1489/1645/2261 1481/1646/2262 1490/1644/2259
f 1492/1647/2263 1494/1648/2264 1493/1649/2265
f 1496/1650/2266 1499/1651/2267 1498/1652/2268
f 1498/1652/2269 1497/1653/2270 1496/1650/2266
f 1495/1654/2271 1500/1655/2272 1501/1656/2273
f 1501/1656/2274 1502/1657/2275 1495/1654/2276
f 1500/1655/2272 1493/1658/2265 1491/1659/2277
f 1491/1659/2277 1501/1656/2278 1500/1655/2272
f 1499/1651/2279 1496/1650/2266 1495/1654/2276
f 1495/1654/2280 1502/1657/2281 1499/1651/2279
f 1508/1660/2282 1516/1661/2283 1512/1662/2284
f 1512/1662/2284 1511/1663/2285 1508/1660/2282
f 1516/1661/2286 1524/1664/2287 1503/1665/2288
f 1503/1665/2289 1512/1662/2284 1516/1661/2283
f 1524/1666/2290 1523/1667/2291 1504/1668/2292
f 1504/1668/2292 1503/1669/2288 1524/1666/2293
f 1569/1670/2294 1506/1671/2295 1505/1672/2296
f 1569/1670/2297 1507/1673/2298 1510/1674/2299
f 1510/1674/2299 1568/1675/2300 1569/1670/2297
f 1507/1673/2298 1509/1676/2301 1513/1677/2302
f 1513/1677/2302 1510/1674/2299 1507/1673/2298
f 1511/1663/2285 1512/1662/2284 1513/1677/2302
f 1513/1677/2302 1509/1676/2301 1511/1663/2285
f 1518/1678/2303 1517/1679/2304 1514/1680/2305
f 1514/1680/2305 1515/1681/2306 1518/1678/2303
f 1516/1661/2283 1508/1660/2282 1517/1679/2304
f 1517/1679/2304 1518/1678/2307 1516/1661/2283
f 1510/1682/2299 1519/1683/2308 1520/1684/2309
f 1520/1684/2309 1568/1685/2300 1510/1682/2299
f 1510/1674/2299 1513/1677/2302 1521/1686/2310
f 1521/1686/2310 1519/1687/2308 1510/1674/2299
f 1512/1662/2311 1503/1665/2312 1521/1686/2310
f 1521/1686/2310 1513/1677/2302 1512/1662/2284
f 1525/1688/2313 1518/1678/2307 1515/1681/2306
f 1515/1681/2314 1522/1689/2315 1525/1688/2313
f 1524/1664/2316 1516/1661/2286 1518/1678/2307
f 1518/1678/2307 1525/1688/2313 1524/1664/2287
f 1526/1690/2317 1525/1691/2318 1522/1692/2315
f 1522/1692/2315 1528/1693/2319 1526/1690/2317
f 1523/1667/2320 1524/1666/2287 1525/1691/2313
f 1525/1691/2313 1526/1690/2317 1523/1667/2320
f 1515/1681/2314 1514/1680/2305 1585/1694/2321
f 1585/1694/2321 1583/1695/2322 1515/1681/2314
f 1522/1689/2315 1515/1681/2314 1583/1695/2322
f 1583/1695/2322 1527/1696/2323 1522/1689/2315
f 1528/1693/2319 1522/1692/2315 1527/1697/2324
f 1527/1697/2323 1529/1698/2325 1528/1693/2319
f 1536/1699/2326 1573/1700/2327 1556/1701/2328
f 1556/1701/2329 1555/1702/2330 1536/1699/2326
f 1535/1703/2331 1536/1699/2326 1555/1702/2330
f 1561/1704/2332 1535/1703/2333 1560/1705/2334
f 1560/1705/2334 1537/1706/2335 1561/1704/2336
f 1564/1707/2337 1561/1704/2338 1537/1706/2335
f 1537/1706/2339 1538/1708/2340 1564/1707/2337
f 1539/1709/2341 1564/1707/2337 1538/1708/2342
f 1538/1708/2343 1563/1710/2344 1539/1709/2341
f 1565/1711/2345 1540/1712/2346 1539/1709/2341
f 1539/1709/2341 1563/1710/2347 1565/1711/2345
f 1567/1713/2348 1541/1714/2349 1540/1712/2346
f 1566/1715/2350 1570/1716/2351 1541/1714/2349
f 1541/1714/2349 1567/1713/2352 1566/1715/2353
f 1570/1716/2351 1566/1715/2353 1542/1717/2354
f 1543/1718/2355 1572/1719/2356 1544/1720/2357
f 1545/1721/2358 1544/1720/2357 1572/1719/2356
f 1572/1719/2356 1571/1722/2359 1545/1721/2360
f 1573/1700/2327 1545/1721/2361 1571/1722/2362
f 1571/1722/2362 1556/1701/2328 1573/1700/2327
f 1568/1685/2300 1520/1684/2309 1554/1723/2363
f 1558/1724/2364 1560/1725/2334 1555/1726/2365
f 1555/1726/2330 1557/1727/2366 1558/1724/2367
f 1559/1728/2368 1537/1729/2339 1560/1725/2334
f 1560/1725/2369 1558/1724/2367 1559/1728/2368
f 1562/1730/2370 1538/1731/2371 1537/1729/2372
f 1537/1729/2372 1559/1728/2368 1562/1730/2370
f 1563/1732/2344 1538/1731/2342 1562/1730/2373
f 1562/1730/2370 1680/1733/2374 1563/1732/2344
f 1541/1734/2349 1568/1685/2300 1552/1735/2375
f 1575/1736/2376 1574/1737/2377 1581/1738/2378
f 1578/1739/2379 1582/1740/2380 1579/1741/2381
f 1579/1741/2381 1766/1742/2382 1578/1739/2379
f 1580/1743/2383 1578/1744/2379 1766/1745/2382
f 1766/1745/2384 1581/1738/2378 1580/1743/2383
f 1529/1698/2325 1527/1697/2323 1578/1744/2385
f 1578/1744/2385 1580/1743/2383 1529/1698/2325
f 1582/1740/2380 1578/1739/2379 1527/1696/2323
f 1527/1696/2324 1583/1695/2322 1582/1740/2380
f 1584/1746/2386 1582/1740/2380 1583/1695/2387
f 1583/1695/2388 1585/1694/2321 1584/1746/2386
f 1551/1747/2389 1550/1748/2390 1532/1749/2391
f 1532/1749/2392 1586/1750/2393 1551/1747/2394
f 1548/1751/2395 1551/1747/2389 1586/1750/2393
f 1586/1750/2396 1587/1752/2397 1548/1751/2395
f 1549/1753/2398 1548/1751/2395 1587/1752/2397
f 1587/1752/2397 1531/1754/2399 1549/1753/2398
f 1546/1755/2400 1549/1753/2401 1531/1754/2402
f 1531/1754/2399 1588/1756/2403 1546/1755/2404
f 1547/1757/2405 1546/1755/2404 1588/1756/2403
f 1588/1756/2403 1530/1758/2406 1547/1757/2405
f 1589/1759/2407 1547/1757/2405 1530/1758/2408
f 1534/1760/2409 1533/1761/2410 1590/1762/2411
f 1591/1763/2412 1590/1762/2413 1533/1761/2410
f 1593/1764/2414 1553/1765/2415 1592/1766/2416
f 1584/1746/2386 1594/1767/2417 1595/1768/2418
f 1595/1768/2419 1582/1740/2380 1584/1746/2386
f 1600/1769/2420 1596/1770/2421 1613/1771/2422
f 1596/1770/2423 1600/1769/2420 1604/1772/2424
f 1613/1771/2425 1616/1773/2426 1618/1774/2427
f 1616/1773/2428 1613/1771/2429 1596/1770/2423
f 1618/1774/2427 1734/1775/2430 1732/1776/2431
f 1734/1775/2430 1618/1774/2427 1616/1773/2426
f 1625/1777/2432 1742/1778/2433 1745/1779/2434
f 1742/1778/2433 1625/1777/2432 1736/1780/2435
f 1744/1781/2436 1628/1782/2437 1597/1783/2438
f 1628/1782/2439 1744/1781/2440 1743/1784/2441
f 1601/1785/2442 1603/1786/2443 1602/1787/2444
f 1603/1786/2445 1601/1785/2442 1674/1788/2446
f 1599/1789/2447 1602/1787/2444 1608/1790/2448
f 1602/1787/2444 1599/1789/2449 1601/1785/2442
f 1604/1772/2450 1608/1790/2451 1596/1770/2423
f 1608/1790/2448 1604/1772/2424 1599/1789/2447
f 1612/1791/2452 1605/1792/2453 1606/1793/2454
f 1605/1792/2453 1612/1791/2452 1611/1794/2455
f 1613/1771/2425 1606/1793/2456 1600/1769/2457
f 1606/1793/2456 1613/1771/2458 1612/1791/2452
f 1603/1786/2459 1614/1795/2460 1602/1787/2461
f 1614/1795/2460 1603/1786/2443 1607/1796/2462
f 1608/1790/2448 1614/1795/2463 1609/1797/2464
f 1614/1795/2460 1608/1790/2451 1602/1787/2444
f 1596/1770/2423 1609/1797/2464 1616/1773/2426
f 1609/1797/2464 1596/1770/2423 1608/1790/2465
f 1610/1798/2466 1611/1794/2455 1612/1791/2467
f 1611/1794/2455 1610/1798/2468 1617/1799/2469
f 1618/1774/2470 1612/1791/2452 1613/1771/2429
f 1612/1791/2452 1618/1774/2427 1610/1798/2466
f 1614/1795/2463 1621/1800/2471 1615/1801/2472
f 1621/1800/2471 1614/1795/2473 1607/1796/2462
f 1609/1797/2464 1615/1801/2472 1738/1802/2474
f 1615/1801/2472 1609/1797/2464 1614/1795/2460
f 1616/1773/2426 1738/1802/2474 1734/1775/2430
f 1738/1802/2474 1616/1773/2475 1609/1797/2476
f 1619/1803/2477 1617/1799/2469 1610/1798/2466
f 1619/1803/2477 1618/1774/2478 1732/1776/2431
f 1618/1774/2478 1619/1803/2477 1610/1798/2466
f 1615/1801/2472 1620/1804/2479 1739/1805/2480
f 1620/1804/2479 1615/1801/2472 1621/1800/2471
f 1735/1806/2481 1740/1807/2482 1622/1808/2483
f 1740/1807/2482 1735/1806/2481 1737/1809/2484
f 1736/1780/2435 1622/1808/2485 1742/1778/2486
f 1622/1808/2487 1736/1780/2435 1735/1806/2488
f 1623/1810/2489 1746/1811/2490 1733/1812/2491
f 1746/1811/2490 1623/1810/2492 1624/1813/2493
f 1745/1779/2494 1733/1812/2495 1625/1777/2432
f 1733/1812/2495 1745/1779/2494 1623/1810/2496
f 1620/1804/2479 1626/1814/2497 1739/1805/2480
f 1739/1805/2480 1627/1815/2498 1741/1816/2499
f 1627/1815/2498 1739/1805/2480 1626/1814/2497
f 1743/1784/2441 1627/1815/2498 1628/1782/2437
f 1627/1815/2498 1743/1784/2441 1741/1816/2499
f 1630/1817/2500 1633/1818/2501 1629/1819/2502
f 1633/1818/2503 1630/1817/2500 1634/1820/2504
f 1597/1783/2438 1629/1819/2502 1744/1781/2436
f 1629/1819/2502 1597/1783/2438 1630/1817/2500
f 1611/1794/2455 1631/1821/2505 1605/1792/2453
f 1631/1821/2506 1611/1794/2455 1692/1822/2507
f 1617/1799/2469 1692/1822/2507 1611/1794/2508
f 1692/1822/2507 1617/1799/2469 1700/1823/2509
f 1700/1823/2509 1632/1824/2510 1699/1825/2511
f 1633/1818/2501 1699/1825/2511 1632/1824/2510
f 1699/1825/2511 1633/1818/2512 1697/1826/2513
f 1694/1827/2514 1633/1818/2501 1634/1820/2504
f 1633/1818/2512 1694/1827/2515 1697/1826/2516
f 1747/1828/2517 1640/1829/2518 1635/1830/2519
f 1635/1830/2519 1640/1829/2518 1763/1831/2520
f 1763/1831/2520 1640/1829/2518 1636/1832/2521
f 1636/1832/2522 1640/1829/2518 1760/1833/2523
f 1760/1833/2523 1640/1829/2524 1638/1834/2525
f 1757/1835/2526 1639/1836/2527 1640/1829/2518
f 1639/1836/2527 1757/1835/2528 1641/1837/2529
f 1757/1835/2526 1640/1829/2518 1752/1838/2530
f 1752/1838/2531 1640/1829/2518 1753/1839/2532
f 1753/1839/2532 1640/1829/2524 1750/1840/2533
f 1750/1840/2534 1640/1829/2518 1642/1841/2535
f 1642/1841/2535 1640/1829/2518 1747/1828/2517
f 1648/1842/2536 1644/1843/2537 1643/1844/2538
f 1644/1843/2537 1648/1842/2539 1645/1845/2540
f 1645/1845/2540 1646/1846/2541 1644/1843/2537
f 1646/1846/2541 1645/1845/2540 1762/1847/2542
f 1762/1847/2543 1650/1848/2544 1646/1846/2541
f 1650/1848/2545 1762/1847/2542 1647/1849/2546
f 1647/1849/2547 1651/1850/2548 1650/1848/2549
f 1651/1850/2548 1647/1849/2547 1761/1851/2550
f 1759/1852/2551 1651/1850/2548 1761/1851/2550
f 1651/1850/2548 1759/1852/2552 1652/1853/2553
f 1673/1854/2554 1652/1853/2555 1759/1852/2552
f 1652/1853/2556 1673/1854/2557 1672/1855/2558
f 1656/1856/2559 1751/1857/2560 1749/1858/2561
f 1643/1844/2538 1748/1859/2562 1648/1842/2536
f 1644/1843/2537 1658/1860/2563 1643/1844/2564
f 1658/1860/2563 1644/1843/2537 1649/1861/2565
f 1646/1846/2541 1649/1861/2565 1644/1843/2537
f 1649/1861/2566 1646/1846/2541 1728/1862/2567
f 1650/1848/2545 1728/1862/2568 1646/1846/2569
f 1728/1862/2567 1650/1848/2545 1726/1863/2570
f 1651/1850/2571 1726/1863/2572 1650/1848/2545
f 1726/1863/2573 1651/1850/2548 1653/1864/2574
f 1652/1853/2556 1653/1864/2575 1651/1850/2548
f 1653/1864/2576 1652/1853/2553 1667/1865/2577
f 1672/1855/2558 1667/1865/2578 1652/1853/2553
f 1667/1865/2578 1672/1855/2579 1654/1866/2580
f 1657/1867/2581 1655/1868/2582 1656/1856/2559
f 1730/1869/2583 1643/1844/2538 1658/1860/2584
f 1721/1870/2585 1729/1871/2586 1662/1872/2587
f 1727/1873/2588 1721/1870/2585 1662/1872/2587
f 1721/1870/2585 1727/1873/2589 1722/1874/2590
f 1664/1875/2591 1722/1874/2590 1727/1873/2589
f 1722/1874/2590 1664/1875/2591 1663/1876/2592
f 1725/1877/2593 1663/1876/2594 1664/1875/2591
f 1663/1876/2592 1725/1877/2593 1666/1878/2595
f 1665/1879/2596 1725/1877/2593 1724/1880/2597
f 1725/1877/2593 1665/1879/2598 1666/1878/2599
f 1683/1881/2600 1667/1882/2601 1654/1883/2580
f 1667/1882/2578 1683/1881/2600 1681/1884/2602
f 1758/1885/2603 1670/1886/2604 1620/1804/2479
f 1670/1886/2604 1758/1885/2603 1756/1887/2605
f 1621/1800/2471 1758/1885/2603 1620/1804/2606
f 1607/1796/2462 1671/1888/2607 1621/1800/2471
f 1672/1855/2558 1607/1796/2462 1603/1786/2443
f 1607/1796/2462 1672/1855/2579 1673/1854/2608
f 1674/1788/2446 1672/1855/2579 1603/1786/2445
f 1672/1855/2609 1674/1788/2610 1654/1866/2580
f 1654/1883/2580 1598/1889/2611 1683/1881/2600
f 1684/1890/2612 1719/1891/2613 1675/1892/2614
f 1719/1891/2615 1684/1890/2616 1676/1893/2617
f 1719/1891/2618 1659/1894/2619 1675/1892/2614
f 1659/1894/2619 1719/1891/2615 1677/1895/2620
f 1677/1895/2620 1678/1896/2621 1659/1894/2622
f 1678/1896/2621 1677/1895/2620 1679/1897/2623
f 1678/1896/2621 1723/1898/2624 1660/1899/2625
f 1723/1898/2626 1678/1896/2621 1679/1897/2627
f 1723/1898/2626 1661/1900/2628 1660/1899/2629
f 1661/1900/2630 1723/1898/2624 1681/1884/2602
f 1681/1884/2602 1682/1901/2631 1661/1900/2630
f 1682/1901/2631 1681/1884/2602 1683/1881/2600
f 1687/1902/2632 1718/1903/2633 1716/1904/2634
f 1718/1903/2633 1687/1902/2632 1685/1905/2635
f 1685/1905/2636 1712/1906/2637 1718/1903/2633
f 1712/1906/2638 1685/1905/2635 1713/1907/2639
f 1686/1908/2640 1687/1902/2632 1716/1904/2634
f 1687/1902/2632 1686/1908/2640 1715/1909/2641
f 1767/1910/2642 1690/1911/2643 1688/1912/2644
f 1705/1913/2645 1690/1911/2646 1689/1914/2647
f 1690/1911/2643 1705/1913/2648 1688/1912/2644
f 1701/1915/2649 1690/1911/2646 1702/1916/2650
f 1690/1911/2643 1701/1915/2651 1689/1914/2652
f 1703/1917/2653 1701/1915/2654 1698/1918/2655
f 1701/1915/2656 1703/1917/2657 1689/1914/2652
f 1691/1919/2658 1698/1918/2655 1696/1920/2659
f 1698/1918/2660 1691/1919/2658 1703/1917/2653
f 1695/1921/2661 1691/1919/2658 1696/1920/2659
f 1692/1822/2507 1693/1922/2662 1631/1821/2506
f 1696/1920/2659 1694/1827/2515 1695/1921/2661
f 1694/1827/2514 1696/1920/2659 1697/1826/2663
f 1698/1918/2655 1697/1826/2663 1696/1920/2659
f 1697/1826/2663 1698/1918/2655 1699/1825/2511
f 1700/1823/2509 1698/1918/2655 1701/1915/2654
f 1698/1918/2655 1700/1823/2509 1699/1825/2511
f 1701/1915/2656 1692/1822/2664 1700/1823/2509
f 1692/1822/2507 1701/1915/2654 1702/1916/2665
f 1704/1923/2666 1691/1919/2658 1711/1924/2667
f 1691/1919/2658 1704/1923/2668 1703/1917/2657
f 1689/1914/2652 1704/1923/2668 1706/1925/2669
f 1704/1923/2668 1689/1914/2647 1703/1917/2657
f 1705/1913/2645 1706/1925/2670 1714/1926/2671
f 1706/1925/2669 1705/1913/2648 1689/1914/2652
f 1708/1927/2672 1714/1926/2671 1707/1928/2673
f 1714/1926/2671 1708/1927/2672 1705/1913/2648
f 1686/1908/2640 1707/1928/2674 1715/1909/2641
f 1707/1928/2674 1686/1908/2640 1710/1929/2675
f 1716/1904/2634 1710/1929/2675 1686/1908/2676
f 1710/1929/2675 1716/1904/2634 1709/1930/2677
f 1718/1903/2633 1709/1930/2678 1716/1904/2634
f 1709/1930/2678 1718/1903/2679 1717/1931/2680
f 1711/1924/2667 1718/1903/2633 1712/1906/2637
f 1718/1903/2633 1711/1924/2667 1717/1931/2681
f 1719/1932/2615 1720/1933/2682 1721/1934/2585
f 1720/1933/2683 1719/1932/2615 1676/1935/2617
f 1677/1936/2620 1721/1934/2585 1722/1937/2684
f 1721/1934/2585 1677/1936/2620 1719/1932/2615
f 1679/1938/2627 1722/1937/2590 1663/1939/2594
f 1722/1937/2590 1679/1938/2627 1677/1936/2685
f 1723/1940/2626 1663/1939/2594 1666/1941/2599
f 1663/1939/2592 1723/1940/2626 1679/1938/2627
f 1665/1942/2686 1723/1940/2626 1666/1941/2599
f 1723/1940/2626 1665/1942/2598 1681/1943/2687
f 1667/1882/2601 1665/1879/2688 1724/1880/2689
f 1665/1879/2686 1667/1882/2577 1681/1884/2687
f 1731/1944/2690 1668/1945/2691 1669/1946/2692
f 1676/1935/2617 1669/1946/2692 1720/1933/2693
f 1669/1946/2692 1676/1935/2617 1731/1944/2690
f 1740/1807/2694 1741/1816/2499 1622/1808/2695
f 1741/1816/2499 1740/1807/2696 1739/1805/2697
f 1622/1808/2698 1743/1784/2441 1742/1778/2486
f 1743/1784/2441 1622/1808/2698 1741/1816/2499
f 1745/1779/2494 1743/1784/2441 1744/1781/2440
f 1743/1784/2441 1745/1779/2494 1742/1778/2486
f 1623/1810/2496 1744/1781/2440 1629/1819/2502
f 1744/1781/2440 1623/1810/2489 1745/1779/2699
f 1624/1813/2700 1629/1819/2502 1633/1818/2512
f 1629/1819/2502 1624/1813/2493 1623/1810/2489
f 1746/1811/2701 1633/1818/2501 1632/1824/2510
f 1633/1818/2501 1746/1811/2490 1624/1813/2493
f 1747/1828/2517 1748/1859/2562 1642/1841/2535
f 1642/1841/2535 1749/1858/2561 1750/1840/2534
f 1753/1839/2702 1749/1858/2561 1751/1857/2560
f 1749/1858/2561 1753/1839/2532 1750/1840/2533
f 1752/1838/2531 1751/1857/2560 1755/1947/2703
f 1751/1857/2560 1752/1838/2531 1753/1839/2702
f 1752/1838/2531 1754/1948/2704 1757/1835/2526
f 1754/1948/2704 1752/1838/2705 1755/1947/2703
f 1641/1837/2529 1754/1948/2706 1756/1887/2707
f 1754/1948/2708 1641/1837/2529 1757/1835/2528
f 1641/1837/2529 1758/1885/2603 1639/1836/2527
f 1758/1885/2603 1641/1837/2529 1756/1887/2709
f 1637/1949/2710 1758/1885/2603 1671/1888/2607
f 1576/1950/2711 1575/1736/2712 1577/1951/2713
f 1577/1951/2713 1764/1952/2714 1576/1950/2715
f 1765/1953/2716 1577/1951/2713 1575/1736/2712
f 1575/1736/2712 1581/1738/2717 1765/1953/2716
f 1769/1954/2718 1768/1955/2719 1778/1956/2720
f 1778/1956/2720 1785/1957/2721 1769/1954/2718
f 1768/1955/2719 1769/1954/2718 1775/1958/2722
f 1777/1959/2723 1771/1960/2724 1770/1961/2725
f 1773/1962/2726 1770/1961/2727 1771/1960/2728
f 1771/1960/2724 1772/1963/2729 1773/1962/2726
f 1774/1964/2730 1776/1965/2731 1769/1966/2732
f 1769/1966/2718 1785/1967/2721 1774/1964/2730
f 1777/1968/2733 1776/1965/2734 1771/1969/2724
f 1775/1970/2735 1769/1966/2718 1776/1965/2731
f 1771/1969/2724 1776/1965/2731 1774/1964/2730
f 1774/1964/2730 1772/1971/2729 1771/1969/2724
f 1779/1972/2736 1778/1956/2720 1784/1973/2737
f 1778/1956/2720 1779/1972/2736 1785/1957/2721
f 1780/1974/2738 1784/1973/2737 1783/1975/2739
f 1784/1973/2740 1780/1974/2738 1779/1972/2736
f 1781/1976/2741 1782/1977/2742 1786/1978/2743
f 1773/1962/2726 1786/1978/2744 1782/1977/2745
f 1786/1978/2743 1773/1962/2726 1772/1963/2729
f 1774/1964/2730 1779/1979/2746 1787/1980/2747
f 1779/1979/2736 1774/1964/2730 1785/1967/2721
f 1781/1981/2748 1786/1982/2743 1787/1980/2749
f 1780/1983/2750 1787/1980/2747 1779/1979/2736
f 1786/1982/2743 1774/1964/2730 1787/1980/2747
f 1774/1964/2730 1786/1982/2743 1772/1971/2729
f 1788/1984/2751 1789/1985/2752 1791/1986/2753
f 1789/1985/2752 1790/1987/2754 1791/1986/2753
f 1795/1988/2755 1794/1989/2756 1802/1990/2757
f 1802/1990/2758 1804/1991/2759 1795/1988/2760
f 1796/1992/2761 1811/1993/2762 1805/1994/2763
f 1805/1994/2764 1793/1995/2765 1796/1992/2766
f 1806/1996/2767 1811/1997/2768 1796/1998/2766
f 1796/1998/2761 1792/1999/2769 1806/1996/2770
f 1798/2000/2771 1794/1989/2772 1795/1988/2773
f 1795/1988/2755 1799/2001/2774 1798/2000/2775
f 1810/2002/2776 1801/2003/2777 1805/1994/2763
f 1805/1994/2763 1811/1993/2778 1810/2002/2779
f 1797/2004/2780 1798/2000/2775 1799/2001/2774
f 1799/2001/2781 1808/2005/2782 1797/2004/2780
f 1800/2006/2783 1807/2007/2784 1801/2003/2777
f 1801/2003/2777 1810/2002/2776 1800/2006/2785
f 1800/2008/2786 1810/2009/2787 1809/2010/2788
f 1809/2010/2788 1803/2011/2789 1800/2008/2785
f 1795/1988/2790 1804/1991/2759 1793/1995/2791
f 1793/1995/2791 1805/1994/2764 1795/1988/2760
f 1799/2001/2774 1795/1988/2755 1805/1994/2763
f 1805/1994/2763 1801/2003/2777 1799/2001/2774
f 1807/2007/2792 1808/2005/2793 1799/2001/2781
f 1799/2001/2774 1801/2003/2777 1807/2007/2794
f 1815/2012/2795 1829/2013/2796 1819/2014/2797
f 1819/2014/2797 1818/2015/2798 1815/2012/2795
f 1830/2016/2799 1829/2017/2796 1815/2018/2795
f 1815/2018/2795 1820/2019/2800 1830/2016/2799
f 1828/2020/2801 1816/2021/2802 1819/2014/2797
f 1819/2014/2797 1829/2013/2796 1828/2020/2803
f 1816/2021/2802 1828/2020/2801 1817/2022/2804
f 1817/2023/2804 1828/2024/2801 1821/2025/2805
f 1821/2025/2805 1813/2026/2806 1817/2023/2807
f 1831/2027/2808 1830/2016/2799 1820/2019/2809
f 1820/2019/2800 1812/2028/2810 1831/2027/2811
f 1822/2029/2812 1813/2026/2813 1821/2025/2814
f 1821/2025/2814 1826/2030/2815 1822/2029/2812
f 1814/2031/2816 1824/2032/2817 1825/2033/2818
f 1832/2034/2819 1833/2035/2820 1827/2036/2821
f 1827/2036/2822 1823/2037/2823 1832/2034/2819
f 1838/2038/2824 1835/2039/2825 1837/2040/2826
f 1837/2040/2827 1846/2041/2828 1838/2038/2829
f 1845/2042/2830 1854/2043/2831 1849/2044/2832
f 1849/2044/2832 1848/2045/2833 1845/2042/2834
f 1855/2046/2835 1854/2047/2831 1845/2048/2830
f 1845/2048/2836 1844/2049/2837 1855/2046/2838
f 1839/2050/2839 1835/2039/2840 1838/2038/2824
f 1838/2038/2824 1841/2051/2841 1839/2050/2839
f 1851/2052/2842 1840/2053/2843 1849/2044/2832
f 1849/2044/2832 1854/2043/2831 1851/2052/2844
f 1836/2054/2845 1839/2050/2846 1841/2051/2847
f 1841/2051/2841 1850/2055/2848 1836/2054/2849
f 1847/2056/2850 1842/2057/2851 1840/2053/2843
f 1840/2053/2852 1851/2052/2853 1847/2056/2854
f 1847/2058/2850 1851/2059/2855 1843/2060/2856
f 1843/2060/2856 1834/2061/2857 1847/2058/2858
f 1838/2038/2829 1846/2041/2828 1848/2045/2859
f 1848/2045/2833 1849/2044/2832 1838/2038/2824
f 1841/2051/2847 1838/2038/2829 1849/2044/2832
f 1849/2044/2832 1840/2053/2843 1841/2051/2847
f 1842/2057/2860 1850/2055/2861 1841/2051/2862
f 1841/2051/2847 1840/2053/2852 1842/2057/2863
f 1856/2062/2864 1853/2063/2865 1852/2064/2866
f 1852/2064/2867 1857/2065/2868 1856/2062/2869
f 1865/2066/2870 1874/2067/2871 1858/2068/2872
f 1858/2068/2872 1861/2069/2873 1865/2066/2874
f 1870/2070/2875 1862/2071/2876 1859/2072/2877
f 1859/2072/2877 1866/2073/2878 1870/2070/2875
f 1873/2074/2879 1859/2072/2880 1862/2071/2876
f 1862/2071/2876 1863/2075/2881 1873/2074/2882
f 1874/2067/2883 1865/2066/2874 1870/2070/2875
f 1870/2070/2875 1866/2073/2884 1874/2067/2871
f 1873/2074/2879 1863/2075/2885 1867/2076/2886
f 1867/2076/2887 1868/2077/2888 1873/2074/2889
f 1875/2078/2890 1884/2079/2891 1871/2080/2892
f 1871/2080/2893 1876/2081/2894 1875/2078/2895
f 1877/2082/2896 1875/2078/2890 1876/2081/2897
f 1878/2083/2898 1882/2084/2899 1875/2078/2890
f 1875/2078/2890 1877/2082/2896 1878/2083/2900
f 1860/2085/2901 1879/2086/2902 1882/2084/2903
f 1882/2084/2899 1878/2083/2900 1860/2085/2901
f 1869/2087/2904 1879/2086/2902 1860/2085/2905
f 1883/2088/2906 1879/2086/2907 1869/2087/2908
f 1869/2087/2909 1880/2089/2910 1883/2088/2906
f 1872/2090/2911 1884/2079/2912 1881/2091/2913
f 1881/2091/2913 1864/2092/2914 1872/2090/2911
f 1871/2080/2892 1884/2079/2891 1872/2090/2911
f 1888/2093/2915 1887/2094/2916 1885/2095/2917
f 1885/2095/2918 1886/2096/2919 1888/2093/2915
f 1892/2097/2920 1891/2098/2921 1890/2099/2922
f 1890/2099/2922 1889/2100/2923 1892/2097/2924
f 1896/2101/2925 1894/2102/2926 1895/2103/2927
f 1895/2103/2927 1893/2104/2928 1896/2101/2929
f 1897/2105/2930 1898/2106/2931 1900/2107/2932
f 1900/2107/2933 1899/2108/2934 1897/2105/2930
f 1900/2109/2932 1898/2110/2931 1901/2111/2935
f 1901/2111/2936 1902/2112/2937 1900/2109/2938
f 1904/2113/2939 1905/2114/2940 1941/2115/2941
f 1941/2115/2941 1922/2116/2942 1904/2113/2943
f 1915/2117/2944 1932/2118/2945 1910/2119/2946
f 1910/2119/2946 1916/2120/2947 1915/2117/2944
f 1922/2116/2942 1940/2121/2948 1939/2122/2949
f 1939/2122/2950 1914/2123/2951 1922/2116/2942
f 1915/2117/2952 1916/2120/2947 1920/2124/2953
f 1920/2124/2953 1913/2125/2954 1915/2117/2944
f 1942/2126/2955 1923/2127/2956 1903/2128/2957
f 1903/2128/2958 1924/2129/2959 1942/2126/2960
f 1926/2130/2961 1942/2126/2962 1924/2129/2963
f 1926/2130/2964 1917/2131/2965 1925/2132/2966
f 1925/2132/2967 1942/2126/2962 1926/2130/2968
f 1908/2133/2969 1931/2134/2970 1927/2135/2971
f 1927/2135/2972 1906/2136/2973 1908/2133/2969
f 1907/2137/2974 1931/2134/2975 1908/2133/2969
f 1911/2138/2976 1928/2139/2977 1931/2134/2970
f 1931/2134/2975 1907/2137/2978 1911/2138/2979
f 1921/2140/2980 1923/2127/2981 1930/2141/2982
f 1930/2141/2983 1912/2142/2984 1921/2140/2985
f 1903/2128/2986 1923/2127/2981 1921/2140/2987
f 1935/2143/2988 1934/2144/2989 1910/2119/2946
f 1910/2119/2990 1932/2118/2945 1935/2143/2991
f 1935/2143/2988 1932/2118/2992 1933/2145/2993
f 1919/2146/2994 1918/2147/2995 1929/2148/2996
f 1938/2149/2997 1937/2150/2998 1936/2151/2999
f 1932/2118/2945 1943/2152/3000 1933/2145/3001
f 1932/2118/2945 1914/2123/3002 1939/2122/2950
f 1939/2122/2949 1943/2152/3000 1932/2118/2945
f 1922/2116/2942 1941/2115/3003 1940/2121/3004
f 1905/2114/2940 1909/2153/3005 1941/2115/3003
f 1945/2154/3006 1944/2155/3007 1956/2156/3008
f 1956/2156/3009 1949/2157/3010 1945/2154/3011
f 1948/2158/3012 1946/2159/3013 1957/2160/3014
f 1957/2160/3015 1947/2161/3016 1948/2158/3017
f 1963/2162/3018 1946/2159/3013 1948/2158/3019
f 1948/2158/3019 1955/2163/3020 1963/2162/3018
f 1958/2164/3021 1951/2165/3022 1945/2154/3023
f 1945/2154/3023 1949/2157/3010 1958/2164/3024
f 1953/2166/3025 1952/2167/3026 1957/2160/3014
f 1957/2160/3014 1946/2159/3013 1953/2166/3025
f 1959/2168/3027 1950/2169/3028 1951/2165/3029
f 1951/2165/3029 1958/2164/3021 1959/2168/3030
f 1954/2170/3031 1960/2171/3032 1952/2167/3033
f 1952/2167/3026 1953/2166/3025 1954/2170/3034
f 1961/2172/3035 1962/2173/3036 1954/2170/3034
f 1949/2174/3010 1956/2175/3037 1947/2161/3016
f 1947/2161/3016 1957/2160/3014 1949/2174/3010
f 1958/2176/3024 1949/2174/3010 1957/2160/3014
f 1957/2160/3014 1952/2167/3033 1958/2176/3021
f 1960/2171/3038 1959/2177/3039 1958/2176/3021
f 1958/2176/3021 1952/2167/3026 1960/2171/3032
f 1964/2178/3040 1967/2179/3041 1980/2180/3042
f 1980/2180/3042 1975/2181/3043 1964/2178/3040
f 1965/2182/3044 1966/2183/3045 1980/2180/3042
f 1980/2180/3046 1967/2179/3047 1965/2182/3048
f 1974/2184/3049 1976/2185/3050 1966/2183/3045
f 1966/2183/3051 1965/2182/3044 1974/2184/3052
f 1967/2179/3047 1964/2178/3040 1972/2186/3053
f 1972/2186/3053 1978/2187/3054 1967/2179/3047
f 1979/2188/3055 1965/2182/3044 1967/2179/3047
f 1967/2179/3041 1978/2187/3056 1979/2188/3057
f 1969/2189/3058 1974/2184/3049 1965/2182/3048
f 1965/2182/3044 1979/2188/3055 1969/2189/3059
f 1973/2190/3060 1981/2191/3061 1966/2183/3051
f 1978/2192/3056 1972/2193/3053 1977/2194/3062
f 1977/2194/3062 1968/2195/3063 1978/2192/3054
f 1979/2196/3055 1978/2192/3054 1968/2195/3063
f 1968/2195/3063 1971/2197/3064 1979/2196/3055
f 1970/2198/3065 1969/2199/3059 1979/2196/3055
f 1979/2196/3055 1971/2197/3064 1970/2198/3066
f 1985/2200/3067 1984/2201/3068 1988/2202/3069
f 1988/2202/3070 1992/2203/3071 1985/2200/3072
f 1990/2204/3073 1989/2205/3074 1993/2206/3075
f 1993/2206/3075 1982/2207/3076 1990/2204/3077
f 1991/2208/3078 1986/2209/3079 1985/2200/3080
f 1985/2200/3080 1992/2203/3081 1991/2208/3078
f 1995/2210/3082 1997/2211/3083 1993/2206/3084
f 1993/2206/3085 1989/2205/3074 1995/2210/3082
f 1994/2212/3086 1987/2213/3087 1986/2209/3088
f 1986/2209/3088 1991/2208/3089 1994/2212/3090
f 1996/2214/3091 1983/2215/3092 1997/2211/3093
f 1997/2211/3083 1995/2210/3082 1996/2214/3091
f 1992/2216/3094 1988/2217/3070 1982/2207/3076
f 1982/2207/3095 1993/2206/3084 1992/2216/3096
f 1991/2218/3089 1992/2216/3071 1993/2206/3084
f 1993/2206/3084 1997/2211/3093 1991/2218/3078
f 1983/2215/3097 1994/2219/3098 1991/2218/3089
f 1991/2218/3078 1997/2211/3083 1983/2215/3099
f 2001/2220/3100 1998/2221/3101 1999/2222/3102
f 1999/2222/3103 2000/2223/3104 2001/2220/3105
f 2008/2224/3106 2027/2225/3107 2004/2226/3108
f 2004/2226/3109 2009/2227/3110 2008/2224/3106
f 2006/2228/3111 2015/2229/3112 2016/2230/3113
f 2016/2230/3113 2007/2231/3114 2006/2228/3111
f 2017/2232/3115 2015/2229/3112 2006/2228/3111
f 2006/2228/3111 2005/2233/3116 2017/2232/3115
f 2002/2234/3117 2017/2232/3118 2005/2233/3119
f 2005/2233/3119 2014/2235/3120 2002/2234/3121
f 2021/2236/3122 2020/2237/3123 2019/2238/3124
f 2019/2238/3125 2018/2239/3126 2021/2236/3127
f 2003/2240/3128 2020/2237/3123 2021/2236/3122
f 2021/2236/3122 2022/2241/3129 2003/2240/3128
f 2024/2242/3130 2010/2243/3131 2023/2244/3132
f 2023/2244/3133 2012/2245/3134 2024/2242/3130
f 2024/2242/3130 2013/2246/3135 2025/2247/3136
f 2025/2247/3137 2010/2243/3131 2024/2242/3130
f 2012/2245/3134 2023/2244/3133 2026/2248/3138
f 2026/2248/3139 2011/2249/3140 2012/2245/3141
f 2008/2224/3106 2025/2247/3137 2013/2246/3135
f 2013/2246/3135 2027/2225/3107 2008/2224/3142
f 2030/2250/3143 2028/2251/3144 2029/2252/3145
f 2029/2252/3146 2031/2253/3147 2030/2250/3148
f 2034/2254/3149 2032/2255/3150 2033/2256/3151
f 2033/2256/3152 2035/2257/3153 2034/2254/3149
f 2077/2258/3154 2036/2259/3155 2037/2260/3156
f 2037/2260/3157 2066/2261/3158 2077/2258/3154
f 2040/2262/3159 2038/2263/3160 2039/2264/3161
f 2039/2264/3162 2041/2265/3163 2040/2262/3164
f 2044/2266/3165 2045/2267/3166 2079/2268/3167
f 2079/2268/3168 2046/2269/3169 2044/2266/3165
f 2046/2269/3170 2081/2270/3171 2047/2271/3172
f 2047/2271/3173 2044/2266/3165 2046/2269/3170
f 2061/2272/3174 2049/2273/3175 2085/2274/3176
f 2085/2274/3177 2088/2275/3178 2061/2272/3179
f 2061/2272/3179 2088/2275/3180 2038/2263/3181
f 2038/2263/3182 2040/2262/3159 2061/2272/3179
f 2039/2276/3183 2090/2277/3184 2048/2278/3185
f 2048/2278/3186 2041/2279/3163 2039/2276/3162
f 2089/2280/3187 2052/2281/3188 2051/2282/3189
f 2051/2282/3190 2090/2277/3191 2089/2280/3187
f 2090/2277/3191 2051/2282/3190 2042/2283/3192
f 2079/2268/3168 2045/2267/3166 2052/2281/3193
f 2052/2281/3194 2089/2280/3187 2079/2268/3167
f 2050/2284/3195 2085/2274/3196 2049/2273/3175
f 2049/2273/3197 2062/2285/3198 2050/2284/3199
f 2050/2284/3199 2062/2285/3200 2037/2286/3201
f 2037/2286/3156 2036/2287/3155 2050/2284/3202
f 2056/2288/3203 2112/2289/3204 2058/2290/3205
f 2064/2291/3206 2111/2292/3207 2110/2293/3208
f 2059/2294/3209 2102/2295/3210 2057/2296/3211
f 2073/2297/3212 2059/2294/3209 2119/2298/3213
f 2133/2299/3214 2061/2272/3179 2040/2262/3159
f 2040/2262/3164 2134/2300/3215 2133/2299/3216
f 2061/2272/3174 2133/2299/3216 2060/2301/3217
f 2060/2301/3217 2049/2273/3175 2061/2272/3179
f 2063/2302/3218 2062/2285/3198 2049/2273/3175
f 2049/2273/3175 2060/2301/3217 2063/2302/3219
f 2063/2302/3219 2143/2303/3220 2037/2286/3157
f 2037/2286/3156 2062/2285/3200 2063/2302/3219
f 2071/2304/3221 2136/2305/3222 2060/2301/3217
f 2138/2306/3223 2137/2307/3224 2074/2308/3225
f 2074/2308/3226 2135/2309/3227 2138/2306/3228
f 2080/2310/3229 2084/2311/3230 2083/2312/3231
f 2083/2312/3232 2081/2270/3233 2080/2310/3229
f 2082/2313/3234 2094/2314/3235 2096/2315/3236
f 2096/2315/3236 2093/2316/3237 2082/2313/3234
f 2078/2317/3238 2080/2318/3229 2082/2313/3234
f 2082/2313/3234 2093/2316/3237 2078/2317/3239
f 2096/2315/3236 2094/2314/3240 2095/2319/3241
f 2095/2319/3241 2086/2320/3242 2096/2315/3236
f 2087/2321/3243 2086/2320/3244 2095/2319/3241
f 2095/2319/3241 2091/2322/3245 2087/2321/3246
f 2092/2323/3247 2087/2321/3246 2091/2322/3248
f 2078/2317/3238 2097/2324/3249 2084/2325/3230
f 2084/2325/3230 2080/2318/3229 2078/2317/3238
f 2099/2326/3250 2098/2327/3251 2106/2328/3252
f 2106/2328/3252 2104/2329/3253 2099/2326/3254
f 2105/2330/3255 2106/2328/3252 2098/2327/3256
f 2070/2331/3257 2107/2332/3258 2100/2333/3259
f 2106/2328/3252 2103/2334/3260 2104/2329/3261
f 2105/2330/3255 2103/2334/3262 2106/2328/3252
f 2100/2333/3263 2103/2335/3264 2105/2336/3255
f 2107/2332/3265 2103/2335/3266 2100/2333/3267
f 2101/2337/3268 2103/2335/3264 2107/2332/3258
f 2043/2338/3269 2108/2339/3270 2109/2340/3271
f 2112/2289/3204 2056/2288/3203 2129/2341/3272
f 2129/2341/3272 2113/2342/3273 2112/2289/3204
f 2065/2343/3274 2064/2344/3275 2115/2345/3276
f 2115/2345/3276 2116/2346/3277 2065/2343/3274
f 2068/2347/3278 2067/2348/3279 2065/2343/3274
f 2065/2343/3274 2116/2346/3277 2068/2347/3278
f 2076/2349/3280 2117/2350/3281 2067/2348/3282
f 2067/2348/3279 2068/2347/3283 2076/2349/3284
f 2120/2351/3285 2058/2290/3205 2118/2352/3286
f 2118/2352/3286 2119/2298/3213 2120/2351/3287
f 2114/2353/3288 2054/2354/3289 2055/2355/3290
f 2122/2356/3291 2053/2357/3292 2121/2358/3293
f 2121/2358/3294 2123/2359/3295 2122/2356/3296
f 2144/2360/3297 2122/2356/3291 2123/2359/3295
f 2123/2359/3298 2124/2361/3299 2144/2360/3297
f 2126/2362/3300 2144/2360/3297 2124/2361/3299
f 2124/2361/3299 2125/2363/3301 2126/2362/3302
f 2069/2364/3303 2126/2362/3300 2125/2363/3304
f 2128/2365/3305 2129/2341/3306 2056/2288/3203
f 2056/2288/3203 2127/2366/3307 2128/2365/3305
f 2131/2367/3308 2130/2368/3309 2129/2341/3272
f 2129/2341/3272 2128/2365/3305 2131/2367/3310
f 2134/2300/3311 2072/2369/3312 2132/2370/3313
f 2132/2370/3314 2133/2299/3216 2134/2300/3215
f 2135/2309/3227 2074/2308/3315 2063/2302/3219
f 2063/2302/3219 2060/2301/3217 2135/2309/3227
f 2138/2306/3228 2135/2309/3227 2060/2301/3217
f 2060/2301/3217 2136/2305/3222 2138/2306/3228
f 2140/2371/3316 2075/2372/3317 2141/2373/3318
f 2142/2374/3319 2140/2371/3320 2143/2375/3321
f 2143/2375/3321 2139/2376/3322 2142/2374/3323
f 2102/2295/3324 2101/2337/3268 2107/2332/3258
f 2107/2332/3258 2070/2331/3257 2102/2295/3210
f 2148/2377/3325 2145/2378/3326 2147/2379/3327
f 2145/2378/3326 2150/2380/3328 2147/2379/3329
f 2150/2380/3328 2146/2381/3330 2147/2379/3329
f 2146/2381/3330 2151/2382/3331 2147/2379/3329
f 2151/2382/3332 2152/2383/3333 2147/2379/3329
f 2152/2383/3334 2154/2384/3335 2147/2379/3329
f 2154/2384/3336 2153/2385/3337 2147/2379/3327
f 2149/2386/3338 2145/2378/3326 2148/2377/3325
f 2148/2377/3339 2156/2387/3340 2149/2386/3338
f 2158/2388/3341 2150/2380/3328 2145/2378/3326
f 2145/2378/3326 2149/2386/3338 2158/2388/3341
f 2157/2389/3342 2146/2381/3330 2150/2380/3328
f 2155/2390/3343 2149/2386/3338 2156/2387/3344
f 2156/2387/3345 2171/2391/3346 2155/2390/3343
f 2148/2377/3339 2147/2379/3329 2162/2392/3347
f 2162/2392/3348 2147/2379/3329 2163/2393/3349
f 2163/2393/3350 2147/2379/3329 2159/2394/3351
f 2159/2394/3351 2147/2379/3329 2160/2395/3352
f 2160/2395/3353 2147/2379/3329 2167/2396/3354
f 2167/2396/3355 2147/2379/3329 2169/2397/3356
f 2169/2397/3356 2147/2379/3329 2161/2398/3357
f 2161/2398/3357 2147/2379/3358 2170/2399/3359
f 2148/2377/3325 2162/2392/3360 2172/2400/3361
f 2172/2400/3362 2156/2387/3345 2148/2377/3325
f 2162/2392/3347 2163/2393/3350 2164/2401/3363
f 2164/2401/3363 2172/2400/3362 2162/2392/3347
f 2163/2393/3349 2159/2394/3364 2165/2402/3365
f 2165/2402/3365 2164/2401/3363 2163/2393/3349
f 2159/2394/3364 2160/2395/3366 2174/2403/3367
f 2174/2403/3368 2165/2402/3369 2159/2394/3351
f 2160/2395/3353 2167/2396/3355 2166/2404/3370
f 2166/2404/3370 2174/2403/3368 2160/2395/3371
f 2169/2397/3356 2168/2405/3372 2166/2404/3370
f 2166/2404/3373 2167/2396/3354 2169/2397/3356
f 2175/2406/3374 2161/2398/3375 2170/2399/3359
f 2156/2387/3344 2172/2400/3362 2176/2407/3376
f 2176/2407/3377 2171/2391/3378 2156/2387/3345
f 2172/2400/3362 2164/2401/3363 2177/2408/3379
f 2177/2408/3379 2176/2407/3377 2172/2400/3361
f 2164/2401/3380 2165/2402/3365 2173/2409/3381
f 2173/2409/3381 2177/2408/3382 2164/2401/3363
f 2178/2410/3383 2181/2411/3384 2179/2412/3385
f 2180/2413/3386 2181/2411/3384 2178/2410/3387
f 2183/2414/3388 2189/2415/3389 2182/2416/3390
f 2182/2416/3390 2185/2417/3391 2183/2414/3392
f 2182/2416/3393 2189/2415/3394 2188/2418/3395
f 2188/2418/3395 2184/2419/3396 2182/2416/3393
f 2184/2419/3397 2188/2418/3395 2187/2420/3398
f 2187/2420/3399 2186/2421/3400 2184/2419/3401
f 2193/2422/3402 2191/2423/3403 2200/2424/3404
f 2200/2424/3405 2201/2425/3406 2193/2422/3402
f 2192/2426/3407 2193/2422/3402 2201/2425/3408
f 2201/2425/3408 2194/2427/3409 2192/2426/3410
f 2204/2428/3411 2196/2429/3412 2195/2430/3413
f 2200/2431/3405 2190/2432/3414 2198/2433/3415
f 2200/2424/3404 2199/2434/3416 2206/2435/3417
f 2206/2435/3417 2201/2425/3406 2200/2424/3405
f 2201/2425/3408 2206/2435/3417 2202/2436/3418
f 2202/2436/3419 2194/2427/3409 2201/2425/3406
f 2205/2437/3420 2203/2438/3421 2194/2427/3422
f 2197/2439/3423 2207/2440/3424 2204/2428/3425
f 2213/2441/3426 2209/2442/3427 2212/2443/3428
f 2212/2443/3429 2208/2444/3430 2213/2441/3431
f 2210/2445/3432 2209/2442/3427 2213/2441/3431
f 2213/2441/3431 2211/2446/3433 2210/2445/3432
f 2224/2447/3434 2222/2448/3435 2223/2449/3436
f 2223/2449/3437 2250/2450/3438 2224/2447/3434
f 2225/2451/3439 2222/2448/3440 2224/2447/3441
f 2224/2447/3441 2251/2452/3442 2225/2451/3439
f 2255/2453/3443 2225/2451/3439 2251/2452/3444
f 2251/2452/3442 2226/2454/3445 2255/2453/3443
f 2286/2455/3446 2218/2456/3447 2220/2457/3448
f 2220/2457/3448 2240/2458/3449 2286/2455/3450
f 2249/2459/3451 2231/2460/3452 2221/2461/3453
f 2232/2462/3454 2234/2463/3455 2218/2456/3456
f 2218/2456/3447 2286/2455/3450 2232/2462/3457
f 2233/2464/3458 2252/2465/3459 2249/2459/3460
f 2236/2466/3461 2219/2467/3462 2234/2463/3455
f 2234/2463/3463 2232/2462/3454 2236/2466/3461
f 2237/2468/3464 2253/2469/3465 2252/2465/3466
f 2238/2470/3467 2235/2471/3468 2219/2467/3462
f 2219/2467/3462 2236/2466/3461 2238/2470/3467
f 2239/2472/3469 2253/2469/3465 2237/2468/3470
f 2246/2473/3471 2248/2474/3472 2241/2475/3473
f 2241/2475/3474 2242/2476/3475 2246/2473/3476
f 2243/2477/3477 2246/2478/3476 2242/2479/3475
f 2323/2480/3478 2245/2481/3479 2244/2482/3480
f 2215/2483/3481 2247/2484/3482 2246/2478/3476
f 2246/2478/3476 2243/2477/3477 2215/2483/3481
f 2248/2474/3483 2246/2473/3476 2247/2485/3482
f 2247/2485/3482 2214/2486/3484 2248/2474/3472
f 2228/2487/3485 2254/2488/3486 2227/2489/3487
f 2227/2489/3487 2229/2490/3488 2228/2487/3489
f 2257/2491/3490 2230/2492/3491 2256/2493/3492
f 2259/2494/3493 2258/2495/3494 2260/2496/3495
f 2260/2496/3496 2248/2474/3472 2259/2494/3493
f 2261/2497/3497 2217/2498/3498 2262/2499/3499
f 2261/2497/3497 2216/2500/3500 2263/2501/3501
f 2263/2501/3502 2217/2498/3498 2261/2497/3497
f 2268/2502/3503 2269/2503/3504 2265/2504/3505
f 2269/2503/3504 2268/2502/3506 2266/2505/3507
f 2267/2506/3508 2265/2504/3505 2264/2507/3509
f 2265/2504/3505 2267/2506/3508 2268/2502/3503
f 2278/2508/3510 2279/2509/3511 2312/2510/3512
f 2279/2509/3513 2278/2508/3514 2314/2511/3515
f 2313/2512/3516 2278/2508/3517 2312/2510/3518
f 2278/2508/3517 2313/2512/3516 2280/2513/3519
f 2281/2514/3520 2280/2513/3521 2313/2512/3516
f 2280/2513/3521 2281/2514/3520 2307/2515/3522
f 2282/2516/3523 2307/2515/3524 2281/2514/3525
f 2307/2515/3522 2282/2516/3526 2309/2517/3527
f 2286/2455/3446 2273/2518/3528 2285/2519/3529
f 2273/2518/3528 2286/2455/3446 2240/2458/3449
f 2304/2520/3530 2284/2521/3531 2293/2522/3532
f 2232/2462/3454 2285/2519/3533 2275/2523/3534
f 2285/2519/3529 2232/2462/3457 2286/2455/3446
f 2274/2524/3535 2304/2520/3536 2305/2525/3537
f 2236/2466/3461 2275/2523/3534 2287/2526/3538
f 2275/2523/3534 2236/2466/3461 2232/2462/3454
f 2305/2525/3537 2290/2527/3539 2274/2524/3535
f 2290/2527/3540 2305/2525/3537 2306/2528/3541
f 2238/2470/3467 2287/2526/3538 2288/2529/3542
f 2287/2526/3538 2238/2470/3467 2236/2466/3461
f 2290/2527/3543 2308/2530/3544 2289/2531/3545
f 2308/2530/3544 2290/2527/3540 2306/2528/3546
f 2277/2532/3547 2240/2533/3548 2292/2534/3549
f 2293/2535/3532 2276/2536/3550 2294/2537/3551
f 2324/2538/3552 2296/2539/3553 2295/2540/3554
f 2296/2539/3553 2303/2541/3555 2295/2540/3554
f 2296/2539/3553 2300/2542/3556 2302/2543/3557
f 2301/2544/3558 2298/2545/3559 2270/2546/3560
f 2298/2545/3559 2301/2544/3558 2297/2547/3561
f 2270/2548/3560 2318/2549/3562 2299/2550/3563
f 2300/2542/3564 2301/2544/3565 2271/2551/3566
f 2301/2544/3565 2300/2542/3567 2297/2547/3561
f 2278/2552/3510 2305/2553/3537 2304/2554/3530
f 2310/2555/3568 2283/2556/3569 2311/2557/3570
f 2283/2556/3569 2310/2555/3571 2291/2558/3572
f 2316/2559/3573 2317/2560/3574 2315/2561/3575
f 2320/2562/3576 2319/2563/3577 2272/2564/3578
f 2320/2562/3576 2321/2565/3579 2322/2566/3580
f 2321/2565/3581 2320/2562/3576 2272/2564/3582
f 2326/2567/3583 2327/2568/3584 2328/2569/3585
f 2328/2569/3586 2325/2570/3587 2326/2567/3588
f 2331/2571/3589 2329/2572/3590 2332/2573/3591
f 2332/2573/3592 2330/2574/3593 2331/2571/3594
f 2335/2575/3595 2334/2576/3596 2336/2577/3597
f 2336/2577/3597 2334/2576/3598 2333/2578/3599
f 2333/2578/3600 2334/2576/3598 2337/2579/3601
f 2343/2580/3602 2341/2581/3603 2339/2582/3604
f 2339/2582/3604 2338/2583/3605 2343/2580/3602
f 2341/2581/3606 2342/2584/3607 2340/2585/3608
f 2340/2585/3609 2339/2582/3610 2341/2581/3606
f 2343/2580/3602 2338/2583/3605 2345/2586/3611
f 2345/2586/3612 2344/2587/3613 2343/2580/3602
f 2344/2587/3613 2345/2586/3612 2348/2588/3614
f 2348/2588/3614 2346/2589/3615 2344/2587/3613
f 2346/2589/3616 2348/2588/3617 2347/2590/3618
f 2347/2590/3619 2349/2591/3620 2346/2589/3615
f 2356/2592/3621 2351/2593/3622 2350/2594/3623
f 2350/2594/3624 2354/2595/3625 2356/2592/3626
f 2351/2593/3622 2353/2596/3627 2352/2597/3628
f 2352/2597/3629 2350/2594/3630 2351/2593/3622
f 2356/2592/3626 2354/2595/3631 2355/2598/3632
f 2355/2598/3632 2361/2599/3633 2356/2592/3626
f 2361/2599/3633 2355/2598/3634 2357/2600/3635
f 2357/2600/3636 2358/2601/3637 2361/2599/3633
f 2358/2601/3638 2357/2600/3635 2359/2602/3639
f 2359/2602/3640 2360/2603/3641 2358/2601/3642
f 2369/2604/3643 2368/2605/3644 2362/2606/3645
f 2362/2606/3646 2363/2607/3647 2369/2604/3648
f 2369/2604/3648 2363/2607/3649 2364/2608/3650
f 2364/2608/3651 2365/2609/3652 2369/2604/3648
f 2366/2610/3653 2367/2611/3654 2365/2609/3655
f 2365/2609/3652 2364/2608/3651 2366/2610/3656
f 2373/2612/3657 2372/2613/3658 2370/2614/3659
f 2370/2614/3659 2375/2615/3660 2373/2612/3657
f 2372/2613/3658 2373/2612/3661 2374/2616/3662
f 2374/2616/3663 2371/2617/3664 2372/2613/3665
f 2378/2618/3666 2379/2619/3667 2377/2620/3668
f 2377/2620/3669 2376/2621/3670 2378/2618/3666
f 2379/2619/3671 2378/2618/3666 2380/2622/3672
f 2380/2622/3673 2381/2623/3674 2379/2619/3671
f 2384/2624/3675 2383/2625/3676 2387/2626/3677
f 2387/2626/3678 2382/2627/3679 2384/2624/3680
f 2383/2625/3681 2384/2624/3680 2385/2628/3682
f 2385/2628/3682 2386/2629/3683 2383/2625/3676
f 2391/2630/3684 2390/2631/3685 2389/2632/3686
f 2389/2632/3686 2388/2633/3687 2391/2630/3684
f 2390/2631/3688 2391/2630/3684 2393/2634/3689
f 2393/2634/3690 2392/2635/3691 2390/2631/3688
f 2397/2636/3684 2398/2637/3692 2396/2638/3693
f 2396/2638/3693 2394/2639/3694 2397/2636/3684
f 2398/2637/3692 2397/2636/3684 2399/2640/3690
f 2399/2640/3695 2395/2641/3696 2398/2637/3692
f 2404/2642/3697 2402/2643/3688 2401/2644/3686
f 2401/2644/3686 2400/2645/3698 2404/2642/3699
f 2402/2643/3700 2404/2642/3699 2405/2646/3701
f 2405/2646/3702 2403/2647/3703 2402/2643/3688
f 2406/2648/3704 2408/2649/3705 2407/2650/3706
f 2407/2650/3706 2411/2651/3707 2406/2648/3708
f 2408/2649/3705 2406/2648/3704 2410/2652/3690
f 2410/2652/3690 2409/2653/3709 2408/2649/3705
f 2413/2654/3710 2412/2655/3711 2417/2656/3712
f 2417/2656/3713 2416/2657/3714 2413/2654/3710
f 2412/2655/3715 2413/2654/3716 2415/2658/3701
f 2415/2658/3701 2414/2659/3717 2412/2655/3715
f 2418/2660/3718 2419/2661/3719 2421/2662/3720
f 2422/2663/3721 2421/2662/3722 2419/2661/3723
f 2423/2664/3724 2420/2665/3725 2419/2661/3726
f 2419/2661/3727 2418/2660/3718 2423/2664/3728
f 2427/2666/3729 2424/2667/3730 2429/2668/3731
f 2429/2668/3731 2428/2669/3732 2427/2666/3729
f 2424/2667/3730 2427/2666/3733 2426/2670/3724
f 2426/2670/3728 2425/2671/3734 2424/2667/3735
f 2431/2672/3736 2432/2673/3737 2430/2674/3738
f 2430/2674/3739 2435/2675/3740 2431/2672/3741
f 2432/2673/3742 2431/2672/3741 2434/2676/3743
f 2434/2676/3743 2433/2677/3744 2432/2673/3745
f 2437/2678/3746 2438/2679/3747 2436/2680/3748
f 2436/2680/3749 2441/2681/3750 2437/2678/3746
f 2438/2679/3751 2437/2678/3746 2440/2682/3752
f 2440/2682/3752 2439/2683/3753 2438/2679/3751
f 2447/2684/3754 2445/2685/3755 2442/2686/3748
f 2442/2686/3748 2443/2687/3756 2447/2684/3757
f 2445/2685/3755 2447/2684/3754 2444/2688/3758
f 2444/2688/3759 2446/2689/3760 2445/2685/3755
f 2453/2690/3761 2450/2691/3762 2449/2692/3763
f 2449/2692/3763 2448/2693/3764 2453/2690/3761
f 2450/2691/3762 2453/2690/3761 2451/2694/3758
f 2451/2694/3758 2452/2695/3760 2450/2691/3765
f 2455/2696/3766 2456/2697/3767 2457/2698/3763
f 2457/2698/3763 2458/2699/3768 2455/2696/3766
f 2456/2697/3769 2455/2696/3766 2459/2700/3770
f 2459/2700/3770 2454/2701/3771 2456/2697/3767
f 2463/2702/3772 2465/2703/3773 2464/2704/3774
f 2464/2704/3774 2460/2705/3775 2463/2702/3776
f 2462/2706/3777 2461/2707/3778 2464/2704/3774
f 2464/2704/3774 2465/2703/3779 2462/2706/3780
f 2467/2708/3781 2468/2709/3782 2466/2710/3783
f 2466/2710/3784 2469/2711/3785 2467/2708/3786
f 2472/2712/3787 2473/2713/3788 2471/2714/3789
f 2471/2714/3790 2470/2715/3791 2472/2712/3792
f 2476/2716/3793 2477/2717/3794 2478/2718/3795
f 2477/2717/3794 2474/2719/3796 2478/2718/3795
f 2474/2719/3796 2475/2720/3797 2478/2718/3795
f 2479/2721/3798 2480/2722/3799 2481/2723/3800
f 2481/2723/3801 2484/2724/3802 2479/2721/3798
f 2484/2724/3803 2481/2723/3800 2482/2725/3804
f 2482/2725/3618 2483/2726/3620 2484/2724/3805
f 2480/2722/3799 2479/2721/3798 2486/2727/3806
f 2486/2727/3807 2485/2728/3808 2480/2722/3799
f 2486/2727/3809 2490/2729/3810 2487/2730/3811
f 2487/2730/3811 2485/2728/3812 2486/2727/3807
f 2490/2729/3810 2488/2731/3607 2489/2732/3813
f 2489/2732/3608 2487/2730/3811 2490/2729/3810
f 2492/2733/3814 2491/2734/3815 2493/2735/3816
f 2493/2735/3817 2496/2736/3818 2492/2733/3819
f 2496/2736/3818 2493/2735/3820 2494/2737/3821
f 2494/2737/3821 2495/2738/3822 2496/2736/3818
f 2492/2733/3814 2499/2739/3823 2497/2740/3824
f 2497/2740/3824 2491/2734/3825 2492/2733/3814
f 2499/2739/3823 2500/2741/3826 2498/2742/3827
f 2498/2742/3828 2497/2740/3824 2499/2739/3829
f 2500/2741/3830 2502/2743/3831 2501/2744/3628
f 2501/2744/3629 2498/2742/3827 2500/2741/3826
f 2503/2745/3832 2510/2746/3833 2504/2747/3834
f 2504/2747/3834 2505/2748/3835 2503/2745/3836
f 2504/2747/3834 2508/2749/3837 2506/2750/3838
f 2506/2750/3839 2505/2748/3840 2504/2747/3834
f 2507/2751/3841 2506/2750/3842 2508/2749/3843
f 2508/2749/3843 2509/2752/3844 2507/2751/3841
f 2513/2753/3845 2515/2754/3846 2511/2755/3847
f 2511/2755/3847 2512/2756/3848 2513/2753/3845
f 2512/2756/3849 2514/2757/3850 2516/2758/3851
f 2516/2758/3852 2513/2753/3853 2512/2756/3848
f 2522/2759/3854 2517/2760/3855 2519/2761/3856
f 2519/2761/3857 2518/2762/3858 2522/2759/3859
f 2518/2762/3858 2521/2763/3860 2520/2764/3861
f 2520/2764/3862 2522/2759/3854 2518/2762/3858
f 2527/2765/3863 2528/2766/3864 2524/2767/3865
f 2524/2767/3866 2525/2768/3867 2527/2765/3863
f 2525/2768/3868 2523/2769/3869 2526/2770/3870
f 2526/2770/3871 2527/2765/3872 2525/2768/3873
f 2532/2771/3874 2529/2772/3875 2530/2773/3876
f 2530/2773/3876 2531/2774/3877 2532/2771/3878
f 2531/2774/3879 2533/2775/3880 2534/2776/3881
f 2534/2776/3882 2532/2771/3878 2531/2774/3877
f 2538/2777/3883 2535/2778/3884 2536/2779/3885
f 2536/2779/3885 2537/2780/3886 2538/2777/3878
f 2537/2780/3887 2539/2781/3888 2540/2782/3882
f 2540/2782/3882 2538/2777/3878 2537/2780/3886
f 2545/2783/3889 2541/2784/3890 2546/2785/3876
f 2546/2785/3876 2542/2786/3879 2545/2783/3891
f 2542/2786/3879 2543/2787/3892 2544/2788/3893
f 2544/2788/3894 2545/2783/3895 2542/2786/3879
f 2549/2789/3896 2547/2790/3897 2550/2791/3898
f 2550/2791/3899 2551/2792/3900 2549/2789/3901
f 2551/2792/3900 2548/2793/3902 2552/2794/3882
f 2552/2794/3903 2549/2789/3904 2551/2792/3900
f 2557/2795/3905 2553/2796/3906 2558/2797/3907
f 2558/2797/3908 2556/2798/3909 2557/2795/3905
f 2556/2798/3910 2554/2799/3911 2555/2800/3912
f 2555/2800/3912 2557/2795/3905 2556/2798/3910
f 2562/2801/3913 2563/2802/3914 2559/2803/3735
f 2559/2803/3730 2561/2804/3915 2562/2801/3913
f 2563/2802/3916 2564/2805/3917 2560/2806/3918
f 2560/2806/3919 2559/2803/3920 2563/2802/3921
f 2565/2807/3734 2567/2808/3735 2569/2809/3916
f 2569/2809/3921 2566/2810/3922 2565/2807/3923
f 2569/2809/3921 2567/2808/3735 2568/2811/3924
f 2568/2811/3731 2570/2812/3913 2569/2809/3733
f 2573/2813/3744 2572/2814/3745 2574/2815/3925
f 2574/2815/3925 2571/2816/3926 2573/2813/3927
f 2574/2815/3928 2572/2814/3745 2576/2817/3738
f 2576/2817/3738 2575/2818/3929 2574/2815/3925
f 2577/2819/3930 2582/2820/3931 2578/2821/3932
f 2578/2821/3932 2579/2822/3933 2577/2819/3930
f 2579/2822/3933 2581/2823/3934 2580/2824/3935
f 2580/2824/3935 2577/2819/3930 2579/2822/3933
f 2585/2825/3936 2588/2826/3937 2583/2827/3932
f 2583/2827/3932 2584/2828/3938 2585/2825/3939
f 2584/2828/3938 2587/2829/3940 2586/2830/3941
f 2586/2830/3941 2585/2825/3939 2584/2828/3938
f 2593/2831/3942 2594/2832/3943 2589/2833/3944
f 2589/2833/3944 2591/2834/3945 2593/2831/3942
f 2591/2834/3946 2590/2835/3940 2592/2836/3947
f 2592/2836/3947 2593/2831/3942 2591/2834/3945
f 2598/2837/3948 2597/2838/3949 2596/2839/3944
f 2596/2839/3944 2595/2840/3950 2598/2837/3951
f 2595/2840/3952 2600/2841/3953 2599/2842/3954
f 2599/2842/3954 2598/2837/3948 2595/2840/3955
f 2601/2843/3956 2603/2844/3957 2604/2845/3958
f 2604/2845/3959 2602/2846/3960 2601/2843/3956
f 2607/2847/3961 2608/2848/3962 2606/2849/3963
f 2606/2849/3964 2605/2850/3965 2607/2847/3966
f 2609/2851/3967 2610/2852/3968 2613/2853/3969
f 2613/2853/3970 2614/2854/3971 2609/2851/3967
f 2613/2853/3970 2610/2852/3972 2616/2855/3973
f 2616/2855/3974 2615/2856/3975 2613/2853/3976
f 2618/2857/3977 2617/2858/3978 2619/2859/3979
f 2619/2859/3979 2612/2860/3980 2618/2857/3981
f 2611/2861/3982 2618/2857/3981 2612/2860/3983
f 2612/2860/3980 2620/2862/3984 2611/2861/3982
f 2624/2863/3985 2623/2864/3986 2621/2865/3987
f 2621/2865/3988 2622/2866/3989 2624/2863/3990
f 2627/2867/3991 2622/2866/3992 2621/2865/3993
f 2621/2865/3987 2626/2868/3994 2627/2867/3991
f 2628/2869/3995 2625/2870/3996 2629/2871/3997
f 2629/2871/3997 2630/2872/3998 2628/2869/3995
f 2632/2873/3999 2631/2874/4000 2633/2875/4001
f 2633/2875/4002 2638/2876/4003 2632/2873/3999
f 2634/2877/4004 2628/2869/3999 2630/2872/3998
f 2630/2872/3998 2635/2878/4005 2634/2877/4004
f 2637/2879/4004 2632/2873/4006 2638/2876/4003
f 2638/2876/4007 2636/2880/4008 2637/2879/4004
f 2641/2881/4009 2646/2882/4010 2640/2883/3992
f 2640/2883/4011 2639/2884/4012 2641/2881/4013
f 2645/2885/4014 2644/2886/4015 2640/2883/3989
f 2640/2883/3989 2646/2882/4010 2645/2885/4014
f 2651/2887/4016 2649/2888/4017 2643/2889/4018
f 2643/2889/4019 2642/2890/4020 2651/2887/4021
f 2650/2891/4022 2656/2892/4023 2648/2893/4024
f 2648/2893/4024 2647/2894/4025 2650/2891/4021
f 2652/2895/4026 2653/2896/4027 2649/2888/4017
f 2649/2888/4028 2651/2887/4029 2652/2895/4026
f 2654/2897/4030 2655/2898/4031 2656/2892/4032
f 2656/2892/4023 2650/2891/4016 2654/2897/4026
f 2658/2899/4033 2657/2900/4034 2660/2901/4035
f 2660/2901/4036 2659/2902/4037 2658/2899/4038
f 2660/2901/4036 2664/2903/4039 2663/2904/4040
f 2663/2904/4040 2659/2902/4041 2660/2901/4036
f 2664/2903/4039 2661/2905/4042 2662/2906/4043
f 2662/2906/4044 2663/2904/4045 2664/2903/4046
f 2668/2907/4047 2666/2908/4048 2665/2909/4049
f 2665/2909/4049 2667/2910/4050 2668/2907/4047
f 2670/2911/4051 2675/2912/4052 2676/2913/4053
f 2676/2913/4054 2669/2914/4055 2670/2911/4056
f 2670/2911/4056 2669/2914/4057 2673/2915/4058
f 2673/2915/4059 2671/2916/4060 2670/2911/4056
f 2671/2916/4061 2673/2915/4062 2672/2917/4063
f 2672/2917/4064 2674/2918/4065 2671/2916/4060
f 2679/2919/4066 2677/2920/4067 2678/2921/4068
f 2678/2921/4069 2680/2922/4070 2679/2919/4071
f 2682/2923/4072 2681/2924/4073 2678/2921/4068
f 2678/2921/4068 2677/2920/4067 2682/2923/4072
f 2686/2925/4074 2710/2926/4075 2685/2927/4076
f 2685/2927/4076 2684/2928/4077 2686/2925/4074
f 2687/2929/4078 2688/2930/4079 2709/2931/4080
f 2709/2931/4081 2707/2932/4082 2687/2929/4078
f 2691/2933/4083 2689/2934/4084 2690/2935/4085
f 2690/2935/4086 2683/2936/4087 2691/2933/4083
f 2691/2933/4083 2683/2936/4087 2692/2937/4088
f 2692/2937/4089 2694/2938/4090 2691/2933/4083
f 2694/2938/4091 2692/2937/4092 2693/2939/4093
f 2693/2939/4094 2699/2940/4095 2694/2938/4096
f 2695/2941/4097 2690/2935/4086 2689/2934/4084
f 2689/2934/4098 2697/2942/4099 2695/2941/4100
f 2696/2943/4101 2695/2941/4100 2697/2942/4102
f 2697/2942/4099 2698/2944/4103 2696/2943/4101
f 2693/2939/4093 2703/2945/4104 2700/2946/4105
f 2700/2946/4105 2699/2940/4095 2693/2939/4093
f 2696/2943/4101 2698/2944/4106 2701/2947/4107
f 2701/2947/4108 2704/2948/4109 2696/2943/4110
f 2703/2945/4111 2702/2949/4112 2708/2950/4113
f 2708/2950/4113 2700/2946/4105 2703/2945/4111
f 2704/2948/4114 2701/2947/4115 2705/2951/4116
f 2705/2951/4117 2706/2952/4118 2704/2948/4109
f 2708/2950/4113 2702/2949/4112 2707/2932/4119
f 2707/2932/4120 2709/2931/4081 2708/2950/4113
f 2710/2926/4121 2706/2952/4118 2705/2951/4117
f 2705/2951/4116 2685/2927/4076 2710/2926/4122
f 2711/2953/4123 2713/2954/4124 2712/2955/4125
f 2712/2955/4126 2714/2956/4127 2711/2953/4128
f 2715/2957/4123 2716/2958/4129 2717/2959/4125
f 2717/2959/4125 2718/2960/4130 2715/2957/4131
f 2724/2961/4132 2719/2962/4133 2720/2963/4134
f 2720/2963/4134 2721/2964/4135 2724/2961/4136
f 2723/2965/4137 2719/2962/4133 2724/2961/4138
f 2724/2961/4138 2722/2966/4139 2723/2965/4137
f 2728/2967/4140 2725/2968/4141 2729/2969/4142
f 2726/2970/4143 2729/2969/4144 2725/2968/4145
f 2727/2971/4146 2729/2969/4147 2726/2970/4143
f 2736/2972/4148 2735/2973/4149 2737/2974/4150
f 2737/2974/4150 2742/2975/4151 2736/2972/4148
f 2730/2976/4152 2732/2977/4153 2738/2978/4154
f 2738/2978/4154 2731/2979/4155 2730/2976/4156
f 2733/2980/4157 2739/2981/4158 2731/2979/4155
f 2731/2979/4155 2738/2978/4154 2733/2980/4157
f 2741/2982/4159 2740/2983/4160 2739/2981/4158
f 2739/2981/4158 2733/2980/4157 2741/2982/4159
f 2736/2984/4161 2731/2979/4155 2739/2981/4158
f 2739/2981/4158 2735/2985/4149 2736/2984/4148
f 2734/2986/4162 2736/2972/4148 2742/2975/4151
f 2742/2975/4163 2744/2987/4164 2734/2986/4162
f 2735/2985/4149 2739/2981/4158 2740/2983/4165
f 2740/2983/4160 2743/2988/4166 2735/2985/4149
f 2758/2989/4167 2746/2990/4168 2757/2991/4169
f 2745/2992/4170 2746/2990/4168 2763/2993/4171
f 2800/2994/4172 2769/2995/4173 2774/2996/4174
f 2773/2997/4175 2793/2998/4176 2794/2999/4177
f 2760/3000/4178 2759/3001/4179 2762/3002/4180
f 2762/3002/4181 2763/3003/4182 2760/3000/4178
f 2762/3002/4181 2759/3001/4179 2761/3004/4183
f 2761/3004/4184 2747/3005/4185 2762/3002/4181
f 2745/2992/4186 2763/2993/4182 2762/3006/4181
f 2747/3007/4185 2785/3008/4187 2784/3009/4188
f 2747/3007/4185 2765/3010/4189 2764/3011/4190
f 2764/3011/4190 2785/3008/4187 2747/3007/4191
f 2750/3012/4192 2799/3013/4193 2767/3014/4194
f 2767/3014/4194 2768/3015/4195 2750/3012/4196
f 2748/3016/4197 2772/3017/4198 2770/3018/4199
f 2770/3018/4199 2749/3019/4200 2748/3016/4201
f 2770/3020/4202 2775/3021/4203 2771/3022/4204
f 2771/3022/4205 2749/3023/4200 2770/3020/4199
f 2793/2998/4176 2773/2997/4206 2757/2991/4207
f 2757/2991/4169 2746/2990/4168 2793/2998/4176
f 2771/3022/4208 2775/3021/4203 2774/2996/4174
f 2769/3024/4173 2800/3025/4172 2776/3026/4209
f 2776/3026/4210 2801/3027/4211 2769/3024/4212
f 2777/3028/4213 2778/3029/4214 2756/3030/4215
f 2756/3030/4215 2755/3031/4216 2777/3028/4213
f 2766/3032/4217 2779/3033/4218 2780/3034/4219
f 2780/3034/4220 2751/3035/4221 2766/3032/4222
f 2764/3011/4190 2781/3036/4223 2782/3037/4224
f 2782/3037/4224 2785/3008/4187 2764/3011/4190
f 2783/3038/4225 2790/3039/4226 2782/3037/4224
f 2785/3008/4187 2782/3037/4224 2786/3040/4227
f 2786/3040/4227 2784/3009/4188 2785/3008/4187
f 2786/3040/4227 2782/3037/4224 2790/3039/4226
f 2786/3040/4227 2787/3041/4228 2745/2992/4229
f 2745/2992/4229 2784/3009/4188 2786/3040/4227
f 2791/3042/4230 2788/3043/4231 2789/3044/4232
f 2789/3044/4232 2790/3045/4233 2791/3042/4234
f 2789/3044/4232 2788/3043/4231 2792/3046/4235
f 2792/3046/4236 2752/3047/4237 2789/3044/4232
f 2797/3048/4238 2798/3049/4239 2753/3050/4240
f 2753/3050/4240 2754/3051/4241 2797/3048/4242
f 2796/3052/4243 2795/3053/4244 2797/3054/4245
f 2797/3054/4246 2754/3055/4241 2796/3052/4247
f 2745/2992/4170 2787/3041/4248 2793/2998/4176
f 2793/2998/4176 2746/2990/4168 2745/2992/4170
f 2803/3056/4249 2804/3057/4250 2814/3058/4251
f 2814/3058/4251 2809/3059/4252 2803/3056/4249
f 2802/3060/4253 2803/3061/4254 2809/3062/4252
f 2809/3062/4252 2808/3063/4255 2802/3060/4253
f 2804/3057/4250 2805/3064/4256 2811/3065/4257
f 2811/3065/4258 2814/3058/4251 2804/3057/4250
f 2807/3066/4259 2806/3067/4260 2812/3068/4261
f 2812/3068/4262 2810/3069/4263 2807/3066/4259
f 2812/3068/4262 2806/3067/4264 2815/3070/4265
f 2815/3070/4265 2813/3071/4266 2812/3068/4262
f 2818/3072/4267 2816/3073/4268 2821/3074/4269
f 2821/3074/4269 2820/3075/4270 2818/3072/4267
f 2821/3074/4269 2824/3076/4271 2822/3077/4272
f 2822/3077/4272 2820/3075/4270 2821/3074/4269
f 2825/3078/4273 2823/3079/4274 2831/3080/4275
f 2831/3080/4275 2827/3081/4276 2825/3078/4277
f 2826/3082/4278 2825/3078/4277 2827/3081/4276
f 2827/3081/4276 2828/3083/4279 2826/3082/4280
f 2817/3084/4281 2833/3085/4282 2829/3086/4283
f 2829/3086/4284 2819/3087/4285 2817/3084/4286
f 2830/3088/4287 2819/3087/4285 2829/3086/4284
f 2829/3086/4284 2832/3089/4288 2830/3088/4287
f 2850/3090/4289 2836/3091/4290 2837/3092/4291
f 2837/3092/4291 2849/3093/4292 2850/3090/4293
f 2839/3094/4294 2841/3095/4295 2840/3096/4296
f 2840/3096/4297 2838/3097/4298 2839/3094/4299
f 2845/3098/4300 2844/3099/4301 2843/3100/4302
f 2843/3100/4302 2851/3101/4303 2845/3098/4304
f 2846/3102/4305 2834/3103/4306 2835/3104/4307
f 2835/3104/4308 2848/3105/4309 2846/3102/4305
f 2846/3102/4305 2844/3099/4301 2845/3098/4310
f 2845/3098/4310 2834/3103/4306 2846/3102/4305
f 2844/3106/4301 2847/3107/4311 2842/3108/4312
f 2842/3108/4313 2849/3109/4314 2844/3106/4301
f 2839/3094/4294 2838/3097/4298 2850/3090/4315
f 2850/3090/4316 2849/3093/4317 2839/3094/4299
f 2858/3110/4318 2857/3111/4319 2853/3112/4320
f 2853/3112/4321 2854/3113/4322 2858/3110/4323
f 2859/3114/4324 2855/3115/4325 2856/3116/4326
f 2856/3116/4327 2852/3117/4328 2859/3114/4324
f 2864/3118/4322 2862/3119/4323 2863/3120/4319
f 2863/3120/4319 2860/3121/4321 2864/3118/4322
f 2866/3122/4329 2861/3123/4327 2867/3124/4328
f 2867/3124/4328 2865/3125/4330 2866/3122/4331
f 2871/3126/4332 2870/3127/4333 2868/3128/4334
f 2868/3128/4335 2869/3129/4336 2871/3126/4337
f 2872/3130/4338 2875/3131/4339 2873/3132/4340
f 2873/3132/4341 2874/3133/4342 2872/3130/4338
f 2878/3134/4343 2880/3135/4344 2876/3136/4345
f 2876/3136/4345 2879/3137/4346 2878/3134/4347
f 2881/3138/4348 2880/3135/4349 2878/3134/4347
f 2878/3134/4350 2882/3139/4351 2881/3138/4352
f 2887/3140/4353 2877/3141/4354 2883/3142/4355
f 2883/3142/4355 2885/3143/4356 2887/3140/4357
f 2885/3143/4356 2883/3142/4358 2884/3144/4359
f 2884/3144/4359 2886/3145/4360 2885/3143/4356
f 2889/3146/4361 2893/3147/4362 2894/3148/4363
f 2894/3148/4364 2888/3149/4365 2889/3146/4366
f 2895/3150/4367 2892/3151/4368 2894/3148/4364
f 2894/3148/4369 2893/3147/4362 2895/3150/4367
f 2897/3152/4370 2898/3153/4371 2891/3154/4372
f 2891/3154/4372 2890/3155/4373 2897/3152/4370
f 2901/3156/4374 2899/3157/4375 2896/3158/4376
f 2896/3158/4377 2900/3159/4378 2901/3156/4374
f 2902/3160/4379 2903/3161/4380 2898/3153/4371
f 2898/3153/4371 2897/3152/4374 2902/3160/4381
f 2904/3162/4381 2905/3163/4382 2899/3157/4383
f 2899/3157/4375 2901/3156/4384 2904/3162/4381
f 2909/3164/4385 2907/3165/4386 2906/3166/4387
f 2906/3166/4388 2908/3167/4389 2909/3164/4390
f 2912/3168/4391 2908/3167/4389 2906/3166/4362
f 2906/3166/4362 2913/3169/4392 2912/3168/4391
f 2918/3170/4393 2910/3171/4394 2911/3172/4395
f 2911/3172/4396 2915/3173/4397 2918/3170/4398
f 2917/3174/4393 2916/3175/4399 2914/3176/4400
f 2914/3176/4401 2923/3177/4402 2917/3174/4393
f 2919/3178/4403 2918/3170/4393 2915/3173/4404
f 2915/3173/4397 2920/3179/4405 2919/3178/4406
f 2921/3180/4407 2917/3174/4398 2923/3177/4408
f 2923/3177/4408 2922/3181/4409 2921/3180/4403
f 2928/3182/4410 2924/3183/4411 2931/3184/4412
f 2931/3184/4413 2926/3185/4414 2928/3182/4415
f 2928/3182/4415 2926/3185/4416 2925/3186/4417
f 2925/3186/4418 2927/3187/4419 2928/3182/4415
f 2927/3187/4419 2925/3186/4420 2929/3188/4421
f 2929/3188/4422 2930/3189/4423 2927/3187/4424
f 2933/3190/4425 2932/3191/4426 2935/3192/4427
f 2935/3192/4427 2934/3193/4428 2933/3190/4429
f 2937/3194/4430 2936/3195/4431 2935/3192/4432
f 2935/3192/4432 2932/3191/4433 2937/3194/4430
f 2938/3196/4434 2940/3197/4435 2942/3198/4436
f 2942/3198/4437 2939/3199/4438 2938/3196/4439
f 2942/3198/4436 2941/3200/4440 2943/3201/4441
f 2943/3201/4441 2939/3199/4438 2942/3198/4436
f 2941/3200/4442 2945/3202/4443 2944/3203/4444
f 2944/3203/4444 2943/3201/4445 2941/3200/4440
f 2949/3204/4446 2946/3205/4447 2947/3206/4448
f 2947/3206/4448 2948/3207/4050 2949/3204/4446
f 2950/3208/4449 2952/3209/4450 2953/3210/4451
f 2953/3210/4451 2951/3211/4452 2950/3208/4453
f 2954/3212/4454 2955/3213/4455 2956/3214/4456
f 2956/3214/4456 2977/3215/4457 2954/3212/4458
f 2957/3216/4459 2962/3217/4460 2958/3218/4461
f 2958/3218/4462 2960/3219/4463 2957/3216/4464
f 2959/3220/4465 2960/3219/4466 2958/3218/4462
f 2958/3218/4467 2961/3221/4468 2959/3220/4469
f 2966/3222/4470 2959/3220/4465 2961/3221/4468
f 2961/3221/4471 2967/3223/4472 2966/3222/4473
f 2962/3217/4460 2957/3216/4464 2965/3224/4474
f 2965/3224/4475 2963/3225/4476 2962/3217/4460
f 2963/3225/4477 2965/3224/4475 2964/3226/4478
f 2964/3226/4478 2968/3227/4479 2963/3225/4477
f 2966/3222/4470 2967/3223/4472 2972/3228/4480
f 2972/3228/4481 2971/3229/4482 2966/3222/4470
f 2964/3226/4478 2974/3230/4483 2973/3231/4484
f 2973/3231/4485 2968/3227/4479 2964/3226/4478
f 2969/3232/4486 2970/3233/4487 2971/3229/4488
f 2971/3229/4489 2972/3228/4481 2969/3232/4486
f 2976/3234/4490 2973/3231/4491 2974/3230/4492
f 2974/3230/4483 2975/3235/4493 2976/3234/4494
f 2977/3215/4495 2970/3233/4487 2969/3232/4486
f 2969/3232/4486 2954/3212/4458 2977/3215/4496
f 2976/3234/4497 2975/3235/4493 2952/3209/4498
f 2952/3209/4450 2950/3208/4453 2976/3234/4494
f 2978/3236/4499 2979/3237/4500 2981/3238/4501
f 2981/3238/4502 2980/3239/4503 2978/3236/4500
f 2985/3240/4499 2982/3241/4500 2984/3242/4502
f 2984/3242/4504 2983/3243/4504 2985/3240/4499
f 2990/3244/4505 2988/3245/4506 2987/3246/4507
f 2987/3246/4508 2991/3247/4509 2990/3244/4510
f 2986/3248/4511 2989/3249/4512 2990/3244/4510
f 2990/3244/4513 2991/3247/4514 2986/3248/4515
f 2992/3250/4516 2995/3251/4517 2993/3252/4518
f 2994/3253/4519 2993/3252/4518 2995/3251/4520
f 2996/3254/4521 2994/3253/4519 2995/3251/4522
f 2999/3255/4523 3011/3256/4524 3009/3257/4525
f 3009/3257/4525 3000/3258/4526 2999/3255/4523
f 3000/3258/4526 3009/3257/4525 2998/3259/4527
f 2998/3259/4527 3001/3260/4528 3000/3258/4529
f 3004/3261/4530 3002/3262/4531 3003/3263/4532
f 3003/3263/4532 2997/3264/4533 3004/3261/4534
f 3005/3265/4535 3004/3261/4536 2997/3264/4533
f 2997/3264/4533 3008/3266/4537 3005/3265/4535
f 2998/3267/4527 3009/3268/4525 3008/3266/4537
f 3008/3266/4537 2997/3264/4533 2998/3267/4527
f 3001/3260/4528 2998/3259/4527 3006/3269/4538
f 3006/3269/4538 3007/3270/4539 3001/3260/4540
f 3010/3271/4541 3008/3266/4542 3009/3268/4525
f 3009/3268/4525 3011/3272/4524 3010/3271/4541
f 3020/3273/4543 3038/3274/4544 3018/3275/4545
f 3056/3276/4546 3055/3277/4547 3015/3278/4548
f 3058/3279/4549 3057/3280/4550 3015/3278/4548
f 3061/3281/4551 3017/3282/4552 3036/3283/4553
f 3026/3284/4554 3022/3285/4555 3021/3286/4556
f 3021/3286/4556 3019/3287/4557 3026/3284/4554
f 3025/3288/4558 3022/3285/4555 3026/3284/4554
f 3026/3284/4554 3023/3289/4559 3025/3288/4560
f 3032/3290/4561 3035/3291/4562 3031/3292/4563
f 3031/3292/4564 3033/3293/4565 3032/3290/4566
f 3037/3294/4567 3024/3295/4568 3012/3296/4569
f 3012/3296/4569 3013/3297/4570 3037/3294/4567
f 3028/3298/4571 3040/3299/4572 3037/3300/4567
f 3037/3300/4567 3013/3301/4573 3028/3298/4574
f 3038/3274/4575 3058/3279/4549 3015/3278/4548
f 3015/3278/4548 3018/3275/4576 3038/3274/4544
f 3017/3302/4552 3065/3303/4577 3029/3304/4578
f 3029/3304/4579 3036/3305/4580 3017/3302/4552
f 3039/3306/4581 3066/3307/4582 3042/3308/4583
f 3042/3308/4583 3041/3309/4584 3039/3306/4585
f 3043/3310/4586 3030/3311/4587 3014/3312/4588
f 3014/3312/4589 3034/3313/4590 3043/3310/4591
f 3027/3314/4592 3047/3315/4593 3044/3316/4594
f 3044/3316/4594 3046/3317/4595 3027/3314/4596
f 3044/3316/4594 3050/3318/4597 3045/3319/4598
f 3048/3320/4599 3044/3316/4594 3047/3315/4600
f 3047/3315/4600 3051/3321/4601 3048/3320/4599
f 3048/3320/4599 3049/3322/4602 3050/3318/4597
f 3050/3318/4603 3044/3316/4594 3048/3320/4604
f 3048/3320/4604 3051/3321/4601 3052/3323/4605
f 3052/3323/4605 3055/3277/4547 3048/3320/4599
f 3049/3324/4602 3064/3325/4606 3053/3326/4607
f 3053/3326/4607 3050/3327/4603 3049/3324/4608
f 3054/3328/4609 3064/3325/4606 3049/3324/4602
f 3049/3324/4602 3056/3329/4546 3054/3328/4610
f 3055/3277/4547 3056/3276/4546 3049/3322/4608
f 3060/3330/4611 3059/3331/4612 3063/3332/4613
f 3063/3332/4613 3016/3333/4614 3060/3330/4611
f 3062/3334/4615 3067/3335/4616 3061/3281/4617
f 3063/3336/4618 3067/3335/4619 3062/3334/4615
f 3062/3334/4615 3016/3337/4614 3063/3336/4620
f 3052/3323/4621 3018/3275/4576 3015/3278/4548
f 3015/3278/4548 3055/3277/4547 3052/3323/4605
f 3076/3338/4622 3069/3339/4623 3068/3340/4624
f 3068/3340/4625 3070/3341/4626 3076/3338/4622
f 3070/3342/4626 3068/3343/4627 3071/3344/4628
f 3071/3344/4629 3075/3345/4630 3070/3342/4626
f 3073/3346/4631 3072/3347/4632 3075/3345/4633
f 3075/3345/4630 3071/3344/4634 3073/3346/4631
f 3079/3348/4635 3074/3349/4636 3080/3350/4637
f 3080/3350/4638 3077/3351/4639 3079/3348/4640
f 3079/3348/4640 3078/3352/4641 3081/3353/4642
f 3081/3353/4642 3074/3349/4636 3079/3348/4640
f 3085/3354/4643 3082/3355/4644 3084/3356/4645
f 3084/3356/4645 3087/3357/4646 3085/3354/4643
f 3085/3354/4643 3087/3357/4647 3090/3358/4648
f 3090/3358/4648 3088/3359/4649 3085/3354/4643
f 3092/3360/4650 3091/3361/4651 3093/3362/4652
f 3093/3362/4652 3094/3363/4653 3092/3360/4654
f 3094/3363/4653 3093/3362/4652 3083/3364/4655
f 3083/3364/4655 3095/3365/4656 3094/3363/4653
f 3098/3366/4657 3097/3367/4658 3096/3368/4659
f 3096/3368/4659 3086/3369/4660 3098/3366/4657
f 3098/3366/4657 3086/3369/4660 3089/3370/4661
f 3089/3370/4662 3099/3371/4663 3098/3366/4657
f 3103/3372/4664 3117/3373/4665 3114/3374/4666
f 3114/3374/4666 3104/3375/4667 3103/3372/4668
f 3106/3376/4669 3102/3377/4670 3105/3378/4671
f 3105/3378/4672 3107/3379/4673 3106/3376/4674
f 3112/3380/4675 3109/3381/4676 3110/3382/4677
f 3110/3382/4677 3108/3383/4678 3112/3380/4675
f 3111/3384/4679 3113/3385/4680 3101/3386/4681
f 3101/3386/4682 3100/3387/4683 3111/3384/4679
f 3108/3388/4684 3114/3389/4666 3115/3390/4685
f 3115/3390/4685 3116/3391/4686 3108/3388/4684
f 3120/3392/4687 3118/3393/4688 3125/3394/4689
f 3125/3394/4690 3119/3395/4691 3120/3392/4692
f 3121/3396/4693 3122/3397/4694 3123/3398/4695
f 3123/3398/4696 3124/3399/4697 3121/3396/4698
f 3129/3400/4699 3132/3401/4689 3128/3402/4691
f 3128/3402/4691 3127/3403/4700 3129/3400/4688
f 3131/3404/4697 3130/3405/4701 3133/3406/4694
f 3133/3406/4702 3126/3407/4696 3131/3404/4697
f 3136/3408/4703 3135/3409/4704 3134/3410/4705
f 3134/3410/4706 3137/3411/4707 3136/3408/4708
f 3141/3412/4709 3139/3413/4710 3138/3414/4711
f 3138/3414/4712 3140/3415/4713 3141/3412/4709
f 3148/3416/4714 3143/3417/4715 3142/3418/4716
f 3142/3418/4716 3145/3419/4717 3148/3416/4718
f 3147/3420/4719 3144/3421/4720 3143/3417/4715
f 3143/3417/4715 3148/3416/4714 3147/3420/4721
f 3145/3422/4717 3152/3423/4722 3146/3424/4723
f 3146/3424/4723 3148/3425/4714 3145/3422/4717
f 3148/3425/4724 3146/3424/4723 3149/3426/4725
f 3149/3426/4726 3147/3427/4727 3148/3425/4714
f 3150/3428/4728 3147/3427/4721 3149/3426/4726
f 3149/3426/4725 3151/3429/4729 3150/3428/4728
f 3152/3423/4730 3156/3430/4731 3153/3431/4732
f 3153/3431/4733 3146/3424/4734 3152/3423/4730
f 3149/3426/4725 3146/3424/4723 3153/3431/4732
f 3153/3431/4732 3155/3432/4735 3149/3426/4725
f 3149/3426/4725 3155/3432/4735 3154/3433/4736
f 3154/3433/4736 3151/3429/4737 3149/3426/4738
f 3163/3434/4739 3159/3435/4740 3158/3436/4741
f 3158/3436/4742 3157/3437/4743 3163/3434/4744
f 3158/3436/4745 3159/3435/4746 3170/3438/4747
f 3170/3438/4748 3165/3439/4749 3158/3436/4742
f 3160/3440/4750 3161/3441/4751 3162/3442/4752
f 3162/3442/4753 3164/3443/4754 3160/3440/4755
f 3162/3442/4756 3163/3434/4757 3157/3437/4743
f 3157/3437/4758 3164/3443/4754 3162/3442/4752
f 3171/3444/4759 3167/3445/4760 3172/3446/4761
f 3172/3446/4762 3166/3447/4763 3171/3444/4764
f 3172/3446/4765 3168/3448/4766 3169/3449/4767
f 3169/3449/4768 3166/3447/4769 3172/3446/4762
f 3168/3448/4766 3161/3441/4751 3160/3440/4750
f 3160/3440/4755 3169/3449/4768 3168/3448/4770
f 3165/3439/4771 3170/3438/4772 3167/3450/4760
f 3167/3450/4760 3171/3451/4773 3165/3439/4771
f 3174/3452/4774 3188/3453/4775 3186/3454/4776
f 3186/3454/4777 3173/3455/4778 3174/3452/4779
f 3182/3456/4780 3188/3453/4781 3174/3452/4782
f 3174/3452/4782 3183/3457/4783 3182/3456/4780
f 3187/3458/4784 3185/3459/4785 3175/3460/4786
f 3175/3460/4786 3176/3461/4787 3187/3458/4784
f 3173/3455/4788 3186/3454/4776 3187/3458/4789
f 3187/3458/4790 3176/3461/4787 3173/3455/4791
f 3180/3462/4792 3184/3463/4793 3178/3464/4794
f 3178/3464/4794 3177/3465/4795 3180/3462/4792
f 3181/3466/4796 3179/3467/4797 3180/3462/4798
f 3180/3462/4798 3177/3465/4799 3181/3466/4796
f 3175/3460/4786 3185/3459/4800 3179/3468/4801
f 3179/3468/4797 3181/3469/4802 3175/3460/4786
f 3184/3463/4803 3182/3456/4804 3183/3457/4805
f 3183/3457/4806 3178/3464/4807 3184/3463/4808
f 3192/3470/4809 3197/3471/4810 3191/3472/4811
f 3191/3472/4812 3193/3473/4813 3192/3470/4809
f 3189/3474/4814 3192/3470/4809 3193/3473/4813
f 3193/3473/4813 3195/3475/4815 3189/3474/4816
f 3193/3476/4813 3191/3477/4812 3196/3478/4817
f 3196/3478/4818 3194/3479/4819 3193/3476/4813
f 3195/3475/4815 3193/3473/4813 3194/3480/4820
f 3194/3480/4821 3190/3481/4822 3195/3475/4815
f 3199/3482/4823 3201/3483/4824 3202/3484/4825
f 3200/3485/4826 3206/3486/4827 3205/3487/4828
f 3202/3484/4825 3207/3488/4829 3199/3482/4830
f 3203/3489/4831 3204/3490/4832 3200/3485/4826
f 3207/3488/4833 3198/3491/4834 3199/3482/4830
f 3200/3485/4835 3205/3487/4828 3203/3489/4831
f 3199/3482/4830 3200/3485/4835 3204/3490/4836
f 3204/3490/4836 3201/3483/4837 3199/3482/4823
f 3206/3486/4827 3200/3485/4835 3199/3482/4823
f 3199/3482/4823 3198/3491/4838 3206/3486/4839
f 3211/3492/4840 3210/3493/4841 3209/3494/4842
f 3209/3494/4843 3215/3495/4844 3211/3492/4840
f 3208/3496/4845 3212/3497/4846 3210/3493/4847
f 3210/3493/4848 3211/3492/4849 3208/3496/4850
f 3214/3498/4851 3213/3499/4852 3215/3495/4853
f 3215/3495/4854 3209/3494/4855 3214/3498/4856
f 3221/3500/4857 3218/3501/4858 3216/3502/4859
f 3216/3502/4859 3220/3503/4860 3221/3500/4857
f 3218/3504/4861 3221/3505/4857 3217/3506/4862
f 3217/3506/4863 3219/3507/4864 3218/3504/4865
f 3223/3508/4866 3226/3509/4867 3222/3510/4868
f 3222/3510/4868 3227/3511/4869 3223/3508/4870
f 3224/3512/4871 3223/3508/4866 3227/3511/4869
f 3227/3511/4872 3228/3513/4873 3224/3512/4874
f 3225/3514/4875 3224/3515/4871 3228/3513/4873
f 3228/3513/4873 3229/3516/4876 3225/3514/4875
f 3234/3517/4877 3230/3518/4878 3235/3519/4879
f 3235/3519/4880 3231/3520/4881 3234/3517/4882
f 3232/3521/4883 3233/3522/4884 3234/3523/4885
f 3234/3523/4886 3231/3524/4881 3232/3521/4883
f 3236/3525/4887 3237/3526/4888 3238/3527/4889
f 3238/3527/4889 3242/3528/4890 3236/3525/4891
f 3237/3526/4892 3239/3529/4893 3240/3530/4894
f 3240/3530/4895 3238/3527/4896 3237/3526/4897
f 3241/3531/4898 3236/3525/4899 3242/3528/4900
f 3242/3528/4901 3243/3532/4902 3241/3531/4903
f 3244/3533/4904 3246/3534/4905 3251/3535/4906
f 3251/3535/4907 3250/3536/4908 3244/3533/4909
f 3245/3537/4910 3247/3538/4911 3246/3534/4905
f 3246/3534/4912 3244/3533/4904 3245/3537/4913
f 3250/3536/4908 3251/3535/4914 3249/3539/4915
f 3249/3539/4915 3248/3540/4916 3250/3536/4917
f 3254/3541/4918 3253/3542/4919 3252/3543/4920
f 3252/3543/4921 3255/3544/4922 3254/3541/4923
f 3253/3545/4924 3256/3546/4925 3257/3547/4926
f 3257/3547/4926 3252/3548/4921 3253/3545/4924
f 3259/3549/4927 3260/3550/4928 3263/3551/4929
f 3263/3551/4930 3262/3552/4931 3259/3549/4932
f 3263/3553/4933 3261/3554/4934 3258/3555/4935
f 3258/3555/4935 3262/3556/4936 3263/3553/4933
f 3261/3554/4937 3264/3557/4938 3265/3558/4939
f 3265/3558/4939 3258/3555/4935 3261/3554/4937
f 3269/3559/4940 3267/3560/4941 3268/3561/4942
f 3268/3561/4943 3266/3562/4944 3269/3559/4945
f 3267/3563/4946 3271/3564/4947 3270/3565/4948
f 3270/3565/4949 3268/3566/4942 3267/3563/4941
f 3274/3567/4950 3272/3568/4951 3273/3569/4952
f 3276/3570/4953 3272/3568/4954 3274/3567/4955
f 3274/3567/4956 3275/3571/4957 3276/3570/4958
f 3281/3572/4959 3282/3573/4960 3278/3574/4961
f 3278/3574/4961 3280/3575/4962 3281/3572/4959
f 3277/3576/4963 3279/3577/4964 3282/3573/4965
f 3282/3573/4966 3281/3572/4959 3277/3576/4967
f 3288/3578/4968 3285/3579/4969 3283/3580/4970
f 3283/3580/4971 3286/3581/4972 3288/3578/4968
f 3286/3582/4972 3287/3583/4973 3284/3584/4974
f 3284/3584/4975 3288/3585/4976 3286/3582/4972
f 3291/3586/4977 3293/3587/4978 3289/3588/4979
f 3289/3588/4980 3290/3589/4981 3291/3586/4982
f 3291/3586/4977 3290/3589/4983 3294/3590/4984
f 3294/3590/4985 3292/3591/4986 3291/3586/4987
f 3300/3592/4988 3296/3593/4989 3295/3594/4990
f 3295/3594/4991 3298/3595/4992 3300/3592/4988
f 3300/3596/4988 3298/3597/4993 3299/3598/4994
f 3299/3598/4995 3297/3599/4996 3300/3596/4997
f 3306/3600/4998 3302/3601/4999 3305/3602/5000
f 3305/3602/5000 3303/3603/5001 3306/3600/4998
f 3304/3604/5002 3302/3605/4999 3306/3606/5003
f 3306/3606/5004 3301/3607/5005 3304/3604/5002
f 3309/3608/5006 3310/3609/5007 3308/3610/5008
f 3308/3610/5008 3312/3611/5009 3309/3608/5010
f 3307/3612/5011 3310/3609/5012 3309/3608/5013
f 3309/3608/5010 3311/3613/5014 3307/3612/5015
f 3316/3614/5016 3317/3615/5017 3315/3616/5018
f 3315/3616/5018 3318/3617/5019 3316/3614/5020
f 3314/3618/5021 3317/3619/5017 3316/3620/5016
f 3316/3620/5016 3313/3621/5022 3314/3618/5021
f 3324/3622/5023 3327/3623/5024 3322/3624/5025
f 3322/3624/5026 3323/3625/5027 3324/3622/5028
f 3325/3626/5029 3324/3622/5030 3323/3625/5027
f 3323/3625/5027 3320/3627/5031 3325/3626/5032
f 3326/3628/5033 3325/3626/5034 3320/3627/5031
f 3320/3627/5031 3321/3629/5035 3326/3628/5033
f 3327/3630/5024 3324/3631/5023 3328/3632/5036
f 3328/3632/5036 3334/3633/5037 3327/3630/5024
f 3324/3631/5023 3325/3634/5029 3329/3635/5038
f 3329/3635/5038 3328/3632/5036 3324/3631/5028
f 3326/3636/5033 3330/3637/5039 3329/3635/5040
f 3329/3635/5038 3325/3634/5034 3326/3636/5033
f 3334/3633/5037 3328/3632/5041 3331/3638/5042
f 3331/3638/5043 3319/3639/5044 3334/3633/5037
f 3329/3635/5040 3333/3640/5045 3331/3638/5042
f 3331/3638/5042 3328/3632/5036 3329/3635/5046
f 3329/3635/5046 3330/3637/5039 3332/3641/5047
f 3332/3641/5047 3333/3640/5045 3329/3635/5038
f 3336/3642/5048 3337/3643/5049 3347/3644/5050
f 3347/3644/5051 3335/3645/5052 3336/3642/5053
f 3348/3646/5054 3337/3643/5049 3336/3642/5048
f 3336/3642/5048 3338/3647/5055 3348/3646/5054
f 3340/3648/5056 3346/3649/5057 3342/3650/5058
f 3342/3650/5058 3339/3651/5059 3340/3648/5060
f 3335/3645/5052 3347/3644/5050 3340/3648/5060
f 3340/3648/5061 3339/3651/5062 3335/3645/5052
f 3344/3652/5063 3349/3653/5064 3341/3654/5065
f 3341/3654/5066 3343/3655/5067 3344/3652/5068
f 3345/3656/5069 3350/3657/5070 3344/3652/5068
f 3344/3652/5068 3343/3655/5067 3345/3656/5071
f 3342/3650/5058 3346/3649/5072 3350/3657/5070
f 3350/3657/5070 3345/3656/5069 3342/3650/5073
f 3349/3658/5064 3348/3646/5074 3338/3647/5055
f 3338/3647/5075 3341/3659/5066 3349/3658/5076
f 3353/3660/5077 3362/3661/5078 3351/3662/5079
f 3351/3662/5079 3354/3663/5080 3353/3660/5077
f 3351/3662/5079 3362/3661/5081 3363/3664/5082
f 3363/3664/5083 3352/3665/5084 3351/3662/5079
f 3360/3666/5085 3366/3667/5086 3356/3668/5087
f 3356/3668/5087 3355/3669/5088 3360/3666/5089
f 3356/3668/5090 3353/3660/5091 3354/3663/5080
f 3354/3663/5092 3355/3669/5093 3356/3668/5090
f 3357/3670/5094 3364/3671/5095 3365/3672/5096
f 3365/3672/5096 3358/3673/5097 3357/3670/5098
f 3365/3672/5096 3361/3674/5099 3359/3675/5100
f 3359/3675/5101 3358/3673/5097 3365/3672/5096
f 3361/3676/5099 3366/3667/5102 3360/3666/5103
f 3360/3666/5085 3359/3677/5101 3361/3676/5104
f 3352/3665/5105 3363/3664/5082 3364/3671/5095
f 3364/3671/5095 3357/3670/5098 3352/3665/5105
f 3371/3678/5106 3374/3679/5107 3372/3680/5108
f 3372/3680/5109 3370/3681/5110 3371/3678/5106
f 3374/3679/5107 3371/3678/5106 3367/3682/5111
f 3367/3682/5111 3375/3683/5112 3374/3679/5107
f 3374/3684/5107 3373/3685/5113 3369/3686/5114
f 3369/3686/5115 3372/3687/5116 3374/3684/5107
f 3373/3688/5117 3374/3679/5107 3375/3683/5112
f 3375/3683/5112 3368/3689/5118 3373/3688/5113
f 3379/3690/5119 3384/3691/5120 3381/3692/5121
f 3385/3693/5122 3376/3694/5123 3377/3695/5124
f 3384/3691/5120 3379/3690/5119 3378/3696/5125
f 3380/3697/5126 3385/3693/5122 3382/3698/5127
f 3378/3696/5128 3379/3690/5119 3383/3699/5129
f 3385/3693/5130 3380/3697/5126 3376/3694/5131
f 3382/3698/5132 3385/3693/5133 3379/3690/5134
f 3379/3690/5134 3381/3692/5135 3382/3698/5136
f 3379/3690/5119 3385/3693/5130 3377/3695/5124
f 3377/3695/5124 3383/3699/5129 3379/3690/5134
f 3389/3700/5137 3392/3701/5138 3393/3702/5139
f 3393/3702/5140 3387/3703/5141 3389/3700/5137
f 3387/3703/5142 3390/3704/5143 3388/3705/5144
f 3388/3705/5145 3389/3700/5146 3387/3703/5141
f 3391/3706/5147 3393/3702/5139 3392/3701/5138
f 3392/3701/5138 3386/3707/5148 3391/3706/5149
f 3399/3708/5150 3395/3709/5151 3396/3710/5152
f 3396/3710/5153 3398/3711/5154 3399/3708/5150
f 3398/3712/5155 3400/3713/5156 3401/3714/5157
f 3401/3714/5158 3399/3715/5159 3398/3712/5160
f 3398/3712/5155 3397/3716/5161 3394/3717/5162
f 3394/3717/5162 3400/3713/5156 3398/3712/5163
f 3404/3718/5164 3405/3719/5165 3403/3720/5166
f 3403/3720/5167 3402/3721/5168 3404/3718/5169
f 3406/3722/5170 3407/3723/5171 3405/3719/5165
f 3405/3719/5172 3404/3718/5173 3406/3722/5170
f 3409/3724/5174 3408/3725/5175 3407/3723/5171
f 3407/3723/5176 3406/3726/5170 3409/3724/5177
f 3413/3727/5178 3412/3728/5179 3414/3729/5180
f 3414/3729/5180 3410/3730/5181 3413/3727/5178
f 3413/3731/5182 3415/3732/5183 3411/3733/5184
f 3411/3733/5185 3412/3734/5186 3413/3731/5178
f 3416/3735/5187 3417/3736/5188 3421/3737/5189
f 3421/3737/5190 3420/3738/5191 3416/3735/5192
f 3420/3738/5193 3421/3737/5194 3419/3739/5195
f 3419/3739/5196 3418/3740/5197 3420/3738/5198
f 3423/3741/5199 3422/3742/5200 3417/3736/5201
f 3417/3736/5201 3416/3735/5202 3423/3741/5203
f 3424/3743/5204 3428/3744/5205 3425/3745/5206
f 3425/3745/5207 3430/3746/5208 3424/3743/5209
f 3428/3744/5210 3426/3747/5211 3427/3748/5212
f 3427/3748/5212 3425/3745/5213 3428/3744/5205
f 3429/3749/5214 3424/3743/5215 3430/3746/5216
f 3430/3746/5217 3431/3750/5218 3429/3749/5219
f 3435/3751/5220 3436/3752/5221 3437/3753/5222
f 3437/3753/5223 3433/3754/5224 3435/3751/5220
f 3432/3755/5225 3434/3756/5226 3433/3757/5224
f 3433/3757/5224 3437/3758/5223 3432/3755/5227
f 3440/3759/5228 3438/3760/5229 3439/3761/5230
f 3439/3761/5231 3443/3762/5232 3440/3759/5228
f 3441/3763/5233 3442/3764/5234 3443/3765/5235
f 3443/3765/5235 3439/3766/5230 3441/3763/5236
f 3447/3767/5237 3445/3768/5238 3444/3769/5239
f 3444/3769/5240 3448/3770/5241 3447/3767/5237
f 3449/3771/5242 3446/3772/5243 3448/3773/5244
f 3448/3773/5241 3444/3774/5239 3449/3771/5242
f 3453/3775/5245 3454/3776/5246 3452/3777/5247
f 3455/3778/5248 3450/3779/5249 3454/3776/5250
f 3450/3779/5251 3452/3777/5247 3454/3776/5246
f 3451/3780/5252 3450/3781/5249 3455/3782/5253
f 3455/3782/5248 3456/3783/5254 3451/3780/5255
f 3463/3784/5256 3466/3785/5257 3460/3786/5258
f 3458/3787/5259 3460/3786/5258 3466/3785/5260
f 3459/3788/5261 3462/3789/5262 3461/3790/5263
f 3466/3785/5257 3465/3791/5264 3458/3787/5265
f 3465/3791/5264 3467/3792/5266 3458/3787/5265
f 3464/3793/5267 3468/3794/5268 3467/3795/5269
f 3467/3795/5270 3465/3796/5271 3464/3793/5272
f 3458/3797/5265 3467/3795/5269 3468/3794/5268
f 3468/3794/5268 3457/3798/5273 3458/3797/5259
f 3469/3799/5274 3470/3800/5275 3471/3801/5276
f 3471/3801/5277 3472/3802/5278 3469/3799/5274
f 3472/3802/5279 3471/3801/5276 3474/3803/5280
f 3474/3803/5281 3473/3804/5282 3472/3802/5283
f 3478/3805/5284 3479/3806/5285 3480/3807/5286
f 3480/3807/5287 3475/3808/5288 3478/3805/5289
f 3475/3808/5288 3480/3807/5290 3477/3809/5291
f 3477/3809/5292 3476/3810/5293 3475/3808/5288
f 3482/3811/5294 3481/3812/5295 3483/3813/5296
f 3483/3813/5296 3484/3814/5297 3482/3811/5298
f 3490/3815/5299 3485/3816/5300 3492/3817/5301
f 3492/3817/5301 3491/3818/5302 3490/3815/5299
f 3486/3819/5303 3488/3820/5304 3489/3821/5305
f 3489/3821/5306 3491/3822/5302 3486/3819/5307
f 3487/3823/5308 3490/3824/5309 3489/3825/5310
f 3489/3825/5311 3488/3826/5312 3487/3823/5313
f 3497/3827/5314 3495/3828/5315 3493/3829/5316
f 3493/3829/5316 3496/3830/5317 3497/3827/5314
f 3499/3831/5318 3494/3832/5319 3498/3833/5320
f 3493/3829/5316 3495/3828/5321 3498/3833/5322
f 3498/3833/5322 3494/3832/5319 3493/3829/5323
f 3502/3834/5324 3504/3835/5325 3505/3836/5326
f 3505/3836/5327 3503/3837/5328 3502/3834/5329
f 3507/3838/5330 3500/3839/5331 3506/3840/5332
f 3506/3840/5332 3501/3841/5333 3507/3838/5330
f 3505/3836/5326 3504/3835/5325 3506/3842/5332
f 3506/3842/5334 3500/3843/5331 3505/3836/5326
f 3511/3844/5335 3510/3845/5336 3514/3846/5337
f 3514/3846/5337 3512/3847/5338 3511/3844/5335
f 3516/3848/5339 3510/3845/5336 3511/3844/5335
f 3511/3844/5335 3517/3849/5340 3516/3848/5339
f 3512/3847/5341 3515/3850/5342 3513/3851/5343
f 3513/3851/5343 3511/3844/5335 3512/3847/5344
f 3517/3849/5340 3511/3844/5335 3513/3851/5343
f 3522/3852/5345 3519/3853/5346 3508/3854/5347
f 3518/3855/5348 3509/3856/5349 3521/3857/5350
f 3527/3858/5351 3523/3859/5352 3522/3852/5353
f 3522/3852/5353 3525/3860/5354 3527/3858/5355
f 3521/3857/5350 3526/3861/5356 3524/3862/5357
f 3524/3862/5357 3520/3863/5358 3521/3857/5350
f 3624/3864/5359 3567/3865/5360 3640/3866/5361
f 3649/3867/5362 3643/3868/5363 3529/3869/5364
f 3532/3870/5365 3644/3871/5366 3569/3872/5367
f 3530/3873/5368 3645/3874/5369 3531/3875/5370
f 3575/3876/5371 3533/3877/5372 3633/3878/5373
f 3536/3879/5374 3537/3880/5375 3534/3881/5376
f 3535/3882/5377 3539/3883/5378 3538/3884/5379
f 3610/3885/5380 3611/3886/5381 3606/3887/5382
f 3603/3888/5383 3607/3889/5384 3545/3890/5385
f 3608/3891/5386 3607/3889/5384 3549/3892/5387
f 3618/3893/5388 3619/3894/5389 3546/3895/5390
f 3617/3896/5391 3549/3892/5392 3616/3897/5393
f 3647/3898/5394 3561/3899/5395 3624/3864/5359
f 3529/3869/5364 3630/3900/5396 3552/3901/5397
f 3624/3864/5359 3640/3866/5361 3647/3898/5394
f 3552/3901/5397 3649/3867/5362 3529/3869/5364
f 3612/3902/5398 3640/3866/5361 3639/3903/5399
f 3641/3904/5400 3649/3867/5362 3615/3905/5401
f 3612/3902/5402 3639/3903/5399 3613/3906/5403
f 3553/3907/5404 3641/3904/5400 3615/3905/5401
f 3555/3908/5405 3528/3909/5406 3554/3910/5407
f 3554/3910/5407 3650/3911/5408 3555/3908/5409
f 3632/3912/5410 3556/3913/5411 3651/3914/5412
f 3651/3914/5413 3544/3915/5414 3632/3912/5415
f 3650/3916/5416 3557/3917/5417 3604/3918/5418
f 3557/3919/5419 3558/3920/5420 3559/3921/5421
f 3559/3921/5422 3560/3922/5423 3557/3919/5424
f 3561/3899/5395 3604/3918/5425 3557/3917/5424
f 3557/3917/5424 3560/3923/5423 3561/3899/5395
f 3564/3924/5426 3562/3925/5427 3544/3926/5428
f 3646/3927/5429 3563/3928/5430 3562/3929/5427
f 3562/3929/5431 3565/3930/5432 3646/3927/5429
f 3630/3900/5396 3565/3931/5433 3562/3925/5434
f 3562/3925/5435 3564/3924/5426 3630/3900/5396
f 3567/3865/5436 3624/3864/5359 3559/3932/5422
f 3559/3932/5422 3558/3933/5437 3567/3865/5436
f 3568/3934/5438 3563/3928/5439 3643/3935/5363
f 3643/3935/5363 3642/3936/5440 3568/3934/5441
f 3646/3937/5429 3529/3869/5364 3643/3868/5442
f 3643/3868/5443 3563/3938/5444 3646/3937/5429
f 3636/3939/5445 3571/3940/5446 3572/3941/5447
f 3572/3941/5447 3635/3942/5448 3636/3939/5449
f 3574/3943/5450 3576/3944/5451 3634/3945/5452
f 3634/3945/5453 3573/3946/5454 3574/3943/5455
f 3579/3947/5456 3578/3948/5457 3577/3949/5458
f 3577/3949/5458 3583/3950/5459 3579/3947/5460
f 3580/3951/5461 3637/3952/5462 3581/3953/5463
f 3581/3953/5464 3550/3954/5465 3580/3951/5461
f 3638/3955/5466 3582/3956/5467 3540/3957/5468
f 3540/3957/5468 3551/3958/5469 3638/3955/5470
f 3585/3959/5471 3541/3960/5472 3621/3961/5473
f 3621/3961/5473 3586/3962/5474 3585/3959/5475
f 3620/3963/5476 3542/3964/5477 3589/3965/5478
f 3589/3965/5478 3587/3966/5479 3620/3963/5480
f 3591/3967/5481 3570/3968/5482 3590/3969/5483
f 3590/3969/5483 3584/3970/5484 3591/3967/5485
f 3588/3971/5486 3594/3972/5487 3593/3973/5488
f 3593/3973/5488 3592/3974/5489 3588/3971/5486
f 3543/3975/5490 3595/3976/5491 3600/3977/5492
f 3600/3977/5493 3599/3978/5494 3543/3975/5495
f 3605/3979/5496 3596/3980/5497 3597/3981/5498
f 3597/3981/5499 3602/3982/5500 3605/3979/5501
f 3602/3982/5500 3599/3978/5494 3598/3983/5502
f 3598/3983/5502 3601/3984/5503 3602/3982/5500
f 3603/3985/5504 3601/3984/5503 3598/3983/5505
f 3598/3983/5502 3606/3986/5382 3603/3985/5506
f 3600/3987/5493 3604/3918/5418 3610/3885/5380
f 3610/3885/5380 3606/3887/5382 3600/3987/5493
f 3545/3890/5385 3564/3924/5426 3605/3988/5501
f 3605/3988/5501 3603/3888/5504 3545/3890/5507
f 3606/3887/5382 3611/3886/5381 3607/3889/5384
f 3607/3889/5384 3603/3888/5383 3606/3887/5382
f 3619/3894/5389 3549/3892/5392 3607/3889/5384
f 3607/3889/5384 3611/3886/5381 3619/3894/5389
f 3609/3989/5508 3545/3890/5509 3607/3889/5384
f 3607/3889/5384 3608/3891/5386 3609/3989/5508
f 3611/3886/5381 3610/3885/5380 3548/3990/5510
f 3548/3990/5511 3547/3991/5512 3611/3886/5381
f 3546/3895/5513 3612/3902/5402 3613/3906/5514
f 3613/3906/5514 3618/3893/5388 3546/3895/5513
f 3614/3992/5515 3612/3902/5402 3546/3895/5390
f 3553/3907/5516 3615/3905/5401 3617/3896/5517
f 3617/3896/5517 3616/3897/5393 3553/3907/5404
f 3617/3896/5391 3615/3905/5401 3648/3993/5518
f 3618/3893/5519 3616/3897/5393 3549/3892/5392
f 3549/3892/5392 3619/3894/5389 3618/3893/5388
f 3647/3898/5394 3610/3885/5380 3604/3918/5425
f 3604/3918/5425 3561/3899/5395 3647/3898/5394
f 3548/3990/5511 3610/3885/5380 3647/3898/5394
f 3647/3898/5394 3614/3992/5515 3548/3990/5511
f 3564/3924/5426 3545/3890/5385 3552/3901/5397
f 3552/3901/5520 3630/3900/5396 3564/3924/5426
f 3552/3901/5397 3545/3890/5385 3609/3989/5508
f 3609/3989/5508 3648/3993/5521 3552/3901/5397
f 3623/3994/5522 3631/3995/5523 3625/3996/5524
f 3625/3996/5524 3622/3997/5525 3623/3994/5522
f 3628/3998/5526 3626/3999/5527 3629/4000/5528
f 3629/4000/5529 3627/4001/5530 3628/3998/5526
f 3639/3903/5399 3640/3866/5361 3567/3865/5436
f 3567/3865/5436 3566/4002/5531 3639/3903/5399
f 3643/3868/5442 3649/3867/5362 3641/3904/5400
f 3641/3904/5400 3642/4003/5440 3643/3868/5442
f 3640/3866/5361 3612/3902/5402 3614/3992/5515
f 3614/3992/5515 3647/3898/5532 3640/3866/5361
f 3648/3993/5518 3615/3905/5401 3649/3867/5362
f 3649/3867/5362 3552/3901/5520 3648/3993/5521
f 3654/4004/5533 3655/4005/5534 3653/4006/5535
f 3653/4006/5536 3652/4007/5537 3654/4004/5533
f 3657/4008/5538 3659/4009/5539 3656/4010/5540
f 3656/4010/5540 3658/4011/5541 3657/4008/5542
f 3658/4011/5541 3660/4012/5543 3661/4013/5544
f 3661/4013/5544 3657/4008/5538 3658/4011/5541
f 3660/4012/5543 3662/4014/5545 3663/4015/5546
f 3663/4015/5546 3661/4013/5544 3660/4012/5543
f 3667/4016/5547 3666/4017/5548 3665/4018/3721
f 3665/4018/3721 3664/4019/5549 3667/4016/5550
f 3666/4020/5551 3667/4021/5552 3668/4022/5553
f 3668/4022/5553 3669/4023/5554 3666/4020/5551
f 3671/4024/5555 3675/4025/5556 3670/4026/5557
f 3675/4025/5556 3671/4024/5555 3674/4027/5558
f 3677/4028/5559 3672/4029/5560 3676/4030/5561
f 3672/4029/5560 3677/4028/5559 3673/4031/5562
f 3670/4026/5563 3675/4025/5556 3672/4029/5560
f 3672/4029/5560 3673/4031/5564 3670/4026/5563
f 3674/4027/5558 3676/4030/5565 3672/4029/5560
f 3672/4029/5560 3675/4025/5556 3674/4027/5558
f 3678/4032/5566 3677/4028/5559 3676/4030/5565
f 3676/4030/5565 3679/4033/5567 3678/4032/5568
f 3687/4034/5569 3682/4035/5570 3683/4036/5571
f 3683/4036/5572 3684/4037/5573 3687/4034/5569
f 3680/4038/5574 3686/4039/5575 3685/4040/5576
f 3685/4040/5577 3681/4041/5578 3680/4038/5574
f 3687/4034/5569 3680/4038/5574 3681/4041/5579
f 3681/4041/5578 3682/4035/5580 3687/4034/5581
f 3693/4042/5582 3689/4043/5583 3690/4044/5584
f 3690/4044/5584 3688/4045/5585 3693/4042/5582
f 3689/4043/5586 3692/4046/5587 3691/4047/5588
f 3691/4047/5588 3690/4044/5589 3689/4043/5586
f 3693/4042/5582 3688/4045/5585 3695/4048/5590
f 3695/4048/5591 3694/4049/5592 3693/4042/5582
f 3694/4049/5592 3695/4048/5590 3696/4050/5593
f 3696/4050/5594 3698/4051/5595 3694/4049/5592
f 3698/4051/5596 3696/4050/5594 3697/4052/5597
f 3697/4052/5598 3699/4053/5599 3698/4051/5596
f 3706/4054/5600 3756/4055/5601 3719/4056/5602
f 3720/4057/5603 3721/4058/5604 3763/4059/5605
f 3725/4060/5606 3724/4061/5607 3767/4062/5608
f 3751/4063/5609 3726/4064/5610 3754/4065/5611
f 3700/4066/5612 3702/4067/5613 3717/4068/5614
f 3717/4068/5614 3718/4069/5615 3700/4066/5616
f 3715/4070/5617 3705/4071/5618 3704/4072/5619
f 3704/4072/5619 3729/4073/5620 3715/4070/5617
f 3706/4054/5600 3757/4074/5621 3723/4075/5622
f 3723/4075/5622 3756/4055/5623 3706/4054/5600
f 3755/4076/5624 3762/4077/5625 3763/4059/5605
f 3763/4059/5626 3721/4058/5604 3755/4076/5627
f 3730/4078/5628 3728/4079/5629 3727/4080/5630
f 3727/4080/5630 3731/4081/5631 3730/4078/5632
f 3733/4082/5633 3732/4083/5634 3703/4084/5635
f 3703/4084/5635 3734/4085/5636 3733/4082/5633
f 3732/4083/5637 3733/4082/5633 3735/4086/5638
f 3735/4086/5638 3701/4087/5639 3732/4083/5640
f 3711/4088/5641 3708/4089/5642 3707/4090/5643
f 3707/4090/5644 3712/4091/5645 3711/4088/5641
f 3709/4092/5646 3737/4093/5647 3713/4094/5648
f 3713/4094/5649 3736/4095/5650 3709/4092/5646
f 3739/4096/5651 3740/4097/5652 3743/4098/5653
f 3743/4098/5654 3741/4099/5655 3739/4096/5656
f 3765/4100/5657 3753/4101/5658 3742/4102/5659
f 3742/4102/5659 3738/4103/5660 3765/4100/5661
f 3744/4104/5662 3714/4105/5663 3745/4106/5664
f 3746/4107/5665 3710/4108/5666 3747/4109/5667
f 3747/4109/5668 3748/4110/5669 3746/4107/5670
f 3749/4111/5671 3716/4112/5672 3767/4062/5608
f 3767/4062/5673 3766/4113/5674 3749/4111/5675
f 3757/4074/5676 3706/4054/5600 3758/4114/5677
f 3764/4115/5678 3763/4059/5605 3762/4077/5625
f 3760/4116/5679 3722/4117/5680 3766/4113/5674
f 3766/4113/5674 3767/4062/5681 3760/4116/5682
f 3760/4116/5683 3767/4062/5608 3759/4118/5684
f 3768/4119/5685 3751/4063/5686 3752/4120/5687
f 3752/4120/5688 3750/4121/5689 3768/4119/5685
f 3761/4122/5690 3751/4063/5691 3768/4119/5685
f 3775/4123/5692 3771/4124/5693 3769/4125/5694
f 3773/4126/5695 3776/4127/5696 3770/4128/5697
f 3775/4123/5698 3770/4128/5699 3776/4127/5696
f 3776/4127/5696 3771/4124/5693 3775/4123/5698
f 3777/4129/5700 3770/4128/5699 3775/4123/5701
f 3775/4123/5701 3774/4130/5702 3777/4129/5703
f 3774/4130/5702 3772/4131/5704 3778/4132/5705
f 3778/4132/5705 3777/4129/5703 3774/4130/5702
f 3786/4133/5706 3823/4134/5707 3812/4135/5708
f 3813/4136/5709 3824/4137/5710 3816/4138/5711
f 3791/4139/5712 3793/4140/5713 3792/4141/5714
f 3792/4141/5714 3865/4142/5715 3791/4139/5712
f 3797/4143/5716 3794/4144/5717 3799/4145/5718
f 3799/4145/5718 3796/4146/5719 3797/4143/5716
f 3864/4147/5720 3800/4148/5721 3801/4149/5722
f 3801/4149/5722 3785/4150/5723 3864/4147/5724
f 3806/4151/5725 3795/4152/5726 3803/4153/5727
f 3803/4153/5728 3804/4154/5729 3806/4151/5725
f 3866/4155/5730 3779/4156/5731 3807/4157/5732
f 3807/4157/5733 3802/4158/5734 3866/4155/5730
f 3810/4159/5735 3808/4160/5736 3809/4161/5737
f 3809/4161/5737 3805/4162/5738 3810/4159/5735
f 3781/4163/5739 3814/4164/5740 3815/4165/5741
f 3815/4165/5741 3780/4166/5742 3781/4163/5743
f 3817/4167/5744 3821/4168/5745 3818/4169/5746
f 3818/4169/5746 3819/4170/5747 3817/4167/5748
f 3816/4138/5711 3786/4133/5749 3820/4171/5750
f 3820/4171/5750 3870/4172/5751 3816/4138/5711
f 3863/4173/5752 3811/4174/5753 3798/4175/5754
f 3798/4175/5755 3822/4176/5756 3863/4173/5752
f 3824/4137/5757 3823/4134/5758 3786/4133/5749
f 3786/4133/5749 3816/4138/5711 3824/4137/5757
f 3783/4177/5759 3826/4178/5760 3825/4179/5761
f 3825/4179/5762 3829/4180/5763 3783/4177/5764
f 3827/4181/5765 3869/4182/5766 3782/4183/5767
f 3782/4183/5768 3828/4184/5769 3827/4181/5770
f 3834/4185/5771 3787/4186/5772 3833/4187/5773
f 3833/4187/5774 3830/4188/5775 3834/4185/5776
f 3832/4189/5777 3788/4190/5778 3867/4191/5779
f 3867/4191/5780 3831/4192/5781 3832/4189/5782
f 3835/4193/5783 3837/4194/5784 3838/4195/5785
f 3838/4195/5785 3836/4196/5786 3835/4193/5787
f 3839/4197/5788 3840/4198/5789 3862/4199/5790
f 3862/4199/5790 3841/4200/5791 3839/4197/5792
f 3843/4201/5793 3845/4202/5794 3842/4203/5795
f 3842/4203/5796 3844/4204/5797 3843/4201/5793
f 3849/4205/5798 3784/4206/5799 3848/4207/5800
f 3848/4207/5800 3850/4208/5801 3849/4205/5802
f 3851/4209/5803 3868/4210/5804 3852/4211/5805
f 3852/4211/5806 3853/4212/5807 3851/4209/5803
f 3789/4213/5808 3846/4214/5809 3854/4215/5810
f 3854/4215/5810 3855/4216/5811 3789/4213/5812
f 3790/4217/5813 3857/4218/5814 3856/4219/5815
f 3856/4219/5816 3847/4220/5817 3790/4217/5818
f 3860/4221/5819 3861/4222/5820 3859/4223/5821
f 3859/4223/5822 3858/4224/5823 3860/4221/5819
f 3872/4225/5824 3891/4226/5825 3890/4227/5826
f 3891/4226/5825 3892/4228/5827 3885/4229/5828
f 3874/4230/5829 3891/4226/5825 3883/4231/5830
f 3886/4232/5831 3891/4226/5825 3874/4230/5829
f 3889/4233/5832 3892/4228/5833 3876/4234/5834
f 3877/4235/5835 3886/4232/5831 3875/4236/5836
f 3878/4237/5837 3880/4238/5838 3879/4239/5839
f 3882/4240/5840 3886/4232/5831 3877/4235/5841
f 3879/4239/5842 3880/4238/5838 3881/4241/5843
f 3886/4232/5831 3880/4238/5838 3892/4228/5827
f 3892/4228/5827 3891/4226/5825 3886/4232/5831
f 3881/4241/5844 3880/4238/5838 3886/4232/5831
f 3886/4232/5831 3882/4240/5845 3881/4241/5846
f 3881/4241/5846 3882/4240/5845 3888/4242/5847
f 3888/4242/5847 3887/4243/5848 3881/4241/5846
f 3873/4244/5849 3892/4228/5827 3889/4233/5832
f 3883/4231/5830 3891/4226/5825 3872/4225/5824
f 3891/4226/5825 3885/4229/5828 3884/4245/5850
f 3884/4245/5851 3890/4227/5826 3891/4226/5852
f 3871/4246/5853 3885/4229/5828 3892/4228/5827
f 3892/4228/5833 3893/4247/5854 3871/4246/5855
f 3910/4248/5856 3901/4249/5857 3895/4250/5858
f 3897/4251/5859 3894/4252/5860 3898/4253/5861
f 3899/4254/5862 3915/4255/5863 3896/4256/5864
f 3900/4257/5865 3911/4258/5866 3913/4259/5867
f 3913/4259/5867 3902/4260/5868 3900/4257/5865
f 3906/4261/5869 3912/4262/5870 3903/4263/5871
f 3903/4263/5872 3904/4264/5873 3906/4261/5874
f 3905/4265/5875 3915/4266/5863 3907/4267/5876
f 3908/4268/5877 3894/4269/5860 3914/4270/5878
f 3909/4271/5879 3912/4272/5870 3911/4273/5866
f 3911/4273/5866 3901/4249/5880 3909/4271/5879
f 3911/4258/5866 3912/4262/5870 3906/4261/5874
f 3906/4261/5874 3913/4259/5867 3911/4258/5881
f 3905/4265/5882 3914/4270/5883 3894/4269/5860
f 3894/4269/5860 3915/4266/5863 3905/4265/5882
f 3917/4274/5884 3926/4275/5885 3918/4276/5886
f 3926/4275/5885 3917/4274/5884 3916/4277/5887
f 3927/4278/5888 3920/4279/5889 3924/4280/5890
f 3925/4281/5891 3926/4275/5892 3916/4277/5893
f 3918/4282/5894 3919/4283/5895 3923/4284/5896
f 3923/4284/5896 3922/4285/5897 3918/4282/5886
f 3919/4283/5898 3918/4282/5886 3926/4286/5885
f 3926/4286/5885 3921/4287/5899 3919/4283/5895
f 3920/4279/5889 3927/4278/5888 3921/4288/5900
f 3921/4288/5899 3926/4289/5885 3920/4279/5889
f 3929/4290/5901 3934/4291/5902 3933/4292/5903
f 3933/4292/5903 3938/4293/5904 3929/4290/5901
f 3932/4294/5905 3938/4295/5906 3933/4292/5903
f 3933/4292/5903 3931/4296/5907 3932/4294/5908
f 3930/4297/5909 3931/4296/5907 3933/4292/5910
f 3933/4292/5911 3934/4291/5902 3930/4297/5912
f 3928/4298/5913 3935/4299/5914 3936/4300/5915
f 3936/4300/5915 3937/4301/5916 3928/4298/5917
f 3937/4301/5918 3938/4295/5904 3932/4294/5905
f 3932/4294/5905 3928/4298/5919 3937/4301/5920
f 3939/4302/5921 3946/4303/5922 3945/4304/5923
f 3948/4305/5924 3946/4303/5922 3939/4302/5921
f 3943/4306/5925 3944/4307/5926 3947/4308/5927
f 3941/4309/5928 3947/4308/5929 3944/4307/5926
f 3947/4308/5927 3941/4309/5930 3940/4310/5931
f 3942/4311/5932 3940/4310/5933 3941/4309/5930
f 3940/4310/5934 3942/4311/5935 3948/4305/5936
f 3946/4303/5922 3948/4305/5924 3942/4311/5937
f 3952/4312/5938 3950/4313/5939 3951/4314/5940
f 3956/4315/5941 3949/4316/5942 3953/4317/5943
f 3949/4316/5944 3956/4315/5941 3954/4318/5945
f 3950/4313/5946 3952/4312/5947 3955/4319/5948
f 3954/4318/5945 3955/4319/5948 3952/4312/5938
f 3955/4319/5949 3954/4318/5945 3956/4315/5950
f 3959/4320/5951 3960/4321/5952 3958/4322/5953
f 3958/4322/5954 3957/4323/5955 3959/4320/5951
f 3963/4324/5956 3961/4325/5957 3962/4326/5958
f 3962/4326/5959 3964/4327/5960 3963/4324/5956
f 3968/4328/5961 3967/4329/5962 3965/4330/5963
f 3965/4330/5964 3966/4331/5965 3968/4328/5966
f 4012/4332/5967 4004/4333/5968 3986/4334/5969
f 4009/4335/5970 3969/4336/5971 3970/4337/5972
f 3976/4338/5973 3975/4339/5974 3985/4340/5975
f 3974/4341/5976 3975/4339/5977 3976/4338/5973
f 3976/4338/5978 4002/4342/5979 4010/4343/5980
f 3988/4344/5981 3987/4345/5982 3978/4346/5983
f 3978/4346/5983 3987/4345/5984 3981/4347/5985
f 4011/4348/5986 3977/4349/5987 3978/4346/5988
f 3979/4350/5989 3975/4339/5977 3980/4351/5990
f 3980/4351/5991 3975/4339/5974 3974/4341/5976
f 3998/4352/5992 3987/4345/5984 3995/4353/5993
f 3981/4347/5985 3987/4345/5982 3998/4352/5992
f 3982/4354/5994 3979/4350/5995 3980/4351/5991
f 3998/4352/5992 3995/4353/5996 4001/4355/5997
f 3974/4341/5976 3996/4356/5998 3980/4351/5991
f 3998/4352/5992 3993/4357/5999 3981/4347/5985
f 4015/4358/6000 3992/4359/6001 3985/4360/6002
f 3988/4361/6003 4003/4362/6004 3983/4363/6005
f 3975/4339/5974 3984/4364/6006 3986/4365/6007
f 3986/4365/6008 3985/4340/6002 3975/4339/6009
f 3985/4360/6010 3986/4334/6008 4004/4333/6011
f 4004/4333/6011 4015/4358/6012 3985/4360/5975
f 4009/4366/6013 3994/4367/6014 3987/4345/5982
f 3987/4345/6015 3988/4344/6003 4009/4366/6016
f 3969/4336/5971 4009/4335/6016 3988/4361/5981
f 3988/4361/5981 3983/4363/6017 3969/4336/5971
f 3973/4368/6018 3972/4369/6019 3991/4370/6020
f 3991/4370/6021 3989/4371/6022 3973/4368/6023
f 3976/4372/5973 3985/4360/5975 3992/4359/6001
f 3992/4359/6001 4002/4373/6024 3976/4372/5973
f 4010/4343/6025 3996/4356/6026 3974/4341/5976
f 3974/4341/5976 3976/4338/5978 4010/4343/5980
f 4003/4362/6004 3988/4361/5981 3978/4374/5988
f 3978/4374/5983 3977/4375/6027 4003/4362/6028
f 4011/4348/5986 3978/4346/5988 3981/4347/6029
f 3981/4347/5985 3993/4357/6030 4011/4348/6031
f 3997/4376/6032 3982/4354/5994 3980/4351/5991
f 3998/4352/6033 4001/4355/5997 4000/4377/6034
f 3999/4378/6035 4016/4379/6036 3977/4349/6037
f 3971/4380/6038 4013/4381/6039 4014/4382/6040
f 4014/4382/6040 3990/4383/6041 3971/4380/6038
f 4008/4384/6042 4007/4385/6043 4005/4386/6044
f 4005/4386/6044 4006/4387/6045 4008/4384/6042
f 4022/4388/6046 4017/4389/6047 4023/4390/6048
f 4022/4388/6046 4019/4391/6049 4020/4392/6050
f 4020/4392/6051 4021/4393/6052 4022/4388/6046
f 4023/4390/6048 4027/4394/6053 4019/4391/6054
f 4019/4391/6049 4022/4388/6046 4023/4390/6055
f 4026/4395/6056 4018/4396/6057 4024/4397/6058
f 4024/4397/6059 4025/4398/6060 4026/4395/6061
f 4032/4399/6062 4033/4400/6063 4031/4401/6064
f 4031/4401/6064 4029/4402/6065 4032/4399/6066
f 4033/4400/6067 4037/4403/6068 4028/4404/6069
f 4028/4404/6070 4031/4401/6064 4033/4400/6063
f 4034/4405/6071 4030/4406/6072 4036/4407/6073
f 4036/4407/6074 4035/4408/6075 4034/4405/6071
f 4041/4409/6076 4039/4410/6077 4038/4411/6078
f 4038/4411/6078 4042/4412/6079 4041/4409/6080
f 4041/4413/6081 4040/4414/6082 4043/4415/6083
f 4039/4416/6084 4041/4413/6085 4043/4415/6086
f 4046/4417/6087 4045/4418/6088 4054/4419/6089
f 4054/4419/6090 4047/4420/6091 4046/4417/6092
f 4049/4421/6093 4046/4417/6094 4047/4420/6091
f 4047/4420/6091 4048/4422/6095 4049/4421/6093
f 4048/4422/6096 4047/4420/6097 4050/4423/6098
f 4050/4423/6098 4051/4424/6099 4048/4422/6096
f 4048/4422/6096 4051/4424/6100 4055/4425/6101
f 4055/4425/6102 4056/4426/6103 4048/4422/6096
f 4052/4427/6104 4050/4423/6105 4047/4420/6106
f 4047/4420/6097 4054/4419/6107 4052/4427/6108
f 4053/4428/6109 4052/4427/6108 4054/4419/6089
f 4054/4419/6090 4044/4429/6110 4053/4428/6109
f 4048/4422/6111 4056/4426/6103 4057/4430/6112
f 4062/4431/6113 4058/4432/6114 4059/4433/6115
f 4068/4434/6116 4064/4435/6117 4063/4436/6118
f 4063/4436/6118 4061/4437/6119 4068/4434/6120
f 4069/4438/6121 4060/4439/6122 4066/4440/6123
f 4067/4441/6124 4066/4440/6125 4072/4442/6126
f 4065/4443/6127 4072/4442/6126 4066/4440/6123
f 4066/4440/6123 4067/4441/6124 4064/4435/6117
f 4064/4435/6128 4068/4434/6129 4066/4440/6123
f 4070/4444/6130 4071/4445/6131 4072/4442/6132
f 4072/4442/6126 4065/4443/6133 4070/4444/6134
f 4077/4446/6135 4075/4447/6136 4073/4448/6137
f 4078/4449/6138 4074/4450/6139 4079/4451/6140
f 4080/4452/6141 4079/4451/6142 4074/4450/6139
f 4075/4447/6136 4076/4453/6143 4078/4449/6144
f 4076/4453/6145 4075/4447/6136 4077/4446/6135
f 4074/4450/6139 4078/4449/6146 4076/4453/6147
f 4081/4454/6148 4083/4455/6149 4086/4456/6150
f 4086/4456/6151 4082/4457/6152 4081/4454/6153
f 4086/4456/6151 4083/4455/6149 4084/4458/6154
f 4084/4458/6154 4085/4459/6155 4086/4456/6150
f 4090/4460/6156 4087/4461/6157 4088/4462/6158
f 4088/4462/6159 4089/4463/6160 4090/4460/6161
f 4087/4461/6157 4091/4464/6162 4092/4465/6163
f 4092/4465/6164 4088/4462/6165 4087/4461/6157
f 4095/4466/6166 4093/4467/6167 4087/4461/6168
f 4087/4461/6157 4090/4460/6156 4095/4466/6166
f 4093/4467/6169 4094/4468/6170 4091/4464/6171
f 4091/4464/6172 4087/4461/6173 4093/4467/6174
f 4098/4469/6175 4099/4470/6176 4096/4471/6177
f 4096/4471/6178 4097/4472/6179 4098/4469/6180
f 4113/4473/6181 4101/4474/6182 4109/4475/6183
f 4107/4476/6184 4102/4477/6185 4105/4478/6186
f 4105/4478/6186 4102/4477/6185 4103/4479/6187
f 4103/4479/6187 4108/4480/6188 4101/4474/6189
f 4108/4480/6188 4103/4479/6187 4102/4477/6185
f 4109/4475/6183 4101/4474/6189 4108/4480/6190
f 4111/4481/6191 4100/4482/6192 4104/4483/6193
f 4104/4483/6193 4112/4484/6194 4111/4481/6195
f 4103/4479/6196 4104/4485/6193 4106/4486/6197
f 4106/4486/6197 4105/4478/6186 4103/4479/6196
f 4101/4474/6198 4112/4487/6194 4104/4485/6193
f 4104/4485/6193 4103/4479/6187 4101/4474/6189
f 4110/4488/6199 4112/4487/6194 4101/4474/6189
f 4101/4474/6200 4113/4473/6181 4110/4488/6199
f 4115/4489/6201 4117/4490/6201 4114/4491/6202
f 4114/4491/6202 4116/4492/6203 4115/4489/6201
f 4120/4493/6204 4118/4494/6205 4119/4495/6206
f 4119/4495/6206 4121/4496/6207 4120/4493/6208
f 4120/4493/6208 4121/4496/6209 4122/4497/6210
f 4122/4497/6211 4123/4498/6212 4120/4493/6213
f 4125/4499/6214 4127/4500/6215 4126/4501/6216
f 4124/4502/6217 4127/4500/6218 4125/4499/6219
f 4129/4503/6220 4136/4504/6221 4130/4505/6222
f 4130/4505/6223 4131/4506/6224 4129/4503/6225
f 4136/4504/6221 4129/4503/6226 4132/4507/6227
f 4132/4507/6227 4133/4508/6228 4136/4504/6221
f 4133/4508/6228 4134/4509/6229 4135/4510/6230
f 4135/4510/6230 4136/4504/6221 4133/4508/6228
f 4137/4511/6231 4130/4505/6232 4136/4504/6221
f 4136/4504/6221 4135/4510/6230 4137/4511/6231
f 4138/4512/6233 4128/4513/6234 4130/4505/6222
f 4130/4505/6232 4137/4511/6231 4138/4512/6235
f 4133/4508/6228 4132/4507/6227 4140/4514/6236
f 4140/4514/6237 4139/4515/6238 4133/4508/6228
f 4142/4516/6239 4143/4517/6240 4144/4518/6241
f 4144/4518/6241 4141/4519/6242 4142/4516/6243
f 4146/4520/6244 4151/4521/6245 4145/4522/6246
f 4154/4523/6247 4147/4524/6248 4148/4525/6249
f 4141/4519/6242 4150/4526/6250 4149/4527/6251
f 4152/4528/6252 4154/4523/6247 4153/4529/6253
f 4154/4523/6247 4152/4528/6252 4157/4530/6254
f 4154/4523/6247 4145/4522/6255 4151/4521/6256
f 4151/4521/6245 4153/4529/6253 4154/4523/6247
f 4152/4528/6257 4155/4531/6258 4156/4532/6259
f 4156/4532/6260 4157/4530/6261 4152/4528/6252
f 4162/4533/6262 4161/4534/6263 4164/4535/6264
f 4159/4536/6265 4158/4537/6266 4165/4538/6267
f 4163/4539/6268 4165/4538/6269 4158/4537/6270
f 4164/4535/6264 4159/4536/6265 4160/4540/6271
f 4160/4540/6272 4162/4533/6273 4164/4535/6264
f 4165/4538/6267 4160/4540/6274 4159/4536/6275
f 4169/4541/6276 4168/4542/6277 4167/4543/6278
f 4167/4543/6278 4166/4544/6279 4169/4541/6280
f 4171/4545/6281 4168/4542/6277 4169/4541/6282
f 4169/4541/6283 4170/4546/6284 4171/4545/6281
f 4172/4547/6285 4174/4548/6286 4178/4549/6287
f 4178/4549/6287 4173/4550/6288 4172/4547/6289
f 4175/4551/6290 4180/4552/6291 4174/4548/6286
f 4174/4548/6286 4172/4547/6285 4175/4551/6290
f 4174/4548/6292 4177/4553/6293 4176/4554/6294
f 4176/4554/6295 4178/4549/6287 4174/4548/6286
f 4180/4552/6296 4179/4555/6297 4177/4553/6298
f 4177/4553/6293 4174/4548/6286 4180/4552/6296
f 4191/4556/6299 4190/4557/6300 4185/4558/6301
f 4190/4557/6300 4189/4559/6302 4185/4558/6301
f 4189/4559/6302 4184/4560/6303 4192/4561/6304
f 4192/4561/6304 4185/4558/6301 4189/4559/6302
f 4186/4562/6305 4192/4561/6306 4184/4560/6303
f 4188/4563/6307 4187/4564/6308 4181/4565/6309
f 4181/4565/6310 4193/4566/6311 4188/4563/6307
f 4188/4567/6307 4193/4568/6311 4184/4560/6303
f 4184/4560/6312 4189/4559/6313 4188/4567/6314
f 4181/4565/6309 4182/4569/6315 4194/4570/6316
f 4194/4570/6316 4193/4566/6311 4181/4565/6309
f 4184/4560/6303 4193/4568/6311 4194/4571/6317
f 4194/4571/6316 4183/4572/6318 4184/4560/6319
f 4195/4573/6201 4197/4574/6202 4196/4575/6202
f 4196/4575/6202 4198/4576/6201 4195/4573/6201
f 4204/4577/6320 4203/4578/6321 4199/4579/6322
f 4199/4579/6322 4201/4580/6323 4204/4577/6324
f 4204/4577/6325 4200/4581/6326 4202/4582/6327
f 4202/4582/6328 4203/4578/6329 4204/4577/6320
f 4207/4583/6330 4205/4584/6331 4206/4585/6332
f 4206/4585/6332 4212/4586/6333 4207/4583/6330
f 4211/4587/6334 4209/4588/6335 4210/4589/6336
f 4210/4589/6336 4208/4590/6337 4211/4587/6338
f 4212/4586/6339 4209/4588/6335 4211/4587/6338
f 4211/4587/6340 4207/4583/6330 4212/4586/6333
f 4213/4591/6341 4214/4592/6342 4215/4593/6343
f 4215/4593/6343 4216/4594/6344 4213/4591/6341
f 4217/4595/6345 4218/4596/6346 4219/4597/6347
f 4219/4597/6348 4220/4598/6349 4217/4595/6350
f 4214/4592/6342 4213/4591/6351 4217/4595/6350
f 4217/4595/6345 4220/4598/6349 4214/4592/6352
f 4221/4599/6353 4224/4600/6354 4222/4601/6355
f 4222/4601/6356 4223/4602/6357 4221/4599/6358
f 4227/4603/6359 4228/4604/6360 4225/4605/6361
f 4225/4605/6362 4226/4606/6363 4227/4603/6364
f 4229/4607/6365 4236/4608/6366 4239/4609/6367
f 4239/4609/6367 4233/4610/6368 4242/4611/6369
f 4245/4612/6370 4249/4613/6371 4241/4614/6372
f 4235/4615/6373 4240/4616/6374 4246/4617/6375
f 4246/4617/6376 4237/4618/6377 4235/4615/6373
f 4236/4608/6378 4235/4615/6373 4237/4618/6377
f 4237/4618/6379 4239/4609/6367 4236/4608/6378
f 4229/4607/6380 4239/4609/6367 4242/4611/6369
f 4242/4611/6381 4230/4619/6382 4229/4607/6365
f 4242/4611/6369 4233/4610/6383 4232/4620/6384
f 4232/4620/6384 4231/4621/6385 4242/4611/6369
f 4246/4617/6386 4249/4613/6387 4243/4622/6388
f 4243/4622/6388 4244/4623/6389 4246/4617/6376
f 4234/4624/6390 4237/4618/6391 4246/4617/6392
f 4246/4617/6386 4244/4623/6389 4234/4624/6390
f 4242/4611/6381 4231/4621/6385 4248/4625/6393
f 4248/4625/6393 4230/4619/6394 4242/4611/6369
f 4238/4626/6395 4230/4619/6382 4248/4625/6393
f 4248/4625/6396 4247/4627/6397 4238/4626/6398
f 4234/4624/6390 4233/4610/6383 4239/4609/6367
f 4239/4609/6367 4237/4618/6377 4234/4624/6390
f 4249/4613/6387 4246/4617/6376 4240/4616/6374
f 4240/4616/6399 4241/4614/6372 4249/4613/6387
f 4253/4628/6400 4255/4629/6401 4250/4630/6402
f 4250/4630/6403 4254/4631/6404 4253/4628/6400
f 4252/4632/6405 4253/4628/6400 4254/4631/6404
f 4254/4631/6404 4251/4633/6406 4252/4632/6407
f 4262/4634/6408 4257/4635/6409 4258/4636/6410
f 4258/4636/6411 4260/4637/6412 4262/4634/6413
f 4259/4638/6414 4258/4636/6410 4257/4635/6409
f 4257/4635/6409 4264/4639/6415 4259/4638/6416
f 4257/4635/6409 4262/4634/6413 4265/4640/6417
f 4265/4640/6418 4263/4641/6419 4257/4635/6409
f 4264/4639/6415 4257/4635/6409 4263/4641/6420
f 4263/4641/6421 4266/4642/6422 4264/4639/6415
f 4267/4643/6423 4269/4644/6424 4263/4641/6425
f 4263/4641/6426 4265/4640/6418 4267/4643/6423
f 4269/4644/6427 4270/4645/6428 4266/4642/6422
f 4266/4642/6429 4263/4641/6425 4269/4644/6424
f 4272/4646/6430 4268/4647/6431 4269/4644/6432
f 4269/4644/6424 4267/4643/6423 4272/4646/6430
f 4269/4644/6433 4268/4647/6434 4271/4648/6435
f 4271/4648/6435 4270/4645/6436 4269/4644/6424
f 4272/4646/6430 4274/4649/6437 4273/4650/6438
f 4273/4650/6438 4268/4647/6439 4272/4646/6430
f 4268/4647/6434 4273/4650/6440 4278/4651/6441
f 4278/4651/6442 4271/4648/6435 4268/4647/6443
f 4274/4649/6437 4275/4652/6444 4276/4653/6445
f 4276/4653/6445 4273/4650/6440 4274/4649/6437
f 4273/4650/6440 4276/4653/6445 4277/4654/6446
f 4277/4654/6447 4278/4651/6442 4273/4650/6448
f 4275/4652/6444 4279/4655/6449 4282/4656/6450
f 4282/4656/6450 4276/4653/6445 4275/4652/6444
f 4276/4653/6445 4282/4656/6450 4281/4657/6451
f 4281/4657/6451 4277/4654/6452 4276/4653/6445
f 4279/4655/6449 4261/4658/6453 4280/4659/6454
f 4280/4659/6455 4282/4656/6450 4279/4655/6449
f 4282/4656/6450 4280/4659/6456 4256/4660/6457
f 4256/4660/6458 4281/4657/6451 4282/4656/6450
f 4285/4661/6459 4283/4662/6460 4287/4663/6461
f 4287/4663/6461 4284/4664/6462 4285/4661/6459
f 4285/4661/6459 4284/4664/6463 4288/4665/6464
f 4288/4665/6465 4286/4666/6466 4285/4661/6467
f 4287/4663/6461 4289/4667/6468 4290/4668/6469
f 4290/4668/6470 4284/4664/6463 4287/4663/6471
f 4290/4668/6470 4293/4669/6472 4288/4665/6473
f 4288/4665/6464 4284/4664/6474 4290/4668/6470
f 4289/4667/6468 4295/4670/6475 4291/4671/6476
f 4291/4671/6477 4290/4668/6469 4289/4667/6478
f 4293/4669/6472 4290/4668/6479 4291/4671/6476
f 4291/4671/6476 4292/4672/6480 4293/4669/6472
f 4295/4670/6481 4294/4673/6482 4297/4674/6483
f 4297/4674/6483 4291/4671/6476 4295/4670/6481
f 4291/4671/6476 4297/4674/6484 4299/4675/6485
f 4299/4675/6486 4292/4672/6480 4291/4671/6476
f 4297/4674/6483 4294/4673/6482 4300/4676/6487
f 4300/4676/6488 4296/4677/6489 4297/4674/6483
f 4299/4675/6490 4297/4674/6483 4296/4677/6489
f 4296/4677/6489 4298/4678/6491 4299/4675/6490
f 4301/4679/6492 4302/4680/6493 4296/4677/6489
f 4296/4677/6489 4300/4676/6488 4301/4679/6494
f 4302/4680/6493 4303/4681/6495 4298/4678/6491
f 4298/4678/6496 4296/4677/6489 4302/4680/6493
f 4302/4680/6493 4301/4679/6492 4304/4682/6497
f 4304/4682/6498 4308/4683/6499 4302/4680/6493
f 4308/4683/6499 4309/4684/6500 4303/4681/6495
f 4303/4681/6495 4302/4680/6493 4308/4683/6499
f 4308/4683/6499 4304/4682/6498 4305/4685/6501
f 4305/4685/6502 4306/4686/6503 4308/4683/6504
f 4306/4686/6503 4307/4687/6505 4309/4684/6506
f 4309/4684/6500 4308/4683/6499 4306/4686/6503
f 4310/4688/6507 4330/4689/6508 4313/4690/6509
f 4330/4689/6508 4324/4691/6510 4318/4692/6511
f 4326/4693/6512 4323/4694/6513 4325/4695/6514
f 4321/4696/6515 4327/4697/6516 4331/4698/6517
f 4327/4697/6518 4321/4696/6515 4320/4699/6519
f 4313/4690/6520 4320/4699/6521 4321/4696/6515
f 4320/4699/6521 4313/4690/6520 4330/4689/6508
f 4311/4700/6522 4322/4701/6523 4329/4702/6524
f 4324/4691/6510 4330/4689/6508 4310/4688/6507
f 4310/4688/6507 4329/4702/6524 4324/4691/6510
f 4319/4703/6525 4318/4692/6511 4324/4691/6510
f 4324/4691/6510 4314/4704/6526 4319/4703/6525
f 4316/4705/6527 4325/4695/6528 4327/4697/6518
f 4327/4697/6516 4315/4706/6529 4316/4705/6527
f 4327/4697/6518 4320/4699/6521 4317/4707/6530
f 4317/4707/6530 4315/4706/6529 4327/4697/6518
f 4328/4708/6531 4314/4704/6526 4324/4691/6532
f 4324/4691/6510 4329/4702/6524 4328/4708/6533
f 4328/4708/6531 4329/4702/6524 4322/4701/6534
f 4322/4701/6535 4312/4709/6536 4328/4708/6537
f 4330/4689/6508 4318/4692/6511 4317/4707/6530
f 4317/4707/6530 4320/4699/6521 4330/4689/6508
f 4331/4698/6517 4327/4697/6518 4325/4695/6538
f 4325/4695/6528 4323/4694/6513 4331/4698/6539
f 4332/4710/6540 4337/4711/6541 4333/4712/6542
f 4333/4712/6542 4334/4713/6543 4332/4710/6544
f 4334/4713/6543 4333/4712/6542 4336/4714/6545
f 4336/4714/6545 4335/4715/6546 4334/4713/6547
f 4345/4716/6548 4343/4717/6549 4339/4718/6550
f 4339/4718/6550 4341/4719/6551 4345/4716/6548
f 4340/4720/6552 4342/4721/6553 4341/4719/6551
f 4341/4719/6551 4339/4718/6550 4340/4720/6554
f 4341/4719/6551 4346/4722/6555 4344/4723/6556
f 4344/4723/6557 4345/4716/6548 4341/4719/6551
f 4342/4721/6553 4347/4724/6558 4346/4722/6559
f 4346/4722/6559 4341/4719/6551 4342/4721/6553
f 4348/4725/6560 4344/4723/6556 4346/4722/6555
f 4346/4722/6555 4349/4726/6561 4348/4725/6562
f 4349/4726/6563 4346/4722/6555 4347/4724/6558
f 4347/4724/6558 4350/4727/6564 4349/4726/6561
f 4352/4728/6565 4348/4725/6560 4349/4726/6561
f 4349/4726/6561 4353/4729/6566 4352/4728/6565
f 4351/4730/6567 4353/4729/6566 4349/4726/6561
f 4349/4726/6561 4350/4727/6568 4351/4730/6569
f 4355/4731/6570 4354/4732/6571 4352/4728/6565
f 4352/4728/6572 4353/4729/6566 4355/4731/6570
f 4356/4733/6573 4355/4731/6570 4353/4729/6566
f 4353/4729/6566 4351/4730/6569 4356/4733/6573
f 4358/4734/6574 4357/4735/6575 4354/4732/6571
f 4354/4732/6571 4355/4731/6570 4358/4734/6576
f 4361/4736/6577 4358/4734/6574 4355/4731/6570
f 4355/4731/6578 4356/4733/6579 4361/4736/6580
f 4359/4737/6581 4362/4738/6582 4357/4735/6583
f 4357/4735/6584 4358/4734/6576 4359/4737/6581
f 4360/4739/6585 4359/4737/6581 4358/4734/6574
f 4358/4734/6576 4361/4736/6577 4360/4739/6585
f 4364/4740/6586 4363/4741/6587 4362/4738/6582
f 4362/4738/6582 4359/4737/6581 4364/4740/6588
f 4338/4742/6589 4364/4740/6586 4359/4737/6590
f 4359/4737/6581 4360/4739/6585 4338/4742/6591
f 4369/4743/6592 4367/4744/6593 4368/4745/6594
f 4368/4745/6594 4365/4746/6595 4369/4743/6596
f 4370/4747/6597 4367/4744/6598 4369/4743/6596
f 4369/4743/6599 4371/4748/6600 4370/4747/6597
f 4373/4749/6601 4372/4750/6602 4368/4745/6594
f 4368/4745/6603 4367/4744/6593 4373/4749/6604
f 4373/4749/6604 4367/4744/6598 4370/4747/6597
f 4370/4747/6597 4374/4751/6605 4373/4749/6604
f 4373/4749/6604 4376/4752/6606 4375/4753/6607
f 4375/4753/6607 4372/4750/6608 4373/4749/6601
f 4374/4751/6605 4378/4754/6609 4376/4752/6606
f 4376/4752/6610 4373/4749/6601 4374/4751/6605
f 4380/4755/6611 4377/4756/6612 4375/4753/6607
f 4375/4753/6613 4376/4752/6606 4380/4755/6614
f 4382/4757/6615 4380/4755/6611 4376/4752/6606
f 4376/4752/6616 4378/4754/6617 4382/4757/6618
f 4380/4755/6611 4383/4758/6619 4379/4759/6620
f 4379/4759/6620 4377/4756/6621 4380/4755/6611
f 4382/4757/6618 4381/4760/6622 4383/4758/6619
f 4383/4758/6623 4380/4755/6611 4382/4757/6615
f 4385/4761/6624 4379/4759/6625 4383/4758/6619
f 4383/4758/6623 4386/4762/6626 4385/4761/6624
f 4386/4762/6627 4383/4758/6619 4381/4760/6622
f 4381/4760/6622 4388/4763/6628 4386/4762/6626
f 4386/4762/6626 4387/4764/6629 4384/4765/6630
f 4384/4765/6630 4385/4761/6624 4386/4762/6626
f 4387/4764/6629 4386/4762/6626 4388/4763/6628
f 4388/4763/6628 4391/4766/6631 4387/4764/6629
f 4387/4764/6632 4390/4767/6633 4389/4768/6634
f 4389/4768/6635 4384/4765/6636 4387/4764/6629
f 4390/4767/6633 4387/4764/6629 4391/4766/6631
f 4391/4766/6637 4366/4769/6638 4390/4767/6633
f 4392/4770/6639 4393/4771/6640 4395/4772/6641
f 4395/4772/6641 4394/4773/6640 4392/4770/6640
f 4398/4774/6639 4397/4775/6642 4396/4776/6641
f 4396/4776/6641 4399/4777/6643 4398/4774/6639
f 4401/4778/6640 4400/4779/6640 4402/4780/6640
f 4402/4780/6640 4403/4781/6640 4401/4778/6640
f 4422/4782/6644 4411/4783/6645 4408/4784/6645
f 4408/4784/6646 4409/4785/6647 4422/4782/6648
f 4409/4785/6647 4410/4786/6649 4423/4787/6650
f 4423/4787/6650 4422/4782/6644 4409/4785/6647
f 4413/4788/6651 4412/4789/6651 4405/4790/6651
f 4405/4790/6652 4421/4791/6652 4413/4788/6652
f 4426/4792/6653 4416/4793/6654 4430/4794/6655
f 4430/4794/6655 4429/4795/6656 4426/4792/6653
f 4414/4796/6657 4426/4792/6658 4429/4795/6656
f 4429/4795/6656 4415/4797/6659 4414/4796/6657
f 4425/4798/6660 4414/4796/6657 4415/4797/6659
f 4415/4797/6659 4428/4799/6661 4425/4798/6660
f 4436/4800/6662 4435/4801/6663 4437/4802/6664
f 4437/4802/6664 4417/4803/6662 4436/4800/6662
f 4467/4804/6665 4418/4805/6665 4419/4806/6665
f 4419/4806/6665 4463/4807/6665 4467/4804/6665
f 4435/4801/6666 4432/4808/6667 4438/4809/6667
f 4438/4809/6667 4437/4802/6664 4435/4801/6666
f 4441/4810/6668 4462/4811/6669 4443/4812/6670
f 4443/4812/6671 4442/4813/6672 4441/4810/6668
f 4445/4814/6673 4407/4815/6674 4404/4816/6675
f 4404/4816/6675 4444/4817/6676 4445/4814/6673
f 4445/4814/6677 4446/4818/6678 4406/4819/6679
f 4406/4819/6680 4407/4815/6673 4445/4814/6673
f 4448/4820/6681 4449/4821/6681 4450/4822/6682
f 4450/4822/6683 4451/4823/6684 4448/4820/6681
f 4452/4824/6685 4424/4825/6686 4427/4826/6687
f 4427/4826/6687 4431/4827/6688 4452/4824/6685
f 4454/4828/6689 4455/4829/6690 4456/4830/6691
f 4456/4830/6691 4453/4831/6692 4454/4828/6689
f 4455/4829/6693 4434/4832/6694 4440/4833/6695
f 4440/4833/6695 4456/4830/6696 4455/4829/6693
f 4458/4834/6668 4433/4835/6697 4459/4836/6671
f 4459/4836/6671 4457/4837/6669 4458/4834/6668
f 4460/4838/6698 4461/4839/6699 4447/4840/6700
f 4436/4841/6701 4417/4842/6701 4463/4843/6701
f 4463/4843/6702 4419/4844/6702 4436/4841/6702
f 4466/4845/6703 4464/4846/6703 4483/4847/6703
f 4483/4847/6665 4465/4848/6665 4466/4845/6665
f 4418/4849/6704 4467/4850/6704 4472/4851/6704
f 4472/4851/6704 4473/4852/6704 4418/4849/6704
f 4477/4853/6705 4469/4854/6705 4471/4855/6705
f 4471/4855/6705 4470/4856/6705 4477/4853/6705
f 4474/4857/6706 4476/4858/6706 4475/4859/6706
f 4475/4859/6706 4468/4860/6706 4474/4857/6706
f 4469/4861/6707 4477/4862/6707 4478/4863/6707
f 4478/4863/6707 4488/4864/6707 4469/4861/6707
f 4482/4865/6708 4481/4866/6708 4465/4867/6708
f 4465/4867/6708 4483/4868/6708 4482/4865/6708
f 4485/4869/6709 4486/4870/6709 4484/4871/6709
f 4484/4871/6709 4479/4872/6709 4485/4869/6709
f 4481/4873/6710 4482/4874/6710 4480/4875/6710
f 4480/4875/6710 4487/4876/6710 4481/4873/6710
f 4439/4877/6711 4489/4878/6711 4491/4879/6711
f 4491/4879/6711 4492/4880/6711 4439/4877/6711
f 4495/4881/6712 4490/4882/6712 4496/4883/6712
f 4496/4883/6712 4497/4884/6712 4495/4881/6712
f 4500/4885/6713 4498/4886/6713 4503/4887/6713
f 4503/4887/6713 4499/4888/6713 4500/4885/6713
f 4420/4889/6714 4501/4890/6714 4505/4891/6714
f 4505/4891/6714 4502/4892/6714 4420/4889/6714
f 4499/4893/6715 4503/4894/6715 4504/4895/6715
f 4504/4895/6715 4493/4896/6715 4499/4893/6715
f 4502/4897/6716 4505/4898/6716 4506/4899/6716
f 4506/4899/6716 4494/4900/6716 4502/4897/6716
f 4509/4901/6717 4508/4902/6718 4507/4903/6719
f 4507/4903/6720 4510/4904/6721 4509/4901/6722
f 4511/4905/6723 4509/4901/6717 4510/4904/6721
f 4510/4904/6724 4512/4906/6725 4511/4905/6723
f 4515/4907/6726 4514/4908/6727 4513/4909/6728
f 4513/4909/6729 4516/4910/6730 4515/4907/6731
f 4518/4911/6732 4515/4907/6733 4516/4910/6734
f 4516/4910/6735 4517/4912/6736 4518/4911/6732
f 4523/4913/6737 4522/4914/6737 4521/4915/6737
f 4523/4913/6738 4521/4915/6738 4520/4916/6738
f 4523/4913/6739 4520/4916/6739 4519/4917/6739
f 4523/4913/6738 4519/4917/6738 4526/4918/6738
f 4523/4913/6739 4526/4918/6739 4525/4919/6739
f 4523/4913/6739 4525/4919/6739 4524/4920/6739
f 4532/4921/6740 4527/4922/6741 4531/4923/6742
f 4531/4923/6742 4528/4924/6743 4532/4921/6744
f 4529/4925/6745 4532/4921/6740 4528/4924/6746
f 4528/4924/6743 4530/4926/6747 4529/4925/6748
f 4535/4927/6749 4533/4928/6750 4538/4929/6751
f 4538/4929/6752 4534/4930/6753 4535/4927/6754
f 4537/4931/6755 4535/4927/6749 4534/4930/6753
f 4534/4930/6756 4536/4932/6757 4537/4931/6758
f 4541/4933/6759 4539/4934/6760 4540/4935/6761
f 4540/4935/6762 4543/4936/6763 4541/4933/6759
f 4544/4937/6764 4541/4933/6765 4543/4936/6766
f 4543/4936/6763 4542/4938/6767 4544/4937/6764
f 4547/4939/6768 4545/4940/6769 4550/4941/6770
f 4550/4941/6771 4549/4942/6772 4547/4939/6768
f 4546/4943/6773 4547/4939/6768 4549/4942/6772
f 4549/4942/6772 4548/4944/6774 4546/4943/6773
f 4551/4945/6775 4556/4946/6776 4555/4947/6777
f 4555/4947/6778 4552/4948/6779 4551/4945/6780
f 4553/4949/6781 4551/4945/6780 4552/4948/6782
f 4552/4948/6782 4554/4950/6783 4553/4949/6784
f 4562/4951/6785 4561/4952/6786 4559/4953/6786
f 4562/4951/6787 4559/4953/6787 4558/4954/6787
f 4562/4951/6788 4558/4954/6788 4557/4955/6788
f 4562/4951/6789 4557/4955/6789 4563/4956/6789
f 4562/4951/6790 4563/4956/6790 4560/4957/6790
f 4562/4951/6785 4560/4957/6791 4564/4958/6792
f 4567/4959/6793 4565/4960/6794 4566/4961/6795
f 4566/4961/6796 4568/4962/6797 4567/4959/6793
f 4571/4963/6798 4569/4964/6798 4570/4965/6799
f 4571/4963/6800 4570/4965/6801 4572/4966/6801
f 4571/4963/6802 4572/4966/6803 4565/4967/6803
f 4571/4963/6802 4565/4967/6804 4567/4968/6804
f 4571/4963/6805 4567/4968/6806 4573/4969/6806
f 4571/4963/6807 4573/4969/6808 4574/4970/6808
f 4577/4971/6809 4575/4972/6810 4576/4973/6811
f 4576/4973/6811 4578/4974/6812 4577/4971/6809
f 4580/4975/6813 4577/4971/6809 4578/4974/6814
f 4578/4974/6812 4579/4976/6815 4580/4975/6816
f 4586/4977/6817 4585/4978/6818 4581/4979/6819
f 4581/4979/6820 4584/4980/6821 4586/4977/6822
f 4583/4981/6823 4586/4977/6817 4584/4980/6824
f 4584/4980/6821 4582/4982/6825 4583/4981/6826
f 4589/4983/6827 4587/4984/6828 4592/4985/6829
f 4592/4985/6829 4591/4986/6830 4589/4983/6827
f 4588/4987/6831 4589/4983/6827 4591/4986/6832
f 4591/4986/6832 4590/4988/6833 4588/4987/6834
f 4596/4989/6835 4595/4990/6836 4594/4991/6837
f 4594/4991/6838 4593/4992/6839 4596/4989/6840
f 4601/4993/6841 4597/4994/6842 4598/4995/6843
f 4598/4995/6843 4599/4996/6844 4601/4993/6841
f 4602/4997/6845 4601/4993/6841 4599/4996/6846
f 4599/4996/6846 4600/4998/6847 4602/4997/6848
f 4608/4999/6849 4603/5000/6850 4607/5001/6851
f 4607/5001/6851 4604/5002/6852 4608/4999/6849
f 4606/5003/6853 4608/4999/6854 4604/5002/6852
f 4604/5002/6855 4605/5004/6856 4606/5003/6853
f 4611/5005/6857 4609/5006/6858 4610/5007/6859
f 4610/5007/6860 4617/5008/6861 4611/5005/6862
f 4613/5009/6863 4616/5010/6864 4612/5011/6864
f 4613/5009/6865 4612/5011/6866 4617/5012/6866
f 4613/5009/6867 4617/5012/6868 4610/5013/6869
f 4613/5009/6870 4610/5013/6870 4618/5014/6870
f 4613/5009/6871 4618/5014/6870 4615/5015/6871
f 4613/5009/6872 4615/5015/6872 4614/5016/6873
f 4620/5017/6874 4628/5018/6875 4619/5019/6876
f 4619/5019/6877 4626/5020/6878 4620/5017/6879
f 4622/5021/6880 4621/5022/6881 4625/5023/6881
f 4622/5021/6882 4625/5023/6883 4626/5024/6884
f 4622/5021/6885 4626/5024/6883 4619/5025/6883
f 4622/5021/6886 4619/5025/6887 4627/5026/6888
f 4622/5021/6889 4627/5026/6890 4624/5027/6891
f 4622/5021/6892 4624/5027/6893 4623/5028/6894
f 4636/5029/6895 4635/5030/6895 4630/5031/6895
f 4630/5031/6896 4629/5032/6896 4636/5029/6896
f 4638/5033/6897 4631/5034/6898 4637/5035/6899
f 4637/5035/6900 4634/5036/6901 4638/5033/6897
f 4642/5037/6902 4640/5038/6903 4632/5039/6904
f 4632/5039/6904 4633/5040/6905 4642/5037/6902
f 4629/5032/6896 4630/5031/6896 4634/5036/6906
f 4634/5036/6906 4637/5035/6900 4629/5032/6896
f 4632/5039/6904 4635/5030/6896 4636/5029/6896
f 4636/5029/6907 4633/5040/6908 4632/5039/6904
f 4643/5041/6909 4631/5034/6898 4638/5033/6897
f 4638/5033/6897 4639/5042/6910 4643/5041/6909
f 4641/5043/6911 4648/5044/6912 4640/5038/6903
f 4640/5038/6903 4642/5037/6902 4641/5043/6911
f 4643/5041/6909 4639/5042/6913 4645/5045/6914
f 4645/5045/6915 4644/5046/6916 4643/5041/6909
f 4648/5044/6917 4641/5043/6918 4647/5047/6919
f 4647/5047/6919 4646/5048/6920 4648/5044/6917
f 4675/5049/6921 4671/5050/6921 4657/5051/6921
f 4657/5051/6921 4656/5052/6921 4675/5049/6921
f 4667/5053/6922 4655/5054/6923 4649/5055/6924
f 4649/5055/6924 4662/5056/6925 4667/5053/6922
f 4662/5056/6925 4649/5055/6926 4650/5057/6927
f 4650/5057/6928 4663/5058/6929 4662/5056/6925
f 4663/5058/6929 4650/5057/6927 4664/5059/6930
f 4664/5059/6930 4665/5060/6931 4663/5058/6929
f 4665/5060/6932 4664/5059/6930 4651/5061/6933
f 4651/5061/6934 4658/5062/6935 4665/5060/6936
f 4658/5062/6935 4651/5061/6934 4652/5063/6937
f 4652/5063/6937 4659/5064/6938 4658/5062/6935
f 4659/5064/6938 4652/5063/6937 4654/5065/6939
f 4654/5065/6940 4666/5066/6941 4659/5064/6938
f 4666/5066/6941 4654/5065/6940 4653/5067/6942
f 4653/5067/6942 4668/5068/6943 4666/5066/6944
f 4668/5068/6943 4653/5067/6942 4655/5054/6923
f 4655/5054/6923 4667/5053/6922 4668/5068/6943
f 4669/5069/6921 4676/5070/6921 4661/5071/6921
f 4661/5071/6945 4660/5072/6945 4669/5069/6945
f 4672/5073/6946 4673/5074/6946 4674/5075/6946
f 4674/5075/6946 4670/5076/6946 4672/5073/6946
f 4679/5077/6896 4677/5078/6896 4678/5079/6896
f 4678/5079/6896 4680/5080/6896 4679/5077/6896
f 4683/5081/6947 4679/5082/6947 4680/5083/6947
f 4680/5083/6947 4681/5084/6947 4683/5081/6947
f 4685/5085/6948 4684/5086/6948 4677/5078/6948
f 4677/5078/6896 4679/5077/6896 4685/5085/6896
f 4682/5087/6949 4685/5088/6949 4679/5082/6949
f 4679/5082/6950 4683/5081/6950 4682/5087/6950
f 4688/5089/6896 4687/5090/6896 4684/5086/6896
f 4684/5086/6948 4685/5085/6948 4688/5089/6948
f 4686/5091/6950 4688/5092/6950 4685/5088/6950
f 4685/5088/6949 4682/5087/6949 4686/5091/6949
f 4689/5093/6896 4691/5094/6896 4687/5090/6896
f 4687/5090/6896 4688/5089/6896 4689/5093/6896
f 4694/5095/6949 4689/5096/6949 4688/5092/6949
f 4688/5092/6950 4686/5091/6950 4694/5095/6950
f 4693/5097/6948 4690/5098/6948 4691/5094/6948
f 4691/5094/6896 4689/5093/6896 4693/5097/6896
f 4692/5099/6949 4693/5100/6949 4689/5096/6949
f 4689/5096/6949 4694/5095/6949 4692/5099/6949
f 4697/5101/6951 4702/5102/6951 4696/5103/6951
f 4696/5103/6951 4695/5104/6951 4697/5101/6951
f 4698/5105/6952 4697/5106/6952 4695/5107/6952
f 4695/5107/6952 4699/5108/6952 4698/5105/6952
f 4701/5109/6953 4700/5110/6953 4702/5102/6953
f 4702/5102/6953 4697/5101/6953 4701/5109/6953
f 4703/5111/6954 4701/5112/6954 4697/5106/6954
f 4697/5106/6954 4698/5105/6954 4703/5111/6954
f 4707/5113/6951 4705/5114/6951 4700/5110/6951
f 4700/5110/6951 4701/5109/6951 4707/5113/6951
f 4708/5115/6952 4707/5116/6952 4701/5112/6952
f 4701/5112/6952 4703/5111/6952 4708/5115/6952
f 4706/5117/6951 4704/5118/6951 4705/5114/6951
f 4705/5114/6951 4707/5113/6951 4706/5117/6951
f 4711/5119/6952 4706/5120/6952 4707/5116/6952
f 4707/5116/6952 4708/5115/6952 4711/5119/6952
f 4710/5121/6953 4709/5122/6953 4704/5118/6953
f 4704/5118/6953 4706/5117/6953 4710/5121/6953
f 4712/5123/6954 4710/5124/6954 4706/5120/6954
f 4706/5120/6954 4711/5119/6954 4712/5123/6954
f 4724/5125/6955 4718/5126/6956 4716/5127/6957
f 4716/5127/6957 4717/5128/6958 4724/5125/6955
f 4725/5129/6959 4721/5130/6960 4720/5131/6961
f 4720/5131/6962 4726/5132/6963 4725/5129/6959
f 4716/5127/6964 4718/5126/6965 4714/5133/6966
f 4714/5133/6966 4719/5134/6967 4716/5127/6957
f 4723/5135/6968 4720/5131/6962 4721/5130/6969
f 4721/5130/6969 4722/5136/6970 4723/5135/6968
f 4729/5137/6971 4724/5125/6955 4717/5128/6958
f 4717/5128/6972 4730/5138/6973 4729/5137/6974
f 4727/5139/6975 4731/5140/6976 4725/5129/6959
f 4725/5129/6959 4726/5132/6963 4727/5139/6977
f 4730/5138/6978 4713/5141/6979 4728/5142/6980
f 4728/5142/6981 4729/5137/6982 4730/5138/6983
f 4727/5139/6984 4732/5143/6985 4715/5144/6986
f 4715/5144/6987 4731/5140/6988 4727/5139/6989
f 4738/5145/6990 4739/5146/6991 4737/5147/6992
f 4749/5148/6993 4748/5149/6994 4739/5150/6991
f 4738/5151/6995 4749/5148/6993 4739/5150/6991
f 4741/5152/6996 4749/5148/6993 4738/5151/6995
f 4740/5153/6997 4738/5145/6995 4737/5147/6998
f 4750/5154/6999 4741/5155/6996 4738/5156/6995
f 4740/5157/6997 4750/5154/6999 4738/5156/6995
f 4742/5158/7000 4743/5159/7001 4744/5160/7002
f 4744/5160/7002 4734/5161/7003 4742/5158/7000
f 4745/5162/7004 4742/5163/7005 4734/5164/7003
f 4734/5164/7003 4735/5165/7006 4745/5162/7004
f 4733/5166/7007 4745/5162/7004 4735/5165/7006
f 4735/5165/7006 4746/5167/7008 4733/5166/7007
f 4747/5168/7009 4733/5169/7010 4746/5170/7008
f 4746/5170/7008 4736/5171/7011 4747/5168/7012
f 4753/5172/7013 4751/5173/7013 4760/5174/7014
f 4760/5174/7015 4752/5175/7016 4753/5172/7013
f 4756/5176/7017 4758/5177/7018 4755/5178/7019
f 4755/5178/7020 4754/5179/7021 4756/5176/7017
f 4757/5180/7022 4759/5181/7023 4758/5182/7024
f 4758/5182/7025 4756/5183/7017 4757/5180/7022
f 4752/5175/7016 4760/5174/7014 4759/5181/7026
f 4759/5181/7026 4757/5180/7027 4752/5175/7016
f 4761/5184/7013 4763/5185/7013 4762/5186/7015
f 4762/5186/7014 4768/5187/7016 4761/5184/7013
f 4767/5188/7017 4766/5189/7024 4765/5190/7020
f 4765/5190/7020 4764/5191/7021 4767/5188/7017
f 4769/5192/7022 4770/5193/7023 4766/5194/7024
f 4766/5194/7025 4767/5195/7017 4769/5192/7022
f 4768/5187/7016 4762/5186/7014 4770/5193/7026
f 4770/5193/7023 4769/5192/7027 4768/5187/7016
f 4777/5196/7028 4776/5197/7029 4771/5198/7030
f 4771/5198/7031 4792/5199/7032 4777/5196/7032
f 4779/5200/7033 4777/5201/7034 4792/5202/7033
f 4792/5202/7035 4778/5203/7035 4779/5200/7035
f 4780/5204/7036 4779/5205/7037 4778/5206/7037
f 4778/5206/7037 4782/5207/7038 4780/5204/7039
f 4774/5208/7040 4781/5209/7041 4783/5210/7042
f 4783/5210/7042 4784/5211/7043 4774/5208/7044
f 4772/5212/7045 4774/5208/7040 4784/5211/7043
f 4784/5211/7043 4785/5213/7045 4772/5212/7045
f 4773/5214/7046 4787/5215/7047 4786/5216/7047
f 4786/5216/7048 4788/5217/7049 4773/5214/7050
f 4775/5218/7051 4789/5219/7051 4790/5220/7051
f 4790/5220/7051 4791/5221/7051 4775/5218/7051
f 4798/5222/7052 4797/5223/7052 4793/5224/7052
f 4793/5224/7052 4795/5225/7052 4798/5222/7052
f 4794/5226/7053 4798/5227/7053 4795/5228/7053
f 4795/5228/7053 4796/5229/7053 4794/5226/7053
f 4820/5230/7028 4819/5231/7028 4805/5232/7031
f 4805/5232/7054 4806/5233/7029 4820/5230/7028
f 4808/5234/7055 4807/5235/7056 4819/5236/7055
f 4819/5236/7057 4820/5237/7057 4808/5234/7057
f 4809/5238/7039 4810/5239/7038 4807/5240/7058
f 4807/5240/7059 4808/5241/7059 4809/5238/7039
f 4813/5242/7044 4811/5243/7043 4800/5244/7042
f 4800/5244/7042 4812/5245/7060 4813/5242/7044
f 4814/5246/7045 4801/5247/7045 4811/5243/7043
f 4811/5243/7043 4813/5242/7040 4814/5246/7045
f 4818/5248/7050 4817/5249/7061 4815/5250/7047
f 4815/5250/7047 4816/5251/7047 4818/5248/7046
f 4804/5252/7062 4803/5253/7063 4799/5254/7062
f 4799/5254/7064 4802/5255/7064 4804/5252/7064
f 4824/5256/7065 4821/5257/7065 4822/5258/7065
f 4822/5258/7066 4823/5259/7066 4824/5256/7066
f 4825/5260/7067 4824/5261/7068 4823/5262/7068
f 4823/5262/7069 4826/5263/7070 4825/5260/7071
f 4854/5264/7072 4852/5265/7072 4855/5266/7072
f 4837/5267/7073 4838/5268/7074 4827/5269/7075
f 4827/5269/7075 4832/5270/7076 4837/5267/7073
f 4833/5271/7077 4839/5272/7078 4838/5268/7074
f 4838/5268/7074 4837/5267/7073 4833/5271/7077
f 4834/5273/7079 4828/5274/7080 4839/5272/7078
f 4839/5272/7078 4833/5271/7077 4834/5273/7081
f 4840/5275/7082 4841/5276/7083 4828/5274/7080
f 4828/5274/7084 4834/5273/7085 4840/5275/7082
f 4843/5277/7086 4842/5278/7087 4841/5276/7088
f 4841/5276/7088 4840/5275/7082 4843/5277/7086
f 4845/5279/7089 4829/5280/7090 4842/5278/7087
f 4842/5278/7087 4843/5277/7086 4845/5279/7089
f 4846/5281/7091 4844/5282/7092 4829/5280/7090
f 4829/5280/7090 4845/5279/7089 4846/5281/7091
f 4832/5270/7076 4827/5269/7075 4844/5282/7093
f 4844/5282/7092 4846/5281/7091 4832/5270/7076
f 4852/5283/7094 4831/5284/7095 4830/5285/7094
f 4836/5286/7096 4855/5287/7097 4835/5288/7098
f 4835/5288/7099 4847/5289/7100 4836/5286/7101
f 4853/5290/7102 4848/5291/7102 4849/5292/7102
f 4849/5292/7103 4851/5293/7103 4850/5294/7103
f 4853/5290/7103 4849/5292/7103 4850/5294/7103
f 4863/5295/7104 4856/5296/7104 4861/5297/7105
f 4861/5297/7106 4857/5298/7106 4863/5295/7104
f 4865/5299/7107 4864/5300/7107 4862/5301/7107
f 4862/5301/7107 4859/5302/7107 4865/5299/7107
f 4857/5298/7108 4861/5297/7108 4860/5303/7108
f 4860/5303/7109 4858/5304/7109 4857/5298/7109
f 4868/5305/7052 4867/5306/7052 4866/5307/7052
f 4866/5307/7052 4869/5308/7052 4868/5305/7052
f 4871/5309/7110 4868/5310/7110 4869/5311/7110
f 4869/5311/7110 4870/5312/7110 4871/5309/7110
f 4873/5313/7111 4881/5314/7112 4877/5315/7113
f 4877/5315/7114 4874/5316/7115 4873/5313/7111
f 4876/5317/7116 4875/5318/7116 4880/5319/7116
f 4880/5319/7116 4872/5320/7116 4876/5317/7116
f 4881/5314/7109 4879/5321/7109 4878/5322/7109
f 4878/5322/7108 4877/5315/7108 4881/5314/7108
f 4886/5323/7052 4883/5324/7052 4884/5325/7052
f 4884/5325/7052 4882/5326/7052 4886/5323/7052
f 4885/5327/7117 4886/5328/7117 4882/5329/7117
f 4882/5329/7053 4887/5330/7053 4885/5327/7053
f 4891/5331/7118 4890/5332/7118 4889/5333/7118
f 4889/5333/7118 4888/5334/7118 4891/5331/7118
f 4893/5335/7119 4891/5336/7119 4888/5337/7119
f 4888/5337/7120 4892/5338/7120 4893/5335/7120
f 4903/5339/7121 4898/5340/7121 4913/5341/7121
f 4913/5341/7122 4904/5342/7122 4903/5339/7122
f 4906/5343/7123 4902/5344/7124 4896/5345/7125
f 4896/5345/7126 4905/5346/7127 4906/5343/7123
f 4901/5347/7128 4906/5343/7123 4905/5346/7127
f 4905/5346/7127 4897/5348/7129 4901/5347/7128
f 4900/5349/7130 4901/5350/7131 4897/5351/7131
f 4897/5351/7131 4907/5352/7132 4900/5349/7130
f 4908/5353/7133 4900/5354/7130 4907/5355/7132
f 4907/5355/7132 4895/5356/7134 4908/5353/7133
f 4909/5357/7135 4908/5353/7136 4895/5356/7137
f 4895/5356/7138 4910/5358/7139 4909/5357/7135
f 4912/5359/7140 4909/5357/7135 4910/5358/7139
f 4910/5358/7139 4911/5360/7141 4912/5359/7140
f 4899/5361/7142 4912/5362/7140 4911/5363/7141
f 4911/5363/7141 4894/5364/7142 4899/5361/7142
f 4919/5365/7143 4916/5366/7143 4918/5367/7143
f 4918/5367/7143 4917/5368/7143 4919/5365/7143
f 4915/5369/7144 4914/5370/7144 4921/5371/7144
f 4921/5371/7145 4920/5372/7145 4915/5369/7145
f 4926/5373/7143 4923/5374/7143 4927/5375/7143
f 4927/5375/7146 4925/5376/7146 4926/5373/7146
f 4922/5377/7147 4928/5378/7147 4924/5379/7147
f 4924/5379/7147 4929/5380/7147 4922/5377/7147
f 4933/5381/7118 4932/5382/7118 4931/5383/7118
f 4931/5383/7118 4930/5384/7118 4933/5381/7118
f 4935/5385/7148 4933/5386/7148 4930/5387/7148
f 4930/5387/7148 4934/5388/7148 4935/5385/7148
f 4942/5389/7149 4940/5390/7150 4937/5391/7151
f 4937/5391/7152 4943/5392/7153 4942/5389/7149
f 4943/5393/7153 4937/5394/7151 4939/5395/7154
f 4939/5395/7155 4938/5396/7155 4943/5393/7153
f 4940/5397/7150 4942/5398/7149 4944/5399/7156
f 4944/5399/7156 4941/5400/7156 4940/5397/7150
f 4944/5399/7156 4936/5401/7157 4945/5402/7158
f 4945/5402/7158 4941/5400/7159 4944/5399/7159
f 4946/5403/7160 4962/5404/7160 4957/5405/7160
f 4957/5405/7161 4961/5406/7161 4946/5403/7161
f 4948/5407/7162 4965/5408/7163 4954/5409/7164
f 4954/5409/7165 4964/5410/7166 4948/5407/7162
f 4949/5411/7167 4955/5412/7168 4966/5413/7169
f 4966/5413/7170 4947/5414/7170 4949/5411/7167
f 4950/5415/7171 4956/5416/7171 4955/5417/7172
f 4955/5417/7172 4949/5418/7173 4950/5415/7171
f 4951/5419/7174 4958/5420/7174 4956/5421/7174
f 4956/5421/7174 4950/5422/7174 4951/5419/7174
f 4952/5423/7175 4960/5424/7175 4959/5425/7175
f 4959/5425/7176 4967/5426/7176 4952/5423/7176
f 4970/5427/7177 4968/5428/7177 4969/5429/7178
f 4969/5429/7178 4971/5430/7179 4970/5427/7177
f 4971/5431/7179 4969/5432/7178 4972/5433/7180
f 4972/5433/7180 4953/5434/7180 4971/5431/7181
f 4979/5435/7182 4977/5436/7183 4978/5437/7184
f 4978/5437/7185 4980/5438/7186 4979/5435/7187
f 4984/5439/7161 4985/5440/7161 4983/5441/7161
f 4983/5441/7160 4986/5442/7188 4984/5439/7160
f 4974/5443/7189 4987/5444/7190 4977/5445/7191
f 4977/5445/7191 4979/5446/7192 4974/5443/7193
f 4990/5447/7173 4988/5448/7170 4981/5449/7170
f 4981/5449/7194 4989/5450/7172 4990/5447/7167
f 4975/5451/7195 4990/5452/7173 4989/5453/7172
f 4989/5453/7172 4982/5454/7196 4975/5451/7196
f 4992/5455/7197 4975/5456/7197 4982/5457/7197
f 4982/5457/7198 4991/5458/7199 4992/5455/7198
f 4994/5459/7176 4973/5460/7176 4993/5461/7176
f 4993/5461/7175 4995/5462/7175 4994/5459/7175
f 4997/5463/7177 5000/5464/7200 4999/5465/7178
f 4999/5465/7178 4996/5466/7177 4997/5463/7177
f 5000/5467/7179 4976/5468/7180 4998/5469/7180
f 4998/5469/7180 4999/5470/7178 5000/5467/7179
f 5001/5471/7201 5002/5472/7201 5003/5473/7201
f 5003/5473/7201 4963/5474/7201 5001/5471/7201
f 5008/5475/7118 5007/5476/7118 5005/5477/7118
f 5005/5477/7118 5004/5478/7118 5008/5475/7118
f 5006/5479/7148 5008/5480/7148 5004/5481/7148
f 5004/5481/7148 5009/5482/7148 5006/5479/7148
f 5018/5483/7121 5019/5484/7121 5010/5485/7121
f 5010/5485/7121 5028/5486/7121 5018/5483/7121
f 5021/5487/7202 5020/5488/7203 5029/5489/7204
f 5029/5489/7204 5017/5490/7205 5021/5487/7202
f 5015/5491/7206 5012/5492/7129 5020/5488/7203
f 5020/5488/7203 5021/5487/7202 5015/5491/7206
f 5016/5493/7130 5011/5494/7132 5012/5495/7207
f 5012/5495/7131 5015/5496/7131 5016/5493/7130
f 5014/5497/7133 5022/5498/7134 5011/5499/7132
f 5011/5499/7132 5016/5500/7130 5014/5497/7133
f 5024/5501/7135 5023/5502/7139 5022/5498/7137
f 5022/5498/7138 5014/5497/7136 5024/5501/7135
f 5013/5503/7140 5025/5504/7208 5023/5502/7139
f 5023/5502/7139 5024/5501/7135 5013/5503/7140
f 5026/5505/7142 5027/5506/7142 5025/5507/7141
f 5025/5507/7141 5013/5508/7140 5026/5505/7142
f 4902/5509/7209 5017/5490/7210 5029/5489/7204
f 5029/5489/7211 4896/5510/7212 4902/5509/7212
f 5033/5511/7213 5031/5512/7213 5032/5513/7213
f 5032/5513/7118 5034/5514/7118 5033/5511/7118
f 5035/5515/7148 5033/5516/7148 5034/5517/7148
f 5034/5517/7148 5030/5518/7148 5035/5515/7148
f 5038/5519/7118 5036/5520/7118 5037/5521/7118
f 5037/5521/7118 5039/5522/7118 5038/5519/7118
f 5041/5523/7148 5038/5524/7148 5039/5525/7148
f 5039/5525/7148 5040/5526/7148 5041/5523/7148
f 5049/5527/7214 5048/5528/7215 5042/5529/7216
f 5042/5529/7217 5044/5530/7218 5049/5527/7219
f 5045/5531/7220 5049/5527/7219 5044/5530/7218
f 5044/5530/7221 5043/5532/7222 5045/5531/7223
f 5046/5533/7224 5045/5531/7223 5043/5532/7222
f 5043/5532/7222 5047/5534/7225 5046/5533/7224
f 5057/5535/7226 5051/5536/7215 5052/5537/7216
f 5052/5537/7216 5050/5538/7227 5057/5535/7226
f 5054/5539/7220 5057/5535/7219 5050/5538/7218
f 5050/5538/7228 5053/5540/7222 5054/5539/7223
f 5056/5541/7224 5054/5539/7223 5053/5540/7222
f 5053/5540/7222 5055/5542/7225 5056/5541/7224
f 5060/5543/7229 5061/5544/7229 5059/5545/7229
f 5059/5545/7230 5058/5546/7230 5060/5543/7230
f 5063/5547/7117 5060/5548/7117 5058/5549/7117
f 5058/5549/7053 5062/5550/7053 5063/5547/7053
f 5065/5551/7231 5067/5552/7231 5064/5553/7231
f 5064/5553/7231 5066/5554/7231 5065/5551/7231
f 5068/5555/7053 5065/5556/7053 5066/5557/7053
f 5066/5557/7110 5069/5558/7110 5068/5555/7110
f 5072/5559/7230 5071/5560/7230 5070/5561/7230
f 5070/5561/7230 5073/5562/7230 5072/5559/7230
f 5074/5563/7110 5072/5564/7110 5073/5565/7110
f 5073/5565/7053 5075/5566/7053 5074/5563/7053
f 5077/5567/7052 5081/5568/7052 5076/5569/7052
f 5076/5569/7052 5078/5570/7052 5077/5567/7052
f 5080/5571/7053 5077/5572/7053 5078/5573/7053
f 5078/5573/7110 5079/5574/7110 5080/5571/7110
f 5083/5575/7149 5082/5576/7232 5085/5577/7152
f 5085/5577/7151 5088/5578/7153 5083/5575/7149
f 5088/5579/7153 5085/5580/7152 5084/5581/7155
f 5084/5581/7155 5087/5582/7155 5088/5579/7153
f 5082/5583/7150 5083/5584/7149 5090/5585/7156
f 5090/5585/7156 5089/5586/7156 5082/5583/7150
f 5090/5585/7233 5086/5587/7157 5091/5588/7234
f 5091/5588/7158 5089/5586/7156 5090/5585/7156
f 5092/5589/7235 5095/5590/7236 5100/5591/7237
f 5100/5591/7237 5094/5592/7238 5092/5589/7239
f 5095/5590/7236 5093/5593/7240 5096/5594/7241
f 5096/5594/7242 5100/5591/7243 5095/5590/7236
f 5094/5592/7238 5100/5591/7237 5098/5595/7244
f 5098/5595/7244 5097/5596/7245 5094/5592/7238
f 5100/5591/7243 5096/5594/7241 5099/5597/7246
f 5099/5597/7246 5098/5595/7247 5100/5591/7248
f 5139/5598/7249 5101/5599/7249 5107/5600/7249
f 5107/5600/7250 5106/5601/7250 5139/5598/7250
f 5106/5601/7251 5107/5600/7251 5108/5602/7251
f 5108/5602/7252 5109/5603/7252 5106/5601/7252
f 5110/5604/7253 5121/5605/7253 5127/5606/7253
f 5127/5606/7254 5126/5607/7254 5110/5604/7254
f 5125/5608/7255 5128/5609/7255 5111/5610/7255
f 5111/5610/7256 5112/5611/7256 5125/5608/7256
f 5112/5611/7257 5111/5610/7257 5122/5612/7257
f 5122/5612/7258 5133/5613/7258 5112/5611/7258
f 5131/5614/7259 5135/5615/7259 5134/5616/7259
f 5134/5616/7260 5132/5617/7260 5131/5614/7260
f 5115/5618/7261 5102/5619/7261 5113/5620/7261
f 5113/5620/7262 5114/5621/7262 5115/5618/7262
f 5114/5621/7263 5113/5620/7263 5116/5622/7263
f 5116/5622/7264 5136/5623/7264 5114/5621/7264
f 5137/5624/7265 5157/5625/7265 5103/5626/7265
f 5103/5626/7266 5117/5627/7266 5137/5624/7266
f 5117/5627/7267 5103/5626/7267 5141/5628/7267
f 5141/5628/7268 5118/5629/7268 5117/5627/7268
f 5138/5630/7269 5119/5631/7269 5140/5632/7269
f 5140/5632/7270 5120/5633/7270 5138/5630/7270
f 5121/5605/7271 5130/5634/7271 5129/5635/7271
f 5129/5635/7272 5127/5606/7272 5121/5605/7272
f 5135/5615/7273 5123/5636/7273 5124/5637/7273
f 5124/5637/7274 5134/5616/7274 5135/5615/7274
f 5136/5638/7275 5116/5639/7275 5157/5640/7275
f 5157/5640/7276 5137/5641/7276 5136/5638/7276
f 5142/5642/7277 5146/5643/7278 5147/5644/7279
f 5143/5645/7280 5147/5644/7281 5149/5646/7282
f 5149/5646/7282 5148/5647/7283 5143/5645/7280
f 5150/5648/7284 5104/5649/7285 5105/5650/7286
f 5105/5650/7287 5152/5651/7288 5150/5648/7289
f 5152/5651/7288 5105/5650/7287 5151/5652/7290
f 5153/5653/7291 5154/5654/7292 5155/5655/7293
f 5155/5655/7294 5144/5656/7295 5153/5653/7296
f 5144/5656/7297 5155/5655/7294 5156/5657/7298
f 5156/5657/7299 5145/5658/7300 5144/5656/7301
f 5159/5659/7302 5160/5660/7303 5163/5661/7303
f 5163/5661/7304 5165/5662/7305 5159/5659/7305
f 5166/5663/7306 5164/5664/7306 5158/5665/7306
f 5158/5665/7306 5167/5666/7306 5166/5663/7306
f 5160/5660/7307 5161/5667/7307 5162/5668/7307
f 5162/5668/7307 5163/5661/7307 5160/5660/7307
f 5171/5669/7308 5168/5670/7308 5170/5671/7308
f 5170/5671/7308 5169/5672/7308 5171/5669/7308
f 5173/5673/7309 5172/5674/7309 5168/5675/7309
f 5168/5675/7309 5171/5676/7309 5173/5673/7309
f 5182/5677/7302 5183/5678/7305 5181/5679/7304
f 5181/5679/7310 5176/5680/7310 5182/5677/7302
f 5178/5681/7306 5174/5682/7306 5175/5683/7306
f 5175/5683/7306 5177/5684/7306 5178/5681/7306
f 5176/5680/7311 5181/5679/7311 5179/5685/7311
f 5179/5685/7303 5180/5686/7303 5176/5680/7303
f 5187/5687/7312 5184/5688/7312 5185/5689/7312
f 5185/5689/7313 5188/5690/7313 5187/5687/7313
f 5189/5691/7314 5186/5692/7314 5184/5693/7314
f 5184/5693/7309 5187/5694/7309 5189/5691/7309
f 5195/5695/7308 5191/5696/7308 5192/5697/7308
f 5192/5697/7308 5190/5698/7308 5195/5695/7308
f 5194/5699/7309 5193/5700/7309 5191/5701/7309
f 5191/5701/7314 5195/5702/7314 5194/5699/7314
f 5198/5703/7315 5204/5704/7316 5203/5705/7316
f 5203/5705/7317 5205/5706/7315 5198/5703/7315
f 5200/5707/7318 5199/5708/7318 5196/5709/7318
f 5196/5709/7318 5197/5710/7318 5200/5707/7318
f 5204/5704/7319 5201/5711/7319 5202/5712/7319
f 5202/5712/7320 5203/5705/7320 5204/5704/7320
f 5209/5713/7321 5206/5714/7321 5208/5715/7321
f 5208/5715/7322 5207/5716/7322 5209/5713/7322
f 5210/5717/7323 5216/5718/7323 5213/5719/7324
f 5213/5719/7325 5214/5720/7325 5210/5717/7326
f 5212/5721/7318 5219/5722/7318 5217/5723/7318
f 5217/5723/7327 5218/5724/7327 5212/5721/7327
f 5214/5720/7325 5213/5719/7325 5211/5725/7325
f 5211/5725/7328 5215/5726/7328 5214/5720/7328
f 5220/5727/7329 5222/5728/7329 5221/5729/7329
f 5221/5729/7322 5223/5730/7322 5220/5727/7322
f 5227/5731/7322 5225/5732/7322 5224/5733/7322
f 5224/5733/7322 5226/5734/7322 5227/5731/7322
