# Blender v3.1.2 OBJ File: ''
# www.blender.org
mtllib mike(W).mtl
o White_Cube
v 0.750000 0.750000 -0.767992
v 0.750000 -0.750000 -0.767992
v 0.772282 0.772018 1.000000
v 0.772388 -0.771755 1.000000
v -0.750000 0.750000 -0.767992
v -0.750000 -0.750000 -0.767992
v -0.772018 0.772229 1.000000
v -0.771596 -0.771861 1.000000
v -0.833333 -0.833333 0.000000
v 0.833333 0.833333 0.000000
v -0.833333 0.833333 0.000000
v 0.833333 -0.833333 0.000000
v -0.833333 -0.833333 0.958333
v 0.833333 0.833333 0.958333
v -0.833333 0.833333 0.958333
v 0.833333 -0.833333 0.958333
v 0.833333 0.000000 -0.845328
v -0.911992 0.000246 1.000000
v 0.913226 0.000175 1.000000
v -0.833333 0.000000 -0.845328
v 1.000000 0.000000 0.000000
v -1.000000 0.000000 0.000000
v -1.000000 0.000000 0.958333
v 1.000000 0.000000 0.958333
v 0.000000 -0.833333 -0.845328
v 0.000177 0.912734 1.000000
v 0.000528 -0.911997 1.000000
v 0.000000 0.833333 -0.845328
v 0.000000 -1.000000 0.000000
v 0.000000 1.000000 0.000000
v 0.000000 -1.000000 0.958333
v 0.000000 1.000000 0.958333
v 0.000000 0.000000 -1.000000
v 0.000000 -1.000000 0.017139
v 0.847915 0.000597 0.967717
v 0.000177 0.844888 0.967717
v 0.002638 -0.840363 0.967717
v -0.840335 0.001090 0.967717
v -0.696149 -0.701170 0.951575
v -0.704167 0.706283 0.951575
v 0.708025 -0.699166 0.951575
v 0.706020 0.702274 0.951575
v 0.000000 -1.000000 -0.126276
v 0.000000 1.000000 -0.126276
v 0.902033 0.000633 0.806301
v 0.000000 0.898232 0.806301
v 0.003165 -0.892549 0.806301
v -0.892514 0.001266 0.806301
v -0.738710 -0.745049 0.806301
v -0.748838 0.751059 0.806301
v 0.752958 -0.742517 0.806301
v 0.750426 0.745995 0.806301
v 0.000000 1.000000 0.017139
v -0.833333 0.833333 0.500000
v 0.833333 -0.833333 0.500000
v -0.833333 -0.833333 0.500000
v 0.833333 0.833333 0.500000
v 1.000000 0.000000 0.500000
v -1.000000 0.000000 0.500000
v 0.000000 1.000000 0.500000
v 0.000000 -1.000000 0.500000
v -0.833333 -0.833333 0.750000
v 0.833333 0.833333 0.750000
v 1.000000 0.000000 0.750000
v 0.000000 1.000000 0.750000
v 0.000000 -1.000000 0.750000
v -0.833333 0.833333 0.750000
v 0.833333 -0.833333 0.750000
v -1.000000 0.000000 0.750000
v -0.833333 0.833333 -0.071970
v 0.833333 -0.833333 -0.071970
v -0.833333 -0.833333 -0.071970
v 0.833333 0.833333 -0.071970
v 1.000000 0.000000 -0.071970
v -1.000000 0.000000 -0.071970
v 0.000000 1.000000 -0.071970
v 0.000000 -1.000000 -0.071970
v -0.833333 0.833333 -0.226641
v 0.833333 -0.833333 -0.226641
v -1.000000 0.000000 -0.226641
v -0.833333 -0.833333 -0.226641
v 0.833333 0.833333 -0.226641
v 1.000000 0.000000 -0.226641
v 0.000000 1.000000 -0.226641
v 0.000000 -1.000000 -0.226641
v -0.833333 0.833333 0.083333
v 0.833333 -0.833333 0.083333
v -1.000000 0.000000 0.083333
v -0.833333 -0.833333 0.083333
v 0.833333 0.833333 0.083333
v 1.000000 0.000000 0.083333
v 0.000000 1.000000 0.083333
v 0.000000 -1.000000 0.083333
v -0.159200 -1.143072 0.159200
v -0.159200 -1.143072 -0.159200
v 0.159200 -1.143072 0.159200
v 0.159200 -1.143072 -0.159200
v -0.119400 -0.925676 0.119400
v -0.119400 -0.925676 -0.119400
v 0.119400 -0.925676 -0.119400
v 0.119400 -0.925676 0.119400
v -0.254049 -2.313432 0.254049
v -0.254049 -2.313432 -0.254049
v 0.254049 -2.313432 0.254049
v 0.254049 -2.313432 -0.254049
v -0.254049 -2.958791 0.254049
v -0.254049 -2.958791 -0.254049
v 0.254049 -2.958791 0.254049
v 0.254049 -2.958791 -0.254049
v -0.879955 -3.101818 0.077464
v -0.879955 -3.101818 -0.066915
v -1.018278 -3.099866 0.077464
v -1.018278 -3.099866 -0.066915
v 0.823543 -3.100416 0.070311
v 0.823543 -3.100416 -0.059762
v 0.948161 -3.098658 0.070311
v 0.948161 -3.098658 -0.059762
v 0.810995 -3.200395 0.079416
v 0.810995 -3.200395 -0.068867
v 0.961662 -3.195365 0.070311
v 0.961662 -3.195365 -0.059762
v 0.809216 -3.323455 0.085092
v 0.809216 -3.323455 -0.074543
v 1.011757 -3.315177 0.070311
v 1.011757 -3.315177 -0.059762
v 0.842668 -3.513269 0.070311
v 0.842668 -3.513269 -0.059762
v 1.025895 -3.511511 0.070311
v 1.025895 -3.511511 -0.059762
v 0.749542 -3.241683 0.054052
v 0.749542 -3.241684 -0.043503
v 0.731827 -3.313101 0.070311
v 0.731827 -3.313101 -0.059762
v 0.755053 -3.445841 0.070311
v 0.755053 -3.445841 -0.059762
v 0.707460 -3.446313 0.070311
v 0.707460 -3.446313 -0.059762
v 0.744290 -3.550471 0.054052
v 0.744290 -3.550471 -0.043503
v 0.708595 -3.550825 0.054052
v 0.708595 -3.550825 -0.043503
v 0.867325 -3.694871 0.054052
v 0.867325 -3.694871 -0.043503
v 1.004746 -3.693553 0.054052
v 1.004746 -3.693553 -0.043503
v -0.865334 -3.203247 0.094177
v -0.865334 -3.203247 -0.083627
v -1.032554 -3.197768 0.083581
v -1.032554 -3.197768 -0.073031
v -0.855097 -3.322738 0.133908
v -0.855097 -3.322738 -0.123359
v -1.085771 -3.313880 0.108048
v -1.085771 -3.313880 -0.097499
v -0.892671 -3.514682 0.114165
v -0.892670 -3.514682 -0.103616
v -1.101318 -3.511738 0.114165
v -1.101317 -3.511738 -0.103616
v -0.920853 -3.697922 0.086943
v -0.920853 -3.697921 -0.076393
v -1.077338 -3.695714 0.086943
v -1.077338 -3.695714 -0.076393
v -0.798204 -3.242958 0.068592
v -0.798204 -3.242959 -0.058042
v -0.772243 -3.314031 0.108048
v -0.772243 -3.314032 -0.097499
v -0.790402 -3.444854 0.114165
v -0.790402 -3.444854 -0.103616
v -0.740707 -3.447368 0.114165
v -0.740707 -3.447368 -0.103616
v -0.781854 -3.550380 0.086943
v -0.781854 -3.550380 -0.076393
v -0.744582 -3.552266 0.086943
v -0.744582 -3.552266 -0.076393
v -0.831974 -0.831979 0.982422
v -0.822458 -0.822500 0.994792
v -0.799278 -0.799413 0.999349
v -0.246046 -0.831549 -0.843672
v -0.468364 -0.819059 -0.832081
v -0.644371 -0.788251 -0.803490
v 0.831549 -0.246046 -0.843672
v 0.819059 -0.468364 -0.832081
v 0.788251 -0.644371 -0.803490
v -0.899955 0.266848 1.000000
v -0.866994 0.500607 1.000000
v -0.819214 0.673613 1.000000
v 0.900977 -0.266229 1.000000
v 0.867751 -0.499867 1.000000
v 0.819729 -0.672983 1.000000
v -0.831549 -0.246046 -0.843672
v -0.819059 -0.468364 -0.832081
v -0.788251 -0.644371 -0.803490
v -0.266472 0.900559 1.000000
v -0.500247 0.867434 1.000000
v -0.673327 0.819510 1.000000
v 0.831988 0.831982 0.982422
v 0.822566 0.822525 0.994792
v 0.799628 0.799493 0.999349
v 0.267114 -0.899713 1.000000
v 0.500872 -0.866615 1.000000
v 0.673826 -0.818869 1.000000
v -0.831549 0.831549 -0.365560
v -0.819059 0.819059 -0.525960
v -0.788251 0.788251 -0.672382
v 0.246046 0.831549 -0.843672
v 0.468364 0.819059 -0.832081
v 0.644370 0.788251 -0.803490
v 0.831549 -0.831549 -0.365560
v 0.819059 -0.819059 -0.525960
v 0.788251 -0.788251 -0.672382
v -0.833333 0.833333 0.035156
v -0.833333 0.833333 0.010417
v -0.833333 0.833333 0.001302
v 0.833333 -0.833333 0.035156
v 0.833333 -0.833333 0.010417
v 0.833333 -0.833333 0.001302
v 0.997396 -0.247396 0.000000
v 0.979167 -0.479167 0.000000
v 0.929688 -0.679688 0.000000
v -0.247396 -0.997396 0.000000
v -0.479167 -0.979167 0.000000
v -0.679688 -0.929688 0.000000
v -0.997396 -0.247396 0.000000
v -0.979167 -0.479167 0.000000
v -0.929688 -0.679688 0.000000
v 0.247396 0.997396 0.000000
v 0.479167 0.979167 0.000000
v 0.679688 0.929688 0.000000
v -0.833333 -0.833333 0.811849
v -0.833333 -0.833333 0.869792
v -0.833333 -0.833333 0.919922
v 0.833333 0.833333 0.811849
v 0.833333 0.833333 0.869792
v 0.833333 0.833333 0.919922
v -0.799493 0.799601 0.999349
v -0.822524 0.822558 0.994792
v -0.831982 0.831986 0.982422
v 0.799682 -0.799359 0.999349
v 0.822583 -0.822483 0.994792
v 0.831990 -0.831977 0.982422
v -0.997396 -0.247396 0.958333
v -0.979167 -0.479167 0.958333
v -0.929688 -0.679688 0.958333
v 0.997396 -0.247396 0.958333
v 0.979167 -0.479167 0.958333
v 0.929688 -0.679688 0.958333
v -0.247396 -0.997396 0.958333
v -0.479167 -0.979167 0.958333
v -0.679688 -0.929688 0.958333
v 0.247396 0.997396 0.958333
v 0.479167 0.979167 0.958333
v 0.679688 0.929688 0.958333
v 0.788251 0.644370 -0.803490
v 0.819059 0.468364 -0.832081
v 0.831549 0.246046 -0.843672
v -0.818659 -0.673120 1.000000
v -0.866383 -0.500011 1.000000
v -0.899562 -0.266297 1.000000
v 0.819590 0.673334 1.000000
v 0.867598 0.500293 1.000000
v 0.900879 0.266622 1.000000
v -0.788251 0.644370 -0.803490
v -0.819059 0.468364 -0.832081
v -0.831549 0.246046 -0.843672
v 0.929688 0.679688 0.000000
v 0.979167 0.479167 0.000000
v 0.997396 0.247396 0.000000
v -0.929688 0.679688 0.000000
v -0.979167 0.479167 0.000000
v -0.997396 0.247396 0.000000
v -0.929688 0.679688 0.958333
v -0.979167 0.479167 0.958333
v -0.997396 0.247396 0.958333
v 0.929688 0.679688 0.958333
v 0.979167 0.479167 0.958333
v 0.997396 0.247396 0.958333
v 1.000000 0.000000 0.811849
v 1.000000 0.000000 0.869792
v 1.000000 0.000000 0.919922
v -0.962872 0.000104 0.999349
v -0.988999 0.000031 0.994792
v -0.998625 0.000004 0.982422
v -1.000000 0.000000 0.035156
v -1.000000 0.000000 0.010417
v -1.000000 0.000000 0.001302
v 0.247396 0.000000 -0.997583
v 0.479167 0.000000 -0.980666
v 0.679688 0.000000 -0.934748
v 0.998644 0.000003 0.982422
v 0.989153 0.000022 0.994792
v 0.963392 0.000074 0.999349
v -0.997396 0.000000 -0.366813
v -0.979167 0.000000 -0.535985
v -0.929688 0.000000 -0.705157
v -0.799619 0.000927 0.986381
v -0.788547 0.000711 0.995965
v -0.838807 0.000465 0.999496
v 0.644370 -0.788251 -0.803490
v 0.468364 -0.819059 -0.832081
v 0.246046 -0.831549 -0.843673
v 0.673681 0.819232 1.000000
v 0.500675 0.867128 1.000000
v 0.266868 0.900363 1.000000
v -0.672767 -0.819008 1.000000
v -0.499592 -0.866768 1.000000
v -0.265931 -0.899812 1.000000
v -0.644371 0.788251 -0.803490
v -0.468364 0.819059 -0.832081
v -0.246046 0.831549 -0.843672
v 0.679688 -0.929688 0.000000
v 0.479167 -0.979167 0.000000
v 0.247396 -0.997396 0.000000
v -0.679688 0.929688 0.000000
v -0.479167 0.979167 0.000000
v -0.247396 0.997396 0.000000
v 0.679688 -0.929688 0.958333
v 0.479167 -0.979167 0.958333
v 0.247396 -0.997396 0.958333
v -0.679688 0.929688 0.958333
v -0.479167 0.979167 0.958333
v -0.247396 0.997396 0.958333
v -0.679688 0.000000 -0.934748
v -0.479167 0.000000 -0.980666
v -0.247396 0.000000 -0.997583
v 0.000003 0.897398 0.854221
v 0.000022 0.891564 0.899115
v 0.000074 0.875728 0.937956
v 0.002161 -0.799641 0.986381
v 0.001584 -0.788562 0.995965
v 0.001007 -0.838816 0.999496
v -0.000000 -0.247396 -0.997583
v 0.000000 -0.479167 -0.980666
v 0.000000 -0.679688 -0.934748
v 0.000000 1.000000 0.811849
v 0.000000 1.000000 0.869792
v 0.000000 1.000000 0.919922
v 0.000000 -1.000000 0.811849
v 0.000000 -1.000000 0.869792
v 0.000000 -1.000000 0.919922
v 0.000000 0.679688 -0.934748
v 0.000000 0.479167 -0.980666
v -0.000000 0.247396 -0.997583
v 0.000008 -0.998625 0.982422
v 0.000066 -0.989000 0.994792
v 0.000223 -0.962874 0.999349
v -0.723730 0.725902 0.931115
v -0.740756 0.742962 0.897023
v -0.747828 0.750047 0.853960
v 0.000003 0.998637 0.982422
v 0.000022 0.989092 0.994792
v 0.000074 0.963185 0.999349
v 0.841192 0.000328 0.999496
v 0.792514 0.000474 0.995965
v 0.805475 0.000559 0.986381
v 0.000320 0.840240 0.999496
v 0.000397 0.790930 0.995965
v 0.000320 0.803137 0.986381
v 0.751943 -0.741535 0.853960
v 0.744837 -0.734664 0.897023
v 0.727722 -0.718131 0.931115
v 0.879202 0.000618 0.937956
v 0.895268 0.000629 0.899115
v 0.901187 0.000632 0.854221
v -0.826605 -0.248151 0.967371
v -0.791920 -0.463149 0.964952
v -0.742782 -0.616469 0.958984
v -0.611950 -0.747284 0.958984
v -0.459577 -0.795315 0.964952
v -0.245689 -0.828437 0.967371
v -0.749962 0.620860 0.958984
v -0.797320 0.466534 0.964952
v -0.829495 0.250685 0.967371
v -0.249619 0.833289 0.967371
v -0.465285 0.800393 0.964952
v -0.619169 0.752455 0.958984
v 0.251814 -0.827714 0.967371
v 0.467679 -0.793965 0.964952
v 0.622296 -0.745489 0.958984
v 0.754412 -0.614682 0.958984
v 0.802660 -0.461861 0.964952
v 0.835931 -0.247636 0.967371
v 0.835208 0.249032 0.967371
v 0.801310 0.463773 0.964952
v 0.752617 0.617263 0.958984
v 0.620463 0.748865 0.958984
v 0.466022 0.797693 0.964952
v 0.250053 0.831844 0.967371
v -0.888332 -0.220740 0.806301
v -0.870444 -0.428386 0.806301
v -0.825140 -0.607784 0.806301
v -0.601964 -0.830942 0.806301
v -0.423795 -0.874821 0.806301
v -0.217615 -0.890688 0.806301
v -0.834397 0.612851 0.806301
v -0.877407 0.432302 0.806301
v -0.892051 0.223683 0.806301
v -0.222669 0.896823 0.806301
v -0.431154 0.881260 0.806301
v -0.611272 0.837389 0.806301
v 0.224959 -0.889758 0.806301
v 0.433489 -0.873080 0.806301
v 0.614305 -0.828628 0.806301
v 0.839765 -0.605479 0.806301
v 0.884110 -0.426724 0.806301
v 0.900149 -0.220078 0.806301
v 0.899219 0.221556 0.806301
v 0.882370 0.428741 0.806301
v 0.837450 0.608212 0.806301
v 0.611942 0.832761 0.806301
v 0.431353 0.877778 0.806301
v 0.222694 0.894963 0.806301
v 0.002943 -0.870533 0.937956
v 0.003099 -0.886025 0.899115
v 0.003157 -0.891733 0.854221
v -0.737745 -0.744056 0.853960
v -0.730995 -0.737104 0.897023
v -0.714756 -0.720375 0.931115
v 0.725478 0.721416 0.931115
v 0.742397 0.738082 0.897023
v 0.749423 0.745005 0.853960
v -0.870501 0.001192 0.937956
v -0.885991 0.001244 0.899115
v -0.891698 0.001263 0.854221
v 0.000000 -1.000000 -0.047371
v 0.000000 -1.000000 -0.088422
v 0.000000 -1.000000 -0.116830
v 0.000000 1.000000 -0.047371
v 0.000000 1.000000 -0.088422
v 0.000000 1.000000 -0.116830
v 0.000000 -1.000000 -0.112545
v 0.000000 -1.000000 -0.079852
v 0.000000 -1.000000 -0.034517
v 0.000000 1.000000 -0.112545
v 0.000000 1.000000 -0.079852
v 0.000000 1.000000 -0.034517
v -0.833333 -0.833333 0.160156
v -0.833333 -0.833333 0.260417
v -0.833333 -0.833333 0.376302
v 0.833333 0.833333 0.160156
v 0.833333 0.833333 0.260417
v 0.833333 0.833333 0.376302
v 1.000000 0.000000 0.160156
v 1.000000 0.000000 0.260417
v 1.000000 0.000000 0.376302
v 0.000000 1.000000 0.160156
v 0.000000 1.000000 0.260417
v 0.000000 1.000000 0.376302
v 0.000000 -1.000000 0.160156
v 0.000000 -1.000000 0.260417
v 0.000000 -1.000000 0.376302
v -0.247396 -0.997396 0.500000
v -0.479167 -0.979167 0.500000
v -0.679688 -0.929688 0.500000
v 0.247396 0.997396 0.500000
v 0.479167 0.979167 0.500000
v 0.679688 0.929688 0.500000
v -0.997396 -0.247396 0.500000
v -0.979167 -0.479167 0.500000
v -0.929688 -0.679688 0.500000
v 0.997396 -0.247396 0.500000
v 0.979167 -0.479167 0.500000
v 0.929688 -0.679688 0.500000
v -0.679688 0.929688 0.500000
v -0.479167 0.979167 0.500000
v -0.247396 0.997396 0.500000
v 0.679688 -0.929688 0.500000
v 0.479167 -0.979167 0.500000
v 0.247396 -0.997396 0.500000
v 0.929688 0.679688 0.500000
v 0.979167 0.479167 0.500000
v 0.997396 0.247396 0.500000
v -0.929688 0.679688 0.500000
v -0.979167 0.479167 0.500000
v -0.997396 0.247396 0.500000
v -0.833333 0.833333 0.919922
v -0.833333 0.833333 0.869792
v -0.833333 0.833333 0.811849
v 0.833333 -0.833333 0.919922
v 0.833333 -0.833333 0.869792
v 0.833333 -0.833333 0.811849
v -1.000000 0.000000 0.919922
v -1.000000 0.000000 0.869792
v -1.000000 0.000000 0.811849
v -0.929688 0.679688 0.750000
v -0.979167 0.479167 0.750000
v -0.997396 0.247396 0.750000
v -0.997396 -0.247396 0.750000
v -0.979167 -0.479167 0.750000
v -0.929688 -0.679688 0.750000
v -0.247396 -0.997396 0.750000
v -0.479167 -0.979167 0.750000
v -0.679688 -0.929688 0.750000
v 0.247396 0.997396 0.750000
v 0.479167 0.979167 0.750000
v 0.679688 0.929688 0.750000
v 0.997396 -0.247396 0.750000
v 0.979167 -0.479167 0.750000
v 0.929688 -0.679688 0.750000
v -0.679688 0.929688 0.750000
v -0.479167 0.979167 0.750000
v -0.247396 0.997396 0.750000
v 0.679688 -0.929688 0.750000
v 0.479167 -0.979167 0.750000
v 0.247396 -0.997396 0.750000
v 0.929688 0.679688 0.750000
v 0.979167 0.479167 0.750000
v 0.997396 0.247396 0.750000
v -0.833333 -0.833333 -0.137222
v -0.833333 -0.833333 -0.091304
v -0.833333 -0.833333 -0.074386
v 0.833333 0.833333 -0.137222
v 0.833333 0.833333 -0.091304
v 0.833333 0.833333 -0.074386
v 1.000000 0.000000 -0.137222
v 1.000000 0.000000 -0.091304
v 1.000000 0.000000 -0.074386
v 0.000000 1.000000 -0.137222
v 0.000000 1.000000 -0.091304
v 0.000000 1.000000 -0.074386
v 0.000000 -1.000000 -0.137222
v 0.000000 -1.000000 -0.091304
v 0.000000 -1.000000 -0.074386
v -0.247396 -0.997396 -0.071970
v -0.479167 -0.979167 -0.071970
v -0.679688 -0.929688 -0.071970
v 0.247396 0.997396 -0.071970
v 0.479167 0.979167 -0.071970
v 0.679688 0.929688 -0.071970
v -0.997396 -0.247396 -0.071970
v -0.979167 -0.479167 -0.071970
v -0.929688 -0.679688 -0.071970
v 0.997396 -0.247396 -0.071970
v 0.979167 -0.479167 -0.071970
v 0.929688 -0.679688 -0.071970
v -0.679688 0.929688 -0.071970
v -0.479167 0.979167 -0.071970
v -0.247396 0.997396 -0.071970
v 0.679688 -0.929688 -0.071970
v 0.479167 -0.979167 -0.071970
v 0.247396 -0.997396 -0.071970
v 0.929688 0.679688 -0.071970
v 0.979167 0.479167 -0.071970
v 0.997396 0.247396 -0.071970
v -0.929688 0.679688 -0.071970
v -0.979167 0.479167 -0.071970
v -0.997396 0.247396 -0.071970
v -0.833333 0.833333 -0.074386
v -0.833333 0.833333 -0.091304
v -0.833333 0.833333 -0.137222
v 0.833333 -0.833333 -0.074386
v 0.833333 -0.833333 -0.091304
v 0.833333 -0.833333 -0.137222
v -1.000000 0.000000 -0.074386
v -1.000000 0.000000 -0.091304
v -1.000000 0.000000 -0.137222
v -0.788251 -0.788251 -0.672382
v -0.819059 -0.819059 -0.525960
v -0.831549 -0.831549 -0.365560
v 0.788251 0.788251 -0.672382
v 0.819059 0.819059 -0.525960
v 0.831549 0.831549 -0.365560
v 0.929688 0.000000 -0.705157
v 0.979167 0.000000 -0.535985
v 0.997396 0.000000 -0.366813
v 0.000000 0.929688 -0.705157
v 0.000000 0.979167 -0.535985
v 0.000000 0.997396 -0.366813
v 0.000000 -0.929688 -0.705157
v 0.000000 -0.979167 -0.535985
v 0.000000 -0.997396 -0.366813
v 0.929688 0.679688 -0.226641
v 0.979167 0.479167 -0.226641
v 0.997396 0.247396 -0.226641
v 0.679688 -0.929688 -0.226641
v 0.479167 -0.979167 -0.226641
v 0.247396 -0.997396 -0.226641
v -0.679688 0.929688 -0.226641
v -0.479167 0.979167 -0.226641
v -0.247396 0.997396 -0.226641
v 0.997396 -0.247396 -0.226641
v 0.979167 -0.479167 -0.226641
v 0.929688 -0.679688 -0.226641
v 0.247396 0.997396 -0.226641
v 0.479167 0.979167 -0.226641
v 0.679688 0.929688 -0.226641
v -0.247396 -0.997396 -0.226641
v -0.479167 -0.979167 -0.226641
v -0.679688 -0.929688 -0.226641
v -0.997396 -0.247396 -0.226641
v -0.979167 -0.479167 -0.226641
v -0.929688 -0.679688 -0.226641
v -0.929688 0.679688 -0.226641
v -0.979167 0.479167 -0.226641
v -0.997396 0.247396 -0.226641
v -0.833333 0.833333 0.376302
v -0.833333 0.833333 0.260417
v -0.833333 0.833333 0.160156
v 0.833333 -0.833333 0.376302
v 0.833333 -0.833333 0.260417
v 0.833333 -0.833333 0.160156
v -1.000000 0.000000 0.376302
v -1.000000 0.000000 0.260417
v -1.000000 0.000000 0.160156
v -0.833333 -0.833333 0.001302
v -0.833333 -0.833333 0.010417
v -0.833333 -0.833333 0.035156
v 0.833333 0.833333 0.001302
v 0.833333 0.833333 0.010417
v 0.833333 0.833333 0.035156
v 1.000000 0.000000 0.001302
v 1.000000 0.000000 0.010417
v 1.000000 0.000000 0.035156
v 0.000000 1.000000 0.001302
v 0.000000 1.000000 0.010417
v 0.000000 1.000000 0.035156
v 0.000000 -1.000000 0.001302
v 0.000000 -1.000000 0.010417
v 0.000000 -1.000000 0.035156
v 0.929688 0.679688 0.083333
v 0.979167 0.479167 0.083333
v 0.997396 0.247396 0.083333
v 0.679688 -0.929688 0.083333
v 0.479167 -0.979167 0.083333
v 0.247396 -0.997396 0.083333
v -0.679688 0.929688 0.083333
v -0.479167 0.979167 0.083333
v -0.247396 0.997396 0.083333
v 0.997396 -0.247396 0.083333
v 0.979167 -0.479167 0.083333
v 0.929688 -0.679688 0.083333
v 0.247396 0.997396 0.083333
v 0.479167 0.979167 0.083333
v 0.679688 0.929688 0.083333
v -0.247396 -0.997396 0.083333
v -0.479167 -0.979167 0.083333
v -0.679688 -0.929688 0.083333
v -0.997396 -0.247396 0.083333
v -0.979167 -0.479167 0.083333
v -0.929688 -0.679688 0.083333
v -0.929688 0.679688 0.083333
v -0.979167 0.479167 0.083333
v -0.997396 0.247396 0.083333
v -0.203975 -1.143072 0.087062
v -0.218900 -1.143072 0.000000
v -0.203975 -1.143072 -0.087062
v -0.087062 -1.143072 -0.203975
v 0.000000 -1.143072 -0.218900
v 0.087062 -1.143072 -0.203975
v 0.203975 -1.143072 -0.087062
v 0.218900 -1.143072 0.000000
v 0.203975 -1.143072 0.087062
v 0.087062 -1.143072 0.203975
v 0.000000 -1.143072 0.218900
v -0.087062 -1.143072 0.203975
v -0.136816 -0.915106 0.070840
v -0.145565 -0.909796 0.000000
v -0.136816 -0.915106 -0.070840
v -0.070840 -0.915106 -0.136816
v -0.000000 -0.909796 -0.145565
v 0.070840 -0.915106 -0.136816
v 0.136816 -0.915106 -0.070840
v 0.145565 -0.909796 0.000000
v 0.136816 -0.915106 0.070840
v 0.070840 -0.915106 0.136816
v -0.000000 -0.909796 0.145565
v -0.070840 -0.915106 0.136816
v -0.158348 -1.071753 -0.158348
v -0.152382 -1.007311 -0.152382
v -0.137668 -0.956294 -0.137668
v 0.137668 -0.956294 -0.137668
v 0.152382 -1.007311 -0.152382
v 0.158348 -1.071753 -0.158348
v 0.137668 -0.956294 0.137668
v 0.152382 -1.007311 0.152382
v 0.158348 -1.071753 0.158348
v -0.158348 -1.071753 0.158348
v -0.152382 -1.007311 0.152382
v -0.137668 -0.956294 0.137668
v -0.325500 -2.313432 -0.138933
v -0.349317 -2.313432 0.000000
v -0.325500 -2.313432 0.138933
v 0.138933 -2.313432 -0.325500
v 0.000000 -2.313432 -0.349317
v -0.138933 -2.313432 -0.325500
v 0.325500 -2.313432 0.138933
v 0.349317 -2.313432 0.000000
v 0.325500 -2.313432 -0.138933
v -0.138933 -2.313432 0.325500
v 0.000000 -2.313432 0.349317
v 0.138933 -2.313432 0.325500
v -0.325500 -2.958791 -0.138933
v -0.349317 -2.958791 0.000000
v -0.325500 -2.958791 0.138933
v 0.138933 -2.958791 -0.325500
v 0.000000 -2.958791 -0.349317
v -0.138933 -2.958791 -0.325500
v 0.325500 -2.958791 0.138933
v 0.349317 -2.958791 0.000000
v 0.325500 -2.958791 -0.138933
v -0.138933 -2.958791 0.325500
v 0.000000 -2.958791 0.349317
v 0.138933 -2.958791 0.325500
v -0.254049 -2.474772 0.254049
v -0.254049 -2.636111 0.254049
v -0.254049 -2.797451 0.254049
v 0.254049 -2.797451 0.254049
v 0.254049 -2.636111 0.254049
v 0.254049 -2.474771 0.254049
v 0.254049 -2.474771 -0.254049
v 0.254049 -2.636111 -0.254049
v 0.254049 -2.797451 -0.254049
v -0.254049 -2.797451 -0.254049
v -0.254049 -2.636111 -0.254049
v -0.254049 -2.474771 -0.254049
v -0.860503 -3.102092 0.044753
v -0.854019 -3.102184 0.005275
v -0.860503 -3.102092 -0.034204
v -1.037730 -3.099592 0.044753
v -1.044214 -3.099501 0.005275
v -1.037730 -3.099592 -0.034204
v -0.911294 -3.101375 -0.087218
v -0.949116 -3.100842 -0.093986
v -0.986939 -3.100308 -0.087218
v -0.986939 -3.100309 0.097768
v -0.949116 -3.100842 0.104535
v -0.911294 -3.101376 0.097768
v 0.806019 -3.100663 0.040841
v 0.800177 -3.100746 0.005274
v 0.806019 -3.100663 -0.030293
v 0.965685 -3.098411 0.040841
v 0.971527 -3.098329 0.005274
v 0.965685 -3.098411 -0.030293
v 0.851777 -3.100018 0.088602
v 0.885852 -3.099537 0.094699
v 0.919927 -3.099057 0.088602
v 0.851777 -3.100018 -0.078054
v 0.885852 -3.099537 -0.084151
v 0.919927 -3.099056 -0.078054
v 0.794051 -3.191360 0.044043
v 0.789713 -3.189000 0.005274
v 0.794051 -3.191360 -0.033494
v 0.980560 -3.195118 0.040841
v 0.986859 -3.195035 0.005274
v 0.980560 -3.195118 -0.030293
v 0.851831 -3.197821 0.093916
v 0.892758 -3.196552 0.096352
v 0.931001 -3.195801 0.088809
v 0.851831 -3.197821 -0.083367
v 0.892758 -3.196552 -0.085804
v 0.931001 -3.195802 -0.078260
v 0.948686 -3.122461 -0.059762
v 0.950351 -3.146414 -0.059762
v 0.954297 -3.170665 -0.059762
v 0.819684 -3.172618 -0.063128
v 0.822827 -3.148177 -0.060738
v 0.823705 -3.124219 -0.059884
v 0.948686 -3.122461 0.070311
v 0.950351 -3.146414 0.070311
v 0.954297 -3.170665 0.070311
v 0.823705 -3.124219 0.070433
v 0.822827 -3.148177 0.071286
v 0.819684 -3.172618 0.073677
v 0.797136 -3.347018 0.045840
v 0.793787 -3.352554 0.005274
v 0.797137 -3.347018 -0.035292
v 1.036150 -3.314930 0.040841
v 1.044280 -3.314847 0.005274
v 1.036149 -3.314930 -0.030293
v 0.867553 -3.317640 0.095822
v 0.922129 -3.316301 0.096882
v 0.972095 -3.315606 0.088875
v 0.867553 -3.317640 -0.085274
v 0.922129 -3.316302 -0.086334
v 0.972095 -3.315606 -0.078327
v 0.973019 -3.220874 -0.059762
v 0.986667 -3.248400 -0.059762
v 1.000336 -3.279361 -0.059762
v 0.818268 -3.283116 -0.087428
v 0.819704 -3.253247 -0.088664
v 0.817132 -3.227047 -0.083725
v 0.973019 -3.220874 0.070311
v 0.986667 -3.248400 0.070311
v 1.000335 -3.279361 0.070311
v 0.817132 -3.227047 0.094273
v 0.819704 -3.253247 0.099213
v 0.818268 -3.283116 0.097977
v 0.816901 -3.513516 0.040841
v 0.808312 -3.513599 0.005274
v 0.816901 -3.513516 -0.030293
v 1.051662 -3.511264 0.040841
v 1.060251 -3.511182 0.005274
v 1.051662 -3.511264 -0.030293
v 0.884180 -3.512871 0.088602
v 0.934282 -3.512390 0.094699
v 0.984383 -3.511909 0.088602
v 0.884180 -3.512871 -0.078054
v 0.934281 -3.512390 -0.084151
v 0.984383 -3.511909 -0.078054
v 1.019228 -3.356894 0.070311
v 1.023318 -3.404067 0.070311
v 1.025162 -3.455879 0.070311
v 1.025162 -3.455879 -0.059762
v 1.023318 -3.404068 -0.059762
v 1.019228 -3.356894 -0.059762
v 0.830335 -3.362156 0.075541
v 0.838519 -3.406880 0.071816
v 0.841738 -3.457768 0.070499
v 0.830335 -3.362156 -0.064992
v 0.838519 -3.406880 -0.061268
v 0.841738 -3.457768 -0.059950
v 0.747797 -3.239766 0.034214
v 0.746935 -3.238832 0.005274
v 0.747797 -3.239765 -0.023665
v 0.725397 -3.313715 0.040841
v 0.723253 -3.313920 0.005274
v 0.725397 -3.313715 -0.030293
v 0.737105 -3.287617 -0.059414
v 0.741685 -3.266866 -0.056977
v 0.746015 -3.251171 -0.050966
v 0.746015 -3.251171 0.061515
v 0.741685 -3.266866 0.067526
v 0.737105 -3.287617 0.069963
v 0.778461 -3.313144 0.095822
v 0.757936 -3.311792 0.096882
v 0.742593 -3.312220 0.088875
v 0.742593 -3.312220 -0.078327
v 0.757936 -3.311792 -0.086334
v 0.778461 -3.313144 -0.085274
v 0.785478 -3.216470 0.073329
v 0.768414 -3.227160 0.068501
v 0.756394 -3.235665 0.061637
v 0.756394 -3.235665 -0.051088
v 0.768415 -3.227160 -0.057953
v 0.785478 -3.216470 -0.062780
v 0.761746 -3.445775 0.040841
v 0.763977 -3.445753 0.005274
v 0.761746 -3.445775 -0.030293
v 0.700768 -3.446379 0.040841
v 0.698537 -3.446401 0.005274
v 0.700768 -3.446379 -0.030293
v 0.744270 -3.445948 0.088602
v 0.731257 -3.446077 0.094699
v 0.718243 -3.446206 0.088602
v 0.718243 -3.446207 -0.078054
v 0.731257 -3.446077 -0.084151
v 0.744270 -3.445949 -0.078054
v 0.781285 -3.347347 -0.064992
v 0.768563 -3.376837 -0.061268
v 0.760316 -3.410447 -0.059950
v 0.712446 -3.410734 -0.059762
v 0.718749 -3.375835 -0.059762
v 0.725500 -3.342871 -0.059762
v 0.712446 -3.410734 0.070311
v 0.718749 -3.375835 0.070311
v 0.725500 -3.342871 0.070311
v 0.781285 -3.347348 0.075541
v 0.768563 -3.376837 0.071816
v 0.760316 -3.410447 0.070499
v 0.746942 -3.555454 0.034214
v 0.748275 -3.557958 0.005274
v 0.746943 -3.555455 -0.023665
v 0.706041 -3.555860 0.034214
v 0.704759 -3.558390 0.005274
v 0.706041 -3.555860 -0.023665
v 0.737081 -3.555552 0.061166
v 0.726517 -3.558173 0.064740
v 0.715903 -3.555763 0.061166
v 0.715903 -3.555763 -0.050618
v 0.726517 -3.558174 -0.054192
v 0.737081 -3.555552 -0.050618
v 0.704549 -3.481003 0.069963
v 0.704011 -3.511992 0.067526
v 0.705812 -3.536317 0.061515
v 0.746968 -3.535909 0.061515
v 0.749566 -3.511541 0.067526
v 0.751887 -3.480533 0.069963
v 0.746968 -3.535909 -0.050966
v 0.749566 -3.511540 -0.056977
v 0.751887 -3.480534 -0.059414
v 0.705812 -3.536317 -0.050966
v 0.704011 -3.511992 -0.056977
v 0.704549 -3.481003 -0.059414
v 0.857391 -3.704197 0.034214
v 0.852401 -3.708882 0.005274
v 0.857391 -3.704197 -0.023665
v 1.014857 -3.702687 0.034214
v 1.019936 -3.707275 0.005274
v 1.014857 -3.702687 -0.023665
v 0.895358 -3.703833 0.061166
v 0.936169 -3.708078 0.064740
v 0.976890 -3.703051 0.061166
v 0.895358 -3.703833 -0.050618
v 0.936169 -3.708078 -0.054192
v 0.976890 -3.703051 -0.050618
v 0.843717 -3.570910 0.069963
v 0.847669 -3.624770 0.067526
v 0.856557 -3.668361 0.061515
v 1.015003 -3.666842 0.061515
v 1.023051 -3.623088 0.067526
v 1.025964 -3.569162 0.069963
v 0.843717 -3.570910 -0.059414
v 0.847669 -3.624770 -0.056977
v 0.856557 -3.668361 -0.050966
v 1.025964 -3.569162 -0.059414
v 1.023051 -3.623088 -0.056977
v 1.015003 -3.666842 -0.050966
v -0.847289 -3.194429 0.050594
v -0.842687 -3.192115 0.005275
v -0.847289 -3.194429 -0.040044
v -1.053654 -3.197470 0.048099
v -1.060687 -3.197371 0.005275
v -1.053654 -3.197470 -0.037549
v -0.910297 -3.200553 -0.101294
v -0.955729 -3.199151 -0.104338
v -0.998334 -3.198288 -0.095298
v -0.998334 -3.198288 0.105847
v -0.955729 -3.199150 0.114888
v -0.910297 -3.200553 0.111843
v -0.880101 -3.126318 -0.067135
v -0.879052 -3.150848 -0.068678
v -0.875397 -3.175611 -0.073022
v -1.024754 -3.173317 -0.069495
v -1.020581 -3.148846 -0.067679
v -1.018825 -3.124360 -0.067010
v -0.880101 -3.126318 0.077685
v -0.879052 -3.150848 0.079228
v -0.875397 -3.175611 0.083572
v -1.018825 -3.124360 0.077560
v -1.020581 -3.148846 0.078229
v -1.024754 -3.173318 0.080045
v -0.840136 -3.346066 0.071953
v -0.836054 -3.351566 0.005275
v -0.840136 -3.346066 -0.061404
v -1.113464 -3.313490 0.061479
v -1.122695 -3.313359 0.005275
v -1.113464 -3.313490 -0.050929
v -0.921844 -3.316962 -0.138678
v -0.983959 -3.315465 -0.139736
v -1.040736 -3.314535 -0.126866
v -1.040737 -3.314534 0.137416
v -0.983959 -3.315465 0.150286
v -0.921844 -3.316963 0.149227
v -0.870628 -3.229092 -0.110033
v -0.871611 -3.254345 -0.125991
v -0.867840 -3.283255 -0.134045
v -1.073590 -3.278795 -0.091955
v -1.059065 -3.248909 -0.085265
v -1.044589 -3.222481 -0.078575
v -0.870628 -3.229093 0.120583
v -0.871611 -3.254345 0.136541
v -0.867839 -3.283255 0.144595
v -1.044589 -3.222481 0.089124
v -1.059065 -3.248909 0.095815
v -1.073591 -3.278795 0.102505
v -0.863329 -3.515095 0.064824
v -0.853549 -3.515234 0.005275
v -0.863329 -3.515096 -0.054275
v -1.130658 -3.511324 0.064824
v -1.140439 -3.511187 0.005275
v -1.130659 -3.511324 -0.054275
v -0.939942 -3.514015 -0.134241
v -0.996994 -3.513210 -0.144449
v -1.054046 -3.512405 -0.134241
v -1.054046 -3.512405 0.144791
v -0.996994 -3.513210 0.154999
v -0.939942 -3.514015 0.144791
v -0.878568 -3.361603 0.121088
v -0.887808 -3.406866 0.116155
v -0.891525 -3.458453 0.114414
v -0.891525 -3.458453 -0.103864
v -0.887808 -3.406866 -0.105605
v -0.878568 -3.361603 -0.110538
v -1.093810 -3.355451 0.111585
v -1.098293 -3.402957 0.113401
v -1.100402 -3.455389 0.114070
v -1.093810 -3.355451 -0.101035
v -1.098293 -3.402958 -0.102851
v -1.100402 -3.455389 -0.103520
v -0.909541 -3.707387 0.053728
v -0.903858 -3.712142 0.005275
v -0.909541 -3.707387 -0.043179
v -1.088852 -3.704858 0.053728
v -1.094635 -3.709451 0.005275
v -1.088852 -3.704858 -0.043179
v -0.952775 -3.706777 -0.088305
v -0.999247 -3.710796 -0.094289
v -1.045618 -3.705467 -0.088305
v -1.045618 -3.705467 0.098855
v -0.999247 -3.710796 0.104839
v -0.952775 -3.706777 0.098855
v -1.101456 -3.570041 0.113582
v -1.098170 -3.624520 0.109502
v -1.089018 -3.668715 0.099438
v -0.908589 -3.671260 0.099438
v -0.898458 -3.627336 0.109502
v -0.893926 -3.572969 0.113582
v -1.101456 -3.570041 -0.103033
v -1.098170 -3.624519 -0.098952
v -1.089017 -3.668715 -0.088888
v -0.893926 -3.572969 -0.103033
v -0.898458 -3.627336 -0.098952
v -0.908589 -3.671260 -0.088888
v -0.796770 -3.240988 0.042606
v -0.796065 -3.240022 0.005275
v -0.796770 -3.240988 -0.032056
v -0.765533 -3.314823 0.061479
v -0.763296 -3.315086 0.005275
v -0.765533 -3.314823 -0.050929
v -0.793431 -3.252299 -0.070217
v -0.787115 -3.267866 -0.082620
v -0.780118 -3.288563 -0.091625
v -0.793431 -3.252300 0.080767
v -0.787115 -3.267866 0.093169
v -0.780118 -3.288563 0.102174
v -0.821635 -3.312931 -0.138678
v -0.799696 -3.312044 -0.139736
v -0.783503 -3.312860 -0.126866
v -0.783503 -3.312860 0.137416
v -0.799696 -3.312044 0.150286
v -0.821635 -3.312932 0.149227
v -0.837316 -3.218898 0.089047
v -0.818818 -3.229107 0.084419
v -0.805768 -3.237197 0.077116
v -0.805767 -3.237197 -0.066567
v -0.818818 -3.229107 -0.073870
v -0.837316 -3.218898 -0.078498
v -0.797391 -3.444502 0.064824
v -0.799720 -3.444383 0.005275
v -0.797391 -3.444501 -0.054275
v -0.733719 -3.447722 0.064824
v -0.731389 -3.447840 0.005275
v -0.733719 -3.447722 -0.054275
v -0.779144 -3.445424 -0.134241
v -0.765555 -3.446111 -0.144449
v -0.751966 -3.446799 -0.134241
v -0.751966 -3.446799 0.144791
v -0.765555 -3.446111 0.154999
v -0.779143 -3.445424 0.144791
v -0.822063 -3.346370 -0.110538
v -0.806568 -3.375761 -0.105605
v -0.796515 -3.409372 -0.103864
v -0.796514 -3.409372 0.114414
v -0.806568 -3.375761 0.116155
v -0.822063 -3.346370 0.121088
v -0.746516 -3.411696 0.114070
v -0.754450 -3.376759 0.113401
v -0.763397 -3.343792 0.111585
v -0.746516 -3.411696 -0.103520
v -0.754450 -3.376759 -0.102851
v -0.763397 -3.343792 -0.101035
v -0.784878 -3.555293 0.053728
v -0.786398 -3.557762 0.005275
v -0.784879 -3.555294 -0.043179
v -0.742170 -3.557454 0.053728
v -0.740959 -3.560060 0.005275
v -0.742170 -3.557454 -0.043179
v -0.774581 -3.555815 -0.088305
v -0.763678 -3.558911 -0.094289
v -0.752468 -3.556933 -0.088305
v -0.752468 -3.556933 0.098855
v -0.763678 -3.558911 0.104839
v -0.774581 -3.555814 0.098855
v -0.737915 -3.482212 0.113582
v -0.738149 -3.513352 0.109502
v -0.740979 -3.537760 0.099438
v -0.740979 -3.537760 -0.088888
v -0.738149 -3.513352 -0.098952
v -0.737915 -3.482212 -0.103033
v -0.783953 -3.535586 -0.088888
v -0.785717 -3.510947 -0.098952
v -0.787344 -3.479712 -0.103033
v -0.783954 -3.535586 0.099438
v -0.785717 -3.510947 0.109502
v -0.787344 -3.479712 0.113582
v -0.247674 0.995884 0.982422
v -0.479338 0.977426 0.982422
v -0.679153 0.927942 0.982422
v -0.249623 0.985296 0.994792
v -0.480541 0.965242 0.994792
v -0.675413 0.915721 0.994792
v -0.255069 0.956555 0.999349
v -0.485065 0.932129 0.999349
v -0.668450 0.882969 0.999349
v 0.872239 0.232826 0.937757
v 0.848368 0.440946 0.936368
v 0.801820 0.604749 0.933268
v 0.891228 0.224855 0.899050
v 0.872320 0.432036 0.898592
v 0.826823 0.606383 0.897611
v 0.898220 0.221969 0.854213
v 0.881113 0.429153 0.854156
v 0.836122 0.607984 0.854033
v -0.994804 0.247354 -0.366773
v -0.976659 0.478829 -0.366499
v -0.927415 0.678663 -0.365912
v -0.976659 0.247058 -0.535672
v -0.959105 0.476466 -0.533479
v -0.911507 0.671489 -0.528779
v -0.927415 0.246425 -0.704206
v -0.911507 0.471402 -0.697549
v -0.869028 0.655486 -0.682698
v 0.247684 -0.995870 0.982422
v 0.479348 -0.977413 0.982422
v 0.679162 -0.927931 0.982422
v 0.249703 -0.985191 0.994792
v 0.480620 -0.965138 0.994792
v 0.675481 -0.915635 0.994792
v 0.255341 -0.956198 0.999349
v 0.485332 -0.931779 0.999349
v 0.668672 -0.882683 0.999349
v 0.995889 0.247677 0.982422
v 0.977429 0.479339 0.982422
v 0.927943 0.679153 0.982422
v 0.985337 0.249641 0.994792
v 0.965263 0.480546 0.994792
v 0.915732 0.675414 0.994792
v 0.956690 0.255132 0.999349
v 0.932199 0.485084 0.999349
v 0.883005 0.668452 0.999349
v 0.247354 0.247354 -0.995178
v 0.247058 0.478829 -0.978339
v 0.246425 0.678663 -0.932639
v 0.478829 0.247058 -0.978339
v 0.476466 0.476466 -0.962048
v 0.471402 0.671489 -0.917876
v 0.678663 0.246425 -0.932639
v 0.671489 0.471402 -0.917876
v 0.655486 0.655486 -0.878454
v -0.997396 0.247396 0.035156
v -0.979167 0.479167 0.035156
v -0.929688 0.679688 0.035156
v -0.997396 0.247396 0.010417
v -0.979167 0.479167 0.010417
v -0.929688 0.679688 0.010417
v -0.997396 0.247396 0.001302
v -0.979167 0.479167 0.001302
v -0.929688 0.679688 0.001302
v -0.956300 0.255228 0.999349
v -0.931941 0.485219 0.999349
v -0.882838 0.668577 0.999349
v -0.985221 0.249670 0.994792
v -0.965186 0.480587 0.994792
v -0.915682 0.675452 0.994792
v -0.995874 0.247680 0.982422
v -0.977419 0.479344 0.982422
v -0.927937 0.679158 0.982422
v 0.997396 0.247396 0.811849
v 0.979167 0.479167 0.811849
v 0.929688 0.679688 0.811849
v 0.997396 0.247396 0.869792
v 0.979167 0.479167 0.869792
v 0.929688 0.679688 0.869792
v 0.997396 0.247396 0.919922
v 0.979167 0.479167 0.919922
v 0.929688 0.679688 0.919922
v 0.247396 -0.997396 0.811849
v 0.479167 -0.979167 0.811849
v 0.679688 -0.929688 0.811849
v 0.247396 -0.997396 0.869792
v 0.479167 -0.979167 0.869792
v 0.679688 -0.929688 0.869792
v 0.247396 -0.997396 0.919922
v 0.479167 -0.979167 0.919922
v 0.679688 -0.929688 0.919922
v -0.247396 0.997396 0.811849
v -0.479167 0.979167 0.811849
v -0.679688 0.929688 0.811849
v -0.247396 0.997396 0.869792
v -0.479167 0.979167 0.869792
v -0.679688 0.929688 0.869792
v -0.247396 0.997396 0.919922
v -0.479167 0.979167 0.919922
v -0.679688 0.929688 0.919922
v 0.929688 -0.679688 0.811849
v 0.979167 -0.479167 0.811849
v 0.997396 -0.247396 0.811849
v 0.929688 -0.679688 0.869792
v 0.979167 -0.479167 0.869792
v 0.997396 -0.247396 0.869792
v 0.929688 -0.679688 0.919922
v 0.979167 -0.479167 0.919922
v 0.997396 -0.247396 0.919922
v -0.882589 -0.668357 0.999349
v -0.931679 -0.484964 0.999349
v -0.956134 -0.254995 0.999349
v -0.915606 -0.675385 0.994792
v -0.965108 -0.480511 0.994792
v -0.985172 -0.249601 0.994792
v -0.927927 -0.679150 0.982422
v -0.977409 -0.479335 0.982422
v -0.995868 -0.247671 0.982422
v -0.929688 -0.679688 0.035156
v -0.979167 -0.479167 0.035156
v -0.997396 -0.247396 0.035156
v -0.929688 -0.679688 0.010417
v -0.979167 -0.479167 0.010417
v -0.997396 -0.247396 0.010417
v -0.929688 -0.679688 0.001302
v -0.979167 -0.479167 0.001302
v -0.997396 -0.247396 0.001302
v 0.246425 -0.678663 -0.932639
v 0.247058 -0.478829 -0.978339
v 0.247354 -0.247354 -0.995178
v 0.471402 -0.671489 -0.917876
v 0.476466 -0.476466 -0.962048
v 0.478829 -0.247058 -0.978339
v 0.655487 -0.655487 -0.878454
v 0.671489 -0.471402 -0.917876
v 0.678663 -0.246425 -0.932639
v 0.927946 -0.679147 0.982422
v 0.977431 -0.479332 0.982422
v 0.995890 -0.247670 0.982422
v 0.915751 -0.675367 0.994792
v 0.965282 -0.480492 0.994792
v 0.985349 -0.249592 0.994792
v 0.883067 -0.668295 0.999349
v 0.932264 -0.484902 0.999349
v 0.956732 -0.254966 0.999349
v -0.927415 -0.678663 -0.365912
v -0.976659 -0.478829 -0.366499
v -0.994804 -0.247354 -0.366774
v -0.911507 -0.671489 -0.528779
v -0.959105 -0.476466 -0.533479
v -0.976659 -0.247058 -0.535672
v -0.869028 -0.655487 -0.682698
v -0.911507 -0.471402 -0.697549
v -0.927415 -0.246425 -0.704206
v -0.608178 -0.609721 0.995679
v -0.283480 -0.816714 0.999506
v -0.293881 -0.755941 0.995932
v -0.271939 -0.777450 0.986033
v -0.506547 -0.720769 0.983228
v -0.655923 -0.659608 0.974723
v -0.718157 -0.509293 0.983227
v -0.776073 -0.273817 0.986032
v -0.755065 -0.295106 0.995932
v -0.816222 -0.284193 0.999506
v -0.761619 -0.534238 0.999621
v -0.707852 -0.708465 0.999926
v -0.533425 -0.762377 0.999621
v 0.612933 -0.609147 0.995679
v 0.709728 -0.708226 0.999926
v 0.764254 -0.533955 0.999621
v 0.818970 -0.284057 0.999506
v 0.759739 -0.294861 0.995932
v 0.783188 -0.273430 0.986033
v 0.726357 -0.508301 0.983228
v 0.665265 -0.658151 0.974723
v 0.513396 -0.719735 0.983227
v 0.276974 -0.776908 0.986033
v 0.297541 -0.755599 0.995932
v 0.285753 -0.816521 0.999506
v 0.535908 -0.762080 0.999621
v -0.655486 -0.655487 -0.878454
v -0.671489 -0.471402 -0.917876
v -0.678663 -0.246425 -0.932639
v -0.471402 -0.671489 -0.917876
v -0.476466 -0.476466 -0.962048
v -0.478829 -0.247058 -0.978339
v -0.246425 -0.678663 -0.932639
v -0.247058 -0.478829 -0.978339
v -0.247354 -0.247354 -0.995178
v 0.679688 0.929688 0.811849
v 0.479167 0.979167 0.811849
v 0.247396 0.997396 0.811849
v 0.679688 0.929688 0.869792
v 0.479167 0.979167 0.869792
v 0.247396 0.997396 0.869792
v 0.679688 0.929688 0.919922
v 0.479167 0.979167 0.919922
v 0.247396 0.997396 0.919922
v -0.679688 -0.929688 0.811849
v -0.479167 -0.979167 0.811849
v -0.247396 -0.997396 0.811849
v -0.679688 -0.929688 0.869792
v -0.479167 -0.979167 0.869792
v -0.247396 -0.997396 0.869792
v -0.679688 -0.929688 0.919922
v -0.479167 -0.979167 0.919922
v -0.247396 -0.997396 0.919922
v -0.678663 0.246425 -0.932639
v -0.671489 0.471402 -0.917876
v -0.655487 0.655487 -0.878454
v -0.478829 0.247058 -0.978339
v -0.476466 0.476466 -0.962048
v -0.471402 0.671489 -0.917876
v -0.247354 0.247354 -0.995178
v -0.247058 0.478829 -0.978339
v -0.246425 0.678663 -0.932639
v -0.679144 -0.927933 0.982422
v -0.479328 -0.977416 0.982422
v -0.247666 -0.995872 0.982422
v -0.675337 -0.915654 0.994792
v -0.480457 -0.965157 0.994792
v -0.249555 -0.985203 0.994792
v -0.668199 -0.882745 0.999349
v -0.484784 -0.931844 0.999349
v -0.254841 -0.956240 0.999349
v 0.612262 0.610748 0.995679
v 0.818776 0.284801 0.999506
v 0.763948 0.534781 0.999621
v 0.709479 0.708860 0.999926
v 0.535530 0.763053 0.999621
v 0.285271 0.817776 0.999506
v 0.296703 0.757701 0.995932
v 0.275656 0.780075 0.986033
v 0.512136 0.722563 0.983228
v 0.663775 0.660801 0.974723
v 0.725311 0.510154 0.983227
v 0.782644 0.274742 0.986032
v 0.759391 0.295971 0.995932
v 0.679159 0.927937 0.982422
v 0.479345 0.977421 0.982422
v 0.247680 0.995880 0.982422
v 0.675461 0.915684 0.994792
v 0.480595 0.965203 0.994792
v 0.249672 0.985272 0.994792
v 0.668608 0.882845 0.999349
v 0.485248 0.931998 0.999349
v 0.255237 0.956472 0.999349
v -0.598989 -0.795790 0.933268
v -0.436348 -0.841467 0.936368
v -0.229141 -0.864449 0.937757
v -0.600291 -0.820456 0.897611
v -0.427197 -0.864962 0.898592
v -0.220990 -0.882916 0.899050
v -0.601755 -0.829631 0.854033
v -0.424220 -0.873588 0.854156
v -0.218037 -0.889717 0.854213
v -0.610620 0.611945 0.995679
v -0.778244 0.275982 0.986033
v -0.722311 0.512271 0.983228
v -0.661801 0.663732 0.974723
v -0.510915 0.724637 0.983227
v -0.274884 0.781160 0.986033
v -0.295748 0.758389 0.995932
v -0.284541 0.818163 0.999506
v -0.534698 0.763651 0.999621
v -0.708825 0.709343 0.999926
v -0.762820 0.535394 0.999621
v -0.816996 0.285245 0.999506
v -0.756444 0.296757 0.995932
v -0.233715 0.870042 0.937757
v -0.442963 0.847324 0.936368
v -0.607273 0.801670 0.933268
v -0.225901 0.888890 0.899050
v -0.434330 0.871227 0.898592
v -0.609277 0.826731 0.897611
v -0.223073 0.895831 0.854213
v -0.431551 0.880005 0.854156
v -0.611022 0.836057 0.854033
v 0.803879 -0.602121 0.933268
v 0.849933 -0.438987 0.936368
v 0.873080 -0.231384 0.937757
v 0.829058 -0.603685 0.897611
v 0.874007 -0.430038 0.898592
v 0.892131 -0.223388 0.899050
v 0.838426 -0.605255 0.854033
v 0.882847 -0.427138 0.854156
v 0.899146 -0.220491 0.854213
v 0.235962 -0.863608 0.937757
v 0.445308 -0.839903 0.936368
v 0.610303 -0.793731 0.933268
v 0.228178 -0.882013 0.899050
v 0.436666 -0.863275 0.898592
v 0.612306 -0.818221 0.897611
v 0.225361 -0.888790 0.854213
v 0.433886 -0.871854 0.854156
v 0.614056 -0.827327 0.854033
v -0.798864 0.608877 0.933268
v -0.843791 0.444146 0.936368
v -0.865681 0.234750 0.937757
v -0.823791 0.610862 0.897611
v -0.867468 0.435487 0.898592
v -0.884240 0.226921 0.899050
v -0.833072 0.612603 0.854033
v -0.876164 0.432700 0.854156
v -0.891074 0.224087 0.854213
v -0.862318 -0.231983 0.937757
v -0.837533 -0.440479 0.936368
v -0.790625 -0.604171 0.933268
v -0.880627 -0.224031 0.899050
v -0.860719 -0.431648 0.898592
v -0.814852 -0.605910 0.897611
v -0.887369 -0.221152 0.854213
v -0.869228 -0.428793 0.854156
v -0.823854 -0.607550 0.854033
v 0.608198 0.797551 0.933268
v 0.443385 0.844195 0.936368
v 0.233911 0.868360 0.937757
v 0.610023 0.822261 0.897611
v 0.434594 0.867853 0.898592
v 0.225977 0.887084 0.899050
v 0.611702 0.831448 0.854033
v 0.431758 0.876537 0.854156
v 0.223104 0.893978 0.854213
v -0.679688 -0.929688 0.160156
v -0.479167 -0.979167 0.160156
v -0.247396 -0.997396 0.160156
v -0.679688 -0.929688 0.260417
v -0.479167 -0.979167 0.260417
v -0.247396 -0.997396 0.260417
v -0.679688 -0.929688 0.376302
v -0.479167 -0.979167 0.376302
v -0.247396 -0.997396 0.376302
v 0.679688 0.929688 0.160156
v 0.479167 0.979167 0.160156
v 0.247396 0.997396 0.160156
v 0.679688 0.929688 0.260417
v 0.479167 0.979167 0.260417
v 0.247396 0.997396 0.260417
v 0.679688 0.929688 0.376302
v 0.479167 0.979167 0.376302
v 0.247396 0.997396 0.376302
v 0.929688 -0.679688 0.160156
v 0.979167 -0.479167 0.160156
v 0.997396 -0.247396 0.160156
v 0.929688 -0.679688 0.260417
v 0.979167 -0.479167 0.260417
v 0.997396 -0.247396 0.260417
v 0.929688 -0.679688 0.376302
v 0.979167 -0.479167 0.376302
v 0.997396 -0.247396 0.376302
v -0.247396 0.997396 0.160156
v -0.479167 0.979167 0.160156
v -0.679688 0.929688 0.160156
v -0.247396 0.997396 0.260417
v -0.479167 0.979167 0.260417
v -0.679688 0.929688 0.260417
v -0.247396 0.997396 0.376302
v -0.479167 0.979167 0.376302
v -0.679688 0.929688 0.376302
v 0.247396 -0.997396 0.160156
v 0.479167 -0.979167 0.160156
v 0.679688 -0.929688 0.160156
v 0.247396 -0.997396 0.260417
v 0.479167 -0.979167 0.260417
v 0.679688 -0.929688 0.260417
v 0.247396 -0.997396 0.376302
v 0.479167 -0.979167 0.376302
v 0.679688 -0.929688 0.376302
v 0.997396 0.247396 0.160156
v 0.979167 0.479167 0.160156
v 0.929688 0.679688 0.160156
v 0.997396 0.247396 0.260417
v 0.979167 0.479167 0.260417
v 0.929688 0.679688 0.260417
v 0.997396 0.247396 0.376302
v 0.979167 0.479167 0.376302
v 0.929688 0.679688 0.376302
v -0.997396 0.247396 0.919922
v -0.979167 0.479167 0.919922
v -0.929688 0.679688 0.919922
v -0.997396 0.247396 0.869792
v -0.979167 0.479167 0.869792
v -0.929688 0.679688 0.869792
v -0.997396 0.247396 0.811849
v -0.979167 0.479167 0.811849
v -0.929688 0.679688 0.811849
v -0.929688 -0.679688 0.919922
v -0.979167 -0.479167 0.919922
v -0.997396 -0.247396 0.919922
v -0.929688 -0.679688 0.869792
v -0.979167 -0.479167 0.869792
v -0.997396 -0.247396 0.869792
v -0.929688 -0.679688 0.811849
v -0.979167 -0.479167 0.811849
v -0.997396 -0.247396 0.811849
v -0.679688 -0.929688 -0.137222
v -0.479167 -0.979167 -0.137222
v -0.247396 -0.997396 -0.137222
v -0.679688 -0.929688 -0.091304
v -0.479167 -0.979167 -0.091304
v -0.247396 -0.997396 -0.091304
v -0.679688 -0.929688 -0.074386
v -0.479167 -0.979167 -0.074386
v -0.247396 -0.997396 -0.074386
v 0.679688 0.929688 -0.137222
v 0.479167 0.979167 -0.137222
v 0.247396 0.997396 -0.137222
v 0.679688 0.929688 -0.091304
v 0.479167 0.979167 -0.091304
v 0.247396 0.997396 -0.091304
v 0.679688 0.929688 -0.074386
v 0.479167 0.979167 -0.074386
v 0.247396 0.997396 -0.074386
v 0.929688 -0.679688 -0.137222
v 0.979167 -0.479167 -0.137222
v 0.997396 -0.247396 -0.137222
v 0.929688 -0.679688 -0.091304
v 0.979167 -0.479167 -0.091304
v 0.997396 -0.247396 -0.091304
v 0.929688 -0.679688 -0.074386
v 0.979167 -0.479167 -0.074386
v 0.997396 -0.247396 -0.074386
v -0.247396 0.997396 -0.137222
v -0.479167 0.979167 -0.137222
v -0.679688 0.929688 -0.137222
v -0.247396 0.997396 -0.091304
v -0.479167 0.979167 -0.091304
v -0.679688 0.929688 -0.091304
v -0.247396 0.997396 -0.074386
v -0.479167 0.979167 -0.074386
v -0.679688 0.929688 -0.074386
v 0.247396 -0.997396 -0.137222
v 0.479167 -0.979167 -0.137222
v 0.679688 -0.929688 -0.137222
v 0.247396 -0.997396 -0.091304
v 0.479167 -0.979167 -0.091304
v 0.679688 -0.929688 -0.091304
v 0.247396 -0.997396 -0.074386
v 0.479167 -0.979167 -0.074386
v 0.679688 -0.929688 -0.074386
v 0.997396 0.247396 -0.137222
v 0.979167 0.479167 -0.137222
v 0.929688 0.679688 -0.137222
v 0.997396 0.247396 -0.091304
v 0.979167 0.479167 -0.091304
v 0.929688 0.679688 -0.091304
v 0.997396 0.247396 -0.074386
v 0.979167 0.479167 -0.074386
v 0.929688 0.679688 -0.074386
v 0.927415 0.246425 -0.704206
v 0.911507 0.471402 -0.697549
v 0.869028 0.655487 -0.682698
v 0.976659 0.247058 -0.535672
v 0.959105 0.476466 -0.533479
v 0.911507 0.671489 -0.528779
v 0.994804 0.247354 -0.366774
v 0.976659 0.478829 -0.366499
v 0.927415 0.678663 -0.365912
v 0.246425 -0.927415 -0.704206
v 0.471402 -0.911507 -0.697549
v 0.655487 -0.869028 -0.682698
v 0.247058 -0.976659 -0.535672
v 0.476466 -0.959105 -0.533479
v 0.671489 -0.911507 -0.528779
v 0.247354 -0.994804 -0.366774
v 0.478829 -0.976659 -0.366499
v 0.678663 -0.927415 -0.365912
v -0.246425 0.927415 -0.704206
v -0.471402 0.911507 -0.697549
v -0.655487 0.869028 -0.682698
v -0.247058 0.976659 -0.535672
v -0.476466 0.959105 -0.533479
v -0.671489 0.911507 -0.528780
v -0.247354 0.994804 -0.366774
v -0.478829 0.976659 -0.366499
v -0.678663 0.927415 -0.365912
v 0.869028 -0.655487 -0.682698
v 0.911507 -0.471402 -0.697549
v 0.927415 -0.246425 -0.704206
v 0.911507 -0.671489 -0.528779
v 0.959105 -0.476466 -0.533479
v 0.976659 -0.247058 -0.535672
v 0.927415 -0.678663 -0.365912
v 0.976659 -0.478829 -0.366499
v 0.994804 -0.247354 -0.366774
v 0.655487 0.869028 -0.682698
v 0.471402 0.911507 -0.697549
v 0.246425 0.927415 -0.704206
v 0.671489 0.911507 -0.528779
v 0.476466 0.959105 -0.533479
v 0.247058 0.976659 -0.535672
v 0.678663 0.927415 -0.365912
v 0.478829 0.976659 -0.366499
v 0.247354 0.994804 -0.366774
v -0.655487 -0.869028 -0.682698
v -0.471402 -0.911507 -0.697549
v -0.246425 -0.927415 -0.704206
v -0.671489 -0.911507 -0.528780
v -0.476466 -0.959105 -0.533479
v -0.247058 -0.976659 -0.535672
v -0.678663 -0.927415 -0.365912
v -0.478829 -0.976659 -0.366499
v -0.247354 -0.994804 -0.366774
v -0.929688 -0.679688 -0.074386
v -0.979167 -0.479167 -0.074386
v -0.997396 -0.247396 -0.074386
v -0.929688 -0.679688 -0.091304
v -0.979167 -0.479167 -0.091304
v -0.997396 -0.247396 -0.091304
v -0.929688 -0.679688 -0.137222
v -0.979167 -0.479167 -0.137222
v -0.997396 -0.247396 -0.137222
v -0.997396 0.247396 -0.074386
v -0.979167 0.479167 -0.074386
v -0.929688 0.679688 -0.074386
v -0.997396 0.247396 -0.091304
v -0.979167 0.479167 -0.091304
v -0.929688 0.679688 -0.091304
v -0.997396 0.247396 -0.137222
v -0.979167 0.479167 -0.137222
v -0.929688 0.679688 -0.137222
v 0.997396 0.247396 0.001302
v 0.979167 0.479167 0.001302
v 0.929688 0.679688 0.001302
v 0.997396 0.247396 0.010417
v 0.979167 0.479167 0.010417
v 0.929688 0.679688 0.010417
v 0.997396 0.247396 0.035156
v 0.979167 0.479167 0.035156
v 0.929688 0.679688 0.035156
v 0.247396 -0.997396 0.001302
v 0.479167 -0.979167 0.001302
v 0.679688 -0.929688 0.001302
v 0.247396 -0.997396 0.010417
v 0.479167 -0.979167 0.010417
v 0.679688 -0.929688 0.010417
v 0.247396 -0.997396 0.035156
v 0.479167 -0.979167 0.035156
v 0.679688 -0.929688 0.035156
v -0.247396 0.997396 0.001302
v -0.479167 0.979167 0.001302
v -0.679688 0.929688 0.001302
v -0.247396 0.997396 0.010417
v -0.479167 0.979167 0.010417
v -0.679688 0.929688 0.010417
v -0.247396 0.997396 0.035156
v -0.479167 0.979167 0.035156
v -0.679688 0.929688 0.035156
v 0.929688 -0.679688 0.001302
v 0.979167 -0.479167 0.001302
v 0.997396 -0.247396 0.001302
v 0.929688 -0.679688 0.010417
v 0.979167 -0.479167 0.010417
v 0.997396 -0.247396 0.010417
v 0.929688 -0.679688 0.035156
v 0.979167 -0.479167 0.035156
v 0.997396 -0.247396 0.035156
v 0.679688 0.929688 0.001302
v 0.479167 0.979167 0.001302
v 0.247396 0.997396 0.001302
v 0.679688 0.929688 0.010417
v 0.479167 0.979167 0.010417
v 0.247396 0.997396 0.010417
v 0.679688 0.929688 0.035156
v 0.479167 0.979167 0.035156
v 0.247396 0.997396 0.035156
v -0.679688 -0.929688 0.001302
v -0.479167 -0.979167 0.001302
v -0.247396 -0.997396 0.001302
v -0.679688 -0.929688 0.010417
v -0.479167 -0.979167 0.010417
v -0.247396 -0.997396 0.010417
v -0.679688 -0.929688 0.035156
v -0.479167 -0.979167 0.035156
v -0.247396 -0.997396 0.035156
v -0.929688 -0.679688 0.376302
v -0.979167 -0.479167 0.376302
v -0.997396 -0.247396 0.376302
v -0.929688 -0.679688 0.260417
v -0.979167 -0.479167 0.260417
v -0.997396 -0.247396 0.260417
v -0.929688 -0.679688 0.160156
v -0.979167 -0.479167 0.160156
v -0.997396 -0.247396 0.160156
v -0.997396 0.247396 0.376302
v -0.979167 0.479167 0.376302
v -0.929688 0.679688 0.376302
v -0.997396 0.247396 0.260417
v -0.979167 0.479167 0.260417
v -0.929688 0.679688 0.260417
v -0.997396 0.247396 0.160156
v -0.979167 0.479167 0.160156
v -0.929688 0.679688 0.160156
v 0.086593 -1.071655 -0.202895
v 0.000000 -1.071557 -0.217748
v -0.086593 -1.071655 -0.202895
v 0.083308 -1.006528 -0.195338
v 0.000000 -1.005746 -0.209687
v -0.083308 -1.006528 -0.195337
v 0.075967 -0.953369 -0.175162
v -0.000000 -0.950809 -0.187852
v -0.075967 -0.953369 -0.175162
v 0.075498 -0.892488 -0.075498
v 0.000000 -0.884830 -0.079554
v -0.075498 -0.892488 -0.075498
v 0.079554 -0.884830 -0.000000
v -0.000000 -0.876471 -0.000000
v -0.079554 -0.884830 -0.000000
v 0.075498 -0.892488 0.075498
v -0.000000 -0.884830 0.079554
v -0.075498 -0.892488 0.075498
v 0.202895 -1.071655 0.086593
v 0.217748 -1.071557 0.000000
v 0.202895 -1.071655 -0.086593
v 0.195338 -1.006528 0.083308
v 0.209687 -1.005746 0.000000
v 0.195337 -1.006528 -0.083308
v 0.175162 -0.953369 0.075967
v 0.187852 -0.950809 -0.000000
v 0.175162 -0.953369 -0.075967
v -0.202895 -1.071655 -0.086593
v -0.217748 -1.071557 -0.000000
v -0.202895 -1.071655 0.086593
v -0.195338 -1.006528 -0.083308
v -0.209687 -1.005746 -0.000000
v -0.195337 -1.006528 0.083308
v -0.175162 -0.953369 -0.075967
v -0.187852 -0.950809 0.000000
v -0.175162 -0.953369 0.075967
v -0.086593 -1.071655 0.202895
v -0.000000 -1.071557 0.217748
v 0.086593 -1.071655 0.202895
v -0.083308 -1.006528 0.195338
v -0.000000 -1.005746 0.209687
v 0.083308 -1.006528 0.195337
v -0.075967 -0.953369 0.175162
v 0.000000 -0.950809 0.187852
v 0.075967 -0.953369 0.175162
v 0.138933 -2.474771 0.325500
v 0.000000 -2.474772 0.349317
v -0.138933 -2.474771 0.325500
v 0.138933 -2.636111 0.325500
v 0.000000 -2.636111 0.349317
v -0.138933 -2.636111 0.325500
v 0.138933 -2.797451 0.325500
v 0.000000 -2.797451 0.349317
v -0.138933 -2.797451 0.325500
v -0.138933 -2.474771 -0.325500
v 0.000000 -2.474771 -0.349317
v 0.138933 -2.474771 -0.325500
v -0.138933 -2.636111 -0.325500
v 0.000000 -2.636112 -0.349317
v 0.138933 -2.636112 -0.325500
v -0.138933 -2.797451 -0.325500
v 0.000000 -2.797451 -0.349317
v 0.138933 -2.797451 -0.325500
v 0.325500 -2.474771 -0.138933
v 0.349317 -2.474771 0.000000
v 0.325500 -2.474771 0.138933
v 0.325500 -2.636111 -0.138933
v 0.349317 -2.636112 -0.000000
v 0.325500 -2.636112 0.138933
v 0.325500 -2.797451 -0.138933
v 0.349317 -2.797451 -0.000000
v 0.325500 -2.797451 0.138933
v -0.325500 -2.474771 0.138933
v -0.349317 -2.474771 0.000000
v -0.325500 -2.474771 -0.138933
v -0.325500 -2.636111 0.138933
v -0.349317 -2.636112 0.000000
v -0.325500 -2.636112 -0.138933
v -0.325500 -2.797451 0.138933
v -0.349317 -2.797451 0.000000
v -0.325500 -2.797451 -0.138933
v -0.987439 -3.124803 -0.087344
v -0.949523 -3.125345 -0.094148
v -0.911555 -3.125891 -0.087430
v -0.988861 -3.149301 -0.088229
v -0.950293 -3.149898 -0.095287
v -0.911311 -3.150531 -0.088915
v -0.992150 -3.173800 -0.090629
v -0.951960 -3.174525 -0.098369
v -0.910339 -3.175426 -0.092994
v 0.852047 -3.123839 -0.078141
v 0.886254 -3.123348 -0.084181
v 0.920412 -3.122860 -0.078058
v 0.851926 -3.147919 -0.078755
v 0.887059 -3.147354 -0.084395
v 0.921794 -3.146820 -0.078084
v 0.851298 -3.172530 -0.080379
v 0.888828 -3.171728 -0.084937
v 0.924992 -3.171087 -0.078152
v 0.856361 -3.223609 -0.087384
v 0.899615 -3.222117 -0.086847
v 0.940343 -3.221318 -0.078391
v 0.861432 -3.251001 -0.089576
v 0.907788 -3.249639 -0.087481
v 0.951554 -3.248843 -0.078470
v 0.864547 -3.281791 -0.088686
v 0.915431 -3.280561 -0.087211
v 0.962717 -3.279799 -0.078436
v 0.966232 -3.122214 -0.030293
v 0.972080 -3.122132 0.005274
v 0.966232 -3.122214 0.040841
v 0.968047 -3.146167 -0.030293
v 0.973946 -3.146084 0.005274
v 0.968047 -3.146167 0.040841
v 0.972401 -3.170418 -0.030293
v 0.978435 -3.170336 0.005274
v 0.972401 -3.170418 0.040841
v 0.920412 -3.122860 0.088606
v 0.886254 -3.123348 0.094730
v 0.852047 -3.123839 0.088690
v 0.921794 -3.146820 0.088633
v 0.887059 -3.147354 0.094943
v 0.851926 -3.147919 0.089303
v 0.924992 -3.171087 0.088700
v 0.888828 -3.171728 0.095485
v 0.851298 -3.172530 0.090928
v 0.806160 -3.124403 0.040925
v 0.800331 -3.124444 0.005274
v 0.806160 -3.124403 -0.030376
v 0.805142 -3.147915 0.041512
v 0.799399 -3.147667 0.005274
v 0.805142 -3.147915 -0.030963
v 0.801708 -3.170780 0.042899
v 0.796267 -3.169715 0.005274
v 0.801708 -3.170780 -0.032351
v 1.044415 -3.356647 -0.030293
v 1.052811 -3.356565 0.005274
v 1.044415 -3.356647 0.040841
v 1.048913 -3.403820 -0.030293
v 1.057444 -3.403738 0.005274
v 1.048913 -3.403820 0.040841
v 1.050907 -3.455632 -0.030293
v 1.059489 -3.455549 0.005274
v 1.050907 -3.455632 0.040841
v 0.993162 -3.220627 -0.030293
v 0.999876 -3.220545 0.005274
v 0.993162 -3.220627 0.040841
v 1.008312 -3.248152 -0.030293
v 1.015527 -3.248070 0.005274
v 1.008312 -3.248152 0.040841
v 1.023483 -3.279114 -0.030293
v 1.031199 -3.279032 0.005274
v 1.023484 -3.279114 0.040841
v 0.940343 -3.221318 0.088939
v 0.899615 -3.222117 0.097395
v 0.856361 -3.223609 0.097933
v 0.951554 -3.248843 0.089018
v 0.907788 -3.249639 0.098029
v 0.861432 -3.251001 0.100124
v 0.962717 -3.279799 0.088985
v 0.915431 -3.280561 0.097760
v 0.864547 -3.281791 0.099235
v 0.736336 -3.342471 -0.078200
v 0.750759 -3.342449 -0.085318
v 0.767416 -3.343554 -0.081559
v 0.729555 -3.375645 -0.078101
v 0.743040 -3.375577 -0.084527
v 0.757136 -3.375865 -0.079136
v 0.723231 -3.410617 -0.078060
v 0.736304 -3.410496 -0.084198
v 0.749453 -3.410419 -0.078189
v 0.984672 -3.569643 0.088161
v 0.934842 -3.570207 0.094229
v 0.885010 -3.570600 0.088161
v 0.983308 -3.624153 0.085074
v 0.935373 -3.625296 0.090936
v 0.887426 -3.625072 0.085074
v 0.979521 -3.669736 0.076832
v 0.935826 -3.672390 0.082016
v 0.892088 -3.670575 0.076832
v 0.978405 -3.357310 0.088748
v 0.927722 -3.357912 0.095866
v 0.874660 -3.358969 0.092108
v 0.981999 -3.404471 0.088649
v 0.931645 -3.404992 0.095076
v 0.880608 -3.405667 0.089684
v 0.983674 -3.456278 0.088608
v 0.933541 -3.456764 0.094746
v 0.883322 -3.457268 0.088737
v 0.807238 -3.368697 0.044032
v 0.800783 -3.371898 0.005274
v 0.807238 -3.368697 -0.033483
v 0.813382 -3.408718 0.041876
v 0.805393 -3.409736 0.005274
v 0.813382 -3.408717 -0.031328
v 0.816050 -3.458214 0.040970
v 0.807536 -3.458414 0.005274
v 0.816050 -3.458214 -0.030422
v 0.874660 -3.358969 -0.081559
v 0.927722 -3.357912 -0.085318
v 0.978405 -3.357310 -0.078200
v 0.880608 -3.405667 -0.079136
v 0.931645 -3.404991 -0.084527
v 0.981998 -3.404471 -0.078101
v 0.883322 -3.457268 -0.078189
v 0.933541 -3.456763 -0.084198
v 0.983674 -3.456278 -0.078060
v 0.741366 -3.252190 0.036309
v 0.739867 -3.252135 0.005274
v 0.741366 -3.252190 -0.025760
v 0.736024 -3.268242 0.039307
v 0.734158 -3.268569 0.005274
v 0.736024 -3.268241 -0.028759
v 0.730943 -3.288687 0.040649
v 0.728892 -3.289028 0.005274
v 0.730943 -3.288687 -0.030101
v 0.785471 -3.283317 0.098994
v 0.788399 -3.256550 0.098195
v 0.788199 -3.233833 0.090884
v 0.763183 -3.284203 0.097355
v 0.766485 -3.260392 0.094793
v 0.768153 -3.241109 0.086227
v 0.747562 -3.285895 0.088552
v 0.751450 -3.264075 0.085556
v 0.754550 -3.247210 0.077358
v 0.788199 -3.233833 -0.080336
v 0.788399 -3.256550 -0.087647
v 0.785471 -3.283317 -0.088445
v 0.768153 -3.241109 -0.075678
v 0.766485 -3.260392 -0.084244
v 0.763183 -3.284204 -0.086807
v 0.754550 -3.247211 -0.066810
v 0.751450 -3.264076 -0.075007
v 0.747562 -3.285895 -0.078003
v 0.781189 -3.207062 0.042707
v 0.779210 -3.204280 0.005274
v 0.781188 -3.207062 -0.032159
v 0.767675 -3.219119 0.039978
v 0.767120 -3.216582 0.005274
v 0.767675 -3.219119 -0.029430
v 0.756406 -3.229446 0.036392
v 0.756079 -3.227524 0.005274
v 0.756406 -3.229446 -0.025844
v 0.741162 -3.480686 0.088161
v 0.728219 -3.480861 0.094229
v 0.715275 -3.480942 0.088161
v 0.739244 -3.512014 0.085074
v 0.726796 -3.512509 0.090936
v 0.714339 -3.512261 0.085074
v 0.737759 -3.537387 0.076832
v 0.726415 -3.538712 0.082016
v 0.715048 -3.537612 0.076832
v 0.718918 -3.343169 0.040841
v 0.716724 -3.343268 0.005274
v 0.718918 -3.343169 -0.030293
v 0.712089 -3.375970 0.040841
v 0.709869 -3.376015 0.005274
v 0.712089 -3.375970 -0.030293
v 0.705757 -3.410810 0.040841
v 0.703528 -3.410834 0.005274
v 0.705757 -3.410810 -0.030293
v 0.785050 -3.354030 -0.033483
v 0.785042 -3.357207 0.005274
v 0.785050 -3.354030 0.044032
v 0.774632 -3.378498 -0.031328
v 0.776253 -3.379441 0.005274
v 0.774632 -3.378498 0.041876
v 0.766931 -3.410597 -0.030422
v 0.769085 -3.410695 0.005274
v 0.766931 -3.410597 0.040970
v 0.767416 -3.343554 0.092108
v 0.750759 -3.342449 0.095866
v 0.736336 -3.342471 0.088748
v 0.757136 -3.375865 0.089684
v 0.743040 -3.375577 0.095076
v 0.729555 -3.375645 0.088649
v 0.749453 -3.410419 0.088737
v 0.736304 -3.410496 0.094746
v 0.723231 -3.410618 0.088608
v 0.737883 -3.566264 -0.025568
v 0.738525 -3.569888 0.005274
v 0.737883 -3.566264 0.036117
v 0.726634 -3.570006 -0.027225
v 0.726673 -3.573967 0.005274
v 0.726634 -3.570006 0.037774
v 0.715313 -3.566488 -0.025568
v 0.714743 -3.570123 0.005274
v 0.715313 -3.566488 0.036117
v 0.758546 -3.480514 -0.030101
v 0.760767 -3.480539 0.005274
v 0.758546 -3.480514 0.040649
v 0.755990 -3.511848 -0.028759
v 0.758139 -3.512198 0.005274
v 0.755990 -3.511848 0.039307
v 0.752586 -3.537240 -0.025760
v 0.754495 -3.538435 0.005274
v 0.752586 -3.537240 0.036309
v 0.715275 -3.480942 -0.077613
v 0.728219 -3.480861 -0.083680
v 0.741162 -3.480686 -0.077613
v 0.714340 -3.512260 -0.074525
v 0.726796 -3.512508 -0.080387
v 0.739244 -3.512014 -0.074525
v 0.715048 -3.537612 -0.066283
v 0.726415 -3.538713 -0.071467
v 0.737759 -3.537387 -0.066283
v 0.697891 -3.481115 0.040649
v 0.695671 -3.481184 0.005274
v 0.697891 -3.481115 -0.030101
v 0.697594 -3.512426 0.039307
v 0.695453 -3.512819 0.005274
v 0.697594 -3.512426 -0.028759
v 0.700221 -3.537759 0.036309
v 0.698336 -3.538991 0.005274
v 0.700221 -3.537759 -0.025760
v 0.892867 -3.723608 0.036117
v 0.890597 -3.730318 0.005274
v 0.892867 -3.723608 -0.025568
v 0.936378 -3.729879 0.037774
v 0.936448 -3.737178 0.005274
v 0.936378 -3.729879 -0.027225
v 0.979760 -3.722774 0.036117
v 0.982158 -3.729439 0.005274
v 0.979760 -3.722775 -0.025568
v 0.818082 -3.571242 0.040649
v 0.809536 -3.571409 0.005274
v 0.818082 -3.571242 -0.030101
v 0.822957 -3.625691 0.039307
v 0.814706 -3.626453 0.005274
v 0.822957 -3.625691 -0.028759
v 0.835005 -3.671123 0.036309
v 0.827724 -3.673428 0.005274
v 0.835005 -3.671123 -0.025760
v 0.885010 -3.570600 -0.077613
v 0.934842 -3.570207 -0.083680
v 0.984672 -3.569643 -0.077613
v 0.887426 -3.625072 -0.074525
v 0.935373 -3.625296 -0.080387
v 0.983308 -3.624153 -0.074525
v 0.892088 -3.670575 -0.066283
v 0.935826 -3.672390 -0.071467
v 0.979521 -3.669736 -0.066283
v 1.051600 -3.569002 -0.030101
v 1.060148 -3.569005 0.005274
v 1.051600 -3.569001 0.040649
v 1.047777 -3.623534 -0.028759
v 1.056041 -3.624139 0.005274
v 1.047777 -3.623534 0.039307
v 1.036604 -3.669188 -0.025760
v 1.043928 -3.671354 0.005274
v 1.036604 -3.669188 0.036309
v -1.007952 -3.223041 -0.102597
v -0.962371 -3.223985 -0.113534
v -0.914131 -3.225619 -0.114346
v -1.019499 -3.249507 -0.111318
v -0.970237 -3.250478 -0.123928
v -0.918186 -3.251997 -0.127008
v -1.031012 -3.279425 -0.119892
v -0.977490 -3.280390 -0.133139
v -0.919923 -3.281780 -0.135651
v -0.860634 -3.126529 -0.034342
v -0.854167 -3.126580 0.005275
v -0.860634 -3.126529 0.044892
v -0.859479 -3.150623 -0.035308
v -0.853134 -3.150388 0.005275
v -0.859479 -3.150623 0.045858
v -0.855661 -3.173841 -0.037649
v -0.849723 -3.172798 0.005275
v -0.855661 -3.173841 0.048198
v -0.911555 -3.125891 0.097980
v -0.949523 -3.125345 0.104698
v -0.987439 -3.124804 0.097894
v -0.911311 -3.150531 0.099465
v -0.950293 -3.149897 0.105836
v -0.988861 -3.149301 0.098778
v -0.910339 -3.175426 0.103543
v -0.951960 -3.174525 0.108919
v -0.992150 -3.173800 0.101178
v -1.038303 -3.124085 0.044806
v -1.044795 -3.123993 0.005275
v -1.038303 -3.124085 -0.034256
v -1.040239 -3.148568 0.045172
v -1.046791 -3.148476 0.005275
v -1.040238 -3.148569 -0.034622
v -1.044901 -3.173033 0.046165
v -1.051617 -3.172939 0.005275
v -1.044901 -3.173033 -0.035615
v -0.851975 -3.368197 -0.058823
v -0.844490 -3.371412 0.005275
v -0.851975 -3.368197 0.069373
v -0.859111 -3.408840 -0.055750
v -0.849974 -3.409902 0.005275
v -0.859111 -3.408840 0.066300
v -0.862264 -3.459062 -0.054459
v -0.852565 -3.459315 0.005275
v -0.862265 -3.459062 0.065009
v -0.825569 -3.352802 0.069373
v -0.825303 -3.355909 0.005275
v -0.825569 -3.352802 -0.058823
v -0.812808 -3.377145 0.066300
v -0.814429 -3.378000 0.005275
v -0.812808 -3.377145 -0.055750
v -0.803409 -3.409236 0.065009
v -0.805650 -3.409240 0.005275
v -0.803409 -3.409236 -0.054459
v -0.914131 -3.225619 0.124895
v -0.962371 -3.223985 0.124083
v -1.007952 -3.223041 0.113147
v -0.918186 -3.251997 0.137558
v -0.970237 -3.250478 0.134478
v -1.019499 -3.249507 0.121868
v -0.919924 -3.281781 0.146201
v -0.977491 -3.280391 0.143689
v -1.031012 -3.279425 0.130441
v -1.067182 -3.222162 0.051130
v -1.074713 -3.222056 0.005275
v -1.067182 -3.222162 -0.040580
v -1.083462 -3.248564 0.054789
v -1.091593 -3.248450 0.005275
v -1.083462 -3.248564 -0.044239
v -1.099790 -3.278425 0.058448
v -1.108522 -3.278301 0.005275
v -1.099790 -3.278425 -0.047898
v -0.940947 -3.572392 0.144052
v -0.997693 -3.571677 0.154211
v -1.054436 -3.570791 0.144052
v -0.943730 -3.627387 0.138883
v -0.998329 -3.627306 0.148698
v -1.052913 -3.625847 0.138883
v -0.949050 -3.673264 0.125083
v -0.998856 -3.674815 0.133763
v -1.048613 -3.671860 0.125083
v -0.929218 -3.358277 0.147799
v -0.989688 -3.356992 0.153548
v -1.047375 -3.356115 0.141747
v -0.935785 -3.405421 0.145791
v -0.993922 -3.404452 0.154636
v -1.051256 -3.403624 0.143897
v -0.938885 -3.457689 0.144916
v -0.996072 -3.456864 0.154954
v -1.053160 -3.456056 0.144679
v -1.122456 -3.355047 0.063413
v -1.132004 -3.354913 0.005275
v -1.122456 -3.355047 -0.052863
v -1.127428 -3.402546 0.064406
v -1.137140 -3.402409 0.005275
v -1.127428 -3.402546 -0.053856
v -1.129717 -3.454976 0.064772
v -1.139489 -3.454838 0.005275
v -1.129717 -3.454976 -0.054222
v -1.047375 -3.356116 -0.131197
v -0.989687 -3.356992 -0.142999
v -0.929218 -3.358277 -0.137249
v -1.051256 -3.403624 -0.133347
v -0.993922 -3.404452 -0.144087
v -0.935785 -3.405421 -0.135241
v -1.053159 -3.456056 -0.134129
v -0.996072 -3.456864 -0.144404
v -0.938885 -3.457689 -0.134366
v -0.949938 -3.726729 -0.046365
v -0.947353 -3.733508 0.005275
v -0.949938 -3.726729 0.056915
v -0.999485 -3.732773 -0.049139
v -0.999565 -3.740130 0.005275
v -0.999485 -3.732773 0.059689
v -1.048886 -3.725334 -0.046365
v -1.051616 -3.732037 0.005275
v -1.048886 -3.725333 0.056915
v -1.130649 -3.569716 0.064503
v -1.140383 -3.569665 0.005275
v -1.130649 -3.569716 -0.053954
v -1.126326 -3.624811 0.062256
v -1.135737 -3.625368 0.005275
v -1.126326 -3.624811 -0.051707
v -1.113615 -3.670943 0.057236
v -1.121955 -3.673079 0.005275
v -1.113615 -3.670943 -0.046686
v -1.054436 -3.570791 -0.133502
v -0.997693 -3.571677 -0.143662
v -0.940947 -3.572392 -0.133502
v -1.052913 -3.625846 -0.128333
v -0.998329 -3.627306 -0.138148
v -0.943730 -3.627387 -0.128333
v -1.048613 -3.671860 -0.114534
v -0.998856 -3.674815 -0.123213
v -0.949050 -3.673265 -0.114534
v -0.864735 -3.573467 -0.053954
v -0.855003 -3.573691 0.005275
v -0.864735 -3.573467 0.064503
v -0.870317 -3.628422 -0.051707
v -0.860921 -3.629244 0.005275
v -0.870317 -3.628422 0.062256
v -0.884048 -3.674181 -0.046686
v -0.875756 -3.676551 0.005275
v -0.884048 -3.674181 0.057236
v -0.788696 -3.253209 -0.036507
v -0.787227 -3.253115 0.005275
v -0.788696 -3.253209 0.047056
v -0.781244 -3.269210 -0.042843
v -0.779328 -3.269526 0.005275
v -0.781244 -3.269210 0.053393
v -0.773695 -3.289710 -0.047723
v -0.771559 -3.290076 0.005275
v -0.773695 -3.289710 0.058273
v -0.833420 -3.209759 -0.039393
v -0.831498 -3.207042 0.005275
v -0.833420 -3.209759 0.049943
v -0.818877 -3.221262 -0.036935
v -0.818559 -3.218777 0.005275
v -0.818877 -3.221262 0.047485
v -0.806588 -3.231062 -0.033498
v -0.806518 -3.229149 0.005275
v -0.806588 -3.231062 0.044048
v -0.838851 -3.235688 0.117112
v -0.837129 -3.257672 0.135431
v -0.831658 -3.283699 0.145935
v -0.817100 -3.242679 0.112007
v -0.813398 -3.261486 0.130997
v -0.807626 -3.284830 0.143254
v -0.802477 -3.248525 0.101241
v -0.797367 -3.265122 0.118345
v -0.791064 -3.286711 0.130001
v -0.831658 -3.283699 -0.135386
v -0.837129 -3.257672 -0.124881
v -0.838851 -3.235688 -0.106562
v -0.807626 -3.284830 -0.132704
v -0.813398 -3.261486 -0.120447
v -0.817100 -3.242679 -0.101457
v -0.791064 -3.286711 -0.119451
v -0.797367 -3.265123 -0.107795
v -0.802477 -3.248525 -0.090691
v -0.730965 -3.482610 -0.053954
v -0.728649 -3.482774 0.005275
v -0.730965 -3.482610 0.064503
v -0.731468 -3.514066 -0.051707
v -0.729251 -3.514553 0.005275
v -0.731468 -3.514066 0.062256
v -0.735212 -3.539453 -0.046686
v -0.733306 -3.540776 0.005275
v -0.735212 -3.539453 0.057236
v -0.774722 -3.343000 0.141747
v -0.789874 -3.342479 0.153548
v -0.807481 -3.343043 0.147799
v -0.765737 -3.376127 0.143897
v -0.779847 -3.375517 0.154636
v -0.794627 -3.375249 0.145791
v -0.757779 -3.411119 0.144679
v -0.771433 -3.410441 0.154954
v -0.785170 -3.409807 0.144916
v -0.756526 -3.344330 -0.052863
v -0.754235 -3.344509 0.005275
v -0.756525 -3.344330 0.063413
v -0.747497 -3.377167 -0.053856
v -0.745179 -3.377303 0.005275
v -0.747497 -3.377167 0.064406
v -0.739532 -3.412056 -0.054222
v -0.737204 -3.412176 0.005275
v -0.739532 -3.412056 0.064772
v -0.807481 -3.343043 -0.137249
v -0.789874 -3.342479 -0.142999
v -0.774722 -3.343000 -0.131197
v -0.794627 -3.375249 -0.135241
v -0.779847 -3.375517 -0.144087
v -0.765737 -3.376128 -0.133347
v -0.785170 -3.409806 -0.134366
v -0.771433 -3.410442 -0.144404
v -0.757779 -3.411119 -0.134129
v -0.775963 -3.566585 0.056915
v -0.776818 -3.570212 0.005275
v -0.775963 -3.566585 -0.046365
v -0.764401 -3.570840 0.059689
v -0.764643 -3.574834 0.005275
v -0.764401 -3.570840 -0.049139
v -0.752396 -3.567777 0.056915
v -0.751985 -3.571468 0.005275
v -0.752396 -3.567777 -0.046365
v -0.776148 -3.480325 -0.133503
v -0.762635 -3.481055 -0.143662
v -0.749117 -3.481692 -0.133502
v -0.774958 -3.511866 -0.128333
v -0.761978 -3.512898 -0.138148
v -0.748953 -3.513181 -0.128333
v -0.774408 -3.537471 -0.114534
v -0.762625 -3.539293 -0.123213
v -0.750694 -3.538670 -0.114534
v -0.794300 -3.479407 0.064503
v -0.796621 -3.479336 0.005275
v -0.794300 -3.479407 -0.053954
v -0.792444 -3.510982 0.062256
v -0.794706 -3.511243 0.005275
v -0.792444 -3.510982 -0.051707
v -0.789890 -3.536687 0.057236
v -0.791945 -3.537810 0.005275
v -0.789890 -3.536687 -0.046686
v -0.749117 -3.481692 0.144052
v -0.762635 -3.481055 0.154211
v -0.776148 -3.480325 0.144052
v -0.748953 -3.513181 0.138883
v -0.761978 -3.512898 0.148698
v -0.774958 -3.511866 0.138883
v -0.750694 -3.538670 0.125083
v -0.762625 -3.539293 0.133763
v -0.774408 -3.537470 0.125083
vt 0.812500 0.748115
vt 0.781250 0.749363
vt 0.781250 0.747842
vt 0.843750 0.748832
vt 0.812500 0.749457
vt 0.781250 0.749920
vt 0.843750 0.749688
vt 0.812500 0.749932
vt 0.781250 0.744846
vt 0.750000 0.747803
vt 0.750000 0.744792
vt 0.812500 0.745226
vt 0.843750 0.746365
vt 0.875000 0.750000
vt 0.875000 0.750000
vt 0.875000 0.750000
vt 0.843750 0.749961
vt 0.875000 0.750000
vt 0.843750 0.750000
vt 0.812500 0.750000
vt 0.781250 0.750000
vt 0.750000 0.750000
vt 0.750000 0.749919
vt 0.750000 0.749349
vt 0.529109 0.765964
vt 0.554389 0.765570
vt 0.528150 0.763548
vt 0.555166 0.768905
vt 0.576909 0.770526
vt 0.554847 0.763643
vt 0.527882 0.762570
vt 0.579664 0.766787
vt 0.500075 0.769011
vt 0.500076 0.765100
vt 0.531129 0.770599
vt 0.557972 0.774836
vt 0.575733 0.774633
vt 0.577158 0.780923
vt 0.590370 0.784120
vt 0.593807 0.780641
vt 0.598731 0.775669
vt 0.611804 0.762484
vt 0.583853 0.762424
vt 0.555902 0.762365
vt 0.527951 0.762305
vt 0.500055 0.762352
vt 0.500000 0.762246
vt 0.500072 0.763092
vt 0.531250 0.171032
vt 0.562500 0.194168
vt 0.531250 0.194548
vt 0.562500 0.170015
vt 0.593750 0.193246
vt 0.562500 0.221794
vt 0.531250 0.221916
vt 0.593750 0.221480
vt 0.500000 0.153330
vt 0.500000 0.171177
vt 0.531250 0.153129
vt 0.562500 0.151719
vt 0.593750 0.167345
vt 0.593750 0.147490
vt 0.625000 0.162997
vt 0.625000 0.191998
vt 0.625000 0.220999
vt 0.625000 0.250000
vt 0.593750 0.251046
vt 0.562500 0.251374
vt 0.531250 0.251484
vt 0.500000 0.221934
vt 0.500000 0.251499
vt 0.500000 0.194602
vt 0.312500 0.747803
vt 0.281250 0.749349
vt 0.281250 0.747803
vt 0.343748 0.747808
vt 0.312500 0.749349
vt 0.281250 0.749919
vt 0.343736 0.749389
vt 0.312500 0.749919
vt 0.281250 0.744792
vt 0.250000 0.747803
vt 0.250000 0.744792
vt 0.312500 0.744792
vt 0.343750 0.744792
vt 0.375000 0.744792
vt 0.374986 0.747842
vt 0.374887 0.749666
vt 0.343720 0.750003
vt 0.374688 0.750900
vt 0.343750 0.750000
vt 0.312500 0.750000
vt 0.281250 0.750000
vt 0.250000 0.750000
vt 0.250000 0.749919
vt 0.250000 0.749349
vt 0.562557 0.747984
vt 0.531567 0.750821
vt 0.531290 0.747987
vt 0.593791 0.747920
vt 0.562959 0.750801
vt 0.532318 0.754913
vt 0.594080 0.750286
vt 0.564049 0.755036
vt 0.531250 0.744792
vt 0.500000 0.747972
vt 0.500000 0.744792
vt 0.562500 0.744792
vt 0.593750 0.744792
vt 0.625000 0.744792
vt 0.625014 0.747843
vt 0.625115 0.749667
vt 0.594845 0.753492
vt 0.625315 0.750902
vt 0.596280 0.761753
vt 0.566173 0.763352
vt 0.533782 0.761990
vt 0.500022 0.760847
vt 0.500009 0.754495
vt 0.500003 0.750705
vt 0.531250 0.406227
vt 0.562500 0.437344
vt 0.531250 0.437317
vt 0.562500 0.406231
vt 0.593750 0.437410
vt 0.562500 0.468207
vt 0.531250 0.468129
vt 0.593750 0.468414
vt 0.500000 0.375000
vt 0.500000 0.406227
vt 0.531250 0.375000
vt 0.562500 0.375000
vt 0.593750 0.406239
vt 0.593750 0.375000
vt 0.625000 0.406250
vt 0.625000 0.437500
vt 0.625000 0.468750
vt 0.625000 0.500000
vt 0.593750 0.498952
vt 0.562500 0.498626
vt 0.531250 0.498516
vt 0.500000 0.468118
vt 0.500000 0.498501
vt 0.500000 0.437313
vt 0.562500 0.121229
vt 0.531250 0.123725
vt 0.531250 0.120683
vt 0.593750 0.122664
vt 0.562500 0.123915
vt 0.531250 0.124841
vt 0.593750 0.124922
vt 0.562500 0.124864
vt 0.500000 0.114583
vt 0.500000 0.120605
vt 0.531250 0.114692
vt 0.562500 0.115451
vt 0.593750 0.117730
vt 0.625000 0.125000
vt 0.593750 0.124376
vt 0.625000 0.125000
vt 0.593750 0.125000
vt 0.562500 0.125000
vt 0.531250 0.125000
vt 0.500000 0.125000
vt 0.500000 0.124837
vt 0.500000 0.123698
vt 0.532330 0.994958
vt 0.562964 0.998539
vt 0.531570 0.998514
vt 0.564065 0.994852
vt 0.594069 0.999099
vt 0.562558 0.999817
vt 0.531290 0.999814
vt 0.593790 0.999887
vt 0.500031 0.988999
vt 0.500013 0.995359
vt 0.533810 0.987895
vt 0.566209 0.986576
vt 0.594825 0.996497
vt 0.596298 0.988233
vt 0.625000 1.000000
vt 0.625000 1.000000
vt 0.625000 1.000000
vt 0.625000 1.000000
vt 0.593750 1.000000
vt 0.562500 1.000000
vt 0.531250 1.000000
vt 0.500001 0.999828
vt 0.500000 1.000000
vt 0.500004 0.998625
vt 0.562500 0.726481
vt 0.531250 0.733724
vt 0.531250 0.726481
vt 0.593750 0.726481
vt 0.562500 0.733724
vt 0.562500 0.739990
vt 0.531250 0.739990
vt 0.593750 0.733724
vt 0.500000 0.718750
vt 0.500000 0.726481
vt 0.531250 0.718750
vt 0.562500 0.718750
vt 0.593750 0.718750
vt 0.625000 0.726481
vt 0.625000 0.733724
vt 0.625000 0.739990
vt 0.593750 0.739990
vt 0.500000 0.739990
vt 0.500000 0.733724
vt 0.312500 0.726481
vt 0.281250 0.733724
vt 0.281250 0.726481
vt 0.343750 0.726481
vt 0.312500 0.733724
vt 0.312500 0.739990
vt 0.281250 0.739990
vt 0.343750 0.733724
vt 0.250000 0.718750
vt 0.250000 0.726481
vt 0.281250 0.718750
vt 0.312500 0.718750
vt 0.343750 0.718750
vt 0.375000 0.726481
vt 0.375000 0.733724
vt 0.375000 0.739990
vt 0.343750 0.739990
vt 0.250000 0.739990
vt 0.250000 0.733724
vt 0.781250 0.726483
vt 0.812500 0.733832
vt 0.781250 0.733738
vt 0.812500 0.726495
vt 0.843750 0.734063
vt 0.812500 0.740302
vt 0.781250 0.740029
vt 0.750000 0.718750
vt 0.750000 0.726481
vt 0.812500 0.718750
vt 0.781250 0.718750
vt 0.843750 0.726524
vt 0.875000 0.718750
vt 0.843750 0.718750
vt 0.875000 0.726563
vt 0.875000 0.734375
vt 0.843750 0.741019
vt 0.875000 0.742188
vt 0.750000 0.739990
vt 0.750000 0.733724
vt 0.406250 0.726481
vt 0.437500 0.733724
vt 0.406250 0.733724
vt 0.468750 0.726481
vt 0.437500 0.726481
vt 0.406250 0.739990
vt 0.468750 0.733724
vt 0.437500 0.739990
vt 0.406250 0.718750
vt 0.375000 0.718750
vt 0.437500 0.718750
vt 0.468750 0.718750
vt 0.468750 0.739990
vt 0.468750 0.744792
vt 0.437500 0.744792
vt 0.406250 0.744792
vt 0.435965 0.994823
vt 0.405937 0.999093
vt 0.405194 0.996477
vt 0.467699 0.994937
vt 0.437045 0.998530
vt 0.406211 0.999887
vt 0.468439 0.998508
vt 0.437443 0.999816
vt 0.403746 0.988185
vt 0.375000 1.000000
vt 0.375000 1.000000
vt 0.433860 0.986506
vt 0.466258 0.987846
vt 0.468711 0.999814
vt 0.468750 1.000000
vt 0.437500 1.000000
vt 0.406250 1.000000
vt 0.375000 1.000000
vt 0.375000 1.000000
vt 0.375000 1.000000
vt 0.406250 0.122664
vt 0.437500 0.123915
vt 0.406250 0.124376
vt 0.468750 0.120683
vt 0.437500 0.121229
vt 0.406250 0.124922
vt 0.468750 0.124841
vt 0.437500 0.124864
vt 0.375000 0.125000
vt 0.375000 0.125000
vt 0.406250 0.117730
vt 0.468750 0.114692
vt 0.437500 0.115451
vt 0.468750 0.123725
vt 0.468750 0.125000
vt 0.437500 0.125000
vt 0.406250 0.125000
vt 0.375000 0.125000
vt 0.375000 0.125000
vt 0.375000 0.125000
vt 0.437500 0.406231
vt 0.406250 0.437410
vt 0.406250 0.406239
vt 0.468750 0.406227
vt 0.437500 0.437344
vt 0.406250 0.468414
vt 0.468750 0.437317
vt 0.437500 0.468207
vt 0.406250 0.375000
vt 0.375000 0.406250
vt 0.375000 0.375000
vt 0.437500 0.375000
vt 0.468750 0.375000
vt 0.468750 0.468129
vt 0.468750 0.498516
vt 0.437500 0.498626
vt 0.406250 0.498952
vt 0.375000 0.500000
vt 0.375000 0.468750
vt 0.375000 0.437500
vt 0.406209 0.747920
vt 0.437047 0.750799
vt 0.405924 0.750284
vt 0.437443 0.747984
vt 0.468440 0.750819
vt 0.435972 0.755029
vt 0.405168 0.753486
vt 0.467702 0.754908
vt 0.468711 0.747987
vt 0.466266 0.761978
vt 0.433877 0.763335
vt 0.403750 0.761741
vt 0.375000 0.750000
vt 0.437500 0.170015
vt 0.406250 0.193246
vt 0.406250 0.167345
vt 0.468750 0.171032
vt 0.437500 0.194168
vt 0.406250 0.221480
vt 0.468750 0.194548
vt 0.437500 0.221794
vt 0.406250 0.147490
vt 0.375000 0.162997
vt 0.375000 0.133996
vt 0.437500 0.151719
vt 0.468750 0.153129
vt 0.468750 0.221916
vt 0.468750 0.251484
vt 0.437500 0.251374
vt 0.406250 0.251046
vt 0.375000 0.250000
vt 0.375000 0.220999
vt 0.375000 0.191998
vt 0.404027 0.911518
vt 0.397529 0.942331
vt 0.392621 0.909674
vt 0.409794 0.938313
vt 0.402646 0.908965
vt 0.417529 0.956991
vt 0.422593 0.951171
vt 0.462968 0.969423
vt 0.436260 0.964771
vt 0.465753 0.972010
vt 0.430248 0.972006
vt 0.464117 0.977253
vt 0.401337 0.969064
vt 0.390507 0.874902
vt 0.375000 0.906250
vt 0.375000 0.875000
vt 0.400055 0.874810
vt 0.375000 0.937500
vt 0.396445 0.905711
vt 0.399873 0.874731
vt 0.394955 0.874670
vt 0.400586 0.932447
vt 0.412354 0.962019
vt 0.406590 0.951494
vt 0.422941 0.967848
vt 0.500116 0.974952
vt 0.468981 0.978326
vt 0.500136 0.980042
vt 0.500089 0.973568
vt 0.442106 0.973990
vt 0.500058 0.979851
vt 0.375000 0.968750
vt 0.401359 0.780760
vt 0.422663 0.798246
vt 0.397558 0.807426
vt 0.462999 0.779994
vt 0.430281 0.777681
vt 0.464133 0.772405
vt 0.436384 0.784205
vt 0.465802 0.777101
vt 0.417711 0.791842
vt 0.404069 0.838042
vt 0.409923 0.810832
vt 0.402714 0.840408
vt 0.392640 0.840105
vt 0.375000 0.781250
vt 0.375000 0.812500
vt 0.500041 0.769851
vt 0.500059 0.775936
vt 0.469046 0.770509
vt 0.500070 0.774316
vt 0.442267 0.774668
vt 0.412604 0.786497
vt 0.423165 0.780699
vt 0.406814 0.797213
vt 0.396536 0.843523
vt 0.400754 0.816540
vt 0.375000 0.843750
vt 0.406250 0.281586
vt 0.437500 0.312656
vt 0.406250 0.312590
vt 0.437500 0.281793
vt 0.468750 0.312684
vt 0.437500 0.343770
vt 0.406250 0.343761
vt 0.468750 0.343773
vt 0.375000 0.281250
vt 0.468750 0.281871
vt 0.500000 0.281883
vt 0.500000 0.312687
vt 0.500000 0.343773
vt 0.375000 0.343750
vt 0.375000 0.312500
vt 0.656250 0.726481
vt 0.687500 0.733724
vt 0.656250 0.733724
vt 0.718750 0.726481
vt 0.687500 0.726481
vt 0.656250 0.739990
vt 0.718750 0.733724
vt 0.687500 0.739990
vt 0.656250 0.718750
vt 0.625000 0.718750
vt 0.687500 0.718750
vt 0.718750 0.718750
vt 0.718750 0.739990
vt 0.718750 0.744792
vt 0.687500 0.744792
vt 0.656250 0.744792
vt 0.187500 0.726495
vt 0.156250 0.734063
vt 0.156250 0.726524
vt 0.218750 0.726483
vt 0.187500 0.733832
vt 0.187500 0.740302
vt 0.156250 0.741019
vt 0.218750 0.733738
vt 0.125000 0.718750
vt 0.125000 0.726563
vt 0.187500 0.718750
vt 0.156250 0.718750
vt 0.218750 0.718750
vt 0.218750 0.740029
vt 0.218750 0.744846
vt 0.187500 0.745226
vt 0.156250 0.746365
vt 0.125000 0.742188
vt 0.125000 0.750000
vt 0.125000 0.734375
vt 0.562500 0.281793
vt 0.531250 0.312684
vt 0.531250 0.281871
vt 0.593750 0.281586
vt 0.562500 0.312656
vt 0.531250 0.343773
vt 0.593750 0.312590
vt 0.562500 0.343770
vt 0.625000 0.281250
vt 0.625000 0.312500
vt 0.593750 0.343761
vt 0.625000 0.343750
vt 0.156250 0.748832
vt 0.187500 0.749458
vt 0.156250 0.749688
vt 0.187500 0.748115
vt 0.218750 0.749363
vt 0.187500 0.749932
vt 0.156250 0.749961
vt 0.218750 0.749920
vt 0.125000 0.750000
vt 0.218750 0.747842
vt 0.218750 0.750000
vt 0.187500 0.750000
vt 0.156250 0.750000
vt 0.125000 0.750000
vt 0.125000 0.750000
vt 0.125000 0.750000
vt 0.569817 0.777717
vt 0.537140 0.780038
vt 0.535959 0.772430
vt 0.598701 0.780783
vt 0.577532 0.798328
vt 0.596185 0.838143
vt 0.602536 0.807463
vt 0.607483 0.840152
vt 0.590430 0.810990
vt 0.597681 0.840572
vt 0.582620 0.792028
vt 0.563848 0.784335
vt 0.534362 0.777169
vt 0.625000 0.750000
vt 0.625000 0.781250
vt 0.609632 0.874969
vt 0.625000 0.843750
vt 0.625000 0.875000
vt 0.600230 0.874953
vt 0.625000 0.812500
vt 0.603980 0.843744
vt 0.600563 0.874960
vt 0.605611 0.874978
vt 0.599712 0.816747
vt 0.587784 0.786747
vt 0.593608 0.797442
vt 0.656252 0.747808
vt 0.687500 0.749349
vt 0.656264 0.749389
vt 0.687500 0.747803
vt 0.718750 0.749349
vt 0.687500 0.749919
vt 0.656281 0.750003
vt 0.718750 0.749919
vt 0.718750 0.747803
vt 0.718750 0.750000
vt 0.687500 0.750000
vt 0.656250 0.750000
vt 0.394768 0.929592
vt 0.396325 0.951132
vt 0.400386 0.950011
vt 0.391938 0.903652
vt 0.391491 0.928789
vt 0.392606 0.953834
vt 0.389587 0.902695
vt 0.389586 0.929243
vt 0.409759 0.964535
vt 0.391183 0.874636
vt 0.389247 0.874646
vt 0.388633 0.902482
vt 0.388533 0.874725
vt 0.388372 0.902654
vt 0.388313 0.930309
vt 0.388254 0.957963
vt 0.388196 0.985617
vt 0.401352 0.972740
vt 0.406306 0.967898
vt 0.564112 0.965290
vt 0.537238 0.969594
vt 0.534517 0.972281
vt 0.582986 0.957725
vt 0.577679 0.951471
vt 0.596268 0.911743
vt 0.590689 0.938858
vt 0.597816 0.909332
vt 0.602595 0.942455
vt 0.607521 0.909778
vt 0.598746 0.969155
vt 0.569889 0.972148
vt 0.536014 0.977349
vt 0.531336 0.978687
vt 0.558317 0.974665
vt 0.588285 0.963021
vt 0.577608 0.968745
vt 0.594057 0.952396
vt 0.604161 0.906202
vt 0.600049 0.933161
vt 0.625000 0.906250
vt 0.625000 0.937500
vt 0.625000 1.000000
vt 0.625000 0.968750
vt 0.608761 0.904221
vt 0.609297 0.929685
vt 0.611160 0.903287
vt 0.605965 0.930420
vt 0.604472 0.952292
vt 0.611229 0.930175
vt 0.612132 0.903038
vt 0.608236 0.955114
vt 0.609466 0.874991
vt 0.600350 0.951051
vt 0.590934 0.965663
vt 0.594443 0.969170
vt 0.599457 0.974191
vt 0.612754 0.987516
vt 0.612635 0.959387
vt 0.612516 0.931258
vt 0.612398 0.903129
vt 0.612175 0.875000
vt 0.612279 0.875000
vt 0.611445 0.874997
vt 0.445078 0.768709
vt 0.423430 0.770237
vt 0.424596 0.774374
vt 0.471070 0.765859
vt 0.445858 0.765356
vt 0.420684 0.766468
vt 0.472024 0.763434
vt 0.445397 0.763415
vt 0.410041 0.783838
vt 0.472272 0.762453
vt 0.472168 0.762187
vt 0.444335 0.762127
vt 0.416503 0.762068
vt 0.388670 0.762009
vt 0.401715 0.775306
vt 0.406624 0.780323
vt 0.392043 0.845502
vt 0.391705 0.820032
vt 0.389700 0.846452
vt 0.394964 0.819289
vt 0.396613 0.797333
vt 0.389813 0.819561
vt 0.388750 0.846755
vt 0.392926 0.794518
vt 0.400645 0.798571
vt 0.388611 0.790257
vt 0.388551 0.818505
vt 0.388491 0.846752
vt 0.388431 0.875000
vt 0.555567 0.980523
vt 0.577488 0.979107
vt 0.576251 0.975000
vt 0.529349 0.983216
vt 0.554826 0.983827
vt 0.580303 0.982871
vt 0.528405 0.985579
vt 0.555306 0.985752
vt 0.500147 0.983813
vt 0.500142 0.985749
vt 0.528133 0.986538
vt 0.500110 0.986462
vt 0.528188 0.986801
vt 0.556377 0.987040
vt 0.584565 0.987278
vt 0.470995 0.982796
vt 0.445652 0.982971
vt 0.471938 0.985126
vt 0.444891 0.979739
vt 0.423142 0.977951
vt 0.445175 0.984843
vt 0.472173 0.986070
vt 0.420365 0.981593
vt 0.424339 0.973965
vt 0.416147 0.985854
vt 0.444098 0.986090
vt 0.472049 0.986327
vt 0.500000 0.986563
vt 0.605573 0.819528
vt 0.603894 0.797626
vt 0.599833 0.798835
vt 0.608551 0.845755
vt 0.608868 0.820286
vt 0.607597 0.794840
vt 0.610934 0.846704
vt 0.610775 0.819812
vt 0.611898 0.846960
vt 0.612160 0.846871
vt 0.612042 0.818742
vt 0.611923 0.790613
vt 0.156250 0.642961
vt 0.187500 0.657335
vt 0.156250 0.656874
vt 0.218750 0.644942
vt 0.187500 0.644396
vt 0.156250 0.671953
vt 0.218750 0.672034
vt 0.187500 0.672011
vt 0.156250 0.632270
vt 0.125000 0.640625
vt 0.125000 0.625000
vt 0.218750 0.635308
vt 0.187500 0.634549
vt 0.250000 0.635417
vt 0.250000 0.657552
vt 0.218750 0.657525
vt 0.250000 0.672038
vt 0.218750 0.687500
vt 0.187500 0.687500
vt 0.156250 0.687500
vt 0.125000 0.687500
vt 0.125000 0.671875
vt 0.125000 0.656250
vt 0.687500 0.645020
vt 0.656250 0.657552
vt 0.656250 0.645020
vt 0.718750 0.645020
vt 0.687500 0.657552
vt 0.656250 0.672038
vt 0.718750 0.672038
vt 0.687500 0.672038
vt 0.656250 0.635417
vt 0.625000 0.645020
vt 0.625000 0.635417
vt 0.687500 0.635417
vt 0.718750 0.635417
vt 0.750000 0.635417
vt 0.750000 0.657552
vt 0.718750 0.657552
vt 0.750000 0.672038
vt 0.718750 0.687500
vt 0.687500 0.687500
vt 0.656250 0.687500
vt 0.625000 0.672038
vt 0.625000 0.687500
vt 0.625000 0.657552
vt 0.437500 0.645020
vt 0.406250 0.657552
vt 0.406250 0.645020
vt 0.468750 0.645020
vt 0.437500 0.657552
vt 0.406250 0.672038
vt 0.468750 0.672038
vt 0.437500 0.672038
vt 0.406250 0.635417
vt 0.375000 0.645020
vt 0.375000 0.635417
vt 0.437500 0.635417
vt 0.468750 0.635417
vt 0.500000 0.635417
vt 0.500000 0.657552
vt 0.468750 0.657552
vt 0.500000 0.672038
vt 0.468750 0.687500
vt 0.437500 0.687500
vt 0.406250 0.687500
vt 0.375000 0.672038
vt 0.375000 0.687500
vt 0.375000 0.657552
vt 0.812500 0.644396
vt 0.781250 0.657525
vt 0.781250 0.644942
vt 0.843750 0.642961
vt 0.812500 0.657335
vt 0.781250 0.672034
vt 0.843750 0.671953
vt 0.812500 0.672011
vt 0.750000 0.645020
vt 0.781250 0.635308
vt 0.812500 0.634549
vt 0.875000 0.625000
vt 0.843750 0.632270
vt 0.875000 0.640625
vt 0.843750 0.656874
vt 0.875000 0.671875
vt 0.843750 0.687500
vt 0.812500 0.687500
vt 0.781250 0.687500
vt 0.750000 0.687500
vt 0.281250 0.645020
vt 0.312500 0.657552
vt 0.281250 0.657552
vt 0.312500 0.645020
vt 0.343750 0.657552
vt 0.281250 0.672038
vt 0.312500 0.672038
vt 0.250000 0.645020
vt 0.281250 0.635417
vt 0.343750 0.635417
vt 0.312500 0.635417
vt 0.343750 0.645020
vt 0.343750 0.672038
vt 0.343750 0.687500
vt 0.312500 0.687500
vt 0.281250 0.687500
vt 0.250000 0.687500
vt 0.531250 0.645020
vt 0.562500 0.657552
vt 0.531250 0.657552
vt 0.562500 0.645020
vt 0.593750 0.657552
vt 0.531250 0.672038
vt 0.562500 0.672038
vt 0.500000 0.645020
vt 0.531250 0.635417
vt 0.593750 0.635417
vt 0.562500 0.635417
vt 0.593750 0.645020
vt 0.593750 0.672038
vt 0.593750 0.687500
vt 0.562500 0.687500
vt 0.531250 0.687500
vt 0.500000 0.687500
vt 0.562500 0.007813
vt 0.531250 0.015625
vt 0.531250 0.007813
vt 0.593750 0.007813
vt 0.562500 0.015625
vt 0.531250 0.023438
vt 0.593750 0.023438
vt 0.562500 0.023438
vt 0.531250 0.000000
vt 0.500000 0.007813
vt 0.500000 0.000000
vt 0.562500 0.000000
vt 0.593750 0.000000
vt 0.625000 0.007813
vt 0.593750 0.015625
vt 0.625000 0.023438
vt 0.625000 0.031250
vt 0.593750 0.031250
vt 0.562500 0.031250
vt 0.531250 0.031250
vt 0.500000 0.031250
vt 0.500000 0.023438
vt 0.500000 0.015625
vt 0.406250 0.007813
vt 0.437500 0.015625
vt 0.406250 0.015625
vt 0.468750 0.007813
vt 0.437500 0.007813
vt 0.406250 0.023438
vt 0.468750 0.023438
vt 0.437500 0.023438
vt 0.375000 0.000000
vt 0.375000 0.007813
vt 0.437500 0.000000
vt 0.406250 0.000000
vt 0.468750 0.000000
vt 0.468750 0.015625
vt 0.468750 0.031250
vt 0.437500 0.031250
vt 0.406250 0.031250
vt 0.375000 0.031250
vt 0.375000 0.023438
vt 0.375000 0.015625
vt 0.156250 0.611668
vt 0.187500 0.613990
vt 0.156250 0.614846
vt 0.218750 0.607992
vt 0.187500 0.609005
vt 0.156250 0.615859
vt 0.218750 0.615708
vt 0.187500 0.615752
vt 0.156250 0.602510
vt 0.125000 0.616004
vt 0.125000 0.616004
vt 0.218750 0.596871
vt 0.187500 0.598281
vt 0.250000 0.596670
vt 0.250000 0.613587
vt 0.218750 0.613637
vt 0.250000 0.615702
vt 0.218750 0.616004
vt 0.187500 0.616004
vt 0.156250 0.616004
vt 0.125000 0.616004
vt 0.125000 0.616004
vt 0.125000 0.616004
vt 0.687500 0.607847
vt 0.656250 0.613587
vt 0.656250 0.607847
vt 0.718750 0.607847
vt 0.687500 0.613587
vt 0.656250 0.615702
vt 0.718750 0.615702
vt 0.687500 0.615702
vt 0.656250 0.596670
vt 0.625000 0.607847
vt 0.625000 0.596670
vt 0.687500 0.596670
vt 0.718750 0.596670
vt 0.750000 0.596670
vt 0.750000 0.613587
vt 0.718750 0.613587
vt 0.750000 0.615702
vt 0.718750 0.616004
vt 0.687500 0.616004
vt 0.656250 0.616004
vt 0.625000 0.615702
vt 0.625000 0.616004
vt 0.625000 0.613587
vt 0.437500 0.607847
vt 0.406250 0.613587
vt 0.406250 0.607847
vt 0.468750 0.607847
vt 0.437500 0.613587
vt 0.406250 0.615702
vt 0.468750 0.615702
vt 0.437500 0.615702
vt 0.406250 0.596670
vt 0.375000 0.607847
vt 0.375000 0.596670
vt 0.437500 0.596670
vt 0.468750 0.596670
vt 0.500000 0.596670
vt 0.500000 0.613587
vt 0.468750 0.613587
vt 0.500000 0.615702
vt 0.468750 0.616004
vt 0.437500 0.616004
vt 0.406250 0.616004
vt 0.375000 0.615702
vt 0.375000 0.616004
vt 0.375000 0.613587
vt 0.812500 0.609005
vt 0.781250 0.613637
vt 0.781250 0.607992
vt 0.843750 0.611667
vt 0.812500 0.613990
vt 0.781250 0.615708
vt 0.843750 0.615859
vt 0.812500 0.615752
vt 0.750000 0.607847
vt 0.781250 0.596871
vt 0.812500 0.598281
vt 0.875000 0.616004
vt 0.843750 0.602510
vt 0.875000 0.616004
vt 0.843750 0.614846
vt 0.875000 0.616004
vt 0.843750 0.616004
vt 0.812500 0.616004
vt 0.781250 0.616004
vt 0.750000 0.616004
vt 0.281250 0.607847
vt 0.312500 0.613587
vt 0.281250 0.613587
vt 0.312500 0.607847
vt 0.343750 0.613587
vt 0.281250 0.615702
vt 0.312500 0.615702
vt 0.250000 0.607847
vt 0.281250 0.596670
vt 0.343750 0.596670
vt 0.312500 0.596670
vt 0.343750 0.607847
vt 0.343750 0.615702
vt 0.343750 0.616004
vt 0.312500 0.616004
vt 0.281250 0.616004
vt 0.250000 0.616004
vt 0.531250 0.607847
vt 0.562500 0.613587
vt 0.531250 0.613587
vt 0.562500 0.607847
vt 0.593750 0.613587
vt 0.531250 0.615702
vt 0.562500 0.615702
vt 0.500000 0.607847
vt 0.531250 0.596670
vt 0.593750 0.596670
vt 0.562500 0.596670
vt 0.593750 0.607847
vt 0.593750 0.615702
vt 0.593750 0.616004
vt 0.562500 0.616004
vt 0.531250 0.616004
vt 0.500000 0.616004
vt 0.562500 0.528156
vt 0.531250 0.555402
vt 0.531250 0.528078
vt 0.593750 0.528354
vt 0.562500 0.555429
vt 0.531250 0.578823
vt 0.593750 0.555492
vt 0.562500 0.578827
vt 0.500000 0.528066
vt 0.625000 0.528605
vt 0.625000 0.555554
vt 0.593750 0.578835
vt 0.625000 0.578843
vt 0.500000 0.578823
vt 0.500000 0.555398
vt 0.312500 0.528699
vt 0.281250 0.555585
vt 0.281250 0.528699
vt 0.343750 0.528691
vt 0.312500 0.555585
vt 0.281250 0.578846
vt 0.343750 0.555581
vt 0.312500 0.578846
vt 0.281250 0.500000
vt 0.250000 0.528699
vt 0.250000 0.500000
vt 0.312500 0.500000
vt 0.343750 0.500000
vt 0.375000 0.528605
vt 0.375000 0.555554
vt 0.343750 0.578846
vt 0.375000 0.578843
vt 0.250000 0.578846
vt 0.250000 0.555585
vt 0.812500 0.528749
vt 0.781250 0.555636
vt 0.781250 0.528705
vt 0.843750 0.528856
vt 0.812500 0.555988
vt 0.781250 0.578991
vt 0.843750 0.556844
vt 0.812500 0.580004
vt 0.781250 0.500000
vt 0.750000 0.528699
vt 0.750000 0.500000
vt 0.812500 0.500000
vt 0.843750 0.500000
vt 0.875000 0.500000
vt 0.875000 0.529001
vt 0.875000 0.558002
vt 0.843750 0.582667
vt 0.875000 0.587003
vt 0.750000 0.578846
vt 0.750000 0.555585
vt 0.406250 0.528354
vt 0.437500 0.555429
vt 0.406250 0.555492
vt 0.437500 0.528156
vt 0.468750 0.555402
vt 0.437500 0.578827
vt 0.406250 0.578835
vt 0.468750 0.578823
vt 0.468750 0.528078
vt 0.656250 0.528691
vt 0.687500 0.555585
vt 0.656250 0.555581
vt 0.687500 0.528699
vt 0.718750 0.555585
vt 0.687500 0.578846
vt 0.656250 0.578846
vt 0.718750 0.578846
vt 0.656250 0.500000
vt 0.687500 0.500000
vt 0.718750 0.528699
vt 0.718750 0.500000
vt 0.156250 0.528856
vt 0.187500 0.555988
vt 0.156250 0.556844
vt 0.187500 0.528749
vt 0.218750 0.555636
vt 0.187500 0.580004
vt 0.156250 0.582667
vt 0.218750 0.578991
vt 0.125000 0.500000
vt 0.125000 0.529001
vt 0.156250 0.500000
vt 0.187500 0.500000
vt 0.218750 0.528705
vt 0.218750 0.500000
vt 0.125000 0.587003
vt 0.125000 0.558002
vt 0.437500 0.134248
vt 0.406250 0.135154
vt 0.406250 0.134141
vt 0.468750 0.136363
vt 0.437500 0.136010
vt 0.437500 0.140995
vt 0.406250 0.138333
vt 0.406250 0.133996
vt 0.375000 0.133996
vt 0.375000 0.133996
vt 0.437500 0.133996
vt 0.468750 0.133996
vt 0.500000 0.133996
vt 0.468750 0.134292
vt 0.500000 0.136413
vt 0.468750 0.142008
vt 0.375000 0.133996
vt 0.375000 0.133996
vt 0.531250 0.134292
vt 0.562500 0.136010
vt 0.531250 0.136363
vt 0.562500 0.134248
vt 0.593750 0.135154
vt 0.562500 0.140995
vt 0.531250 0.142008
vt 0.500000 0.134298
vt 0.562500 0.133996
vt 0.531250 0.133996
vt 0.593750 0.133996
vt 0.625000 0.133996
vt 0.593750 0.134141
vt 0.625000 0.133996
vt 0.625000 0.133996
vt 0.593750 0.138333
vt 0.500000 0.142153
vt 0.562500 0.625163
vt 0.531250 0.626302
vt 0.531250 0.625163
vt 0.593750 0.625163
vt 0.562500 0.626302
vt 0.562500 0.629395
vt 0.531250 0.629395
vt 0.593750 0.626302
vt 0.500000 0.625000
vt 0.500000 0.625163
vt 0.531250 0.625000
vt 0.562500 0.625000
vt 0.593750 0.625000
vt 0.625000 0.625163
vt 0.625000 0.626302
vt 0.593750 0.629395
vt 0.500000 0.629395
vt 0.500000 0.626302
vt 0.312500 0.625163
vt 0.281250 0.626302
vt 0.281250 0.625163
vt 0.343750 0.625163
vt 0.312500 0.626302
vt 0.312500 0.629395
vt 0.281250 0.629395
vt 0.343750 0.626302
vt 0.250000 0.625000
vt 0.250000 0.625163
vt 0.281250 0.625000
vt 0.312500 0.625000
vt 0.343750 0.625000
vt 0.375000 0.625163
vt 0.375000 0.626302
vt 0.343750 0.629395
vt 0.250000 0.629395
vt 0.250000 0.626302
vt 0.781250 0.625159
vt 0.812500 0.626085
vt 0.781250 0.626275
vt 0.812500 0.625136
vt 0.843750 0.625624
vt 0.812500 0.628771
vt 0.781250 0.629317
vt 0.750000 0.625000
vt 0.750000 0.625163
vt 0.812500 0.625000
vt 0.781250 0.625000
vt 0.843750 0.625000
vt 0.875000 0.625000
vt 0.843750 0.625078
vt 0.875000 0.625000
vt 0.875000 0.625000
vt 0.843750 0.627336
vt 0.750000 0.629395
vt 0.750000 0.626302
vt 0.406250 0.625163
vt 0.437500 0.626302
vt 0.406250 0.626302
vt 0.437500 0.625163
vt 0.468750 0.626302
vt 0.406250 0.629395
vt 0.437500 0.629395
vt 0.406250 0.625000
vt 0.375000 0.625000
vt 0.437500 0.625000
vt 0.468750 0.625000
vt 0.468750 0.625163
vt 0.468750 0.629395
vt 0.375000 0.629395
vt 0.656250 0.625163
vt 0.687500 0.626302
vt 0.656250 0.626302
vt 0.687500 0.625163
vt 0.718750 0.626302
vt 0.656250 0.629395
vt 0.687500 0.629395
vt 0.656250 0.625000
vt 0.625000 0.625000
vt 0.687500 0.625000
vt 0.718750 0.625000
vt 0.718750 0.625163
vt 0.718750 0.629395
vt 0.625000 0.629395
vt 0.187500 0.625136
vt 0.156250 0.625624
vt 0.156250 0.625078
vt 0.218750 0.626275
vt 0.187500 0.626085
vt 0.187500 0.628771
vt 0.156250 0.627336
vt 0.156250 0.625000
vt 0.125000 0.625000
vt 0.125000 0.625000
vt 0.187500 0.625000
vt 0.218750 0.625000
vt 0.218750 0.625159
vt 0.218750 0.629317
vt 0.125000 0.625000
vt 0.125000 0.625000
vt 0.437500 0.077989
vt 0.406250 0.093126
vt 0.406250 0.078047
vt 0.468750 0.092475
vt 0.437500 0.092665
vt 0.437500 0.105604
vt 0.406250 0.107039
vt 0.406250 0.062500
vt 0.375000 0.078125
vt 0.375000 0.062500
vt 0.437500 0.062500
vt 0.468750 0.062500
vt 0.500000 0.062500
vt 0.468750 0.077966
vt 0.500000 0.077962
vt 0.500000 0.092448
vt 0.468750 0.105058
vt 0.375000 0.109375
vt 0.375000 0.093750
vt 0.531250 0.077966
vt 0.562500 0.092665
vt 0.531250 0.092475
vt 0.562500 0.077989
vt 0.593750 0.093126
vt 0.562500 0.105604
vt 0.531250 0.105058
vt 0.562500 0.062500
vt 0.531250 0.062500
vt 0.593750 0.062500
vt 0.625000 0.062500
vt 0.593750 0.078047
vt 0.625000 0.078125
vt 0.625000 0.109375
vt 0.593750 0.107039
vt 0.500000 0.104980
vt 0.750000 0.569713
vt 0.728704 0.576451
vt 0.725358 0.571856
vt 0.771297 0.576451
vt 0.750000 0.573375
vt 0.731450 0.582396
vt 0.768550 0.582396
vt 0.750000 0.579370
vt 0.721061 0.567123
vt 0.705794 0.580794
vt 0.692123 0.567123
vt 0.750000 0.567123
vt 0.774642 0.571856
vt 0.778939 0.567123
vt 0.794206 0.580794
vt 0.788540 0.586460
vt 0.783567 0.591433
vt 0.778939 0.596061
vt 0.767169 0.591840
vt 0.750000 0.589720
vt 0.732831 0.591840
vt 0.721061 0.596061
vt 0.716433 0.591433
vt 0.711460 0.586460
vt 0.731702 0.606702
vt 0.750000 0.625000
vt 0.730719 0.625000
vt 0.768298 0.606702
vt 0.750000 0.605719
vt 0.731702 0.643298
vt 0.768298 0.643298
vt 0.750000 0.644281
vt 0.716840 0.607831
vt 0.783160 0.607831
vt 0.769281 0.625000
vt 0.783160 0.642169
vt 0.778939 0.653939
vt 0.767169 0.658160
vt 0.750000 0.660280
vt 0.732831 0.658160
vt 0.721061 0.653939
vt 0.716840 0.642169
vt 0.714720 0.625000
vt 0.694713 0.625000
vt 0.701451 0.646297
vt 0.696856 0.649642
vt 0.701451 0.603704
vt 0.698375 0.625000
vt 0.707396 0.643550
vt 0.707396 0.606450
vt 0.704370 0.625000
vt 0.692123 0.653939
vt 0.705794 0.669206
vt 0.692123 0.682877
vt 0.692123 0.625000
vt 0.696856 0.600358
vt 0.692123 0.596061
vt 0.716433 0.658567
vt 0.711460 0.663540
vt 0.805287 0.625000
vt 0.798549 0.603704
vt 0.803144 0.600358
vt 0.798549 0.646297
vt 0.801625 0.625000
vt 0.792605 0.606450
vt 0.792604 0.643550
vt 0.795630 0.625000
vt 0.807877 0.596061
vt 0.807877 0.567123
vt 0.807877 0.625000
vt 0.803144 0.649642
vt 0.807877 0.653939
vt 0.794206 0.669206
vt 0.788540 0.663540
vt 0.783567 0.658567
vt 0.785280 0.625000
vt 0.750000 0.680287
vt 0.771297 0.673549
vt 0.774642 0.678144
vt 0.728704 0.673549
vt 0.750000 0.676625
vt 0.768550 0.667604
vt 0.731450 0.667604
vt 0.750000 0.670630
vt 0.778939 0.682877
vt 0.807877 0.682877
vt 0.750000 0.682877
vt 0.725358 0.678144
vt 0.721061 0.682877
vt 0.375000 0.875000
vt 0.375000 0.812500
vt 0.375000 0.812500
vt 0.375000 0.937500
vt 0.375000 0.875000
vt 0.375000 0.875000
vt 0.375000 0.812500
vt 0.375000 0.750000
vt 0.375000 0.750000
vt 0.375000 0.875000
vt 0.375000 0.812500
vt 0.375000 0.937500
vt 0.375000 1.000000
vt 0.375000 0.937500
vt 0.375000 1.000000
vt 0.375000 1.000000
vt 0.375000 0.937500
vt 0.375000 0.937500
vt 0.375000 0.875000
vt 0.375000 0.812500
vt 0.375000 0.750000
vt 0.375000 0.750000
vt 0.375000 0.750000
vt 0.375000 0.375000
vt 0.375000 0.312500
vt 0.375000 0.312500
vt 0.375000 0.437500
vt 0.375000 0.375000
vt 0.375000 0.312500
vt 0.375000 0.437500
vt 0.375000 0.375000
vt 0.375000 0.250000
vt 0.375000 0.250000
vt 0.375000 0.375000
vt 0.375000 0.312500
vt 0.375000 0.437500
vt 0.375000 0.437500
vt 0.375000 0.500000
vt 0.375000 0.500000
vt 0.375000 0.500000
vt 0.375000 0.437500
vt 0.375000 0.375000
vt 0.375000 0.312500
vt 0.375000 0.250000
vt 0.375000 0.250000
vt 0.375000 0.250000
vt 0.375000 0.625000
vt 0.375000 0.562500
vt 0.375000 0.562500
vt 0.375000 0.687500
vt 0.375000 0.625000
vt 0.375000 0.562500
vt 0.375000 0.687500
vt 0.375000 0.625000
vt 0.375000 0.500000
vt 0.375000 0.625000
vt 0.375000 0.562500
vt 0.375000 0.687500
vt 0.375000 0.687500
vt 0.375000 0.687500
vt 0.375000 0.625000
vt 0.375000 0.562500
vt 0.375000 0.500000
vt 0.375000 0.125000
vt 0.375000 0.062500
vt 0.375000 0.062500
vt 0.375000 0.187500
vt 0.375000 0.125000
vt 0.375000 0.062500
vt 0.375000 0.187500
vt 0.375000 0.125000
vt 0.375000 0.000000
vt 0.375000 0.000000
vt 0.375000 0.125000
vt 0.375000 0.062500
vt 0.375000 0.187500
vt 0.375000 0.187500
vt 0.375000 0.187500
vt 0.375000 0.125000
vt 0.375000 0.062500
vt 0.375000 0.000000
vt 0.375000 0.000000
vt 0.375000 0.000000
vt 0.375000 0.171146
vt 0.375000 0.171676
vt 0.375000 0.168701
vt 0.375000 0.173083
vt 0.375000 0.169055
vt 0.375000 0.171336
vt 0.375000 0.167798
vt 0.375000 0.168974
vt 0.375000 0.175124
vt 0.375000 0.163140
vt 0.375000 0.175124
vt 0.375000 0.175124
vt 0.375000 0.171191
vt 0.375000 0.175124
vt 0.375000 0.163204
vt 0.375000 0.159899
vt 0.375000 0.159909
vt 0.375000 0.170418
vt 0.375000 0.171704
vt 0.375000 0.167721
vt 0.375000 0.158131
vt 0.375000 0.157952
vt 0.375000 0.159383
vt 0.375000 0.576917
vt 0.375000 0.580945
vt 0.375000 0.578809
vt 0.375000 0.578854
vt 0.375000 0.578324
vt 0.375000 0.581026
vt 0.375000 0.581299
vt 0.375000 0.578664
vt 0.375000 0.574876
vt 0.375000 0.586796
vt 0.375000 0.574876
vt 0.375000 0.574876
vt 0.375000 0.574876
vt 0.375000 0.574876
vt 0.375000 0.586860
vt 0.375000 0.590617
vt 0.375000 0.582202
vt 0.375000 0.591869
vt 0.375000 0.582279
vt 0.375000 0.578296
vt 0.375000 0.579582
vt 0.375000 0.590091
vt 0.375000 0.587240
vt 0.375000 0.590102
vt 0.375000 0.577745
vt 0.375000 0.576304
vt 0.375000 0.577461
vt 0.375000 0.582211
vt 0.375000 0.577410
vt 0.375000 0.576774
vt 0.375000 0.582169
vt 0.375000 0.577553
vt 0.375000 0.579394
vt 0.375000 0.592048
vt 0.375000 0.592048
vt 0.375000 0.592048
vt 0.375000 0.582187
vt 0.375000 0.592048
vt 0.375000 0.582244
vt 0.375000 0.578016
vt 0.375000 0.578576
vt 0.375000 0.577438
vt 0.375000 0.584242
vt 0.375000 0.576785
vt 0.375000 0.626392
vt 0.375000 0.606626
vt 0.375000 0.604357
vt 0.375000 0.646158
vt 0.375000 0.626392
vt 0.375000 0.607487
vt 0.375000 0.645297
vt 0.375000 0.626392
vt 0.375000 0.600634
vt 0.375000 0.626392
vt 0.375000 0.648427
vt 0.375000 0.652150
vt 0.375000 0.665923
vt 0.375000 0.662167
vt 0.375000 0.660915
vt 0.375000 0.660736
vt 0.375000 0.645174
vt 0.375000 0.626392
vt 0.375000 0.607610
vt 0.375000 0.673930
vt 0.375000 0.674459
vt 0.375000 0.671485
vt 0.375000 0.675867
vt 0.375000 0.671839
vt 0.375000 0.674120
vt 0.375000 0.670581
vt 0.375000 0.671758
vt 0.375000 0.677908
vt 0.375000 0.677908
vt 0.375000 0.677908
vt 0.375000 0.673974
vt 0.375000 0.677908
vt 0.375000 0.677908
vt 0.375000 0.665988
vt 0.375000 0.662682
vt 0.375000 0.662692
vt 0.375000 0.673201
vt 0.375000 0.674488
vt 0.375000 0.670504
vt 0.375000 0.648471
vt 0.375000 0.626392
vt 0.375000 0.646512
vt 0.375000 0.604312
vt 0.375000 0.626392
vt 0.375000 0.626392
vt 0.375000 0.646384
vt 0.375000 0.606272
vt 0.375000 0.652150
vt 0.375000 0.600634
vt 0.375000 0.626392
vt 0.375000 0.606400
vt 0.375000 0.605919
vt 0.375000 0.626392
vt 0.375000 0.646865
vt 0.375000 0.665544
vt 0.375000 0.626392
vt 0.375000 0.607610
vt 0.375000 0.607610
vt 0.375000 0.645174
vt 0.375000 0.626392
vt 0.375000 0.607610
vt 0.375000 0.645174
vt 0.375000 0.626392
vt 0.375000 0.607610
vt 0.375000 0.592048
vt 0.375000 0.592048
vt 0.375000 0.626392
vt 0.375000 0.645174
vt 0.375000 0.645174
vt 0.375000 0.660736
vt 0.375000 0.660736
vt 0.375000 0.660736
vt 0.375000 0.660736
vt 0.375000 0.645174
vt 0.375000 0.626392
vt 0.375000 0.607610
vt 0.375000 0.592048
vt 0.375000 0.592048
vt 0.375000 0.592048
vt 0.375000 0.626392
vt 0.375000 0.607610
vt 0.375000 0.607610
vt 0.375000 0.645174
vt 0.375000 0.626392
vt 0.375000 0.607610
vt 0.375000 0.645174
vt 0.375000 0.626392
vt 0.375000 0.645174
vt 0.375000 0.660736
vt 0.375000 0.660736
vt 0.375000 0.660736
vt 0.375000 0.660736
vt 0.375000 0.670573
vt 0.375000 0.675374
vt 0.375000 0.670615
vt 0.375000 0.675039
vt 0.375000 0.676480
vt 0.375000 0.675231
vt 0.375000 0.670597
vt 0.375000 0.676010
vt 0.375000 0.675323
vt 0.375000 0.673390
vt 0.375000 0.675999
vt 0.375000 0.675346
vt 0.375000 0.674208
vt 0.375000 0.674768
vt 0.375000 0.670539
vt 0.375000 0.582312
vt 0.375000 0.578970
vt 0.375000 0.582364
vt 0.375000 0.578552
vt 0.375000 0.581817
vt 0.375000 0.579144
vt 0.375000 0.582385
vt 0.375000 0.582317
vt 0.375000 0.592048
vt 0.375000 0.592048
vt 0.375000 0.582244
vt 0.375000 0.578016
vt 0.375000 0.580537
vt 0.375000 0.578576
vt 0.375000 0.589286
vt 0.375000 0.591253
vt 0.375000 0.591948
vt 0.375000 0.592048
vt 0.375000 0.582389
vt 0.375000 0.579169
vt 0.375000 0.582389
vt 0.375000 0.592048
vt 0.375000 0.592048
vt 0.375000 0.592048
vt 0.375000 0.673367
vt 0.375000 0.668532
vt 0.375000 0.670162
vt 0.375000 0.668532
vt 0.375000 0.671628
vt 0.375000 0.664180
vt 0.375000 0.664180
vt 0.375000 0.666917
vt 0.375000 0.670395
vt 0.375000 0.660552
vt 0.375000 0.673615
vt 0.375000 0.670162
vt 0.375000 0.670395
vt 0.375000 0.660552
vt 0.375000 0.659265
vt 0.375000 0.656091
vt 0.375000 0.652150
vt 0.375000 0.655907
vt 0.375000 0.657795
vt 0.375000 0.655907
vt 0.375000 0.652150
vt 0.375000 0.656091
vt 0.375000 0.659265
vt 0.375000 0.670472
vt 0.375000 0.673814
vt 0.375000 0.670420
vt 0.375000 0.674231
vt 0.375000 0.670967
vt 0.375000 0.673640
vt 0.375000 0.670398
vt 0.375000 0.670467
vt 0.375000 0.672247
vt 0.375000 0.663498
vt 0.375000 0.661531
vt 0.375000 0.660835
vt 0.375000 0.660736
vt 0.375000 0.626392
vt 0.375000 0.645720
vt 0.375000 0.646859
vt 0.375000 0.607063
vt 0.375000 0.626392
vt 0.375000 0.645242
vt 0.375000 0.607542
vt 0.375000 0.626392
vt 0.375000 0.647814
vt 0.375000 0.668542
vt 0.375000 0.626392
vt 0.375000 0.605925
vt 0.375000 0.604970
vt 0.375000 0.589286
vt 0.375000 0.591253
vt 0.375000 0.591948
vt 0.375000 0.592048
vt 0.375000 0.607610
vt 0.375000 0.626392
vt 0.375000 0.645174
vt 0.375000 0.578553
vt 0.375000 0.581817
vt 0.375000 0.580537
vt 0.375000 0.582312
vt 0.375000 0.578970
vt 0.375000 0.582317
vt 0.375000 0.582364
vt 0.375000 0.579144
vt 0.375000 0.582385
vt 0.375000 0.582389
vt 0.375000 0.579169
vt 0.375000 0.582388
vt 0.375000 0.642780
vt 0.375000 0.626392
vt 0.375000 0.644364
vt 0.375000 0.610003
vt 0.375000 0.626392
vt 0.375000 0.626392
vt 0.375000 0.645073
vt 0.375000 0.608420
vt 0.375000 0.652150
vt 0.375000 0.656091
vt 0.375000 0.641674
vt 0.375000 0.611110
vt 0.375000 0.626392
vt 0.375000 0.600634
vt 0.375000 0.596693
vt 0.375000 0.593518
vt 0.375000 0.607711
vt 0.375000 0.607610
vt 0.375000 0.626392
vt 0.375000 0.645174
vt 0.375000 0.660736
vt 0.375000 0.660552
vt 0.375000 0.659265
vt 0.375000 0.675883
vt 0.375000 0.673664
vt 0.375000 0.675017
vt 0.375000 0.675461
vt 0.375000 0.669141
vt 0.375000 0.668787
vt 0.375000 0.670369
vt 0.375000 0.664457
vt 0.375000 0.674208
vt 0.375000 0.671601
vt 0.375000 0.662330
vt 0.375000 0.659780
vt 0.375000 0.656155
vt 0.375000 0.670539
vt 0.375000 0.674768
vt 0.375000 0.577323
vt 0.375000 0.583643
vt 0.375000 0.581183
vt 0.375000 0.576901
vt 0.375000 0.579119
vt 0.375000 0.588326
vt 0.375000 0.577766
vt 0.375000 0.583997
vt 0.375000 0.590454
vt 0.375000 0.582415
vt 0.375000 0.592232
vt 0.375000 0.596628
vt 0.375000 0.593003
vt 0.375000 0.626392
vt 0.375000 0.644718
vt 0.375000 0.646159
vt 0.375000 0.608066
vt 0.375000 0.626392
vt 0.375000 0.642825
vt 0.375000 0.609959
vt 0.375000 0.626392
vt 0.375000 0.606624
vt 0.375000 0.673367
vt 0.375000 0.668532
vt 0.375000 0.670162
vt 0.375000 0.670162
vt 0.375000 0.671628
vt 0.375000 0.666917
vt 0.375000 0.664180
vt 0.375000 0.668532
vt 0.375000 0.670395
vt 0.375000 0.660552
vt 0.375000 0.660736
vt 0.375000 0.673615
vt 0.375000 0.670395
vt 0.375000 0.660736
vt 0.375000 0.660552
vt 0.375000 0.659265
vt 0.375000 0.664180
vt 0.375000 0.656091
vt 0.375000 0.655907
vt 0.375000 0.657795
vt 0.375000 0.655907
vt 0.375000 0.656091
vt 0.375000 0.652150
vt 0.375000 0.659265
vt 0.375000 0.626392
vt 0.375000 0.645174
vt 0.375000 0.645174
vt 0.375000 0.607610
vt 0.375000 0.626392
vt 0.375000 0.645174
vt 0.375000 0.607610
vt 0.375000 0.626392
vt 0.375000 0.660736
vt 0.375000 0.607610
vt 0.375000 0.607610
vt 0.375000 0.626392
vt 0.375000 0.645174
vt 0.375000 0.660736
vt 0.375000 0.660736
vt 0.375000 0.626392
vt 0.375000 0.607063
vt 0.375000 0.605925
vt 0.375000 0.645720
vt 0.375000 0.626392
vt 0.375000 0.607542
vt 0.375000 0.645242
vt 0.375000 0.626392
vt 0.375000 0.646859
vt 0.375000 0.663498
vt 0.375000 0.661531
vt 0.375000 0.660835
vt 0.375000 0.645174
vt 0.375000 0.626392
vt 0.375000 0.607610
vt 0.375000 0.674231
vt 0.375000 0.670967
vt 0.375000 0.672247
vt 0.375000 0.670472
vt 0.375000 0.673814
vt 0.375000 0.670467
vt 0.375000 0.670420
vt 0.375000 0.673640
vt 0.375000 0.670398
vt 0.375000 0.610105
vt 0.375000 0.626392
vt 0.375000 0.609230
vt 0.375000 0.642679
vt 0.375000 0.626392
vt 0.375000 0.610105
vt 0.375000 0.642679
vt 0.375000 0.626392
vt 0.375000 0.600634
vt 0.375000 0.596877
vt 0.375000 0.611110
vt 0.375000 0.641674
vt 0.375000 0.626392
vt 0.375000 0.643554
vt 0.375000 0.652150
vt 0.375000 0.641674
vt 0.375000 0.626392
vt 0.375000 0.611110
vt 0.375000 0.600634
vt 0.375000 0.596877
vt 0.375000 0.594989
vt 0.375000 0.626392
vt 0.375000 0.608420
vt 0.375000 0.607711
vt 0.375000 0.644364
vt 0.375000 0.626392
vt 0.375000 0.610003
vt 0.375000 0.642780
vt 0.375000 0.626392
vt 0.375000 0.592232
vt 0.375000 0.645073
vt 0.375000 0.596693
vt 0.375000 0.593518
vt 0.375000 0.582621
vt 0.375000 0.581156
vt 0.375000 0.584252
vt 0.375000 0.579417
vt 0.375000 0.584252
vt 0.375000 0.585867
vt 0.375000 0.588604
vt 0.375000 0.592232
vt 0.375000 0.582621
vt 0.375000 0.588604
vt 0.375000 0.596693
vt 0.375000 0.593518
vt 0.375000 0.626392
vt 0.375000 0.644364
vt 0.375000 0.645073
vt 0.375000 0.608420
vt 0.375000 0.626392
vt 0.375000 0.642780
vt 0.375000 0.610003
vt 0.375000 0.626392
vt 0.375000 0.607711
vt 0.375000 0.642679
vt 0.375000 0.626392
vt 0.375000 0.643554
vt 0.375000 0.610105
vt 0.375000 0.626392
vt 0.375000 0.642679
vt 0.375000 0.610105
vt 0.375000 0.626392
vt 0.375000 0.641674
vt 0.375000 0.611110
vt 0.375000 0.626392
vt 0.375000 0.600634
vt 0.375000 0.596877
vt 0.375000 0.609230
vt 0.375000 0.596877
vt 0.375000 0.600634
vt 0.375000 0.611110
vt 0.375000 0.626392
vt 0.375000 0.641674
vt 0.375000 0.626392
vt 0.375000 0.644364
vt 0.375000 0.645073
vt 0.375000 0.608420
vt 0.375000 0.626392
vt 0.375000 0.642780
vt 0.375000 0.610003
vt 0.375000 0.626392
vt 0.375000 0.607711
vt 0.375000 0.592232
vt 0.375000 0.593518
vt 0.375000 0.579417
vt 0.375000 0.584252
vt 0.375000 0.582621
vt 0.375000 0.584252
vt 0.375000 0.581156
vt 0.375000 0.588604
vt 0.375000 0.588604
vt 0.375000 0.585867
vt 0.375000 0.582621
vt 0.375000 0.592232
vt 0.375000 0.593518
vt 0.375000 0.596693
vt 0.375000 0.594989
vt 0.375000 0.596693
vt 0.375000 0.626392
vt 0.375000 0.608420
vt 0.375000 0.607711
vt 0.375000 0.644364
vt 0.375000 0.626392
vt 0.375000 0.610003
vt 0.375000 0.642780
vt 0.375000 0.626392
vt 0.375000 0.645073
vt 0.375000 0.167790
vt 0.375000 0.172590
vt 0.375000 0.167831
vt 0.375000 0.172255
vt 0.375000 0.173696
vt 0.375000 0.172447
vt 0.375000 0.167814
vt 0.375000 0.173226
vt 0.375000 0.157952
vt 0.375000 0.172539
vt 0.375000 0.170607
vt 0.375000 0.173215
vt 0.375000 0.172562
vt 0.375000 0.171424
vt 0.375000 0.171984
vt 0.375000 0.167756
vt 0.375000 0.157952
vt 0.375000 0.157952
vt 0.375000 0.157952
vt 0.375000 0.145688
vt 0.375000 0.123608
vt 0.375000 0.143728
vt 0.375000 0.101529
vt 0.375000 0.123608
vt 0.375000 0.123608
vt 0.375000 0.143600
vt 0.375000 0.103488
vt 0.375000 0.175124
vt 0.375000 0.149366
vt 0.375000 0.097850
vt 0.375000 0.123608
vt 0.375000 0.072092
vt 0.375000 0.084012
vt 0.375000 0.087318
vt 0.375000 0.103616
vt 0.375000 0.087308
vt 0.375000 0.103136
vt 0.375000 0.123608
vt 0.375000 0.144081
vt 0.375000 0.162761
vt 0.375000 0.074133
vt 0.375000 0.078161
vt 0.375000 0.076026
vt 0.375000 0.076070
vt 0.375000 0.075541
vt 0.375000 0.078243
vt 0.375000 0.078515
vt 0.375000 0.075881
vt 0.375000 0.072092
vt 0.375000 0.072092
vt 0.375000 0.072092
vt 0.375000 0.072092
vt 0.375000 0.084077
vt 0.375000 0.087833
vt 0.375000 0.079419
vt 0.375000 0.089085
vt 0.375000 0.079496
vt 0.375000 0.075512
vt 0.375000 0.076799
vt 0.375000 0.084456
vt 0.375000 0.123608
vt 0.375000 0.103842
vt 0.375000 0.101573
vt 0.375000 0.143374
vt 0.375000 0.123608
vt 0.375000 0.104703
vt 0.375000 0.142513
vt 0.375000 0.123608
vt 0.375000 0.097850
vt 0.375000 0.123608
vt 0.375000 0.145643
vt 0.375000 0.149366
vt 0.375000 0.142390
vt 0.375000 0.123608
vt 0.375000 0.104826
vt 0.375000 0.089264
vt 0.375000 0.123608
vt 0.375000 0.142937
vt 0.375000 0.144075
vt 0.375000 0.104280
vt 0.375000 0.123608
vt 0.375000 0.142458
vt 0.375000 0.104758
vt 0.375000 0.123608
vt 0.375000 0.145030
vt 0.375000 0.160714
vt 0.375000 0.165758
vt 0.375000 0.123608
vt 0.375000 0.103141
vt 0.375000 0.102186
vt 0.375000 0.086502
vt 0.375000 0.088469
vt 0.375000 0.089165
vt 0.375000 0.089264
vt 0.375000 0.104826
vt 0.375000 0.123608
vt 0.375000 0.142390
vt 0.375000 0.157952
vt 0.375000 0.158052
vt 0.375000 0.158747
vt 0.375000 0.123608
vt 0.375000 0.104280
vt 0.375000 0.103141
vt 0.375000 0.142937
vt 0.375000 0.123608
vt 0.375000 0.104758
vt 0.375000 0.142458
vt 0.375000 0.123608
vt 0.375000 0.086502
vt 0.375000 0.081459
vt 0.375000 0.144075
vt 0.375000 0.160714
vt 0.375000 0.158747
vt 0.375000 0.158052
vt 0.375000 0.142390
vt 0.375000 0.123608
vt 0.375000 0.104826
vt 0.375000 0.089165
vt 0.375000 0.089264
vt 0.375000 0.088469
vt 0.375000 0.074961
vt 0.375000 0.073520
vt 0.375000 0.074677
vt 0.375000 0.079427
vt 0.375000 0.074626
vt 0.375000 0.073990
vt 0.375000 0.079385
vt 0.375000 0.074769
vt 0.375000 0.076610
vt 0.375000 0.089264
vt 0.375000 0.089264
vt 0.375000 0.079403
vt 0.375000 0.089264
vt 0.375000 0.079461
vt 0.375000 0.075232
vt 0.375000 0.075792
vt 0.375000 0.074654
vt 0.375000 0.074002
vt 0.375000 0.123608
vt 0.375000 0.104826
vt 0.375000 0.104826
vt 0.375000 0.142390
vt 0.375000 0.123608
vt 0.375000 0.104826
vt 0.375000 0.142390
vt 0.375000 0.123608
vt 0.375000 0.142390
vt 0.375000 0.142390
vt 0.375000 0.123608
vt 0.375000 0.104826
vt 0.375000 0.089264
vt 0.375000 0.076633
vt 0.375000 0.081468
vt 0.375000 0.079838
vt 0.375000 0.081468
vt 0.375000 0.078372
vt 0.375000 0.085820
vt 0.375000 0.085820
vt 0.375000 0.083083
vt 0.375000 0.089448
vt 0.375000 0.079605
vt 0.375000 0.076385
vt 0.375000 0.079838
vt 0.375000 0.079605
vt 0.375000 0.089448
vt 0.375000 0.090735
vt 0.375000 0.093909
vt 0.375000 0.097850
vt 0.375000 0.094093
vt 0.375000 0.092206
vt 0.375000 0.094093
vt 0.375000 0.097850
vt 0.375000 0.093909
vt 0.375000 0.090735
vt 0.375000 0.075769
vt 0.375000 0.079033
vt 0.375000 0.077753
vt 0.375000 0.079528
vt 0.375000 0.076186
vt 0.375000 0.079533
vt 0.375000 0.079580
vt 0.375000 0.076360
vt 0.375000 0.089264
vt 0.375000 0.089264
vt 0.375000 0.079602
vt 0.375000 0.089264
vt 0.375000 0.123608
vt 0.375000 0.104826
vt 0.375000 0.104826
vt 0.375000 0.142390
vt 0.375000 0.123608
vt 0.375000 0.104826
vt 0.375000 0.142390
vt 0.375000 0.123608
vt 0.375000 0.142390
vt 0.375000 0.157952
vt 0.375000 0.157952
vt 0.375000 0.157952
vt 0.375000 0.157952
vt 0.375000 0.142390
vt 0.375000 0.123608
vt 0.375000 0.104826
vt 0.375000 0.089264
vt 0.375000 0.167689
vt 0.375000 0.171030
vt 0.375000 0.167637
vt 0.375000 0.171448
vt 0.375000 0.168183
vt 0.375000 0.170856
vt 0.375000 0.167615
vt 0.375000 0.167683
vt 0.375000 0.169463
vt 0.375000 0.167612
vt 0.375000 0.170831
vt 0.375000 0.167612
vt 0.375000 0.139895
vt 0.375000 0.123608
vt 0.375000 0.140770
vt 0.375000 0.107321
vt 0.375000 0.123608
vt 0.375000 0.139895
vt 0.375000 0.107321
vt 0.375000 0.123608
vt 0.375000 0.149366
vt 0.375000 0.153124
vt 0.375000 0.138890
vt 0.375000 0.108326
vt 0.375000 0.123608
vt 0.375000 0.106446
vt 0.375000 0.108326
vt 0.375000 0.123608
vt 0.375000 0.138890
vt 0.375000 0.149366
vt 0.375000 0.153124
vt 0.375000 0.155011
vt 0.375000 0.123608
vt 0.375000 0.105636
vt 0.375000 0.104927
vt 0.375000 0.141580
vt 0.375000 0.123608
vt 0.375000 0.107220
vt 0.375000 0.139997
vt 0.375000 0.123608
vt 0.375000 0.142289
vt 0.375000 0.157769
vt 0.375000 0.156482
vt 0.375000 0.153307
vt 0.375000 0.170583
vt 0.375000 0.165748
vt 0.375000 0.167379
vt 0.375000 0.165748
vt 0.375000 0.168844
vt 0.375000 0.161396
vt 0.375000 0.161396
vt 0.375000 0.164134
vt 0.375000 0.167379
vt 0.375000 0.156482
vt 0.375000 0.153307
vt 0.375000 0.123608
vt 0.375000 0.141580
vt 0.375000 0.142289
vt 0.375000 0.105636
vt 0.375000 0.123608
vt 0.375000 0.139997
vt 0.375000 0.107220
vt 0.375000 0.123608
vt 0.375000 0.157769
vt 0.375000 0.104927
vt 0.375000 0.139997
vt 0.375000 0.123608
vt 0.375000 0.141580
vt 0.375000 0.107220
vt 0.375000 0.123608
vt 0.375000 0.123608
vt 0.375000 0.142289
vt 0.375000 0.105636
vt 0.375000 0.149366
vt 0.375000 0.153307
vt 0.375000 0.138890
vt 0.375000 0.108326
vt 0.375000 0.123608
vt 0.375000 0.097850
vt 0.375000 0.093909
vt 0.375000 0.090735
vt 0.375000 0.104927
vt 0.375000 0.089448
vt 0.375000 0.104826
vt 0.375000 0.123608
vt 0.375000 0.142390
vt 0.375000 0.157769
vt 0.375000 0.157952
vt 0.375000 0.156482
vt 0.375000 0.123608
vt 0.375000 0.141934
vt 0.375000 0.143376
vt 0.375000 0.105282
vt 0.375000 0.123608
vt 0.375000 0.140041
vt 0.375000 0.107175
vt 0.375000 0.123608
vt 0.375000 0.159546
vt 0.375000 0.103841
vt 0.375000 0.087670
vt 0.375000 0.090220
vt 0.375000 0.093845
vt 0.375000 0.153372
vt 0.375000 0.156997
vt 0.375000 0.074539
vt 0.375000 0.080859
vt 0.375000 0.078400
vt 0.375000 0.074117
vt 0.375000 0.076336
vt 0.375000 0.081213
vt 0.375000 0.085543
vt 0.375000 0.074983
vt 0.375000 0.075792
vt 0.375000 0.075232
vt 0.375000 0.079631
vt 0.375000 0.089264
vt 0.375000 0.173099
vt 0.375000 0.170881
vt 0.375000 0.172234
vt 0.375000 0.172677
vt 0.375000 0.166357
vt 0.375000 0.166003
vt 0.375000 0.167585
vt 0.375000 0.171424
vt 0.375000 0.168817
vt 0.375000 0.161674
vt 0.375000 0.167756
vt 0.375000 0.171984
vt 0.375000 0.123608
vt 0.375000 0.141580
vt 0.375000 0.142289
vt 0.375000 0.105636
vt 0.375000 0.123608
vt 0.375000 0.139997
vt 0.375000 0.107220
vt 0.375000 0.123608
vt 0.375000 0.142390
vt 0.375000 0.157769
vt 0.375000 0.157952
vt 0.375000 0.123608
vt 0.375000 0.104927
vt 0.375000 0.104826
vt 0.375000 0.089448
vt 0.375000 0.090735
vt 0.375000 0.093909
vt 0.375000 0.097850
vt 0.375000 0.108326
vt 0.375000 0.123608
vt 0.375000 0.138890
vt 0.375000 0.149366
vt 0.375000 0.153307
vt 0.375000 0.156482
vt 0.375000 0.079528
vt 0.375000 0.076186
vt 0.375000 0.079580
vt 0.375000 0.075769
vt 0.375000 0.079033
vt 0.375000 0.076360
vt 0.375000 0.079602
vt 0.375000 0.079533
vt 0.375000 0.089264
vt 0.375000 0.079461
vt 0.375000 0.077753
vt 0.375000 0.079605
vt 0.375000 0.076385
vt 0.375000 0.079605
vt 0.375000 0.089264
vt 0.375000 0.089264
vt 0.375000 0.089264
vt 0.375000 0.142390
vt 0.375000 0.123608
vt 0.375000 0.142390
vt 0.375000 0.104826
vt 0.375000 0.123608
vt 0.375000 0.142390
vt 0.375000 0.104826
vt 0.375000 0.123608
vt 0.375000 0.157952
vt 0.375000 0.104826
vt 0.375000 0.157952
vt 0.375000 0.157952
vt 0.375000 0.171448
vt 0.375000 0.168183
vt 0.375000 0.169463
vt 0.375000 0.167689
vt 0.375000 0.171030
vt 0.375000 0.167683
vt 0.375000 0.167636
vt 0.375000 0.170856
vt 0.375000 0.167615
vt 0.375000 0.167612
vt 0.375000 0.170831
vt 0.375000 0.167612
vt 0.375000 0.157952
vt 0.375000 0.107321
vt 0.375000 0.123608
vt 0.375000 0.106446
vt 0.375000 0.139895
vt 0.375000 0.123608
vt 0.375000 0.107321
vt 0.375000 0.139895
vt 0.375000 0.123608
vt 0.375000 0.097850
vt 0.375000 0.094093
vt 0.375000 0.108326
vt 0.375000 0.138890
vt 0.375000 0.123608
vt 0.375000 0.149366
vt 0.375000 0.153124
vt 0.375000 0.140770
vt 0.375000 0.153124
vt 0.375000 0.094093
vt 0.375000 0.092206
vt 0.375000 0.167379
vt 0.375000 0.168844
vt 0.375000 0.165748
vt 0.375000 0.167379
vt 0.375000 0.170583
vt 0.375000 0.164134
vt 0.375000 0.161396
vt 0.375000 0.165748
vt 0.375000 0.157769
vt 0.375000 0.161396
vt 0.375000 0.155011
vt 0.375000 0.153307
vt 0.375000 0.156482
vt 0.375000 0.123608
vt 0.375000 0.105636
vt 0.375000 0.104927
vt 0.375000 0.141580
vt 0.375000 0.123608
vt 0.375000 0.107220
vt 0.375000 0.139997
vt 0.375000 0.123608
vt 0.375000 0.089448
vt 0.375000 0.142289
vt 0.375000 0.093909
vt 0.375000 0.090735
vt 0.375000 0.079838
vt 0.375000 0.078372
vt 0.375000 0.081468
vt 0.375000 0.079838
vt 0.375000 0.076633
vt 0.375000 0.083083
vt 0.375000 0.085820
vt 0.375000 0.081468
vt 0.375000 0.085820
vt 0.875000 0.750000
vt 0.625000 0.133996
vt 0.625000 0.375000
vt 0.625000 0.125000
vt 0.625000 0.125000
vt 0.625000 0.125000
vt 0.875000 0.656250
vt 0.875000 0.687500
vt 0.625000 0.000000
vt 0.625000 0.015625
vt 0.875000 0.616004
vt 0.875000 0.616004
vt 0.625000 0.133996
vt 0.875000 0.625000
vt 0.625000 0.093750
vt 0.375000 1.000000
vt 0.375000 1.000000
vn -0.0608 0.7630 0.6435
vn -0.1758 0.7098 0.6821
vn -0.0138 0.1591 0.9872
vn -0.0358 0.1411 0.9894
vn -0.0105 0.9983 0.0565
vn -0.0783 0.9950 0.0616
vn -0.2390 0.9686 0.0683
vn -0.5299 0.8449 0.0730
vn -0.3765 0.5996 0.7062
vn -0.0769 0.1214 0.9896
vn -0.0069 0.0108 0.9999
vn -0.0029 0.0107 0.9999
vn -0.0013 0.0119 0.9999
vn -0.0003 0.0129 0.9999
vn -0.0026 0.1732 0.9849
vn -0.0088 0.7917 0.6109
vn -0.9013 -0.0832 -0.4250
vn -0.8462 -0.2235 -0.4838
vn -0.9856 -0.0814 -0.1485
vn -0.9551 -0.2404 -0.1734
vn -0.6891 -0.0213 -0.7244
vn -0.6434 -0.0789 -0.7614
vn -0.5724 -0.1778 -0.8004
vn -0.5022 -0.3432 -0.7937
vn -0.7163 -0.4615 -0.5234
vn -0.8286 -0.5244 -0.1961
vn -0.8452 -0.5338 -0.0261
vn -0.9698 -0.2427 -0.0234
vn -0.9965 -0.0810 -0.0201
vn -0.9998 -0.0127 -0.0176
vn -0.9913 -0.0133 -0.1307
vn -0.9239 -0.0168 -0.3822
vn -0.9913 0.0769 -0.1066
vn -0.9655 0.2382 -0.1049
vn -0.9570 0.0760 -0.2799
vn -0.9310 0.2372 -0.2774
vn -0.9998 0.0105 -0.0186
vn -0.9968 0.0782 -0.0185
vn -0.9708 0.2393 -0.0180
vn -0.8471 0.5312 -0.0177
vn -0.8418 0.5294 -0.1055
vn -0.8111 0.5150 -0.2774
vn -0.7271 0.4403 -0.5267
vn -0.7996 0.2301 -0.5547
vn -0.8216 0.0756 -0.5650
vn -0.8240 0.0098 -0.5664
vn -0.9597 0.0099 -0.2807
vn -0.9942 0.0102 -0.1071
vn 0.0606 -0.7604 0.6466
vn 0.1753 -0.7078 0.6844
vn 0.0137 -0.1579 0.9874
vn 0.0356 -0.1402 0.9895
vn 0.0105 -0.9983 0.0570
vn 0.0783 -0.9950 0.0621
vn 0.2390 -0.9686 0.0687
vn 0.5299 -0.8449 0.0732
vn 0.3760 -0.5988 0.7071
vn 0.0766 -0.1210 0.9897
vn 0.0068 -0.0108 0.9999
vn 0.0029 -0.0107 0.9999
vn 0.0013 -0.0118 0.9999
vn 0.0003 -0.0128 0.9999
vn 0.0026 -0.1719 0.9851
vn 0.0088 -0.7892 0.6141
vn 0.7641 0.0609 0.6422
vn 0.7104 0.1759 0.6815
vn 0.1597 0.0139 0.9871
vn 0.1413 0.0359 0.9893
vn 0.9984 0.0105 0.0562
vn 0.9950 0.0783 0.0614
vn 0.9686 0.2390 0.0682
vn 0.8449 0.5299 0.0729
vn 0.5998 0.3766 0.7060
vn 0.1214 0.0769 0.9896
vn 0.0108 0.0069 0.9999
vn 0.0108 0.0029 0.9999
vn 0.0119 0.0013 0.9999
vn 0.0130 0.0003 0.9999
vn 0.1742 0.0027 0.9847
vn 0.7934 0.0088 0.6087
vn 0.0725 0.0714 -0.9948
vn 0.0713 0.2221 -0.9724
vn 0.2226 0.0709 -0.9723
vn 0.2209 0.2226 -0.9496
vn 0.0098 0.0097 -0.9999
vn 0.0097 0.0726 -0.9973
vn 0.0095 0.2230 -0.9748
vn 0.0095 0.5029 -0.8643
vn 0.0726 0.5024 -0.8616
vn 0.2229 0.4934 -0.8408
vn 0.4710 0.4295 -0.7705
vn 0.4934 0.2229 -0.8408
vn 0.5017 0.0731 -0.8619
vn 0.5030 0.0095 -0.8642
vn 0.2232 0.0093 -0.9747
vn 0.0728 0.0095 -0.9973
vn -0.9969 0.0784 -0.0000
vn -0.9709 0.2396 0.0000
vn -0.9999 0.0105 0.0000
vn -0.8472 0.5313 0.0000
vn -0.9999 0.0105 0.0001
vn -0.1582 0.0137 0.9873
vn -0.1406 0.0357 0.9894
vn -0.7611 0.0606 0.6457
vn -0.7087 0.1755 0.6833
vn -0.0128 0.0003 0.9999
vn -0.0118 0.0013 0.9999
vn -0.0107 0.0029 0.9999
vn -0.0108 0.0069 0.9999
vn -0.1212 0.0768 0.9896
vn -0.5993 0.3763 0.7065
vn -0.8449 0.5299 0.0730
vn -0.9686 0.2390 0.0685
vn -0.9950 0.0783 0.0619
vn -0.9983 0.0105 0.0570
vn -0.7892 0.0088 0.6141
vn -0.1718 0.0026 0.9851
vn 0.9969 0.0784 -0.0000
vn 0.9709 0.2396 0.0000
vn 0.9999 0.0105 0.0000
vn 0.8472 0.5313 0.0000
vn 0.0784 -0.9969 0.0000
vn 0.2396 -0.9709 0.0000
vn 0.0105 -0.9999 0.0000
vn 0.5313 -0.8472 0.0000
vn -0.0784 0.9969 0.0000
vn -0.2396 0.9709 0.0000
vn -0.0105 0.9999 0.0000
vn -0.5313 0.8472 0.0000
vn 0.9709 -0.2396 0.0000
vn 0.9969 -0.0784 0.0000
vn 0.8472 -0.5313 0.0000
vn 0.9999 -0.0105 0.0000
vn -0.1294 -0.0346 0.9910
vn -0.1370 -0.0146 0.9905
vn -0.6717 -0.1706 0.7209
vn -0.7106 -0.0617 0.7008
vn -0.0159 -0.0076 0.9998
vn -0.0104 -0.0029 0.9999
vn -0.0103 -0.0015 0.9999
vn -0.0116 -0.0005 0.9999
vn -0.1558 -0.0041 0.9878
vn -0.7573 -0.0116 0.6530
vn -0.9979 -0.0111 0.0632
vn -0.9943 -0.0792 0.0720
vn -0.9679 -0.2397 0.0761
vn -0.8444 -0.5301 0.0775
vn -0.5798 -0.3671 0.7274
vn -0.1192 -0.0758 0.9900
vn -0.9709 -0.2396 0.0000
vn -0.9969 -0.0784 0.0000
vn -0.8472 -0.5313 0.0000
vn -0.9999 -0.0105 0.0000
vn -0.9999 -0.0105 0.0001
vn 0.0709 -0.2226 -0.9723
vn 0.0714 -0.0725 -0.9948
vn 0.2225 -0.2209 -0.9496
vn 0.2221 -0.0713 -0.9724
vn 0.0095 -0.5030 -0.8642
vn 0.0093 -0.2232 -0.9747
vn 0.0095 -0.0728 -0.9973
vn 0.0097 -0.0098 -0.9999
vn 0.0726 -0.0097 -0.9973
vn 0.2230 -0.0095 -0.9748
vn 0.5030 -0.0095 -0.8643
vn 0.5024 -0.0726 -0.8616
vn 0.4934 -0.2229 -0.8408
vn 0.4295 -0.4710 -0.7705
vn 0.2229 -0.4934 -0.8408
vn 0.0731 -0.5017 -0.8619
vn 0.6749 -0.1715 0.7177
vn 0.7150 -0.0621 0.6964
vn 0.1306 -0.0350 0.9908
vn 0.1386 -0.0148 0.9902
vn 0.8444 -0.5302 0.0770
vn 0.9679 -0.2397 0.0754
vn 0.9943 -0.0792 0.0711
vn 0.9980 -0.0111 0.0623
vn 0.7620 -0.0116 0.6475
vn 0.1580 -0.0041 0.9874
vn 0.0118 -0.0005 0.9999
vn 0.0104 -0.0015 0.9999
vn 0.0105 -0.0029 0.9999
vn 0.0161 -0.0077 0.9998
vn 0.1199 -0.0763 0.9898
vn 0.5817 -0.3684 0.7252
vn -0.9655 -0.2382 -0.1048
vn -0.9914 -0.0778 -0.1053
vn -0.9307 -0.2339 -0.2812
vn -0.9570 -0.0759 -0.2800
vn -0.8471 -0.5312 -0.0177
vn -0.9707 -0.2395 -0.0176
vn -0.9968 -0.0784 -0.0181
vn -0.9998 -0.0105 -0.0185
vn -0.9942 -0.0104 -0.1068
vn -0.9598 -0.0101 -0.2805
vn -0.8240 -0.0098 -0.5664
vn -0.8211 -0.0748 -0.5659
vn -0.7992 -0.2293 -0.5556
vn -0.7300 -0.4818 -0.4848
vn -0.8114 -0.5137 -0.2788
vn -0.8423 -0.5284 -0.1067
vn 0.0137 0.0611 0.9980
vn 0.1372 0.5261 -0.8393
vn 0.1571 0.2509 -0.9552
vn 0.5358 0.1417 -0.8324
vn 0.0608 0.0137 0.9981
vn 0.0313 0.0114 0.9994
vn 0.0003 0.0069 1.0000
vn 0.0055 0.0700 0.9975
vn 0.0009 0.0061 1.0000
vn 0.0213 0.4168 -0.9088
vn 0.0683 0.3737 -0.9250
vn 0.0540 0.6549 -0.7538
vn 0.2384 0.2862 -0.9281
vn 0.2516 0.1582 -0.9548
vn 0.1364 0.3161 -0.9389
vn 0.4167 0.0242 -0.9087
vn 0.6540 0.0570 -0.7543
vn 0.3772 0.0712 -0.9234
vn 0.0069 0.0003 1.0000
vn 0.0061 0.0009 1.0000
vn 0.0700 0.0056 0.9975
vn 0.0008 0.0004 1.0000
vn 0.0022 0.0014 1.0000
vn 0.0040 0.0011 1.0000
vn -0.0115 0.0316 0.9994
vn -0.0628 0.0142 0.9979
vn -0.4820 0.1270 -0.8669
vn -0.2409 0.1526 -0.9585
vn -0.1364 0.5226 -0.8416
vn -0.0138 0.0612 0.9980
vn -0.0004 0.0008 1.0000
vn -0.0014 0.0022 1.0000
vn -0.0011 0.0040 1.0000
vn -0.0070 0.0003 1.0000
vn -0.0723 0.0057 0.9974
vn -0.0062 0.0009 1.0000
vn -0.4025 0.0207 -0.9152
vn -0.3616 0.0667 -0.9299
vn -0.5940 0.0493 -0.8029
vn -0.2789 0.2348 -0.9312
vn -0.1542 0.2482 -0.9564
vn -0.3071 0.1337 -0.9422
vn -0.0224 0.4163 -0.9089
vn -0.0549 0.6516 -0.7566
vn -0.0688 0.3738 -0.9249
vn -0.0003 0.0069 1.0000
vn -0.0009 0.0061 1.0000
vn -0.0055 0.0702 0.9975
vn -0.2226 -0.2209 -0.9496
vn -0.2221 -0.0713 -0.9724
vn -0.0709 -0.2226 -0.9723
vn -0.0714 -0.0725 -0.9948
vn -0.4295 -0.4710 -0.7705
vn -0.4934 -0.2229 -0.8408
vn -0.5024 -0.0726 -0.8616
vn -0.5029 -0.0095 -0.8643
vn -0.2230 -0.0095 -0.9748
vn -0.0726 -0.0097 -0.9973
vn -0.0097 -0.0098 -0.9999
vn -0.0095 -0.0728 -0.9973
vn -0.0093 -0.2232 -0.9747
vn -0.0095 -0.5030 -0.8642
vn -0.0731 -0.5017 -0.8619
vn -0.2229 -0.4934 -0.8408
vn 0.2396 0.9709 -0.0000
vn 0.0784 0.9969 0.0000
vn 0.5313 0.8472 0.0000
vn 0.0105 0.9999 0.0000
vn -0.2396 -0.9709 0.0000
vn -0.0784 -0.9969 0.0000
vn -0.5313 -0.8472 -0.0000
vn -0.0105 -0.9999 0.0000
vn -0.2226 0.0709 -0.9723
vn -0.2209 0.2225 -0.9496
vn -0.0725 0.0714 -0.9948
vn -0.0713 0.2221 -0.9724
vn -0.5030 0.0095 -0.8642
vn -0.5017 0.0731 -0.8619
vn -0.4934 0.2229 -0.8408
vn -0.4710 0.4295 -0.7705
vn -0.2229 0.4934 -0.8408
vn -0.0726 0.5024 -0.8616
vn -0.0095 0.5029 -0.8643
vn -0.0095 0.2230 -0.9748
vn -0.0097 0.0726 -0.9973
vn -0.0098 0.0097 -0.9999
vn -0.0728 0.0095 -0.9973
vn -0.2232 0.0093 -0.9747
vn -0.1708 -0.6725 0.7201
vn -0.0618 -0.7118 0.6997
vn -0.0347 -0.1297 0.9909
vn -0.0146 -0.1374 0.9904
vn -0.5301 -0.8444 0.0774
vn -0.2397 -0.9679 0.0759
vn -0.0792 -0.9943 0.0717
vn -0.0111 -0.9980 0.0630
vn -0.0115 -0.7581 0.6521
vn -0.0041 -0.1562 0.9877
vn -0.0005 -0.0116 0.9999
vn -0.0015 -0.0103 0.9999
vn -0.0029 -0.0104 0.9999
vn -0.0076 -0.0160 0.9998
vn -0.0758 -0.1193 0.9900
vn -0.3673 -0.5801 0.7271
vn -0.0627 -0.0142 0.9979
vn -0.0318 -0.0117 0.9994
vn -0.0140 -0.0620 0.9980
vn -0.1323 -0.5025 -0.8544
vn -0.1529 -0.2436 -0.9577
vn -0.4855 -0.1285 -0.8647
vn -0.0070 -0.0003 1.0000
vn -0.0062 -0.0009 1.0000
vn -0.0724 -0.0057 0.9974
vn -0.0008 -0.0004 1.0000
vn -0.0022 -0.0014 1.0000
vn -0.0040 -0.0011 1.0000
vn -0.0003 -0.0070 1.0000
vn -0.0057 -0.0714 0.9974
vn -0.0009 -0.0062 1.0000
vn -0.0226 -0.4081 -0.9127
vn -0.0686 -0.3682 -0.9272
vn -0.0527 -0.6169 -0.7853
vn -0.2338 -0.2813 -0.9307
vn -0.2451 -0.1542 -0.9572
vn -0.1349 -0.3116 -0.9406
vn -0.4024 -0.0219 -0.9152
vn -0.5936 -0.0504 -0.8032
vn -0.3631 -0.0678 -0.9293
vn 0.1712 0.6739 0.7187
vn 0.0620 0.7132 0.6982
vn 0.0349 0.1302 0.9909
vn 0.0147 0.1380 0.9903
vn 0.5302 0.8444 0.0770
vn 0.2397 0.9679 0.0756
vn 0.0792 0.9943 0.0715
vn 0.0111 0.9980 0.0627
vn 0.0116 0.7600 0.6499
vn 0.0041 0.1571 0.9876
vn 0.0005 0.0117 0.9999
vn 0.0015 0.0104 0.9999
vn 0.0029 0.0105 0.9999
vn 0.0077 0.0160 0.9998
vn 0.0763 0.1199 0.9899
vn 0.3683 0.5816 0.7253
vn 0.2341 0.7955 -0.5589
vn 0.0983 0.8556 -0.5083
vn 0.2447 0.9471 -0.2076
vn 0.0857 0.9791 -0.1843
vn 0.3465 0.5058 -0.7900
vn 0.1904 0.4991 -0.8454
vn 0.0958 0.5585 -0.8239
vn 0.0320 0.6436 -0.7647
vn 0.0241 0.9042 -0.4263
vn 0.0138 0.9887 -0.1490
vn 0.0091 0.9998 -0.0202
vn 0.0780 0.9966 -0.0250
vn 0.2403 0.9703 -0.0277
vn 0.5324 0.8460 -0.0284
vn 0.5258 0.8229 -0.2153
vn 0.4602 0.6905 -0.5580
vn 0.5107 -0.1310 -0.8498
vn 0.2408 -0.1500 -0.9589
vn 0.1280 -0.4917 -0.8613
vn 0.0140 -0.0623 0.9980
vn 0.0117 -0.0318 0.9994
vn 0.0615 -0.0138 0.9980
vn 0.4166 -0.0193 -0.9089
vn 0.3698 -0.0655 -0.9268
vn 0.6530 -0.0517 -0.7556
vn 0.2784 -0.2301 -0.9325
vn 0.1521 -0.2430 -0.9580
vn 0.3096 -0.1314 -0.9417
vn 0.0202 -0.4080 -0.9128
vn 0.0502 -0.6166 -0.7857
vn 0.0660 -0.3645 -0.9289
vn 0.0003 -0.0070 1.0000
vn 0.0009 -0.0062 1.0000
vn 0.0056 -0.0714 0.9974
vn 0.0004 -0.0008 1.0000
vn 0.0014 -0.0022 1.0000
vn 0.0011 -0.0040 1.0000
vn 0.0069 -0.0003 1.0000
vn 0.0701 -0.0054 0.9975
vn 0.0061 -0.0009 1.0000
vn 0.0774 -0.9024 -0.4238
vn 0.2180 -0.8465 -0.4858
vn 0.0749 -0.9862 -0.1479
vn 0.2343 -0.9564 -0.1743
vn 0.0175 -0.6943 -0.7195
vn 0.0751 -0.6452 -0.7603
vn 0.1739 -0.5713 -0.8022
vn 0.3392 -0.4988 -0.7976
vn 0.4579 -0.7150 -0.5283
vn 0.5217 -0.8297 -0.1985
vn 0.5314 -0.8467 -0.0264
vn 0.2366 -0.9713 -0.0235
vn 0.0744 -0.9970 -0.0200
vn 0.0063 -0.9998 -0.0174
vn 0.0070 -0.9916 -0.1289
vn 0.0111 -0.9259 -0.3775
vn -0.7894 0.2336 -0.5677
vn -0.8496 0.0982 -0.5182
vn -0.9458 0.2460 -0.2122
vn -0.9782 0.0862 -0.1890
vn -0.4974 0.3430 -0.7968
vn -0.4902 0.1880 -0.8511
vn -0.5482 0.0945 -0.8310
vn -0.6314 0.0316 -0.7748
vn -0.8989 0.0241 -0.4375
vn -0.9880 0.0139 -0.1537
vn -0.9997 0.0092 -0.0208
vn -0.9966 0.0786 -0.0256
vn -0.9699 0.2419 -0.0283
vn -0.8440 0.5356 -0.0290
vn -0.8201 0.5283 -0.2196
vn -0.6841 0.4596 -0.5663
vn -0.0824 0.9064 -0.4144
vn -0.2210 0.8512 -0.4761
vn -0.0801 0.9863 -0.1440
vn -0.2365 0.9566 -0.1699
vn -0.0215 0.7020 -0.7119
vn -0.0792 0.6550 -0.7515
vn -0.1775 0.5808 -0.7945
vn -0.3408 0.5068 -0.7918
vn -0.4569 0.7210 -0.5209
vn -0.5182 0.8328 -0.1948
vn -0.5274 0.8492 -0.0259
vn -0.2387 0.9708 -0.0229
vn -0.0797 0.9966 -0.0195
vn -0.0126 0.9998 -0.0170
vn -0.0131 0.9919 -0.1261
vn -0.0167 0.9287 -0.3705
vn 0.7923 -0.2267 -0.5665
vn 0.8531 -0.0926 -0.5135
vn 0.9482 -0.2373 -0.2114
vn 0.9792 -0.0792 -0.1867
vn 0.4983 -0.3364 -0.7991
vn 0.4924 -0.1840 -0.8507
vn 0.5534 -0.0918 -0.8278
vn 0.6407 -0.0289 -0.7673
vn 0.9030 -0.0190 -0.4291
vn 0.9886 -0.0077 -0.1502
vn 0.9998 -0.0028 -0.0204
vn 0.9971 -0.0713 -0.0253
vn 0.9721 -0.2329 -0.0282
vn 0.8495 -0.5269 -0.0292
vn 0.8253 -0.5197 -0.2210
vn 0.6871 -0.4516 -0.5691
vn 0.9073 0.0879 -0.4111
vn 0.8528 0.2271 -0.4703
vn 0.9860 0.0862 -0.1427
vn 0.9556 0.2427 -0.1674
vn 0.7021 0.0252 -0.7116
vn 0.6582 0.0832 -0.7483
vn 0.5857 0.1828 -0.7897
vn 0.5117 0.3486 -0.7852
vn 0.7221 0.4639 -0.5133
vn 0.8301 0.5238 -0.1912
vn 0.8459 0.5327 -0.0254
vn 0.9693 0.2448 -0.0225
vn 0.9961 0.0858 -0.0193
vn 0.9997 0.0188 -0.0170
vn 0.9918 0.0193 -0.1261
vn 0.9286 0.0222 -0.3703
vn -0.2351 -0.7932 -0.5617
vn -0.1019 -0.8536 -0.5109
vn -0.2471 -0.9462 -0.2090
vn -0.0906 -0.9785 -0.1854
vn -0.3420 -0.5017 -0.7946
vn -0.1894 -0.4955 -0.8477
vn -0.0970 -0.5550 -0.8261
vn -0.0344 -0.6386 -0.7687
vn -0.0288 -0.9021 -0.4305
vn -0.0196 -0.9884 -0.1507
vn -0.0153 -0.9997 -0.0204
vn -0.0833 -0.9962 -0.0251
vn -0.2430 -0.9696 -0.0279
vn -0.5314 -0.8466 -0.0288
vn -0.5244 -0.8231 -0.2179
vn -0.4571 -0.6883 -0.5633
vn 0.2396 0.9709 0.0001
vn -0.2396 0.9709 0.0001
vn -0.0784 0.9969 -0.0001
vn 0.0784 -0.9969 -0.0001
vn 0.8472 0.5313 -0.0001
vn 0.9570 0.0760 -0.2799
vn 0.9310 0.2372 -0.2774
vn 0.9913 0.0769 -0.1066
vn 0.9655 0.2382 -0.1049
vn 0.8240 0.0098 -0.5664
vn 0.8216 0.0756 -0.5650
vn 0.7996 0.2301 -0.5547
vn 0.7271 0.4403 -0.5267
vn 0.8111 0.5150 -0.2774
vn 0.8418 0.5294 -0.1055
vn 0.8471 0.5312 -0.0177
vn 0.9708 0.2393 -0.0180
vn 0.9968 0.0782 -0.0185
vn 0.9998 0.0105 -0.0186
vn 0.9942 0.0102 -0.1071
vn 0.9597 0.0099 -0.2807
vn 0.0760 -0.9570 -0.2799
vn 0.2372 -0.9310 -0.2774
vn 0.0769 -0.9913 -0.1066
vn 0.2382 -0.9655 -0.1049
vn 0.0098 -0.8240 -0.5664
vn 0.0756 -0.8216 -0.5650
vn 0.2301 -0.7996 -0.5547
vn 0.4403 -0.7271 -0.5267
vn 0.5150 -0.8111 -0.2774
vn 0.5294 -0.8418 -0.1055
vn 0.5312 -0.8471 -0.0177
vn 0.2393 -0.9708 -0.0180
vn 0.0782 -0.9968 -0.0185
vn 0.0105 -0.9998 -0.0186
vn 0.0102 -0.9942 -0.1071
vn 0.0099 -0.9597 -0.2807
vn -0.0760 0.9570 -0.2799
vn -0.2372 0.9310 -0.2774
vn -0.0769 0.9913 -0.1066
vn -0.2382 0.9655 -0.1049
vn -0.0098 0.8240 -0.5664
vn -0.0756 0.8216 -0.5650
vn -0.2301 0.7996 -0.5547
vn -0.4403 0.7271 -0.5267
vn -0.5150 0.8111 -0.2774
vn -0.5294 0.8418 -0.1055
vn -0.5312 0.8471 -0.0177
vn -0.2393 0.9708 -0.0180
vn -0.0782 0.9968 -0.0185
vn -0.0105 0.9998 -0.0186
vn -0.0102 0.9942 -0.1071
vn -0.0099 0.9597 -0.2807
vn 0.9307 -0.2339 -0.2812
vn 0.9570 -0.0759 -0.2800
vn 0.9655 -0.2382 -0.1048
vn 0.9914 -0.0778 -0.1053
vn 0.7300 -0.4818 -0.4848
vn 0.7992 -0.2293 -0.5556
vn 0.8211 -0.0748 -0.5659
vn 0.8240 -0.0098 -0.5665
vn 0.9598 -0.0101 -0.2805
vn 0.9942 -0.0104 -0.1068
vn 0.9998 -0.0105 -0.0185
vn 0.9968 -0.0784 -0.0181
vn 0.9707 -0.2395 -0.0176
vn 0.8471 -0.5312 -0.0177
vn 0.8423 -0.5284 -0.1067
vn 0.8114 -0.5137 -0.2788
vn 0.2339 0.9307 -0.2812
vn 0.0759 0.9570 -0.2800
vn 0.2382 0.9655 -0.1048
vn 0.0778 0.9914 -0.1053
vn 0.4818 0.7300 -0.4848
vn 0.2293 0.7992 -0.5556
vn 0.0748 0.8211 -0.5659
vn 0.0098 0.8240 -0.5665
vn 0.0101 0.9598 -0.2805
vn 0.0104 0.9942 -0.1068
vn 0.0105 0.9998 -0.0185
vn 0.0784 0.9968 -0.0181
vn 0.2395 0.9707 -0.0176
vn 0.5312 0.8471 -0.0177
vn 0.5284 0.8423 -0.1067
vn 0.5137 0.8114 -0.2788
vn -0.2339 -0.9307 -0.2812
vn -0.0759 -0.9570 -0.2800
vn -0.2382 -0.9655 -0.1048
vn -0.0778 -0.9914 -0.1053
vn -0.4818 -0.7300 -0.4848
vn -0.2293 -0.7992 -0.5556
vn -0.0748 -0.8211 -0.5659
vn -0.0098 -0.8240 -0.5665
vn -0.0101 -0.9598 -0.2805
vn -0.0104 -0.9942 -0.1068
vn -0.0105 -0.9998 -0.0185
vn -0.0784 -0.9968 -0.0181
vn -0.2395 -0.9707 -0.0176
vn -0.5312 -0.8471 -0.0177
vn -0.5284 -0.8423 -0.1067
vn -0.5137 -0.8114 -0.2788
vn 0.9999 0.0105 0.0001
vn 0.0784 -0.9969 0.0001
vn -0.0784 0.9969 0.0001
vn 0.9999 -0.0105 0.0001
vn 0.5313 0.8472 0.0001
vn 0.2396 0.9709 -0.0001
vn 0.0105 0.9999 0.0001
vn -0.2396 -0.9709 -0.0001
vn -0.0105 -0.9999 0.0001
vn 0.1679 0.1220 -0.9782
vn -0.1696 0.1198 -0.9782
vn 0.1611 0.3696 -0.9151
vn -0.1654 0.3643 -0.9165
vn 0.5273 0.0165 -0.8495
vn 0.1689 0.0160 -0.9855
vn -0.1691 0.0159 -0.9855
vn -0.5274 0.0163 -0.8495
vn -0.5250 0.1242 -0.8420
vn -0.4957 0.3672 -0.7871
vn -0.3740 0.6810 -0.6295
vn -0.1391 0.7109 -0.6894
vn 0.1385 0.7103 -0.6902
vn 0.4222 0.6368 -0.6451
vn 0.4937 0.3694 -0.7872
vn 0.5233 0.1265 -0.8427
vn 0.1039 0.9889 -0.1059
vn -0.1059 0.9889 -0.1039
vn 0.1039 0.9889 0.1059
vn -0.1059 0.9889 0.1039
vn 0.3493 0.8817 -0.3172
vn 0.1131 0.9294 -0.3514
vn -0.1131 0.9293 -0.3515
vn -0.3172 0.8817 -0.3493
vn -0.3514 0.9294 -0.1131
vn -0.3514 0.9294 0.1131
vn -0.3172 0.8817 0.3493
vn -0.1131 0.9293 0.3515
vn 0.1131 0.9294 0.3514
vn 0.3493 0.8817 0.3172
vn 0.3515 0.9293 0.1131
vn 0.3515 0.9293 -0.1131
vn 0.9782 0.1220 0.1679
vn 0.9782 0.1198 -0.1696
vn 0.9151 0.3696 0.1611
vn 0.9165 0.3643 -0.1654
vn 0.8495 0.0165 0.5273
vn 0.9855 0.0160 0.1689
vn 0.9855 0.0159 -0.1691
vn 0.8495 0.0163 -0.5274
vn 0.8420 0.1242 -0.5250
vn 0.7871 0.3672 -0.4957
vn 0.6295 0.6810 -0.3740
vn 0.6894 0.7109 -0.1391
vn 0.6902 0.7102 0.1385
vn 0.6451 0.6368 0.4222
vn 0.7872 0.3694 0.4937
vn 0.8427 0.1265 0.5233
vn -0.9782 0.1220 -0.1679
vn -0.9782 0.1198 0.1696
vn -0.9151 0.3696 -0.1611
vn -0.9165 0.3643 0.1654
vn -0.8495 0.0165 -0.5273
vn -0.9855 0.0160 -0.1689
vn -0.9855 0.0159 0.1691
vn -0.8495 0.0163 0.5274
vn -0.8420 0.1242 0.5250
vn -0.7871 0.3672 0.4957
vn -0.6295 0.6810 0.3740
vn -0.6894 0.7109 0.1391
vn -0.6902 0.7102 -0.1385
vn -0.6451 0.6368 -0.4222
vn -0.7872 0.3694 -0.4937
vn -0.8427 0.1265 -0.5233
vn -0.1679 0.1220 0.9782
vn 0.1696 0.1198 0.9782
vn -0.1611 0.3696 0.9151
vn 0.1654 0.3643 0.9165
vn -0.5273 0.0165 0.8495
vn -0.1689 0.0160 0.9855
vn 0.1691 0.0159 0.9855
vn 0.5274 0.0163 0.8495
vn 0.5250 0.1242 0.8420
vn 0.4957 0.3672 0.7871
vn 0.3740 0.6810 0.6295
vn 0.1391 0.7109 0.6894
vn -0.1385 0.7102 0.6902
vn -0.4222 0.6368 0.6451
vn -0.4937 0.3694 0.7872
vn -0.5233 0.1265 0.8427
vn 0.1690 0.0000 0.9856
vn -0.1690 -0.0000 0.9856
vn 0.5274 -0.0000 0.8496
vn -0.5274 -0.0000 0.8496
vn -0.1690 0.0000 -0.9856
vn 0.1690 0.0000 -0.9856
vn -0.5274 -0.0000 -0.8496
vn 0.5274 -0.0000 -0.8496
vn 0.9856 0.0000 -0.1690
vn 0.9856 0.0000 0.1690
vn 0.8496 0.0000 -0.5274
vn 0.8496 -0.0000 0.5274
vn -0.9856 0.0000 0.1690
vn -0.9856 0.0000 -0.1690
vn -0.8496 0.0000 0.5274
vn -0.8496 -0.0000 -0.5274
vn -0.1791 0.0459 -0.9828
vn 0.1618 0.0406 -0.9860
vn -0.1857 0.1205 -0.9752
vn 0.1297 0.1145 -0.9849
vn -0.5435 0.0154 -0.8393
vn -0.1765 0.0087 -0.9843
vn 0.1743 0.0036 -0.9847
vn 0.5422 0.0015 -0.8403
vn 0.5310 0.0562 -0.8455
vn 0.4905 0.1595 -0.8567
vn 0.4780 0.2762 -0.8338
vn 0.0721 0.2245 -0.9718
vn -0.1974 0.2315 -0.9526
vn -0.5202 0.2825 -0.8060
vn -0.5359 0.1530 -0.8303
vn -0.5420 0.0618 -0.8381
vn -0.1742 0.0260 -0.9844
vn 0.1762 0.0147 -0.9842
vn -0.1592 0.0691 -0.9848
vn 0.1781 0.0348 -0.9834
vn -0.5415 0.0006 -0.8407
vn -0.1762 0.0016 -0.9844
vn 0.1761 0.0042 -0.9844
vn 0.5436 0.0112 -0.8393
vn 0.5427 0.0323 -0.8393
vn 0.5378 0.0732 -0.8399
vn 0.5256 0.1315 -0.8405
vn 0.1829 0.0632 -0.9811
vn -0.1222 0.1139 -0.9860
vn -0.3364 0.2903 -0.8959
vn -0.4742 0.1459 -0.8682
vn -0.5261 0.0495 -0.8490
vn 0.0096 0.0815 -0.9966
vn 0.2010 0.0822 -0.9761
vn 0.0458 -0.0242 -0.9987
vn 0.2008 0.0411 -0.9788
vn -0.3289 0.4009 -0.8550
vn -0.0632 0.1428 -0.9877
vn 0.1910 0.0911 -0.9774
vn 0.5053 0.1893 -0.8419
vn 0.4833 0.1993 -0.8525
vn 0.4621 0.1657 -0.8712
vn 0.4407 0.1127 -0.8905
vn 0.1823 0.0100 -0.9832
vn 0.0311 -0.0921 -0.9953
vn -0.1480 -0.2706 -0.9512
vn -0.0260 -0.0401 -0.9989
vn -0.1066 0.1741 -0.9789
vn 0.9840 0.0746 -0.1620
vn 0.9836 0.0766 0.1633
vn 0.9713 0.1744 -0.1615
vn 0.9698 0.1795 0.1650
vn 0.8593 0.0190 -0.5111
vn 0.9865 0.0227 -0.1621
vn 0.9865 0.0230 0.1623
vn 0.8590 0.0197 0.5116
vn 0.8553 0.0648 0.5141
vn 0.8417 0.1511 0.5184
vn 0.8101 0.2676 0.5217
vn 0.9333 0.3183 0.1660
vn 0.9373 0.3096 -0.1598
vn 0.8250 0.2460 -0.5088
vn 0.8486 0.1381 -0.5107
vn 0.8575 0.0596 -0.5110
vn 0.1786 0.0114 0.9839
vn -0.1586 0.0035 0.9873
vn 0.1839 0.0270 0.9826
vn -0.1208 0.0133 0.9926
vn 0.5431 0.0120 0.8396
vn 0.1764 0.0038 0.9843
vn -0.1739 -0.0017 0.9848
vn -0.5437 -0.0031 0.8393
vn -0.5416 0.0241 0.8403
vn -0.5256 0.0694 0.8479
vn -0.4771 0.0932 0.8739
vn -0.0602 0.0253 0.9979
vn 0.1923 0.0511 0.9800
vn 0.5090 0.1518 0.8473
vn 0.5287 0.0860 0.8445
vn 0.5392 0.0375 0.8413
vn -0.9866 0.0466 0.1567
vn -0.9861 0.0396 -0.1612
vn -0.9770 0.1556 0.1457
vn -0.9779 0.1389 -0.1559
vn -0.8595 -0.0032 0.5111
vn -0.9869 -0.0053 0.1614
vn -0.9868 -0.0064 -0.1621
vn -0.8595 -0.0033 -0.5111
vn -0.8586 0.0499 -0.5102
vn -0.8483 0.1581 -0.5053
vn -0.8072 0.3276 -0.4910
vn -0.9369 0.3184 -0.1445
vn -0.9276 0.3521 0.1252
vn -0.8066 0.3506 0.4759
vn -0.8484 0.1585 0.5050
vn -0.8585 0.0496 0.5104
vn 0.9690 0.0924 -0.2290
vn 0.9680 0.0951 0.2324
vn 0.9717 0.0374 -0.2332
vn 0.9714 0.0383 0.2345
vn 0.7626 0.1366 -0.6323
vn 0.9571 0.1896 -0.2192
vn 0.9544 0.1952 0.2258
vn 0.7511 0.1488 0.6432
vn 0.7527 0.0718 0.6544
vn 0.7527 0.0290 0.6578
vn 0.7527 0.0102 0.6582
vn 0.9720 0.0133 0.2347
vn 0.9720 0.0132 -0.2346
vn 0.7530 0.0099 -0.6579
vn 0.7546 0.0269 -0.6556
vn 0.7583 0.0657 -0.6486
vn 0.8642 0.4756 -0.1642
vn 0.8559 0.4867 0.1748
vn 0.8833 0.4328 -0.1802
vn 0.8758 0.4433 0.1910
vn 0.7871 0.3504 -0.5077
vn 0.8853 0.4374 -0.1578
vn 0.8783 0.4482 0.1668
vn 0.7632 0.3770 0.5248
vn 0.7354 0.4047 0.5435
vn 0.7325 0.3590 0.5784
vn 0.7422 0.2625 0.6166
vn 0.9182 0.3354 0.2107
vn 0.9235 0.3266 -0.2011
vn 0.7619 0.2429 -0.6005
vn 0.7581 0.3347 -0.5597
vn 0.7628 0.3782 -0.5245
vn 0.1995 0.0841 0.9763
vn 0.0440 0.0361 0.9984
vn 0.1811 0.0642 0.9814
vn 0.0290 -0.0016 0.9996
vn 0.4816 0.2144 0.8498
vn 0.2012 0.0786 0.9764
vn 0.0109 0.0437 0.9990
vn -0.1038 0.1353 0.9854
vn -0.0258 0.0750 0.9969
vn -0.0202 -0.0309 0.9993
vn -0.0243 -0.0968 0.9950
vn -0.0187 -0.0280 0.9994
vn 0.1576 0.0383 0.9868
vn 0.4189 0.1336 0.8981
vn 0.4346 0.1919 0.8800
vn 0.4558 0.2260 0.8609
vn -0.4290 0.0850 -0.8993
vn 0.3534 -0.1045 -0.9296
vn -0.4244 0.0757 -0.9023
vn 0.4144 -0.0885 -0.9058
vn -0.8497 0.1806 -0.4955
vn -0.4410 0.0875 -0.8932
vn 0.2141 -0.0824 -0.9733
vn 0.6859 -0.3284 -0.6494
vn 0.7981 -0.2934 -0.5263
vn 0.8415 -0.2009 -0.5015
vn 0.8549 -0.1266 -0.5032
vn 0.4240 -0.0613 -0.9036
vn -0.4240 0.0593 -0.9037
vn -0.8556 0.1199 -0.5036
vn -0.8517 0.1538 -0.5010
vn -0.8492 0.1739 -0.4986
vn 0.1213 -0.0592 0.9908
vn -0.1214 -0.0604 0.9908
vn 0.1236 -0.1865 0.9746
vn -0.1233 -0.1858 0.9748
vn 0.4033 -0.0050 0.9151
vn 0.1209 -0.0070 0.9926
vn -0.1208 -0.0092 0.9926
vn -0.4032 -0.0128 0.9150
vn -0.4033 -0.0696 0.9124
vn -0.3983 -0.2028 0.8946
vn -0.3483 -0.4272 0.8343
vn -0.1233 -0.4333 0.8928
vn 0.1321 -0.4303 0.8930
vn 0.3922 -0.3841 0.8358
vn 0.4004 -0.1966 0.8950
vn 0.4031 -0.0630 0.9130
vn 0.1265 0.0076 0.9919
vn -0.1047 -0.0254 0.9942
vn 0.1215 0.0031 0.9926
vn -0.1187 -0.0107 0.9929
vn 0.4099 0.0734 0.9092
vn 0.1388 0.0180 0.9902
vn -0.0699 -0.0337 0.9970
vn -0.3376 -0.1417 0.9306
vn -0.3866 -0.0968 0.9172
vn -0.4010 -0.0379 0.9153
vn -0.4031 -0.0084 0.9151
vn -0.1208 -0.0024 0.9927
vn 0.1208 0.0014 0.9927
vn 0.4032 0.0053 0.9151
vn 0.4034 0.0144 0.9149
vn 0.4051 0.0351 0.9136
vn -0.9717 -0.1586 0.1749
vn -0.9695 -0.1181 -0.2149
vn -0.9751 -0.0565 0.2144
vn -0.9718 -0.0428 -0.2320
vn -0.6919 -0.5049 0.5161
vn -0.8942 -0.4277 0.1322
vn -0.9247 -0.3345 -0.1816
vn -0.7070 -0.3792 -0.5970
vn -0.7526 -0.1501 -0.6411
vn -0.7530 -0.0526 -0.6559
vn -0.7527 -0.0131 -0.6582
vn -0.9720 -0.0137 -0.2347
vn -0.9726 -0.0155 0.2321
vn -0.7543 -0.0149 0.6564
vn -0.7623 -0.0649 0.6440
vn -0.7722 -0.1918 0.6058
vn -0.0693 -0.0605 -0.9958
vn 0.1391 -0.0050 -0.9903
vn -0.1047 -0.0238 -0.9942
vn 0.1266 -0.0017 -0.9920
vn -0.1421 -0.3096 -0.9402
vn -0.0171 -0.0924 -0.9956
vn 0.1583 -0.0028 -0.9874
vn 0.4226 0.0612 -0.9043
vn 0.4112 0.0294 -0.9111
vn 0.4055 0.0124 -0.9140
vn 0.4035 0.0050 -0.9150
vn 0.1215 0.0008 -0.9926
vn -0.1188 -0.0042 -0.9929
vn -0.4015 -0.0098 -0.9158
vn -0.3891 -0.0484 -0.9199
vn -0.3379 -0.1393 -0.9308
vn -0.9449 0.3236 0.0487
vn -0.9436 0.3278 -0.0462
vn -0.9682 0.2441 0.0538
vn -0.9672 0.2489 -0.0506
vn -0.8846 0.4431 0.1452
vn -0.8842 0.4650 0.0436
vn -0.8823 0.4688 -0.0414
vn -0.8728 0.4724 -0.1225
vn -0.9278 0.3382 -0.1574
vn -0.9520 0.2483 -0.1789
vn -0.9554 0.2133 -0.2040
vn -0.9737 0.2206 -0.0574
vn -0.9748 0.2164 0.0544
vn -0.9600 0.2015 0.1944
vn -0.9534 0.2329 0.1919
vn -0.9310 0.3224 0.1711
vn -0.0775 0.1173 0.9901
vn -0.2099 0.4120 0.8867
vn -0.4973 0.2044 0.8432
vn -0.5453 0.4454 0.7101
vn 0.2750 -0.1653 0.9471
vn 0.0308 0.0264 0.9992
vn -0.0631 0.3052 0.9502
vn -0.2396 0.6715 0.7012
vn -0.3944 0.7250 0.5647
vn -0.6018 0.6319 0.4884
vn -0.7949 0.5298 0.2958
vn -0.8450 0.3514 0.4032
vn -0.8550 0.2425 0.4585
vn -0.8541 0.1836 0.4866
vn -0.4626 0.0981 0.8811
vn 0.0498 -0.0266 0.9984
vn -0.3148 0.2883 -0.9043
vn -0.1613 0.0471 -0.9858
vn -0.6177 0.3633 -0.6975
vn -0.5452 0.1641 -0.8221
vn -0.4266 0.3635 -0.8282
vn -0.1536 0.1685 -0.9737
vn -0.0283 -0.0400 -0.9988
vn 0.0314 -0.3105 -0.9501
vn -0.0695 -0.0893 -0.9936
vn -0.4959 0.0795 -0.8647
vn -0.8656 0.1692 -0.4712
vn -0.8722 0.2157 -0.4390
vn -0.8520 0.3750 -0.3653
vn -0.7944 0.5295 -0.2975
vn -0.6696 0.6340 -0.3870
vn -0.5308 0.5600 -0.6361
vn -0.6731 0.7340 0.0901
vn -0.7118 0.6996 -0.0625
vn -0.6853 0.7255 0.0640
vn -0.7030 0.7094 -0.0512
vn -0.5510 0.7064 0.4444
vn -0.7727 0.6224 0.1244
vn -0.8211 0.5644 -0.0853
vn -0.7528 0.5922 -0.2874
vn -0.6739 0.7063 -0.2166
vn -0.6948 0.6984 -0.1717
vn -0.7747 0.6193 -0.1280
vn -0.7769 0.6282 -0.0434
vn -0.7719 0.6340 0.0473
vn -0.7451 0.6477 0.1592
vn -0.6447 0.7313 0.2229
vn -0.5662 0.7623 0.3135
vn 0.4230 -0.1145 0.8989
vn -0.4229 -0.0750 0.9031
vn 0.4252 -0.3021 0.8532
vn -0.4124 -0.2882 0.8642
vn 0.8587 -0.0834 0.5057
vn 0.4241 -0.0494 0.9042
vn -0.4243 0.0248 0.9052
vn -0.8597 0.0670 0.5064
vn -0.8612 -0.0243 0.5077
vn -0.8481 -0.1851 0.4964
vn -0.7927 -0.4193 0.4426
vn -0.3754 -0.6164 0.6922
vn 0.3855 -0.6108 0.6916
vn 0.7711 -0.3970 0.4978
vn 0.8466 -0.2108 0.4887
vn 0.8585 -0.1037 0.5022
vn -0.9773 0.2035 0.0597
vn -0.9770 0.2045 -0.0607
vn -0.9820 0.1785 0.0611
vn -0.9820 0.1788 -0.0614
vn -0.9574 0.2035 0.2047
vn -0.9750 0.2145 0.0575
vn -0.9744 0.2168 -0.0595
vn -0.9546 0.2100 -0.2111
vn -0.9561 0.1990 -0.2152
vn -0.9603 0.1745 -0.2175
vn -0.9662 0.1355 -0.2191
vn -0.9884 0.1387 -0.0619
vn -0.9884 0.1387 0.0619
vn -0.9663 0.1354 0.2190
vn -0.9608 0.1735 0.2163
vn -0.9574 0.1961 0.2119
vn 0.9186 -0.3939 -0.0321
vn 0.9288 -0.3671 0.0506
vn 0.9709 -0.2343 -0.0490
vn 0.9730 -0.2231 0.0593
vn 0.5623 -0.7739 -0.2915
vn 0.4916 -0.8674 -0.0778
vn 0.4684 -0.8805 0.0721
vn 0.4608 -0.8554 0.2365
vn 0.8943 -0.3987 0.2034
vn 0.9486 -0.2336 0.2137
vn 0.9656 -0.1431 0.2170
vn 0.9878 -0.1439 0.0600
vn 0.9874 -0.1458 -0.0618
vn 0.9650 -0.1447 -0.2188
vn 0.9485 -0.2408 -0.2056
vn 0.8918 -0.4091 -0.1933
vn 0.2091 -0.1391 0.9679
vn -0.4412 0.0815 0.8937
vn 0.3534 -0.1041 0.9297
vn -0.4293 0.0743 0.9001
vn 0.1323 -0.4974 0.8573
vn 0.0422 -0.1362 0.9898
vn -0.4629 0.0791 0.8828
vn -0.8553 0.1749 0.4877
vn -0.8508 0.1724 0.4963
vn -0.8520 0.1535 0.5005
vn -0.8556 0.1198 0.5036
vn -0.4247 0.0591 0.9034
vn 0.4151 -0.0640 0.9075
vn 0.8518 -0.1294 0.5076
vn 0.8161 -0.2212 0.5339
vn 0.6689 -0.3700 0.6447
vn 0.3287 -0.9374 -0.1146
vn 0.3232 -0.9391 0.1171
vn -0.3100 -0.9438 -0.1147
vn -0.3045 -0.9453 0.1170
vn 0.7259 -0.6237 -0.2900
vn 0.7711 -0.6303 -0.0901
vn 0.7712 -0.6302 0.0900
vn 0.7631 -0.5952 0.2516
vn 0.3418 -0.8601 0.3787
vn -0.3247 -0.8667 0.3788
vn -0.7512 -0.6103 0.2516
vn -0.7585 -0.6454 0.0900
vn -0.7584 -0.6455 -0.0901
vn -0.7134 -0.6380 -0.2900
vn -0.3245 -0.8667 -0.3789
vn 0.3416 -0.8601 -0.3789
vn 0.9945 -0.0838 -0.0625
vn 0.9946 -0.0826 0.0636
vn 0.9881 -0.1400 -0.0638
vn 0.9883 -0.1373 0.0661
vn 0.9711 -0.0908 -0.2206
vn 0.9938 -0.0919 -0.0625
vn 0.9938 -0.0917 0.0623
vn 0.9712 -0.0907 0.2204
vn 0.9710 -0.0887 0.2220
vn 0.9624 -0.1553 0.2227
vn 0.9286 -0.3110 0.2023
vn 0.9505 -0.3028 0.0700
vn 0.9505 -0.3026 -0.0701
vn 0.9321 -0.2856 -0.2228
vn 0.9626 -0.1571 -0.2209
vn 0.9712 -0.0900 -0.2206
vn -0.4258 -0.0762 -0.9016
vn 0.4270 -0.1126 -0.8972
vn -0.4202 -0.2912 -0.8595
vn 0.4163 -0.2984 -0.8589
vn -0.8597 0.0671 -0.5064
vn -0.4245 0.0248 -0.9051
vn 0.4245 -0.0493 -0.9041
vn 0.8588 -0.0833 -0.5054
vn 0.8574 -0.1022 -0.5044
vn 0.8453 -0.2092 -0.4916
vn 0.7987 -0.4098 -0.4407
vn 0.3870 -0.6110 -0.6906
vn -0.3735 -0.6161 -0.6935
vn -0.7634 -0.4052 -0.5030
vn -0.8484 -0.1853 -0.4959
vn -0.8617 -0.0249 -0.5068
vn -0.9980 0.0068 0.0626
vn -0.9980 0.0069 -0.0627
vn -0.9918 -0.1104 0.0637
vn -0.9919 -0.1093 -0.0646
vn -0.9721 0.0794 0.2206
vn -0.9947 0.0820 0.0623
vn -0.9947 0.0820 -0.0623
vn -0.9722 0.0793 -0.2205
vn -0.9751 -0.0003 -0.2218
vn -0.9669 -0.1265 -0.2217
vn -0.9256 -0.3208 -0.2006
vn -0.9470 -0.3135 -0.0694
vn -0.9473 -0.3127 0.0699
vn -0.9297 -0.2931 0.2230
vn -0.9669 -0.1264 0.2218
vn -0.9752 -0.0005 0.2215
vn -0.1473 -0.9651 0.2164
vn -0.1443 -0.9647 -0.2205
vn 0.1658 -0.9621 0.2165
vn 0.1628 -0.9617 -0.2205
vn -0.3778 -0.7081 0.5966
vn -0.4773 -0.8507 0.2202
vn -0.4774 -0.8507 -0.2200
vn -0.4233 -0.7197 -0.5503
vn -0.1348 -0.7712 -0.6222
vn 0.1496 -0.7684 -0.6222
vn 0.4370 -0.7114 -0.5503
vn 0.4936 -0.8414 -0.2200
vn 0.4935 -0.8414 0.2202
vn 0.3913 -0.7007 0.5966
vn 0.1495 -0.7683 0.6223
vn -0.1347 -0.7711 0.6223
vn -0.9678 -0.0924 0.2342
vn -0.9674 -0.0909 -0.2366
vn -0.9361 -0.2636 0.2328
vn -0.9358 -0.2593 -0.2388
vn -0.7525 -0.0177 0.6583
vn -0.9718 -0.0207 0.2347
vn -0.9718 -0.0206 -0.2349
vn -0.7526 -0.0176 -0.6582
vn -0.7497 -0.0833 -0.6565
vn -0.7273 -0.2354 -0.6446
vn -0.6673 -0.4873 -0.5633
vn -0.7992 -0.5563 -0.2278
vn -0.7994 -0.5555 0.2288
vn -0.6584 -0.4395 0.6111
vn -0.7254 -0.2370 0.6462
vn -0.7482 -0.0847 0.6580
vn -0.1202 -0.0615 -0.9908
vn 0.1225 -0.0580 -0.9908
vn -0.1200 -0.1888 -0.9746
vn 0.1268 -0.1834 -0.9748
vn -0.4031 -0.0129 -0.9151
vn -0.1207 -0.0093 -0.9926
vn 0.1209 -0.0069 -0.9926
vn 0.4033 -0.0050 -0.9150
vn 0.4045 -0.0618 -0.9124
vn 0.4021 -0.1951 -0.8946
vn 0.3565 -0.4205 -0.8343
vn 0.1316 -0.4309 -0.8928
vn -0.1238 -0.4328 -0.8930
vn -0.3847 -0.3916 -0.8359
vn -0.3966 -0.2043 -0.8950
vn -0.4018 -0.0708 -0.9130
vn 0.9694 -0.0737 -0.2343
vn 0.9689 -0.0722 0.2366
vn 0.9410 -0.2456 -0.2329
vn 0.9406 -0.2413 0.2388
vn 0.7527 -0.0031 -0.6583
vn 0.9721 -0.0018 -0.2347
vn 0.9720 -0.0017 0.2349
vn 0.7528 -0.0030 0.6582
vn 0.7511 -0.0688 0.6565
vn 0.7317 -0.2214 0.6447
vn 0.6765 -0.4744 0.5632
vn 0.8097 -0.5408 0.2279
vn 0.8099 -0.5401 -0.2288
vn 0.6667 -0.4267 -0.6111
vn 0.7298 -0.2230 -0.6462
vn 0.7497 -0.0702 -0.6580
vn -0.2210 0.3909 -0.8935
vn -0.0438 0.3761 -0.9255
vn -0.2196 0.3459 -0.9122
vn -0.0343 0.3017 -0.9528
vn -0.4951 0.4126 -0.7646
vn -0.2116 0.3512 -0.9121
vn -0.0040 0.3482 -0.9374
vn 0.1234 0.4434 -0.8878
vn 0.0413 0.4272 -0.9032
vn 0.0349 0.2767 -0.9603
vn 0.0331 0.0839 -0.9959
vn 0.0211 0.1810 -0.9832
vn -0.2104 0.2462 -0.9461
vn -0.5169 0.3058 -0.7995
vn -0.4956 0.4120 -0.7646
vn -0.4850 0.4548 -0.7470
vn 0.9865 0.0535 -0.1545
vn 0.9860 0.0428 0.1609
vn 0.9748 0.1743 -0.1391
vn 0.9769 0.1487 0.1536
vn 0.8599 -0.0005 -0.5105
vn 0.9869 -0.0044 -0.1611
vn 0.9868 -0.0060 0.1621
vn 0.8595 -0.0017 0.5111
vn 0.8584 0.0616 0.5092
vn 0.8464 0.1893 0.4978
vn 0.7998 0.3794 0.4652
vn 0.9307 0.3390 0.1370
vn 0.9158 0.3855 -0.1127
vn 0.7903 0.4481 -0.4179
vn 0.8492 0.2103 -0.4843
vn 0.8603 0.0685 -0.5051
vn 0.1748 0.0610 0.9827
vn -0.1757 0.0511 0.9831
vn 0.1617 0.1657 0.9728
vn -0.1764 0.1340 0.9752
vn 0.5438 0.0043 0.8392
vn 0.1762 0.0066 0.9843
vn -0.1760 0.0095 0.9843
vn -0.5435 0.0154 0.8393
vn -0.5421 0.0617 0.8381
vn -0.5357 0.1533 0.8304
vn -0.5184 0.2847 0.8063
vn -0.1783 0.2575 0.9497
vn 0.1284 0.3113 0.9416
vn 0.3506 0.4441 0.8246
vn 0.5198 0.2215 0.8251
vn 0.5413 0.0758 0.8374
vn -0.9836 0.0802 0.1617
vn -0.9836 0.0802 -0.1617
vn -0.9685 0.1911 0.1595
vn -0.9685 0.1910 -0.1595
vn -0.8592 0.0212 0.5111
vn -0.9865 0.0234 0.1621
vn -0.9865 0.0234 -0.1621
vn -0.8592 0.0212 -0.5111
vn -0.8568 0.0754 -0.5101
vn -0.8446 0.1814 -0.5038
vn -0.8105 0.3287 -0.4848
vn -0.9264 0.3439 -0.1530
vn -0.9265 0.3439 0.1529
vn -0.8105 0.3287 0.4848
vn -0.8446 0.1814 0.5038
vn -0.8568 0.0754 0.5101
vn 0.9758 -0.1806 -0.1230
vn 0.9790 -0.1395 0.1490
vn 0.9867 -0.0658 -0.1489
vn 0.9857 -0.0517 0.1603
vn 0.7263 -0.5669 -0.3888
vn 0.8734 -0.4781 -0.0929
vn 0.9130 -0.3881 0.1261
vn 0.7638 -0.4612 0.4516
vn 0.8483 -0.1864 0.4957
vn 0.8581 -0.0670 0.5091
vn 0.8593 -0.0180 0.5111
vn 0.9866 -0.0174 0.1621
vn 0.9869 -0.0193 -0.1603
vn 0.8601 -0.0198 -0.5097
vn 0.8626 -0.0790 -0.4997
vn 0.8544 -0.2254 -0.4681
vn -0.8845 -0.4661 0.0189
vn -0.8968 -0.4414 -0.0300
vn -0.9590 -0.2820 0.0294
vn -0.9621 -0.2704 -0.0361
vn -0.5225 -0.8319 0.1870
vn -0.4119 -0.9099 0.0498
vn -0.3742 -0.9263 -0.0434
vn -0.3951 -0.9080 -0.1397
vn -0.8726 -0.4729 -0.1223
vn -0.9499 -0.2835 -0.1318
vn -0.9765 -0.1674 -0.1358
vn -0.9854 -0.1663 -0.0370
vn -0.9850 -0.1683 0.0382
vn -0.9760 -0.1691 0.1370
vn -0.9485 -0.2903 0.1268
vn -0.8700 -0.4786 0.1185
vn -0.0005 0.4328 0.9015
vn -0.2048 0.4096 0.8890
vn -0.0485 0.2810 0.9585
vn -0.2273 0.3365 0.9138
vn 0.3121 0.6469 0.6958
vn 0.0735 0.4517 0.8891
vn -0.1842 0.3842 0.9047
vn -0.4914 0.4165 0.7649
vn -0.4829 0.4569 0.7471
vn -0.4972 0.4104 0.7645
vn -0.5197 0.3027 0.7989
vn -0.2306 0.2208 0.9477
vn -0.0413 0.0879 0.9953
vn 0.2035 -0.1941 0.9597
vn 0.0374 0.2727 0.9614
vn 0.1254 0.5265 0.8409
vn -0.8344 0.5336 0.1383
vn -0.8344 0.5336 -0.1383
vn -0.8610 0.4883 0.1425
vn -0.8610 0.4883 -0.1425
vn -0.7568 0.4703 0.4540
vn -0.8606 0.4890 0.1425
vn -0.8606 0.4890 -0.1425
vn -0.7568 0.4703 -0.4540
vn -0.7351 0.5145 -0.4415
vn -0.7571 0.4696 -0.4542
vn -0.8024 0.3544 -0.4801
vn -0.9164 0.3705 -0.1514
vn -0.9164 0.3705 0.1514
vn -0.8024 0.3544 0.4801
vn -0.7571 0.4696 0.4542
vn -0.7351 0.5145 0.4415
vn 0.1741 -0.1009 0.9795
vn -0.1786 -0.0950 0.9793
vn 0.1682 -0.3018 0.9384
vn -0.1812 -0.2931 0.9388
vn 0.5435 -0.0201 0.8392
vn 0.1760 -0.0155 0.9843
vn -0.1764 -0.0112 0.9843
vn -0.5439 -0.0070 0.8391
vn -0.5441 -0.0933 0.8338
vn -0.5290 -0.2888 0.7980
vn -0.4366 -0.5774 0.6899
vn -0.1700 -0.6163 0.7689
vn 0.1527 -0.6196 0.7700
vn 0.4688 -0.5424 0.6972
vn 0.5191 -0.3029 0.7993
vn 0.5397 -0.1077 0.8349
vn 0.0933 -0.0553 0.9941
vn -0.1997 0.0403 0.9790
vn 0.1500 -0.0254 0.9884
vn -0.1839 0.0135 0.9829
vn 0.1719 -0.4007 0.9000
vn 0.0161 -0.0374 0.9992
vn -0.2182 0.1063 0.9701
vn -0.5364 0.1717 0.8263
vn -0.5421 0.0821 0.8363
vn -0.5434 0.0322 0.8388
vn -0.5436 0.0102 0.8393
vn -0.1771 0.0037 0.9842
vn 0.1728 -0.0054 0.9849
vn 0.5412 -0.0147 0.8407
vn 0.5229 -0.0664 0.8498
vn 0.4486 -0.1868 0.8740
vn -0.9812 0.1061 0.1614
vn -0.9812 0.1061 -0.1614
vn -0.9858 0.0442 0.1620
vn -0.9858 0.0442 -0.1620
vn -0.8405 0.2052 0.5015
vn -0.9634 0.2158 0.1587
vn -0.9634 0.2159 -0.1587
vn -0.8405 0.2052 -0.5015
vn -0.8548 0.1001 -0.5092
vn -0.8586 0.0411 -0.5109
vn -0.8594 0.0148 -0.5112
vn -0.9866 0.0166 -0.1621
vn -0.9866 0.0166 0.1621
vn -0.8594 0.0148 0.5112
vn -0.8586 0.0411 0.5109
vn -0.8548 0.1001 0.5092
vn -0.1830 0.0594 -0.9813
vn 0.1506 0.0092 -0.9886
vn -0.1768 0.0211 -0.9840
vn 0.1729 -0.0011 -0.9849
vn -0.5347 0.1737 -0.8270
vn -0.1967 0.1326 -0.9715
vn 0.0958 0.0648 -0.9933
vn 0.4577 -0.1122 -0.8820
vn 0.5201 -0.1085 -0.8472
vn 0.5404 -0.0461 -0.8402
vn 0.5436 -0.0121 -0.8393
vn 0.1761 -0.0021 -0.9844
vn -0.1761 0.0047 -0.9844
vn -0.5436 0.0103 -0.8393
vn -0.5431 0.0325 -0.8390
vn -0.5413 0.0831 -0.8367
vn 0.1273 -0.9829 -0.1327
vn 0.1247 -0.9829 0.1353
vn -0.1549 -0.9790 -0.1326
vn -0.1522 -0.9791 0.1352
vn 0.3843 -0.8233 -0.4177
vn 0.4366 -0.8889 -0.1385
vn 0.4367 -0.8889 0.1384
vn 0.4238 -0.8227 0.3788
vn 0.1330 -0.8915 0.4331
vn -0.1580 -0.8876 0.4327
vn -0.4458 -0.8114 0.3779
vn -0.4604 -0.8769 0.1381
vn -0.4603 -0.8769 -0.1382
vn -0.4065 -0.8130 -0.4168
vn -0.1578 -0.8875 -0.4328
vn 0.1329 -0.8914 -0.4332
vn -0.9833 -0.0837 0.1615
vn -0.9832 -0.0820 -0.1632
vn -0.9472 -0.2783 0.1592
vn -0.9478 -0.2738 -0.1634
vn -0.8595 -0.0031 0.5111
vn -0.9868 -0.0011 0.1621
vn -0.9868 -0.0009 -0.1622
vn -0.8595 -0.0030 -0.5112
vn -0.8555 -0.0879 -0.5104
vn -0.8228 -0.2805 -0.4944
vn -0.7181 -0.5662 -0.4048
vn -0.7905 -0.5937 -0.1506
vn -0.7908 -0.5931 0.1513
vn -0.7248 -0.5218 0.4500
vn -0.8232 -0.2826 0.4924
vn -0.8562 -0.0898 0.5087
vn -0.1769 -0.0969 -0.9795
vn 0.1759 -0.0991 -0.9794
vn -0.1766 -0.2979 -0.9381
vn 0.1729 -0.2971 -0.9391
vn -0.5438 -0.0071 -0.8392
vn -0.1763 -0.0113 -0.9843
vn 0.1759 -0.0154 -0.9843
vn 0.5434 -0.0200 -0.8392
vn 0.5414 -0.1058 -0.8341
vn 0.5212 -0.3007 -0.7987
vn 0.4209 -0.5876 -0.6910
vn 0.1534 -0.6201 -0.7694
vn -0.1708 -0.6156 -0.7693
vn -0.4831 -0.5311 -0.6961
vn -0.5269 -0.2910 -0.7985
vn -0.5424 -0.0952 -0.8347
vn 0.9811 -0.1063 -0.1616
vn 0.9810 -0.1045 0.1633
vn 0.9406 -0.2997 -0.1594
vn 0.9413 -0.2952 0.1637
vn 0.8592 -0.0236 -0.5111
vn 0.9865 -0.0246 -0.1621
vn 0.9865 -0.0245 0.1622
vn 0.8591 -0.0235 0.5112
vn 0.8531 -0.1075 0.5106
vn 0.8157 -0.2991 0.4951
vn 0.7037 -0.5831 0.4059
vn 0.7758 -0.6126 0.1511
vn 0.7762 -0.6119 -0.1518
vn 0.7116 -0.5387 -0.4511
vn 0.8162 -0.3012 -0.4931
vn 0.8538 -0.1094 -0.5089
vn 0.9010 0.4326 -0.0330
vn 0.9006 0.4335 0.0326
vn 0.9351 0.3527 -0.0352
vn 0.9348 0.3534 0.0349
vn 0.8263 0.5541 -0.1011
vn 0.8288 0.5587 -0.0304
vn 0.8285 0.5592 0.0301
vn 0.8160 0.5713 0.0883
vn 0.8832 0.4555 0.1118
vn 0.9213 0.3687 0.1235
vn 0.9381 0.3214 0.1289
vn 0.9489 0.3135 0.0361
vn 0.9490 0.3131 -0.0363
vn 0.9385 0.3201 -0.1298
vn 0.9220 0.3663 -0.1253
vn 0.8850 0.4510 -0.1154
vn 0.6264 0.7760 -0.0741
vn 0.6710 0.7398 0.0486
vn 0.6312 0.7740 -0.0503
vn 0.6521 0.7571 0.0385
vn 0.5040 0.7820 -0.3669
vn 0.7394 0.6644 -0.1090
vn 0.7982 0.5983 0.0707
vn 0.7274 0.6486 0.2241
vn 0.6289 0.7607 0.1606
vn 0.6397 0.7584 0.1249
vn 0.7146 0.6934 0.0920
vn 0.7205 0.6927 0.0315
vn 0.7131 0.7001 -0.0358
vn 0.6819 0.7220 -0.1170
vn 0.5855 0.7932 -0.1675
vn 0.5146 0.8221 -0.2434
vn 0.3619 0.6133 0.7020
vn 0.2304 0.4055 0.8846
vn 0.5995 0.6564 0.4579
vn 0.6076 0.4818 0.6314
vn 0.4522 0.5904 0.6685
vn 0.1984 0.5180 0.8320
vn 0.0574 0.2749 0.9598
vn -0.0389 -0.2728 0.9613
vn 0.1166 0.1505 0.9817
vn 0.6075 0.3600 0.7081
vn 0.8805 0.3468 0.3233
vn 0.8553 0.4207 0.3024
vn 0.8061 0.5326 0.2580
vn 0.7315 0.6485 0.2107
vn 0.6112 0.7452 0.2666
vn 0.5182 0.7797 0.3513
vn 0.1195 0.4845 -0.8666
vn 0.2378 0.7129 -0.6597
vn 0.5711 0.5128 -0.6410
vn 0.5600 0.6407 -0.5254
vn -0.4070 -0.0368 -0.9127
vn -0.0299 0.3687 -0.9291
vn 0.0864 0.6418 -0.7620
vn 0.2279 0.8300 -0.5090
vn 0.3689 0.7886 -0.4920
vn 0.5539 0.7602 -0.3395
vn 0.7333 0.6484 -0.2045
vn 0.8056 0.5270 -0.2707
vn 0.8552 0.4164 -0.3087
vn 0.8804 0.3464 -0.3238
vn 0.5887 0.3735 -0.7169
vn -0.0563 0.2344 -0.9705
vn 0.9991 -0.0188 -0.0391
vn 0.9991 -0.0189 0.0390
vn 0.9874 -0.1535 -0.0397
vn 0.9875 -0.1527 0.0401
vn 0.9873 0.0768 -0.1393
vn 0.9962 0.0783 -0.0388
vn 0.9962 0.0781 0.0387
vn 0.9873 0.0766 0.1392
vn 0.9898 -0.0259 0.1404
vn 0.9752 -0.1715 0.1401
vn 0.9168 -0.3789 0.1258
vn 0.9286 -0.3685 0.0430
vn 0.9290 -0.3676 -0.0434
vn 0.9257 -0.3511 -0.1406
vn 0.9752 -0.1710 -0.1405
vn 0.9898 -0.0259 -0.1404
vn 0.5977 0.2123 0.7731
vn -0.5111 -0.1271 0.8501
vn 0.5990 0.1538 0.7858
vn -0.5887 -0.1346 0.7971
vn 0.8942 0.3048 0.3278
vn 0.5956 0.2816 0.7523
vn -0.3105 0.0017 0.9506
vn -0.7860 -0.3921 0.4780
vn -0.8611 -0.3657 0.3533
vn -0.9071 -0.2567 0.3337
vn -0.9277 -0.1582 0.3381
vn -0.6009 -0.0980 0.7933
vn 0.6008 0.1004 0.7930
vn 0.9286 0.1521 0.3386
vn 0.9179 0.2148 0.3337
vn 0.9063 0.2641 0.3300
vn 0.9633 0.2660 -0.0371
vn 0.9633 0.2660 0.0371
vn 0.9741 0.2228 -0.0377
vn 0.9741 0.2228 0.0377
vn 0.9458 0.2968 -0.1316
vn 0.9551 0.2940 -0.0367
vn 0.9551 0.2941 0.0366
vn 0.9457 0.2973 0.1312
vn 0.9546 0.2665 0.1333
vn 0.9657 0.2219 0.1352
vn 0.9776 0.1596 0.1373
vn 0.9862 0.1608 0.0383
vn 0.9862 0.1608 -0.0383
vn 0.9776 0.1596 -0.1373
vn 0.9657 0.2219 -0.1352
vn 0.9546 0.2664 -0.1332
vn -0.3003 -0.1783 -0.9370
vn 0.6054 0.2090 -0.7680
vn -0.5090 -0.1607 -0.8456
vn 0.6028 0.1523 -0.7833
vn -0.1603 -0.6343 -0.7563
vn -0.0453 -0.0686 -0.9966
vn 0.6066 0.2757 -0.7457
vn 0.8925 0.3074 -0.3300
vn 0.9045 0.2669 -0.3326
vn 0.9171 0.2161 -0.3350
vn 0.9285 0.1523 -0.3388
vn 0.6014 0.1001 -0.7926
vn -0.5900 -0.1026 -0.8009
vn -0.9257 -0.1618 -0.3420
vn -0.8876 -0.2843 -0.3625
vn -0.7475 -0.4725 -0.4669
vn -0.3592 -0.9306 0.0699
vn -0.3540 -0.9325 -0.0713
vn 0.2617 -0.9627 0.0695
vn 0.2563 -0.9640 -0.0709
vn -0.7637 -0.6187 0.1841
vn -0.7912 -0.6090 0.0559
vn -0.7913 -0.6089 -0.0558
vn -0.7962 -0.5838 -0.1589
vn -0.3856 -0.8905 -0.2414
vn 0.2917 -0.9259 -0.2399
vn 0.7255 -0.6700 -0.1573
vn 0.7179 -0.6939 -0.0553
vn 0.7178 -0.6940 0.0553
vn 0.6900 -0.7005 0.1823
vn 0.2915 -0.9260 0.2400
vn -0.3855 -0.8906 0.2415
vn -0.6038 -0.1510 -0.7827
vn 0.5922 -0.1256 -0.7959
vn -0.5837 -0.3949 -0.7095
vn 0.5389 -0.4248 -0.7274
vn -0.9355 -0.0878 -0.3423
vn -0.6014 -0.0685 -0.7960
vn 0.6014 0.0322 -0.7983
vn 0.9367 0.0692 -0.3431
vn 0.9370 -0.0518 -0.3454
vn 0.9097 -0.2440 -0.3359
vn 0.8166 -0.4982 -0.2916
vn 0.4057 -0.7632 -0.5029
vn -0.4806 -0.7171 -0.5047
vn -0.8511 -0.4040 -0.3353
vn -0.9229 -0.2003 -0.3288
vn -0.9359 -0.0931 -0.3398
vn -0.9974 -0.0614 0.0390
vn -0.9974 -0.0599 -0.0399
vn -0.9935 -0.1065 0.0399
vn -0.9938 -0.1033 -0.0415
vn -0.9863 -0.0889 0.1392
vn -0.9953 -0.0885 0.0389
vn -0.9953 -0.0883 -0.0388
vn -0.9863 -0.0886 -0.1391
vn -0.9877 -0.0681 -0.1407
vn -0.9820 -0.1252 -0.1414
vn -0.9513 -0.2804 -0.1281
vn -0.9625 -0.2676 -0.0438
vn -0.9625 -0.2675 0.0438
vn -0.9566 -0.2550 0.1412
vn -0.9819 -0.1274 0.1399
vn -0.9878 -0.0697 0.1396
vn 0.5951 -0.1272 0.7935
vn -0.5994 -0.1486 0.7865
vn 0.5464 -0.4273 0.7203
vn -0.5744 -0.3924 0.7184
vn 0.9367 0.0693 0.3432
vn 0.6014 0.0322 0.7983
vn -0.6019 -0.0682 0.7957
vn -0.9356 -0.0875 0.3420
vn -0.9353 -0.0913 0.3419
vn -0.9223 -0.1985 0.3315
vn -0.8646 -0.4090 0.2918
vn -0.4820 -0.7169 0.5038
vn 0.4038 -0.7633 0.5042
vn 0.8025 -0.4912 0.3388
vn 0.9097 -0.2440 0.3360
vn 0.9372 -0.0523 0.3449
vn -0.0620 0.7141 0.6973
vn -0.1714 0.6745 0.7181
vn -0.0147 0.1383 0.9903
vn -0.0350 0.1304 0.9908
vn -0.0111 0.9980 0.0625
vn -0.0792 0.9943 0.0713
vn -0.2397 0.9679 0.0755
vn -0.5302 0.8444 0.0770
vn -0.3684 0.5818 0.7251
vn -0.0763 0.1199 0.9898
vn -0.0077 0.0161 0.9998
vn -0.0029 0.0105 0.9999
vn -0.0015 0.0104 0.9999
vn -0.0005 0.0117 0.9999
vn -0.0041 0.1574 0.9875
vn -0.0116 0.7606 0.6491
vn -0.8508 -0.1010 -0.5156
vn -0.7907 -0.2354 -0.5652
vn -0.9781 -0.0897 -0.1877
vn -0.9455 -0.2479 -0.2109
vn -0.6331 -0.0335 -0.7733
vn -0.5504 -0.0962 -0.8293
vn -0.4922 -0.1892 -0.8497
vn -0.4993 -0.3430 -0.7957
vn -0.6857 -0.4591 -0.5648
vn -0.8210 -0.5273 -0.2187
vn -0.8447 -0.5345 -0.0289
vn -0.9694 -0.2439 -0.0281
vn -0.9963 -0.0823 -0.0254
vn -0.9997 -0.0134 -0.0207
vn -0.9881 -0.0178 -0.1529
vn -0.8997 -0.0274 -0.4357
vn -0.9914 0.0778 -0.1053
vn -0.9655 0.2382 -0.1048
vn -0.9570 0.0759 -0.2800
vn -0.9307 0.2339 -0.2812
vn -0.9998 0.0105 -0.0185
vn -0.9968 0.0784 -0.0181
vn -0.9707 0.2395 -0.0176
vn -0.8423 0.5284 -0.1067
vn -0.8114 0.5137 -0.2788
vn -0.7300 0.4818 -0.4848
vn -0.7992 0.2292 -0.5556
vn -0.8211 0.0748 -0.5659
vn -0.8240 0.0098 -0.5665
vn -0.9598 0.0101 -0.2805
vn -0.9942 0.0104 -0.1068
vn 0.0618 -0.7116 0.6998
vn 0.1709 -0.6729 0.7197
vn 0.0146 -0.1374 0.9904
vn 0.0348 -0.1299 0.9909
vn 0.0111 -0.9979 0.0631
vn 0.0792 -0.9943 0.0718
vn 0.2397 -0.9679 0.0758
vn 0.5302 -0.8444 0.0771
vn 0.3680 -0.5811 0.7259
vn 0.0761 -0.1197 0.9899
vn 0.0077 -0.0160 0.9998
vn 0.0029 -0.0104 0.9999
vn 0.0015 -0.0103 0.9999
vn 0.0005 -0.0116 0.9999
vn 0.0041 -0.1561 0.9877
vn 0.0116 -0.7578 0.6524
vn 0.7146 0.0621 0.6968
vn 0.6747 0.1715 0.7179
vn 0.1385 0.0148 0.9903
vn 0.1305 0.0350 0.9908
vn 0.9980 0.0111 0.0623
vn 0.9943 0.0792 0.0712
vn 0.9679 0.2397 0.0754
vn 0.8444 0.5302 0.0769
vn 0.5819 0.3685 0.7250
vn 0.1200 0.0763 0.9898
vn 0.0161 0.0077 0.9998
vn 0.0105 0.0029 0.9999
vn 0.0104 0.0015 0.9999
vn 0.0118 0.0005 0.9999
vn 0.1579 0.0041 0.9874
vn 0.7617 0.0116 0.6479
vn 0.0714 0.0725 -0.9948
vn 0.0709 0.2226 -0.9723
vn 0.2221 0.0713 -0.9724
vn 0.2225 0.2209 -0.9496
vn 0.0097 0.0098 -0.9999
vn 0.0095 0.0728 -0.9973
vn 0.0093 0.2232 -0.9747
vn 0.0095 0.5030 -0.8642
vn 0.0731 0.5017 -0.8619
vn 0.4295 0.4710 -0.7705
vn 0.5024 0.0726 -0.8616
vn 0.5029 0.0095 -0.8643
vn 0.2230 0.0095 -0.9748
vn 0.0726 0.0097 -0.9973
vn -0.8472 0.5313 -0.0001
vn -0.1378 0.0146 0.9904
vn -0.1302 0.0349 0.9909
vn -0.7128 0.0618 0.6987
vn -0.6738 0.1712 0.7188
vn -0.0117 0.0005 0.9999
vn -0.0104 0.0015 0.9999
vn -0.0105 0.0029 0.9999
vn -0.0160 0.0077 0.9998
vn -0.1199 0.0762 0.9899
vn -0.5816 0.3683 0.7254
vn -0.8444 0.5302 0.0770
vn -0.9679 0.2397 0.0756
vn -0.9943 0.0792 0.0715
vn -0.9980 0.0111 0.0629
vn -0.7586 0.0115 0.6515
vn -0.1564 0.0040 0.9877
vn -0.1396 -0.0355 0.9896
vn -0.1575 -0.0137 0.9874
vn -0.7064 -0.1749 0.6859
vn -0.7597 -0.0605 0.6475
vn -0.0107 -0.0068 0.9999
vn -0.0106 -0.0028 0.9999
vn -0.0118 -0.0013 0.9999
vn -0.0128 -0.0003 0.9999
vn -0.1718 -0.0026 0.9851
vn -0.7892 -0.0088 0.6141
vn -0.9983 -0.0105 0.0570
vn -0.9950 -0.0783 0.0622
vn -0.9686 -0.2390 0.0690
vn -0.8449 -0.5299 0.0736
vn -0.5972 -0.3750 0.7090
vn -0.1204 -0.0762 0.9898
vn -0.9969 -0.0784 0.0001
vn -0.8472 -0.5313 0.0001
vn 0.0713 -0.2221 -0.9724
vn 0.0725 -0.0714 -0.9948
vn 0.2209 -0.2225 -0.9496
vn 0.2226 -0.0709 -0.9723
vn 0.0095 -0.5029 -0.8643
vn 0.0095 -0.2230 -0.9748
vn 0.0097 -0.0726 -0.9973
vn 0.0098 -0.0097 -0.9999
vn 0.0728 -0.0095 -0.9973
vn 0.2232 -0.0093 -0.9747
vn 0.5030 -0.0095 -0.8642
vn 0.5017 -0.0731 -0.8619
vn 0.4710 -0.4295 -0.7705
vn 0.0726 -0.5024 -0.8616
vn 0.7105 -0.1760 0.6813
vn 0.7644 -0.0609 0.6419
vn 0.1414 -0.0359 0.9893
vn 0.1598 -0.0139 0.9871
vn 0.8449 -0.5299 0.0730
vn 0.9686 -0.2390 0.0681
vn 0.9950 -0.0783 0.0613
vn 0.9984 -0.0105 0.0562
vn 0.7933 -0.0088 0.6087
vn 0.1742 -0.0027 0.9847
vn 0.0130 -0.0003 0.9999
vn 0.0119 -0.0013 0.9999
vn 0.0108 -0.0029 0.9999
vn 0.0108 -0.0069 0.9999
vn 0.1214 -0.0769 0.9896
vn 0.5996 -0.3765 0.7062
vn -0.9655 -0.2382 -0.1049
vn -0.9913 -0.0769 -0.1066
vn -0.9310 -0.2372 -0.2774
vn -0.9570 -0.0760 -0.2799
vn -0.9708 -0.2393 -0.0180
vn -0.9968 -0.0782 -0.0185
vn -0.9998 -0.0105 -0.0186
vn -0.9942 -0.0102 -0.1071
vn -0.9597 -0.0099 -0.2807
vn -0.8216 -0.0756 -0.5650
vn -0.7996 -0.2301 -0.5547
vn -0.7271 -0.4403 -0.5267
vn -0.8111 -0.5150 -0.2774
vn -0.8418 -0.5294 -0.1055
vn 0.0145 0.0329 0.9994
vn 0.0901 0.1921 -0.9772
vn 0.2530 0.1587 -0.9543
vn 0.1940 0.0914 -0.9767
vn 0.0328 0.0145 0.9994
vn 0.0115 0.0314 0.9994
vn 0.0005 0.0061 1.0000
vn 0.0065 0.0598 0.9982
vn 0.0013 0.0041 1.0000
vn 0.0301 0.3572 -0.9335
vn 0.0802 0.2847 -0.9552
vn 0.0509 0.4599 -0.8865
vn 0.2868 0.2391 -0.9277
vn 0.3191 0.1388 -0.9375
vn 0.1568 0.2502 -0.9554
vn 0.3606 0.0321 -0.9322
vn 0.4693 0.0532 -0.8814
vn 0.2878 0.0822 -0.9542
vn 0.0060 0.0005 1.0000
vn 0.0041 0.0013 1.0000
vn 0.0595 0.0066 0.9982
vn 0.0004 0.0008 1.0000
vn 0.0011 0.0040 1.0000
vn 0.0014 0.0022 1.0000
vn -0.0319 0.0117 0.9994
vn -0.0334 0.0148 0.9993
vn -0.1850 0.0872 -0.9789
vn -0.1532 0.2457 -0.9572
vn -0.0892 0.1903 -0.9777
vn -0.0146 0.0331 0.9993
vn -0.0008 0.0004 1.0000
vn -0.0040 0.0011 1.0000
vn -0.0022 0.0014 1.0000
vn -0.0061 0.0005 1.0000
vn -0.0615 0.0067 0.9981
vn -0.0041 0.0014 1.0000
vn -0.3461 0.0293 -0.9377
vn -0.2771 0.0785 -0.9576
vn -0.4248 0.0472 -0.9040
vn -0.2330 0.2823 -0.9306
vn -0.1348 0.3144 -0.9397
vn -0.2441 0.1538 -0.9575
vn -0.0308 0.3580 -0.9332
vn -0.0515 0.4612 -0.8858
vn -0.0801 0.2846 -0.9553
vn -0.0005 0.0061 1.0000
vn -0.0013 0.0041 1.0000
vn -0.0066 0.0598 0.9982
vn -0.2209 -0.2225 -0.9496
vn -0.2226 -0.0709 -0.9723
vn -0.0713 -0.2221 -0.9724
vn -0.0725 -0.0714 -0.9948
vn -0.4710 -0.4295 -0.7705
vn -0.5017 -0.0731 -0.8619
vn -0.5030 -0.0095 -0.8642
vn -0.2232 -0.0093 -0.9747
vn -0.0728 -0.0095 -0.9973
vn -0.0098 -0.0097 -0.9999
vn -0.0097 -0.0726 -0.9973
vn -0.0095 -0.2230 -0.9748
vn -0.0095 -0.5030 -0.8643
vn -0.0726 -0.5024 -0.8616
vn -0.2221 0.0713 -0.9724
vn -0.2225 0.2209 -0.9496
vn -0.0714 0.0725 -0.9948
vn -0.0709 0.2226 -0.9723
vn -0.5029 0.0095 -0.8643
vn -0.5024 0.0726 -0.8616
vn -0.4295 0.4710 -0.7705
vn -0.0731 0.5017 -0.8619
vn -0.0095 0.5030 -0.8642
vn -0.0093 0.2232 -0.9747
vn -0.0095 0.0728 -0.9973
vn -0.0097 0.0098 -0.9999
vn -0.0726 0.0097 -0.9973
vn -0.2230 0.0095 -0.9748
vn -0.1752 -0.7073 0.6849
vn -0.0606 -0.7604 0.6466
vn -0.0356 -0.1400 0.9895
vn -0.0137 -0.1579 0.9874
vn -0.5299 -0.8449 0.0735
vn -0.2390 -0.9686 0.0688
vn -0.0783 -0.9950 0.0621
vn -0.0105 -0.9983 0.0570
vn -0.0088 -0.7892 0.6141
vn -0.0026 -0.1718 0.9851
vn -0.0003 -0.0128 0.9999
vn -0.0012 -0.0118 0.9999
vn -0.0029 -0.0106 0.9999
vn -0.0068 -0.0107 0.9999
vn -0.0763 -0.1205 0.9898
vn -0.3752 -0.5976 0.7086
vn -0.0334 -0.0148 0.9993
vn -0.0116 -0.0317 0.9994
vn -0.0147 -0.0333 0.9993
vn -0.0884 -0.1881 -0.9782
vn -0.2415 -0.1527 -0.9583
vn -0.1858 -0.0876 -0.9787
vn -0.0061 -0.0005 1.0000
vn -0.0041 -0.0014 1.0000
vn -0.0613 -0.0068 0.9981
vn -0.0004 -0.0008 1.0000
vn -0.0011 -0.0040 1.0000
vn -0.0014 -0.0022 1.0000
vn -0.0005 -0.0061 1.0000
vn -0.0067 -0.0607 0.9981
vn -0.0014 -0.0041 1.0000
vn -0.0307 -0.3524 -0.9354
vn -0.0798 -0.2816 -0.9562
vn -0.0498 -0.4429 -0.8952
vn -0.2799 -0.2345 -0.9310
vn -0.3085 -0.1345 -0.9417
vn -0.1542 -0.2468 -0.9567
vn -0.3475 -0.0301 -0.9372
vn -0.4281 -0.0481 -0.9025
vn -0.2785 -0.0792 -0.9572
vn 0.1756 0.7092 0.6828
vn 0.0608 0.7625 0.6441
vn 0.0358 0.1408 0.9894
vn 0.0138 0.1589 0.9872
vn 0.5299 0.8449 0.0730
vn 0.2390 0.9686 0.0684
vn 0.0783 0.9950 0.0617
vn 0.0105 0.9983 0.0565
vn 0.0088 0.7917 0.6109
vn 0.0027 0.1732 0.9849
vn 0.0003 0.0129 0.9999
vn 0.0013 0.0119 0.9999
vn 0.0029 0.0107 0.9999
vn 0.0069 0.0108 0.9999
vn 0.0768 0.1213 0.9896
vn 0.3764 0.5995 0.7064
vn 0.2216 0.8512 -0.4757
vn 0.0798 0.9061 -0.4155
vn 0.2370 0.9566 -0.1698
vn 0.0772 0.9865 -0.1445
vn 0.3469 0.5100 -0.7871
vn 0.1784 0.5814 -0.7938
vn 0.0776 0.6543 -0.7523
vn 0.0190 0.7022 -0.7117
vn 0.0130 0.9288 -0.3704
vn 0.0090 0.9920 -0.1261
vn 0.0084 0.9998 -0.0170
vn 0.0767 0.9969 -0.0195
vn 0.2391 0.9707 -0.0229
vn 0.5317 0.8465 -0.0256
vn 0.5227 0.8305 -0.1924
vn 0.4623 0.7213 -0.5158
vn 0.1870 -0.0873 -0.9785
vn 0.1506 -0.2393 -0.9592
vn 0.0868 -0.1850 -0.9789
vn 0.0147 -0.0333 0.9993
vn 0.0317 -0.0116 0.9994
vn 0.0332 -0.0146 0.9993
vn 0.3545 -0.0287 -0.9346
vn 0.2805 -0.0778 -0.9567
vn 0.4513 -0.0490 -0.8910
vn 0.2316 -0.2767 -0.9326
vn 0.1322 -0.3070 -0.9425
vn 0.2446 -0.1515 -0.9577
vn 0.0291 -0.3494 -0.9365
vn 0.0479 -0.4348 -0.8993
vn 0.0779 -0.2779 -0.9574
vn 0.0005 -0.0061 1.0000
vn 0.0014 -0.0041 1.0000
vn 0.0066 -0.0609 0.9981
vn 0.0008 -0.0004 1.0000
vn 0.0040 -0.0011 1.0000
vn 0.0022 -0.0014 1.0000
vn 0.0061 -0.0005 1.0000
vn 0.0601 -0.0064 0.9982
vn 0.0041 -0.0013 1.0000
vn 0.0958 -0.8509 -0.5165
vn 0.2302 -0.7900 -0.5682
vn 0.0833 -0.9786 -0.1881
vn 0.2420 -0.9468 -0.2123
vn 0.0306 -0.6351 -0.7718
vn 0.0932 -0.5499 -0.8300
vn 0.1857 -0.4899 -0.8518
vn 0.3390 -0.4958 -0.7995
vn 0.4555 -0.6840 -0.5698
vn 0.5247 -0.8220 -0.2214
vn 0.5320 -0.8462 -0.0293
vn 0.2378 -0.9709 -0.0283
vn 0.0757 -0.9968 -0.0255
vn 0.0070 -0.9998 -0.0206
vn 0.0117 -0.9883 -0.1522
vn 0.0223 -0.9006 -0.4340
vn -0.8453 0.2216 -0.4862
vn -0.9008 0.0799 -0.4268
vn -0.9554 0.2384 -0.1745
vn -0.9857 0.0778 -0.1492
vn -0.5004 0.3432 -0.7949
vn -0.5704 0.1763 -0.8022
vn -0.6418 0.0767 -0.7630
vn -0.6891 0.0188 -0.7244
vn -0.9240 0.0131 -0.3822
vn -0.9914 0.0092 -0.1307
vn -0.9998 0.0085 -0.0176
vn -0.9968 0.0774 -0.0202
vn -0.9703 0.2407 -0.0235
vn -0.8445 0.5349 -0.0262
vn -0.8278 0.5254 -0.1969
vn -0.7148 0.4620 -0.5250
vn -0.1003 0.8562 -0.5068
vn -0.2331 0.7954 -0.5594
vn -0.0884 0.9790 -0.1835
vn -0.2441 0.9472 -0.2077
vn -0.0338 0.6449 -0.7635
vn -0.0967 0.5594 -0.8233
vn -0.1888 0.4981 -0.8463
vn -0.3405 0.5032 -0.7943
vn -0.4547 0.6902 -0.5630
vn -0.5212 0.8252 -0.2177
vn -0.5281 0.8487 -0.0287
vn -0.2398 0.9704 -0.0277
vn -0.0809 0.9964 -0.0249
vn -0.0132 0.9997 -0.0201
vn -0.0177 0.9888 -0.1483
vn -0.0273 0.9049 -0.4248
vn 0.8490 -0.2141 -0.4830
vn 0.9050 -0.0737 -0.4190
vn 0.9578 -0.2295 -0.1731
vn 0.9868 -0.0706 -0.1459
vn 0.5016 -0.3367 -0.7969
vn 0.5749 -0.1718 -0.8000
vn 0.6507 -0.0730 -0.7558
vn 0.7022 -0.0151 -0.7118
vn 0.9288 -0.0073 -0.3704
vn 0.9920 -0.0028 -0.1261
vn 0.9999 -0.0021 -0.0170
vn 0.9974 -0.0700 -0.0197
vn 0.9725 -0.2317 -0.0233
vn 0.8500 -0.5262 -0.0264
vn 0.8329 -0.5167 -0.1980
vn 0.7183 -0.4538 -0.5274
vn 0.8583 0.1054 -0.5022
vn 0.7977 0.2391 -0.5537
vn 0.9789 0.0943 -0.1814
vn 0.9463 0.2502 -0.2049
vn 0.6477 0.0367 -0.7610
vn 0.5636 0.1002 -0.8200
vn 0.5027 0.1939 -0.8425
vn 0.5073 0.3483 -0.7883
vn 0.6913 0.4617 -0.5558
vn 0.8226 0.5268 -0.2140
vn 0.8454 0.5333 -0.0282
vn 0.9689 0.2460 -0.0273
vn 0.9959 0.0870 -0.0246
vn 0.9996 0.0195 -0.0199
vn 0.9888 0.0236 -0.1472
vn 0.9060 0.0322 -0.4220
vn -0.2232 -0.8487 -0.4795
vn -0.0842 -0.9037 -0.4199
vn -0.2396 -0.9556 -0.1715
vn -0.0824 -0.9858 -0.1463
vn -0.3423 -0.5048 -0.7925
vn -0.1782 -0.5768 -0.7972
vn -0.0799 -0.6489 -0.7566
vn -0.0225 -0.6943 -0.7194
vn -0.0185 -0.9258 -0.3775
vn -0.0152 -0.9915 -0.1289
vn -0.0147 -0.9997 -0.0174
vn -0.0821 -0.9964 -0.0198
vn -0.2418 -0.9700 -0.0231
vn -0.5308 -0.8471 -0.0260
vn -0.5215 -0.8306 -0.1952
vn -0.4595 -0.7189 -0.5217
vn -0.0784 -0.9969 -0.0001
vn 0.0784 0.9969 -0.0001
vn -0.2396 0.9709 -0.0001
vn 0.5313 -0.8472 -0.0001
vn 0.9570 0.0759 -0.2800
vn 0.9307 0.2339 -0.2812
vn 0.9914 0.0778 -0.1053
vn 0.9655 0.2382 -0.1048
vn 0.8240 0.0098 -0.5665
vn 0.8211 0.0748 -0.5659
vn 0.7992 0.2293 -0.5556
vn 0.7300 0.4818 -0.4848
vn 0.8114 0.5137 -0.2788
vn 0.8423 0.5284 -0.1067
vn 0.9707 0.2395 -0.0176
vn 0.9968 0.0784 -0.0181
vn 0.9998 0.0105 -0.0185
vn 0.9942 0.0104 -0.1068
vn 0.9598 0.0101 -0.2805
vn 0.0759 -0.9570 -0.2800
vn 0.2339 -0.9307 -0.2812
vn 0.0778 -0.9914 -0.1053
vn 0.2382 -0.9655 -0.1048
vn 0.0098 -0.8240 -0.5665
vn 0.0748 -0.8211 -0.5659
vn 0.2293 -0.7992 -0.5556
vn 0.4818 -0.7300 -0.4848
vn 0.5137 -0.8114 -0.2788
vn 0.5284 -0.8423 -0.1067
vn 0.2395 -0.9707 -0.0176
vn 0.0784 -0.9968 -0.0181
vn 0.0105 -0.9998 -0.0185
vn 0.0104 -0.9942 -0.1068
vn 0.0101 -0.9598 -0.2805
vn -0.0759 0.9570 -0.2800
vn -0.2339 0.9307 -0.2812
vn -0.0778 0.9914 -0.1053
vn -0.2382 0.9655 -0.1048
vn -0.0098 0.8240 -0.5665
vn -0.0748 0.8211 -0.5659
vn -0.2292 0.7992 -0.5556
vn -0.4818 0.7300 -0.4848
vn -0.5137 0.8114 -0.2788
vn -0.5284 0.8423 -0.1067
vn -0.2395 0.9707 -0.0176
vn -0.0784 0.9968 -0.0181
vn -0.0105 0.9998 -0.0185
vn -0.0104 0.9942 -0.1068
vn -0.0101 0.9598 -0.2805
vn 0.9310 -0.2372 -0.2774
vn 0.9570 -0.0760 -0.2799
vn 0.9655 -0.2382 -0.1049
vn 0.9913 -0.0769 -0.1066
vn 0.7271 -0.4403 -0.5267
vn 0.7996 -0.2301 -0.5547
vn 0.8216 -0.0756 -0.5650
vn 0.8240 -0.0098 -0.5664
vn 0.9597 -0.0099 -0.2807
vn 0.9942 -0.0102 -0.1071
vn 0.9998 -0.0105 -0.0186
vn 0.9968 -0.0782 -0.0185
vn 0.9708 -0.2393 -0.0180
vn 0.8418 -0.5294 -0.1055
vn 0.8111 -0.5150 -0.2774
vn 0.2372 0.9310 -0.2774
vn 0.0760 0.9570 -0.2799
vn 0.2382 0.9655 -0.1049
vn 0.0769 0.9913 -0.1066
vn 0.4403 0.7271 -0.5267
vn 0.2301 0.7996 -0.5547
vn 0.0756 0.8216 -0.5650
vn 0.0098 0.8240 -0.5664
vn 0.0099 0.9597 -0.2807
vn 0.0102 0.9942 -0.1071
vn 0.0105 0.9998 -0.0186
vn 0.0782 0.9968 -0.0185
vn 0.2393 0.9708 -0.0180
vn 0.5294 0.8418 -0.1055
vn 0.5150 0.8111 -0.2774
vn -0.2372 -0.9310 -0.2774
vn -0.0760 -0.9570 -0.2799
vn -0.2382 -0.9655 -0.1049
vn -0.0769 -0.9913 -0.1066
vn -0.4403 -0.7271 -0.5267
vn -0.2301 -0.7996 -0.5547
vn -0.0756 -0.8216 -0.5650
vn -0.0098 -0.8240 -0.5664
vn -0.0099 -0.9597 -0.2807
vn -0.0102 -0.9942 -0.1071
vn -0.0105 -0.9998 -0.0186
vn -0.0782 -0.9968 -0.0185
vn -0.2393 -0.9708 -0.0180
vn -0.5294 -0.8418 -0.1055
vn -0.5150 -0.8111 -0.2774
vn 0.0105 -0.9999 0.0001
vn 0.5313 -0.8472 0.0001
vn -0.0105 0.9999 0.0001
vn -0.5313 0.8472 -0.0001
vn 0.8472 -0.5313 0.0001
vn 0.9969 -0.0784 0.0001
vn 0.0784 0.9969 0.0001
vn -0.0784 -0.9969 0.0001
vn 0.1696 0.1198 -0.9782
vn -0.1679 0.1220 -0.9782
vn 0.1654 0.3643 -0.9165
vn -0.1611 0.3696 -0.9151
vn 0.5274 0.0163 -0.8495
vn 0.1691 0.0159 -0.9855
vn -0.1689 0.0160 -0.9855
vn -0.5273 0.0165 -0.8495
vn -0.5233 0.1265 -0.8427
vn -0.4937 0.3694 -0.7872
vn -0.4222 0.6368 -0.6451
vn -0.1385 0.7103 -0.6902
vn 0.1391 0.7109 -0.6894
vn 0.3740 0.6810 -0.6295
vn 0.4957 0.3672 -0.7871
vn 0.5250 0.1242 -0.8420
vn 0.1059 0.9889 -0.1039
vn -0.1039 0.9889 -0.1059
vn 0.1059 0.9889 0.1039
vn -0.1039 0.9889 0.1059
vn 0.3172 0.8817 -0.3493
vn 0.1131 0.9293 -0.3515
vn -0.1131 0.9294 -0.3514
vn -0.3493 0.8817 -0.3172
vn -0.3515 0.9293 -0.1131
vn -0.3515 0.9293 0.1131
vn -0.3493 0.8817 0.3172
vn -0.1131 0.9294 0.3514
vn 0.1131 0.9293 0.3515
vn 0.3172 0.8817 0.3493
vn 0.3514 0.9294 0.1131
vn 0.3514 0.9294 -0.1131
vn 0.9782 0.1198 0.1696
vn 0.9782 0.1220 -0.1679
vn 0.9165 0.3643 0.1654
vn 0.9151 0.3696 -0.1611
vn 0.8495 0.0163 0.5274
vn 0.9855 0.0159 0.1691
vn 0.9855 0.0160 -0.1689
vn 0.8495 0.0165 -0.5273
vn 0.8427 0.1265 -0.5233
vn 0.7872 0.3694 -0.4937
vn 0.6451 0.6368 -0.4222
vn 0.6902 0.7103 -0.1385
vn 0.6894 0.7109 0.1391
vn 0.6295 0.6810 0.3740
vn 0.7871 0.3672 0.4957
vn 0.8420 0.1242 0.5250
vn -0.9782 0.1198 -0.1696
vn -0.9782 0.1220 0.1679
vn -0.9165 0.3643 -0.1654
vn -0.9151 0.3696 0.1611
vn -0.8495 0.0163 -0.5274
vn -0.9855 0.0159 -0.1691
vn -0.9855 0.0160 0.1689
vn -0.8495 0.0165 0.5273
vn -0.8427 0.1265 0.5233
vn -0.7872 0.3694 0.4937
vn -0.6451 0.6368 0.4222
vn -0.6902 0.7103 0.1385
vn -0.6894 0.7109 -0.1391
vn -0.6295 0.6810 -0.3740
vn -0.7871 0.3672 -0.4957
vn -0.8420 0.1242 -0.5250
vn -0.1696 0.1198 0.9782
vn 0.1679 0.1220 0.9782
vn -0.1654 0.3643 0.9165
vn 0.1611 0.3696 0.9151
vn -0.5274 0.0163 0.8495
vn -0.1691 0.0159 0.9855
vn 0.1689 0.0160 0.9855
vn 0.5273 0.0165 0.8495
vn 0.5233 0.1265 0.8427
vn 0.4937 0.3694 0.7872
vn 0.4222 0.6368 0.6451
vn 0.1385 0.7103 0.6902
vn -0.1391 0.7109 0.6894
vn -0.3740 0.6810 0.6295
vn -0.4957 0.3672 0.7871
vn -0.5250 0.1242 0.8420
vn -0.1757 0.0511 -0.9831
vn 0.1748 0.0610 -0.9827
vn -0.1764 0.1340 -0.9752
vn 0.1617 0.1657 -0.9728
vn -0.1760 0.0094 -0.9843
vn 0.1762 0.0066 -0.9843
vn 0.5438 0.0043 -0.8392
vn 0.5413 0.0758 -0.8374
vn 0.5198 0.2215 -0.8251
vn 0.3506 0.4441 -0.8246
vn 0.1284 0.3113 -0.9416
vn -0.1783 0.2575 -0.9497
vn -0.5184 0.2847 -0.8063
vn -0.5357 0.1533 -0.8304
vn -0.5421 0.0617 -0.8381
vn -0.1586 0.0035 -0.9873
vn 0.1786 0.0114 -0.9839
vn -0.1208 0.0133 -0.9926
vn 0.1839 0.0270 -0.9826
vn -0.5437 -0.0031 -0.8393
vn -0.1739 -0.0017 -0.9848
vn 0.1764 0.0037 -0.9843
vn 0.5431 0.0120 -0.8396
vn 0.5393 0.0375 -0.8413
vn 0.5287 0.0860 -0.8445
vn 0.5090 0.1518 -0.8473
vn 0.1923 0.0511 -0.9800
vn -0.0602 0.0253 -0.9979
vn -0.4771 0.0932 -0.8739
vn -0.5256 0.0694 -0.8479
vn -0.5416 0.0241 -0.8403
vn 0.0441 0.0361 -0.9984
vn 0.1995 0.0841 -0.9763
vn 0.0290 -0.0016 -0.9996
vn 0.1811 0.0642 -0.9814
vn -0.1038 0.1353 -0.9854
vn 0.0109 0.0437 -0.9990
vn 0.2012 0.0786 -0.9764
vn 0.4816 0.2144 -0.8498
vn 0.4558 0.2260 -0.8609
vn 0.4346 0.1919 -0.8800
vn 0.4189 0.1336 -0.8981
vn 0.1576 0.0383 -0.9868
vn -0.0187 -0.0280 -0.9994
vn -0.0243 -0.0968 -0.9950
vn -0.0202 -0.0309 -0.9993
vn -0.0258 0.0750 -0.9969
vn 0.9836 0.0766 -0.1633
vn 0.9840 0.0746 0.1620
vn 0.9698 0.1795 -0.1650
vn 0.9713 0.1744 0.1615
vn 0.8590 0.0197 -0.5116
vn 0.9865 0.0230 -0.1623
vn 0.9865 0.0227 0.1621
vn 0.8593 0.0190 0.5111
vn 0.8575 0.0596 0.5110
vn 0.8486 0.1381 0.5107
vn 0.8250 0.2460 0.5089
vn 0.9373 0.3096 0.1598
vn 0.9333 0.3183 -0.1660
vn 0.8101 0.2676 -0.5217
vn 0.8417 0.1511 -0.5184
vn 0.8553 0.0648 -0.5141
vn 0.1762 0.0147 0.9842
vn -0.1742 0.0260 0.9844
vn 0.1781 0.0348 0.9834
vn -0.1592 0.0691 0.9848
vn 0.5436 0.0112 0.8393
vn 0.1761 0.0042 0.9844
vn -0.1762 0.0016 0.9844
vn -0.5415 0.0006 0.8407
vn -0.5261 0.0495 0.8490
vn -0.4742 0.1459 0.8682
vn -0.3364 0.2903 0.8958
vn -0.1222 0.1139 0.9860
vn 0.1829 0.0632 0.9811
vn 0.5256 0.1315 0.8405
vn 0.5378 0.0732 0.8399
vn 0.5427 0.0322 0.8393
vn -0.9861 0.0396 0.1612
vn -0.9865 0.0466 -0.1567
vn -0.9779 0.1390 0.1559
vn -0.9770 0.1556 -0.1457
vn -0.8595 -0.0033 0.5111
vn -0.9868 -0.0064 0.1621
vn -0.9869 -0.0053 -0.1614
vn -0.8595 -0.0032 -0.5111
vn -0.8585 0.0496 -0.5104
vn -0.8484 0.1585 -0.5050
vn -0.8066 0.3506 -0.4759
vn -0.9276 0.3521 -0.1252
vn -0.9369 0.3184 0.1445
vn -0.8072 0.3276 0.4910
vn -0.8483 0.1581 0.5053
vn -0.8586 0.0499 0.5102
vn 0.9680 0.0951 -0.2324
vn 0.9690 0.0924 0.2290
vn 0.9714 0.0383 -0.2345
vn 0.9717 0.0374 0.2332
vn 0.7511 0.1488 -0.6432
vn 0.9544 0.1952 -0.2258
vn 0.9571 0.1896 0.2192
vn 0.7626 0.1366 0.6323
vn 0.7583 0.0657 0.6486
vn 0.7546 0.0269 0.6556
vn 0.7530 0.0099 0.6579
vn 0.9720 0.0132 0.2346
vn 0.9720 0.0133 -0.2347
vn 0.7527 0.0102 -0.6582
vn 0.7527 0.0290 -0.6578
vn 0.7528 0.0718 -0.6544
vn 0.8559 0.4867 -0.1748
vn 0.8642 0.4756 0.1642
vn 0.8758 0.4433 -0.1910
vn 0.8833 0.4328 0.1802
vn 0.7632 0.3770 -0.5248
vn 0.8783 0.4482 -0.1668
vn 0.8853 0.4374 0.1578
vn 0.7871 0.3504 0.5077
vn 0.7628 0.3782 0.5245
vn 0.7581 0.3347 0.5597
vn 0.7619 0.2429 0.6005
vn 0.9235 0.3266 0.2011
vn 0.9182 0.3354 -0.2107
vn 0.7422 0.2625 -0.6166
vn 0.7325 0.3590 -0.5784
vn 0.7354 0.4047 -0.5435
vn 0.2011 0.0822 0.9761
vn 0.0096 0.0815 0.9966
vn 0.2008 0.0411 0.9788
vn 0.0458 -0.0242 0.9987
vn 0.5053 0.1893 0.8419
vn 0.1910 0.0911 0.9774
vn -0.0632 0.1428 0.9877
vn -0.3289 0.4009 0.8550
vn -0.1066 0.1741 0.9789
vn -0.0260 -0.0401 0.9989
vn -0.1480 -0.2706 0.9512
vn 0.0311 -0.0921 0.9953
vn 0.1823 0.0100 0.9832
vn 0.4407 0.1127 0.8905
vn 0.4621 0.1657 0.8712
vn 0.4833 0.1993 0.8525
vn -0.4412 0.0815 -0.8937
vn 0.2092 -0.1391 -0.9679
vn -0.4293 0.0743 -0.9001
vn 0.3534 -0.1041 -0.9297
vn -0.8553 0.1749 -0.4877
vn -0.4629 0.0791 -0.8829
vn 0.0421 -0.1362 -0.9898
vn 0.1323 -0.4974 -0.8573
vn 0.6689 -0.3700 -0.6447
vn 0.8161 -0.2212 -0.5339
vn 0.8518 -0.1294 -0.5076
vn 0.4151 -0.0640 -0.9075
vn -0.4247 0.0591 -0.9034
vn -0.8556 0.1198 -0.5036
vn -0.8520 0.1535 -0.5005
vn -0.8508 0.1724 -0.4963
vn 0.1225 -0.0580 0.9908
vn -0.1202 -0.0615 0.9908
vn 0.1268 -0.1834 0.9748
vn -0.1200 -0.1888 0.9746
vn 0.4033 -0.0050 0.9150
vn 0.1210 -0.0069 0.9926
vn -0.1207 -0.0093 0.9926
vn -0.4031 -0.0129 0.9151
vn -0.4018 -0.0708 0.9130
vn -0.3966 -0.2043 0.8950
vn -0.3847 -0.3916 0.8359
vn -0.1238 -0.4328 0.8930
vn 0.1316 -0.4309 0.8928
vn 0.3565 -0.4205 0.8343
vn 0.4021 -0.1951 0.8946
vn 0.4045 -0.0618 0.9124
vn 0.1391 -0.0050 0.9903
vn -0.0693 -0.0605 0.9958
vn 0.1266 -0.0017 0.9920
vn -0.1047 -0.0238 0.9942
vn 0.4226 0.0612 0.9043
vn 0.1583 -0.0028 0.9874
vn -0.0171 -0.0924 0.9956
vn -0.1421 -0.3096 0.9402
vn -0.3379 -0.1394 0.9308
vn -0.3891 -0.0484 0.9199
vn -0.4015 -0.0098 0.9158
vn -0.1188 -0.0042 0.9929
vn 0.1215 0.0008 0.9926
vn 0.4035 0.0050 0.9150
vn 0.4055 0.0124 0.9140
vn 0.4112 0.0294 0.9111
vn -0.9695 -0.1181 0.2149
vn -0.9717 -0.1586 -0.1749
vn -0.9718 -0.0428 0.2320
vn -0.9751 -0.0565 -0.2144
vn -0.7070 -0.3792 0.5970
vn -0.9247 -0.3345 0.1816
vn -0.8942 -0.4277 -0.1322
vn -0.6919 -0.5049 -0.5161
vn -0.7722 -0.1918 -0.6058
vn -0.7623 -0.0649 -0.6440
vn -0.7543 -0.0149 -0.6564
vn -0.9726 -0.0155 -0.2321
vn -0.9720 -0.0137 0.2347
vn -0.7527 -0.0131 0.6582
vn -0.7530 -0.0526 0.6559
vn -0.7526 -0.1501 0.6411
vn -0.1047 -0.0254 -0.9942
vn 0.1265 0.0076 -0.9919
vn -0.1187 -0.0107 -0.9929
vn 0.1215 0.0031 -0.9926
vn -0.3376 -0.1417 -0.9306
vn -0.0699 -0.0337 -0.9970
vn 0.1388 0.0180 -0.9902
vn 0.4099 0.0734 -0.9092
vn 0.4051 0.0351 -0.9136
vn 0.4034 0.0144 -0.9149
vn 0.4032 0.0053 -0.9151
vn 0.1208 0.0014 -0.9927
vn -0.1208 -0.0024 -0.9927
vn -0.4031 -0.0084 -0.9151
vn -0.4010 -0.0379 -0.9153
vn -0.3866 -0.0968 -0.9172
vn -0.9436 0.3278 0.0462
vn -0.9449 0.3236 -0.0487
vn -0.9672 0.2490 0.0506
vn -0.9683 0.2441 -0.0538
vn -0.8728 0.4724 0.1224
vn -0.8823 0.4688 0.0414
vn -0.8842 0.4650 -0.0435
vn -0.8846 0.4431 -0.1452
vn -0.9310 0.3224 -0.1711
vn -0.9534 0.2329 -0.1919
vn -0.9600 0.2015 -0.1944
vn -0.9748 0.2164 -0.0544
vn -0.9737 0.2206 0.0574
vn -0.9554 0.2133 0.2040
vn -0.9520 0.2483 0.1789
vn -0.9278 0.3382 0.1574
vn -0.1613 0.0471 0.9858
vn -0.3148 0.2883 0.9043
vn -0.5452 0.1641 0.8221
vn -0.6177 0.3633 0.6975
vn 0.0314 -0.3105 0.9501
vn -0.0283 -0.0400 0.9988
vn -0.1536 0.1685 0.9737
vn -0.4266 0.3635 0.8282
vn -0.5308 0.5600 0.6361
vn -0.6696 0.6340 0.3870
vn -0.7944 0.5294 0.2975
vn -0.8520 0.3750 0.3653
vn -0.8722 0.2157 0.4390
vn -0.8656 0.1692 0.4712
vn -0.4959 0.0795 0.8647
vn -0.0695 -0.0893 0.9936
vn -0.2099 0.4120 -0.8867
vn -0.0775 0.1173 -0.9901
vn -0.5453 0.4454 -0.7101
vn -0.4973 0.2044 -0.8432
vn -0.2396 0.6715 -0.7012
vn -0.0631 0.3052 -0.9502
vn 0.0308 0.0264 -0.9992
vn 0.2750 -0.1653 -0.9471
vn 0.0498 -0.0266 -0.9984
vn -0.4626 0.0981 -0.8811
vn -0.8541 0.1836 -0.4866
vn -0.8550 0.2425 -0.4584
vn -0.8449 0.3514 -0.4032
vn -0.7949 0.5298 -0.2958
vn -0.6018 0.6319 -0.4884
vn -0.3944 0.7250 -0.5647
vn -0.7118 0.6996 0.0625
vn -0.6731 0.7340 -0.0901
vn -0.7030 0.7094 0.0512
vn -0.6853 0.7255 -0.0640
vn -0.7528 0.5922 0.2874
vn -0.8211 0.5644 0.0853
vn -0.7727 0.6224 -0.1244
vn -0.5510 0.7064 -0.4444
vn -0.5662 0.7623 -0.3135
vn -0.6447 0.7313 -0.2229
vn -0.7451 0.6477 -0.1592
vn -0.7719 0.6340 -0.0473
vn -0.7769 0.6282 0.0434
vn -0.7747 0.6193 0.1280
vn -0.6948 0.6984 0.1717
vn -0.6739 0.7063 0.2166
vn 0.4270 -0.1126 0.8972
vn -0.4258 -0.0762 0.9016
vn 0.4163 -0.2984 0.8589
vn -0.4201 -0.2912 0.8595
vn 0.8588 -0.0833 0.5054
vn 0.4245 -0.0493 0.9041
vn -0.4245 0.0248 0.9051
vn -0.8597 0.0671 0.5064
vn -0.8617 -0.0249 0.5068
vn -0.8484 -0.1853 0.4959
vn -0.7634 -0.4052 0.5030
vn -0.3735 -0.6161 0.6935
vn 0.3870 -0.6110 0.6906
vn 0.7987 -0.4098 0.4406
vn 0.8453 -0.2092 0.4916
vn 0.8574 -0.1022 0.5044
vn -0.9770 0.2045 0.0607
vn -0.9773 0.2034 -0.0597
vn -0.9820 0.1788 0.0614
vn -0.9820 0.1785 -0.0611
vn -0.9546 0.2100 0.2111
vn -0.9744 0.2168 0.0595
vn -0.9750 0.2145 -0.0575
vn -0.9574 0.2035 -0.2047
vn -0.9574 0.1961 -0.2119
vn -0.9608 0.1735 -0.2163
vn -0.9663 0.1354 -0.2190
vn -0.9662 0.1355 0.2191
vn -0.9603 0.1745 0.2175
vn -0.9561 0.1990 0.2152
vn 0.9288 -0.3671 -0.0506
vn 0.9186 -0.3939 0.0321
vn 0.9730 -0.2231 -0.0593
vn 0.9709 -0.2343 0.0490
vn 0.4609 -0.8554 -0.2365
vn 0.4684 -0.8805 -0.0721
vn 0.4915 -0.8674 0.0778
vn 0.5623 -0.7739 0.2915
vn 0.8918 -0.4091 0.1933
vn 0.9485 -0.2408 0.2056
vn 0.9650 -0.1446 0.2188
vn 0.9874 -0.1458 0.0618
vn 0.9878 -0.1439 -0.0600
vn 0.9656 -0.1431 -0.2170
vn 0.9486 -0.2336 -0.2137
vn 0.8943 -0.3987 -0.2034
vn 0.3534 -0.1045 0.9296
vn -0.4290 0.0850 0.8993
vn 0.4144 -0.0885 0.9058
vn -0.4244 0.0757 0.9023
vn 0.6859 -0.3284 0.6494
vn 0.2141 -0.0824 0.9733
vn -0.4410 0.0875 0.8932
vn -0.8497 0.1806 0.4955
vn -0.8492 0.1739 0.4986
vn -0.8516 0.1538 0.5010
vn -0.8556 0.1199 0.5036
vn -0.4240 0.0593 0.9037
vn 0.4240 -0.0613 0.9036
vn 0.8549 -0.1266 0.5032
vn 0.8415 -0.2009 0.5015
vn 0.7981 -0.2934 0.5263
vn 0.3232 -0.9390 -0.1171
vn 0.3287 -0.9375 0.1147
vn -0.3046 -0.9453 -0.1171
vn -0.3100 -0.9438 0.1147
vn 0.7631 -0.5953 -0.2516
vn 0.7712 -0.6303 -0.0900
vn 0.7711 -0.6303 0.0901
vn 0.7259 -0.6237 0.2900
vn 0.3416 -0.8601 0.3789
vn -0.3245 -0.8667 0.3789
vn -0.7134 -0.6380 0.2900
vn -0.7584 -0.6455 0.0901
vn -0.7585 -0.6454 -0.0900
vn -0.7512 -0.6103 -0.2516
vn -0.3247 -0.8667 -0.3787
vn 0.3419 -0.8601 -0.3787
vn 0.9946 -0.0826 -0.0636
vn 0.9945 -0.0838 0.0625
vn 0.9883 -0.1373 -0.0661
vn 0.9881 -0.1400 0.0638
vn 0.9712 -0.0907 -0.2204
vn 0.9938 -0.0917 -0.0623
vn 0.9938 -0.0919 0.0625
vn 0.9711 -0.0908 0.2206
vn 0.9712 -0.0900 0.2206
vn 0.9626 -0.1571 0.2209
vn 0.9321 -0.2856 0.2228
vn 0.9505 -0.3026 0.0701
vn 0.9505 -0.3028 -0.0700
vn 0.9286 -0.3110 -0.2023
vn 0.9624 -0.1553 -0.2227
vn 0.9710 -0.0887 -0.2220
vn -0.4229 -0.0750 -0.9031
vn 0.4230 -0.1145 -0.8989
vn -0.4124 -0.2882 -0.8642
vn 0.4252 -0.3021 -0.8532
vn -0.8597 0.0670 -0.5064
vn -0.4243 0.0248 -0.9052
vn 0.4241 -0.0494 -0.9042
vn 0.8587 -0.0834 -0.5057
vn 0.8585 -0.1037 -0.5022
vn 0.8466 -0.2108 -0.4887
vn 0.7711 -0.3969 -0.4978
vn 0.3855 -0.6108 -0.6916
vn -0.3754 -0.6164 -0.6922
vn -0.7927 -0.4193 -0.4426
vn -0.8481 -0.1851 -0.4964
vn -0.8612 -0.0243 -0.5077
vn -0.9980 0.0069 0.0627
vn -0.9980 0.0068 -0.0626
vn -0.9919 -0.1093 0.0646
vn -0.9918 -0.1104 -0.0637
vn -0.9722 0.0793 0.2205
vn -0.9947 0.0819 0.0623
vn -0.9721 0.0794 -0.2206
vn -0.9752 -0.0005 -0.2215
vn -0.9669 -0.1264 -0.2218
vn -0.9297 -0.2931 -0.2230
vn -0.9473 -0.3127 -0.0699
vn -0.9470 -0.3135 0.0694
vn -0.9256 -0.3209 0.2006
vn -0.9669 -0.1265 0.2217
vn -0.9751 -0.0003 0.2218
vn -0.1443 -0.9647 0.2205
vn -0.1473 -0.9651 -0.2164
vn 0.1628 -0.9617 0.2205
vn 0.1658 -0.9621 -0.2164
vn -0.4233 -0.7197 0.5503
vn -0.4774 -0.8507 0.2200
vn -0.4773 -0.8507 -0.2202
vn -0.3778 -0.7081 -0.5966
vn -0.1347 -0.7711 -0.6223
vn 0.1495 -0.7684 -0.6223
vn 0.3913 -0.7007 -0.5966
vn 0.4935 -0.8414 -0.2202
vn 0.4936 -0.8414 0.2200
vn 0.4370 -0.7114 0.5503
vn 0.1496 -0.7684 0.6222
vn -0.1348 -0.7712 0.6222
vn -0.9674 -0.0909 0.2366
vn -0.9678 -0.0924 -0.2342
vn -0.9358 -0.2593 0.2388
vn -0.9361 -0.2636 -0.2328
vn -0.7526 -0.0176 0.6582
vn -0.9718 -0.0206 0.2349
vn -0.9718 -0.0207 -0.2347
vn -0.7525 -0.0177 -0.6583
vn -0.7482 -0.0847 -0.6580
vn -0.7254 -0.2370 -0.6462
vn -0.6584 -0.4395 -0.6111
vn -0.7994 -0.5555 -0.2288
vn -0.7992 -0.5562 0.2278
vn -0.6673 -0.4873 0.5633
vn -0.7273 -0.2354 0.6446
vn -0.7497 -0.0833 0.6565
vn -0.1214 -0.0604 -0.9908
vn 0.1213 -0.0592 -0.9908
vn -0.1233 -0.1858 -0.9748
vn 0.1236 -0.1865 -0.9746
vn -0.4032 -0.0128 -0.9150
vn -0.1208 -0.0092 -0.9926
vn 0.1209 -0.0070 -0.9926
vn 0.4033 -0.0050 -0.9151
vn 0.4031 -0.0630 -0.9130
vn 0.4004 -0.1966 -0.8950
vn 0.3922 -0.3841 -0.8359
vn 0.1321 -0.4303 -0.8930
vn -0.1233 -0.4333 -0.8928
vn -0.3484 -0.4272 -0.8343
vn -0.3983 -0.2028 -0.8946
vn -0.4033 -0.0696 -0.9124
vn 0.9689 -0.0722 -0.2366
vn 0.9694 -0.0737 0.2343
vn 0.9406 -0.2413 -0.2388
vn 0.9410 -0.2456 0.2329
vn 0.7528 -0.0030 -0.6582
vn 0.9720 -0.0017 -0.2349
vn 0.9721 -0.0018 0.2347
vn 0.7527 -0.0031 0.6583
vn 0.7497 -0.0702 0.6580
vn 0.7298 -0.2230 0.6462
vn 0.6667 -0.4267 0.6111
vn 0.8099 -0.5401 0.2288
vn 0.8097 -0.5408 -0.2279
vn 0.6765 -0.4744 -0.5632
vn 0.7317 -0.2214 -0.6447
vn 0.7511 -0.0688 -0.6565
vn -0.2048 0.4096 -0.8890
vn -0.0005 0.4328 -0.9015
vn -0.2273 0.3365 -0.9138
vn -0.0485 0.2810 -0.9585
vn -0.4914 0.4165 -0.7649
vn -0.1842 0.3842 -0.9047
vn 0.0735 0.4517 -0.8891
vn 0.3121 0.6469 -0.6958
vn 0.1254 0.5265 -0.8409
vn 0.0374 0.2727 -0.9614
vn 0.2035 -0.1941 -0.9597
vn -0.0413 0.0879 -0.9953
vn -0.2306 0.2208 -0.9477
vn -0.5197 0.3027 -0.7989
vn -0.4972 0.4104 -0.7645
vn -0.4829 0.4569 -0.7471
vn 0.9860 0.0428 -0.1609
vn 0.9865 0.0535 0.1545
vn 0.9769 0.1487 -0.1536
vn 0.9748 0.1743 0.1391
vn 0.8595 -0.0017 -0.5111
vn 0.9868 -0.0060 -0.1621
vn 0.9869 -0.0044 0.1611
vn 0.8599 -0.0005 0.5105
vn 0.8603 0.0685 0.5051
vn 0.8492 0.2103 0.4843
vn 0.7903 0.4481 0.4179
vn 0.9158 0.3855 0.1127
vn 0.9308 0.3390 -0.1370
vn 0.7998 0.3794 -0.4652
vn 0.8464 0.1893 -0.4978
vn 0.8584 0.0616 -0.5092
vn 0.1618 0.0406 0.9860
vn -0.1791 0.0459 0.9828
vn 0.1297 0.1145 0.9849
vn -0.1857 0.1205 0.9752
vn 0.5422 0.0015 0.8403
vn 0.1743 0.0036 0.9847
vn -0.1765 0.0087 0.9843
vn -0.5421 0.0618 0.8381
vn -0.5359 0.1530 0.8303
vn -0.5202 0.2825 0.8060
vn -0.1974 0.2315 0.9526
vn 0.0721 0.2245 0.9718
vn 0.4780 0.2762 0.8338
vn 0.4905 0.1595 0.8567
vn 0.5310 0.0562 0.8455
vn -0.9685 0.1910 0.1595
vn -0.9685 0.1911 -0.1595
vn -0.9265 0.3439 -0.1529
vn -0.9264 0.3439 0.1530
vn -0.8105 0.3287 0.4847
vn -0.8446 0.1814 0.5037
vn 0.9790 -0.1395 -0.1490
vn 0.9758 -0.1806 0.1230
vn 0.9857 -0.0517 -0.1603
vn 0.9867 -0.0658 0.1489
vn 0.7638 -0.4612 -0.4516
vn 0.9130 -0.3881 -0.1261
vn 0.8734 -0.4780 0.0929
vn 0.7263 -0.5669 0.3888
vn 0.8544 -0.2254 0.4681
vn 0.8626 -0.0790 0.4997
vn 0.8601 -0.0198 0.5097
vn 0.9869 -0.0193 0.1603
vn 0.9866 -0.0174 -0.1621
vn 0.8593 -0.0180 -0.5111
vn 0.8581 -0.0670 -0.5091
vn 0.8483 -0.1864 -0.4957
vn -0.8968 -0.4414 0.0300
vn -0.8845 -0.4661 -0.0189
vn -0.9621 -0.2704 0.0361
vn -0.9590 -0.2820 -0.0294
vn -0.3951 -0.9079 0.1397
vn -0.3742 -0.9263 0.0433
vn -0.4119 -0.9099 -0.0498
vn -0.5225 -0.8319 -0.1870
vn -0.8700 -0.4786 -0.1185
vn -0.9485 -0.2903 -0.1268
vn -0.9760 -0.1691 -0.1370
vn -0.9850 -0.1683 -0.0382
vn -0.9854 -0.1663 0.0370
vn -0.9765 -0.1674 0.1358
vn -0.9499 -0.2835 0.1318
vn -0.8726 -0.4729 0.1223
vn -0.0438 0.3761 0.9255
vn -0.2210 0.3909 0.8935
vn -0.0343 0.3017 0.9528
vn -0.2196 0.3459 0.9122
vn 0.1234 0.4434 0.8878
vn -0.0040 0.3482 0.9374
vn -0.2116 0.3512 0.9121
vn -0.4951 0.4126 0.7646
vn -0.4850 0.4548 0.7470
vn -0.4956 0.4120 0.7646
vn -0.5169 0.3058 0.7995
vn -0.2104 0.2462 0.9461
vn 0.0211 0.1810 0.9832
vn 0.0331 0.0839 0.9959
vn 0.0349 0.2767 0.9603
vn 0.0413 0.4272 0.9032
vn -0.8343 0.5336 -0.1383
vn -0.7568 0.4704 0.4540
vn -0.7571 0.4696 -0.4541
vn 0.1759 -0.0991 0.9794
vn -0.1769 -0.0969 0.9795
vn 0.1729 -0.2971 0.9391
vn -0.1766 -0.2979 0.9381
vn 0.5434 -0.0200 0.8392
vn 0.1759 -0.0154 0.9843
vn -0.1763 -0.0113 0.9843
vn -0.5438 -0.0071 0.8392
vn -0.5424 -0.0952 0.8347
vn -0.5269 -0.2910 0.7985
vn -0.4831 -0.5311 0.6960
vn -0.1708 -0.6156 0.7693
vn 0.1534 -0.6201 0.7694
vn 0.4209 -0.5876 0.6910
vn 0.5212 -0.3007 0.7987
vn 0.5414 -0.1058 0.8341
vn 0.1506 0.0092 0.9886
vn -0.1830 0.0594 0.9813
vn 0.1729 -0.0011 0.9849
vn -0.1768 0.0211 0.9840
vn 0.4578 -0.1122 0.8820
vn 0.0958 0.0648 0.9933
vn -0.1967 0.1326 0.9715
vn -0.5347 0.1738 0.8270
vn -0.5413 0.0831 0.8367
vn -0.5431 0.0325 0.8390
vn -0.5436 0.0103 0.8393
vn -0.1761 0.0047 0.9844
vn 0.1761 -0.0021 0.9844
vn 0.5436 -0.0121 0.8393
vn 0.5404 -0.0461 0.8402
vn 0.5201 -0.1085 0.8472
vn -0.9634 0.2159 0.1587
vn -0.9634 0.2158 -0.1587
vn -0.8586 0.0410 -0.5109
vn -0.8586 0.0410 0.5109
vn -0.1997 0.0403 -0.9790
vn 0.0933 -0.0553 -0.9941
vn -0.1839 0.0135 -0.9829
vn 0.1500 -0.0254 -0.9884
vn -0.5364 0.1717 -0.8263
vn -0.2182 0.1063 -0.9701
vn 0.0161 -0.0374 -0.9992
vn 0.1719 -0.4007 -0.9000
vn 0.4486 -0.1868 -0.8740
vn 0.5229 -0.0664 -0.8498
vn 0.5412 -0.0147 -0.8407
vn 0.1728 -0.0054 -0.9849
vn -0.1771 0.0037 -0.9842
vn -0.5436 0.0102 -0.8393
vn -0.5434 0.0322 -0.8388
vn -0.5421 0.0821 -0.8363
vn 0.1247 -0.9829 -0.1353
vn 0.1273 -0.9829 0.1327
vn -0.1522 -0.9791 -0.1351
vn -0.1549 -0.9790 0.1326
vn 0.4238 -0.8227 -0.3788
vn 0.4367 -0.8889 -0.1384
vn 0.4366 -0.8889 0.1385
vn 0.3843 -0.8233 0.4177
vn 0.1329 -0.8914 0.4332
vn -0.1578 -0.8875 0.4328
vn -0.4065 -0.8130 0.4168
vn -0.4603 -0.8769 0.1382
vn -0.4604 -0.8769 -0.1381
vn -0.4458 -0.8114 -0.3779
vn -0.1580 -0.8876 -0.4327
vn 0.1330 -0.8915 -0.4331
vn -0.9832 -0.0820 0.1632
vn -0.9833 -0.0837 -0.1615
vn -0.9478 -0.2738 0.1634
vn -0.9472 -0.2783 -0.1592
vn -0.8595 -0.0029 0.5112
vn -0.9868 -0.0009 0.1622
vn -0.9868 -0.0010 -0.1621
vn -0.8595 -0.0031 -0.5111
vn -0.8562 -0.0898 -0.5087
vn -0.8232 -0.2826 -0.4924
vn -0.7248 -0.5218 -0.4500
vn -0.7908 -0.5931 -0.1513
vn -0.7905 -0.5937 0.1506
vn -0.7181 -0.5662 0.4048
vn -0.8228 -0.2805 0.4943
vn -0.8555 -0.0879 0.5104
vn -0.1786 -0.0950 -0.9793
vn 0.1741 -0.1009 -0.9795
vn -0.1812 -0.2931 -0.9388
vn 0.1682 -0.3018 -0.9384
vn -0.5439 -0.0070 -0.8391
vn -0.1764 -0.0112 -0.9843
vn 0.1760 -0.0155 -0.9843
vn 0.5435 -0.0201 -0.8392
vn 0.5397 -0.1077 -0.8349
vn 0.5191 -0.3029 -0.7993
vn 0.4688 -0.5424 -0.6972
vn 0.1527 -0.6196 -0.7699
vn -0.1700 -0.6163 -0.7689
vn -0.4366 -0.5774 -0.6899
vn -0.5290 -0.2888 -0.7980
vn -0.5441 -0.0933 -0.8338
vn 0.9810 -0.1045 -0.1633
vn 0.9811 -0.1063 0.1616
vn 0.9413 -0.2952 -0.1637
vn 0.9406 -0.2997 0.1594
vn 0.8591 -0.0235 -0.5112
vn 0.9865 -0.0245 -0.1622
vn 0.9865 -0.0246 0.1621
vn 0.8592 -0.0236 0.5111
vn 0.8538 -0.1094 0.5089
vn 0.8162 -0.3012 0.4931
vn 0.7116 -0.5387 0.4511
vn 0.7762 -0.6120 0.1518
vn 0.7758 -0.6126 -0.1511
vn 0.7037 -0.5831 -0.4059
vn 0.8157 -0.2991 -0.4951
vn 0.8531 -0.1075 -0.5106
vn 0.9006 0.4335 -0.0326
vn 0.9010 0.4327 0.0330
vn 0.9348 0.3534 -0.0349
vn 0.9351 0.3527 0.0352
vn 0.8160 0.5713 -0.0883
vn 0.8285 0.5592 -0.0301
vn 0.8288 0.5587 0.0304
vn 0.8263 0.5541 0.1011
vn 0.8850 0.4510 0.1154
vn 0.9220 0.3663 0.1253
vn 0.9385 0.3201 0.1298
vn 0.9490 0.3131 0.0363
vn 0.9489 0.3135 -0.0361
vn 0.9381 0.3214 -0.1289
vn 0.9213 0.3687 -0.1235
vn 0.8832 0.4555 -0.1118
vn 0.6710 0.7398 -0.0486
vn 0.6264 0.7760 0.0741
vn 0.6521 0.7571 -0.0385
vn 0.6312 0.7740 0.0503
vn 0.7274 0.6486 -0.2241
vn 0.7982 0.5983 -0.0707
vn 0.7394 0.6644 0.1090
vn 0.5040 0.7819 0.3669
vn 0.5146 0.8221 0.2434
vn 0.5855 0.7932 0.1675
vn 0.6819 0.7220 0.1171
vn 0.7131 0.7001 0.0358
vn 0.7205 0.6927 -0.0315
vn 0.7146 0.6934 -0.0920
vn 0.6397 0.7584 -0.1248
vn 0.6289 0.7607 -0.1606
vn 0.2378 0.7129 0.6597
vn 0.1195 0.4845 0.8666
vn 0.5599 0.6407 0.5254
vn 0.5711 0.5128 0.6410
vn 0.2279 0.8300 0.5090
vn 0.0864 0.6418 0.7620
vn -0.0299 0.3687 0.9291
vn -0.4070 -0.0368 0.9127
vn -0.0563 0.2344 0.9705
vn 0.5887 0.3735 0.7169
vn 0.8804 0.3464 0.3238
vn 0.8552 0.4164 0.3087
vn 0.8056 0.5270 0.2706
vn 0.7333 0.6484 0.2045
vn 0.5539 0.7602 0.3395
vn 0.3689 0.7886 0.4920
vn 0.2304 0.4055 -0.8846
vn 0.3619 0.6133 -0.7020
vn 0.6076 0.4818 -0.6314
vn 0.5996 0.6564 -0.4579
vn -0.0389 -0.2728 -0.9613
vn 0.0574 0.2749 -0.9598
vn 0.1984 0.5180 -0.8320
vn 0.4522 0.5904 -0.6685
vn 0.5182 0.7797 -0.3513
vn 0.6112 0.7452 -0.2666
vn 0.7315 0.6485 -0.2107
vn 0.8061 0.5326 -0.2580
vn 0.8553 0.4207 -0.3024
vn 0.8805 0.3468 -0.3233
vn 0.6075 0.3600 -0.7081
vn 0.1166 0.1505 -0.9817
vn 0.9991 -0.0189 -0.0390
vn 0.9991 -0.0188 0.0391
vn 0.9875 -0.1527 -0.0401
vn 0.9874 -0.1535 0.0397
vn 0.9873 0.0767 -0.1392
vn 0.9962 0.0781 -0.0387
vn 0.9962 0.0783 0.0388
vn 0.9873 0.0768 0.1393
vn 0.9898 -0.0258 0.1404
vn 0.9752 -0.1710 0.1405
vn 0.9257 -0.3511 0.1406
vn 0.9290 -0.3676 0.0434
vn 0.9286 -0.3685 -0.0430
vn 0.9168 -0.3789 -0.1258
vn 0.9752 -0.1715 -0.1401
vn 0.9898 -0.0258 -0.1404
vn 0.6054 0.2090 0.7680
vn -0.3003 -0.1783 0.9370
vn 0.6028 0.1523 0.7832
vn -0.5090 -0.1607 0.8456
vn 0.8925 0.3074 0.3300
vn 0.6066 0.2757 0.7457
vn -0.0453 -0.0686 0.9966
vn -0.1603 -0.6343 0.7562
vn -0.7475 -0.4725 0.4669
vn -0.8876 -0.2842 0.3625
vn -0.9257 -0.1618 0.3420
vn -0.5900 -0.1026 0.8009
vn 0.6014 0.1001 0.7926
vn 0.9285 0.1523 0.3388
vn 0.9171 0.2161 0.3350
vn 0.9045 0.2669 0.3326
vn 0.9457 0.2973 -0.1312
vn 0.9551 0.2941 -0.0366
vn 0.9551 0.2940 0.0367
vn 0.9458 0.2968 0.1316
vn 0.9546 0.2664 0.1332
vn 0.9546 0.2665 -0.1333
vn -0.5111 -0.1271 -0.8501
vn 0.5977 0.2123 -0.7731
vn -0.5887 -0.1346 -0.7971
vn 0.5990 0.1538 -0.7858
vn -0.7860 -0.3921 -0.4779
vn -0.3105 0.0017 -0.9506
vn 0.5956 0.2816 -0.7523
vn 0.8942 0.3048 -0.3278
vn 0.9063 0.2641 -0.3300
vn 0.9179 0.2148 -0.3337
vn 0.9286 0.1521 -0.3386
vn 0.6008 0.1004 -0.7930
vn -0.6009 -0.0980 -0.7933
vn -0.9277 -0.1582 -0.3381
vn -0.9071 -0.2567 -0.3337
vn -0.8611 -0.3657 -0.3533
vn -0.3540 -0.9325 0.0714
vn -0.3592 -0.9306 -0.0699
vn 0.2563 -0.9640 0.0709
vn 0.2617 -0.9627 -0.0695
vn -0.7962 -0.5838 0.1589
vn -0.7913 -0.6089 0.0558
vn -0.7912 -0.6090 -0.0559
vn -0.7638 -0.6187 -0.1841
vn -0.3854 -0.8906 -0.2415
vn 0.2915 -0.9260 -0.2400
vn 0.6900 -0.7005 -0.1823
vn 0.7179 -0.6940 -0.0553
vn 0.7179 -0.6939 0.0553
vn 0.7254 -0.6700 0.1574
vn 0.2917 -0.9259 0.2399
vn -0.3856 -0.8905 0.2414
vn -0.5994 -0.1486 -0.7865
vn 0.5951 -0.1272 -0.7935
vn -0.5744 -0.3924 -0.7184
vn 0.5464 -0.4273 -0.7203
vn -0.9356 -0.0875 -0.3420
vn -0.6019 -0.0682 -0.7957
vn 0.9367 0.0693 -0.3432
vn 0.9372 -0.0523 -0.3449
vn 0.9097 -0.2440 -0.3360
vn 0.8025 -0.4911 -0.3388
vn 0.4038 -0.7633 -0.5042
vn -0.4820 -0.7169 -0.5038
vn -0.8646 -0.4090 -0.2918
vn -0.9223 -0.1985 -0.3315
vn -0.9353 -0.0913 -0.3419
vn -0.9974 -0.0599 0.0399
vn -0.9974 -0.0614 -0.0390
vn -0.9938 -0.1033 0.0415
vn -0.9935 -0.1065 -0.0399
vn -0.9863 -0.0886 0.1391
vn -0.9953 -0.0883 0.0388
vn -0.9953 -0.0885 -0.0389
vn -0.9863 -0.0889 -0.1392
vn -0.9878 -0.0697 -0.1396
vn -0.9819 -0.1274 -0.1399
vn -0.9566 -0.2550 -0.1412
vn -0.9626 -0.2675 -0.0438
vn -0.9625 -0.2676 0.0438
vn -0.9513 -0.2804 0.1281
vn -0.9820 -0.1252 0.1414
vn -0.9877 -0.0681 0.1407
vn 0.5922 -0.1256 0.7959
vn -0.6038 -0.1510 0.7827
vn 0.5389 -0.4248 0.7274
vn -0.5837 -0.3949 0.7095
vn 0.9367 0.0692 0.3431
vn 0.6014 0.0323 0.7983
vn -0.6014 -0.0685 0.7960
vn -0.9355 -0.0878 0.3423
vn -0.9359 -0.0932 0.3398
vn -0.9229 -0.2003 0.3288
vn -0.8511 -0.4040 0.3354
vn -0.4807 -0.7171 0.5047
vn 0.4057 -0.7632 0.5029
vn 0.8166 -0.4981 0.2917
vn 0.9097 -0.2440 0.3359
vn 0.9370 -0.0518 0.3454
usemtl Material
s off
f 1075/1/1 1077/2/1 1074/3/1
f 1076/4/2 1078/5/2 1075/1/2
f 1078/5/3 1080/6/3 1077/2/3
f 1079/7/4 1081/8/4 1078/5/4
f 320/9/5 348/10/5 32/11/5
f 319/12/6 1074/3/6 320/9/6
f 318/13/7 1075/1/7 319/12/7
f 15/14/8 1076/4/8 318/13/8
f 236/15/9 1079/7/9 1076/4/9
f 235/16/10 1082/17/10 1079/7/10
f 234/18/11 194/19/11 1082/17/11
f 1082/17/12 193/20/12 1081/8/12
f 1081/8/13 192/21/13 1080/6/13
f 1080/6/14 26/22/14 350/23/14
f 1077/2/15 350/23/15 349/24/15
f 1074/3/16 349/24/16 348/10/16
f 1083/25/17 1087/26/17 1086/27/17
f 1084/28/18 1088/29/18 1087/26/18
f 1086/27/19 1090/30/19 1089/31/19
f 1087/26/20 1091/32/20 1090/30/20
f 35/33/21 1083/25/21 360/34/21
f 381/35/22 1084/28/22 1083/25/22
f 382/36/23 1085/37/23 1084/28/23
f 383/38/24 417/39/24 1085/37/24
f 1085/37/25 418/40/25 1088/29/25
f 1088/29/26 419/41/26 1091/32/26
f 1091/32/27 52/42/27 407/43/27
f 1090/30/28 407/43/28 406/44/28
f 1089/31/29 406/44/29 405/45/29
f 362/46/30 405/45/30 45/47/30
f 361/48/31 1089/31/31 362/46/31
f 360/34/32 1086/27/32 361/48/32
f 1092/49/33 1096/50/33 1095/51/33
f 1093/52/34 1097/53/34 1096/50/34
f 1095/51/35 1099/54/35 1098/55/35
f 1096/50/36 1100/56/36 1099/54/36
f 80/57/37 1092/49/37 291/58/37
f 593/59/38 1093/52/38 1092/49/38
f 592/60/39 1094/61/39 1093/52/39
f 591/62/40 201/63/40 1094/61/40
f 1094/61/41 202/64/41 1097/53/41
f 1097/53/42 203/65/42 1100/56/42
f 1100/56/43 5/66/43 261/67/43
f 1099/54/44 261/67/44 262/68/44
f 1098/55/45 262/68/45 263/69/45
f 293/70/46 263/69/46 20/71/46
f 292/72/47 1098/55/47 293/70/47
f 291/58/48 1095/51/48 292/72/48
f 1102/73/49 1104/74/49 1101/75/49
f 1103/76/50 1105/77/50 1102/73/50
f 1105/77/51 1107/78/51 1104/74/51
f 1106/79/52 1108/80/52 1105/77/52
f 317/81/53 342/82/53 31/83/53
f 316/84/54 1101/75/54 317/81/54
f 315/85/55 1102/73/55 316/84/55
f 16/86/56 1103/76/56 315/85/56
f 239/87/57 1106/79/57 1103/76/57
f 238/88/58 1109/89/58 1106/79/58
f 237/90/59 200/91/59 1109/89/59
f 1109/89/60 199/92/60 1108/80/60
f 1108/80/61 198/93/61 1107/78/61
f 1107/78/62 27/94/62 344/95/62
f 1104/74/63 344/95/63 343/96/63
f 1101/75/64 343/96/64 342/82/64
f 1111/97/65 1113/98/65 1110/99/65
f 1112/100/66 1114/101/66 1111/97/66
f 1114/101/67 1116/102/67 1113/98/67
f 1115/103/68 1117/104/68 1114/101/68
f 275/105/69 288/106/69 24/107/69
f 274/108/70 1110/99/70 275/105/70
f 273/109/71 1111/97/71 274/108/71
f 14/110/72 1112/100/72 273/109/72
f 195/111/73 1115/103/73 1112/100/73
f 196/112/74 1118/113/74 1115/103/74
f 197/114/75 258/115/75 1118/113/75
f 1118/113/76 259/116/76 1117/104/76
f 1117/104/77 260/117/77 1116/102/77
f 1116/102/78 19/118/78 290/119/78
f 1113/98/79 290/119/79 289/120/79
f 1110/99/80 289/120/80 288/106/80
f 1119/121/81 1123/122/81 1122/123/81
f 1120/124/82 1124/125/82 1123/122/82
f 1122/123/83 1126/126/83 1125/127/83
f 1123/122/84 1127/128/84 1126/126/84
f 33/129/85 1119/121/85 285/130/85
f 341/131/86 1120/124/86 1119/121/86
f 340/132/87 1121/133/87 1120/124/87
f 339/134/88 204/135/88 1121/133/88
f 1121/133/89 205/136/89 1124/125/89
f 1124/125/90 206/137/90 1127/128/90
f 1127/128/91 1/138/91 252/139/91
f 1126/126/92 252/139/92 253/140/92
f 1125/127/93 253/140/93 254/141/93
f 287/142/94 254/141/94 17/143/94
f 286/144/95 1125/127/95 287/142/95
f 285/130/96 1122/123/96 286/144/96
f 1129/145/97 1131/146/97 1128/147/97
f 1130/148/98 1132/149/98 1129/145/98
f 1132/149/97 1134/150/97 1131/146/97
f 1132/149/98 1136/151/98 1135/152/98
f 88/153/99 1128/147/99 282/154/99
f 641/155/97 1129/145/97 1128/147/97
f 640/156/98 1130/148/98 1129/145/98
f 639/157/100 210/158/100 1130/148/100
f 210/158/100 1133/159/100 1130/148/100
f 1133/159/100 212/160/100 1136/151/100
f 212/160/100 267/161/100 1136/151/100
f 1136/151/98 268/162/98 1135/152/98
f 1135/152/97 269/163/97 1134/150/97
f 1134/150/101 22/164/101 284/165/101
f 1131/146/99 284/165/99 283/166/99
f 1128/147/99 283/166/99 282/154/99
f 1137/167/102 1141/168/102 1140/169/102
f 1138/170/103 1142/171/103 1141/168/103
f 1140/169/104 1144/172/104 1143/173/104
f 1141/168/105 1145/174/105 1144/172/105
f 18/175/106 1137/167/106 279/176/106
f 183/177/107 1138/170/107 1137/167/107
f 184/178/108 1139/179/108 1138/170/108
f 185/180/109 234/181/109 1139/179/109
f 1139/179/110 235/182/110 1142/171/110
f 1142/171/111 236/183/111 1145/174/111
f 1145/174/112 15/184/112 270/185/112
f 1144/172/113 270/185/113 271/186/113
f 1143/173/114 271/186/114 272/187/114
f 281/188/115 272/187/115 23/189/115
f 280/190/116 1143/173/116 281/188/116
f 279/176/117 1140/169/117 280/190/117
f 1147/191/118 1149/192/118 1146/193/118
f 1148/194/119 1150/195/119 1147/191/119
f 1149/192/118 1153/196/118 1152/197/118
f 1151/198/119 1153/196/119 1150/195/119
f 64/199/120 1146/193/120 276/200/120
f 506/201/118 1147/191/118 1146/193/118
f 505/202/119 1148/194/119 1147/191/119
f 504/203/121 231/204/121 1148/194/121
f 1148/194/121 232/205/121 1151/198/121
f 1151/198/121 233/206/121 1154/207/121
f 1154/207/121 14/110/121 273/109/121
f 1153/196/119 273/109/119 274/108/119
f 1153/196/118 275/105/118 1152/197/118
f 1152/197/120 24/107/120 278/208/120
f 277/209/120 1152/197/120 278/208/120
f 1146/193/120 277/209/120 276/200/120
f 1156/210/122 1158/211/122 1155/212/122
f 1157/213/123 1159/214/123 1156/210/123
f 1158/211/122 1162/215/122 1161/216/122
f 1160/217/123 1162/215/123 1159/214/123
f 66/218/124 1155/212/124 336/219/124
f 503/220/122 1156/210/122 1155/212/122
f 502/221/123 1157/213/123 1156/210/123
f 501/222/125 479/223/125 1157/213/125
f 1157/213/125 478/224/125 1160/217/125
f 1160/217/125 477/225/125 1163/226/125
f 1163/226/125 16/86/125 315/85/125
f 1162/215/123 315/85/123 316/84/123
f 1162/215/122 317/81/122 1161/216/122
f 1161/216/124 31/83/124 338/227/124
f 337/228/124 1161/216/124 338/227/124
f 1155/212/124 337/228/124 336/219/124
f 1164/229/126 1168/230/126 1167/231/126
f 1165/232/127 1169/233/127 1168/230/127
f 1167/231/126 1171/234/126 1170/235/126
f 1169/233/127 1171/234/127 1168/230/127
f 65/236/128 1164/229/128 333/237/128
f 499/238/126 1164/229/126 500/239/126
f 499/238/127 1166/240/127 1165/232/127
f 67/241/129 1166/240/129 498/242/129
f 476/243/129 1169/233/129 1166/240/129
f 475/244/129 1172/245/129 1169/233/129
f 474/246/129 318/13/129 1172/245/129
f 1172/245/127 319/12/127 1171/234/127
f 1171/234/126 320/9/126 1170/235/126
f 1170/235/128 32/11/128 335/247/128
f 334/248/128 1170/235/128 335/247/128
f 1164/229/128 334/248/128 333/237/128
f 1173/249/130 1177/250/130 1176/251/130
f 1175/252/131 1177/250/131 1174/253/131
f 1177/250/130 1179/254/130 1176/251/130
f 1178/255/131 1180/256/131 1177/250/131
f 497/257/132 479/223/132 68/258/132
f 496/259/130 1173/249/130 497/257/130
f 495/260/131 1174/253/131 496/259/131
f 64/199/133 1175/252/133 495/260/133
f 1175/252/133 277/209/133 1178/255/133
f 277/209/133 1181/261/133 1178/255/133
f 1181/261/133 24/107/133 243/262/133
f 1181/261/131 244/263/131 1180/256/131
f 1179/254/130 244/263/130 245/264/130
f 477/225/132 245/264/132 16/86/132
f 1176/251/132 477/225/132 478/224/132
f 479/223/132 1176/251/132 478/224/132
f 1183/265/134 1185/266/134 1182/267/134
f 1184/268/135 1186/269/135 1183/265/135
f 1186/269/136 1188/270/136 1185/266/136
f 1187/271/137 1189/272/137 1186/269/137
f 255/273/138 176/274/138 8/275/138
f 256/276/139 1182/267/139 255/273/139
f 257/277/140 1183/265/140 256/276/140
f 18/175/141 1184/268/141 257/277/141
f 279/176/142 1187/271/142 1184/268/142
f 280/190/143 1190/278/143 1187/271/143
f 281/188/144 240/279/144 1190/278/144
f 1190/278/145 241/280/145 1189/272/145
f 1189/272/146 242/281/146 1188/270/146
f 1188/270/147 13/282/147 174/283/147
f 1185/266/148 174/283/148 175/284/148
f 1182/267/149 175/284/149 176/274/149
f 1191/285/150 1195/286/150 1194/287/150
f 1193/288/151 1195/286/151 1192/289/151
f 1195/286/150 1197/290/150 1194/287/150
f 1195/286/151 1199/291/151 1198/292/151
f 89/293/152 1191/285/152 605/294/152
f 638/295/150 1192/289/150 1191/285/150
f 636/296/151 1192/289/151 637/297/151
f 88/153/153 1193/288/153 636/296/153
f 1193/288/153 283/166/153 1196/298/153
f 1196/298/153 284/165/153 1199/291/153
f 284/165/154 222/299/154 1199/291/154
f 1198/292/151 222/299/151 223/300/151
f 1197/290/150 223/300/150 224/301/150
f 1197/290/152 9/302/152 603/303/152
f 1194/287/152 603/303/152 604/304/152
f 605/294/152 1194/287/152 604/304/152
f 1201/305/155 1203/306/155 1200/307/155
f 1202/308/156 1204/309/156 1201/305/156
f 1204/309/157 1206/310/157 1203/306/157
f 1205/311/158 1207/312/158 1204/309/158
f 332/313/159 299/314/159 25/315/159
f 331/316/160 1200/307/160 332/313/160
f 330/317/161 1201/305/161 331/316/161
f 33/129/162 1202/308/162 330/317/162
f 285/130/163 1205/311/163 1202/308/163
f 286/144/164 1208/318/164 1205/311/164
f 287/142/165 180/319/165 1208/318/165
f 1208/318/166 181/320/166 1207/312/166
f 1207/312/167 182/321/167 1206/310/167
f 1206/310/168 2/322/168 297/323/168
f 1203/306/169 297/323/169 298/324/169
f 1200/307/170 298/324/170 299/314/170
f 1209/325/171 1213/326/171 1212/327/171
f 1210/328/172 1214/329/172 1213/326/172
f 1212/327/173 1216/330/173 1215/331/173
f 1213/326/174 1217/332/174 1216/330/174
f 16/86/175 1209/325/175 239/87/175
f 245/264/176 1210/328/176 1209/325/176
f 244/263/177 1211/333/177 1210/328/177
f 243/262/178 288/106/178 1211/333/178
f 1211/333/179 289/120/179 1214/329/179
f 1214/329/180 290/119/180 1217/332/180
f 1217/332/181 19/118/181 186/334/181
f 1216/330/182 186/334/182 187/335/182
f 1215/331/183 187/335/183 188/336/183
f 237/90/184 188/336/184 4/337/184
f 238/88/185 1215/331/185 237/90/185
f 239/87/186 1212/327/186 238/88/186
f 1219/338/187 1221/339/187 1218/340/187
f 1220/341/188 1222/342/188 1219/338/188
f 1222/342/189 1224/343/189 1221/339/189
f 1223/344/190 1225/345/190 1222/342/190
f 590/346/191 557/347/191 81/348/191
f 589/349/192 1218/340/192 590/346/192
f 588/350/193 1219/338/193 589/349/193
f 80/57/194 1220/341/194 588/350/194
f 291/58/195 1223/344/195 1220/341/195
f 292/72/196 1226/351/196 1223/344/196
f 293/70/197 189/352/197 1226/351/197
f 1226/351/198 190/353/198 1225/345/198
f 1225/345/199 191/354/199 1224/343/199
f 1224/343/200 6/355/200 555/356/200
f 1221/339/201 555/356/201 556/357/201
f 1218/340/202 556/357/202 557/347/202
f 1229/358/203 1239/359/203 1228/360/203
f 1231/361/204 1229/358/204 1230/362/204
f 1232/363/205 1227/364/205 1231/361/205
f 1235/365/206 1233/366/206 1234/367/206
f 1237/368/207 1235/365/207 1236/369/207
f 1238/370/208 1227/364/208 1237/368/208
f 329/371/209 305/372/209 27/373/209
f 328/374/210 1228/360/210 329/371/210
f 1228/360/211 304/375/211 305/372/211
f 368/376/212 327/377/212 37/378/212
f 367/379/213 1230/362/213 368/376/213
f 1230/362/214 328/374/214 327/377/214
f 39/380/215 1232/363/215 366/381/215
f 365/382/216 1233/366/216 1232/363/216
f 366/381/217 1231/361/217 367/379/217
f 294/383/218 363/384/218 38/385/218
f 295/386/219 1234/367/219 294/383/219
f 1234/367/220 364/387/220 363/384/220
f 257/277/221 296/388/221 18/175/221
f 256/276/222 1236/369/222 257/277/222
f 1236/369/223 295/386/223 296/388/223
f 8/275/224 1238/370/224 255/273/224
f 303/389/225 1239/359/225 1238/370/225
f 255/273/226 1237/368/226 256/276/226
f 1241/390/227 1240/391/227 1252/392/227
f 1244/393/228 1242/394/228 1243/395/228
f 1246/396/229 1244/393/229 1245/397/229
f 1247/398/230 1240/391/230 1246/396/230
f 1250/399/231 1248/400/231 1249/401/231
f 1252/392/232 1250/399/232 1251/402/232
f 4/337/233 1241/390/233 200/403/233
f 188/336/234 1242/394/234 1241/390/234
f 200/403/235 1252/392/235 199/404/235
f 351/405/236 186/334/236 19/118/236
f 352/406/237 1243/395/237 351/405/237
f 1243/395/238 187/335/238 186/334/238
f 380/407/239 353/408/239 35/33/239
f 379/409/240 1245/397/240 380/407/240
f 1245/397/241 352/406/241 353/408/241
f 41/410/242 1247/398/242 378/411/242
f 377/412/243 1248/400/243 1247/398/243
f 378/411/244 1246/396/244 379/409/244
f 327/377/245 375/413/245 37/378/245
f 328/374/246 1249/401/246 327/377/246
f 1249/401/247 376/414/247 375/413/247
f 198/415/248 329/371/248 27/373/248
f 199/404/249 1251/402/249 198/415/249
f 1251/402/250 328/374/250 329/371/250
f 1253/416/251 1257/417/251 1256/418/251
f 1254/419/252 1258/420/252 1257/417/252
f 1256/418/253 1260/421/253 1259/422/253
f 1257/417/254 1261/423/254 1260/421/254
f 6/355/255 1253/416/255 179/424/255
f 191/354/256 1254/419/256 1253/416/256
f 190/353/257 1255/425/257 1254/419/257
f 189/352/258 321/426/258 1255/425/258
f 1255/425/259 322/427/259 1258/420/259
f 1258/420/260 323/428/260 1261/423/260
f 1261/423/261 33/129/261 330/317/261
f 1260/421/262 330/317/262 331/316/262
f 1259/422/263 331/316/263 332/313/263
f 177/429/264 332/313/264 25/315/264
f 178/430/265 1259/422/265 177/429/265
f 179/424/266 1256/418/266 178/430/266
f 1262/431/267 1266/432/267 1265/433/267
f 1264/434/268 1266/432/268 1263/435/268
f 1266/432/267 1268/436/267 1265/433/267
f 1267/437/268 1269/438/268 1266/432/268
f 494/439/269 231/204/269 63/440/269
f 493/441/267 1262/431/267 494/439/267
f 492/442/268 1263/435/268 493/441/268
f 65/236/270 1264/434/270 492/442/270
f 1264/434/270 334/248/270 1267/437/270
f 334/248/270 1270/443/270 1267/437/270
f 1270/443/270 32/11/270 249/444/270
f 1269/438/268 249/444/268 250/445/268
f 1268/436/267 250/445/267 251/446/267
f 233/206/269 251/446/269 14/110/269
f 1265/433/269 233/206/269 232/205/269
f 231/204/269 1265/433/269 232/205/269
f 1272/447/271 1274/448/271 1271/449/271
f 1273/450/272 1275/451/272 1272/447/272
f 1274/448/271 1278/452/271 1277/453/271
f 1276/454/272 1278/452/272 1275/451/272
f 62/455/273 1271/449/273 228/456/273
f 490/457/271 1271/449/271 491/458/271
f 489/459/272 1272/447/272 490/457/272
f 66/218/274 1273/450/274 489/459/274
f 1273/450/274 337/228/274 1276/454/274
f 337/228/274 1279/460/274 1276/454/274
f 1279/460/274 31/83/274 246/461/274
f 1278/452/272 246/461/272 247/462/272
f 1278/452/271 248/463/271 1277/453/271
f 230/464/273 248/463/273 13/465/273
f 1274/448/273 230/464/273 229/466/273
f 1271/449/273 229/466/273 228/456/273
f 1281/467/275 1283/468/275 1280/469/275
f 1282/470/276 1284/471/276 1281/467/276
f 1284/471/277 1286/472/277 1283/468/277
f 1285/473/278 1287/474/278 1284/471/278
f 263/69/279 321/426/279 20/71/279
f 262/68/280 1280/469/280 263/69/280
f 261/67/281 1281/467/281 262/68/281
f 5/66/282 1282/470/282 261/67/282
f 306/475/283 1285/473/283 1282/470/283
f 307/476/284 1288/477/284 1285/473/284
f 308/478/285 339/134/285 1288/477/285
f 1288/477/286 340/132/286 1287/474/286
f 1287/474/287 341/131/287 1286/472/287
f 1286/472/288 33/129/288 323/428/288
f 1283/468/289 323/428/289 322/427/289
f 1280/469/290 322/427/290 321/426/290
f 1289/479/291 1293/480/291 1292/481/291
f 1290/482/292 1294/483/292 1293/480/292
f 1292/481/293 1296/484/293 1295/485/293
f 1293/480/294 1297/486/294 1296/484/294
f 13/465/295 1289/479/295 174/487/295
f 248/463/296 1290/482/296 1289/479/296
f 247/462/297 1291/488/297 1290/482/297
f 246/461/298 342/82/298 1291/488/298
f 1291/488/299 343/96/299 1294/483/299
f 1294/483/300 344/95/300 1297/486/300
f 1297/486/301 27/94/301 305/489/301
f 1296/484/302 305/489/302 304/490/302
f 1295/485/303 304/490/303 303/491/303
f 176/492/304 303/491/304 8/493/304
f 175/494/305 1295/485/305 176/492/305
f 174/487/306 1292/481/306 175/494/306
f 1300/495/307 1310/496/307 1299/497/307
f 1301/498/308 1298/499/308 1300/495/308
f 1304/500/309 1302/501/309 1303/502/309
f 1306/503/310 1304/500/310 1305/504/310
f 1307/505/311 1298/499/311 1306/503/311
f 1310/496/312 1308/506/312 1309/507/312
f 260/117/313 351/405/313 19/118/313
f 259/116/314 1299/497/314 260/117/314
f 1299/497/315 352/406/315 351/405/315
f 3/508/316 1301/498/316 258/115/316
f 300/509/317 1302/501/317 1301/498/317
f 258/115/318 1300/495/318 259/116/318
f 354/510/319 302/511/319 26/512/319
f 355/513/320 1303/502/320 354/510/320
f 1303/502/321 301/514/321 302/511/321
f 386/515/322 356/516/322 36/517/322
f 385/518/323 1305/504/323 386/515/323
f 1305/504/324 355/513/324 356/516/324
f 42/519/325 1307/505/325 384/520/325
f 383/38/326 1308/506/326 1307/505/326
f 384/520/327 1306/503/327 385/518/327
f 353/408/328 381/35/328 35/33/328
f 352/406/329 1309/507/329 353/408/329
f 1309/507/330 382/36/330 381/35/330
f 1311/521/331 1315/522/331 1314/523/331
f 1312/524/332 1316/525/332 1315/522/332
f 1314/523/333 1318/526/333 1317/527/333
f 1315/522/334 1319/528/334 1318/526/334
f 14/110/335 1311/521/335 195/111/335
f 251/446/336 1312/524/336 1311/521/336
f 250/445/337 1313/529/337 1312/524/337
f 249/444/338 348/10/338 1313/529/338
f 1313/529/339 349/24/339 1316/525/339
f 1316/525/340 350/23/340 1319/528/340
f 1319/528/341 26/22/341 302/530/341
f 1318/526/342 302/530/342 301/531/342
f 1317/527/343 301/531/343 300/532/343
f 197/114/344 300/532/344 3/508/344
f 196/112/345 1317/527/345 197/114/345
f 195/111/346 1314/523/346 196/112/346
f 1321/533/347 1323/534/347 1320/535/347
f 1322/536/348 1324/537/348 1321/533/348
f 1324/537/349 1326/538/349 1323/534/349
f 1325/539/350 1327/540/350 1324/537/350
f 366/381/351 416/541/351 39/380/351
f 367/379/352 1320/535/352 366/381/352
f 368/376/353 1321/533/353 367/379/353
f 37/378/354 1322/536/354 368/376/354
f 411/542/355 1325/539/355 1322/536/355
f 412/543/356 1328/544/356 1325/539/356
f 413/545/357 392/546/357 1328/544/357
f 1328/544/358 391/547/358 1327/540/358
f 1327/540/359 390/548/359 1326/538/359
f 1326/538/360 49/549/360 414/550/360
f 1323/534/361 414/550/361 415/551/361
f 1320/535/362 415/551/362 416/541/362
f 1331/552/363 1341/553/363 1330/554/363
f 1332/555/364 1329/556/364 1331/552/364
f 1335/557/365 1333/558/365 1334/559/365
f 1337/560/366 1335/557/366 1336/561/366
f 1338/562/367 1329/556/367 1337/560/367
f 1341/553/368 1339/563/368 1340/564/368
f 371/565/369 294/383/369 38/385/369
f 370/566/370 1330/554/370 371/565/370
f 1330/554/371 295/386/371 294/383/371
f 40/567/372 1332/555/372 369/568/372
f 374/569/373 1333/558/373 1332/555/373
f 369/568/374 1331/552/374 370/566/374
f 356/516/375 372/570/375 36/517/375
f 355/513/376 1334/559/376 356/516/376
f 1334/559/377 373/571/377 372/570/377
f 192/572/378 354/510/378 26/512/378
f 193/573/379 1336/561/379 192/572/379
f 1336/561/380 355/513/380 354/510/380
f 7/574/381 1338/562/381 194/575/381
f 185/180/382 1339/563/382 1338/562/382
f 194/575/383 1337/560/383 193/573/383
f 296/388/384 183/177/384 18/175/384
f 295/386/385 1340/564/385 296/388/385
f 1340/564/386 184/178/386 183/177/386
f 1342/576/387 1346/577/387 1345/578/387
f 1343/579/388 1347/580/388 1346/577/388
f 1345/578/389 1349/581/389 1348/582/389
f 1346/577/390 1350/583/390 1349/581/390
f 36/517/391 1342/576/391 326/584/391
f 372/570/392 1343/579/392 1342/576/392
f 373/571/393 1344/585/393 1343/579/393
f 374/569/394 345/586/394 1344/585/394
f 1344/585/395 346/587/395 1347/580/395
f 1347/580/396 347/588/396 1350/583/396
f 1350/583/397 50/589/397 398/590/397
f 1349/581/398 398/590/398 397/591/398
f 1348/582/399 397/591/399 396/592/399
f 324/593/400 396/592/400 46/594/400
f 325/595/401 1348/582/401 324/593/401
f 326/584/402 1345/578/402 325/595/402
f 1352/596/403 1354/597/403 1351/598/403
f 1353/599/404 1355/600/404 1352/596/404
f 1355/600/405 1357/601/405 1354/597/405
f 1356/602/406 1358/603/406 1355/600/406
f 378/411/407 359/604/407 41/410/407
f 379/409/408 1351/598/408 378/411/408
f 380/407/409 1352/596/409 379/409/409
f 35/33/410 1353/599/410 380/407/410
f 360/34/411 1356/602/411 1353/599/411
f 361/48/412 1359/605/412 1356/602/412
f 362/46/413 404/606/413 1359/605/413
f 1359/605/414 403/607/414 1358/603/414
f 1358/603/415 402/608/415 1357/601/415
f 1357/601/416 51/609/416 357/610/416
f 1354/597/417 357/610/417 358/611/417
f 1351/598/418 358/611/418 359/604/418
f 1360/612/419 1364/613/419 1363/614/419
f 1361/615/420 1365/616/420 1364/613/420
f 1363/614/421 1367/617/421 1366/618/421
f 1364/613/422 1368/619/422 1367/617/422
f 37/378/423 1360/612/423 411/542/423
f 375/413/424 1361/615/424 1360/612/424
f 376/414/425 1362/620/425 1361/615/425
f 377/412/426 359/604/426 1362/620/426
f 1362/620/427 358/611/427 1365/616/427
f 1365/616/428 357/610/428 1368/619/428
f 1368/619/429 51/609/429 401/621/429
f 1367/617/430 401/621/430 400/622/430
f 1366/618/431 400/622/431 399/623/431
f 413/545/432 399/623/432 47/624/432
f 412/543/433 1366/618/433 413/545/433
f 411/542/434 1363/614/434 412/543/434
f 1370/625/435 1372/626/435 1369/627/435
f 1371/628/436 1373/629/436 1370/625/436
f 1373/629/437 1375/630/437 1372/626/437
f 1374/631/438 1376/632/438 1373/629/438
f 369/568/439 345/586/439 40/567/439
f 370/566/440 1369/627/440 369/568/440
f 371/565/441 1370/625/441 370/566/441
f 38/385/442 1371/628/442 371/565/442
f 420/633/443 1374/631/443 1371/628/443
f 421/634/444 1377/635/444 1374/631/444
f 422/636/445 395/637/445 1377/635/445
f 1377/635/446 394/638/446 1376/632/446
f 1376/632/447 393/639/447 1375/630/447
f 1375/630/448 50/589/448 347/588/448
f 1372/626/449 347/588/449 346/587/449
f 1369/627/450 346/587/450 345/586/450
f 1378/640/451 1382/641/451 1381/642/451
f 1379/643/452 1383/644/452 1382/641/452
f 1381/642/453 1385/645/453 1384/646/453
f 1382/641/454 1386/647/454 1385/645/454
f 38/385/455 1378/640/455 420/633/455
f 363/384/456 1379/643/456 1378/640/456
f 364/387/457 1380/648/457 1379/643/457
f 365/382/458 416/541/458 1380/648/458
f 1380/648/459 415/551/459 1383/644/459
f 1383/644/460 414/550/460 1386/647/460
f 1386/647/461 49/549/461 389/649/461
f 1385/645/462 389/649/462 388/650/462
f 1384/646/463 388/650/463 387/651/463
f 422/636/464 387/651/464 48/652/464
f 421/634/465 1384/646/465 422/636/465
f 420/633/466 1381/642/466 421/634/466
f 1388/653/467 1390/654/467 1387/655/467
f 1389/656/468 1391/657/468 1388/653/468
f 1391/657/469 1393/658/469 1390/654/469
f 1392/659/470 1394/660/470 1391/657/470
f 384/520/471 417/39/471 42/519/471
f 385/518/472 1387/655/472 384/520/472
f 386/515/473 1388/653/473 385/518/473
f 36/517/474 1389/656/474 386/515/474
f 326/584/475 1392/659/475 1389/656/475
f 325/595/476 1395/661/476 1392/659/476
f 324/593/477 410/662/477 1395/661/477
f 1395/661/478 409/663/478 1394/660/478
f 1394/660/479 408/664/479 1393/658/479
f 1393/658/480 52/42/480 419/41/480
f 1390/654/481 419/41/481 418/40/481
f 1387/655/482 418/40/482 417/39/482
f 1396/665/271 1400/666/271 1399/667/271
f 1398/668/272 1400/666/272 1397/669/272
f 1400/666/271 1402/670/271 1399/667/271
f 1400/666/272 1404/671/272 1403/672/272
f 635/673/273 435/674/273 89/675/273
f 635/673/271 1397/669/271 1396/665/271
f 633/676/272 1397/669/272 634/677/272
f 93/678/274 1398/668/274 633/676/274
f 1398/668/274 448/679/274 1401/680/274
f 1401/680/274 449/681/274 1404/671/274
f 449/681/274 450/682/274 1404/671/274
f 1403/672/272 450/682/272 451/683/272
f 1403/672/271 452/684/271 1402/670/271
f 1402/670/273 56/685/273 437/686/273
f 1399/667/273 437/686/273 436/687/273
f 435/674/273 1399/667/273 436/687/273
f 1406/688/267 1408/689/267 1405/690/267
f 1407/691/268 1409/692/268 1406/688/268
f 1409/692/267 1411/693/267 1408/689/267
f 1409/692/268 1413/694/268 1412/695/268
f 632/696/269 438/697/269 90/698/269
f 631/699/267 1405/690/267 632/696/267
f 630/700/268 1406/688/268 631/699/268
f 92/701/270 1407/691/270 630/700/270
f 1407/691/270 445/702/270 1410/703/270
f 1410/703/270 446/704/270 1413/694/270
f 446/704/270 453/705/270 1413/694/270
f 1412/695/268 453/705/268 454/706/268
f 1411/693/267 454/706/267 455/707/267
f 440/708/269 455/707/269 57/709/269
f 1408/689/269 440/708/269 439/710/269
f 1405/690/269 439/710/269 438/697/269
f 1415/711/130 1417/712/130 1414/713/130
f 1416/714/131 1418/715/131 1415/711/131
f 1418/715/130 1420/716/130 1417/712/130
f 1418/715/131 1422/717/131 1421/718/131
f 629/719/132 599/720/132 87/721/132
f 628/722/130 1414/713/130 629/719/130
f 627/723/131 1415/711/131 628/722/131
f 91/724/133 1416/714/133 627/723/133
f 1416/714/133 442/725/133 1419/726/133
f 1419/726/133 443/727/133 1422/717/133
f 443/727/133 459/728/133 1422/717/133
f 1421/718/131 459/728/131 460/729/131
f 1420/716/130 460/729/130 461/730/130
f 597/731/132 461/730/132 55/732/132
f 1417/712/132 597/731/132 598/733/132
f 1414/713/132 598/733/132 599/720/132
f 1424/734/126 1426/735/126 1423/736/126
f 1425/737/127 1427/738/127 1424/734/127
f 1427/738/126 1429/739/126 1426/735/126
f 1427/738/127 1431/740/127 1430/741/127
f 92/701/128 1423/736/128 444/742/128
f 626/743/126 1424/734/126 1423/736/126
f 625/744/127 1425/737/127 1424/734/127
f 86/745/129 1425/737/129 624/746/129
f 596/747/129 1428/748/129 1425/737/129
f 1428/748/129 594/749/129 1431/740/129
f 594/749/129 462/750/129 1431/740/129
f 1430/741/127 462/750/127 463/751/127
f 1429/739/126 463/751/126 464/752/126
f 1429/739/128 60/753/128 446/704/128
f 1426/735/128 446/704/128 445/702/128
f 1423/736/128 445/702/128 444/742/128
f 1432/754/122 1436/755/122 1435/756/122
f 1433/757/123 1437/758/123 1436/755/123
f 1436/755/122 1438/759/122 1435/756/122
f 1437/758/123 1439/760/123 1436/755/123
f 93/678/124 1432/754/124 447/761/124
f 623/762/122 1433/757/122 1432/754/122
f 621/763/123 1433/757/123 622/764/123
f 87/721/125 1434/765/125 621/763/125
f 1434/765/125 598/733/125 1437/758/125
f 598/733/125 1440/766/125 1437/758/125
f 1440/766/125 55/732/125 465/767/125
f 1439/760/123 465/767/123 466/768/123
f 1439/760/122 467/769/122 1438/759/122
f 1438/759/124 61/770/124 449/681/124
f 1435/756/124 449/681/124 448/679/124
f 1432/754/124 448/679/124 447/761/124
f 1441/771/118 1445/772/118 1444/773/118
f 1442/774/119 1446/775/119 1445/772/119
f 1445/772/118 1447/776/118 1444/773/118
f 1446/775/119 1448/777/119 1445/772/119
f 91/724/120 1441/771/120 441/778/120
f 620/779/118 1442/774/118 1441/771/118
f 618/780/119 1442/774/119 619/781/119
f 90/698/121 1443/782/121 618/780/121
f 1443/782/121 439/710/121 1446/775/121
f 439/710/121 1449/783/121 1446/775/121
f 1449/783/121 57/709/121 468/784/121
f 1448/777/119 468/784/119 469/785/119
f 1448/777/118 470/786/118 1447/776/118
f 1447/776/120 58/787/120 443/727/120
f 1444/773/120 443/727/120 442/725/120
f 1441/771/120 442/725/120 441/778/120
f 1451/788/97 1453/789/97 1450/790/97
f 1452/791/98 1454/792/98 1451/788/98
f 1454/792/97 1456/793/97 1453/789/97
f 1454/792/98 1458/794/98 1457/795/98
f 272/796/99 480/797/99 23/798/99
f 271/799/97 1450/790/97 272/796/97
f 271/799/98 1452/791/98 1451/788/98
f 270/800/100 474/801/100 1452/791/100
f 474/801/100 1455/802/100 1452/791/100
f 1455/802/100 476/803/100 1458/794/100
f 1458/794/100 67/804/100 483/805/100
f 1458/794/98 484/806/98 1457/795/98
f 1456/793/97 484/806/97 485/807/97
f 1456/793/99 69/808/99 482/809/99
f 1453/789/99 482/809/99 481/810/99
f 1450/790/99 481/810/99 480/797/99
f 1459/811/150 1463/812/150 1462/813/150
f 1461/814/151 1463/812/151 1460/815/151
f 1463/812/150 1465/816/150 1462/813/150
f 1463/812/151 1467/817/151 1466/818/151
f 13/819/152 1459/811/152 230/820/152
f 241/821/150 1459/811/150 242/822/150
f 240/823/151 1460/815/151 241/821/151
f 23/798/153 1461/814/153 240/823/153
f 480/797/153 1464/824/153 1461/814/153
f 1464/824/153 482/809/153 1467/817/153
f 482/809/153 486/825/153 1467/817/153
f 1466/818/151 486/825/151 487/826/151
f 1465/816/150 487/826/150 488/827/150
f 1465/816/152 62/828/152 228/829/152
f 1462/813/152 228/829/152 229/830/152
f 1459/811/152 229/830/152 230/820/152
f 1468/831/271 1472/832/271 1471/833/271
f 1470/834/272 1472/832/272 1469/835/272
f 1472/832/271 1474/836/271 1471/833/271
f 1472/832/272 1476/837/272 1475/838/272
f 587/839/273 507/840/273 81/841/273
f 587/839/271 1469/835/271 1468/831/271
f 585/842/272 1469/835/272 586/843/272
f 85/844/274 1470/834/274 585/842/274
f 1470/834/274 520/845/274 1473/846/274
f 1473/846/274 521/847/274 1476/837/274
f 521/847/274 522/848/274 1476/837/274
f 1475/838/272 522/848/272 523/849/272
f 1474/836/271 523/849/271 524/850/271
f 1474/836/273 72/851/273 509/852/273
f 1471/833/273 509/852/273 508/853/273
f 507/840/273 1471/833/273 508/853/273
f 1478/854/267 1480/855/267 1477/856/267
f 1479/857/268 1481/858/268 1478/854/268
f 1481/858/267 1483/859/267 1480/855/267
f 1481/858/268 1485/860/268 1484/861/268
f 584/862/269 510/863/269 82/864/269
f 583/865/267 1477/856/267 584/862/267
f 582/866/268 1478/854/268 583/865/268
f 84/867/270 1479/857/270 582/866/270
f 1479/857/270 517/868/270 1482/869/270
f 1482/869/270 518/870/270 1485/860/270
f 518/870/270 525/871/270 1485/860/270
f 1484/861/268 525/871/268 526/872/268
f 1483/859/483 526/872/483 527/873/483
f 512/874/269 527/873/269 73/875/269
f 1480/855/269 512/874/269 511/876/269
f 1477/856/269 511/876/269 510/863/269
f 1487/877/130 1489/878/130 1486/879/130
f 1488/880/131 1490/881/131 1487/877/131
f 1490/881/130 1492/882/130 1489/878/130
f 1490/881/131 1494/883/131 1493/884/131
f 581/885/132 551/886/132 79/887/132
f 580/888/130 1486/879/130 581/885/130
f 579/889/131 1487/877/131 580/888/131
f 83/890/133 1488/880/133 579/889/133
f 1488/880/133 514/891/133 1491/892/133
f 1491/892/133 515/893/133 1494/883/133
f 515/893/133 531/894/133 1494/883/133
f 1493/884/131 531/894/131 532/895/131
f 1492/882/130 532/895/130 533/896/130
f 549/897/132 533/896/132 71/898/132
f 1489/878/132 549/897/132 550/899/132
f 1486/879/132 550/899/132 551/886/132
f 1496/900/126 1498/901/126 1495/902/126
f 1497/903/127 1499/904/127 1496/900/127
f 1499/904/126 1501/905/126 1498/901/126
f 1499/904/127 1503/906/127 1502/907/127
f 84/867/128 1495/902/128 516/908/128
f 578/909/126 1496/900/126 1495/902/126
f 577/910/127 1497/903/127 1496/900/127
f 78/911/129 1497/903/129 576/912/129
f 548/913/129 1500/914/129 1497/903/129
f 1500/914/129 546/915/129 1503/906/129
f 546/915/129 534/916/129 1503/906/129
f 1503/906/484 535/917/484 1502/907/484
f 1501/905/485 535/917/485 536/918/485
f 1501/905/128 76/919/128 518/870/128
f 1498/901/128 518/870/128 517/868/128
f 1495/902/128 517/868/128 516/908/128
f 1504/920/122 1508/921/122 1507/922/122
f 1505/923/123 1509/924/123 1508/921/123
f 1508/921/122 1510/925/122 1507/922/122
f 1509/924/123 1511/926/123 1508/921/123
f 85/844/124 1504/920/124 519/927/124
f 575/928/122 1505/923/122 1504/920/122
f 573/929/123 1505/923/123 574/930/123
f 79/887/125 1506/931/125 573/929/125
f 1506/931/125 550/899/125 1509/924/125
f 550/899/125 1512/932/125 1509/924/125
f 1512/932/125 71/898/125 537/933/125
f 1512/932/123 538/934/123 1511/926/123
f 1511/926/486 539/935/486 1510/925/486
f 1510/925/124 77/936/124 521/847/124
f 1507/922/124 521/847/124 520/845/124
f 1504/920/124 520/845/124 519/927/124
f 1513/937/118 1517/938/118 1516/939/118
f 1514/940/119 1518/941/119 1517/938/119
f 1517/938/118 1519/942/118 1516/939/118
f 1518/941/119 1520/943/119 1517/938/119
f 83/890/120 1513/937/120 513/944/120
f 572/945/118 1514/940/118 1513/937/118
f 570/946/119 1514/940/119 571/947/119
f 82/864/121 1515/948/121 570/946/121
f 1515/948/121 511/876/121 1518/941/121
f 511/876/121 1521/949/121 1518/941/121
f 1521/949/487 73/875/487 540/950/487
f 1521/949/119 541/951/119 1520/943/119
f 1520/943/118 542/952/118 1519/942/118
f 1519/942/120 74/953/120 515/893/120
f 514/891/120 1519/942/120 515/893/120
f 1513/937/120 514/891/120 513/944/120
f 1523/954/488 1525/955/488 1522/956/488
f 1524/957/489 1526/958/489 1523/954/489
f 1526/958/490 1528/959/490 1525/955/490
f 1527/960/491 1529/961/491 1526/958/491
f 254/141/492 561/962/492 17/143/492
f 253/140/493 1522/956/493 254/141/493
f 252/139/494 1523/954/494 253/140/494
f 1/138/495 1524/957/495 252/139/495
f 558/963/496 1527/960/496 1524/957/496
f 559/964/497 1530/965/497 1527/960/497
f 560/966/498 570/946/498 1530/965/498
f 1530/965/499 571/947/499 1529/961/499
f 1529/961/500 572/945/500 1528/959/500
f 1528/959/501 83/890/501 563/967/501
f 1525/955/502 563/967/502 562/968/502
f 1522/956/503 562/968/503 561/962/503
f 1532/969/504 1534/970/504 1531/971/504
f 1533/972/505 1535/973/505 1532/969/505
f 1535/973/506 1537/974/506 1534/970/506
f 1536/975/507 1538/976/507 1535/973/507
f 299/977/508 567/978/508 25/979/508
f 298/980/509 1531/971/509 299/977/509
f 297/981/510 1532/969/510 298/980/510
f 2/322/511 1533/972/511 297/981/511
f 209/982/512 1536/975/512 1533/972/512
f 208/983/513 1539/984/513 1536/975/513
f 207/985/514 573/929/514 1539/984/514
f 1539/984/515 574/930/515 1538/976/515
f 1538/976/516 575/928/516 1537/974/516
f 1537/974/517 85/844/517 569/986/517
f 1534/970/518 569/986/518 568/987/518
f 1531/971/519 568/987/519 567/978/519
f 1541/988/520 1543/989/520 1540/990/520
f 1542/991/521 1544/992/521 1541/988/521
f 1544/992/522 1546/993/522 1543/989/522
f 1545/994/523 1547/995/523 1544/992/523
f 308/996/524 564/997/524 28/998/524
f 307/999/525 1540/990/525 308/996/525
f 306/1000/526 1541/988/526 307/999/526
f 5/1001/527 1542/991/527 306/1000/527
f 203/1002/528 1545/994/528 1542/991/528
f 202/1003/529 1548/1004/529 1545/994/529
f 201/1005/530 576/912/530 1548/1004/530
f 1548/1004/531 577/910/531 1547/995/531
f 1547/995/532 578/909/532 1546/993/532
f 1546/993/533 84/867/533 566/1006/533
f 1543/989/534 566/1006/534 565/1007/534
f 1540/990/535 565/1007/535 564/997/535
f 1549/1008/536 1553/1009/536 1552/1010/536
f 1550/1011/537 1554/1012/537 1553/1009/537
f 1552/1010/538 1556/1013/538 1555/1014/538
f 1553/1009/539 1557/1015/539 1556/1013/539
f 2/322/540 1549/1008/540 209/982/540
f 182/321/541 1550/1011/541 1549/1008/541
f 181/320/542 1551/1016/542 1550/1011/542
f 180/319/543 561/962/543 1551/1016/543
f 1551/1016/544 562/968/544 1554/1012/544
f 1554/1012/545 563/967/545 1557/1015/545
f 1557/1015/546 83/890/546 579/889/546
f 1556/1013/547 579/889/547 580/888/547
f 1555/1014/548 580/888/548 581/885/548
f 207/985/549 581/885/549 79/887/549
f 208/983/550 1555/1014/550 207/985/550
f 209/982/551 1552/1010/551 208/983/551
f 1558/1017/552 1562/1018/552 1561/1019/552
f 1559/1020/553 1563/1021/553 1562/1018/553
f 1561/1019/554 1565/1022/554 1564/1023/554
f 1562/1018/555 1566/1024/555 1565/1022/555
f 1/138/556 1558/1017/556 558/963/556
f 206/1025/557 1559/1020/557 1558/1017/557
f 205/1026/558 1560/1027/558 1559/1020/558
f 204/1028/559 564/997/559 1560/1027/559
f 1560/1027/560 565/1007/560 1563/1021/560
f 1563/1021/561 566/1006/561 1566/1024/561
f 1566/1024/562 84/867/562 582/866/562
f 1565/1022/563 582/866/563 583/865/563
f 1564/1023/564 583/865/564 584/862/564
f 560/966/565 584/862/565 82/864/565
f 559/964/566 1564/1023/566 560/966/566
f 558/963/567 1561/1019/567 559/964/567
f 1567/1029/568 1571/1030/568 1570/1031/568
f 1568/1032/569 1572/1033/569 1571/1030/569
f 1570/1031/570 1574/1034/570 1573/1035/570
f 1571/1030/571 1575/1036/571 1574/1034/571
f 6/1037/572 1567/1029/572 555/1038/572
f 179/1039/573 1568/1032/573 1567/1029/573
f 178/1040/574 1569/1041/574 1568/1032/574
f 177/1042/575 567/978/575 1569/1041/575
f 1569/1041/576 568/987/576 1572/1033/576
f 1572/1033/577 569/986/577 1575/1036/577
f 1575/1036/578 85/844/578 585/842/578
f 1574/1034/579 585/842/579 586/843/579
f 1573/1035/580 586/843/580 587/839/580
f 557/1043/581 587/839/581 81/841/581
f 556/1044/582 1573/1035/582 557/1043/582
f 555/1038/583 1570/1031/583 556/1044/583
f 1577/1045/150 1579/1046/150 1576/1047/150
f 1577/1045/151 1581/1048/151 1580/1049/151
f 1579/1046/150 1583/1050/150 1582/1051/150
f 1581/1048/151 1583/1050/151 1580/1049/151
f 530/1052/152 509/1053/152 72/1054/152
f 529/1055/150 1576/1047/150 530/1052/150
f 528/1056/151 1577/1045/151 529/1055/151
f 75/1057/153 1578/1058/153 528/1056/153
f 1578/1058/153 553/1059/153 1581/1048/153
f 553/1059/153 1584/1060/153 1581/1048/153
f 1584/1060/153 80/57/153 588/350/153
f 1584/1060/151 589/349/151 1583/1050/151
f 1583/1050/150 590/346/150 1582/1051/150
f 1582/1051/152 81/348/152 507/1061/152
f 508/1062/152 1582/1051/152 507/1061/152
f 1576/1047/152 508/1062/152 509/1053/152
f 1585/1063/97 1589/1064/97 1588/1065/97
f 1586/1066/98 1590/1067/98 1589/1064/98
f 1588/1065/97 1592/1068/97 1591/1069/97
f 1590/1067/98 1592/1068/98 1589/1064/98
f 75/1057/99 1585/1063/99 552/1070/99
f 544/1071/97 1585/1063/97 545/1072/97
f 543/1073/98 1586/1066/98 544/1071/98
f 70/1074/100 1587/1075/100 543/1073/100
f 546/1076/100 1590/1067/100 1587/1075/100
f 1590/1067/100 548/1077/100 1593/1078/100
f 548/1077/100 591/62/100 1593/1078/100
f 1593/1078/98 592/60/98 1592/1068/98
f 1592/1068/97 593/59/97 1591/1069/97
f 1591/1069/99 80/57/99 554/1079/99
f 553/1059/99 1591/1069/99 554/1079/99
f 1585/1063/99 553/1059/99 552/1070/99
f 1595/1080/118 1597/1081/118 1594/1082/118
f 1596/1083/119 1598/1084/119 1595/1080/119
f 1597/1081/118 1601/1085/118 1600/1086/118
f 1599/1087/119 1601/1085/119 1598/1084/119
f 21/1088/584 1594/1082/584 609/1089/584
f 266/1090/118 1595/1080/118 1594/1082/118
f 265/1091/119 1596/1083/119 1595/1080/119
f 264/1092/121 606/1093/121 1596/1083/121
f 606/1093/121 1599/1087/121 1596/1083/121
f 607/1094/121 1602/1095/121 1599/1087/121
f 1602/1095/121 90/698/121 618/780/121
f 1601/1085/119 618/780/119 619/781/119
f 1601/1085/118 620/779/118 1600/1086/118
f 1600/1086/120 91/724/120 611/1096/120
f 610/1097/120 1600/1086/120 611/1096/120
f 1594/1082/120 610/1097/120 609/1089/120
f 1604/1098/122 1606/1099/122 1603/1100/122
f 1605/1101/123 1607/1102/123 1604/1098/123
f 1606/1099/122 1610/1103/122 1609/1104/122
f 1608/1105/123 1610/1103/123 1607/1102/123
f 29/1106/124 1603/1100/124 615/1107/124
f 311/1108/585 1604/1098/585 1603/1100/585
f 310/1109/123 1605/1101/123 1604/1098/123
f 309/1110/125 215/1111/125 1605/1101/125
f 215/1111/125 1608/1105/125 1605/1101/125
f 214/1112/125 1611/1113/125 1608/1105/125
f 1611/1113/125 87/721/125 621/763/125
f 1610/1103/123 621/763/123 622/764/123
f 1610/1103/122 623/762/122 1609/1104/122
f 1609/1104/124 93/678/124 617/1114/124
f 616/1115/124 1609/1104/124 617/1114/124
f 1603/1100/124 616/1115/124 615/1107/124
f 1612/1116/126 1616/1117/126 1615/1118/126
f 1613/1119/127 1617/1120/127 1616/1117/127
f 1615/1118/126 1619/1121/126 1618/1122/126
f 1617/1120/127 1619/1121/127 1616/1117/127
f 30/1123/128 1612/1116/128 612/1124/128
f 313/1125/586 1612/1116/586 314/1126/586
f 312/1127/127 1613/1119/127 313/1125/127
f 11/1128/129 1614/1129/129 312/1127/129
f 212/1130/129 1617/1120/129 1614/1129/129
f 1617/1120/129 210/1131/129 1620/1132/129
f 1620/1132/129 86/745/129 624/746/129
f 1620/1132/127 625/744/127 1619/1121/127
f 1619/1121/126 626/743/126 1618/1122/126
f 1618/1122/128 92/701/128 614/1133/128
f 613/1134/128 1618/1122/128 614/1133/128
f 1612/1116/128 613/1134/128 612/1124/128
f 1621/1135/130 1625/1136/130 1624/1137/130
f 1622/1138/131 1626/1139/131 1625/1136/131
f 1625/1136/130 1627/1140/130 1624/1137/130
f 1626/1139/131 1628/1141/131 1625/1136/131
f 218/1142/132 215/1111/132 12/1143/132
f 217/1144/130 1621/1135/130 218/1142/130
f 216/1145/131 1622/1138/131 217/1144/131
f 21/1088/587 1623/1146/587 216/1145/587
f 1623/1146/133 610/1097/133 1626/1139/133
f 610/1097/133 1629/1147/133 1626/1139/133
f 1629/1147/133 91/724/133 627/723/133
f 1628/1141/131 627/723/131 628/722/131
f 1627/1140/130 628/722/130 629/719/130
f 213/1148/132 629/719/132 87/721/132
f 1624/1137/132 213/1148/132 214/1112/132
f 215/1111/132 1624/1137/132 214/1112/132
f 1630/1149/267 1634/1150/267 1633/1151/267
f 1631/1152/268 1635/1153/268 1634/1150/268
f 1634/1150/267 1636/1154/267 1633/1151/267
f 1635/1153/268 1637/1155/268 1634/1150/268
f 227/1156/588 606/1093/588 10/1157/588
f 226/1158/589 1630/1149/589 227/1156/589
f 225/1159/268 1631/1152/268 226/1158/268
f 30/1123/590 1632/1160/590 225/1159/590
f 1632/1160/270 613/1134/270 1635/1153/270
f 613/1134/270 1638/1161/270 1635/1153/270
f 1638/1161/270 92/701/270 630/700/270
f 1637/1155/268 630/700/268 631/699/268
f 1636/1154/267 631/699/267 632/696/267
f 608/1162/269 632/696/269 90/698/269
f 1633/1151/269 608/1162/269 607/1094/269
f 606/1093/269 1633/1151/269 607/1094/269
f 1640/1163/271 1642/1164/271 1639/1165/271
f 1640/1163/272 1644/1166/272 1643/1167/272
f 1642/1164/271 1646/1168/271 1645/1169/271
f 1644/1166/272 1646/1168/272 1643/1167/272
f 221/1170/273 603/1171/273 9/1172/273
f 220/1173/591 1639/1165/591 221/1170/591
f 219/1174/272 1640/1163/272 220/1173/272
f 29/1106/592 1641/1175/592 219/1174/592
f 1641/1175/274 616/1115/274 1644/1166/274
f 616/1115/274 1647/1176/274 1644/1166/274
f 1647/1176/274 93/678/274 633/676/274
f 1646/1168/272 633/676/272 634/677/272
f 1646/1168/271 635/673/271 1645/1169/271
f 605/1177/273 635/673/273 89/675/273
f 604/1178/273 1645/1169/273 605/1177/273
f 1639/1165/273 604/1178/273 603/1171/273
f 1649/1179/150 1651/1180/150 1648/1181/150
f 1649/1179/151 1653/1182/151 1652/1183/151
f 1651/1180/150 1655/1184/150 1654/1185/150
f 1653/1182/151 1655/1184/151 1652/1183/151
f 458/1186/152 437/1187/152 56/1188/152
f 457/1189/150 1648/1181/150 458/1186/150
f 456/1190/151 1649/1179/151 457/1189/151
f 59/1191/153 1650/1192/153 456/1190/153
f 600/1193/153 1653/1182/153 1650/1192/153
f 601/1194/153 1656/1195/153 1653/1182/153
f 1656/1195/153 88/153/153 636/296/153
f 1656/1195/151 637/297/151 1655/1184/151
f 1655/1184/150 638/295/150 1654/1185/150
f 1654/1185/152 89/293/152 435/1196/152
f 436/1197/152 1654/1185/152 435/1196/152
f 1648/1181/152 436/1197/152 437/1187/152
f 1657/1198/97 1661/1199/97 1660/1200/97
f 1658/1201/98 1662/1202/98 1661/1199/98
f 1660/1200/97 1664/1203/97 1663/1204/97
f 1662/1202/98 1664/1203/98 1661/1199/98
f 59/1191/99 1657/1198/99 600/1193/99
f 472/1205/97 1657/1198/97 473/1206/97
f 471/1207/98 1658/1201/98 472/1205/98
f 54/1208/100 1659/1209/100 471/1207/100
f 594/1210/100 1662/1202/100 1659/1209/100
f 1662/1202/100 596/1211/100 1665/1212/100
f 596/1211/100 639/157/100 1665/1212/100
f 1665/1212/98 640/156/98 1664/1203/98
f 1664/1203/97 641/155/97 1663/1204/97
f 1663/1204/99 88/153/99 602/1213/99
f 601/1194/99 1663/1204/99 602/1213/99
f 1657/1198/99 601/1194/99 600/1193/99
f 1667/1214/593 1669/1215/593 1666/1216/593
f 1667/1214/594 1671/1217/594 1670/1218/594
f 1670/1218/595 1672/1219/595 1669/1215/595
f 1670/1218/596 1674/1220/596 1673/1221/596
f 647/1222/597 671/1223/597 97/1224/597
f 646/1225/598 1666/1216/598 647/1222/598
f 646/1225/599 1668/1226/599 1667/1214/599
f 645/1227/600 666/1228/600 1668/1226/600
f 1668/1226/601 667/1229/601 1671/1217/601
f 1671/1217/602 668/1230/602 1674/1220/602
f 1674/1220/603 99/1231/603 657/1232/603
f 1674/1220/604 658/1233/604 1673/1221/604
f 1672/1219/605 658/1233/605 659/1234/605
f 1672/1219/606 100/1235/606 669/1236/606
f 1669/1215/607 669/1236/607 670/1237/607
f 1666/1216/608 670/1237/608 671/1223/608
f 1675/1238/609 1679/1239/609 1678/1240/609
f 1677/1241/610 1679/1239/610 1676/1242/610
f 1679/1239/611 1681/1243/611 1678/1240/611
f 1679/1239/612 1683/1244/612 1682/1245/612
f 100/1235/613 1675/1238/613 660/1246/613
f 659/1234/614 1676/1242/614 1675/1238/614
f 657/1232/615 1676/1242/615 658/1233/615
f 99/1231/616 1677/1241/616 657/1232/616
f 656/1247/617 1680/1248/617 1677/1241/617
f 1680/1248/618 654/1249/618 1683/1244/618
f 1683/1244/619 98/1250/619 665/1251/619
f 1682/1245/620 665/1251/620 664/1252/620
f 1682/1245/621 663/1253/621 1681/1243/621
f 1681/1243/622 101/1254/622 662/1255/622
f 1678/1240/623 662/1255/623 661/1256/623
f 660/1246/624 1678/1240/624 661/1256/624
f 1685/1257/625 1687/1258/625 1684/1259/625
f 1685/1257/626 1689/1260/626 1688/1261/626
f 1688/1261/627 1690/1262/627 1687/1258/627
f 1688/1261/628 1692/1263/628 1691/1264/628
f 650/1265/629 674/1266/629 96/1267/629
f 649/1268/630 1684/1259/630 650/1265/630
f 649/1268/631 1686/1269/631 1685/1257/631
f 648/1270/632 671/1223/632 1686/1269/632
f 1686/1269/633 670/1237/633 1689/1260/633
f 1689/1260/634 669/1236/634 1692/1263/634
f 1692/1263/635 100/1235/635 660/1246/635
f 1692/1263/636 661/1256/636 1691/1264/636
f 1690/1262/637 661/1256/637 662/1255/637
f 1690/1262/638 101/1254/638 672/1271/638
f 1687/1258/639 672/1271/639 673/1272/639
f 1684/1259/640 673/1272/640 674/1266/640
f 1694/1273/641 1696/1274/641 1693/1275/641
f 1694/1273/642 1698/1276/642 1697/1277/642
f 1697/1277/643 1699/1278/643 1696/1274/643
f 1697/1277/644 1701/1279/644 1700/1280/644
f 644/1281/645 666/1228/645 95/1282/645
f 643/1283/646 1693/1275/646 644/1281/646
f 643/1283/647 1695/1284/647 1694/1273/647
f 642/1285/648 675/1286/648 1695/1284/648
f 1695/1284/649 676/1287/649 1698/1276/649
f 1698/1276/650 677/1288/650 1701/1279/650
f 1701/1279/651 98/1250/651 654/1249/651
f 1701/1279/652 655/1289/652 1700/1280/652
f 1699/1278/653 655/1289/653 656/1247/653
f 1699/1278/654 99/1231/654 668/1230/654
f 1696/1274/655 668/1230/655 667/1229/655
f 1693/1275/656 667/1229/656 666/1228/656
f 1703/1290/657 1705/1291/657 1702/1292/657
f 1703/1290/658 1707/1293/658 1706/1294/658
f 1706/1294/659 1708/1295/659 1705/1291/659
f 1706/1294/660 1710/1296/660 1709/1297/660
f 653/1298/661 675/1286/661 94/1299/661
f 652/1300/662 1702/1292/662 653/1298/662
f 652/1300/663 1704/1301/663 1703/1290/663
f 651/1302/664 674/1266/664 1704/1301/664
f 1704/1301/665 673/1272/665 1707/1293/665
f 1707/1293/666 672/1271/666 1710/1296/666
f 1710/1296/667 101/1254/667 663/1253/667
f 1710/1296/668 664/1252/668 1709/1297/668
f 1708/1295/669 664/1252/669 665/1251/669
f 1708/1295/670 98/1250/670 677/1288/670
f 1705/1291/671 677/1288/671 676/1287/671
f 1702/1292/672 676/1287/672 675/1286/672
f 1712/1303/673 1714/1304/673 1711/1305/673
f 1712/1303/674 1716/1306/674 1715/1307/674
f 1714/1304/673 1718/1308/673 1717/1309/673
f 1716/1306/674 1718/1308/674 1715/1307/674
f 104/1310/675 1711/1305/675 707/1311/675
f 688/1312/673 1711/1305/673 689/1313/673
f 688/1312/674 1713/1314/674 1712/1303/674
f 102/1315/676 1713/1314/676 687/1316/676
f 702/1317/676 1716/1306/676 1713/1314/676
f 1716/1306/676 704/1318/676 1719/1319/676
f 704/1318/676 699/1320/676 1719/1319/676
f 1718/1308/674 699/1320/674 700/1321/674
f 1718/1308/673 701/1322/673 1717/1309/673
f 705/1323/675 701/1322/675 108/1324/675
f 1714/1304/675 705/1323/675 706/1325/675
f 1711/1305/675 706/1325/675 707/1311/675
f 1721/1326/677 1723/1327/677 1720/1328/677
f 1721/1326/678 1725/1329/678 1724/1330/678
f 1724/1330/677 1726/1331/677 1723/1327/677
f 1724/1330/678 1728/1332/678 1727/1333/678
f 103/1334/679 1720/1328/679 713/1335/679
f 682/1336/677 1720/1328/677 683/1337/677
f 682/1336/678 1722/1338/678 1721/1326/678
f 681/1339/680 708/1340/680 1722/1338/680
f 1722/1338/680 709/1341/680 1725/1329/680
f 1725/1329/680 710/1342/680 1728/1332/680
f 710/1342/680 693/1343/680 1728/1332/680
f 1728/1332/678 694/1344/678 1727/1333/678
f 1727/1333/677 695/1345/677 1726/1331/677
f 711/1346/679 695/1345/679 107/1347/679
f 1723/1327/679 711/1346/679 712/1348/679
f 1720/1328/679 712/1348/679 713/1335/679
f 1730/1349/681 1732/1350/681 1729/1351/681
f 1730/1349/682 1734/1352/682 1733/1353/682
f 1733/1353/681 1735/1354/681 1732/1350/681
f 1733/1353/682 1737/1355/682 1736/1356/682
f 105/1357/683 1729/1351/683 708/1340/683
f 685/1358/681 1729/1351/681 686/1359/681
f 685/1358/682 1731/1360/682 1730/1349/682
f 684/1361/684 707/1311/684 1731/1360/684
f 1731/1360/684 706/1325/684 1734/1352/684
f 1734/1352/684 705/1323/684 1737/1355/684
f 705/1323/684 696/1362/684 1737/1355/684
f 1737/1355/682 697/1363/682 1736/1356/682
f 1736/1356/681 698/1364/681 1735/1354/681
f 710/1342/683 698/1364/683 109/1365/683
f 1732/1350/683 710/1342/683 709/1341/683
f 1729/1351/683 709/1341/683 708/1340/683
f 1739/1366/685 1741/1367/685 1738/1368/685
f 1739/1366/686 1743/1369/686 1742/1370/686
f 1742/1370/685 1744/1371/685 1741/1367/685
f 1742/1370/686 1746/1372/686 1745/1373/686
f 102/1374/687 1738/1368/687 702/1375/687
f 679/1376/685 1738/1368/685 680/1377/685
f 679/1376/686 1740/1378/686 1739/1366/686
f 678/1379/688 713/1335/688 1740/1378/688
f 1740/1378/688 712/1348/688 1743/1369/688
f 1743/1369/688 711/1346/688 1746/1372/688
f 711/1346/688 690/1380/688 1746/1372/688
f 1746/1372/686 691/1381/686 1745/1373/686
f 1745/1373/685 692/1382/685 1744/1371/685
f 704/1383/687 692/1382/687 106/1384/687
f 1741/1367/687 704/1383/687 703/1385/687
f 702/1375/687 1741/1367/687 703/1385/687
f 1747/1386/689 1751/1387/689 1750/1388/689
f 1748/1389/690 1752/1390/690 1751/1387/690
f 1750/1388/691 1754/1391/691 1753/1392/691
f 1751/1387/692 1755/1393/692 1754/1391/692
f 113/1394/693 1747/1386/693 923/1395/693
f 722/1396/694 1748/1389/694 1747/1386/694
f 721/1397/695 1749/1398/695 1748/1389/695
f 720/1399/696 918/1400/696 1749/1398/696
f 1749/1398/697 919/1401/697 1752/1390/697
f 1752/1390/698 920/1402/698 1755/1393/698
f 920/1402/699 912/1403/699 1755/1393/699
f 1754/1391/700 912/1403/700 913/1404/700
f 1753/1392/701 913/1404/701 914/1405/701
f 921/1406/702 914/1405/702 149/1407/702
f 922/1408/703 1753/1392/703 921/1406/703
f 923/1395/704 1750/1388/704 922/1408/704
f 1757/1409/705 1759/1410/705 1756/1411/705
f 1758/1412/706 1760/1413/706 1757/1409/706
f 1760/1413/707 1762/1414/707 1759/1410/707
f 1761/1415/708 1763/1416/708 1760/1413/708
f 115/1417/709 1756/1411/709 755/1418/709
f 736/1419/710 1756/1411/710 735/1420/710
f 737/1421/711 1757/1409/711 736/1419/711
f 117/1422/712 1758/1412/712 737/1421/712
f 750/1423/713 1761/1415/713 1758/1412/713
f 751/1424/714 1764/1425/714 1761/1415/714
f 752/1426/715 749/1427/715 1764/1425/715
f 1764/1425/716 748/1428/716 1763/1416/716
f 1763/1416/717 747/1429/717 1762/1414/717
f 753/1430/718 747/1429/718 119/1431/718
f 754/1432/719 1762/1414/719 753/1430/719
f 755/1418/720 1759/1410/720 754/1432/720
f 1766/1433/721 1768/1434/721 1765/1435/721
f 1767/1436/722 1769/1437/722 1766/1433/722
f 1769/1437/723 1771/1438/723 1768/1434/723
f 1770/1439/724 1772/1440/724 1769/1437/724
f 747/1429/725 779/1441/725 119/1431/725
f 748/1428/726 1765/1435/726 747/1429/726
f 749/1427/727 1766/1433/727 748/1428/727
f 121/1442/728 1767/1436/728 749/1427/728
f 774/1443/729 1770/1439/729 1767/1436/729
f 775/1444/730 1773/1445/730 1770/1439/730
f 776/1446/731 773/1447/731 1773/1445/731
f 1773/1445/732 772/1448/732 1772/1440/732
f 1772/1440/733 771/1449/733 1771/1438/733
f 777/1450/734 771/1449/734 123/1451/734
f 778/1452/735 1771/1438/735 777/1450/735
f 1765/1435/736 778/1452/736 779/1441/736
f 1775/1453/737 1777/1454/737 1774/1455/737
f 1775/1453/738 1779/1456/738 1778/1457/738
f 1778/1457/739 1780/1458/739 1777/1454/739
f 1778/1457/740 1782/1459/740 1781/1460/740
f 731/1461/741 750/1423/741 117/1422/741
f 730/1462/742 1774/1455/742 731/1461/742
f 730/1462/743 1776/1463/743 1775/1453/743
f 729/1464/744 756/1465/744 1776/1463/744
f 1776/1463/745 757/1466/745 1779/1456/745
f 1779/1456/746 758/1467/746 1782/1459/746
f 1782/1459/747 120/1468/747 741/1469/747
f 1781/1460/748 741/1469/748 742/1470/748
f 1781/1460/749 743/1471/749 1780/1458/749
f 1780/1458/750 121/1442/750 752/1426/750
f 1777/1454/751 752/1426/751 751/1424/751
f 1774/1455/752 751/1424/752 750/1423/752
f 1783/1472/753 1787/1473/753 1786/1474/753
f 1784/1475/754 1788/1476/754 1787/1473/754
f 1786/1474/755 1790/1477/755 1789/1478/755
f 1787/1473/756 1791/1479/756 1790/1477/756
f 116/1480/757 1783/1472/757 756/1465/757
f 734/1481/758 1784/1475/758 1783/1472/758
f 733/1482/759 1785/1483/759 1784/1475/759
f 114/1484/760 1785/1483/760 732/1485/760
f 759/1486/761 1788/1476/761 1785/1483/761
f 760/1487/762 1791/1479/762 1788/1476/762
f 761/1488/763 744/1489/763 1791/1479/763
f 1790/1477/764 744/1489/764 745/1490/764
f 1789/1478/765 745/1490/765 746/1491/765
f 758/1467/766 746/1491/766 120/1468/766
f 757/1466/767 1789/1478/767 758/1467/767
f 756/1465/768 1786/1474/768 757/1466/768
f 1792/1492/769 1796/1493/769 1795/1494/769
f 1794/1495/770 1796/1493/770 1793/1496/770
f 1795/1494/771 1799/1497/771 1798/1498/771
f 1797/1499/772 1799/1497/772 1796/1493/772
f 114/1484/773 1792/1492/773 759/1486/773
f 726/1500/774 1793/1496/774 1792/1492/774
f 728/1501/775 1793/1496/775 727/1502/775
f 115/1417/776 1794/1495/776 728/1501/776
f 755/1418/777 1797/1499/777 1794/1495/777
f 754/1432/778 1800/1503/778 1797/1499/778
f 753/1430/779 740/1504/779 1800/1503/779
f 1800/1503/780 739/1505/780 1799/1497/780
f 1798/1498/781 739/1505/781 738/1506/781
f 761/1488/782 738/1506/782 118/1507/782
f 760/1487/783 1798/1498/783 761/1488/783
f 759/1486/784 1795/1494/784 760/1487/784
f 1802/1508/785 1804/1509/785 1801/1510/785
f 1802/1508/786 1806/1511/786 1805/1512/786
f 1805/1512/787 1807/1513/787 1804/1509/787
f 1805/1512/788 1809/1514/788 1808/1515/788
f 767/1516/789 803/1517/789 125/1518/789
f 766/1519/790 1801/1510/790 767/1516/790
f 766/1519/791 1803/1520/791 1802/1508/791
f 765/1521/792 798/1522/792 1803/1520/792
f 1803/1520/793 799/1523/793 1806/1511/793
f 1806/1511/794 800/1524/794 1809/1514/794
f 1809/1514/795 128/1525/795 789/1526/795
f 1808/1515/796 789/1526/796 790/1527/796
f 1808/1515/797 791/1528/797 1807/1513/797
f 1807/1513/798 129/1529/798 801/1530/798
f 1804/1509/799 801/1530/799 802/1531/799
f 1801/1510/800 802/1531/800 803/1517/800
f 1811/1532/801 1813/1533/801 1810/1534/801
f 1811/1532/802 1815/1535/802 1814/1536/802
f 1814/1536/803 1816/1537/803 1813/1533/803
f 1814/1536/804 1818/1538/804 1817/1539/804
f 743/1471/805 774/1443/805 121/1442/805
f 742/1470/806 1810/1534/806 743/1471/806
f 742/1470/807 1812/1540/807 1811/1532/807
f 741/1469/808 780/1541/808 1812/1540/808
f 1812/1540/809 781/1542/809 1815/1535/809
f 1815/1535/810 782/1543/810 1818/1538/810
f 1818/1538/811 124/1544/811 765/1521/811
f 1817/1539/812 765/1521/812 766/1519/812
f 1817/1539/813 767/1516/813 1816/1537/813
f 1816/1537/814 125/1518/814 776/1446/814
f 1813/1533/815 776/1446/815 775/1444/815
f 1810/1534/816 775/1444/816 774/1443/816
f 1819/1545/817 1823/1546/817 1822/1547/817
f 1820/1548/818 1824/1549/818 1823/1546/818
f 1822/1547/819 1826/1550/819 1825/1551/819
f 1823/1546/820 1827/1552/820 1826/1550/820
f 120/1468/821 1819/1545/821 780/1541/821
f 746/1491/822 1820/1548/822 1819/1545/822
f 745/1490/823 1821/1553/823 1820/1548/823
f 744/1489/824 783/1554/824 1821/1553/824
f 1821/1553/825 784/1555/825 1824/1549/825
f 784/1555/826 1827/1552/826 1824/1549/826
f 785/1556/827 768/1557/827 1827/1552/827
f 1826/1550/828 768/1557/828 769/1558/828
f 1825/1551/829 769/1558/829 770/1559/829
f 782/1543/830 770/1559/830 124/1544/830
f 781/1542/831 1825/1551/831 782/1543/831
f 780/1541/832 1822/1547/832 781/1542/832
f 1828/1560/833 1832/1561/833 1831/1562/833
f 1829/1563/834 1833/1564/834 1832/1561/834
f 1831/1562/835 1835/1565/835 1834/1566/835
f 1832/1561/836 1836/1567/836 1835/1565/836
f 133/1568/837 1828/1560/837 851/1569/837
f 825/1570/838 1829/1563/838 1828/1560/838
f 826/1571/839 1830/1572/839 1829/1563/839
f 827/1573/840 846/1574/840 1830/1572/840
f 1830/1572/841 847/1575/841 1833/1564/841
f 1833/1564/842 848/1576/842 1836/1567/842
f 1836/1567/843 135/1577/843 845/1578/843
f 1835/1565/844 845/1578/844 844/1579/844
f 1834/1566/845 844/1579/845 843/1580/845
f 849/1581/846 843/1580/846 137/1582/846
f 850/1583/847 1834/1566/847 849/1581/847
f 851/1569/848 1831/1562/848 850/1583/848
f 1838/1584/849 1840/1585/849 1837/1586/849
f 1838/1584/850 1842/1587/850 1841/1588/850
f 1841/1588/851 1843/1589/851 1840/1585/851
f 1841/1588/852 1845/1590/852 1844/1591/852
f 794/1592/853 899/1593/853 128/1525/853
f 793/1594/854 1837/1586/854 794/1592/854
f 793/1594/855 1839/1595/855 1838/1584/855
f 792/1596/856 894/1597/856 1839/1595/856
f 1839/1595/857 895/1598/857 1842/1587/857
f 1842/1587/858 896/1599/858 1845/1590/858
f 1845/1590/859 142/1600/859 888/1601/859
f 1844/1591/860 888/1601/860 889/1602/860
f 1844/1591/861 890/1603/861 1843/1589/861
f 1843/1589/862 144/1604/862 897/1605/862
f 1840/1585/863 897/1605/863 898/1606/863
f 1837/1586/864 898/1606/864 899/1593/864
f 1846/1607/865 1850/1608/865 1849/1609/865
f 1847/1610/866 1851/1611/866 1850/1608/866
f 1849/1609/867 1853/1612/867 1852/1613/867
f 1850/1608/868 1854/1614/868 1853/1612/868
f 124/1544/869 1846/1607/869 798/1522/869
f 770/1559/870 1847/1610/870 1846/1607/870
f 769/1558/871 1848/1615/871 1847/1610/871
f 768/1557/872 804/1616/872 1848/1615/872
f 1848/1615/873 805/1617/873 1851/1611/873
f 1851/1611/874 806/1618/874 1854/1614/874
f 1854/1614/875 126/1619/875 792/1596/875
f 1853/1612/876 792/1596/876 793/1594/876
f 1852/1613/877 793/1594/877 794/1592/877
f 800/1524/878 794/1592/878 128/1525/878
f 799/1523/879 1852/1613/879 800/1524/879
f 798/1522/880 1849/1609/880 799/1523/880
f 1856/1620/881 1858/1621/881 1855/1622/881
f 1856/1620/882 1860/1623/882 1859/1624/882
f 1859/1624/883 1861/1625/883 1858/1621/883
f 1859/1624/884 1863/1626/884 1862/1627/884
f 762/1628/885 804/1616/885 122/1629/885
f 763/1630/886 1855/1622/886 762/1628/886
f 763/1630/887 1857/1631/887 1856/1620/887
f 764/1632/888 807/1633/888 1857/1631/888
f 1857/1631/889 808/1634/889 1860/1623/889
f 1860/1623/890 809/1635/890 1863/1626/890
f 1863/1626/891 127/1636/891 788/1637/891
f 1862/1627/892 788/1637/892 787/1638/892
f 1862/1627/893 786/1639/893 1861/1625/893
f 1861/1625/894 126/1619/894 806/1618/894
f 1858/1621/895 806/1618/895 805/1617/895
f 1855/1622/896 805/1617/896 804/1616/896
f 1865/1640/897 1867/1641/897 1864/1642/897
f 1866/1643/898 1868/1644/898 1865/1640/898
f 1868/1644/899 1870/1645/899 1867/1641/899
f 1869/1646/900 1871/1647/900 1868/1644/900
f 771/1449/901 807/1633/901 123/1451/901
f 772/1448/902 1864/1642/902 771/1449/902
f 773/1447/903 1865/1640/903 772/1448/903
f 125/1518/904 1866/1643/904 773/1447/904
f 803/1517/905 1869/1646/905 1866/1643/905
f 802/1531/906 1872/1648/906 1869/1646/906
f 801/1530/907 797/1649/907 1872/1648/907
f 1872/1648/908 796/1650/908 1871/1647/908
f 1871/1647/909 795/1651/909 1870/1645/909
f 1870/1645/910 127/1636/910 809/1635/910
f 1867/1641/911 809/1635/911 808/1634/911
f 1864/1642/912 808/1634/912 807/1633/912
f 1873/1652/913 1877/1653/913 1876/1654/913
f 1875/1655/914 1877/1653/914 1874/1656/914
f 1876/1654/915 1880/1657/915 1879/1658/915
f 1878/1659/916 1880/1657/916 1877/1653/916
f 130/1660/917 1873/1652/917 819/1661/917
f 810/1662/918 1874/1656/918 1873/1652/918
f 812/1663/919 1874/1656/919 811/1664/919
f 131/1665/920 1875/1655/920 812/1663/920
f 818/1666/921 1878/1659/921 1875/1655/921
f 817/1667/922 1881/1668/922 1878/1659/922
f 1881/1668/923 133/1568/923 815/1669/923
f 1880/1657/924 815/1669/924 814/1670/924
f 1880/1657/925 813/1671/925 1879/1658/925
f 1879/1658/926 132/1672/926 821/1673/926
f 820/1674/927 1879/1658/927 821/1673/927
f 819/1661/928 1876/1654/928 820/1674/928
f 1882/1675/929 1886/1676/929 1885/1677/929
f 1883/1678/930 1887/1679/930 1886/1676/930
f 1885/1677/931 1889/1680/931 1888/1681/931
f 1886/1676/932 1890/1682/932 1889/1680/932
f 122/1629/933 1882/1675/933 822/1683/933
f 785/1556/934 1883/1678/934 1882/1675/934
f 784/1555/935 1884/1684/935 1883/1678/935
f 783/1554/936 828/1685/936 1884/1684/936
f 1884/1684/937 829/1686/937 1887/1679/937
f 829/1686/938 1890/1682/938 1887/1679/938
f 830/1687/939 819/1661/939 1890/1682/939
f 1890/1682/940 820/1674/940 1889/1680/940
f 1888/1681/941 820/1674/941 821/1673/941
f 824/1688/942 821/1673/942 132/1672/942
f 823/1689/943 1888/1681/943 824/1688/943
f 822/1683/944 1885/1677/944 823/1689/944
f 1892/1690/945 1894/1691/945 1891/1692/945
f 1893/1693/946 1895/1694/946 1892/1690/946
f 1895/1694/947 1897/1695/947 1894/1691/947
f 1896/1696/948 1898/1697/948 1895/1694/948
f 779/1441/949 833/1698/949 119/1431/949
f 778/1452/950 1891/1692/950 779/1441/950
f 777/1450/951 1892/1690/951 778/1452/951
f 123/1451/952 1893/1693/952 777/1450/952
f 827/1573/953 1896/1696/953 1893/1693/953
f 826/1571/954 1899/1699/954 1896/1696/954
f 825/1570/955 816/1700/955 1899/1699/955
f 1899/1699/956 817/1667/956 1898/1697/956
f 1897/1695/957 817/1667/957 818/1666/957
f 831/1701/958 818/1666/958 131/1665/958
f 832/1702/959 1897/1695/959 831/1701/959
f 1891/1692/960 832/1702/960 833/1698/960
f 1901/1703/961 1903/1704/961 1900/1705/961
f 1901/1703/962 1905/1706/962 1904/1707/962
f 1904/1707/963 1906/1708/963 1903/1704/963
f 1904/1707/964 1908/1709/964 1907/1710/964
f 738/1506/965 828/1685/965 118/1507/965
f 739/1505/966 1900/1705/966 738/1506/966
f 739/1505/967 1902/1711/967 1901/1703/967
f 740/1504/968 833/1698/968 1902/1711/968
f 1902/1711/969 832/1702/969 1905/1706/969
f 1905/1706/970 831/1701/970 1908/1709/970
f 1908/1709/971 131/1665/971 812/1663/971
f 1907/1710/972 812/1663/972 811/1664/972
f 1907/1710/973 810/1662/973 1906/1708/973
f 1906/1708/974 130/1660/974 830/1687/974
f 1903/1704/975 830/1687/975 829/1686/975
f 1900/1705/976 829/1686/976 828/1685/976
f 1910/1712/977 1912/1713/977 1909/1714/977
f 1911/1715/978 1913/1716/978 1910/1712/978
f 1912/1713/979 1916/1717/979 1915/1718/979
f 1914/1719/980 1916/1717/980 1913/1716/980
f 840/1720/981 875/1721/981 134/1722/981
f 841/1723/982 1909/1714/982 840/1720/982
f 842/1724/983 1910/1712/983 841/1723/983
f 136/1725/984 1911/1715/984 842/1724/984
f 870/1726/985 1914/1719/985 1911/1715/985
f 871/1727/986 1917/1728/986 1914/1719/986
f 872/1729/987 866/1730/987 1917/1728/987
f 1917/1728/988 865/1731/988 1916/1717/988
f 1915/1718/989 865/1731/989 864/1732/989
f 873/1733/990 864/1732/990 138/1734/990
f 874/1735/991 1915/1718/991 873/1733/991
f 875/1721/992 1912/1713/992 874/1735/992
f 1919/1736/993 1921/1737/993 1918/1738/993
f 1919/1736/994 1923/1739/994 1922/1740/994
f 1922/1740/995 1924/1741/995 1921/1737/995
f 1922/1740/996 1926/1742/996 1925/1743/996
f 813/1671/997 854/1744/997 132/1672/997
f 814/1670/998 1918/1738/998 813/1671/998
f 814/1670/999 1920/1745/999 1919/1736/999
f 815/1669/1000 851/1569/1000 1920/1745/1000
f 1920/1745/1001 850/1583/1001 1923/1739/1001
f 1923/1739/1002 849/1581/1002 1926/1742/1002
f 1926/1742/1003 137/1582/1003 839/1746/1003
f 1925/1743/1004 839/1746/1004 838/1747/1004
f 1925/1743/1005 837/1748/1005 1924/1741/1005
f 1924/1741/1006 136/1725/1006 852/1749/1006
f 1921/1737/1007 852/1749/1007 853/1750/1007
f 1918/1738/1008 853/1750/1008 854/1744/1008
f 1928/1751/1009 1930/1752/1009 1927/1753/1009
f 1928/1751/1010 1932/1754/1010 1931/1755/1010
f 1931/1755/1011 1933/1756/1011 1930/1752/1011
f 1931/1755/1012 1935/1757/1012 1934/1758/1012
f 764/1632/1013 846/1574/1013 123/1451/1013
f 763/1630/1014 1927/1753/1014 764/1632/1014
f 763/1630/1015 1929/1759/1015 1928/1751/1015
f 762/1628/1016 855/1760/1016 1929/1759/1016
f 1929/1759/1017 856/1761/1017 1932/1754/1017
f 1932/1754/1018 857/1762/1018 1935/1757/1018
f 857/1762/1019 834/1763/1019 1935/1757/1019
f 1935/1757/1020 835/1764/1020 1934/1758/1020
f 1933/1756/1021 835/1764/1021 836/1765/1021
f 848/1576/1022 836/1765/1022 135/1577/1022
f 1930/1752/1023 848/1576/1023 847/1575/1023
f 1927/1753/1024 847/1575/1024 846/1574/1024
f 1937/1766/1025 1939/1767/1025 1936/1768/1025
f 1938/1769/1026 1940/1770/1026 1937/1766/1026
f 1940/1770/1027 1942/1771/1027 1939/1767/1027
f 1941/1772/1028 1943/1773/1028 1940/1770/1028
f 822/1683/1029 855/1760/1029 122/1629/1029
f 823/1689/1030 1936/1768/1030 822/1683/1030
f 824/1688/1031 1937/1766/1031 823/1689/1031
f 132/1672/1032 1938/1769/1032 824/1688/1032
f 854/1744/1033 1941/1772/1033 1938/1769/1033
f 853/1750/1034 1944/1774/1034 1941/1772/1034
f 852/1749/1035 842/1724/1035 1944/1774/1035
f 1944/1774/1036 841/1723/1036 1943/1773/1036
f 1943/1773/1037 840/1720/1037 1942/1771/1037
f 1942/1771/1038 134/1722/1038 857/1762/1038
f 1939/1767/1039 857/1762/1039 856/1761/1039
f 1936/1768/1040 856/1761/1040 855/1760/1040
f 1945/1775/1041 1949/1776/1041 1948/1777/1041
f 1947/1778/1042 1949/1776/1042 1946/1779/1042
f 1949/1776/1043 1951/1780/1043 1948/1777/1043
f 1949/1776/1044 1953/1781/1044 1952/1782/1044
f 139/1783/1045 1945/1775/1045 869/1784/1045
f 860/1785/1046 1946/1779/1046 1945/1775/1046
f 858/1786/1047 1946/1779/1047 859/1787/1047
f 138/1734/1048 1947/1778/1048 858/1786/1048
f 864/1732/1049 1950/1788/1049 1947/1778/1049
f 1950/1788/1050 866/1730/1050 1953/1781/1050
f 1953/1781/1051 140/1789/1051 861/1790/1051
f 1952/1782/1052 861/1790/1052 862/1791/1052
f 1952/1782/1053 863/1792/1053 1951/1780/1053
f 1951/1780/1054 141/1793/1054 867/1794/1054
f 1948/1777/1055 867/1794/1055 868/1795/1055
f 869/1784/1056 1948/1777/1056 868/1795/1056
f 1955/1796/1057 1957/1797/1057 1954/1798/1057
f 1955/1796/1058 1959/1799/1058 1958/1800/1058
f 1958/1800/1059 1960/1801/1059 1957/1797/1059
f 1958/1800/1060 1962/1802/1060 1961/1803/1060
f 135/1577/1061 1954/1798/1061 878/1804/1061
f 836/1765/1062 1955/1796/1062 1954/1798/1062
f 834/1763/1063 1955/1796/1063 835/1764/1063
f 134/1722/1064 1956/1805/1064 834/1763/1064
f 1956/1805/1065 874/1735/1065 1959/1799/1065
f 1959/1799/1066 873/1733/1066 1962/1802/1066
f 1962/1802/1067 138/1734/1067 858/1786/1067
f 1961/1803/1068 858/1786/1068 859/1787/1068
f 1961/1803/1069 860/1785/1069 1960/1801/1069
f 1960/1801/1070 139/1783/1070 876/1806/1070
f 1957/1797/1071 876/1806/1071 877/1807/1071
f 1954/1798/1072 877/1807/1072 878/1804/1072
f 1963/1808/1073 1967/1809/1073 1966/1810/1073
f 1964/1811/1074 1968/1812/1074 1967/1809/1074
f 1966/1810/1075 1970/1813/1075 1969/1814/1075
f 1968/1812/1076 1970/1813/1076 1967/1809/1076
f 137/1582/1077 1963/1808/1077 881/1815/1077
f 843/1580/1078 1964/1811/1078 1963/1808/1078
f 844/1579/1079 1965/1816/1079 1964/1811/1079
f 845/1578/1080 878/1804/1080 1965/1816/1080
f 878/1804/1081 1968/1812/1081 1965/1816/1081
f 877/1807/1082 1971/1817/1082 1968/1812/1082
f 876/1806/1083 869/1784/1083 1971/1817/1083
f 1971/1817/1084 868/1795/1084 1970/1813/1084
f 1969/1814/1085 868/1795/1085 867/1794/1085
f 879/1818/1086 867/1794/1086 141/1793/1086
f 880/1819/1087 1969/1814/1087 879/1818/1087
f 881/1815/1088 1966/1810/1088 880/1819/1088
f 1973/1820/1089 1975/1821/1089 1972/1822/1089
f 1973/1820/1090 1977/1823/1090 1976/1824/1090
f 1976/1824/1091 1978/1825/1091 1975/1821/1091
f 1976/1824/1092 1980/1826/1092 1979/1827/1092
f 837/1748/1093 870/1726/1093 136/1725/1093
f 838/1747/1094 1972/1822/1094 837/1748/1094
f 838/1747/1095 1974/1828/1095 1973/1820/1095
f 839/1746/1096 881/1815/1096 1974/1828/1096
f 1974/1828/1097 880/1819/1097 1977/1823/1097
f 1977/1823/1098 879/1818/1098 1980/1826/1098
f 1980/1826/1099 141/1793/1099 863/1792/1099
f 1979/1827/1100 863/1792/1100 862/1791/1100
f 1979/1827/1101 861/1790/1101 1978/1825/1101
f 1978/1825/1102 140/1789/1102 872/1729/1102
f 1975/1821/1103 872/1729/1103 871/1727/1103
f 1972/1822/1104 871/1727/1104 870/1726/1104
f 1981/1829/1105 1985/1830/1105 1984/1831/1105
f 1983/1832/1106 1985/1830/1106 1982/1833/1106
f 1985/1830/1107 1987/1834/1107 1984/1831/1107
f 1985/1830/1108 1989/1835/1108 1988/1836/1108
f 142/1600/1109 1981/1829/1109 888/1601/1109
f 882/1837/1110 1982/1833/1110 1981/1829/1110
f 884/1838/1111 1982/1833/1111 883/1839/1111
f 143/1840/1112 1983/1832/1112 884/1838/1112
f 891/1841/1113 1986/1842/1113 1983/1832/1113
f 1986/1842/1114 893/1843/1114 1989/1835/1114
f 1989/1835/1115 145/1844/1115 887/1845/1115
f 1988/1836/1116 887/1845/1116 886/1846/1116
f 1988/1836/1117 885/1847/1117 1987/1834/1117
f 1987/1834/1118 144/1604/1118 890/1603/1118
f 1984/1831/1119 890/1603/1119 889/1602/1119
f 888/1601/1120 1984/1831/1120 889/1602/1120
f 1991/1848/1121 1993/1849/1121 1990/1850/1121
f 1991/1848/1122 1995/1851/1122 1994/1852/1122
f 1994/1852/1123 1996/1853/1123 1993/1849/1123
f 1994/1852/1124 1998/1854/1124 1997/1855/1124
f 126/1619/1125 1990/1850/1125 894/1597/1125
f 787/1638/1126 1990/1850/1126 786/1639/1126
f 787/1638/1127 1992/1856/1127 1991/1848/1127
f 127/1636/1128 1992/1856/1128 788/1637/1128
f 900/1857/1129 1995/1851/1129 1992/1856/1129
f 901/1858/1130 1998/1854/1130 1995/1851/1130
f 1998/1854/1131 143/1840/1131 884/1838/1131
f 1997/1855/1132 884/1838/1132 883/1839/1132
f 1997/1855/1133 882/1837/1133 1996/1853/1133
f 1996/1853/1134 142/1600/1134 896/1599/1134
f 895/1598/1135 1996/1853/1135 896/1599/1135
f 894/1597/1136 1993/1849/1136 895/1598/1136
f 2000/1859/1137 2002/1860/1137 1999/1861/1137
f 2000/1859/1138 2004/1862/1138 2003/1863/1138
f 2003/1863/1139 2005/1864/1139 2002/1860/1139
f 2003/1863/1140 2007/1865/1140 2006/1866/1140
f 795/1651/1141 900/1857/1141 127/1636/1141
f 796/1650/1142 1999/1861/1142 795/1651/1142
f 796/1650/1143 2001/1867/1143 2000/1859/1143
f 797/1649/1144 903/1868/1144 2001/1867/1144
f 2001/1867/1145 904/1869/1145 2004/1862/1145
f 2004/1862/1146 905/1870/1146 2007/1865/1146
f 2007/1865/1147 145/1844/1147 893/1843/1147
f 2006/1866/1148 893/1843/1148 892/1871/1148
f 2006/1866/1149 891/1841/1149 2005/1864/1149
f 2005/1864/1150 143/1840/1150 902/1872/1150
f 2002/1860/1151 902/1872/1151 901/1858/1151
f 1999/1861/1152 901/1858/1152 900/1857/1152
f 2009/1873/1153 2011/1874/1153 2008/1875/1153
f 2009/1873/1154 2013/1876/1154 2012/1877/1154
f 2012/1877/1155 2014/1878/1155 2011/1874/1155
f 2012/1877/1156 2016/1879/1156 2015/1880/1156
f 129/1529/1157 2008/1875/1157 903/1868/1157
f 790/1527/1158 2008/1875/1158 791/1528/1158
f 790/1527/1159 2010/1881/1159 2009/1873/1159
f 128/1525/1160 2010/1881/1160 789/1526/1160
f 899/1593/1161 2013/1876/1161 2010/1881/1161
f 898/1606/1162 2016/1879/1162 2013/1876/1162
f 2016/1879/1163 144/1604/1163 885/1847/1163
f 2015/1880/1164 885/1847/1164 886/1846/1164
f 2015/1880/1165 887/1845/1165 2014/1878/1165
f 2014/1878/1166 145/1844/1166 905/1870/1166
f 904/1869/1167 2014/1878/1167 905/1870/1167
f 903/1868/1168 2011/1874/1168 904/1869/1168
f 2017/1882/1169 2021/1883/1169 2020/1884/1169
f 2018/1885/1170 2022/1886/1170 2021/1883/1170
f 2020/1884/1171 2024/1887/1171 2023/1888/1171
f 2021/1883/1172 2025/1889/1172 2024/1887/1172
f 149/1407/1173 2017/1882/1173 947/1890/1173
f 914/1405/1174 2018/1885/1174 2017/1882/1174
f 913/1404/1175 2019/1891/1175 2018/1885/1175
f 912/1403/1176 942/1892/1176 2019/1891/1176
f 2019/1891/1177 943/1893/1177 2022/1886/1177
f 943/1893/1178 2025/1889/1178 2022/1886/1178
f 944/1894/1179 936/1895/1179 2025/1889/1179
f 2024/1887/1180 936/1895/1180 937/1896/1180
f 2023/1888/1181 937/1896/1181 938/1897/1181
f 945/1898/1182 938/1897/1182 153/1899/1182
f 946/1900/1183 2023/1888/1183 945/1898/1183
f 947/1890/1184 2020/1884/1184 946/1900/1184
f 2026/1901/1185 2030/1902/1185 2029/1903/1185
f 2028/1904/1186 2030/1902/1186 2027/1905/1186
f 2029/1903/1187 2033/1906/1187 2032/1907/1187
f 2031/1908/1188 2033/1906/1188 2030/1902/1188
f 111/1909/1189 2026/1901/1189 918/1400/1189
f 716/1910/1190 2027/1905/1190 2026/1901/1190
f 714/1911/1191 2027/1905/1191 715/1912/1191
f 110/1913/1192 2028/1904/1192 714/1911/1192
f 924/1914/1193 2031/1908/1193 2028/1904/1193
f 925/1915/1194 2034/1916/1194 2031/1908/1194
f 926/1917/1195 906/1918/1195 2034/1916/1195
f 2034/1916/1196 907/1919/1196 2033/1906/1196
f 2032/1907/1197 907/1919/1197 908/1920/1197
f 920/1402/1198 908/1920/1198 147/1921/1198
f 919/1401/1199 2032/1907/1199 920/1402/1199
f 918/1400/1200 2029/1903/1200 919/1401/1200
f 2036/1922/1201 2038/1923/1201 2035/1924/1201
f 2037/1925/1202 2039/1926/1202 2036/1922/1202
f 2039/1926/1203 2041/1927/1203 2038/1923/1203
f 2040/1928/1204 2042/1929/1204 2039/1926/1204
f 725/1930/1205 924/1914/1205 110/1913/1205
f 724/1931/1206 2035/1924/1206 725/1930/1206
f 723/1932/1207 2036/1922/1207 724/1931/1207
f 112/1933/1208 2037/1925/1208 723/1932/1208
f 927/1934/1209 2040/1928/1209 2037/1925/1209
f 928/1935/1210 2043/1936/1210 2040/1928/1210
f 929/1937/1211 915/1938/1211 2043/1936/1211
f 2043/1936/1212 916/1939/1212 2042/1929/1212
f 2042/1929/1213 917/1940/1213 2041/1927/1213
f 926/1917/1214 917/1940/1214 146/1941/1214
f 2038/1923/1215 926/1917/1215 925/1915/1215
f 2035/1924/1216 925/1915/1216 924/1914/1216
f 2045/1942/1217 2047/1943/1217 2044/1944/1217
f 2045/1942/1218 2049/1945/1218 2048/1946/1218
f 2048/1946/1219 2050/1947/1219 2047/1943/1219
f 2048/1946/1220 2052/1948/1220 2051/1949/1220
f 717/1950/1221 927/1934/1221 112/1933/1221
f 718/1951/1222 2044/1944/1222 717/1950/1222
f 718/1951/1223 2046/1952/1223 2045/1942/1223
f 719/1953/1224 923/1395/1224 2046/1952/1224
f 2046/1952/1225 922/1408/1225 2049/1945/1225
f 2049/1945/1226 921/1406/1226 2052/1948/1226
f 2052/1948/1227 149/1407/1227 911/1954/1227
f 2051/1949/1228 911/1954/1228 910/1955/1228
f 2051/1949/1229 909/1956/1229 2050/1947/1229
f 2050/1947/1230 148/1957/1230 929/1937/1230
f 2047/1943/1231 929/1937/1231 928/1935/1231
f 2044/1944/1232 928/1935/1232 927/1934/1232
f 2054/1958/1233 2056/1959/1233 2053/1960/1233
f 2054/1958/1234 2058/1961/1234 2057/1962/1234
f 2057/1962/1235 2059/1963/1235 2056/1959/1235
f 2057/1962/1236 2061/1964/1236 2060/1965/1236
f 932/1966/1237 971/1967/1237 151/1968/1237
f 931/1969/1238 2053/1960/1238 932/1966/1238
f 931/1969/1239 2055/1970/1239 2054/1958/1239
f 930/1971/1240 966/1972/1240 2055/1970/1240
f 2055/1970/1241 967/1973/1241 2058/1961/1241
f 2058/1961/1242 968/1974/1242 2061/1964/1242
f 2061/1964/1243 154/1975/1243 954/1976/1243
f 2060/1965/1244 954/1976/1244 955/1977/1244
f 2060/1965/1245 956/1978/1245 2059/1963/1245
f 2059/1963/1246 155/1979/1246 969/1980/1246
f 2056/1959/1247 969/1980/1247 970/1981/1247
f 2053/1960/1248 970/1981/1248 971/1967/1248
f 2063/1982/1249 2065/1983/1249 2062/1984/1249
f 2063/1982/1250 2067/1985/1250 2066/1986/1250
f 2066/1986/1251 2068/1987/1251 2065/1983/1251
f 2066/1986/1252 2070/1988/1252 2069/1989/1252
f 930/1971/1253 1043/1990/1253 150/1991/1253
f 931/1969/1254 2062/1984/1254 930/1971/1254
f 931/1969/1255 2064/1992/1255 2063/1982/1255
f 932/1966/1256 1038/1993/1256 2064/1992/1256
f 2064/1992/1257 1039/1994/1257 2067/1985/1257
f 2067/1985/1258 1040/1995/1258 2070/1988/1258
f 1040/1995/1259 1028/1996/1259 2070/1988/1259
f 2070/1988/1260 1027/1997/1260 2069/1989/1260
f 2068/1987/1261 1027/1997/1261 1026/1998/1261
f 1041/1999/1262 1026/1998/1262 166/2000/1262
f 2065/1983/1263 1041/1999/1263 1042/2001/1263
f 2062/1984/1264 1042/2001/1264 1043/1990/1264
f 2072/2002/1265 2074/2003/1265 2071/2004/1265
f 2073/2005/1266 2075/2006/1266 2072/2002/1266
f 2075/2006/1267 2077/2007/1267 2074/2003/1267
f 2076/2008/1268 2078/2009/1268 2075/2006/1268
f 917/1940/1269 948/2010/1269 146/1941/1269
f 916/1939/1270 2071/2004/1270 917/1940/1270
f 915/1938/1271 2072/2002/1271 916/1939/1271
f 148/1957/1272 2073/2005/1272 915/1938/1272
f 951/2011/1273 2076/2008/1273 2073/2005/1273
f 952/2012/1274 2079/2013/1274 2076/2008/1274
f 953/2014/1275 939/2015/1275 2079/2013/1275
f 2079/2013/1276 940/2016/1276 2078/2009/1276
f 2078/2009/1277 941/2017/1277 2077/2007/1277
f 950/2018/1278 941/2017/1278 150/1991/1278
f 949/2019/1279 2077/2007/1279 950/2018/1279
f 2071/2004/1280 949/2019/1280 948/2010/1280
f 2081/2020/1281 2083/2021/1281 2080/2022/1281
f 2081/2020/1282 2085/2023/1282 2084/2024/1282
f 2084/2024/1283 2086/2025/1283 2083/2021/1283
f 2084/2024/1284 2088/2026/1284 2087/2027/1284
f 909/1956/1285 951/2011/1285 148/1957/1285
f 910/1955/1286 2080/2022/1286 909/1956/1286
f 910/1955/1287 2082/2028/1287 2081/2020/1287
f 911/1954/1288 947/1890/1288 2082/2028/1288
f 2082/2028/1289 946/1900/1289 2085/2023/1289
f 2085/2023/1290 945/1898/1290 2088/2026/1290
f 2088/2026/1291 153/1899/1291 935/2029/1291
f 2087/2027/1292 935/2029/1292 934/2030/1292
f 2087/2027/1293 933/2031/1293 2086/2025/1293
f 2086/2025/1294 152/2032/1294 953/2014/1294
f 2083/2021/1295 953/2014/1295 952/2012/1295
f 2080/2022/1296 952/2012/1296 951/2011/1296
f 2090/2033/1297 2092/2034/1297 2089/2035/1297
f 2090/2033/1298 2094/2036/1298 2093/2037/1298
f 2093/2037/1299 2095/2038/1299 2092/2034/1299
f 2093/2037/1300 2097/2039/1300 2096/2040/1300
f 154/1975/1301 2089/2035/1301 995/2041/1301
f 965/2042/1302 2090/2033/1302 2089/2035/1302
f 964/2043/1303 2091/2044/1303 2090/2033/1303
f 963/2045/1304 990/2046/1304 2091/2044/1304
f 2091/2044/1305 991/2047/1305 2094/2036/1305
f 2094/2036/1306 992/2048/1306 2097/2039/1306
f 2097/2039/1307 160/2049/1307 987/2050/1307
f 2096/2040/1308 987/2050/1308 988/2051/1308
f 2095/2038/1309 988/2051/1309 989/2052/1309
f 2095/2038/1310 158/2053/1310 993/2054/1310
f 2092/2034/1311 993/2054/1311 994/2055/1311
f 2089/2035/1312 994/2055/1312 995/2041/1312
f 2099/2056/1313 2101/2057/1313 2098/2058/1313
f 2100/2059/1314 2102/2060/1314 2099/2056/1314
f 2102/2060/1315 2104/2061/1315 2101/2057/1315
f 2103/2062/1316 2105/2063/1316 2102/2060/1316
f 941/2017/1317 966/1972/1317 150/1991/1317
f 940/2016/1318 2098/2058/1318 941/2017/1318
f 939/2015/1319 2099/2056/1319 940/2016/1319
f 152/2032/1320 2100/2059/1320 939/2015/1320
f 972/2064/1321 2103/2062/1321 2100/2059/1321
f 973/2065/1322 2106/2066/1322 2103/2062/1322
f 974/2067/1323 963/2045/1323 2106/2066/1323
f 2106/2066/1324 964/2043/1324 2105/2063/1324
f 2105/2063/1325 965/2042/1325 2104/2061/1325
f 2104/2061/1326 154/1975/1326 968/1974/1326
f 2101/2057/1327 968/1974/1327 967/1973/1327
f 2098/2058/1328 967/1973/1328 966/1972/1328
f 2108/2068/1329 2110/2069/1329 2107/2070/1329
f 2108/2068/1330 2112/2071/1330 2111/2072/1330
f 2111/2072/1331 2113/2073/1331 2110/2069/1331
f 2111/2072/1332 2115/2074/1332 2114/2075/1332
f 933/2031/1333 972/2064/1333 152/2032/1333
f 934/2030/1334 2107/2070/1334 933/2031/1334
f 934/2030/1335 2109/2076/1335 2108/2068/1335
f 935/2029/1336 975/2077/1336 2109/2076/1336
f 2109/2076/1337 976/2078/1337 2112/2071/1337
f 2112/2071/1338 977/2079/1338 2115/2074/1338
f 2115/2074/1339 157/2080/1339 959/2081/1339
f 2115/2074/1340 958/2082/1340 2114/2075/1340
f 2113/2073/1341 958/2082/1341 957/2083/1341
f 2113/2073/1342 156/2084/1342 974/2067/1342
f 2110/2069/1343 974/2067/1343 973/2065/1343
f 2107/2070/1344 973/2065/1344 972/2064/1344
f 2116/2085/1345 2120/2086/1345 2119/2087/1345
f 2117/2088/1346 2121/2089/1346 2120/2086/1346
f 2119/2087/1347 2123/2090/1347 2122/2091/1347
f 2120/2086/1348 2124/2092/1348 2123/2090/1348
f 153/1899/1349 2116/2085/1349 975/2077/1349
f 938/1897/1350 2117/2088/1350 2116/2085/1350
f 937/1896/1351 2118/2093/1351 2117/2088/1351
f 936/1895/1352 971/1967/1352 2118/2093/1352
f 2118/2093/1353 970/1981/1353 2121/2089/1353
f 2121/2089/1354 969/1980/1354 2124/2092/1354
f 2124/2092/1355 155/1979/1355 960/2094/1355
f 2123/2090/1356 960/2094/1356 961/2095/1356
f 2122/2091/1357 961/2095/1357 962/2096/1357
f 977/2079/1358 962/2096/1358 157/2080/1358
f 976/2078/1359 2122/2091/1359 977/2079/1359
f 975/2077/1360 2119/2087/1360 976/2078/1360
f 2125/2097/1361 2129/2098/1361 2128/2099/1361
f 2127/2100/1362 2129/2098/1362 2126/2101/1362
f 2129/2098/1363 2131/2102/1363 2128/2099/1363
f 2129/2098/1364 2133/2103/1364 2132/2104/1364
f 159/2105/1365 2125/2097/1365 984/2106/1365
f 980/2107/1366 2126/2101/1366 2125/2097/1366
f 978/2108/1367 2126/2101/1367 979/2109/1367
f 158/2053/1368 2127/2100/1368 978/2108/1368
f 989/2052/1369 2130/2110/1369 2127/2100/1369
f 2130/2110/1370 987/2050/1370 2133/2103/1370
f 2133/2103/1371 160/2049/1371 981/2111/1371
f 2132/2104/1372 981/2111/1372 982/2112/1372
f 2132/2104/1373 983/2113/1373 2131/2102/1373
f 2131/2102/1374 161/2114/1374 986/2115/1374
f 2128/2099/1375 986/2115/1375 985/2116/1375
f 984/2106/1376 2128/2099/1376 985/2116/1376
f 2135/2117/1377 2137/2118/1377 2134/2119/1377
f 2135/2117/1378 2139/2120/1378 2138/2121/1378
f 2138/2121/1379 2140/2122/1379 2137/2118/1379
f 2138/2121/1380 2142/2123/1380 2141/2124/1380
f 957/2083/1381 990/2046/1381 156/2084/1381
f 958/2082/1382 2134/2119/1382 957/2083/1382
f 958/2082/1383 2136/2125/1383 2135/2117/1383
f 959/2081/1384 996/2126/1384 2136/2125/1384
f 2136/2125/1385 997/2127/1385 2139/2120/1385
f 2139/2120/1386 998/2128/1386 2142/2123/1386
f 2142/2123/1387 161/2114/1387 983/2113/1387
f 2141/2124/1388 983/2113/1388 982/2112/1388
f 2141/2124/1389 981/2111/1389 2140/2122/1389
f 2140/2122/1390 160/2049/1390 992/2048/1390
f 2137/2118/1391 992/2048/1391 991/2047/1391
f 2134/2119/1392 991/2047/1392 990/2046/1392
f 2144/2129/1393 2146/2130/1393 2143/2131/1393
f 2144/2129/1394 2148/2132/1394 2147/2133/1394
f 2147/2133/1395 2149/2134/1395 2146/2130/1395
f 2147/2133/1396 2151/2135/1396 2150/2136/1396
f 962/2096/1397 996/2126/1397 157/2080/1397
f 961/2095/1398 2143/2131/1398 962/2096/1398
f 960/2094/1399 2144/2129/1399 961/2095/1399
f 155/1979/1400 2145/2137/1400 960/2094/1400
f 2145/2137/1401 1000/2138/1401 2148/2132/1401
f 2148/2132/1402 1001/2139/1402 2151/2135/1402
f 2151/2135/1403 159/2105/1403 984/2106/1403
f 2151/2135/1404 985/2116/1404 2150/2136/1404
f 2150/2136/1405 986/2115/1405 2149/2134/1405
f 2149/2134/1406 161/2114/1406 998/2128/1406
f 2146/2130/1407 998/2128/1407 997/2127/1407
f 2143/2131/1408 997/2127/1408 996/2126/1408
f 2153/2140/1409 2155/2141/1409 2152/2142/1409
f 2153/2140/1410 2157/2143/1410 2156/2144/1410
f 2156/2144/1411 2158/2145/1411 2155/2141/1411
f 2156/2144/1412 2160/2146/1412 2159/2147/1412
f 956/1978/1413 999/2148/1413 155/1979/1413
f 955/1977/1414 2152/2142/1414 956/1978/1414
f 955/1977/1415 2154/2149/1415 2153/2140/1415
f 954/1976/1416 995/2041/1416 2154/2149/1416
f 2154/2149/1417 994/2055/1417 2157/2143/1417
f 2157/2143/1418 993/2054/1418 2160/2146/1418
f 2160/2146/1419 158/2053/1419 978/2108/1419
f 2159/2147/1420 978/2108/1420 979/2109/1420
f 2159/2147/1421 980/2107/1421 2158/2145/1421
f 2158/2145/1422 159/2105/1422 1001/2139/1422
f 2155/2141/1423 1001/2139/1423 1000/2138/1423
f 2152/2142/1424 1000/2138/1424 999/2148/1424
f 2161/2150/1425 2165/2151/1425 2164/2152/1425
f 2163/2153/1426 2165/2151/1426 2162/2154/1426
f 2164/2152/1427 2168/2155/1427 2167/2156/1427
f 2166/2157/1428 2168/2155/1428 2165/2151/1428
f 163/2158/1429 2161/2150/1429 1008/2159/1429
f 1004/2160/1430 2162/2154/1430 2161/2150/1430
f 1002/2161/1431 2162/2154/1431 1003/2162/1431
f 162/2163/1432 2163/2153/1432 1002/2161/1432
f 1011/2164/1433 2166/2157/1433 2163/2153/1433
f 1012/2165/1434 2169/2166/1434 2166/2157/1434
f 1013/2167/1435 1005/2168/1435 2169/2166/1435
f 2169/2166/1436 1006/2169/1436 2168/2155/1436
f 2167/2156/1437 1006/2169/1437 1007/2170/1437
f 1010/2171/1438 1007/2170/1438 165/2172/1438
f 1009/2173/1439 2167/2156/1439 1010/2171/1439
f 1008/2159/1440 2164/2152/1440 1009/2173/1440
f 2171/2174/1441 2173/2175/1441 2170/2176/1441
f 2171/2174/1442 2175/2177/1442 2174/2178/1442
f 2174/2178/1443 2176/2179/1443 2173/2175/1443
f 2174/2178/1444 2178/2180/1444 2177/2181/1444
f 908/1920/1445 1025/2182/1445 147/1921/1445
f 907/1919/1446 2170/2176/1446 908/1920/1446
f 907/1919/1447 2172/2183/1447 2171/2174/1447
f 906/1918/1448 1020/2184/1448 2172/2183/1448
f 2172/2183/1449 1021/2185/1449 2175/2177/1449
f 2175/2177/1450 1022/2186/1450 2178/2180/1450
f 2178/2180/1451 162/2163/1451 1002/2161/1451
f 2177/2181/1452 1002/2161/1452 1003/2162/1452
f 2177/2181/1453 1004/2160/1453 2176/2179/1453
f 2176/2179/1454 163/2158/1454 1023/2187/1454
f 2173/2175/1455 1023/2187/1455 1024/2188/1455
f 2170/2176/1456 1024/2188/1456 1025/2182/1456
f 2180/2189/1457 2182/2190/1457 2179/2191/1457
f 2181/2192/1458 2183/2193/1458 2180/2189/1458
f 2182/2190/1459 2186/2194/1459 2185/2195/1459
f 2184/2196/1460 2186/2194/1460 2183/2193/1460
f 948/2010/1461 1020/2184/1461 146/1941/1461
f 949/2019/1462 2179/2191/1462 948/2010/1462
f 950/2018/1463 2180/2189/1463 949/2019/1463
f 150/1991/1464 2181/2192/1464 950/2018/1464
f 1019/2197/1465 2184/2196/1465 2181/2192/1465
f 1018/2198/1466 2187/2199/1466 2184/2196/1466
f 2187/2199/1467 164/2200/1467 1013/2167/1467
f 2186/2194/1468 1013/2167/1468 1012/2165/1468
f 2185/2195/1469 1012/2165/1469 1011/2164/1469
f 1022/2186/1470 1011/2164/1470 162/2163/1470
f 1021/2185/1471 2185/2195/1471 1022/2186/1471
f 1020/2184/1472 2182/2190/1472 1021/2185/1472
f 2188/2201/1473 2192/2202/1473 2191/2203/1473
f 2189/2204/1474 2193/2205/1474 2192/2202/1474
f 2191/2203/1475 2195/2206/1475 2194/2207/1475
f 2193/2205/1476 2195/2206/1476 2192/2202/1476
f 151/1968/1477 2188/2201/1477 1014/2208/1477
f 944/1894/1478 2189/2204/1478 2188/2201/1478
f 943/1893/1479 2190/2209/1479 2189/2204/1479
f 942/1892/1480 1025/2182/1480 2190/2209/1480
f 1025/2182/1481 2193/2205/1481 2190/2209/1481
f 1024/2188/1482 2196/2210/1482 2193/2205/1482
f 1023/2187/1483 1008/2159/1483 2196/2210/1483
f 2196/2210/1484 1009/2173/1484 2195/2206/1484
f 2195/2206/1485 1010/2171/1485 2194/2207/1485
f 2194/2207/1486 165/2172/1486 1016/2211/1486
f 1015/2212/1487 2194/2207/1487 1016/2211/1487
f 1014/2208/1488 2191/2203/1488 1015/2212/1488
f 2198/2213/1489 2200/2214/1489 2197/2215/1489
f 2198/2213/1490 2202/2216/1490 2201/2217/1490
f 2201/2217/1491 2203/2218/1491 2200/2214/1491
f 2201/2217/1492 2205/2219/1492 2204/2220/1492
f 1031/2221/1493 1067/2222/1493 169/2223/1493
f 1030/2224/1494 2197/2215/1494 1031/2221/1494
f 1030/2224/1495 2199/2225/1495 2198/2213/1495
f 1029/2226/1496 1062/2227/1496 2199/2225/1496
f 2199/2225/1497 1063/2228/1497 2202/2216/1497
f 2202/2216/1498 1064/2229/1498 2205/2219/1498
f 2205/2219/1499 172/2230/1499 1053/2231/1499
f 2204/2220/1500 1053/2231/1500 1054/2232/1500
f 2204/2220/1501 1055/2233/1501 2203/2218/1501
f 2203/2218/1502 173/2234/1502 1065/2235/1502
f 2200/2214/1503 1065/2235/1503 1066/2236/1503
f 2197/2215/1504 1066/2236/1504 1067/2222/1504
f 2206/2237/1505 2210/2238/1505 2209/2239/1505
f 2207/2240/1506 2211/2241/1506 2210/2238/1506
f 2209/2239/1507 2213/2242/1507 2212/2243/1507
f 2210/2238/1508 2214/2244/1508 2213/2242/1508
f 164/2200/1509 2206/2237/1509 1046/2245/1509
f 1017/2246/1510 2207/2240/1510 2206/2237/1510
f 1018/2198/1511 2208/2247/1511 2207/2240/1511
f 1019/2197/1512 1043/1990/1512 2208/2247/1512
f 2208/2247/1513 1042/2001/1513 2211/2241/1513
f 2211/2241/1514 1041/1999/1514 2214/2244/1514
f 2214/2244/1515 166/2000/1515 1037/2248/1515
f 2213/2242/1516 1037/2248/1516 1036/2249/1516
f 2212/2243/1517 1036/2249/1517 1035/2250/1517
f 1044/2251/1518 1035/2250/1518 168/2252/1518
f 1045/2253/1519 2212/2243/1519 1044/2251/1519
f 1046/2245/1520 2209/2239/1520 1045/2253/1520
f 2215/2254/1521 2219/2255/1521 2218/2256/1521
f 2217/2257/1522 2219/2255/1522 2216/2258/1522
f 2219/2255/1523 2221/2259/1523 2218/2256/1523
f 2219/2255/1524 2223/2260/1524 2222/2261/1524
f 165/2172/1525 2215/2254/1525 1049/2262/1525
f 1007/2170/1526 2216/2258/1526 2215/2254/1526
f 1005/2168/1527 2216/2258/1527 1006/2169/1527
f 164/2200/1528 2217/2257/1528 1005/2168/1528
f 2217/2257/1529 1045/2253/1529 2220/2263/1529
f 2220/2263/1530 1044/2251/1530 2223/2260/1530
f 2223/2260/1531 168/2252/1531 1029/2226/1531
f 2222/2261/1532 1029/2226/1532 1030/2224/1532
f 2222/2261/1533 1031/2221/1533 2221/2259/1533
f 2221/2259/1534 169/2223/1534 1047/2264/1534
f 2218/2256/1535 1047/2264/1535 1048/2265/1535
f 2215/2254/1536 1048/2265/1536 1049/2262/1536
f 2225/2266/1537 2227/2267/1537 2224/2268/1537
f 2226/2269/1538 2228/2270/1538 2225/2266/1538
f 2228/2270/1539 2230/2271/1539 2227/2267/1539
f 2229/2272/1540 2231/2273/1540 2228/2270/1540
f 1014/2208/1541 1038/1993/1541 151/1968/1541
f 1015/2212/1542 2224/2268/1542 1014/2208/1542
f 1016/2211/1543 2225/2266/1543 1015/2212/1543
f 165/2172/1544 2226/2269/1544 1016/2211/1544
f 1049/2262/1545 2229/2272/1545 2226/2269/1545
f 1048/2265/1546 2232/2274/1546 2229/2272/1546
f 1047/2264/1547 1034/2275/1547 2232/2274/1547
f 2232/2274/1548 1033/2276/1548 2231/2273/1548
f 2231/2273/1549 1032/2277/1549 2230/2271/1549
f 2230/2271/1550 167/2278/1550 1040/1995/1550
f 2227/2267/1551 1040/1995/1551 1039/1994/1551
f 2224/2268/1552 1039/1994/1552 1038/1993/1552
f 2233/2279/1553 2237/2280/1553 2236/2281/1553
f 2235/2282/1554 2237/2280/1554 2234/2283/1554
f 2237/2280/1555 2239/2284/1555 2236/2281/1555
f 2237/2280/1556 2241/2285/1556 2240/2286/1556
f 170/2287/1557 2233/2279/1557 1061/2288/1557
f 1050/2289/1558 2234/2283/1558 2233/2279/1558
f 1052/2290/1559 2234/2283/1559 1051/2291/1559
f 171/2292/1560 2235/2282/1560 1052/2290/1560
f 1056/2293/1561 2238/2294/1561 2235/2282/1561
f 2238/2294/1562 1058/2295/1562 2241/2285/1562
f 2241/2285/1563 173/2234/1563 1055/2233/1563
f 2240/2286/1564 1055/2233/1564 1054/2232/1564
f 2240/2286/1565 1053/2231/1565 2239/2284/1565
f 2239/2284/1566 172/2230/1566 1059/2296/1566
f 2236/2281/1567 1059/2296/1567 1060/2297/1567
f 1061/2288/1568 2236/2281/1568 1060/2297/1568
f 2242/2298/1569 2246/2299/1569 2245/2300/1569
f 2244/2301/1570 2246/2299/1570 2243/2302/1570
f 2245/2300/1571 2249/2303/1571 2248/2304/1571
f 2247/2305/1572 2249/2303/1572 2246/2299/1572
f 1032/2277/1573 1070/2306/1573 167/2278/1573
f 1033/2276/1574 2242/2298/1574 1032/2277/1574
f 1034/2275/1575 2243/2302/1575 1033/2276/1575
f 169/2223/1576 2244/2301/1576 1034/2275/1576
f 1067/2222/1577 2247/2305/1577 2244/2301/1577
f 1066/2236/1578 2250/2307/1578 2247/2305/1578
f 1065/2235/1579 1058/2295/1579 2250/2307/1579
f 2250/2307/1580 1057/2308/1580 2249/2303/1580
f 2248/2304/1581 1057/2308/1581 1056/2293/1581
f 1068/2309/1582 1056/2293/1582 171/2292/1582
f 1069/2310/1583 2248/2304/1583 1068/2309/1583
f 1070/2306/1584 2245/2300/1584 1069/2310/1584
f 2252/2311/1585 2254/2312/1585 2251/2313/1585
f 2252/2311/1586 2256/2314/1586 2255/2315/1586
f 2255/2315/1587 2257/2316/1587 2254/2312/1587
f 2255/2315/1588 2259/2317/1588 2258/2318/1588
f 166/2000/1589 2251/2313/1589 1073/2319/1589
f 1026/1998/1590 2252/2311/1590 2251/2313/1590
f 1028/1996/1591 2252/2311/1591 1027/1997/1591
f 167/2278/1592 2253/2320/1592 1028/1996/1592
f 2253/2320/1593 1069/2310/1593 2256/2314/1593
f 2256/2314/1594 1068/2309/1594 2259/2317/1594
f 2259/2317/1595 171/2292/1595 1052/2290/1595
f 2258/2318/1596 1052/2290/1596 1051/2291/1596
f 2258/2318/1597 1050/2289/1597 2257/2316/1597
f 2257/2316/1598 170/2287/1598 1071/2321/1598
f 2254/2312/1599 1071/2321/1599 1072/2322/1599
f 2251/2313/1600 1072/2322/1600 1073/2319/1600
f 2260/2323/1601 2264/2324/1601 2263/2325/1601
f 2262/2326/1602 2264/2324/1602 2261/2327/1602
f 2263/2325/1603 2267/2328/1603 2266/2329/1603
f 2265/2330/1604 2267/2328/1604 2264/2324/1604
f 168/2252/1605 2260/2323/1605 1062/2227/1605
f 1035/2250/1606 2261/2327/1606 2260/2323/1606
f 1036/2249/1607 2262/2326/1607 2261/2327/1607
f 1037/2248/1608 1073/2319/1608 2262/2326/1608
f 1073/2319/1609 2265/2330/1609 2262/2326/1609
f 1072/2322/1610 2268/2331/1610 2265/2330/1610
f 1071/2321/1611 1061/2288/1611 2268/2331/1611
f 2268/2331/1612 1060/2297/1612 2267/2328/1612
f 2266/2329/1613 1060/2297/1613 1059/2296/1613
f 1064/2229/1614 1059/2296/1614 172/2230/1614
f 1063/2228/1615 2266/2329/1615 1064/2229/1615
f 1062/2227/1616 2263/2325/1616 1063/2228/1616
f 1075/1/1617 1078/5/1617 1077/2/1617
f 1076/4/1618 1079/7/1618 1078/5/1618
f 1078/5/1619 1081/8/1619 1080/6/1619
f 1079/7/1620 1082/17/1620 1081/8/1620
f 320/9/1621 1074/3/1621 348/10/1621
f 319/12/1622 1075/1/1622 1074/3/1622
f 318/13/1623 1076/4/1623 1075/1/1623
f 15/14/1624 236/15/1624 1076/4/1624
f 236/15/1625 235/16/1625 1079/7/1625
f 235/16/1626 234/18/1626 1082/17/1626
f 234/18/1627 7/2332/1627 194/19/1627
f 1082/17/1628 194/19/1628 193/20/1628
f 1081/8/1629 193/20/1629 192/21/1629
f 1080/6/1630 192/21/1630 26/22/1630
f 1077/2/1631 1080/6/1631 350/23/1631
f 1074/3/1632 1077/2/1632 349/24/1632
f 1083/25/1633 1084/28/1633 1087/26/1633
f 1084/28/1634 1085/37/1634 1088/29/1634
f 1086/27/1635 1087/26/1635 1090/30/1635
f 1087/26/1636 1088/29/1636 1091/32/1636
f 35/33/1637 381/35/1637 1083/25/1637
f 381/35/1638 382/36/1638 1084/28/1638
f 382/36/1639 383/38/1639 1085/37/1639
f 383/38/1640 42/519/1640 417/39/1640
f 1085/37/1641 417/39/1641 418/40/1641
f 1088/29/1642 418/40/1642 419/41/1642
f 1091/32/1643 419/41/1643 52/42/1643
f 1090/30/1644 1091/32/1644 407/43/1644
f 1089/31/1645 1090/30/1645 406/44/1645
f 362/46/1646 1089/31/1646 405/45/1646
f 361/48/1647 1086/27/1647 1089/31/1647
f 360/34/1648 1083/25/1648 1086/27/1648
f 1092/49/1649 1093/52/1649 1096/50/1649
f 1093/52/1650 1094/61/1650 1097/53/1650
f 1095/51/1651 1096/50/1651 1099/54/1651
f 1096/50/1652 1097/53/1652 1100/56/1652
f 80/57/1653 593/59/1653 1092/49/1653
f 593/59/1654 592/60/1654 1093/52/1654
f 592/60/1655 591/62/1655 1094/61/1655
f 591/62/40 78/2333/40 201/63/40
f 1094/61/1656 201/63/1656 202/64/1656
f 1097/53/1657 202/64/1657 203/65/1657
f 1100/56/1658 203/65/1658 5/66/1658
f 1099/54/1659 1100/56/1659 261/67/1659
f 1098/55/1660 1099/54/1660 262/68/1660
f 293/70/1661 1098/55/1661 263/69/1661
f 292/72/1662 1095/51/1662 1098/55/1662
f 291/58/1663 1092/49/1663 1095/51/1663
f 1102/73/1664 1105/77/1664 1104/74/1664
f 1103/76/1665 1106/79/1665 1105/77/1665
f 1105/77/1666 1108/80/1666 1107/78/1666
f 1106/79/1667 1109/89/1667 1108/80/1667
f 317/81/1668 1101/75/1668 342/82/1668
f 316/84/1669 1102/73/1669 1101/75/1669
f 315/85/1670 1103/76/1670 1102/73/1670
f 16/86/1671 239/87/1671 1103/76/1671
f 239/87/1672 238/88/1672 1106/79/1672
f 238/88/1673 237/90/1673 1109/89/1673
f 237/90/1674 4/337/1674 200/91/1674
f 1109/89/1675 200/91/1675 199/92/1675
f 1108/80/1676 199/92/1676 198/93/1676
f 1107/78/1677 198/93/1677 27/94/1677
f 1104/74/1678 1107/78/1678 344/95/1678
f 1101/75/1679 1104/74/1679 343/96/1679
f 1111/97/1680 1114/101/1680 1113/98/1680
f 1112/100/1681 1115/103/1681 1114/101/1681
f 1114/101/1682 1117/104/1682 1116/102/1682
f 1115/103/1683 1118/113/1683 1117/104/1683
f 275/105/1684 1110/99/1684 288/106/1684
f 274/108/1685 1111/97/1685 1110/99/1685
f 273/109/1686 1112/100/1686 1111/97/1686
f 14/110/1687 195/111/1687 1112/100/1687
f 195/111/1688 196/112/1688 1115/103/1688
f 196/112/1689 197/114/1689 1118/113/1689
f 197/114/1690 3/508/1690 258/115/1690
f 1118/113/1691 258/115/1691 259/116/1691
f 1117/104/1692 259/116/1692 260/117/1692
f 1116/102/1693 260/117/1693 19/118/1693
f 1113/98/1694 1116/102/1694 290/119/1694
f 1110/99/1695 1113/98/1695 289/120/1695
f 1119/121/1696 1120/124/1696 1123/122/1696
f 1120/124/1697 1121/133/1697 1124/125/1697
f 1122/123/1698 1123/122/1698 1126/126/1698
f 1123/122/1699 1124/125/1699 1127/128/1699
f 33/129/1700 341/131/1700 1119/121/1700
f 341/131/1701 340/132/1701 1120/124/1701
f 340/132/1702 339/134/1702 1121/133/1702
f 339/134/1703 28/2334/1703 204/135/1703
f 1121/133/1704 204/135/1704 205/136/1704
f 1124/125/90 205/136/90 206/137/90
f 1127/128/1705 206/137/1705 1/138/1705
f 1126/126/92 1127/128/92 252/139/92
f 1125/127/1706 1126/126/1706 253/140/1706
f 287/142/1707 1125/127/1707 254/141/1707
f 286/144/1708 1122/123/1708 1125/127/1708
f 285/130/1709 1119/121/1709 1122/123/1709
f 1129/145/97 1132/149/97 1131/146/97
f 1130/148/98 1133/159/98 1132/149/98
f 1132/149/97 1135/152/97 1134/150/97
f 1132/149/98 1133/159/98 1136/151/98
f 88/153/99 641/155/99 1128/147/99
f 641/155/97 640/156/97 1129/145/97
f 640/156/98 639/157/98 1130/148/98
f 639/157/100 86/2335/100 210/158/100
f 210/158/100 211/2336/100 1133/159/100
f 1133/159/100 211/2336/100 212/160/100
f 212/160/1710 11/2337/1710 267/161/1710
f 1136/151/98 267/161/98 268/162/98
f 1135/152/97 268/162/97 269/163/97
f 1134/150/99 269/163/99 22/164/99
f 1131/146/99 1134/150/99 284/165/99
f 1128/147/99 1131/146/99 283/166/99
f 1137/167/1711 1138/170/1711 1141/168/1711
f 1138/170/1712 1139/179/1712 1142/171/1712
f 1140/169/1713 1141/168/1713 1144/172/1713
f 1141/168/1714 1142/171/1714 1145/174/1714
f 18/175/1715 183/177/1715 1137/167/1715
f 183/177/1716 184/178/1716 1138/170/1716
f 184/178/1717 185/180/1717 1139/179/1717
f 185/180/1718 7/574/1718 234/181/1718
f 1139/179/1719 234/181/1719 235/182/1719
f 1142/171/1720 235/182/1720 236/183/1720
f 1145/174/1721 236/183/1721 15/184/1721
f 1144/172/1722 1145/174/1722 270/185/1722
f 1143/173/1723 1144/172/1723 271/186/1723
f 281/188/1724 1143/173/1724 272/187/1724
f 280/190/1725 1140/169/1725 1143/173/1725
f 279/176/1726 1137/167/1726 1140/169/1726
f 1147/191/118 1150/195/118 1149/192/118
f 1148/194/119 1151/198/119 1150/195/119
f 1149/192/118 1150/195/118 1153/196/118
f 1151/198/119 1154/207/119 1153/196/119
f 64/199/120 506/201/120 1146/193/120
f 506/201/118 505/202/118 1147/191/118
f 505/202/119 504/203/119 1148/194/119
f 504/203/121 63/440/121 231/204/121
f 1148/194/121 231/204/121 232/205/121
f 1151/198/121 232/205/121 233/206/121
f 1154/207/121 233/206/121 14/110/121
f 1153/196/119 1154/207/119 273/109/119
f 1153/196/118 274/108/118 275/105/118
f 1152/197/120 275/105/120 24/107/120
f 277/209/120 1149/192/120 1152/197/120
f 1146/193/120 1149/192/120 277/209/120
f 1156/210/122 1159/214/122 1158/211/122
f 1157/213/123 1160/217/123 1159/214/123
f 1158/211/122 1159/214/122 1162/215/122
f 1160/217/123 1163/226/123 1162/215/123
f 66/218/124 503/220/124 1155/212/124
f 503/220/122 502/221/122 1156/210/122
f 502/221/123 501/222/123 1157/213/123
f 501/222/125 68/258/125 479/223/125
f 1157/213/125 479/223/125 478/224/125
f 1160/217/125 478/224/125 477/225/125
f 1163/226/125 477/225/125 16/86/125
f 1162/215/123 1163/226/123 315/85/123
f 1162/215/122 316/84/122 317/81/122
f 1161/216/124 317/81/124 31/83/124
f 337/228/124 1158/211/124 1161/216/124
f 1155/212/124 1158/211/124 337/228/124
f 1164/229/126 1165/232/126 1168/230/126
f 1165/232/127 1166/240/127 1169/233/127
f 1167/231/126 1168/230/126 1171/234/126
f 1169/233/127 1172/245/127 1171/234/127
f 65/236/128 500/239/128 1164/229/128
f 499/238/126 1165/232/126 1164/229/126
f 499/238/127 498/242/127 1166/240/127
f 67/241/129 476/243/129 1166/240/129
f 476/243/129 475/244/129 1169/233/129
f 475/244/129 474/246/129 1172/245/129
f 474/246/129 15/14/129 318/13/129
f 1172/245/127 318/13/127 319/12/127
f 1171/234/126 319/12/126 320/9/126
f 1170/235/128 320/9/128 32/11/128
f 334/248/128 1167/231/128 1170/235/128
f 1164/229/128 1167/231/128 334/248/128
f 1173/249/130 1174/253/130 1177/250/130
f 1175/252/131 1178/255/131 1177/250/131
f 1177/250/130 1180/256/130 1179/254/130
f 1178/255/131 1181/261/131 1180/256/131
f 497/257/132 1173/249/132 479/223/132
f 496/259/130 1174/253/130 1173/249/130
f 495/260/131 1175/252/131 1174/253/131
f 64/199/133 276/200/133 1175/252/133
f 1175/252/133 276/200/133 277/209/133
f 277/209/133 278/208/133 1181/261/133
f 1181/261/133 278/208/133 24/107/133
f 1181/261/131 243/262/131 244/263/131
f 1179/254/130 1180/256/130 244/263/130
f 477/225/132 1179/254/132 245/264/132
f 1176/251/132 1179/254/132 477/225/132
f 479/223/132 1173/249/132 1176/251/132
f 1183/265/1727 1186/269/1727 1185/266/1727
f 1184/268/1728 1187/271/1728 1186/269/1728
f 1186/269/1729 1189/272/1729 1188/270/1729
f 1187/271/1730 1190/278/1730 1189/272/1730
f 255/273/1731 1182/267/1731 176/274/1731
f 256/276/1732 1183/265/1732 1182/267/1732
f 257/277/1733 1184/268/1733 1183/265/1733
f 18/175/1734 279/176/1734 1184/268/1734
f 279/176/1735 280/190/1735 1187/271/1735
f 280/190/1736 281/188/1736 1190/278/1736
f 281/188/1737 23/189/1737 240/279/1737
f 1190/278/1738 240/279/1738 241/280/1738
f 1189/272/1739 241/280/1739 242/281/1739
f 1188/270/1740 242/281/1740 13/282/1740
f 1185/266/1741 1188/270/1741 174/283/1741
f 1182/267/1742 1185/266/1742 175/284/1742
f 1191/285/150 1192/289/150 1195/286/150
f 1193/288/151 1196/298/151 1195/286/151
f 1195/286/150 1198/292/150 1197/290/150
f 1195/286/151 1196/298/151 1199/291/151
f 89/293/152 638/295/152 1191/285/152
f 638/295/150 637/297/150 1192/289/150
f 636/296/151 1193/288/151 1192/289/151
f 88/153/153 282/154/153 1193/288/153
f 1193/288/153 282/154/153 283/166/153
f 1196/298/153 283/166/153 284/165/153
f 284/165/154 22/164/154 222/299/154
f 1198/292/1743 1199/291/1743 222/299/1743
f 1197/290/150 1198/292/150 223/300/150
f 1197/290/1744 224/301/1744 9/302/1744
f 1194/287/152 1197/290/152 603/303/152
f 605/294/152 1191/285/152 1194/287/152
f 1201/305/1745 1204/309/1745 1203/306/1745
f 1202/308/1746 1205/311/1746 1204/309/1746
f 1204/309/1747 1207/312/1747 1206/310/1747
f 1205/311/1748 1208/318/1748 1207/312/1748
f 332/313/1749 1200/307/1749 299/314/1749
f 331/316/1750 1201/305/1750 1200/307/1750
f 330/317/1751 1202/308/1751 1201/305/1751
f 33/129/1752 285/130/1752 1202/308/1752
f 285/130/1753 286/144/1753 1205/311/1753
f 286/144/1754 287/142/1754 1208/318/1754
f 287/142/1755 17/143/1755 180/319/1755
f 1208/318/1756 180/319/1756 181/320/1756
f 1207/312/167 181/320/167 182/321/167
f 1206/310/1757 182/321/1757 2/322/1757
f 1203/306/169 1206/310/169 297/323/169
f 1200/307/1758 1203/306/1758 298/324/1758
f 1209/325/1759 1210/328/1759 1213/326/1759
f 1210/328/1760 1211/333/1760 1214/329/1760
f 1212/327/1761 1213/326/1761 1216/330/1761
f 1213/326/1762 1214/329/1762 1217/332/1762
f 16/86/1763 245/264/1763 1209/325/1763
f 245/264/1764 244/263/1764 1210/328/1764
f 244/263/1765 243/262/1765 1211/333/1765
f 243/262/1766 24/107/1766 288/106/1766
f 1211/333/1767 288/106/1767 289/120/1767
f 1214/329/1768 289/120/1768 290/119/1768
f 1217/332/1769 290/119/1769 19/118/1769
f 1216/330/1770 1217/332/1770 186/334/1770
f 1215/331/1771 1216/330/1771 187/335/1771
f 237/90/1772 1215/331/1772 188/336/1772
f 238/88/1773 1212/327/1773 1215/331/1773
f 239/87/1774 1209/325/1774 1212/327/1774
f 1219/338/1775 1222/342/1775 1221/339/1775
f 1220/341/1776 1223/344/1776 1222/342/1776
f 1222/342/1777 1225/345/1777 1224/343/1777
f 1223/344/1778 1226/351/1778 1225/345/1778
f 590/346/191 1218/340/191 557/347/191
f 589/349/1779 1219/338/1779 1218/340/1779
f 588/350/1780 1220/341/1780 1219/338/1780
f 80/57/1781 291/58/1781 1220/341/1781
f 291/58/1782 292/72/1782 1223/344/1782
f 292/72/1783 293/70/1783 1226/351/1783
f 293/70/197 20/71/197 189/352/197
f 1226/351/1784 189/352/1784 190/353/1784
f 1225/345/1785 190/353/1785 191/354/1785
f 1224/343/1786 191/354/1786 6/355/1786
f 1221/339/1787 1224/343/1787 555/356/1787
f 1218/340/1788 1221/339/1788 556/357/1788
f 1229/358/1789 1227/364/1789 1239/359/1789
f 1231/361/1790 1227/364/1790 1229/358/1790
f 1232/363/1791 1233/366/1791 1227/364/1791
f 1235/365/1792 1227/364/1792 1233/366/1792
f 1237/368/1793 1227/364/1793 1235/365/1793
f 1238/370/1794 1239/359/1794 1227/364/1794
f 329/371/1795 1228/360/1795 305/372/1795
f 328/374/1796 1229/358/1796 1228/360/1796
f 1228/360/1797 1239/359/1797 304/375/1797
f 368/376/1798 1230/362/1798 327/377/1798
f 367/379/1799 1231/361/1799 1230/362/1799
f 1230/362/1800 1229/358/1800 328/374/1800
f 39/380/1801 365/382/1801 1232/363/1801
f 365/382/1802 364/387/1802 1233/366/1802
f 366/381/1803 1232/363/1803 1231/361/1803
f 294/383/1804 1234/367/1804 363/384/1804
f 295/386/1805 1235/365/1805 1234/367/1805
f 1234/367/1806 1233/366/1806 364/387/1806
f 257/277/1807 1236/369/1807 296/388/1807
f 256/276/1808 1237/368/1808 1236/369/1808
f 1236/369/1809 1235/365/1809 295/386/1809
f 8/275/1810 303/389/1810 1238/370/1810
f 303/389/1811 304/375/1811 1239/359/1811
f 255/273/1812 1238/370/1812 1237/368/1812
f 1241/390/1813 1242/394/1813 1240/391/1813
f 1244/393/1814 1240/391/1814 1242/394/1814
f 1246/396/1815 1240/391/1815 1244/393/1815
f 1247/398/1816 1248/400/1816 1240/391/1816
f 1250/399/1817 1240/391/1817 1248/400/1817
f 1252/392/1818 1240/391/1818 1250/399/1818
f 4/337/1819 188/336/1819 1241/390/1819
f 188/336/1820 187/335/1820 1242/394/1820
f 200/403/1821 1241/390/1821 1252/392/1821
f 351/405/1822 1243/395/1822 186/334/1822
f 352/406/1823 1244/393/1823 1243/395/1823
f 1243/395/1824 1242/394/1824 187/335/1824
f 380/407/1825 1245/397/1825 353/408/1825
f 379/409/1826 1246/396/1826 1245/397/1826
f 1245/397/1827 1244/393/1827 352/406/1827
f 41/410/1828 377/412/1828 1247/398/1828
f 377/412/1829 376/414/1829 1248/400/1829
f 378/411/1830 1247/398/1830 1246/396/1830
f 327/377/1831 1249/401/1831 375/413/1831
f 328/374/1832 1250/399/1832 1249/401/1832
f 1249/401/1833 1248/400/1833 376/414/1833
f 198/415/1834 1251/402/1834 329/371/1834
f 199/404/1835 1252/392/1835 1251/402/1835
f 1251/402/1836 1250/399/1836 328/374/1836
f 1253/416/1837 1254/419/1837 1257/417/1837
f 1254/419/1838 1255/425/1838 1258/420/1838
f 1256/418/1839 1257/417/1839 1260/421/1839
f 1257/417/1840 1258/420/1840 1261/423/1840
f 6/355/1841 191/354/1841 1253/416/1841
f 191/354/256 190/353/256 1254/419/256
f 190/353/1842 189/352/1842 1255/425/1842
f 189/352/1843 20/71/1843 321/426/1843
f 1255/425/1844 321/426/1844 322/427/1844
f 1258/420/1845 322/427/1845 323/428/1845
f 1261/423/1846 323/428/1846 33/129/1846
f 1260/421/1847 1261/423/1847 330/317/1847
f 1259/422/1848 1260/421/1848 331/316/1848
f 177/429/1849 1259/422/1849 332/313/1849
f 178/430/1850 1256/418/1850 1259/422/1850
f 179/424/266 1253/416/266 1256/418/266
f 1262/431/267 1263/435/267 1266/432/267
f 1264/434/268 1267/437/268 1266/432/268
f 1266/432/267 1269/438/267 1268/436/267
f 1267/437/268 1270/443/268 1269/438/268
f 494/439/269 1262/431/269 231/204/269
f 493/441/267 1263/435/267 1262/431/267
f 492/442/268 1264/434/268 1263/435/268
f 65/236/270 333/237/270 1264/434/270
f 1264/434/270 333/237/270 334/248/270
f 334/248/270 335/247/270 1270/443/270
f 1270/443/270 335/247/270 32/11/270
f 1269/438/268 1270/443/268 249/444/268
f 1268/436/267 1269/438/267 250/445/267
f 233/206/269 1268/436/269 251/446/269
f 1265/433/269 1268/436/269 233/206/269
f 231/204/269 1262/431/269 1265/433/269
f 1272/447/271 1275/451/271 1274/448/271
f 1273/450/272 1276/454/272 1275/451/272
f 1274/448/271 1275/451/271 1278/452/271
f 1276/454/272 1279/460/272 1278/452/272
f 62/455/273 491/458/273 1271/449/273
f 490/457/271 1272/447/271 1271/449/271
f 489/459/272 1273/450/272 1272/447/272
f 66/218/274 336/219/274 1273/450/274
f 1273/450/274 336/219/274 337/228/274
f 337/228/274 338/227/274 1279/460/274
f 1279/460/274 338/227/274 31/83/274
f 1278/452/272 1279/460/272 246/461/272
f 1278/452/271 247/462/271 248/463/271
f 230/464/273 1277/453/273 248/463/273
f 1274/448/273 1277/453/273 230/464/273
f 1271/449/273 1274/448/273 229/466/273
f 1281/467/1851 1284/471/1851 1283/468/1851
f 1282/470/1852 1285/473/1852 1284/471/1852
f 1284/471/1853 1287/474/1853 1286/472/1853
f 1285/473/1854 1288/477/1854 1287/474/1854
f 263/69/1855 1280/469/1855 321/426/1855
f 262/68/1856 1281/467/1856 1280/469/1856
f 261/67/281 1282/470/281 1281/467/281
f 5/66/1857 306/475/1857 1282/470/1857
f 306/475/283 307/476/283 1285/473/283
f 307/476/1858 308/478/1858 1288/477/1858
f 308/478/1859 28/2334/1859 339/134/1859
f 1288/477/1860 339/134/1860 340/132/1860
f 1287/474/1861 340/132/1861 341/131/1861
f 1286/472/1862 341/131/1862 33/129/1862
f 1283/468/1863 1286/472/1863 323/428/1863
f 1280/469/1864 1283/468/1864 322/427/1864
f 1289/479/1865 1290/482/1865 1293/480/1865
f 1290/482/1866 1291/488/1866 1294/483/1866
f 1292/481/1867 1293/480/1867 1296/484/1867
f 1293/480/1868 1294/483/1868 1297/486/1868
f 13/465/1869 248/463/1869 1289/479/1869
f 248/463/1870 247/462/1870 1290/482/1870
f 247/462/1871 246/461/1871 1291/488/1871
f 246/461/1872 31/83/1872 342/82/1872
f 1291/488/1873 342/82/1873 343/96/1873
f 1294/483/1874 343/96/1874 344/95/1874
f 1297/486/1875 344/95/1875 27/94/1875
f 1296/484/1876 1297/486/1876 305/489/1876
f 1295/485/1877 1296/484/1877 304/490/1877
f 176/492/1878 1295/485/1878 303/491/1878
f 175/494/1879 1292/481/1879 1295/485/1879
f 174/487/1880 1289/479/1880 1292/481/1880
f 1300/495/1881 1298/499/1881 1310/496/1881
f 1301/498/1882 1302/501/1882 1298/499/1882
f 1304/500/1883 1298/499/1883 1302/501/1883
f 1306/503/1884 1298/499/1884 1304/500/1884
f 1307/505/1885 1308/506/1885 1298/499/1885
f 1310/496/1886 1298/499/1886 1308/506/1886
f 260/117/1887 1299/497/1887 351/405/1887
f 259/116/1888 1300/495/1888 1299/497/1888
f 1299/497/1889 1310/496/1889 352/406/1889
f 3/508/1890 300/509/1890 1301/498/1890
f 300/509/1891 301/514/1891 1302/501/1891
f 258/115/1892 1301/498/1892 1300/495/1892
f 354/510/1893 1303/502/1893 302/511/1893
f 355/513/1894 1304/500/1894 1303/502/1894
f 1303/502/1895 1302/501/1895 301/514/1895
f 386/515/1896 1305/504/1896 356/516/1896
f 385/518/1897 1306/503/1897 1305/504/1897
f 1305/504/1898 1304/500/1898 355/513/1898
f 42/519/1899 383/38/1899 1307/505/1899
f 383/38/1900 382/36/1900 1308/506/1900
f 384/520/1901 1307/505/1901 1306/503/1901
f 353/408/1902 1309/507/1902 381/35/1902
f 352/406/1903 1310/496/1903 1309/507/1903
f 1309/507/1904 1308/506/1904 382/36/1904
f 1311/521/1905 1312/524/1905 1315/522/1905
f 1312/524/1906 1313/529/1906 1316/525/1906
f 1314/523/1907 1315/522/1907 1318/526/1907
f 1315/522/1908 1316/525/1908 1319/528/1908
f 14/110/1909 251/446/1909 1311/521/1909
f 251/446/1910 250/445/1910 1312/524/1910
f 250/445/1911 249/444/1911 1313/529/1911
f 249/444/1912 32/11/1912 348/10/1912
f 1313/529/1913 348/10/1913 349/24/1913
f 1316/525/1914 349/24/1914 350/23/1914
f 1319/528/1915 350/23/1915 26/22/1915
f 1318/526/1916 1319/528/1916 302/530/1916
f 1317/527/1917 1318/526/1917 301/531/1917
f 197/114/1918 1317/527/1918 300/532/1918
f 196/112/1919 1314/523/1919 1317/527/1919
f 195/111/1920 1311/521/1920 1314/523/1920
f 1321/533/1921 1324/537/1921 1323/534/1921
f 1322/536/1922 1325/539/1922 1324/537/1922
f 1324/537/1923 1327/540/1923 1326/538/1923
f 1325/539/1924 1328/544/1924 1327/540/1924
f 366/381/1925 1320/535/1925 416/541/1925
f 367/379/1926 1321/533/1926 1320/535/1926
f 368/376/1927 1322/536/1927 1321/533/1927
f 37/378/1928 411/542/1928 1322/536/1928
f 411/542/1929 412/543/1929 1325/539/1929
f 412/543/1930 413/545/1930 1328/544/1930
f 413/545/1931 47/624/1931 392/546/1931
f 1328/544/1932 392/546/1932 391/547/1932
f 1327/540/1933 391/547/1933 390/548/1933
f 1326/538/1934 390/548/1934 49/549/1934
f 1323/534/1935 1326/538/1935 414/550/1935
f 1320/535/1936 1323/534/1936 415/551/1936
f 1331/552/1937 1329/556/1937 1341/553/1937
f 1332/555/1938 1333/558/1938 1329/556/1938
f 1335/557/1939 1329/556/1939 1333/558/1939
f 1337/560/1940 1329/556/1940 1335/557/1940
f 1338/562/1941 1339/563/1941 1329/556/1941
f 1341/553/1942 1329/556/1942 1339/563/1942
f 371/565/1943 1330/554/1943 294/383/1943
f 370/566/1944 1331/552/1944 1330/554/1944
f 1330/554/1945 1341/553/1945 295/386/1945
f 40/567/1946 374/569/1946 1332/555/1946
f 374/569/1947 373/571/1947 1333/558/1947
f 369/568/1948 1332/555/1948 1331/552/1948
f 356/516/1949 1334/559/1949 372/570/1949
f 355/513/1950 1335/557/1950 1334/559/1950
f 1334/559/1951 1333/558/1951 373/571/1951
f 192/572/1952 1336/561/1952 354/510/1952
f 193/573/1953 1337/560/1953 1336/561/1953
f 1336/561/1954 1335/557/1954 355/513/1954
f 7/574/1955 185/180/1955 1338/562/1955
f 185/180/1956 184/178/1956 1339/563/1956
f 194/575/1957 1338/562/1957 1337/560/1957
f 296/388/1958 1340/564/1958 183/177/1958
f 295/386/1959 1341/553/1959 1340/564/1959
f 1340/564/1960 1339/563/1960 184/178/1960
f 1342/576/1961 1343/579/1961 1346/577/1961
f 1343/579/1962 1344/585/1962 1347/580/1962
f 1345/578/1963 1346/577/1963 1349/581/1963
f 1346/577/1964 1347/580/1964 1350/583/1964
f 36/517/1965 372/570/1965 1342/576/1965
f 372/570/1966 373/571/1966 1343/579/1966
f 373/571/1967 374/569/1967 1344/585/1967
f 374/569/1968 40/567/1968 345/586/1968
f 1344/585/1969 345/586/1969 346/587/1969
f 1347/580/1970 346/587/1970 347/588/1970
f 1350/583/1971 347/588/1971 50/589/1971
f 1349/581/1972 1350/583/1972 398/590/1972
f 1348/582/1973 1349/581/1973 397/591/1973
f 324/593/1974 1348/582/1974 396/592/1974
f 325/595/1975 1345/578/1975 1348/582/1975
f 326/584/1976 1342/576/1976 1345/578/1976
f 1352/596/1977 1355/600/1977 1354/597/1977
f 1353/599/1978 1356/602/1978 1355/600/1978
f 1355/600/1979 1358/603/1979 1357/601/1979
f 1356/602/1980 1359/605/1980 1358/603/1980
f 378/411/1981 1351/598/1981 359/604/1981
f 379/409/1982 1352/596/1982 1351/598/1982
f 380/407/1983 1353/599/1983 1352/596/1983
f 35/33/1984 360/34/1984 1353/599/1984
f 360/34/1985 361/48/1985 1356/602/1985
f 361/48/1986 362/46/1986 1359/605/1986
f 362/46/1987 45/47/1987 404/606/1987
f 1359/605/1988 404/606/1988 403/607/1988
f 1358/603/1989 403/607/1989 402/608/1989
f 1357/601/1990 402/608/1990 51/609/1990
f 1354/597/1991 1357/601/1991 357/610/1991
f 1351/598/1992 1354/597/1992 358/611/1992
f 1360/612/1993 1361/615/1993 1364/613/1993
f 1361/615/1994 1362/620/1994 1365/616/1994
f 1363/614/1995 1364/613/1995 1367/617/1995
f 1364/613/1996 1365/616/1996 1368/619/1996
f 37/378/1997 375/413/1997 1360/612/1997
f 375/413/1998 376/414/1998 1361/615/1998
f 376/414/1999 377/412/1999 1362/620/1999
f 377/412/2000 41/410/2000 359/604/2000
f 1362/620/2001 359/604/2001 358/611/2001
f 1365/616/2002 358/611/2002 357/610/2002
f 1368/619/2003 357/610/2003 51/609/2003
f 1367/617/2004 1368/619/2004 401/621/2004
f 1366/618/2005 1367/617/2005 400/622/2005
f 413/545/2006 1366/618/2006 399/623/2006
f 412/543/2007 1363/614/2007 1366/618/2007
f 411/542/2008 1360/612/2008 1363/614/2008
f 1370/625/2009 1373/629/2009 1372/626/2009
f 1371/628/2010 1374/631/2010 1373/629/2010
f 1373/629/2011 1376/632/2011 1375/630/2011
f 1374/631/2012 1377/635/2012 1376/632/2012
f 369/568/2013 1369/627/2013 345/586/2013
f 370/566/2014 1370/625/2014 1369/627/2014
f 371/565/2015 1371/628/2015 1370/625/2015
f 38/385/2016 420/633/2016 1371/628/2016
f 420/633/2017 421/634/2017 1374/631/2017
f 421/634/2018 422/636/2018 1377/635/2018
f 422/636/2019 48/652/2019 395/637/2019
f 1377/635/2020 395/637/2020 394/638/2020
f 1376/632/2021 394/638/2021 393/639/2021
f 1375/630/2022 393/639/2022 50/589/2022
f 1372/626/2023 1375/630/2023 347/588/2023
f 1369/627/2024 1372/626/2024 346/587/2024
f 1378/640/2025 1379/643/2025 1382/641/2025
f 1379/643/2026 1380/648/2026 1383/644/2026
f 1381/642/2027 1382/641/2027 1385/645/2027
f 1382/641/2028 1383/644/2028 1386/647/2028
f 38/385/2029 363/384/2029 1378/640/2029
f 363/384/2030 364/387/2030 1379/643/2030
f 364/387/2031 365/382/2031 1380/648/2031
f 365/382/2032 39/380/2032 416/541/2032
f 1380/648/2033 416/541/2033 415/551/2033
f 1383/644/2034 415/551/2034 414/550/2034
f 1386/647/2035 414/550/2035 49/549/2035
f 1385/645/2036 1386/647/2036 389/649/2036
f 1384/646/2037 1385/645/2037 388/650/2037
f 422/636/2038 1384/646/2038 387/651/2038
f 421/634/2039 1381/642/2039 1384/646/2039
f 420/633/2040 1378/640/2040 1381/642/2040
f 1388/653/2041 1391/657/2041 1390/654/2041
f 1389/656/2042 1392/659/2042 1391/657/2042
f 1391/657/2043 1394/660/2043 1393/658/2043
f 1392/659/2044 1395/661/2044 1394/660/2044
f 384/520/2045 1387/655/2045 417/39/2045
f 385/518/2046 1388/653/2046 1387/655/2046
f 386/515/2047 1389/656/2047 1388/653/2047
f 36/517/2048 326/584/2048 1389/656/2048
f 326/584/2049 325/595/2049 1392/659/2049
f 325/595/2050 324/593/2050 1395/661/2050
f 324/593/2051 46/594/2051 410/662/2051
f 1395/661/2052 410/662/2052 409/663/2052
f 1394/660/2053 409/663/2053 408/664/2053
f 1393/658/2054 408/664/2054 52/42/2054
f 1390/654/2055 1393/658/2055 419/41/2055
f 1387/655/2056 1390/654/2056 418/40/2056
f 1396/665/271 1397/669/271 1400/666/271
f 1398/668/272 1401/680/272 1400/666/272
f 1400/666/271 1403/672/271 1402/670/271
f 1400/666/272 1401/680/272 1404/671/272
f 635/673/273 1396/665/273 435/674/273
f 635/673/271 634/677/271 1397/669/271
f 633/676/272 1398/668/272 1397/669/272
f 93/678/274 447/761/274 1398/668/274
f 1398/668/274 447/761/274 448/679/274
f 1401/680/274 448/679/274 449/681/274
f 449/681/274 61/770/274 450/682/274
f 1403/672/272 1404/671/272 450/682/272
f 1403/672/271 451/683/271 452/684/271
f 1402/670/273 452/684/273 56/685/273
f 1399/667/273 1402/670/273 437/686/273
f 435/674/273 1396/665/273 1399/667/273
f 1406/688/267 1409/692/267 1408/689/267
f 1407/691/268 1410/703/268 1409/692/268
f 1409/692/267 1412/695/267 1411/693/267
f 1409/692/268 1410/703/268 1413/694/268
f 632/696/269 1405/690/269 438/697/269
f 631/699/267 1406/688/267 1405/690/267
f 630/700/268 1407/691/268 1406/688/268
f 92/701/270 444/742/270 1407/691/270
f 1407/691/270 444/742/270 445/702/270
f 1410/703/270 445/702/270 446/704/270
f 446/704/270 60/753/270 453/705/270
f 1412/695/268 1413/694/268 453/705/268
f 1411/693/267 1412/695/267 454/706/267
f 440/708/269 1411/693/269 455/707/269
f 1408/689/269 1411/693/269 440/708/269
f 1405/690/269 1408/689/269 439/710/269
f 1415/711/130 1418/715/130 1417/712/130
f 1416/714/131 1419/726/131 1418/715/131
f 1418/715/130 1421/718/130 1420/716/130
f 1418/715/131 1419/726/131 1422/717/131
f 629/719/132 1414/713/132 599/720/132
f 628/722/130 1415/711/130 1414/713/130
f 627/723/131 1416/714/131 1415/711/131
f 91/724/133 441/778/133 1416/714/133
f 1416/714/133 441/778/133 442/725/133
f 1419/726/133 442/725/133 443/727/133
f 443/727/133 58/787/133 459/728/133
f 1421/718/131 1422/717/131 459/728/131
f 1420/716/130 1421/718/130 460/729/130
f 597/731/132 1420/716/132 461/730/132
f 1417/712/132 1420/716/132 597/731/132
f 1414/713/132 1417/712/132 598/733/132
f 1424/734/126 1427/738/126 1426/735/126
f 1425/737/127 1428/748/127 1427/738/127
f 1427/738/126 1430/741/126 1429/739/126
f 1427/738/127 1428/748/127 1431/740/127
f 92/701/128 626/743/128 1423/736/128
f 626/743/126 625/744/126 1424/734/126
f 625/744/127 624/746/127 1425/737/127
f 86/745/129 596/747/129 1425/737/129
f 596/747/129 595/2338/129 1428/748/129
f 1428/748/129 595/2338/129 594/749/129
f 594/749/129 54/2339/129 462/750/129
f 1430/741/127 1431/740/127 462/750/127
f 1429/739/126 1430/741/126 463/751/126
f 1429/739/128 464/752/128 60/753/128
f 1426/735/128 1429/739/128 446/704/128
f 1423/736/128 1426/735/128 445/702/128
f 1432/754/122 1433/757/122 1436/755/122
f 1433/757/123 1434/765/123 1437/758/123
f 1436/755/122 1439/760/122 1438/759/122
f 1437/758/123 1440/766/123 1439/760/123
f 93/678/124 623/762/124 1432/754/124
f 623/762/122 622/764/122 1433/757/122
f 621/763/123 1434/765/123 1433/757/123
f 87/721/125 599/720/125 1434/765/125
f 1434/765/125 599/720/125 598/733/125
f 598/733/125 597/731/125 1440/766/125
f 1440/766/125 597/731/125 55/732/125
f 1439/760/123 1440/766/123 465/767/123
f 1439/760/122 466/768/122 467/769/122
f 1438/759/124 467/769/124 61/770/124
f 1435/756/124 1438/759/124 449/681/124
f 1432/754/124 1435/756/124 448/679/124
f 1441/771/118 1442/774/118 1445/772/118
f 1442/774/119 1443/782/119 1446/775/119
f 1445/772/118 1448/777/118 1447/776/118
f 1446/775/119 1449/783/119 1448/777/119
f 91/724/120 620/779/120 1441/771/120
f 620/779/118 619/781/118 1442/774/118
f 618/780/119 1443/782/119 1442/774/119
f 90/698/121 438/697/121 1443/782/121
f 1443/782/121 438/697/121 439/710/121
f 439/710/121 440/708/121 1449/783/121
f 1449/783/121 440/708/121 57/709/121
f 1448/777/119 1449/783/119 468/784/119
f 1448/777/118 469/785/118 470/786/118
f 1447/776/120 470/786/120 58/787/120
f 1444/773/120 1447/776/120 443/727/120
f 1441/771/120 1444/773/120 442/725/120
f 1451/788/97 1454/792/97 1453/789/97
f 1452/791/98 1455/802/98 1454/792/98
f 1454/792/97 1457/795/97 1456/793/97
f 1454/792/98 1455/802/98 1458/794/98
f 272/796/99 1450/790/99 480/797/99
f 271/799/97 1451/788/97 1450/790/97
f 271/799/98 270/800/98 1452/791/98
f 270/800/100 15/2340/100 474/801/100
f 474/801/100 475/2341/100 1455/802/100
f 1455/802/100 475/2341/100 476/803/100
f 1458/794/100 476/803/100 67/804/100
f 1458/794/98 483/805/98 484/806/98
f 1456/793/97 1457/795/97 484/806/97
f 1456/793/99 485/807/99 69/808/99
f 1453/789/99 1456/793/99 482/809/99
f 1450/790/99 1453/789/99 481/810/99
f 1459/811/150 1460/815/150 1463/812/150
f 1461/814/151 1464/824/151 1463/812/151
f 1463/812/150 1466/818/150 1465/816/150
f 1463/812/151 1464/824/151 1467/817/151
f 13/819/152 242/822/152 1459/811/152
f 241/821/150 1460/815/150 1459/811/150
f 240/823/151 1461/814/151 1460/815/151
f 23/798/153 480/797/153 1461/814/153
f 480/797/153 481/810/153 1464/824/153
f 1464/824/153 481/810/153 482/809/153
f 482/809/153 69/808/153 486/825/153
f 1466/818/151 1467/817/151 486/825/151
f 1465/816/150 1466/818/150 487/826/150
f 1465/816/152 488/827/152 62/828/152
f 1462/813/152 1465/816/152 228/829/152
f 1459/811/152 1462/813/152 229/830/152
f 1468/831/271 1469/835/271 1472/832/271
f 1470/834/272 1473/846/272 1472/832/272
f 1472/832/271 1475/838/271 1474/836/271
f 1472/832/272 1473/846/272 1476/837/272
f 587/839/273 1468/831/273 507/840/273
f 587/839/271 586/843/271 1469/835/271
f 585/842/272 1470/834/272 1469/835/272
f 85/844/274 519/927/274 1470/834/274
f 1470/834/274 519/927/274 520/845/274
f 1473/846/274 520/845/274 521/847/274
f 521/847/274 77/936/274 522/848/274
f 1475/838/2057 1476/837/2057 522/848/2057
f 1474/836/271 1475/838/271 523/849/271
f 1474/836/273 524/850/273 72/851/273
f 1471/833/273 1474/836/273 509/852/273
f 507/840/273 1468/831/273 1471/833/273
f 1478/854/267 1481/858/267 1480/855/267
f 1479/857/268 1482/869/268 1481/858/268
f 1481/858/267 1484/861/267 1483/859/267
f 1481/858/268 1482/869/268 1485/860/268
f 584/862/269 1477/856/269 510/863/269
f 583/865/267 1478/854/267 1477/856/267
f 582/866/268 1479/857/268 1478/854/268
f 84/867/270 516/908/270 1479/857/270
f 1479/857/270 516/908/270 517/868/270
f 1482/869/270 517/868/270 518/870/270
f 518/870/270 76/919/270 525/871/270
f 1484/861/2058 1485/860/2058 525/871/2058
f 1483/859/589 1484/861/589 526/872/589
f 512/874/269 1483/859/269 527/873/269
f 1480/855/269 1483/859/269 512/874/269
f 1477/856/269 1480/855/269 511/876/269
f 1487/877/130 1490/881/130 1489/878/130
f 1488/880/131 1491/892/131 1490/881/131
f 1490/881/130 1493/884/130 1492/882/130
f 1490/881/131 1491/892/131 1494/883/131
f 581/885/132 1486/879/132 551/886/132
f 580/888/130 1487/877/130 1486/879/130
f 579/889/131 1488/880/131 1487/877/131
f 83/890/133 513/944/133 1488/880/133
f 1488/880/133 513/944/133 514/891/133
f 1491/892/133 514/891/133 515/893/133
f 515/893/133 74/953/133 531/894/133
f 1493/884/131 1494/883/131 531/894/131
f 1492/882/130 1493/884/130 532/895/130
f 549/897/132 1492/882/132 533/896/132
f 1489/878/132 1492/882/132 549/897/132
f 1486/879/132 1489/878/132 550/899/132
f 1496/900/126 1499/904/126 1498/901/126
f 1497/903/127 1500/914/127 1499/904/127
f 1499/904/126 1502/907/126 1501/905/126
f 1499/904/127 1500/914/127 1503/906/127
f 84/867/128 578/909/128 1495/902/128
f 578/909/126 577/910/126 1496/900/126
f 577/910/127 576/912/127 1497/903/127
f 78/911/129 548/913/129 1497/903/129
f 548/913/129 547/2342/129 1500/914/129
f 1500/914/129 547/2342/129 546/915/129
f 546/915/129 70/2343/129 534/916/129
f 1503/906/2059 534/916/2059 535/917/2059
f 1501/905/126 1502/907/126 535/917/126
f 1501/905/128 536/918/128 76/919/128
f 1498/901/128 1501/905/128 518/870/128
f 1495/902/128 1498/901/128 517/868/128
f 1504/920/122 1505/923/122 1508/921/122
f 1505/923/123 1506/931/123 1509/924/123
f 1508/921/122 1511/926/122 1510/925/122
f 1509/924/123 1512/932/123 1511/926/123
f 85/844/124 575/928/124 1504/920/124
f 575/928/122 574/930/122 1505/923/122
f 573/929/123 1506/931/123 1505/923/123
f 79/887/125 551/886/125 1506/931/125
f 1506/931/125 551/886/125 550/899/125
f 550/899/125 549/897/125 1512/932/125
f 1512/932/2060 549/897/2060 71/898/2060
f 1512/932/123 537/933/123 538/934/123
f 1511/926/122 538/934/122 539/935/122
f 1510/925/124 539/935/124 77/936/124
f 1507/922/124 1510/925/124 521/847/124
f 1504/920/124 1507/922/124 520/845/124
f 1513/937/118 1514/940/118 1517/938/118
f 1514/940/119 1515/948/119 1518/941/119
f 1517/938/118 1520/943/118 1519/942/118
f 1518/941/119 1521/949/119 1520/943/119
f 83/890/120 572/945/120 1513/937/120
f 572/945/118 571/947/118 1514/940/118
f 570/946/119 1515/948/119 1514/940/119
f 82/864/121 510/863/121 1515/948/121
f 1515/948/121 510/863/121 511/876/121
f 511/876/121 512/874/121 1521/949/121
f 1521/949/121 512/874/121 73/875/121
f 1521/949/119 540/950/119 541/951/119
f 1520/943/118 541/951/118 542/952/118
f 1519/942/120 542/952/120 74/953/120
f 514/891/120 1516/939/120 1519/942/120
f 1513/937/120 1516/939/120 514/891/120
f 1523/954/2061 1526/958/2061 1525/955/2061
f 1524/957/2062 1527/960/2062 1526/958/2062
f 1526/958/2063 1529/961/2063 1528/959/2063
f 1527/960/2064 1530/965/2064 1529/961/2064
f 254/141/2065 1522/956/2065 561/962/2065
f 253/140/2066 1523/954/2066 1522/956/2066
f 252/139/2067 1524/957/2067 1523/954/2067
f 1/138/2068 558/963/2068 1524/957/2068
f 558/963/2069 559/964/2069 1527/960/2069
f 559/964/2070 560/966/2070 1530/965/2070
f 560/966/498 82/864/498 570/946/498
f 1530/965/2071 570/946/2071 571/947/2071
f 1529/961/2072 571/947/2072 572/945/2072
f 1528/959/2073 572/945/2073 83/890/2073
f 1525/955/2074 1528/959/2074 563/967/2074
f 1522/956/2075 1525/955/2075 562/968/2075
f 1532/969/2076 1535/973/2076 1534/970/2076
f 1533/972/2077 1536/975/2077 1535/973/2077
f 1535/973/2078 1538/976/2078 1537/974/2078
f 1536/975/2079 1539/984/2079 1538/976/2079
f 299/977/2080 1531/971/2080 567/978/2080
f 298/980/2081 1532/969/2081 1531/971/2081
f 297/981/2082 1533/972/2082 1532/969/2082
f 2/322/2083 209/982/2083 1533/972/2083
f 209/982/2084 208/983/2084 1536/975/2084
f 208/983/2085 207/985/2085 1539/984/2085
f 207/985/514 79/887/514 573/929/514
f 1539/984/2086 573/929/2086 574/930/2086
f 1538/976/2087 574/930/2087 575/928/2087
f 1537/974/2088 575/928/2088 85/844/2088
f 1534/970/2089 1537/974/2089 569/986/2089
f 1531/971/2090 1534/970/2090 568/987/2090
f 1541/988/2091 1544/992/2091 1543/989/2091
f 1542/991/2092 1545/994/2092 1544/992/2092
f 1544/992/2093 1547/995/2093 1546/993/2093
f 1545/994/2094 1548/1004/2094 1547/995/2094
f 308/996/2095 1540/990/2095 564/997/2095
f 307/999/2096 1541/988/2096 1540/990/2096
f 306/1000/2097 1542/991/2097 1541/988/2097
f 5/1001/2098 203/1002/2098 1542/991/2098
f 203/1002/2099 202/1003/2099 1545/994/2099
f 202/1003/2100 201/1005/2100 1548/1004/2100
f 201/1005/530 78/911/530 576/912/530
f 1548/1004/2101 576/912/2101 577/910/2101
f 1547/995/2102 577/910/2102 578/909/2102
f 1546/993/2103 578/909/2103 84/867/2103
f 1543/989/2104 1546/993/2104 566/1006/2104
f 1540/990/2105 1543/989/2105 565/1007/2105
f 1549/1008/2106 1550/1011/2106 1553/1009/2106
f 1550/1011/2107 1551/1016/2107 1554/1012/2107
f 1552/1010/2108 1553/1009/2108 1556/1013/2108
f 1553/1009/2109 1554/1012/2109 1557/1015/2109
f 2/322/2110 182/321/2110 1549/1008/2110
f 182/321/2111 181/320/2111 1550/1011/2111
f 181/320/2112 180/319/2112 1551/1016/2112
f 180/319/2113 17/143/2113 561/962/2113
f 1551/1016/2114 561/962/2114 562/968/2114
f 1554/1012/2115 562/968/2115 563/967/2115
f 1557/1015/2116 563/967/2116 83/890/2116
f 1556/1013/2117 1557/1015/2117 579/889/2117
f 1555/1014/2118 1556/1013/2118 580/888/2118
f 207/985/549 1555/1014/549 581/885/549
f 208/983/2119 1552/1010/2119 1555/1014/2119
f 209/982/2120 1549/1008/2120 1552/1010/2120
f 1558/1017/2121 1559/1020/2121 1562/1018/2121
f 1559/1020/2122 1560/1027/2122 1563/1021/2122
f 1561/1019/2123 1562/1018/2123 1565/1022/2123
f 1562/1018/2124 1563/1021/2124 1566/1024/2124
f 1/138/2125 206/1025/2125 1558/1017/2125
f 206/1025/2126 205/1026/2126 1559/1020/2126
f 205/1026/2127 204/1028/2127 1560/1027/2127
f 204/1028/2128 28/998/2128 564/997/2128
f 1560/1027/2129 564/997/2129 565/1007/2129
f 1563/1021/2130 565/1007/2130 566/1006/2130
f 1566/1024/2131 566/1006/2131 84/867/2131
f 1565/1022/2132 1566/1024/2132 582/866/2132
f 1564/1023/2133 1565/1022/2133 583/865/2133
f 560/966/565 1564/1023/565 584/862/565
f 559/964/2134 1561/1019/2134 1564/1023/2134
f 558/963/2135 1558/1017/2135 1561/1019/2135
f 1567/1029/2136 1568/1032/2136 1571/1030/2136
f 1568/1032/2137 1569/1041/2137 1572/1033/2137
f 1570/1031/2138 1571/1030/2138 1574/1034/2138
f 1571/1030/2139 1572/1033/2139 1575/1036/2139
f 6/1037/2140 179/1039/2140 1567/1029/2140
f 179/1039/2141 178/1040/2141 1568/1032/2141
f 178/1040/2142 177/1042/2142 1569/1041/2142
f 177/1042/2143 25/979/2143 567/978/2143
f 1569/1041/2144 567/978/2144 568/987/2144
f 1572/1033/2145 568/987/2145 569/986/2145
f 1575/1036/2146 569/986/2146 85/844/2146
f 1574/1034/2147 1575/1036/2147 585/842/2147
f 1573/1035/2148 1574/1034/2148 586/843/2148
f 557/1043/581 1573/1035/581 587/839/581
f 556/1044/2149 1570/1031/2149 1573/1035/2149
f 555/1038/2150 1567/1029/2150 1570/1031/2150
f 1577/1045/150 1580/1049/150 1579/1046/150
f 1577/1045/151 1578/1058/151 1581/1048/151
f 1579/1046/150 1580/1049/150 1583/1050/150
f 1581/1048/151 1584/1060/151 1583/1050/151
f 530/1052/152 1576/1047/152 509/1053/152
f 529/1055/150 1577/1045/150 1576/1047/150
f 528/1056/151 1578/1058/151 1577/1045/151
f 75/1057/153 552/1070/153 1578/1058/153
f 1578/1058/153 552/1070/153 553/1059/153
f 553/1059/153 554/1079/153 1584/1060/153
f 1584/1060/153 554/1079/153 80/57/153
f 1584/1060/151 588/350/151 589/349/151
f 1583/1050/150 589/349/150 590/346/150
f 1582/1051/152 590/346/152 81/348/152
f 508/1062/152 1579/1046/152 1582/1051/152
f 1576/1047/152 1579/1046/152 508/1062/152
f 1585/1063/97 1586/1066/97 1589/1064/97
f 1586/1066/98 1587/1075/98 1590/1067/98
f 1588/1065/97 1589/1064/97 1592/1068/97
f 1590/1067/98 1593/1078/98 1592/1068/98
f 75/1057/99 545/1072/99 1585/1063/99
f 544/1071/97 1586/1066/97 1585/1063/97
f 543/1073/98 1587/1075/98 1586/1066/98
f 70/1074/100 546/1076/100 1587/1075/100
f 546/1076/100 547/2344/100 1590/1067/100
f 1590/1067/100 547/2344/100 548/1077/100
f 548/1077/100 78/2333/100 591/62/100
f 1593/1078/98 591/62/98 592/60/98
f 1592/1068/97 592/60/97 593/59/97
f 1591/1069/99 593/59/99 80/57/99
f 553/1059/99 1588/1065/99 1591/1069/99
f 1585/1063/99 1588/1065/99 553/1059/99
f 1595/1080/118 1598/1084/118 1597/1081/118
f 1596/1083/119 1599/1087/119 1598/1084/119
f 1597/1081/118 1598/1084/118 1601/1085/118
f 1599/1087/119 1602/1095/119 1601/1085/119
f 21/1088/120 266/1090/120 1594/1082/120
f 266/1090/118 265/1091/118 1595/1080/118
f 265/1091/119 264/1092/119 1596/1083/119
f 264/1092/121 10/1157/121 606/1093/121
f 606/1093/121 607/1094/121 1599/1087/121
f 607/1094/121 608/1162/121 1602/1095/121
f 1602/1095/121 608/1162/121 90/698/121
f 1601/1085/119 1602/1095/119 618/780/119
f 1601/1085/118 619/781/118 620/779/118
f 1600/1086/120 620/779/120 91/724/120
f 610/1097/120 1597/1081/120 1600/1086/120
f 1594/1082/120 1597/1081/120 610/1097/120
f 1604/1098/122 1607/1102/122 1606/1099/122
f 1605/1101/123 1608/1105/123 1607/1102/123
f 1606/1099/122 1607/1102/122 1610/1103/122
f 1608/1105/123 1611/1113/123 1610/1103/123
f 29/1106/2151 311/1108/2151 1603/1100/2151
f 311/1108/122 310/1109/122 1604/1098/122
f 310/1109/123 309/1110/123 1605/1101/123
f 309/1110/2152 12/1143/2152 215/1111/2152
f 215/1111/125 214/1112/125 1608/1105/125
f 214/1112/125 213/1148/125 1611/1113/125
f 1611/1113/125 213/1148/125 87/721/125
f 1610/1103/123 1611/1113/123 621/763/123
f 1610/1103/122 622/764/122 623/762/122
f 1609/1104/124 623/762/124 93/678/124
f 616/1115/124 1606/1099/124 1609/1104/124
f 1603/1100/124 1606/1099/124 616/1115/124
f 1612/1116/126 1613/1119/126 1616/1117/126
f 1613/1119/127 1614/1129/127 1617/1120/127
f 1615/1118/126 1616/1117/126 1619/1121/126
f 1617/1120/127 1620/1132/127 1619/1121/127
f 30/1123/2153 314/1126/2153 1612/1116/2153
f 313/1125/126 1613/1119/126 1612/1116/126
f 312/1127/127 1614/1129/127 1613/1119/127
f 11/1128/2154 212/1130/2154 1614/1129/2154
f 212/1130/129 211/2345/129 1617/1120/129
f 1617/1120/129 211/2345/129 210/1131/129
f 1620/1132/129 210/1131/129 86/745/129
f 1620/1132/127 624/746/127 625/744/127
f 1619/1121/126 625/744/126 626/743/126
f 1618/1122/128 626/743/128 92/701/128
f 613/1134/128 1615/1118/128 1618/1122/128
f 1612/1116/128 1615/1118/128 613/1134/128
f 1621/1135/130 1622/1138/130 1625/1136/130
f 1622/1138/131 1623/1146/131 1626/1139/131
f 1625/1136/130 1628/1141/130 1627/1140/130
f 1626/1139/131 1629/1147/131 1628/1141/131
f 218/1142/2155 1621/1135/2155 215/1111/2155
f 217/1144/130 1622/1138/130 1621/1135/130
f 216/1145/2156 1623/1146/2156 1622/1138/2156
f 21/1088/587 609/1089/587 1623/1146/587
f 1623/1146/133 609/1089/133 610/1097/133
f 610/1097/133 611/1096/133 1629/1147/133
f 1629/1147/133 611/1096/133 91/724/133
f 1628/1141/131 1629/1147/131 627/723/131
f 1627/1140/130 1628/1141/130 628/722/130
f 213/1148/132 1627/1140/132 629/719/132
f 1624/1137/132 1627/1140/132 213/1148/132
f 215/1111/132 1621/1135/132 1624/1137/132
f 1630/1149/267 1631/1152/267 1634/1150/267
f 1631/1152/268 1632/1160/268 1635/1153/268
f 1634/1150/267 1637/1155/267 1636/1154/267
f 1635/1153/268 1638/1161/268 1637/1155/268
f 227/1156/269 1630/1149/269 606/1093/269
f 226/1158/483 1631/1152/483 1630/1149/483
f 225/1159/2157 1632/1160/2157 1631/1152/2157
f 30/1123/270 612/1124/270 1632/1160/270
f 1632/1160/270 612/1124/270 613/1134/270
f 613/1134/270 614/1133/270 1638/1161/270
f 1638/1161/270 614/1133/270 92/701/270
f 1637/1155/268 1638/1161/268 630/700/268
f 1636/1154/267 1637/1155/267 631/699/267
f 608/1162/269 1636/1154/269 632/696/269
f 1633/1151/269 1636/1154/269 608/1162/269
f 606/1093/269 1630/1149/269 1633/1151/269
f 1640/1163/271 1643/1167/271 1642/1164/271
f 1640/1163/272 1641/1175/272 1644/1166/272
f 1642/1164/271 1643/1167/271 1646/1168/271
f 1644/1166/272 1647/1176/272 1646/1168/272
f 221/1170/273 1639/1165/273 603/1171/273
f 220/1173/271 1640/1163/271 1639/1165/271
f 219/1174/2158 1641/1175/2158 1640/1163/2158
f 29/1106/274 615/1107/274 1641/1175/274
f 1641/1175/274 615/1107/274 616/1115/274
f 616/1115/274 617/1114/274 1647/1176/274
f 1647/1176/274 617/1114/274 93/678/274
f 1646/1168/272 1647/1176/272 633/676/272
f 1646/1168/271 634/677/271 635/673/271
f 605/1177/273 1645/1169/273 635/673/273
f 604/1178/273 1642/1164/273 1645/1169/273
f 1639/1165/273 1642/1164/273 604/1178/273
f 1649/1179/150 1652/1183/150 1651/1180/150
f 1649/1179/151 1650/1192/151 1653/1182/151
f 1651/1180/150 1652/1183/150 1655/1184/150
f 1653/1182/151 1656/1195/151 1655/1184/151
f 458/1186/152 1648/1181/152 437/1187/152
f 457/1189/150 1649/1179/150 1648/1181/150
f 456/1190/151 1650/1192/151 1649/1179/151
f 59/1191/153 600/1193/153 1650/1192/153
f 600/1193/153 601/1194/153 1653/1182/153
f 601/1194/153 602/1213/153 1656/1195/153
f 1656/1195/153 602/1213/153 88/153/153
f 1656/1195/151 636/296/151 637/297/151
f 1655/1184/150 637/297/150 638/295/150
f 1654/1185/152 638/295/152 89/293/152
f 436/1197/152 1651/1180/152 1654/1185/152
f 1648/1181/152 1651/1180/152 436/1197/152
f 1657/1198/97 1658/1201/97 1661/1199/97
f 1658/1201/98 1659/1209/98 1662/1202/98
f 1660/1200/97 1661/1199/97 1664/1203/97
f 1662/1202/98 1665/1212/98 1664/1203/98
f 59/1191/99 473/1206/99 1657/1198/99
f 472/1205/97 1658/1201/97 1657/1198/97
f 471/1207/98 1659/1209/98 1658/1201/98
f 54/1208/100 594/1210/100 1659/1209/100
f 594/1210/100 595/2346/100 1662/1202/100
f 1662/1202/100 595/2346/100 596/1211/100
f 596/1211/100 86/2335/100 639/157/100
f 1665/1212/98 639/157/98 640/156/98
f 1664/1203/97 640/156/97 641/155/97
f 1663/1204/99 641/155/99 88/153/99
f 601/1194/99 1660/1200/99 1663/1204/99
f 1657/1198/99 1660/1200/99 601/1194/99
f 1667/1214/2159 1670/1218/2159 1669/1215/2159
f 1667/1214/2160 1668/1226/2160 1671/1217/2160
f 1670/1218/2161 1673/1221/2161 1672/1219/2161
f 1670/1218/2162 1671/1217/2162 1674/1220/2162
f 647/1222/2163 1666/1216/2163 671/1223/2163
f 646/1225/2164 1667/1214/2164 1666/1216/2164
f 646/1225/2165 645/1227/2165 1668/1226/2165
f 645/1227/2166 95/1282/2166 666/1228/2166
f 1668/1226/2167 666/1228/2167 667/1229/2167
f 1671/1217/2168 667/1229/2168 668/1230/2168
f 1674/1220/2169 668/1230/2169 99/1231/2169
f 1674/1220/2170 657/1232/2170 658/1233/2170
f 1672/1219/2171 1673/1221/2171 658/1233/2171
f 1672/1219/2172 659/1234/2172 100/1235/2172
f 1669/1215/2173 1672/1219/2173 669/1236/2173
f 1666/1216/2174 1669/1215/2174 670/1237/2174
f 1675/1238/2175 1676/1242/2175 1679/1239/2175
f 1677/1241/2176 1680/1248/2176 1679/1239/2176
f 1679/1239/2177 1682/1245/2177 1681/1243/2177
f 1679/1239/2178 1680/1248/2178 1683/1244/2178
f 100/1235/2179 659/1234/2179 1675/1238/2179
f 659/1234/2180 658/1233/2180 1676/1242/2180
f 657/1232/2181 1677/1241/2181 1676/1242/2181
f 99/1231/2182 656/1247/2182 1677/1241/2182
f 656/1247/2183 655/1289/2183 1680/1248/2183
f 1680/1248/2184 655/1289/2184 654/1249/2184
f 1683/1244/2185 654/1249/2185 98/1250/2185
f 1682/1245/2186 1683/1244/2186 665/1251/2186
f 1682/1245/2187 664/1252/2187 663/1253/2187
f 1681/1243/2188 663/1253/2188 101/1254/2188
f 1678/1240/2189 1681/1243/2189 662/1255/2189
f 660/1246/2190 1675/1238/2190 1678/1240/2190
f 1685/1257/2191 1688/1261/2191 1687/1258/2191
f 1685/1257/2192 1686/1269/2192 1689/1260/2192
f 1688/1261/2193 1691/1264/2193 1690/1262/2193
f 1688/1261/2194 1689/1260/2194 1692/1263/2194
f 650/1265/2195 1684/1259/2195 674/1266/2195
f 649/1268/2196 1685/1257/2196 1684/1259/2196
f 649/1268/2197 648/1270/2197 1686/1269/2197
f 648/1270/2198 97/1224/2198 671/1223/2198
f 1686/1269/2199 671/1223/2199 670/1237/2199
f 1689/1260/2200 670/1237/2200 669/1236/2200
f 1692/1263/2201 669/1236/2201 100/1235/2201
f 1692/1263/2202 660/1246/2202 661/1256/2202
f 1690/1262/2203 1691/1264/2203 661/1256/2203
f 1690/1262/2204 662/1255/2204 101/1254/2204
f 1687/1258/2205 1690/1262/2205 672/1271/2205
f 1684/1259/2206 1687/1258/2206 673/1272/2206
f 1694/1273/2207 1697/1277/2207 1696/1274/2207
f 1694/1273/2208 1695/1284/2208 1698/1276/2208
f 1697/1277/2209 1700/1280/2209 1699/1278/2209
f 1697/1277/2210 1698/1276/2210 1701/1279/2210
f 644/1281/2211 1693/1275/2211 666/1228/2211
f 643/1283/2212 1694/1273/2212 1693/1275/2212
f 643/1283/2213 642/1285/2213 1695/1284/2213
f 642/1285/2214 94/1299/2214 675/1286/2214
f 1695/1284/2215 675/1286/2215 676/1287/2215
f 1698/1276/2216 676/1287/2216 677/1288/2216
f 1701/1279/2217 677/1288/2217 98/1250/2217
f 1701/1279/2218 654/1249/2218 655/1289/2218
f 1699/1278/2219 1700/1280/2219 655/1289/2219
f 1699/1278/2220 656/1247/2220 99/1231/2220
f 1696/1274/2221 1699/1278/2221 668/1230/2221
f 1693/1275/2222 1696/1274/2222 667/1229/2222
f 1703/1290/2223 1706/1294/2223 1705/1291/2223
f 1703/1290/2224 1704/1301/2224 1707/1293/2224
f 1706/1294/2225 1709/1297/2225 1708/1295/2225
f 1706/1294/2226 1707/1293/2226 1710/1296/2226
f 653/1298/2227 1702/1292/2227 675/1286/2227
f 652/1300/2228 1703/1290/2228 1702/1292/2228
f 652/1300/2229 651/1302/2229 1704/1301/2229
f 651/1302/2230 96/1267/2230 674/1266/2230
f 1704/1301/2231 674/1266/2231 673/1272/2231
f 1707/1293/2232 673/1272/2232 672/1271/2232
f 1710/1296/2233 672/1271/2233 101/1254/2233
f 1710/1296/2234 663/1253/2234 664/1252/2234
f 1708/1295/2235 1709/1297/2235 664/1252/2235
f 1708/1295/2236 665/1251/2236 98/1250/2236
f 1705/1291/2237 1708/1295/2237 677/1288/2237
f 1702/1292/2238 1705/1291/2238 676/1287/2238
f 1712/1303/673 1715/1307/673 1714/1304/673
f 1712/1303/674 1713/1314/674 1716/1306/674
f 1714/1304/673 1715/1307/673 1718/1308/673
f 1716/1306/674 1719/1319/674 1718/1308/674
f 104/1310/675 689/1313/675 1711/1305/675
f 688/1312/673 1712/1303/673 1711/1305/673
f 688/1312/674 687/1316/674 1713/1314/674
f 102/1315/676 702/1317/676 1713/1314/676
f 702/1317/676 703/2347/676 1716/1306/676
f 1716/1306/676 703/2347/676 704/1318/676
f 704/1318/676 106/2348/676 699/1320/676
f 1718/1308/674 1719/1319/674 699/1320/674
f 1718/1308/673 700/1321/673 701/1322/673
f 705/1323/675 1717/1309/675 701/1322/675
f 1714/1304/675 1717/1309/675 705/1323/675
f 1711/1305/675 1714/1304/675 706/1325/675
f 1721/1326/677 1724/1330/677 1723/1327/677
f 1721/1326/678 1722/1338/678 1725/1329/678
f 1724/1330/677 1727/1333/677 1726/1331/677
f 1724/1330/678 1725/1329/678 1728/1332/678
f 103/1334/679 683/1337/679 1720/1328/679
f 682/1336/677 1721/1326/677 1720/1328/677
f 682/1336/678 681/1339/678 1722/1338/678
f 681/1339/680 105/1357/680 708/1340/680
f 1722/1338/680 708/1340/680 709/1341/680
f 1725/1329/680 709/1341/680 710/1342/680
f 710/1342/680 109/1365/680 693/1343/680
f 1728/1332/678 693/1343/678 694/1344/678
f 1727/1333/677 694/1344/677 695/1345/677
f 711/1346/679 1726/1331/679 695/1345/679
f 1723/1327/679 1726/1331/679 711/1346/679
f 1720/1328/679 1723/1327/679 712/1348/679
f 1730/1349/681 1733/1353/681 1732/1350/681
f 1730/1349/682 1731/1360/682 1734/1352/682
f 1733/1353/681 1736/1356/681 1735/1354/681
f 1733/1353/682 1734/1352/682 1737/1355/682
f 105/1357/683 686/1359/683 1729/1351/683
f 685/1358/681 1730/1349/681 1729/1351/681
f 685/1358/682 684/1361/682 1731/1360/682
f 684/1361/684 104/1310/684 707/1311/684
f 1731/1360/684 707/1311/684 706/1325/684
f 1734/1352/684 706/1325/684 705/1323/684
f 705/1323/684 108/1324/684 696/1362/684
f 1737/1355/682 696/1362/682 697/1363/682
f 1736/1356/681 697/1363/681 698/1364/681
f 710/1342/683 1735/1354/683 698/1364/683
f 1732/1350/683 1735/1354/683 710/1342/683
f 1729/1351/683 1732/1350/683 709/1341/683
f 1739/1366/685 1742/1370/685 1741/1367/685
f 1739/1366/686 1740/1378/686 1743/1369/686
f 1742/1370/685 1745/1373/685 1744/1371/685
f 1742/1370/686 1743/1369/686 1746/1372/686
f 102/1374/687 680/1377/687 1738/1368/687
f 679/1376/685 1739/1366/685 1738/1368/685
f 679/1376/686 678/1379/686 1740/1378/686
f 678/1379/688 103/1334/688 713/1335/688
f 1740/1378/688 713/1335/688 712/1348/688
f 1743/1369/688 712/1348/688 711/1346/688
f 711/1346/688 107/1347/688 690/1380/688
f 1746/1372/686 690/1380/686 691/1381/686
f 1745/1373/685 691/1381/685 692/1382/685
f 704/1383/687 1744/1371/687 692/1382/687
f 1741/1367/687 1744/1371/687 704/1383/687
f 702/1375/687 1738/1368/687 1741/1367/687
f 1747/1386/2239 1748/1389/2239 1751/1387/2239
f 1748/1389/2240 1749/1398/2240 1752/1390/2240
f 1750/1388/2241 1751/1387/2241 1754/1391/2241
f 1751/1387/2242 1752/1390/2242 1755/1393/2242
f 113/1394/693 722/1396/693 1747/1386/693
f 722/1396/2243 721/1397/2243 1748/1389/2243
f 721/1397/2244 720/1399/2244 1749/1398/2244
f 720/1399/2245 111/1909/2245 918/1400/2245
f 1749/1398/2246 918/1400/2246 919/1401/2246
f 1752/1390/2247 919/1401/2247 920/1402/2247
f 920/1402/2248 147/1921/2248 912/1403/2248
f 1754/1391/2249 1755/1393/2249 912/1403/2249
f 1753/1392/2250 1754/1391/2250 913/1404/2250
f 921/1406/2251 1753/1392/2251 914/1405/2251
f 922/1408/2252 1750/1388/2252 1753/1392/2252
f 923/1395/2253 1747/1386/2253 1750/1388/2253
f 1757/1409/2254 1760/1413/2254 1759/1410/2254
f 1758/1412/2255 1761/1415/2255 1760/1413/2255
f 1760/1413/2256 1763/1416/2256 1762/1414/2256
f 1761/1415/2257 1764/1425/2257 1763/1416/2257
f 115/1417/2258 735/1420/2258 1756/1411/2258
f 736/1419/2259 1757/1409/2259 1756/1411/2259
f 737/1421/2260 1758/1412/2260 1757/1409/2260
f 117/1422/2261 750/1423/2261 1758/1412/2261
f 750/1423/2262 751/1424/2262 1761/1415/2262
f 751/1424/2263 752/1426/2263 1764/1425/2263
f 752/1426/2264 121/1442/2264 749/1427/2264
f 1764/1425/2265 749/1427/2265 748/1428/2265
f 1763/1416/2266 748/1428/2266 747/1429/2266
f 753/1430/2267 1762/1414/2267 747/1429/2267
f 754/1432/2268 1759/1410/2268 1762/1414/2268
f 755/1418/2269 1756/1411/2269 1759/1410/2269
f 1766/1433/2270 1769/1437/2270 1768/1434/2270
f 1767/1436/2271 1770/1439/2271 1769/1437/2271
f 1769/1437/2272 1772/1440/2272 1771/1438/2272
f 1770/1439/2273 1773/1445/2273 1772/1440/2273
f 747/1429/2274 1765/1435/2274 779/1441/2274
f 748/1428/2275 1766/1433/2275 1765/1435/2275
f 749/1427/2276 1767/1436/2276 1766/1433/2276
f 121/1442/2277 774/1443/2277 1767/1436/2277
f 774/1443/2278 775/1444/2278 1770/1439/2278
f 775/1444/2279 776/1446/2279 1773/1445/2279
f 776/1446/2280 125/1518/2280 773/1447/2280
f 1773/1445/2281 773/1447/2281 772/1448/2281
f 1772/1440/2282 772/1448/2282 771/1449/2282
f 777/1450/2283 1771/1438/2283 771/1449/2283
f 778/1452/2284 1768/1434/2284 1771/1438/2284
f 1765/1435/2285 1768/1434/2285 778/1452/2285
f 1775/1453/2286 1778/1457/2286 1777/1454/2286
f 1775/1453/2287 1776/1463/2287 1779/1456/2287
f 1778/1457/2288 1781/1460/2288 1780/1458/2288
f 1778/1457/2289 1779/1456/2289 1782/1459/2289
f 731/1461/2290 1774/1455/2290 750/1423/2290
f 730/1462/2291 1775/1453/2291 1774/1455/2291
f 730/1462/2292 729/1464/2292 1776/1463/2292
f 729/1464/2293 116/1480/2293 756/1465/2293
f 1776/1463/2294 756/1465/2294 757/1466/2294
f 1779/1456/2295 757/1466/2295 758/1467/2295
f 1782/1459/2296 758/1467/2296 120/1468/2296
f 1781/1460/2297 1782/1459/2297 741/1469/2297
f 1781/1460/2298 742/1470/2298 743/1471/2298
f 1780/1458/2299 743/1471/2299 121/1442/2299
f 1777/1454/2300 1780/1458/2300 752/1426/2300
f 1774/1455/2301 1777/1454/2301 751/1424/2301
f 1783/1472/2302 1784/1475/2302 1787/1473/2302
f 1784/1475/2303 1785/1483/2303 1788/1476/2303
f 1786/1474/2304 1787/1473/2304 1790/1477/2304
f 1787/1473/2305 1788/1476/2305 1791/1479/2305
f 116/1480/2306 734/1481/2306 1783/1472/2306
f 734/1481/2307 733/1482/2307 1784/1475/2307
f 733/1482/2308 732/1485/2308 1785/1483/2308
f 114/1484/2309 759/1486/2309 1785/1483/2309
f 759/1486/2310 760/1487/2310 1788/1476/2310
f 760/1487/2311 761/1488/2311 1791/1479/2311
f 761/1488/2312 118/1507/2312 744/1489/2312
f 1790/1477/2313 1791/1479/2313 744/1489/2313
f 1789/1478/2314 1790/1477/2314 745/1490/2314
f 758/1467/2315 1789/1478/2315 746/1491/2315
f 757/1466/2316 1786/1474/2316 1789/1478/2316
f 756/1465/2317 1783/1472/2317 1786/1474/2317
f 1792/1492/2318 1793/1496/2318 1796/1493/2318
f 1794/1495/2319 1797/1499/2319 1796/1493/2319
f 1795/1494/2320 1796/1493/2320 1799/1497/2320
f 1797/1499/2321 1800/1503/2321 1799/1497/2321
f 114/1484/2322 726/1500/2322 1792/1492/2322
f 726/1500/2323 727/1502/2323 1793/1496/2323
f 728/1501/2324 1794/1495/2324 1793/1496/2324
f 115/1417/2325 755/1418/2325 1794/1495/2325
f 755/1418/2326 754/1432/2326 1797/1499/2326
f 754/1432/2327 753/1430/2327 1800/1503/2327
f 753/1430/2328 119/1431/2328 740/1504/2328
f 1800/1503/2329 740/1504/2329 739/1505/2329
f 1798/1498/2330 1799/1497/2330 739/1505/2330
f 761/1488/2331 1798/1498/2331 738/1506/2331
f 760/1487/2332 1795/1494/2332 1798/1498/2332
f 759/1486/2333 1792/1492/2333 1795/1494/2333
f 1802/1508/2334 1805/1512/2334 1804/1509/2334
f 1802/1508/2335 1803/1520/2335 1806/1511/2335
f 1805/1512/2336 1808/1515/2336 1807/1513/2336
f 1805/1512/2337 1806/1511/2337 1809/1514/2337
f 767/1516/2338 1801/1510/2338 803/1517/2338
f 766/1519/2339 1802/1508/2339 1801/1510/2339
f 766/1519/2340 765/1521/2340 1803/1520/2340
f 765/1521/2341 124/1544/2341 798/1522/2341
f 1803/1520/2342 798/1522/2342 799/1523/2342
f 1806/1511/2343 799/1523/2343 800/1524/2343
f 1809/1514/2344 800/1524/2344 128/1525/2344
f 1808/1515/2345 1809/1514/2345 789/1526/2345
f 1808/1515/2346 790/1527/2346 791/1528/2346
f 1807/1513/2347 791/1528/2347 129/1529/2347
f 1804/1509/2348 1807/1513/2348 801/1530/2348
f 1801/1510/2349 1804/1509/2349 802/1531/2349
f 1811/1532/2350 1814/1536/2350 1813/1533/2350
f 1811/1532/2351 1812/1540/2351 1815/1535/2351
f 1814/1536/2352 1817/1539/2352 1816/1537/2352
f 1814/1536/2353 1815/1535/2353 1818/1538/2353
f 743/1471/2354 1810/1534/2354 774/1443/2354
f 742/1470/2355 1811/1532/2355 1810/1534/2355
f 742/1470/2356 741/1469/2356 1812/1540/2356
f 741/1469/2357 120/1468/2357 780/1541/2357
f 1812/1540/2358 780/1541/2358 781/1542/2358
f 1815/1535/2359 781/1542/2359 782/1543/2359
f 1818/1538/2360 782/1543/2360 124/1544/2360
f 1817/1539/2361 1818/1538/2361 765/1521/2361
f 1817/1539/2362 766/1519/2362 767/1516/2362
f 1816/1537/2363 767/1516/2363 125/1518/2363
f 1813/1533/2364 1816/1537/2364 776/1446/2364
f 1810/1534/2365 1813/1533/2365 775/1444/2365
f 1819/1545/2366 1820/1548/2366 1823/1546/2366
f 1820/1548/2367 1821/1553/2367 1824/1549/2367
f 1822/1547/2368 1823/1546/2368 1826/1550/2368
f 1823/1546/2369 1824/1549/2369 1827/1552/2369
f 120/1468/2370 746/1491/2370 1819/1545/2370
f 746/1491/2371 745/1490/2371 1820/1548/2371
f 745/1490/2372 744/1489/2372 1821/1553/2372
f 744/1489/2373 118/1507/2373 783/1554/2373
f 1821/1553/2374 783/1554/2374 784/1555/2374
f 784/1555/2375 785/1556/2375 1827/1552/2375
f 785/1556/2376 122/1629/2376 768/1557/2376
f 1826/1550/2377 1827/1552/2377 768/1557/2377
f 1825/1551/2378 1826/1550/2378 769/1558/2378
f 782/1543/2379 1825/1551/2379 770/1559/2379
f 781/1542/2380 1822/1547/2380 1825/1551/2380
f 780/1541/2381 1819/1545/2381 1822/1547/2381
f 1828/1560/2382 1829/1563/2382 1832/1561/2382
f 1829/1563/2383 1830/1572/2383 1833/1564/2383
f 1831/1562/2384 1832/1561/2384 1835/1565/2384
f 1832/1561/2385 1833/1564/2385 1836/1567/2385
f 133/1568/2386 825/1570/2386 1828/1560/2386
f 825/1570/2387 826/1571/2387 1829/1563/2387
f 826/1571/2388 827/1573/2388 1830/1572/2388
f 827/1573/2389 123/1451/2389 846/1574/2389
f 1830/1572/2390 846/1574/2390 847/1575/2390
f 1833/1564/2391 847/1575/2391 848/1576/2391
f 1836/1567/2392 848/1576/2392 135/1577/2392
f 1835/1565/2393 1836/1567/2393 845/1578/2393
f 1834/1566/2394 1835/1565/2394 844/1579/2394
f 849/1581/2395 1834/1566/2395 843/1580/2395
f 850/1583/2396 1831/1562/2396 1834/1566/2396
f 851/1569/2397 1828/1560/2397 1831/1562/2397
f 1838/1584/2398 1841/1588/2398 1840/1585/2398
f 1838/1584/2399 1839/1595/2399 1842/1587/2399
f 1841/1588/2400 1844/1591/2400 1843/1589/2400
f 1841/1588/2401 1842/1587/2401 1845/1590/2401
f 794/1592/2402 1837/1586/2402 899/1593/2402
f 793/1594/2403 1838/1584/2403 1837/1586/2403
f 793/1594/2404 792/1596/2404 1839/1595/2404
f 792/1596/2405 126/1619/2405 894/1597/2405
f 1839/1595/2406 894/1597/2406 895/1598/2406
f 1842/1587/2407 895/1598/2407 896/1599/2407
f 1845/1590/2408 896/1599/2408 142/1600/2408
f 1844/1591/2409 1845/1590/2409 888/1601/2409
f 1844/1591/2410 889/1602/2410 890/1603/2410
f 1843/1589/2411 890/1603/2411 144/1604/2411
f 1840/1585/2412 1843/1589/2412 897/1605/2412
f 1837/1586/2413 1840/1585/2413 898/1606/2413
f 1846/1607/2414 1847/1610/2414 1850/1608/2414
f 1847/1610/2415 1848/1615/2415 1851/1611/2415
f 1849/1609/2416 1850/1608/2416 1853/1612/2416
f 1850/1608/2417 1851/1611/2417 1854/1614/2417
f 124/1544/2418 770/1559/2418 1846/1607/2418
f 770/1559/2419 769/1558/2419 1847/1610/2419
f 769/1558/2420 768/1557/2420 1848/1615/2420
f 768/1557/2421 122/1629/2421 804/1616/2421
f 1848/1615/2422 804/1616/2422 805/1617/2422
f 1851/1611/2423 805/1617/2423 806/1618/2423
f 1854/1614/2424 806/1618/2424 126/1619/2424
f 1853/1612/2425 1854/1614/2425 792/1596/2425
f 1852/1613/2426 1853/1612/2426 793/1594/2426
f 800/1524/2427 1852/1613/2427 794/1592/2427
f 799/1523/2428 1849/1609/2428 1852/1613/2428
f 798/1522/2429 1846/1607/2429 1849/1609/2429
f 1856/1620/2430 1859/1624/2430 1858/1621/2430
f 1856/1620/2431 1857/1631/2431 1860/1623/2431
f 1859/1624/2432 1862/1627/2432 1861/1625/2432
f 1859/1624/2433 1860/1623/2433 1863/1626/2433
f 762/1628/2434 1855/1622/2434 804/1616/2434
f 763/1630/2435 1856/1620/2435 1855/1622/2435
f 763/1630/2436 764/1632/2436 1857/1631/2436
f 764/1632/2437 123/1451/2437 807/1633/2437
f 1857/1631/2438 807/1633/2438 808/1634/2438
f 1860/1623/2439 808/1634/2439 809/1635/2439
f 1863/1626/2440 809/1635/2440 127/1636/2440
f 1862/1627/2441 1863/1626/2441 788/1637/2441
f 1862/1627/2442 787/1638/2442 786/1639/2442
f 1861/1625/2443 786/1639/2443 126/1619/2443
f 1858/1621/2444 1861/1625/2444 806/1618/2444
f 1855/1622/2445 1858/1621/2445 805/1617/2445
f 1865/1640/2446 1868/1644/2446 1867/1641/2446
f 1866/1643/2447 1869/1646/2447 1868/1644/2447
f 1868/1644/2448 1871/1647/2448 1870/1645/2448
f 1869/1646/2449 1872/1648/2449 1871/1647/2449
f 771/1449/2450 1864/1642/2450 807/1633/2450
f 772/1448/2451 1865/1640/2451 1864/1642/2451
f 773/1447/2452 1866/1643/2452 1865/1640/2452
f 125/1518/2453 803/1517/2453 1866/1643/2453
f 803/1517/2454 802/1531/2454 1869/1646/2454
f 802/1531/2455 801/1530/2455 1872/1648/2455
f 801/1530/2456 129/1529/2456 797/1649/2456
f 1872/1648/2457 797/1649/2457 796/1650/2457
f 1871/1647/2458 796/1650/2458 795/1651/2458
f 1870/1645/2459 795/1651/2459 127/1636/2459
f 1867/1641/2460 1870/1645/2460 809/1635/2460
f 1864/1642/2461 1867/1641/2461 808/1634/2461
f 1873/1652/2462 1874/1656/2462 1877/1653/2462
f 1875/1655/2463 1878/1659/2463 1877/1653/2463
f 1876/1654/2464 1877/1653/2464 1880/1657/2464
f 1878/1659/2465 1881/1668/2465 1880/1657/2465
f 130/1660/2466 810/1662/2466 1873/1652/2466
f 810/1662/2467 811/1664/2467 1874/1656/2467
f 812/1663/2468 1875/1655/2468 1874/1656/2468
f 131/1665/2469 818/1666/2469 1875/1655/2469
f 818/1666/2470 817/1667/2470 1878/1659/2470
f 817/1667/2471 816/1700/2471 1881/1668/2471
f 1881/1668/2472 816/1700/2472 133/1568/2472
f 1880/1657/2473 1881/1668/2473 815/1669/2473
f 1880/1657/2474 814/1670/2474 813/1671/2474
f 1879/1658/2475 813/1671/2475 132/1672/2475
f 820/1674/2476 1876/1654/2476 1879/1658/2476
f 819/1661/2477 1873/1652/2477 1876/1654/2477
f 1882/1675/2478 1883/1678/2478 1886/1676/2478
f 1883/1678/2479 1884/1684/2479 1887/1679/2479
f 1885/1677/2480 1886/1676/2480 1889/1680/2480
f 1886/1676/2481 1887/1679/2481 1890/1682/2481
f 122/1629/2482 785/1556/2482 1882/1675/2482
f 785/1556/2483 784/1555/2483 1883/1678/2483
f 784/1555/2484 783/1554/2484 1884/1684/2484
f 783/1554/2485 118/1507/2485 828/1685/2485
f 1884/1684/2486 828/1685/2486 829/1686/2486
f 829/1686/2487 830/1687/2487 1890/1682/2487
f 830/1687/2488 130/1660/2488 819/1661/2488
f 1890/1682/2489 819/1661/2489 820/1674/2489
f 1888/1681/2490 1889/1680/2490 820/1674/2490
f 824/1688/2491 1888/1681/2491 821/1673/2491
f 823/1689/2492 1885/1677/2492 1888/1681/2492
f 822/1683/2493 1882/1675/2493 1885/1677/2493
f 1892/1690/2494 1895/1694/2494 1894/1691/2494
f 1893/1693/2495 1896/1696/2495 1895/1694/2495
f 1895/1694/2496 1898/1697/2496 1897/1695/2496
f 1896/1696/2497 1899/1699/2497 1898/1697/2497
f 779/1441/2498 1891/1692/2498 833/1698/2498
f 778/1452/2499 1892/1690/2499 1891/1692/2499
f 777/1450/2500 1893/1693/2500 1892/1690/2500
f 123/1451/2501 827/1573/2501 1893/1693/2501
f 827/1573/2502 826/1571/2502 1896/1696/2502
f 826/1571/2503 825/1570/2503 1899/1699/2503
f 825/1570/2504 133/1568/2504 816/1700/2504
f 1899/1699/2505 816/1700/2505 817/1667/2505
f 1897/1695/2506 1898/1697/2506 817/1667/2506
f 831/1701/2507 1897/1695/2507 818/1666/2507
f 832/1702/2508 1894/1691/2508 1897/1695/2508
f 1891/1692/2509 1894/1691/2509 832/1702/2509
f 1901/1703/2510 1904/1707/2510 1903/1704/2510
f 1901/1703/2511 1902/1711/2511 1905/1706/2511
f 1904/1707/2512 1907/1710/2512 1906/1708/2512
f 1904/1707/2513 1905/1706/2513 1908/1709/2513
f 738/1506/2514 1900/1705/2514 828/1685/2514
f 739/1505/2515 1901/1703/2515 1900/1705/2515
f 739/1505/2516 740/1504/2516 1902/1711/2516
f 740/1504/2517 119/1431/2517 833/1698/2517
f 1902/1711/2518 833/1698/2518 832/1702/2518
f 1905/1706/2519 832/1702/2519 831/1701/2519
f 1908/1709/2520 831/1701/2520 131/1665/2520
f 1907/1710/2521 1908/1709/2521 812/1663/2521
f 1907/1710/2522 811/1664/2522 810/1662/2522
f 1906/1708/2523 810/1662/2523 130/1660/2523
f 1903/1704/2524 1906/1708/2524 830/1687/2524
f 1900/1705/2525 1903/1704/2525 829/1686/2525
f 1910/1712/2526 1913/1716/2526 1912/1713/2526
f 1911/1715/2527 1914/1719/2527 1913/1716/2527
f 1912/1713/2528 1913/1716/2528 1916/1717/2528
f 1914/1719/2529 1917/1728/2529 1916/1717/2529
f 840/1720/2530 1909/1714/2530 875/1721/2530
f 841/1723/2531 1910/1712/2531 1909/1714/2531
f 842/1724/2532 1911/1715/2532 1910/1712/2532
f 136/1725/2533 870/1726/2533 1911/1715/2533
f 870/1726/2534 871/1727/2534 1914/1719/2534
f 871/1727/2535 872/1729/2535 1917/1728/2535
f 872/1729/2536 140/1789/2536 866/1730/2536
f 1917/1728/2537 866/1730/2537 865/1731/2537
f 1915/1718/2538 1916/1717/2538 865/1731/2538
f 873/1733/2539 1915/1718/2539 864/1732/2539
f 874/1735/2540 1912/1713/2540 1915/1718/2540
f 875/1721/2541 1909/1714/2541 1912/1713/2541
f 1919/1736/2542 1922/1740/2542 1921/1737/2542
f 1919/1736/2543 1920/1745/2543 1923/1739/2543
f 1922/1740/2544 1925/1743/2544 1924/1741/2544
f 1922/1740/2545 1923/1739/2545 1926/1742/2545
f 813/1671/2546 1918/1738/2546 854/1744/2546
f 814/1670/2547 1919/1736/2547 1918/1738/2547
f 814/1670/2548 815/1669/2548 1920/1745/2548
f 815/1669/2549 133/1568/2549 851/1569/2549
f 1920/1745/2550 851/1569/2550 850/1583/2550
f 1923/1739/2551 850/1583/2551 849/1581/2551
f 1926/1742/2552 849/1581/2552 137/1582/2552
f 1925/1743/1004 1926/1742/1004 839/1746/1004
f 1925/1743/1005 838/1747/1005 837/1748/1005
f 1924/1741/2553 837/1748/2553 136/1725/2553
f 1921/1737/2554 1924/1741/2554 852/1749/2554
f 1918/1738/2555 1921/1737/2555 853/1750/2555
f 1928/1751/2556 1931/1755/2556 1930/1752/2556
f 1928/1751/2557 1929/1759/2557 1932/1754/2557
f 1931/1755/2558 1934/1758/2558 1933/1756/2558
f 1931/1755/2559 1932/1754/2559 1935/1757/2559
f 764/1632/2560 1927/1753/2560 846/1574/2560
f 763/1630/2561 1928/1751/2561 1927/1753/2561
f 763/1630/2562 762/1628/2562 1929/1759/2562
f 762/1628/2563 122/1629/2563 855/1760/2563
f 1929/1759/2564 855/1760/2564 856/1761/2564
f 1932/1754/2565 856/1761/2565 857/1762/2565
f 857/1762/2566 134/1722/2566 834/1763/2566
f 1935/1757/2567 834/1763/2567 835/1764/2567
f 1933/1756/2568 1934/1758/2568 835/1764/2568
f 848/1576/2569 1933/1756/2569 836/1765/2569
f 1930/1752/2570 1933/1756/2570 848/1576/2570
f 1927/1753/2571 1930/1752/2571 847/1575/2571
f 1937/1766/2572 1940/1770/2572 1939/1767/2572
f 1938/1769/2573 1941/1772/2573 1940/1770/2573
f 1940/1770/2574 1943/1773/2574 1942/1771/2574
f 1941/1772/2575 1944/1774/2575 1943/1773/2575
f 822/1683/2576 1936/1768/2576 855/1760/2576
f 823/1689/2577 1937/1766/2577 1936/1768/2577
f 824/1688/2578 1938/1769/2578 1937/1766/2578
f 132/1672/2579 854/1744/2579 1938/1769/2579
f 854/1744/2580 853/1750/2580 1941/1772/2580
f 853/1750/2581 852/1749/2581 1944/1774/2581
f 852/1749/2582 136/1725/2582 842/1724/2582
f 1944/1774/2583 842/1724/2583 841/1723/2583
f 1943/1773/2584 841/1723/2584 840/1720/2584
f 1942/1771/2585 840/1720/2585 134/1722/2585
f 1939/1767/2586 1942/1771/2586 857/1762/2586
f 1936/1768/2587 1939/1767/2587 856/1761/2587
f 1945/1775/2588 1946/1779/2588 1949/1776/2588
f 1947/1778/2589 1950/1788/2589 1949/1776/2589
f 1949/1776/2590 1952/1782/2590 1951/1780/2590
f 1949/1776/2591 1950/1788/2591 1953/1781/2591
f 139/1783/2592 860/1785/2592 1945/1775/2592
f 860/1785/2593 859/1787/2593 1946/1779/2593
f 858/1786/2594 1947/1778/2594 1946/1779/2594
f 138/1734/2595 864/1732/2595 1947/1778/2595
f 864/1732/2596 865/1731/2596 1950/1788/2596
f 1950/1788/2597 865/1731/2597 866/1730/2597
f 1953/1781/2598 866/1730/2598 140/1789/2598
f 1952/1782/2599 1953/1781/2599 861/1790/2599
f 1952/1782/2600 862/1791/2600 863/1792/2600
f 1951/1780/2601 863/1792/2601 141/1793/2601
f 1948/1777/2602 1951/1780/2602 867/1794/2602
f 869/1784/2603 1945/1775/2603 1948/1777/2603
f 1955/1796/2604 1958/1800/2604 1957/1797/2604
f 1955/1796/2605 1956/1805/2605 1959/1799/2605
f 1958/1800/2606 1961/1803/2606 1960/1801/2606
f 1958/1800/2607 1959/1799/2607 1962/1802/2607
f 135/1577/2608 836/1765/2608 1954/1798/2608
f 836/1765/2609 835/1764/2609 1955/1796/2609
f 834/1763/2610 1956/1805/2610 1955/1796/2610
f 134/1722/2611 875/1721/2611 1956/1805/2611
f 1956/1805/2612 875/1721/2612 874/1735/2612
f 1959/1799/2613 874/1735/2613 873/1733/2613
f 1962/1802/2614 873/1733/2614 138/1734/2614
f 1961/1803/2615 1962/1802/2615 858/1786/2615
f 1961/1803/2616 859/1787/2616 860/1785/2616
f 1960/1801/2617 860/1785/2617 139/1783/2617
f 1957/1797/2618 1960/1801/2618 876/1806/2618
f 1954/1798/2619 1957/1797/2619 877/1807/2619
f 1963/1808/2620 1964/1811/2620 1967/1809/2620
f 1964/1811/2621 1965/1816/2621 1968/1812/2621
f 1966/1810/2622 1967/1809/2622 1970/1813/2622
f 1968/1812/2623 1971/1817/2623 1970/1813/2623
f 137/1582/2624 843/1580/2624 1963/1808/2624
f 843/1580/2625 844/1579/2625 1964/1811/2625
f 844/1579/2626 845/1578/2626 1965/1816/2626
f 845/1578/2627 135/1577/2627 878/1804/2627
f 878/1804/2628 877/1807/2628 1968/1812/2628
f 877/1807/2629 876/1806/2629 1971/1817/2629
f 876/1806/2630 139/1783/2630 869/1784/2630
f 1971/1817/2631 869/1784/2631 868/1795/2631
f 1969/1814/2632 1970/1813/2632 868/1795/2632
f 879/1818/2633 1969/1814/2633 867/1794/2633
f 880/1819/2634 1966/1810/2634 1969/1814/2634
f 881/1815/2635 1963/1808/2635 1966/1810/2635
f 1973/1820/2636 1976/1824/2636 1975/1821/2636
f 1973/1820/2637 1974/1828/2637 1977/1823/2637
f 1976/1824/2638 1979/1827/2638 1978/1825/2638
f 1976/1824/2639 1977/1823/2639 1980/1826/2639
f 837/1748/2640 1972/1822/2640 870/1726/2640
f 838/1747/2641 1973/1820/2641 1972/1822/2641
f 838/1747/1095 839/1746/1095 1974/1828/1095
f 839/1746/2642 137/1582/2642 881/1815/2642
f 1974/1828/2643 881/1815/2643 880/1819/2643
f 1977/1823/2644 880/1819/2644 879/1818/2644
f 1980/1826/2645 879/1818/2645 141/1793/2645
f 1979/1827/2646 1980/1826/2646 863/1792/2646
f 1979/1827/2647 862/1791/2647 861/1790/2647
f 1978/1825/2648 861/1790/2648 140/1789/2648
f 1975/1821/2649 1978/1825/2649 872/1729/2649
f 1972/1822/2650 1975/1821/2650 871/1727/2650
f 1981/1829/2651 1982/1833/2651 1985/1830/2651
f 1983/1832/2652 1986/1842/2652 1985/1830/2652
f 1985/1830/2653 1988/1836/2653 1987/1834/2653
f 1985/1830/2654 1986/1842/2654 1989/1835/2654
f 142/1600/2655 882/1837/2655 1981/1829/2655
f 882/1837/2656 883/1839/2656 1982/1833/2656
f 884/1838/2657 1983/1832/2657 1982/1833/2657
f 143/1840/2658 891/1841/2658 1983/1832/2658
f 891/1841/2659 892/1871/2659 1986/1842/2659
f 1986/1842/2660 892/1871/2660 893/1843/2660
f 1989/1835/2661 893/1843/2661 145/1844/2661
f 1988/1836/2662 1989/1835/2662 887/1845/2662
f 1988/1836/2663 886/1846/2663 885/1847/2663
f 1987/1834/2664 885/1847/2664 144/1604/2664
f 1984/1831/2665 1987/1834/2665 890/1603/2665
f 888/1601/2666 1981/1829/2666 1984/1831/2666
f 1991/1848/2667 1994/1852/2667 1993/1849/2667
f 1991/1848/2668 1992/1856/2668 1995/1851/2668
f 1994/1852/2669 1997/1855/2669 1996/1853/2669
f 1994/1852/2670 1995/1851/2670 1998/1854/2670
f 126/1619/2671 786/1639/2671 1990/1850/2671
f 787/1638/2672 1991/1848/2672 1990/1850/2672
f 787/1638/2673 788/1637/2673 1992/1856/2673
f 127/1636/2674 900/1857/2674 1992/1856/2674
f 900/1857/2675 901/1858/2675 1995/1851/2675
f 901/1858/2676 902/1872/2676 1998/1854/2676
f 1998/1854/2677 902/1872/2677 143/1840/2677
f 1997/1855/2678 1998/1854/2678 884/1838/2678
f 1997/1855/2679 883/1839/2679 882/1837/2679
f 1996/1853/2680 882/1837/2680 142/1600/2680
f 895/1598/2681 1993/1849/2681 1996/1853/2681
f 894/1597/2682 1990/1850/2682 1993/1849/2682
f 2000/1859/2683 2003/1863/2683 2002/1860/2683
f 2000/1859/2684 2001/1867/2684 2004/1862/2684
f 2003/1863/2685 2006/1866/2685 2005/1864/2685
f 2003/1863/2686 2004/1862/2686 2007/1865/2686
f 795/1651/2687 1999/1861/2687 900/1857/2687
f 796/1650/2688 2000/1859/2688 1999/1861/2688
f 796/1650/2689 797/1649/2689 2001/1867/2689
f 797/1649/2690 129/1529/2690 903/1868/2690
f 2001/1867/2691 903/1868/2691 904/1869/2691
f 2004/1862/2692 904/1869/2692 905/1870/2692
f 2007/1865/2693 905/1870/2693 145/1844/2693
f 2006/1866/2694 2007/1865/2694 893/1843/2694
f 2006/1866/2695 892/1871/2695 891/1841/2695
f 2005/1864/2696 891/1841/2696 143/1840/2696
f 2002/1860/2697 2005/1864/2697 902/1872/2697
f 1999/1861/2698 2002/1860/2698 901/1858/2698
f 2009/1873/2699 2012/1877/2699 2011/1874/2699
f 2009/1873/2700 2010/1881/2700 2013/1876/2700
f 2012/1877/2701 2015/1880/2701 2014/1878/2701
f 2012/1877/2702 2013/1876/2702 2016/1879/2702
f 129/1529/2703 791/1528/2703 2008/1875/2703
f 790/1527/2704 2009/1873/2704 2008/1875/2704
f 790/1527/2705 789/1526/2705 2010/1881/2705
f 128/1525/2706 899/1593/2706 2010/1881/2706
f 899/1593/2707 898/1606/2707 2013/1876/2707
f 898/1606/2708 897/1605/2708 2016/1879/2708
f 2016/1879/2709 897/1605/2709 144/1604/2709
f 2015/1880/2710 2016/1879/2710 885/1847/2710
f 2015/1880/2711 886/1846/2711 887/1845/2711
f 2014/1878/2712 887/1845/2712 145/1844/2712
f 904/1869/2713 2011/1874/2713 2014/1878/2713
f 903/1868/2714 2008/1875/2714 2011/1874/2714
f 2017/1882/2715 2018/1885/2715 2021/1883/2715
f 2018/1885/2716 2019/1891/2716 2022/1886/2716
f 2020/1884/2717 2021/1883/2717 2024/1887/2717
f 2021/1883/2718 2022/1886/2718 2025/1889/2718
f 149/1407/2719 914/1405/2719 2017/1882/2719
f 914/1405/2720 913/1404/2720 2018/1885/2720
f 913/1404/2721 912/1403/2721 2019/1891/2721
f 912/1403/2722 147/1921/2722 942/1892/2722
f 2019/1891/2723 942/1892/2723 943/1893/2723
f 943/1893/2724 944/1894/2724 2025/1889/2724
f 944/1894/2725 151/1968/2725 936/1895/2725
f 2024/1887/2726 2025/1889/2726 936/1895/2726
f 2023/1888/2727 2024/1887/2727 937/1896/2727
f 945/1898/2728 2023/1888/2728 938/1897/2728
f 946/1900/2729 2020/1884/2729 2023/1888/2729
f 947/1890/2730 2017/1882/2730 2020/1884/2730
f 2026/1901/2731 2027/1905/2731 2030/1902/2731
f 2028/1904/2732 2031/1908/2732 2030/1902/2732
f 2029/1903/2733 2030/1902/2733 2033/1906/2733
f 2031/1908/2734 2034/1916/2734 2033/1906/2734
f 111/1909/2735 716/1910/2735 2026/1901/2735
f 716/1910/2736 715/1912/2736 2027/1905/2736
f 714/1911/2737 2028/1904/2737 2027/1905/2737
f 110/1913/2738 924/1914/2738 2028/1904/2738
f 924/1914/2739 925/1915/2739 2031/1908/2739
f 925/1915/2740 926/1917/2740 2034/1916/2740
f 926/1917/2741 146/1941/2741 906/1918/2741
f 2034/1916/2742 906/1918/2742 907/1919/2742
f 2032/1907/2743 2033/1906/2743 907/1919/2743
f 920/1402/2744 2032/1907/2744 908/1920/2744
f 919/1401/2745 2029/1903/2745 2032/1907/2745
f 918/1400/2746 2026/1901/2746 2029/1903/2746
f 2036/1922/2747 2039/1926/2747 2038/1923/2747
f 2037/1925/2748 2040/1928/2748 2039/1926/2748
f 2039/1926/2749 2042/1929/2749 2041/1927/2749
f 2040/1928/2750 2043/1936/2750 2042/1929/2750
f 725/1930/2751 2035/1924/2751 924/1914/2751
f 724/1931/2752 2036/1922/2752 2035/1924/2752
f 723/1932/2753 2037/1925/2753 2036/1922/2753
f 112/1933/1208 927/1934/1208 2037/1925/1208
f 927/1934/2754 928/1935/2754 2040/1928/2754
f 928/1935/2755 929/1937/2755 2043/1936/2755
f 929/1937/2756 148/1957/2756 915/1938/2756
f 2043/1936/2757 915/1938/2757 916/1939/2757
f 2042/1929/2758 916/1939/2758 917/1940/2758
f 926/1917/2759 2041/1927/2759 917/1940/2759
f 2038/1923/2760 2041/1927/2760 926/1917/2760
f 2035/1924/2761 2038/1923/2761 925/1915/2761
f 2045/1942/1217 2048/1946/1217 2047/1943/1217
f 2045/1942/1218 2046/1952/1218 2049/1945/1218
f 2048/1946/2762 2051/1949/2762 2050/1947/2762
f 2048/1946/2763 2049/1945/2763 2052/1948/2763
f 717/1950/1221 2044/1944/1221 927/1934/1221
f 718/1951/1222 2045/1942/1222 2044/1944/1222
f 718/1951/1223 719/1953/1223 2046/1952/1223
f 719/1953/1224 113/1394/1224 923/1395/1224
f 2046/1952/1225 923/1395/1225 922/1408/1225
f 2049/1945/1226 922/1408/1226 921/1406/1226
f 2052/1948/1227 921/1406/1227 149/1407/1227
f 2051/1949/2764 2052/1948/2764 911/1954/2764
f 2051/1949/2765 910/1955/2765 909/1956/2765
f 2050/1947/2766 909/1956/2766 148/1957/2766
f 2047/1943/2767 2050/1947/2767 929/1937/2767
f 2044/1944/1232 2047/1943/1232 928/1935/1232
f 2054/1958/2768 2057/1962/2768 2056/1959/2768
f 2054/1958/2769 2055/1970/2769 2058/1961/2769
f 2057/1962/2770 2060/1965/2770 2059/1963/2770
f 2057/1962/2771 2058/1961/2771 2061/1964/2771
f 932/1966/2772 2053/1960/2772 971/1967/2772
f 931/1969/2773 2054/1958/2773 2053/1960/2773
f 931/1969/2774 930/1971/2774 2055/1970/2774
f 930/1971/2775 150/1991/2775 966/1972/2775
f 2055/1970/2776 966/1972/2776 967/1973/2776
f 2058/1961/2777 967/1973/2777 968/1974/2777
f 2061/1964/2778 968/1974/2778 154/1975/2778
f 2060/1965/2779 2061/1964/2779 954/1976/2779
f 2060/1965/2780 955/1977/2780 956/1978/2780
f 2059/1963/2781 956/1978/2781 155/1979/2781
f 2056/1959/2782 2059/1963/2782 969/1980/2782
f 2053/1960/2783 2056/1959/2783 970/1981/2783
f 2063/1982/2784 2066/1986/2784 2065/1983/2784
f 2063/1982/2785 2064/1992/2785 2067/1985/2785
f 2066/1986/2786 2069/1989/2786 2068/1987/2786
f 2066/1986/2787 2067/1985/2787 2070/1988/2787
f 930/1971/2788 2062/1984/2788 1043/1990/2788
f 931/1969/2789 2063/1982/2789 2062/1984/2789
f 931/1969/2790 932/1966/2790 2064/1992/2790
f 932/1966/2791 151/1968/2791 1038/1993/2791
f 2064/1992/2792 1038/1993/2792 1039/1994/2792
f 2067/1985/2793 1039/1994/2793 1040/1995/2793
f 1040/1995/2794 167/2278/2794 1028/1996/2794
f 2070/1988/2795 1028/1996/2795 1027/1997/2795
f 2068/1987/2796 2069/1989/2796 1027/1997/2796
f 1041/1999/2797 2068/1987/2797 1026/1998/2797
f 2065/1983/2798 2068/1987/2798 1041/1999/2798
f 2062/1984/2799 2065/1983/2799 1042/2001/2799
f 2072/2002/2800 2075/2006/2800 2074/2003/2800
f 2073/2005/2801 2076/2008/2801 2075/2006/2801
f 2075/2006/2802 2078/2009/2802 2077/2007/2802
f 2076/2008/2803 2079/2013/2803 2078/2009/2803
f 917/1940/2804 2071/2004/2804 948/2010/2804
f 916/1939/2805 2072/2002/2805 2071/2004/2805
f 915/1938/2806 2073/2005/2806 2072/2002/2806
f 148/1957/2807 951/2011/2807 2073/2005/2807
f 951/2011/2808 952/2012/2808 2076/2008/2808
f 952/2012/2809 953/2014/2809 2079/2013/2809
f 953/2014/2810 152/2032/2810 939/2015/2810
f 2079/2013/2811 939/2015/2811 940/2016/2811
f 2078/2009/2812 940/2016/2812 941/2017/2812
f 950/2018/2813 2077/2007/2813 941/2017/2813
f 949/2019/2814 2074/2003/2814 2077/2007/2814
f 2071/2004/2815 2074/2003/2815 949/2019/2815
f 2081/2020/1281 2084/2024/1281 2083/2021/1281
f 2081/2020/2816 2082/2028/2816 2085/2023/2816
f 2084/2024/1283 2087/2027/1283 2086/2025/1283
f 2084/2024/1284 2085/2023/1284 2088/2026/1284
f 909/1956/2817 2080/2022/2817 951/2011/2817
f 910/1955/1286 2081/2020/1286 2080/2022/1286
f 910/1955/1287 911/1954/1287 2082/2028/1287
f 911/1954/1288 149/1407/1288 947/1890/1288
f 2082/2028/1289 947/1890/1289 946/1900/1289
f 2085/2023/2818 946/1900/2818 945/1898/2818
f 2088/2026/1291 945/1898/1291 153/1899/1291
f 2087/2027/1292 2088/2026/1292 935/2029/1292
f 2087/2027/1293 934/2030/1293 933/2031/1293
f 2086/2025/1294 933/2031/1294 152/2032/1294
f 2083/2021/1295 2086/2025/1295 953/2014/1295
f 2080/2022/1296 2083/2021/1296 952/2012/1296
f 2090/2033/2819 2093/2037/2819 2092/2034/2819
f 2090/2033/2820 2091/2044/2820 2094/2036/2820
f 2093/2037/2821 2096/2040/2821 2095/2038/2821
f 2093/2037/2822 2094/2036/2822 2097/2039/2822
f 154/1975/2823 965/2042/2823 2089/2035/2823
f 965/2042/2824 964/2043/2824 2090/2033/2824
f 964/2043/2825 963/2045/2825 2091/2044/2825
f 963/2045/2826 156/2084/2826 990/2046/2826
f 2091/2044/2827 990/2046/2827 991/2047/2827
f 2094/2036/2828 991/2047/2828 992/2048/2828
f 2097/2039/2829 992/2048/2829 160/2049/2829
f 2096/2040/2830 2097/2039/2830 987/2050/2830
f 2095/2038/2831 2096/2040/2831 988/2051/2831
f 2095/2038/2832 989/2052/2832 158/2053/2832
f 2092/2034/2833 2095/2038/2833 993/2054/2833
f 2089/2035/2834 2092/2034/2834 994/2055/2834
f 2099/2056/2835 2102/2060/2835 2101/2057/2835
f 2100/2059/2836 2103/2062/2836 2102/2060/2836
f 2102/2060/2837 2105/2063/2837 2104/2061/2837
f 2103/2062/2838 2106/2066/2838 2105/2063/2838
f 941/2017/2839 2098/2058/2839 966/1972/2839
f 940/2016/2840 2099/2056/2840 2098/2058/2840
f 939/2015/2841 2100/2059/2841 2099/2056/2841
f 152/2032/2842 972/2064/2842 2100/2059/2842
f 972/2064/2843 973/2065/2843 2103/2062/2843
f 973/2065/2844 974/2067/2844 2106/2066/2844
f 974/2067/2845 156/2084/2845 963/2045/2845
f 2106/2066/2846 963/2045/2846 964/2043/2846
f 2105/2063/2847 964/2043/2847 965/2042/2847
f 2104/2061/2848 965/2042/2848 154/1975/2848
f 2101/2057/2849 2104/2061/2849 968/1974/2849
f 2098/2058/2850 2101/2057/2850 967/1973/2850
f 2108/2068/1329 2111/2072/1329 2110/2069/1329
f 2108/2068/1330 2109/2076/1330 2112/2071/1330
f 2111/2072/1331 2114/2075/1331 2113/2073/1331
f 2111/2072/1332 2112/2071/1332 2115/2074/1332
f 933/2031/1333 2107/2070/1333 972/2064/1333
f 934/2030/2851 2108/2068/2851 2107/2070/2851
f 934/2030/2852 935/2029/2852 2109/2076/2852
f 935/2029/1336 153/1899/1336 975/2077/1336
f 2109/2076/1337 975/2077/1337 976/2078/1337
f 2112/2071/2853 976/2078/2853 977/2079/2853
f 2115/2074/1339 977/2079/1339 157/2080/1339
f 2115/2074/1340 959/2081/1340 958/2082/1340
f 2113/2073/1341 2114/2075/1341 958/2082/1341
f 2113/2073/1342 957/2083/1342 156/2084/1342
f 2110/2069/2854 2113/2073/2854 974/2067/2854
f 2107/2070/1344 2110/2069/1344 973/2065/1344
f 2116/2085/2855 2117/2088/2855 2120/2086/2855
f 2117/2088/2856 2118/2093/2856 2121/2089/2856
f 2119/2087/2857 2120/2086/2857 2123/2090/2857
f 2120/2086/2858 2121/2089/2858 2124/2092/2858
f 153/1899/2859 938/1897/2859 2116/2085/2859
f 938/1897/2860 937/1896/2860 2117/2088/2860
f 937/1896/2861 936/1895/2861 2118/2093/2861
f 936/1895/2862 151/1968/2862 971/1967/2862
f 2118/2093/2863 971/1967/2863 970/1981/2863
f 2121/2089/2864 970/1981/2864 969/1980/2864
f 2124/2092/2865 969/1980/2865 155/1979/2865
f 2123/2090/2866 2124/2092/2866 960/2094/2866
f 2122/2091/2867 2123/2090/2867 961/2095/2867
f 977/2079/2868 2122/2091/2868 962/2096/2868
f 976/2078/2869 2119/2087/2869 2122/2091/2869
f 975/2077/2870 2116/2085/2870 2119/2087/2870
f 2125/2097/2871 2126/2101/2871 2129/2098/2871
f 2127/2100/2872 2130/2110/2872 2129/2098/2872
f 2129/2098/2873 2132/2104/2873 2131/2102/2873
f 2129/2098/2874 2130/2110/2874 2133/2103/2874
f 159/2105/2875 980/2107/2875 2125/2097/2875
f 980/2107/2876 979/2109/2876 2126/2101/2876
f 978/2108/2877 2127/2100/2877 2126/2101/2877
f 158/2053/2878 989/2052/2878 2127/2100/2878
f 989/2052/2879 988/2051/2879 2130/2110/2879
f 2130/2110/2880 988/2051/2880 987/2050/2880
f 2133/2103/2881 987/2050/2881 160/2049/2881
f 2132/2104/2882 2133/2103/2882 981/2111/2882
f 2132/2104/2883 982/2112/2883 983/2113/2883
f 2131/2102/2884 983/2113/2884 161/2114/2884
f 2128/2099/2885 2131/2102/2885 986/2115/2885
f 984/2106/2886 2125/2097/2886 2128/2099/2886
f 2135/2117/2887 2138/2121/2887 2137/2118/2887
f 2135/2117/2888 2136/2125/2888 2139/2120/2888
f 2138/2121/2889 2141/2124/2889 2140/2122/2889
f 2138/2121/2890 2139/2120/2890 2142/2123/2890
f 957/2083/2891 2134/2119/2891 990/2046/2891
f 958/2082/2892 2135/2117/2892 2134/2119/2892
f 958/2082/2893 959/2081/2893 2136/2125/2893
f 959/2081/2894 157/2080/2894 996/2126/2894
f 2136/2125/2895 996/2126/2895 997/2127/2895
f 2139/2120/2896 997/2127/2896 998/2128/2896
f 2142/2123/2897 998/2128/2897 161/2114/2897
f 2141/2124/2898 2142/2123/2898 983/2113/2898
f 2141/2124/2899 982/2112/2899 981/2111/2899
f 2140/2122/2900 981/2111/2900 160/2049/2900
f 2137/2118/2901 2140/2122/2901 992/2048/2901
f 2134/2119/2902 2137/2118/2902 991/2047/2902
f 2144/2129/2903 2147/2133/2903 2146/2130/2903
f 2144/2129/2904 2145/2137/2904 2148/2132/2904
f 2147/2133/2905 2150/2136/2905 2149/2134/2905
f 2147/2133/2906 2148/2132/2906 2151/2135/2906
f 962/2096/2907 2143/2131/2907 996/2126/2907
f 961/2095/2908 2144/2129/2908 2143/2131/2908
f 960/2094/2909 2145/2137/2909 2144/2129/2909
f 155/1979/2910 999/2148/2910 2145/2137/2910
f 2145/2137/2911 999/2148/2911 1000/2138/2911
f 2148/2132/2912 1000/2138/2912 1001/2139/2912
f 2151/2135/2913 1001/2139/2913 159/2105/2913
f 2151/2135/2914 984/2106/2914 985/2116/2914
f 2150/2136/2915 985/2116/2915 986/2115/2915
f 2149/2134/2916 986/2115/2916 161/2114/2916
f 2146/2130/2917 2149/2134/2917 998/2128/2917
f 2143/2131/2918 2146/2130/2918 997/2127/2918
f 2153/2140/2919 2156/2144/2919 2155/2141/2919
f 2153/2140/2920 2154/2149/2920 2157/2143/2920
f 2156/2144/2921 2159/2147/2921 2158/2145/2921
f 2156/2144/2922 2157/2143/2922 2160/2146/2922
f 956/1978/2923 2152/2142/2923 999/2148/2923
f 955/1977/2924 2153/2140/2924 2152/2142/2924
f 955/1977/2925 954/1976/2925 2154/2149/2925
f 954/1976/2926 154/1975/2926 995/2041/2926
f 2154/2149/2927 995/2041/2927 994/2055/2927
f 2157/2143/2928 994/2055/2928 993/2054/2928
f 2160/2146/2929 993/2054/2929 158/2053/2929
f 2159/2147/2930 2160/2146/2930 978/2108/2930
f 2159/2147/2931 979/2109/2931 980/2107/2931
f 2158/2145/2932 980/2107/2932 159/2105/2932
f 2155/2141/2933 2158/2145/2933 1001/2139/2933
f 2152/2142/2934 2155/2141/2934 1000/2138/2934
f 2161/2150/2935 2162/2154/2935 2165/2151/2935
f 2163/2153/2936 2166/2157/2936 2165/2151/2936
f 2164/2152/2937 2165/2151/2937 2168/2155/2937
f 2166/2157/2938 2169/2166/2938 2168/2155/2938
f 163/2158/2939 1004/2160/2939 2161/2150/2939
f 1004/2160/2940 1003/2162/2940 2162/2154/2940
f 1002/2161/2941 2163/2153/2941 2162/2154/2941
f 162/2163/2942 1011/2164/2942 2163/2153/2942
f 1011/2164/2943 1012/2165/2943 2166/2157/2943
f 1012/2165/2944 1013/2167/2944 2169/2166/2944
f 1013/2167/2945 164/2200/2945 1005/2168/2945
f 2169/2166/2946 1005/2168/2946 1006/2169/2946
f 2167/2156/2947 2168/2155/2947 1006/2169/2947
f 1010/2171/2948 2167/2156/2948 1007/2170/2948
f 1009/2173/2949 2164/2152/2949 2167/2156/2949
f 1008/2159/2950 2161/2150/2950 2164/2152/2950
f 2171/2174/2951 2174/2178/2951 2173/2175/2951
f 2171/2174/2952 2172/2183/2952 2175/2177/2952
f 2174/2178/2953 2177/2181/2953 2176/2179/2953
f 2174/2178/2954 2175/2177/2954 2178/2180/2954
f 908/1920/2955 2170/2176/2955 1025/2182/2955
f 907/1919/2956 2171/2174/2956 2170/2176/2956
f 907/1919/2957 906/1918/2957 2172/2183/2957
f 906/1918/2958 146/1941/2958 1020/2184/2958
f 2172/2183/2959 1020/2184/2959 1021/2185/2959
f 2175/2177/2960 1021/2185/2960 1022/2186/2960
f 2178/2180/2961 1022/2186/2961 162/2163/2961
f 2177/2181/2962 2178/2180/2962 1002/2161/2962
f 2177/2181/2963 1003/2162/2963 1004/2160/2963
f 2176/2179/2964 1004/2160/2964 163/2158/2964
f 2173/2175/2965 2176/2179/2965 1023/2187/2965
f 2170/2176/2966 2173/2175/2966 1024/2188/2966
f 2180/2189/2967 2183/2193/2967 2182/2190/2967
f 2181/2192/2968 2184/2196/2968 2183/2193/2968
f 2182/2190/2969 2183/2193/2969 2186/2194/2969
f 2184/2196/2970 2187/2199/2970 2186/2194/2970
f 948/2010/2971 2179/2191/2971 1020/2184/2971
f 949/2019/2972 2180/2189/2972 2179/2191/2972
f 950/2018/2973 2181/2192/2973 2180/2189/2973
f 150/1991/2974 1019/2197/2974 2181/2192/2974
f 1019/2197/2975 1018/2198/2975 2184/2196/2975
f 1018/2198/2976 1017/2246/2976 2187/2199/2976
f 2187/2199/2977 1017/2246/2977 164/2200/2977
f 2186/2194/2978 2187/2199/2978 1013/2167/2978
f 2185/2195/2979 2186/2194/2979 1012/2165/2979
f 1022/2186/2980 2185/2195/2980 1011/2164/2980
f 1021/2185/2981 2182/2190/2981 2185/2195/2981
f 1020/2184/2982 2179/2191/2982 2182/2190/2982
f 2188/2201/2983 2189/2204/2983 2192/2202/2983
f 2189/2204/2984 2190/2209/2984 2193/2205/2984
f 2191/2203/2985 2192/2202/2985 2195/2206/2985
f 2193/2205/2986 2196/2210/2986 2195/2206/2986
f 151/1968/2987 944/1894/2987 2188/2201/2987
f 944/1894/2988 943/1893/2988 2189/2204/2988
f 943/1893/2989 942/1892/2989 2190/2209/2989
f 942/1892/2990 147/1921/2990 1025/2182/2990
f 1025/2182/2991 1024/2188/2991 2193/2205/2991
f 1024/2188/2992 1023/2187/2992 2196/2210/2992
f 1023/2187/2993 163/2158/2993 1008/2159/2993
f 2196/2210/2994 1008/2159/2994 1009/2173/2994
f 2195/2206/2995 1009/2173/2995 1010/2171/2995
f 2194/2207/2996 1010/2171/2996 165/2172/2996
f 1015/2212/2997 2191/2203/2997 2194/2207/2997
f 1014/2208/2998 2188/2201/2998 2191/2203/2998
f 2198/2213/2999 2201/2217/2999 2200/2214/2999
f 2198/2213/3000 2199/2225/3000 2202/2216/3000
f 2201/2217/3001 2204/2220/3001 2203/2218/3001
f 2201/2217/3002 2202/2216/3002 2205/2219/3002
f 1031/2221/3003 2197/2215/3003 1067/2222/3003
f 1030/2224/3004 2198/2213/3004 2197/2215/3004
f 1030/2224/3005 1029/2226/3005 2199/2225/3005
f 1029/2226/3006 168/2252/3006 1062/2227/3006
f 2199/2225/3007 1062/2227/3007 1063/2228/3007
f 2202/2216/3008 1063/2228/3008 1064/2229/3008
f 2205/2219/3009 1064/2229/3009 172/2230/3009
f 2204/2220/3010 2205/2219/3010 1053/2231/3010
f 2204/2220/3011 1054/2232/3011 1055/2233/3011
f 2203/2218/3012 1055/2233/3012 173/2234/3012
f 2200/2214/3013 2203/2218/3013 1065/2235/3013
f 2197/2215/3014 2200/2214/3014 1066/2236/3014
f 2206/2237/3015 2207/2240/3015 2210/2238/3015
f 2207/2240/3016 2208/2247/3016 2211/2241/3016
f 2209/2239/3017 2210/2238/3017 2213/2242/3017
f 2210/2238/3018 2211/2241/3018 2214/2244/3018
f 164/2200/3019 1017/2246/3019 2206/2237/3019
f 1017/2246/3020 1018/2198/3020 2207/2240/3020
f 1018/2198/3021 1019/2197/3021 2208/2247/3021
f 1019/2197/3022 150/1991/3022 1043/1990/3022
f 2208/2247/3023 1043/1990/3023 1042/2001/3023
f 2211/2241/3024 1042/2001/3024 1041/1999/3024
f 2214/2244/3025 1041/1999/3025 166/2000/3025
f 2213/2242/3026 2214/2244/3026 1037/2248/3026
f 2212/2243/3027 2213/2242/3027 1036/2249/3027
f 1044/2251/3028 2212/2243/3028 1035/2250/3028
f 1045/2253/3029 2209/2239/3029 2212/2243/3029
f 1046/2245/3030 2206/2237/3030 2209/2239/3030
f 2215/2254/1521 2216/2258/1521 2219/2255/1521
f 2217/2257/1522 2220/2263/1522 2219/2255/1522
f 2219/2255/1523 2222/2261/1523 2221/2259/1523
f 2219/2255/1524 2220/2263/1524 2223/2260/1524
f 165/2172/3031 1007/2170/3031 2215/2254/3031
f 1007/2170/3032 1006/2169/3032 2216/2258/3032
f 1005/2168/3033 2217/2257/3033 2216/2258/3033
f 164/2200/3034 1046/2245/3034 2217/2257/3034
f 2217/2257/3035 1046/2245/3035 1045/2253/3035
f 2220/2263/1530 1045/2253/1530 1044/2251/1530
f 2223/2260/1531 1044/2251/1531 168/2252/1531
f 2222/2261/1532 2223/2260/1532 1029/2226/1532
f 2222/2261/1533 1030/2224/1533 1031/2221/1533
f 2221/2259/1534 1031/2221/1534 169/2223/1534
f 2218/2256/1535 2221/2259/1535 1047/2264/1535
f 2215/2254/3036 2218/2256/3036 1048/2265/3036
f 2225/2266/3037 2228/2270/3037 2227/2267/3037
f 2226/2269/3038 2229/2272/3038 2228/2270/3038
f 2228/2270/3039 2231/2273/3039 2230/2271/3039
f 2229/2272/3040 2232/2274/3040 2231/2273/3040
f 1014/2208/3041 2224/2268/3041 1038/1993/3041
f 1015/2212/3042 2225/2266/3042 2224/2268/3042
f 1016/2211/3043 2226/2269/3043 2225/2266/3043
f 165/2172/3044 1049/2262/3044 2226/2269/3044
f 1049/2262/3045 1048/2265/3045 2229/2272/3045
f 1048/2265/3046 1047/2264/3046 2232/2274/3046
f 1047/2264/3047 169/2223/3047 1034/2275/3047
f 2232/2274/3048 1034/2275/3048 1033/2276/3048
f 2231/2273/3049 1033/2276/3049 1032/2277/3049
f 2230/2271/3050 1032/2277/3050 167/2278/3050
f 2227/2267/3051 2230/2271/3051 1040/1995/3051
f 2224/2268/3052 2227/2267/3052 1039/1994/3052
f 2233/2279/3053 2234/2283/3053 2237/2280/3053
f 2235/2282/3054 2238/2294/3054 2237/2280/3054
f 2237/2280/3055 2240/2286/3055 2239/2284/3055
f 2237/2280/3056 2238/2294/3056 2241/2285/3056
f 170/2287/3057 1050/2289/3057 2233/2279/3057
f 1050/2289/3058 1051/2291/3058 2234/2283/3058
f 1052/2290/3059 2235/2282/3059 2234/2283/3059
f 171/2292/3060 1056/2293/3060 2235/2282/3060
f 1056/2293/3061 1057/2308/3061 2238/2294/3061
f 2238/2294/3062 1057/2308/3062 1058/2295/3062
f 2241/2285/3063 1058/2295/3063 173/2234/3063
f 2240/2286/3064 2241/2285/3064 1055/2233/3064
f 2240/2286/3065 1054/2232/3065 1053/2231/3065
f 2239/2284/3066 1053/2231/3066 172/2230/3066
f 2236/2281/3067 2239/2284/3067 1059/2296/3067
f 1061/2288/3068 2233/2279/3068 2236/2281/3068
f 2242/2298/3069 2243/2302/3069 2246/2299/3069
f 2244/2301/3070 2247/2305/3070 2246/2299/3070
f 2245/2300/3071 2246/2299/3071 2249/2303/3071
f 2247/2305/3072 2250/2307/3072 2249/2303/3072
f 1032/2277/3073 2242/2298/3073 1070/2306/3073
f 1033/2276/3074 2243/2302/3074 2242/2298/3074
f 1034/2275/1575 2244/2301/1575 2243/2302/1575
f 169/2223/3075 1067/2222/3075 2244/2301/3075
f 1067/2222/3076 1066/2236/3076 2247/2305/3076
f 1066/2236/3077 1065/2235/3077 2250/2307/3077
f 1065/2235/3078 173/2234/3078 1058/2295/3078
f 2250/2307/3079 1058/2295/3079 1057/2308/3079
f 2248/2304/3080 2249/2303/3080 1057/2308/3080
f 1068/2309/3081 2248/2304/3081 1056/2293/3081
f 1069/2310/3082 2245/2300/3082 2248/2304/3082
f 1070/2306/3083 2242/2298/3083 2245/2300/3083
f 2252/2311/3084 2255/2315/3084 2254/2312/3084
f 2252/2311/3085 2253/2320/3085 2256/2314/3085
f 2255/2315/3086 2258/2318/3086 2257/2316/3086
f 2255/2315/3087 2256/2314/3087 2259/2317/3087
f 166/2000/3088 1026/1998/3088 2251/2313/3088
f 1026/1998/3089 1027/1997/3089 2252/2311/3089
f 1028/1996/3090 2253/2320/3090 2252/2311/3090
f 167/2278/3091 1070/2306/3091 2253/2320/3091
f 2253/2320/3092 1070/2306/3092 1069/2310/3092
f 2256/2314/3093 1069/2310/3093 1068/2309/3093
f 2259/2317/3094 1068/2309/3094 171/2292/3094
f 2258/2318/3095 2259/2317/3095 1052/2290/3095
f 2258/2318/3096 1051/2291/3096 1050/2289/3096
f 2257/2316/3097 1050/2289/3097 170/2287/3097
f 2254/2312/3098 2257/2316/3098 1071/2321/3098
f 2251/2313/3099 2254/2312/3099 1072/2322/3099
f 2260/2323/3100 2261/2327/3100 2264/2324/3100
f 2262/2326/3101 2265/2330/3101 2264/2324/3101
f 2263/2325/3102 2264/2324/3102 2267/2328/3102
f 2265/2330/3103 2268/2331/3103 2267/2328/3103
f 168/2252/3104 1035/2250/3104 2260/2323/3104
f 1035/2250/3105 1036/2249/3105 2261/2327/3105
f 1036/2249/3106 1037/2248/3106 2262/2326/3106
f 1037/2248/3107 166/2000/3107 1073/2319/3107
f 1073/2319/3108 1072/2322/3108 2265/2330/3108
f 1072/2322/3109 1071/2321/3109 2268/2331/3109
f 1071/2321/3110 170/2287/3110 1061/2288/3110
f 2268/2331/3111 1061/2288/3111 1060/2297/3111
f 2266/2329/3112 2267/2328/3112 1060/2297/3112
f 1064/2229/3113 2266/2329/3113 1059/2296/3113
f 1063/2228/3114 2263/2325/3114 2266/2329/3114
f 1062/2227/3115 2260/2323/3115 2263/2325/3115
l 29 423
l 423 424
l 424 425
l 425 43
l 30 426
l 426 427
l 427 428
l 428 44
l 43 429
l 429 430
l 430 431
l 431 34
l 44 432
l 432 433
l 433 434
l 434 53
