# Blender v3.1.2 OBJ File: ''
# www.blender.org
mtllib mike(B1).mtl
o Black_Cube.007
v -0.463468 -1.383371 0.369188
v -0.159200 -1.143072 0.159200
v -0.463468 -1.383371 -0.368977
v -0.159200 -1.143072 -0.159200
v 0.383282 -1.415752 0.378303
v 0.159200 -1.143072 0.159200
v 0.449676 -1.411824 -0.371897
v 0.159200 -1.143072 -0.159200
v -0.322725 -1.172234 0.322725
v -0.322725 -1.172234 -0.322725
v 0.322725 -1.172234 -0.322725
v 0.322725 -1.172234 0.322725
v -0.254049 -2.313432 0.254049
v -0.254049 -2.313431 -0.254049
v 0.254049 -2.313431 0.254049
v 0.254049 -2.313431 -0.254049
v -0.846635 -1.253033 -0.132393
v -0.846635 -1.253033 0.133858
v -0.814512 -1.625070 0.126962
v -0.814512 -1.625070 -0.118464
v 0.785279 -1.296068 -0.136449
v 0.838737 -1.264735 0.116379
v 0.715677 -1.625300 0.136164
v 0.751376 -1.623257 -0.133784
v -1.127219 -1.236919 -0.098028
v -1.127219 -1.236919 0.100665
v -1.072644 -1.595327 0.127109
v -1.072644 -1.595327 -0.118317
v 1.063918 -1.242194 -0.098028
v 1.063918 -1.242194 0.100665
v 1.009808 -1.580914 0.127604
v 1.009808 -1.580914 -0.118813
v -0.847010 -2.276285 0.100207
v -0.847010 -2.276285 -0.089657
v -1.028911 -2.273719 0.100207
v -1.028911 -2.273719 -0.089657
v 0.780663 -2.200311 0.103330
v 0.780663 -2.200311 -0.092781
v 0.968549 -2.197661 0.103330
v 0.968549 -2.197660 -0.092781
v -0.849991 -2.838101 0.104851
v -0.849991 -2.838101 -0.094302
v -1.040792 -2.835410 0.104851
v -1.040792 -2.835410 -0.094302
v -0.879955 -3.101818 0.077464
v -0.879955 -3.101818 -0.066915
v -1.018278 -3.099867 0.077464
v -1.018278 -3.099866 -0.066915
v 0.782915 -2.812382 0.108726
v 0.782915 -2.812382 -0.098178
v 0.981141 -2.809586 0.108726
v 0.981141 -2.809586 -0.098178
v 0.823543 -3.100416 0.070311
v 0.823543 -3.100416 -0.059762
v 0.948161 -3.098658 0.070311
v 0.948161 -3.098658 -0.059762
v -0.592346 -1.284241 0.000030
v -0.376831 -1.240895 0.368629
v -0.443747 -1.172234 0.000000
v -0.376831 -1.240895 -0.368618
v -0.001306 -1.441225 -0.511854
v -0.000000 -1.172234 -0.443747
v 0.375346 -1.244116 -0.368107
v 0.554992 -1.355737 0.024436
v 0.443747 -1.172234 -0.000000
v 0.367874 -1.246418 0.367252
v -0.008419 -1.441916 0.509439
v 0.000000 -1.172234 0.443747
v -0.218900 -1.143072 0.000000
v -0.000000 -1.143072 -0.218900
v 0.218900 -1.143072 -0.000000
v 0.000000 -1.143072 0.218900
v -0.248877 -1.146717 0.248877
v -0.248877 -1.146717 -0.248877
v 0.248877 -1.146717 -0.248877
v 0.248877 -1.146717 0.248877
v -0.349317 -2.313432 -0.000000
v 0.000000 -2.313432 -0.349317
v 0.349317 -2.313432 0.000000
v 0.000000 -2.313432 0.349317
v -0.369515 -1.770734 -0.331641
v -0.369515 -1.770734 0.332257
v 0.362341 -1.734362 0.350331
v 0.354421 -1.801160 -0.361707
v -0.861879 -1.191085 0.000183
v -0.814644 -1.418047 0.138772
v -0.748691 -1.658741 0.004066
v -0.814644 -1.418047 -0.134157
v -0.685470 -1.339930 0.171832
v -0.685470 -1.339931 -0.170960
v 0.804137 -1.255626 0.015931
v 0.768030 -1.399131 0.156259
v 0.677644 -1.682568 -0.025864
v 0.753344 -1.452293 -0.166229
v 0.634969 -1.428611 -0.179995
v 0.558980 -1.762807 0.121598
v -1.158166 -1.214956 0.001030
v -1.118935 -1.355743 0.127806
v -1.117969 -1.594708 0.004396
v -1.118934 -1.355743 -0.122417
v 1.094866 -1.220231 0.001030
v 1.055692 -1.358557 0.127868
v 1.055311 -1.580293 0.004396
v 1.055692 -1.358557 -0.122479
v 0.883043 -1.586798 0.176417
v 0.963204 -1.224972 0.124800
v -0.949727 -1.600283 -0.164353
v -1.020207 -1.216724 -0.126136
v -1.020207 -1.216724 0.128008
v -0.949727 -1.600283 0.173108
v 0.886498 -1.587450 -0.166887
v 0.957150 -1.226719 -0.126643
v -0.812904 -2.276766 0.005275
v -1.063018 -2.273238 0.005275
v -0.937961 -2.275002 -0.125257
v -0.937961 -2.275002 0.135806
v -1.039407 -1.921677 -0.101650
v -1.039407 -1.921677 0.111980
v -0.831861 -1.927868 0.111962
v -0.831861 -1.927868 -0.101669
v 0.745435 -2.200807 0.005275
v 1.003778 -2.197164 0.005275
v 0.874607 -2.198986 0.140101
v 0.874607 -2.198985 -0.129552
v 0.977578 -1.870027 0.113547
v 0.977578 -1.870027 -0.103217
v 0.767111 -1.877833 -0.105088
v 0.763299 -1.878791 0.114566
v -0.814216 -2.838606 0.005275
v -1.076567 -2.834906 0.005275
v -0.945391 -2.836756 -0.131643
v -0.945392 -2.836756 0.142193
v -1.034610 -2.590270 -0.091394
v -1.034610 -2.590270 0.101944
v -0.849380 -2.592882 -0.091394
v -0.849380 -2.592882 0.101944
v -0.854019 -3.102184 0.005275
v -1.044214 -3.099500 0.005275
v -0.949116 -3.100842 -0.093986
v -0.949116 -3.100842 0.104535
v -1.033915 -2.992891 0.095357
v -0.861307 -2.995326 0.095357
v -1.033915 -2.992891 -0.084807
v -0.861307 -2.995326 -0.084807
v 0.745748 -2.812906 0.005274
v 1.018309 -2.809062 0.005274
v 0.882028 -2.810984 0.147521
v 0.882028 -2.810984 -0.136972
v 0.781640 -2.534118 0.106505
v 0.975609 -2.531382 0.106505
v 0.781640 -2.534117 -0.095956
v 0.975609 -2.531382 -0.095956
v 0.800177 -3.100746 0.005274
v 0.971526 -3.098329 0.005274
v 0.885852 -3.099537 0.094699
v 0.885852 -3.099537 -0.084151
v 0.798482 -2.987647 0.094836
v 0.970093 -2.985226 0.094836
v 0.798481 -2.987647 -0.084288
v 0.970093 -2.985226 -0.084288
v -0.514052 -1.231859 0.000003
v -0.000227 -1.248528 -0.504517
v 0.509417 -1.239744 0.002142
v -0.002095 -1.249103 0.503969
v -0.629510 -1.592053 0.001304
v -0.342206 -1.146717 -0.000000
v 0.000000 -1.146717 -0.342206
v 0.342206 -1.146717 0.000000
v -0.000000 -1.146717 0.342206
v 0.572936 -1.711204 -0.122492
v -0.002257 -1.814270 0.448601
v -0.001823 -1.820134 -0.450052
v -1.168248 -1.352979 0.002666
v -0.712982 -1.253808 0.000108
v -0.984778 -1.362117 -0.171034
v 0.627206 -1.472699 0.091645
v 0.923638 -1.362626 0.178351
v 1.105028 -1.355792 0.002666
v -0.984778 -1.362117 0.176255
v 1.016671 -1.869478 0.005165
v 0.975210 -1.180442 0.001809
v -1.077938 -1.921137 0.005165
v -1.037471 -1.167664 0.000317
v 0.921734 -1.368861 -0.175121
v -1.069340 -2.589780 0.005275
v -0.936403 -1.923533 0.152034
v -0.790769 -1.932540 0.005124
v -0.936403 -1.923533 -0.141708
v 0.878624 -2.532750 0.144466
v 0.724604 -1.884720 0.001677
v 0.873083 -1.872101 -0.144094
v 0.872129 -1.872340 0.154678
v -0.947611 -2.994109 0.129137
v -0.941995 -2.591576 -0.127645
v -0.814649 -2.593372 0.005275
v -0.941995 -2.591576 0.138195
v -1.066279 -2.992435 0.005275
v -0.947611 -2.994108 -0.118588
v -0.828943 -2.995782 0.005275
v 0.884287 -2.986437 0.128422
v 0.745271 -2.534631 0.005275
v 0.878624 -2.532749 -0.133917
v 1.011978 -2.530869 0.005275
v 0.766304 -2.988101 0.005274
v 0.884287 -2.986437 -0.117873
v 1.002270 -2.984772 0.005274
v 0.000000 0.000000 3.358228
v -0.330679 -0.330679 0.811769
v -0.330679 0.330679 0.811769
v 0.330679 -0.330679 0.811769
v 0.330679 0.330679 0.811769
v 1.071861 0.000989 0.813949
v 0.000711 1.068060 0.813915
v 0.003518 -1.062380 0.813869
v -1.062339 -0.000158 0.813868
v -0.858735 -0.865216 0.813639
v -0.869294 0.870785 0.813771
v 0.872527 -0.863134 0.813714
v 0.870307 0.866303 0.813702
v 0.001586 0.000947 1.187139
v 0.794020 0.000764 1.146646
v 0.000418 0.791018 1.146604
v 0.002981 -0.786523 1.146541
v -0.786497 0.000909 1.146540
v -0.706776 -0.711897 1.123988
v -0.714572 0.716521 1.124274
v 0.718455 -0.709768 1.124160
v 0.716572 0.712898 1.124143
v -0.776799 0.778591 1.081851
v -0.838535 0.840135 0.994336
v -0.865792 0.867302 0.889025
v -1.057352 -0.000136 0.889361
v -1.017635 0.000072 0.998127
v -0.920475 0.000528 1.093377
v 0.003234 -0.920509 1.093377
v 0.003427 -1.017674 0.998126
v 0.003508 -1.057391 0.889364
v 0.869082 -0.859668 0.888817
v 0.842052 -0.832732 0.993945
v 0.780614 -0.771556 1.081562
v -1.057933 -0.229622 0.813818
v -1.037941 -0.456508 0.813626
v -0.981264 -0.674665 0.813524
v -0.668293 -0.987300 0.813562
v -0.450661 -1.042523 0.813664
v -0.224843 -1.060367 0.813839
v -0.991212 0.678085 0.813642
v -1.045292 0.457989 0.813689
v -1.061774 0.229790 0.813839
v -0.229511 1.066516 0.813878
v -0.457635 1.049021 0.813718
v -0.677377 0.993837 0.813659
v 0.232775 -1.059412 0.813819
v 0.460593 -1.040745 0.813642
v 0.680216 -0.985162 0.813575
v 0.995936 -0.672237 0.813644
v 1.051777 -0.453787 0.813745
v 1.069821 -0.227370 0.813920
v 1.068862 0.229516 0.813911
v 1.049959 0.456285 0.813726
v 0.993597 0.675031 0.813619
v 0.678408 0.989059 0.813591
v 0.458905 1.045368 0.813689
v 0.230905 1.064596 0.813875
v 0.630389 0.000761 1.171436
v 0.438889 0.000805 1.182624
v 0.225602 0.000871 1.186581
v 0.000561 0.627862 1.171429
v 0.000838 0.437012 1.182623
v 0.001195 0.224399 1.186581
v 0.001978 -0.222198 1.186581
v 0.002351 -0.434083 1.182622
v 0.002687 -0.624073 1.171419
v -0.221920 0.001021 1.186581
v -0.433984 0.001073 1.182622
v -0.624038 0.001062 1.171419
v -0.783598 -0.222354 1.146078
v -0.771383 -0.428263 1.143122
v -0.742886 -0.598438 1.135412
v -0.593593 -0.747465 1.135458
v -0.424195 -0.774838 1.143174
v -0.219352 -0.785463 1.146107
v -0.749953 0.602416 1.135605
v -0.776792 0.431327 1.143235
v -0.786526 0.224543 1.146129
v -0.223450 0.790300 1.146180
v -0.430062 0.779856 1.143275
v -0.600788 0.752389 1.135629
v 0.226191 -0.784719 1.146098
v 0.432945 -0.773430 1.143168
v 0.604221 -0.745557 1.135504
v 0.754467 -0.596373 1.135592
v 0.782176 -0.426597 1.143288
v 0.792938 -0.221446 1.146214
v 0.792206 0.223181 1.146202
v 0.780825 0.428828 1.143262
v 0.752713 0.599155 1.135560
v 0.602447 0.748968 1.135523
v 0.431274 0.777188 1.143212
v 0.224380 0.788841 1.146154
v -0.855334 -0.861806 0.888537
v -0.828779 -0.835026 0.993396
v -0.768202 -0.773912 1.081146
v 0.000707 1.063026 0.889543
v 0.000631 1.023007 0.998492
v 0.000470 0.925412 1.093616
v 0.778602 0.774758 1.081509
v 0.839905 0.835937 0.993869
v 0.866864 0.862851 0.888774
v 1.066796 0.000991 0.889663
v 1.026575 0.000944 0.998734
v 0.928699 0.000836 1.093771
v 0.676544 0.984673 0.888387
v 0.458113 1.040609 0.888669
v 0.230712 1.059614 0.889336
v 0.661284 0.949859 0.994574
v 0.452381 1.002350 0.996372
v 0.229325 1.019982 0.997944
v 0.627711 0.864943 1.086002
v 0.440163 0.907793 1.090832
v 0.226472 0.922870 1.093101
v -1.053007 -0.229413 0.889122
v -1.033245 -0.455707 0.888431
v -0.976941 -0.672813 0.888136
v -1.013729 -0.227910 0.997517
v -0.995388 -0.449910 0.995894
v -0.942545 -0.657605 0.994071
v -0.917134 -0.224781 1.092818
v -0.901431 -0.437486 1.090508
v -0.858286 -0.623986 1.085646
v -0.986769 0.676234 0.888575
v -1.040515 0.457266 0.888695
v -1.056816 0.229614 0.889233
v -0.951621 0.661005 0.994929
v -1.002135 0.451756 0.996479
v -1.017286 0.228508 0.997809
v -0.866215 0.627581 1.086234
v -0.907453 0.439945 1.090886
v -0.920359 0.226250 1.093000
v 0.232555 -1.054476 0.889153
v 0.459843 -1.036015 0.888521
v 0.678367 -0.980785 0.888331
v 0.231196 -1.015086 0.997649
v 0.454147 -0.997937 0.996148
v 0.663137 -0.946057 0.994460
v 0.228399 -0.918370 1.092890
v 0.441923 -0.903708 1.090663
v 0.629573 -0.861303 1.085916
v -0.222497 0.224609 1.186025
v -0.222799 0.437154 1.182086
v -0.222842 0.627596 1.170938
v -0.434613 0.224557 1.182085
v -0.433390 0.435467 1.178267
v -0.430008 0.621805 1.167439
v -0.624401 0.224263 1.170929
v -0.619201 0.431663 1.167434
v -0.605820 0.607899 1.157699
v -0.621934 -0.221782 1.170919
v -0.614591 -0.428334 1.167410
v -0.599646 -0.603642 1.157648
v -0.432749 -0.222070 1.182083
v -0.429840 -0.432148 1.178262
v -0.425107 -0.617536 1.167418
v -0.221246 -0.222240 1.186025
v -0.220390 -0.433995 1.182084
v -0.219451 -0.623513 1.170925
v 0.225649 -0.622895 1.170923
v 0.433161 -0.616357 1.167420
v 0.609689 -0.602008 1.157678
v 0.225836 -0.433568 1.182084
v 0.437027 -0.431312 1.178265
v 0.623772 -0.427109 1.167438
v 0.225838 -0.222069 1.186025
v 0.438856 -0.221718 1.182086
v 0.629825 -0.221213 1.170942
v 0.629198 0.222964 1.170940
v 0.622602 0.429408 1.167433
v 0.608132 0.604932 1.157676
v 0.438314 0.223583 1.182086
v 0.435997 0.433784 1.178265
v 0.431743 0.619542 1.167426
v 0.225277 0.224091 1.186025
v 0.224755 0.436259 1.182085
v 0.224134 0.626377 1.170932
v 0.991504 -0.670355 0.888583
v 1.046963 -0.453043 0.888849
v 1.064803 -0.227163 0.889472
v 0.956369 -0.655064 0.994947
v 1.008331 -0.447381 0.996805
v 1.024865 -0.225895 0.998306
v 0.870933 -0.621550 1.086256
v 0.913273 -0.435307 1.091102
v 0.927359 -0.223339 1.093321
v -0.229315 1.061520 0.889382
v -0.456888 1.044218 0.888806
v -0.675498 0.989388 0.888640
v -0.228070 1.021747 0.998109
v -0.451214 1.005675 0.996706
v -0.660108 0.954197 0.995058
v -0.225503 0.924472 1.093197
v -0.439060 0.910761 1.091038
v -0.626347 0.868745 1.086328
v -0.666452 -0.982935 0.888273
v -0.449897 -1.037784 0.888572
v -0.224676 -1.055419 0.889201
v -0.651433 -0.948224 0.994332
v -0.444370 -0.999656 0.996170
v -0.223474 -1.016001 0.997673
v -0.618373 -0.863395 1.085823
v -0.432599 -0.905277 1.090691
v -0.221025 -0.919195 1.092923
v 1.063846 0.229328 0.889472
v 1.045165 0.455492 0.888809
v 0.989188 0.673154 0.888493
v 1.023989 0.227973 0.998212
v 1.006675 0.449770 0.996648
v 0.954200 0.657872 0.994780
v 0.926552 0.225199 1.093277
v 0.911772 0.437611 1.091014
v 0.868993 0.624331 1.086145
v 0.000000 0.000000 2.899830
v -0.227856 -0.227856 0.899829
v -0.227856 0.227856 0.899829
v 0.227856 -0.227856 0.899829
v 0.227856 0.227856 0.899829
v 0.902033 0.000633 0.806301
v 0.000000 0.898232 0.806301
v 0.003165 -0.892549 0.806301
v -0.892514 0.001266 0.806301
v -0.738710 -0.745049 0.806301
v -0.748838 0.751059 0.806301
v 0.752958 -0.742517 0.806301
v 0.750427 0.745995 0.806301
v 0.001587 0.000947 1.017139
v 0.751694 0.000685 0.982000
v 0.000265 0.748527 0.982000
v 0.002902 -0.743790 0.982000
v -0.743761 0.001213 0.982000
v -0.665280 -0.670434 0.964430
v -0.673509 0.675731 0.964430
v 0.677552 -0.668377 0.964430
v 0.675495 0.671617 0.964430
v -0.708076 0.710302 0.942159
v -0.735930 0.738153 0.905050
v -0.747224 0.749445 0.858177
v -0.890189 0.001265 0.858461
v -0.873920 0.001259 0.907328
v -0.829759 0.001244 0.949605
v 0.003054 -0.829791 0.949605
v 0.003132 -0.873954 0.907328
v 0.003161 -0.890224 0.858461
v 0.751344 -0.740929 0.858177
v 0.740041 -0.729818 0.905050
v 0.712162 -0.702410 0.942159
v -0.888332 -0.220740 0.806301
v -0.870444 -0.428386 0.806301
v -0.825140 -0.607784 0.806301
v -0.601964 -0.830942 0.806301
v -0.423795 -0.874821 0.806301
v -0.217615 -0.890688 0.806301
v -0.834397 0.612851 0.806301
v -0.877407 0.432302 0.806301
v -0.892051 0.223683 0.806301
v -0.222669 0.896823 0.806301
v -0.431154 0.881260 0.806301
v -0.611272 0.837390 0.806301
v 0.224959 -0.889758 0.806301
v 0.433489 -0.873080 0.806301
v 0.614305 -0.828628 0.806301
v 0.839765 -0.605479 0.806301
v 0.884110 -0.426724 0.806301
v 0.900149 -0.220078 0.806301
v 0.899219 0.221556 0.806301
v 0.882370 0.428741 0.806301
v 0.837450 0.608212 0.806301
v 0.611942 0.832761 0.806301
v 0.431353 0.877778 0.806301
v 0.222694 0.894963 0.806301
v 0.613125 0.000733 1.002315
v 0.432422 0.000796 1.012747
v 0.223829 0.000869 1.016590
v 0.000509 0.610532 1.002315
v 0.000827 0.430521 1.012747
v 0.001195 0.222618 1.016590
v 0.001978 -0.220413 1.016590
v 0.002344 -0.427561 1.012747
v 0.002660 -0.606639 1.002315
v -0.220135 0.001026 1.016590
v -0.427464 0.001100 1.012747
v -0.606606 0.001164 1.002315
v -0.740627 -0.219479 0.981623
v -0.728172 -0.418595 0.978990
v -0.699803 -0.576040 0.972495
v -0.571344 -0.704480 0.972494
v -0.414813 -0.731760 0.978990
v -0.216835 -0.742583 0.981624
v -0.707261 0.580678 0.972495
v -0.733878 0.422278 0.978990
v -0.743714 0.222289 0.981623
v -0.221035 0.747696 0.981623
v -0.420848 0.737131 0.978990
v -0.578843 0.709896 0.972495
v 0.223551 -0.741811 0.981623
v 0.423555 -0.730334 0.978990
v 0.582220 -0.702615 0.972495
v 0.711959 -0.574183 0.972494
v 0.739531 -0.417235 0.978990
v 0.750470 -0.218930 0.981624
v 0.749699 0.220523 0.981623
v 0.738104 0.419359 0.978990
v 0.710095 0.576940 0.972495
v 0.580314 0.706167 0.972495
v 0.421799 0.734278 0.978990
v 0.221667 0.746152 0.981623
v -0.737138 -0.743451 0.858177
v -0.726136 -0.732266 0.905050
v -0.698995 -0.704680 0.942159
v 0.000004 0.895893 0.858461
v 0.000033 0.879519 0.907328
v 0.000112 0.835075 0.949605
v 0.709891 0.705762 0.942159
v 0.737592 0.733256 0.905050
v 0.748822 0.744402 0.858177
v 0.899684 0.000634 0.858461
v 0.883241 0.000639 0.907328
v 0.838609 0.000655 0.949605
v 0.611022 0.830728 0.858257
v 0.431051 0.875531 0.858390
v 0.222659 0.892637 0.858453
v 0.604582 0.816500 0.905691
v 0.428943 0.859802 0.906758
v 0.222413 0.876357 0.907257
v 0.590225 0.778498 0.944503
v 0.424435 0.817147 0.947877
v 0.221899 0.832172 0.949389
v -0.886023 -0.220702 0.858453
v -0.868216 -0.428082 0.858390
v -0.823129 -0.606865 0.858257
v -0.869864 -0.220432 0.907257
v -0.852626 -0.425954 0.906758
v -0.809053 -0.600432 0.905691
v -0.826009 -0.219850 0.949389
v -0.810343 -0.421387 0.947877
v -0.771446 -0.586073 0.944503
v -0.832351 0.611922 0.858257
v -0.875158 0.431993 0.858390
v -0.889732 0.223642 0.858453
v -0.818030 0.605417 0.905691
v -0.859413 0.429831 0.906758
v -0.873502 0.223356 0.907257
v -0.779810 0.590889 0.944503
v -0.816731 0.425181 0.947877
v -0.829455 0.222733 0.949389
v 0.224918 -0.887446 0.858453
v 0.433181 -0.870844 0.858390
v 0.613377 -0.826604 0.858257
v 0.224630 -0.871260 0.907257
v 0.431027 -0.855196 0.906758
v 0.606875 -0.812436 0.905691
v 0.224002 -0.827331 0.949389
v 0.426400 -0.812762 0.947877
v 0.592362 -0.774599 0.944503
v -0.220727 0.222846 1.016044
v -0.221051 0.430676 1.012218
v -0.220989 0.610244 1.001836
v -0.428109 0.222827 1.012218
v -0.426857 0.428967 1.008517
v -0.423035 0.604350 0.998482
v -0.606961 0.222469 1.001836
v -0.601664 0.424754 0.998482
v -0.588194 0.590379 0.989526
v -0.604423 -0.219770 1.001836
v -0.596920 -0.421191 0.998482
v -0.581831 -0.585822 0.989525
v -0.426219 -0.220271 1.012218
v -0.423257 -0.425556 1.008517
v -0.418046 -0.599907 0.998482
v -0.219468 -0.220458 1.016044
v -0.218620 -0.427473 1.012218
v -0.217555 -0.606038 1.001836
v 0.223721 -0.605409 1.001836
v 0.426142 -0.598732 0.998482
v 0.592102 -0.584247 0.989525
v 0.224067 -0.427045 1.012218
v 0.430507 -0.424741 1.008517
v 0.606331 -0.420065 0.998482
v 0.224072 -0.220292 1.016044
v 0.432391 -0.219951 1.012218
v 0.612523 -0.219320 1.001836
v 0.611879 0.221025 1.001836
v 0.605128 0.422340 0.998482
v 0.590486 0.587208 0.989525
v 0.431845 0.221804 1.012218
v 0.429465 0.427224 1.008517
v 0.424694 0.601986 0.998482
v 0.223509 0.222315 1.016044
v 0.222980 0.429760 1.012218
v 0.222182 0.608979 1.001836
v 0.837710 -0.604569 0.858257
v 0.881845 -0.426425 0.858390
v 0.897809 -0.220041 0.858453
v 0.823330 -0.598197 0.905691
v 0.865992 -0.424335 0.906758
v 0.881433 -0.219784 0.907257
v 0.784936 -0.583991 0.944503
v 0.823007 -0.419864 0.947877
v 0.836989 -0.219236 0.949389
v -0.222624 0.894492 0.858453
v -0.430841 0.879002 0.858390
v -0.610339 0.835339 0.858257
v -0.222313 0.878176 0.907257
v -0.428651 0.863196 0.906758
v -0.603813 0.820988 0.905691
v -0.221619 0.833895 0.949389
v -0.423922 0.820341 0.947877
v -0.589221 0.782680 0.944503
v -0.601067 -0.828909 0.858257
v -0.423505 -0.872580 0.858390
v -0.217584 -0.888373 0.858453
v -0.594788 -0.814680 0.905691
v -0.421477 -0.856893 0.906758
v -0.217368 -0.872169 0.907257
v -0.580812 -0.776690 0.944503
v -0.417166 -0.814359 0.947877
v -0.216931 -0.828193 0.949389
v 0.896882 0.221521 0.858453
v 0.880110 0.428444 0.858390
v 0.835405 0.607301 0.858257
v 0.880524 0.221276 0.907257
v 0.864295 0.426360 0.906758
v 0.821086 0.600919 0.905691
v 0.836128 0.220762 0.949389
v 0.821410 0.421913 0.947877
v 0.782846 0.586698 0.944503
vt 0.500000 0.000000
vt 0.411944 0.124080
vt 0.375000 0.000000
vt 0.625000 0.000000
vt 0.504028 0.124771
vt 0.625000 0.250000
vt 0.503958 0.249084
vt 0.405000 0.236746
vt 0.504583 0.375002
vt 0.414167 0.374812
vt 0.625000 0.375000
vt 0.503323 0.501128
vt 0.405000 0.513377
vt 0.415417 0.635233
vt 0.625000 0.500000
vt 0.502356 0.626106
vt 0.625000 0.750000
vt 0.504573 0.750412
vt 0.416667 0.753295
vt 0.504340 0.875052
vt 0.413194 0.875412
vt 0.625000 0.875000
vt 0.500000 1.000000
vt 0.375000 1.000000
vt 0.375192 0.124580
vt 0.375000 0.000000
vt 0.375000 0.091316
vt 0.375868 0.083690
vt 0.375000 0.094892
vt 0.375000 0.090331
vt 0.375000 0.157426
vt 0.375000 0.123927
vt 0.378090 0.165169
vt 0.375000 0.157466
vt 0.375000 0.154722
vt 0.375000 0.125000
vt 0.378090 0.250181
vt 0.375000 0.250000
vt 0.375000 0.000000
vt 0.807877 0.682877
vt 0.836359 0.625000
vt 0.816039 0.691039
vt 0.807877 0.567123
vt 0.807877 0.625000
vt 0.816039 0.558961
vt 0.875000 0.625000
vt 0.875000 0.750000
vt 0.750000 0.538641
vt 0.692123 0.567123
vt 0.750000 0.567123
vt 0.683326 0.558961
vt 0.750000 0.500000
vt 0.875000 0.500000
vt 0.661101 0.625000
vt 0.692123 0.682877
vt 0.692123 0.625000
vt 0.683326 0.691039
vt 0.600870 0.625000
vt 0.750000 0.711359
vt 0.750000 0.682877
vt 0.750000 0.750000
vt 0.375303 0.596908
vt 0.378090 0.493590
vt 0.375000 0.585919
vt 0.378090 0.585212
vt 0.375000 0.595450
vt 0.375000 0.589450
vt 0.375000 0.668803
vt 0.375000 0.620311
vt 0.375000 0.663550
vt 0.375000 0.625000
vt 0.375000 0.750000
vt 0.375000 0.500000
vt 0.380208 0.758250
vt 0.375000 1.000000
vt 0.379340 0.875875
vt 0.375000 1.000000
vt 0.375000 0.875000
vt 0.379583 0.374221
vt 0.375000 0.375000
vt 0.375000 0.169348
vt 0.375000 0.124304
vt 0.375000 0.125000
vt 0.375000 0.172236
vt 0.375000 0.123608
vt 0.375000 0.076372
vt 0.375000 0.080652
vt 0.379028 0.124743
vt 0.375000 0.169081
vt 0.375000 0.156579
vt 0.375000 0.171792
vt 0.375000 0.175124
vt 0.377671 0.655572
vt 0.375000 0.630922
vt 0.375000 0.665305
vt 0.375000 0.653542
vt 0.375000 0.671231
vt 0.375000 0.656627
vt 0.375000 0.674986
vt 0.375000 0.677908
vt 0.375000 0.673628
vt 0.375000 0.669348
vt 0.375000 0.625696
vt 0.375000 0.625000
vt 0.375000 0.626392
vt 0.375000 0.577764
vt 0.375000 0.580652
vt 0.375000 0.075859
vt 0.375000 0.079549
vt 0.375000 0.072092
vt 0.375000 0.574876
vt 0.375000 0.626392
vt 0.375000 0.590637
vt 0.375000 0.662137
vt 0.375000 0.626392
vt 0.375000 0.592048
vt 0.375000 0.593443
vt 0.375000 0.625679
vt 0.375000 0.123608
vt 0.375000 0.087863
vt 0.375000 0.159363
vt 0.375000 0.123608
vt 0.375000 0.089264
vt 0.375000 0.124952
vt 0.375000 0.093006
vt 0.375000 0.124953
vt 0.375000 0.577817
vt 0.375000 0.580092
vt 0.375000 0.123608
vt 0.375000 0.089264
vt 0.375000 0.157952
vt 0.375000 0.157952
vt 0.375000 0.123608
vt 0.375000 0.089264
vt 0.375000 0.076170
vt 0.375000 0.089397
vt 0.375000 0.076385
vt 0.375000 0.089264
vt 0.375000 0.157887
vt 0.375000 0.123648
vt 0.375000 0.123608
vt 0.375000 0.157952
vt 0.375000 0.171096
vt 0.375000 0.170831
vt 0.375000 0.673615
vt 0.375000 0.660736
vt 0.375000 0.660736
vt 0.375000 0.660736
vt 0.375000 0.673615
vt 0.375000 0.660736
vt 0.375000 0.673615
vt 0.375000 0.660736
vt 0.375000 0.661049
vt 0.375000 0.591723
vt 0.375000 0.625683
vt 0.375000 0.592048
vt 0.375000 0.626392
vt 0.375000 0.578856
vt 0.375000 0.579169
vt 0.375000 0.673990
vt 0.375000 0.089264
vt 0.375000 0.075669
vt 0.375000 0.087833
vt 0.375000 0.076385
vt 0.375000 0.087833
vt 0.375000 0.072092
vt 0.375000 0.072092
vt 0.375000 0.072092
vt 0.375000 0.170831
vt 0.375000 0.157952
vt 0.375000 0.170831
vt 0.375000 0.157952
vt 0.375000 0.089264
vt 0.375000 0.123608
vt 0.375000 0.123608
vt 0.375000 0.157952
vt 0.375000 0.076385
vt 0.375000 0.123608
vt 0.375000 0.159383
vt 0.375000 0.123608
vt 0.375000 0.171547
vt 0.375000 0.159383
vt 0.375000 0.175124
vt 0.375000 0.175124
vt 0.375000 0.123608
vt 0.375000 0.123608
vt 0.375000 0.175124
vt 0.375000 0.662167
vt 0.375000 0.660736
vt 0.375000 0.674331
vt 0.375000 0.662167
vt 0.375000 0.677908
vt 0.375000 0.677908
vt 0.375000 0.592048
vt 0.375000 0.626392
vt 0.375000 0.592048
vt 0.375000 0.626392
vt 0.375000 0.579169
vt 0.375000 0.592048
vt 0.375000 0.592048
vt 0.375000 0.579169
vt 0.375000 0.626392
vt 0.375000 0.626392
vt 0.375000 0.590617
vt 0.375000 0.626392
vt 0.375000 0.574876
vt 0.375000 0.626392
vt 0.375000 0.677908
vt 0.375000 0.578453
vt 0.375000 0.590617
vt 0.375000 0.574876
vt 0.375000 0.574876
vt 0.375000 0.626392
vt 0.375000 0.626392
vt 0.625000 0.125000
vt 0.625000 1.000000
vt 0.625000 0.000000
vt 0.375000 0.250000
vt 0.625000 0.250000
vt 0.375000 0.500000
vt 0.375000 0.750000
vt 0.625000 0.500000
vt 0.125000 0.500000
vt 0.125000 0.750000
vt 0.625000 0.750000
vt 0.875000 0.500000
vt 0.610649 0.819900
vt 0.607507 0.794925
vt 0.603174 0.798306
vt 0.607862 0.820992
vt 0.609593 0.847150
vt 0.597451 0.801082
vt 0.602192 0.821897
vt 0.604028 0.847256
vt 0.611923 0.790613
vt 0.611804 0.762484
vt 0.598655 0.775744
vt 0.612042 0.818742
vt 0.611731 0.847015
vt 0.612160 0.846871
vt 0.611987 0.875000
vt 0.609940 0.874996
vt 0.604384 0.874986
vt 0.593269 0.847292
vt 0.593566 0.874967
vt 0.591785 0.822275
vt 0.588271 0.802461
vt 0.588414 0.786069
vt 0.583952 0.790563
vt 0.593203 0.781242
vt 0.445264 0.984717
vt 0.472229 0.985901
vt 0.472388 0.983781
vt 0.446363 0.981959
vt 0.423827 0.977226
vt 0.472512 0.978257
vt 0.447278 0.976340
vt 0.426601 0.971568
vt 0.472049 0.986327
vt 0.500000 0.986563
vt 0.500110 0.986273
vt 0.444098 0.986090
vt 0.420451 0.981503
vt 0.416147 0.985854
vt 0.401428 0.972664
vt 0.406911 0.967290
vt 0.411720 0.962565
vt 0.427995 0.962476
vt 0.447676 0.966022
vt 0.472565 0.967578
vt 0.500154 0.978720
vt 0.500152 0.967970
vt 0.500144 0.984240
vt 0.555217 0.985626
vt 0.580218 0.982781
vt 0.576807 0.978386
vt 0.528078 0.986370
vt 0.554119 0.982821
vt 0.574002 0.972618
vt 0.553196 0.977141
vt 0.527847 0.978688
vt 0.584565 0.987278
vt 0.612754 0.987516
vt 0.599381 0.974116
vt 0.556377 0.987040
vt 0.528188 0.986801
vt 0.527959 0.984237
vt 0.527786 0.967964
vt 0.552785 0.966735
vt 0.572585 0.963408
vt 0.588984 0.963706
vt 0.584466 0.959189
vt 0.593842 0.968567
vt 0.388918 0.846810
vt 0.391044 0.846896
vt 0.392715 0.820737
vt 0.389939 0.819650
vt 0.397337 0.798011
vt 0.396578 0.846997
vt 0.398356 0.821652
vt 0.403037 0.800814
vt 0.388491 0.846752
vt 0.388431 0.875000
vt 0.388722 0.874724
vt 0.388551 0.818505
vt 0.393016 0.794602
vt 0.388611 0.790257
vt 0.401791 0.775381
vt 0.407230 0.780922
vt 0.412006 0.785783
vt 0.412173 0.802223
vt 0.408708 0.822056
vt 0.407274 0.847056
vt 0.396276 0.874622
vt 0.407026 0.874637
vt 0.390756 0.874642
vt 0.527856 0.902591
vt 0.527853 0.928514
vt 0.553621 0.928357
vt 0.553834 0.902632
vt 0.575544 0.927879
vt 0.527809 0.950870
vt 0.553094 0.950208
vt 0.573798 0.948524
vt 0.527827 0.874851
vt 0.500118 0.874802
vt 0.500128 0.902517
vt 0.553815 0.874897
vt 0.576316 0.874937
vt 0.576281 0.902624
vt 0.593462 0.902629
vt 0.592141 0.927606
vt 0.588737 0.947355
vt 0.500145 0.950826
vt 0.500138 0.928433
vt 0.447351 0.949615
vt 0.472529 0.950553
vt 0.472466 0.928277
vt 0.426772 0.947729
vt 0.446806 0.927907
vt 0.472443 0.902434
vt 0.425012 0.927256
vt 0.446566 0.902328
vt 0.416196 0.958160
vt 0.411940 0.946418
vt 0.408530 0.926852
vt 0.424245 0.902195
vt 0.407177 0.902104
vt 0.424170 0.874668
vt 0.446555 0.874707
vt 0.472448 0.874753
vt 0.425159 0.821732
vt 0.424324 0.847035
vt 0.446619 0.846992
vt 0.426969 0.800987
vt 0.446907 0.821187
vt 0.472464 0.846991
vt 0.447492 0.799209
vt 0.472506 0.820951
vt 0.416453 0.790306
vt 0.428227 0.786005
vt 0.447846 0.782559
vt 0.472585 0.798435
vt 0.472634 0.781191
vt 0.500092 0.798359
vt 0.500100 0.820947
vt 0.500109 0.847022
vt 0.552793 0.799359
vt 0.527628 0.798515
vt 0.527725 0.821019
vt 0.573401 0.801189
vt 0.553403 0.821317
vt 0.527789 0.847061
vt 0.575248 0.821913
vt 0.553720 0.847128
vt 0.527565 0.781288
vt 0.500086 0.781038
vt 0.552420 0.782737
vt 0.572118 0.786238
vt 0.576122 0.847227
vt 0.445486 0.763541
vt 0.420770 0.766557
vt 0.424116 0.770954
vt 0.472329 0.762620
vt 0.446571 0.766358
vt 0.426862 0.776742
vt 0.447469 0.772075
vt 0.472589 0.770370
vt 0.416503 0.762068
vt 0.388670 0.762009
vt 0.444335 0.762127
vt 0.472168 0.762187
vt 0.500055 0.762540
vt 0.472474 0.764772
vt 0.500081 0.770174
vt 0.611965 0.902982
vt 0.609821 0.902838
vt 0.608293 0.928975
vt 0.611104 0.930086
vt 0.603754 0.951609
vt 0.604243 0.902708
vt 0.602592 0.928040
vt 0.597976 0.948794
vt 0.612279 0.875000
vt 0.612398 0.903129
vt 0.612516 0.931258
vt 0.608146 0.955029
vt 0.612635 0.959387
vt 0.389712 0.929154
vt 0.392697 0.953748
vt 0.397047 0.950444
vt 0.392499 0.928074
vt 0.390930 0.902242
vt 0.402774 0.947739
vt 0.398157 0.927194
vt 0.396470 0.902125
vt 0.388254 0.957963
vt 0.388196 0.985617
vt 0.388313 0.930309
vt 0.388801 0.902425
vt 0.388372 0.902654
vt 0.554758 0.763768
vt 0.527825 0.762737
vt 0.527703 0.764886
vt 0.553680 0.766573
vt 0.576226 0.771244
vt 0.527601 0.770478
vt 0.552787 0.772275
vt 0.573476 0.777004
vt 0.527951 0.762305
vt 0.500000 0.762246
vt 0.555902 0.762365
vt 0.579578 0.766877
vt 0.583853 0.762424
vt 0.500073 0.764595
vt 0.625000 0.000000
vt 0.625000 0.250000
vt 0.375000 0.250000
vt 0.375000 0.500000
vt 0.625000 0.500000
vt 0.375000 0.750000
vt 0.125000 0.500000
vt 0.125000 0.750000
vt 0.875000 0.500000
vt 0.625000 0.750000
vt 0.610649 0.819900
vt 0.603174 0.798306
vt 0.607507 0.794925
vt 0.609593 0.847150
vt 0.607862 0.820992
vt 0.597451 0.801082
vt 0.604028 0.847256
vt 0.602192 0.821897
vt 0.611923 0.790613
vt 0.598655 0.775744
vt 0.611804 0.762484
vt 0.612042 0.818742
vt 0.611731 0.847015
vt 0.612160 0.846871
vt 0.611987 0.875000
vt 0.609940 0.874996
vt 0.604384 0.874986
vt 0.593566 0.874967
vt 0.593269 0.847292
vt 0.591785 0.822275
vt 0.588271 0.802461
vt 0.588414 0.786069
vt 0.583952 0.790563
vt 0.593203 0.781242
vt 0.445264 0.984717
vt 0.472388 0.983781
vt 0.472229 0.985901
vt 0.423827 0.977226
vt 0.446363 0.981959
vt 0.472512 0.978257
vt 0.426601 0.971568
vt 0.447278 0.976340
vt 0.472049 0.986327
vt 0.500110 0.986273
vt 0.500000 0.986563
vt 0.444098 0.986090
vt 0.420451 0.981503
vt 0.416147 0.985854
vt 0.401428 0.972664
vt 0.406911 0.967290
vt 0.411720 0.962565
vt 0.427995 0.962476
vt 0.447676 0.966022
vt 0.472565 0.967578
vt 0.500152 0.967970
vt 0.500154 0.978720
vt 0.500144 0.984240
vt 0.555217 0.985626
vt 0.576807 0.978386
vt 0.580218 0.982781
vt 0.528078 0.986370
vt 0.554119 0.982821
vt 0.574002 0.972618
vt 0.527847 0.978688
vt 0.553196 0.977141
vt 0.584565 0.987278
vt 0.599381 0.974116
vt 0.612754 0.987516
vt 0.556377 0.987040
vt 0.528188 0.986801
vt 0.527959 0.984237
vt 0.527786 0.967964
vt 0.552785 0.966735
vt 0.572585 0.963408
vt 0.588984 0.963706
vt 0.584466 0.959189
vt 0.593842 0.968567
vt 0.388918 0.846810
vt 0.392715 0.820737
vt 0.391044 0.846896
vt 0.389939 0.819650
vt 0.397337 0.798011
vt 0.396578 0.846997
vt 0.403037 0.800814
vt 0.398356 0.821652
vt 0.388491 0.846752
vt 0.388722 0.874724
vt 0.388431 0.875000
vt 0.388551 0.818505
vt 0.393016 0.794602
vt 0.388611 0.790257
vt 0.401791 0.775381
vt 0.407230 0.780922
vt 0.412006 0.785783
vt 0.412173 0.802223
vt 0.408708 0.822056
vt 0.407274 0.847056
vt 0.407026 0.874637
vt 0.396276 0.874622
vt 0.390756 0.874642
vt 0.527856 0.902591
vt 0.553621 0.928357
vt 0.527853 0.928514
vt 0.553834 0.902632
vt 0.575544 0.927879
vt 0.553094 0.950208
vt 0.527809 0.950870
vt 0.573798 0.948524
vt 0.527827 0.874851
vt 0.500128 0.902517
vt 0.500118 0.874802
vt 0.553815 0.874897
vt 0.576316 0.874937
vt 0.593462 0.902629
vt 0.576281 0.902624
vt 0.592141 0.927606
vt 0.588737 0.947355
vt 0.500145 0.950826
vt 0.500138 0.928433
vt 0.447351 0.949615
vt 0.472466 0.928277
vt 0.472529 0.950553
vt 0.426772 0.947729
vt 0.446806 0.927907
vt 0.472443 0.902434
vt 0.425012 0.927256
vt 0.446566 0.902328
vt 0.416196 0.958160
vt 0.411940 0.946418
vt 0.408530 0.926852
vt 0.424245 0.902195
vt 0.407177 0.902104
vt 0.424170 0.874668
vt 0.446555 0.874707
vt 0.472448 0.874753
vt 0.425159 0.821732
vt 0.446619 0.846992
vt 0.424324 0.847035
vt 0.426969 0.800987
vt 0.446907 0.821187
vt 0.472464 0.846991
vt 0.447492 0.799209
vt 0.472506 0.820951
vt 0.416453 0.790306
vt 0.428227 0.786005
vt 0.447846 0.782559
vt 0.472585 0.798435
vt 0.472634 0.781191
vt 0.500092 0.798359
vt 0.500100 0.820947
vt 0.500109 0.847022
vt 0.552793 0.799359
vt 0.527725 0.821019
vt 0.527628 0.798515
vt 0.573401 0.801189
vt 0.553403 0.821317
vt 0.527789 0.847061
vt 0.575248 0.821913
vt 0.553720 0.847128
vt 0.527565 0.781288
vt 0.500086 0.781038
vt 0.552420 0.782737
vt 0.572118 0.786238
vt 0.576122 0.847227
vt 0.445486 0.763541
vt 0.424116 0.770954
vt 0.420770 0.766557
vt 0.472329 0.762620
vt 0.446571 0.766358
vt 0.426862 0.776742
vt 0.472589 0.770370
vt 0.447469 0.772075
vt 0.416503 0.762068
vt 0.388670 0.762009
vt 0.444335 0.762127
vt 0.472168 0.762187
vt 0.500055 0.762540
vt 0.472474 0.764772
vt 0.500081 0.770174
vt 0.611965 0.902982
vt 0.608293 0.928975
vt 0.609821 0.902838
vt 0.611104 0.930086
vt 0.603754 0.951609
vt 0.604243 0.902708
vt 0.597976 0.948794
vt 0.602592 0.928040
vt 0.612279 0.875000
vt 0.612398 0.903129
vt 0.612516 0.931258
vt 0.608146 0.955029
vt 0.612635 0.959387
vt 0.389712 0.929154
vt 0.397047 0.950444
vt 0.392697 0.953748
vt 0.390930 0.902242
vt 0.392499 0.928074
vt 0.402774 0.947739
vt 0.396470 0.902125
vt 0.398157 0.927194
vt 0.388254 0.957963
vt 0.388196 0.985617
vt 0.388313 0.930309
vt 0.388801 0.902425
vt 0.388372 0.902654
vt 0.554758 0.763768
vt 0.527703 0.764886
vt 0.527825 0.762737
vt 0.576226 0.771244
vt 0.553680 0.766573
vt 0.527601 0.770478
vt 0.573476 0.777004
vt 0.552787 0.772275
vt 0.527951 0.762305
vt 0.500000 0.762246
vt 0.555902 0.762365
vt 0.579578 0.766877
vt 0.583853 0.762424
vt 0.500073 0.764595
vn -0.7820 0.4771 0.4011
vn -0.6638 0.6997 0.2642
vn -0.6638 0.6997 -0.2642
vn -0.7822 0.4766 -0.4012
vn -0.2908 0.0380 -0.9560
vn -0.2602 0.6020 -0.7549
vn 0.2669 0.6000 -0.7542
vn 0.2941 0.0347 -0.9551
vn 0.8731 0.3935 -0.2877
vn 0.6940 0.6717 -0.2592
vn 0.7281 0.6194 0.2936
vn 0.8868 0.1100 0.4489
vn 0.3164 0.0165 0.9485
vn 0.2766 0.5880 0.7601
vn -0.2601 0.5999 0.7566
vn -0.2900 0.0366 0.9563
vn -0.8223 -0.2483 0.5120
vn -0.2381 -0.0172 0.9711
vn 0.5669 -0.0466 0.8224
vn 0.4291 -0.7853 -0.4463
vn -0.2522 -0.0386 -0.9669
vn -0.6192 -0.5320 -0.5775
vn -0.9085 -0.2420 -0.3407
vn -0.9084 -0.2424 0.3407
vn -0.0295 0.9995 0.0111
vn -0.0295 0.9995 -0.0111
vn -0.2427 0.9658 -0.0910
vn -0.2427 0.9658 0.0910
vn -0.0111 0.9995 -0.0295
vn 0.0111 0.9995 -0.0296
vn 0.0910 0.9658 -0.2427
vn -0.0910 0.9658 -0.2427
vn 0.0295 0.9995 -0.0111
vn 0.0295 0.9995 0.0111
vn 0.2427 0.9658 0.0910
vn 0.2427 0.9658 -0.0910
vn 0.0111 0.9995 0.0295
vn -0.0111 0.9995 0.0296
vn -0.0910 0.9658 0.2427
vn 0.0910 0.9658 0.2427
vn 0.7597 -0.2021 -0.6180
vn 0.1449 0.1566 -0.9770
vn 0.0299 -0.1867 -0.9820
vn 0.6494 -0.7520 0.1134
vn 0.8589 -0.3982 0.3221
vn 0.9068 -0.2491 -0.3401
vn 0.3220 -0.1038 0.9410
vn -0.3152 -0.1581 0.9358
vn -0.3451 -0.1846 0.9202
vn 0.2971 -0.2104 0.9314
vn -0.3101 -0.1655 -0.9362
vn 0.2456 -0.1564 -0.9567
vn 0.3450 -0.1866 -0.9199
vn -0.3247 -0.2012 -0.9242
vn -0.9482 0.0656 -0.3108
vn -0.9143 -0.1927 -0.3562
vn -0.9152 -0.1878 0.3565
vn -0.9478 0.0729 0.3105
vn -0.0612 0.9584 -0.2788
vn 0.3710 0.8520 -0.3693
vn 0.3728 0.8520 0.3676
vn -0.0598 0.9586 0.2783
vn 0.0287 0.3013 -0.9531
vn 0.2131 0.0040 -0.9770
vn -0.3430 -0.0823 -0.9357
vn -0.2863 0.2183 -0.9329
vn 0.7205 -0.2427 0.6496
vn -0.2227 0.1518 0.9630
vn -0.7957 0.5138 0.3207
vn -0.6360 0.7618 -0.1235
vn 0.3039 0.9288 -0.2122
vn 0.6437 0.6392 0.4208
vn -0.1893 0.4028 0.8955
vn -0.1446 0.0177 0.9893
vn 0.3581 -0.0750 0.9307
vn 0.2688 0.2811 0.9212
vn 0.9475 0.0748 0.3108
vn 0.9132 -0.1995 0.3554
vn 0.9121 -0.2047 -0.3551
vn 0.9480 0.0673 -0.3111
vn 0.3137 -0.0539 0.9480
vn 0.2380 0.0750 0.9684
vn -0.3256 0.1889 0.9264
vn -0.3520 -0.0641 0.9338
vn 0.9338 -0.1222 -0.3362
vn 0.9311 -0.1235 0.3432
vn 0.9401 -0.0369 0.3389
vn 0.9405 -0.0367 -0.3377
vn -0.3570 0.9128 -0.1981
vn -0.3658 0.8860 0.2851
vn 0.2976 0.8880 0.3506
vn 0.2094 0.9388 -0.2736
vn -0.9351 -0.1108 0.3367
vn -0.9320 -0.1151 -0.3437
vn -0.9400 -0.0399 -0.3389
vn -0.9404 -0.0393 0.3377
vn 0.1750 0.9008 0.3975
vn 0.1239 0.9307 -0.3442
vn -0.3394 0.8604 -0.3801
vn -0.2468 0.9274 0.2811
vn -0.1885 -0.1810 -0.9652
vn -0.1579 0.2160 -0.9636
vn 0.3492 0.1690 -0.9217
vn 0.3659 -0.0939 -0.9259
vn -0.9409 0.0188 0.3381
vn -0.9409 0.0188 -0.3381
vn -0.9407 0.0277 -0.3381
vn -0.9407 0.0277 0.3381
vn 0.3547 -0.0665 0.9326
vn -0.3626 -0.0755 0.9289
vn -0.3647 -0.0413 0.9302
vn 0.3635 -0.0472 0.9304
vn 0.8694 -0.0769 -0.4881
vn 0.9220 -0.1403 0.3608
vn 0.9393 -0.0603 0.3378
vn 0.9312 -0.0529 -0.3606
vn -0.3525 -0.0835 -0.9321
vn 0.3121 -0.0536 -0.9485
vn 0.3557 -0.0453 -0.9335
vn -0.3628 -0.0425 -0.9309
vn 0.3642 0.0166 0.9312
vn -0.3646 0.0078 0.9311
vn -0.3646 0.0058 0.9312
vn 0.3643 0.0147 0.9312
vn -0.9356 -0.2005 0.2905
vn -0.8918 -0.2578 -0.3717
vn -0.9390 -0.0657 -0.3377
vn -0.9431 -0.0623 0.3265
vn -0.3367 -0.1260 -0.9332
vn 0.3644 -0.0914 -0.9268
vn 0.3647 -0.0397 -0.9303
vn -0.3634 -0.0508 -0.9302
vn 0.3615 -0.0854 0.9285
vn -0.2190 -0.0657 0.9735
vn -0.3432 -0.0445 0.9382
vn 0.3639 -0.0390 0.9306
vn 0.3623 -0.0821 0.9285
vn -0.3644 -0.0719 0.9285
vn -0.3593 -0.2048 0.9105
vn 0.3533 -0.2149 0.9105
vn -0.3643 0.0117 -0.9312
vn 0.3645 0.0024 -0.9312
vn 0.3646 0.0101 -0.9311
vn -0.3642 0.0202 -0.9311
vn 0.9411 -0.0052 -0.3381
vn 0.9411 -0.0052 0.3381
vn 0.9411 0.0017 0.3381
vn 0.9411 0.0017 -0.3381
vn 0.3645 0.0024 0.9312
vn -0.3643 0.0117 0.9312
vn -0.3642 0.0202 0.9311
vn 0.3646 0.0101 0.9311
vn -0.9394 -0.0614 0.3372
vn -0.9394 -0.0614 -0.3372
vn -0.9242 -0.1905 -0.3311
vn -0.9242 -0.1905 0.3311
vn -0.3644 -0.0719 -0.9285
vn 0.3623 -0.0821 -0.9285
vn 0.3533 -0.2149 -0.9105
vn -0.3593 -0.2048 -0.9105
vn 0.9373 -0.0878 -0.3372
vn 0.9373 -0.0878 0.3372
vn 0.9184 -0.2165 0.3311
vn 0.9184 -0.2165 -0.3311
vn 0.3640 -0.0962 0.9264
vn -0.3612 -0.1055 0.9265
vn -0.3474 -0.2723 0.8973
vn 0.3549 -0.2626 0.8973
vn -0.9411 0.0005 0.3381
vn -0.9411 0.0005 -0.3381
vn -0.9411 -0.0016 -0.3381
vn -0.9411 -0.0016 0.3381
vn -0.3646 0.0078 -0.9311
vn 0.3642 0.0166 -0.9312
vn 0.3643 0.0147 -0.9312
vn -0.3646 0.0058 -0.9312
vn 0.9408 0.0231 -0.3381
vn 0.9408 0.0231 0.3381
vn 0.9409 0.0214 0.3381
vn 0.9409 0.0214 -0.3381
vn -0.9352 -0.1097 0.3366
vn -0.9352 -0.1097 -0.3366
vn -0.9051 -0.2722 -0.3266
vn -0.9051 -0.2722 0.3266
vn -0.3612 -0.1055 -0.9265
vn 0.3640 -0.0962 -0.9264
vn 0.3549 -0.2626 -0.8973
vn -0.3474 -0.2723 -0.8973
vn 0.9378 -0.0856 -0.3365
vn 0.9378 -0.0856 0.3365
vn 0.9123 -0.2470 0.3265
vn 0.9123 -0.2470 -0.3265
vn -0.5422 0.8105 0.2217
vn -0.6286 0.7412 0.2357
vn -0.6286 0.7412 -0.2357
vn -0.5423 0.8104 -0.2217
vn -0.3288 0.2023 -0.9225
vn -0.2607 0.6700 -0.6951
vn 0.2678 0.6468 -0.7141
vn 0.3347 0.1693 -0.9270
vn 0.8988 0.2899 -0.3289
vn 0.6961 0.6688 -0.2610
vn 0.6884 0.6778 0.2582
vn 0.8522 0.3997 0.3377
vn 0.3446 0.0923 0.9342
vn 0.2774 0.6129 0.7398
vn -0.2606 0.6701 0.6950
vn -0.3286 0.2034 0.9223
vn -0.6191 -0.5296 0.5799
vn 0.1126 -0.5394 0.8345
vn 0.4440 -0.7748 0.4501
vn 0.5502 -0.0628 -0.8326
vn 0.0941 -0.5473 -0.8316
vn -0.8236 -0.2489 -0.5096
vn -0.8224 -0.3186 -0.4713
vn -0.8213 -0.3198 0.4725
vn 0.0111 0.9995 -0.0295
vn -0.0111 0.9995 0.0295
vn 0.6766 -0.2865 -0.6783
vn 0.0705 -0.2137 -0.9743
vn 0.4234 -0.8843 -0.1967
vn 0.4009 -0.9007 -0.1675
vn 0.9359 -0.3517 -0.0209
vn 0.7486 -0.3874 -0.5381
vn 0.2878 -0.1498 0.9459
vn -0.3098 -0.1644 0.9365
vn -0.3174 -0.2011 0.9267
vn 0.3453 -0.1816 0.9208
vn -0.3214 -0.1520 -0.9347
vn 0.3008 -0.0984 -0.9486
vn 0.2456 -0.2452 -0.9378
vn -0.3448 -0.1890 -0.9194
vn -0.9302 0.0105 -0.3670
vn -0.9223 -0.1840 -0.3397
vn -0.9231 -0.1794 0.3401
vn -0.9301 0.0190 0.3669
vn 0.2229 0.8847 -0.4095
vn 0.3620 0.8598 -0.3601
vn 0.3627 0.8606 0.3575
vn 0.2236 0.8851 0.4081
vn 0.2287 0.0547 -0.9720
vn 0.3087 -0.0717 -0.9484
vn -0.3524 -0.0780 -0.9326
vn -0.3288 0.1678 -0.9294
vn 0.7472 -0.1080 0.6558
vn -0.4247 0.0179 0.9052
vn -0.5704 0.6431 0.5109
vn -0.7580 0.6469 0.0833
vn 0.8141 0.5691 0.1156
vn 0.7467 -0.1067 0.6566
vn -0.2170 0.3809 0.8988
vn -0.2263 -0.0341 0.9735
vn 0.3613 -0.0735 0.9295
vn 0.3454 0.1904 0.9189
vn 0.9300 0.0200 0.3669
vn 0.9212 -0.1905 0.3393
vn 0.9203 -0.1955 -0.3389
vn 0.9302 0.0114 -0.3670
vn 0.2213 0.0197 0.9750
vn 0.0356 0.3226 0.9459
vn -0.2825 0.2394 0.9289
vn -0.3418 -0.0688 0.9373
vn 0.9309 -0.1253 -0.3432
vn 0.9340 -0.1205 0.3363
vn 0.9405 -0.0364 0.3377
vn 0.9401 -0.0371 -0.3389
vn -0.4065 0.8763 -0.2586
vn -0.3104 0.9311 0.1914
vn 0.2259 0.9342 0.2761
vn 0.2922 0.8859 -0.3602
vn -0.9322 -0.1135 0.3437
vn -0.9349 -0.1124 -0.3367
vn -0.9404 -0.0395 -0.3377
vn -0.9400 -0.0397 0.3389
vn 0.1245 0.9317 0.3411
vn 0.1738 0.8997 -0.4004
vn -0.2492 0.9261 -0.2832
vn -0.3360 0.8631 0.3770
vn -0.0371 -0.0316 -0.9988
vn -0.0839 0.3403 -0.9366
vn 0.2840 0.2454 -0.9269
vn 0.3703 -0.0917 -0.9244
vn 0.3146 -0.0488 0.9480
vn -0.3522 -0.0791 0.9326
vn -0.3628 -0.0419 0.9309
vn 0.3559 -0.0447 0.9334
vn 0.9216 -0.1430 -0.3609
vn 0.8705 -0.0740 0.4865
vn 0.9313 -0.0527 0.3605
vn 0.9393 -0.0605 -0.3378
vn -0.3625 -0.0800 -0.9285
vn 0.3541 -0.0720 -0.9324
vn 0.3635 -0.0479 -0.9304
vn -0.3647 -0.0419 -0.9302
vn -0.9292 -0.1712 0.3275
vn -0.7890 -0.1168 -0.6032
vn -0.9266 -0.0531 -0.3723
vn -0.9394 -0.0581 0.3378
vn -0.2205 -0.0675 -0.9730
vn 0.3659 -0.0908 -0.9262
vn -0.3430 -0.0433 -0.9383
vn 0.3637 -0.0845 0.9277
vn -0.3349 -0.1423 0.9315
vn -0.3634 -0.0521 0.9302
vn 0.3647 -0.0388 0.9303
vn 0.9917 0.0000 -0.1288
vn 0.0000 0.0000 1.0000
vn -0.9917 0.0000 -0.1288
vn 0.0000 0.9917 -0.1288
vn 0.0000 -0.9917 -0.1288
vn -0.2343 -0.9133 -0.3331
vn -0.0765 -0.9383 -0.3374
vn -0.1788 -0.6873 -0.7040
vn -0.0571 -0.7019 -0.7100
vn -0.5378 -0.8407 -0.0633
vn -0.2480 -0.9667 -0.0629
vn -0.0833 -0.9945 -0.0640
vn -0.0149 -0.9977 -0.0659
vn -0.0132 -0.9393 -0.3429
vn -0.0095 -0.6997 -0.7144
vn -0.0054 -0.3680 -0.9298
vn -0.0340 -0.3700 -0.9284
vn -0.1027 -0.3716 -0.9227
vn -0.2149 -0.3989 -0.8915
vn -0.3888 -0.6053 -0.6945
vn -0.5077 -0.7943 -0.3337
vn 0.9366 0.0828 -0.3405
vn 0.9127 0.2351 -0.3342
vn 0.6999 0.0630 -0.7115
vn 0.6866 0.1772 -0.7051
vn 0.9976 0.0192 -0.0659
vn 0.9940 0.0876 -0.0653
vn 0.9660 0.2506 -0.0633
vn 0.8394 0.5400 -0.0620
vn 0.7938 0.5103 -0.3310
vn 0.6048 0.3843 -0.6975
vn 0.3413 0.2324 -0.9108
vn 0.3662 0.1088 -0.9242
vn 0.3696 0.0374 -0.9284
vn 0.3688 0.0078 -0.9295
vn 0.6999 0.0139 -0.7141
vn 0.9392 0.0182 -0.3430
vn 0.9151 -0.2248 -0.3346
vn 0.9388 -0.0680 -0.3378
vn 0.6875 -0.1712 -0.7057
vn 0.7021 -0.0494 -0.7103
vn 0.8434 -0.5335 -0.0639
vn 0.9692 -0.2382 -0.0633
vn 0.9953 -0.0719 -0.0641
vn 0.9978 -0.0025 -0.0656
vn 0.9396 -0.0024 -0.3421
vn 0.7007 -0.0021 -0.7135
vn 0.3689 -0.0017 -0.9294
vn 0.3700 -0.0304 -0.9285
vn 0.3706 -0.0993 -0.9234
vn 0.3974 -0.2119 -0.8929
vn 0.6052 -0.3843 -0.6972
vn 0.7962 -0.5033 -0.3359
vn -0.0744 0.9371 -0.3411
vn -0.2295 0.9137 -0.3354
vn -0.0586 0.6996 -0.7121
vn -0.1729 0.6862 -0.7065
vn -0.0129 0.9977 -0.0659
vn -0.0810 0.9946 -0.0654
vn -0.2446 0.9675 -0.0636
vn -0.5349 0.8426 -0.0626
vn -0.5052 0.7961 -0.3330
vn -0.3796 0.6049 -0.6999
vn -0.2287 0.3406 -0.9120
vn -0.1060 0.3654 -0.9248
vn -0.0350 0.3691 -0.9287
vn -0.0055 0.3688 -0.9295
vn -0.0094 0.7000 -0.7141
vn -0.0123 0.9393 -0.3430
vn 0.0186 -0.0182 -0.9997
vn 0.0186 -0.0583 -0.9981
vn 0.0587 -0.0183 -0.9981
vn 0.0593 -0.0595 -0.9965
vn 0.0025 -0.0025 -1.0000
vn 0.0025 -0.0186 -0.9998
vn 0.0024 -0.0585 -0.9983
vn 0.0024 -0.1504 -0.9886
vn 0.0209 -0.1511 -0.9883
vn 0.0667 -0.1529 -0.9860
vn 0.1553 -0.1452 -0.9771
vn 0.1516 -0.0678 -0.9861
vn 0.1511 -0.0209 -0.9883
vn 0.1514 -0.0019 -0.9885
vn 0.0588 -0.0022 -0.9983
vn 0.0187 -0.0024 -0.9998
vn 0.0589 0.0191 -0.9981
vn 0.0598 0.0606 -0.9964
vn 0.0186 0.0184 -0.9997
vn 0.0187 0.0589 -0.9981
vn 0.1514 0.0040 -0.9885
vn 0.1518 0.0232 -0.9881
vn 0.1527 0.0702 -0.9858
vn 0.1570 0.1483 -0.9764
vn 0.0675 0.1549 -0.9856
vn 0.0213 0.1524 -0.9881
vn 0.0026 0.1515 -0.9885
vn 0.0024 0.0588 -0.9983
vn 0.0025 0.0186 -0.9998
vn 0.0025 0.0025 -1.0000
vn 0.0187 0.0025 -0.9998
vn 0.0588 0.0028 -0.9983
vn -0.0187 0.0589 -0.9981
vn -0.0598 0.0596 -0.9964
vn -0.0183 0.0186 -0.9997
vn -0.0583 0.0187 -0.9981
vn -0.0032 0.1514 -0.9885
vn -0.0223 0.1515 -0.9882
vn -0.0689 0.1523 -0.9859
vn -0.1460 0.1565 -0.9768
vn -0.1530 0.0673 -0.9859
vn -0.1508 0.0213 -0.9883
vn -0.1499 0.0026 -0.9887
vn -0.0583 0.0024 -0.9983
vn -0.0185 0.0025 -0.9998
vn -0.0025 0.0025 -1.0000
vn -0.0024 0.0187 -0.9998
vn -0.0025 0.0589 -0.9983
vn -0.0583 -0.0188 -0.9981
vn -0.0593 -0.0603 -0.9964
vn -0.0185 -0.0184 -0.9997
vn -0.0187 -0.0587 -0.9981
vn -0.1498 -0.0032 -0.9887
vn -0.1500 -0.0224 -0.9884
vn -0.1509 -0.0695 -0.9861
vn -0.1553 -0.1474 -0.9768
vn -0.0673 -0.1543 -0.9857
vn -0.0217 -0.1518 -0.9882
vn -0.0032 -0.1508 -0.9886
vn -0.0026 -0.0586 -0.9983
vn -0.0025 -0.0186 -0.9998
vn -0.0025 -0.0025 -1.0000
vn -0.0186 -0.0025 -0.9998
vn -0.0583 -0.0025 -0.9983
vn -0.9128 0.2334 -0.3351
vn -0.9376 0.0750 -0.3395
vn -0.6852 0.1778 -0.7064
vn -0.6998 0.0540 -0.7123
vn -0.8381 0.5418 -0.0634
vn -0.9669 0.2472 -0.0634
vn -0.9948 0.0788 -0.0645
vn -0.9978 0.0088 -0.0663
vn -0.9387 0.0085 -0.3446
vn -0.6978 0.0056 -0.7163
vn -0.3661 0.0036 -0.9306
vn -0.3678 0.0326 -0.9293
vn -0.3692 0.1021 -0.9237
vn -0.3967 0.2159 -0.8922
vn -0.6023 0.3915 -0.6957
vn -0.7915 0.5114 -0.3346
vn 0.0696 -0.9366 -0.3434
vn 0.2277 -0.9131 -0.3382
vn 0.0547 -0.6972 -0.7147
vn 0.1712 -0.6834 -0.7097
vn 0.0066 -0.9978 -0.0664
vn 0.0758 -0.9949 -0.0660
vn 0.2428 -0.9679 -0.0643
vn 0.5388 -0.8400 -0.0633
vn 0.5083 -0.7930 -0.3358
vn 0.3808 -0.6005 -0.7031
vn 0.2289 -0.3367 -0.9134
vn 0.1046 -0.3624 -0.9261
vn 0.0329 -0.3667 -0.9298
vn 0.0029 -0.3668 -0.9303
vn 0.0042 -0.6980 -0.7161
vn 0.0057 -0.9387 -0.3448
vn 0.2320 0.9143 -0.3321
vn 0.0718 0.9390 -0.3364
vn 0.1774 0.6889 -0.7028
vn 0.0537 0.7033 -0.7089
vn 0.5386 0.8402 -0.0627
vn 0.2455 0.9674 -0.0626
vn 0.0781 0.9949 -0.0637
vn 0.0087 0.9978 -0.0655
vn 0.0076 0.9398 -0.3416
vn 0.0056 0.7013 -0.7129
vn 0.0036 0.3695 -0.9292
vn 0.0326 0.3713 -0.9280
vn 0.1023 0.3730 -0.9222
vn 0.2162 0.4009 -0.8903
vn 0.3908 0.6066 -0.6923
vn 0.5089 0.7943 -0.3317
vn -0.9357 -0.0783 -0.3439
vn -0.9119 -0.2330 -0.3378
vn -0.6962 -0.0594 -0.7153
vn -0.6829 -0.1749 -0.7093
vn -0.9977 -0.0131 -0.0667
vn -0.9944 -0.0829 -0.0662
vn -0.9665 -0.2486 -0.0643
vn -0.8388 -0.5408 -0.0630
vn -0.7924 -0.5103 -0.3342
vn -0.6013 -0.3829 -0.7013
vn -0.3377 -0.2311 -0.9124
vn -0.3622 -0.1071 -0.9259
vn -0.3658 -0.0354 -0.9300
vn -0.3654 -0.0055 -0.9308
vn -0.6966 -0.0096 -0.7174
vn -0.9382 -0.0124 -0.3460
vn -0.2322 -0.9126 -0.3365
vn -0.0792 -0.9361 -0.3426
vn -0.1746 -0.6845 -0.7078
vn -0.0602 -0.6977 -0.7138
vn -0.5380 -0.8406 -0.0627
vn -0.2476 -0.9667 -0.0640
vn -0.0839 -0.9943 -0.0658
vn -0.0150 -0.9977 -0.0664
vn -0.0142 -0.9386 -0.3448
vn -0.0109 -0.6979 -0.7161
vn -0.0062 -0.3668 -0.9303
vn -0.0358 -0.3673 -0.9294
vn -0.1070 -0.3638 -0.9253
vn -0.2300 -0.3394 -0.9121
vn -0.3814 -0.6033 -0.7004
vn -0.5079 -0.7943 -0.3334
vn 0.9388 0.0800 -0.3350
vn 0.9134 0.2373 -0.3306
vn 0.7044 0.0597 -0.7073
vn 0.6895 0.1816 -0.7011
vn 0.9977 0.0190 -0.0653
vn 0.9942 0.0870 -0.0634
vn 0.9660 0.2510 -0.0622
vn 0.8395 0.5398 -0.0627
vn 0.7938 0.5101 -0.3313
vn 0.6068 0.3917 -0.6917
vn 0.4012 0.2173 -0.8898
vn 0.3742 0.1044 -0.9214
vn 0.3726 0.0354 -0.9273
vn 0.3703 0.0067 -0.9289
vn 0.7021 0.0122 -0.7120
vn 0.9400 0.0170 -0.3408
vn 0.9146 -0.2233 -0.3371
vn 0.9374 -0.0657 -0.3420
vn 0.6854 -0.1682 -0.7085
vn 0.6991 -0.0517 -0.7131
vn 0.8433 -0.5338 -0.0632
vn 0.9692 -0.2379 -0.0640
vn 0.9953 -0.0714 -0.0656
vn 0.9978 -0.0024 -0.0659
vn 0.9393 -0.0019 -0.3430
vn 0.7001 -0.0015 -0.7141
vn 0.3688 -0.0017 -0.9295
vn 0.3684 -0.0314 -0.9291
vn 0.3641 -0.1030 -0.9257
vn 0.3386 -0.2270 -0.9131
vn 0.6033 -0.3776 -0.7025
vn 0.7962 -0.5037 -0.3352
vn -0.0772 0.9386 -0.3362
vn -0.2314 0.9143 -0.3324
vn -0.0557 0.7035 -0.7085
vn -0.1767 0.6888 -0.7031
vn -0.0128 0.9978 -0.0654
vn -0.0815 0.9946 -0.0636
vn -0.2449 0.9675 -0.0627
vn -0.5347 0.8427 -0.0634
vn -0.5048 0.7961 -0.3338
vn -0.3864 0.6068 -0.6946
vn -0.2137 0.3996 -0.8914
vn -0.1019 0.3728 -0.9223
vn -0.0334 0.3716 -0.9278
vn -0.0048 0.3698 -0.9291
vn -0.0082 0.7015 -0.7126
vn -0.0114 0.9399 -0.3414
vn 0.0183 -0.0185 -0.9997
vn 0.0185 -0.0584 -0.9981
vn 0.0586 -0.0184 -0.9981
vn 0.0599 -0.0590 -0.9965
vn 0.0024 -0.0185 -0.9998
vn 0.0023 -0.0584 -0.9983
vn 0.0215 -0.1503 -0.9884
vn 0.0684 -0.1508 -0.9862
vn 0.1462 -0.1543 -0.9771
vn 0.1536 -0.0661 -0.9859
vn 0.1518 -0.0205 -0.9882
vn 0.1512 -0.0018 -0.9885
vn 0.0587 -0.0021 -0.9983
vn 0.0186 -0.0023 -0.9998
vn 0.0590 0.0190 -0.9981
vn 0.0605 0.0598 -0.9964
vn 0.0184 0.0187 -0.9997
vn 0.1519 0.0036 -0.9884
vn 0.1530 0.0222 -0.9880
vn 0.1555 0.0681 -0.9855
vn 0.1483 0.1569 -0.9764
vn 0.0695 0.1524 -0.9859
vn 0.0220 0.1514 -0.9882
vn 0.0026 0.1514 -0.9885
vn 0.0024 0.0589 -0.9983
vn 0.0024 0.0187 -0.9998
vn 0.0186 0.0025 -0.9998
vn 0.0589 0.0027 -0.9983
vn -0.0591 0.0604 -0.9964
vn -0.0185 0.0184 -0.9997
vn -0.0030 0.1516 -0.9884
vn -0.0215 0.1526 -0.9881
vn -0.0670 0.1548 -0.9857
vn -0.1548 0.1476 -0.9769
vn -0.1506 0.0693 -0.9862
vn -0.1498 0.0220 -0.9885
vn -0.1498 0.0027 -0.9887
vn -0.0186 0.0024 -0.9998
vn -0.0025 0.0186 -0.9998
vn -0.0584 -0.0188 -0.9981
vn -0.0600 -0.0595 -0.9964
vn -0.0183 -0.0186 -0.9997
vn -0.0188 -0.0586 -0.9981
vn -0.1500 -0.0030 -0.9887
vn -0.1511 -0.0216 -0.9883
vn -0.1535 -0.0675 -0.9858
vn -0.1467 -0.1560 -0.9768
vn -0.0693 -0.1516 -0.9860
vn -0.0225 -0.1507 -0.9883
vn -0.0034 -0.1504 -0.9886
vn -0.0185 -0.0025 -0.9998
vn -0.0583 -0.0026 -0.9983
vn -0.9121 0.2312 -0.3385
vn -0.9361 0.0722 -0.3443
vn -0.6824 0.1736 -0.7101
vn -0.6960 0.0568 -0.7158
vn -0.8381 0.5419 -0.0632
vn -0.9669 0.2468 -0.0644
vn -0.9946 0.0793 -0.0663
vn -0.9977 0.0089 -0.0667
vn -0.9382 0.0077 -0.3460
vn -0.6966 0.0066 -0.7174
vn -0.3654 0.0041 -0.9308
vn -0.3655 0.0340 -0.9302
vn -0.3616 0.1063 -0.9262
vn -0.3367 0.2313 -0.9128
vn -0.6001 0.3833 -0.7022
vn -0.7915 0.5112 -0.3349
vn 0.0722 -0.9381 -0.3389
vn 0.2294 -0.9137 -0.3353
vn 0.0522 -0.7006 -0.7116
vn 0.1746 -0.6857 -0.7066
vn 0.0067 -0.9978 -0.0660
vn 0.0764 -0.9950 -0.0644
vn 0.2431 -0.9679 -0.0635
vn 0.5386 -0.8401 -0.0640
vn 0.5081 -0.7930 -0.3361
vn 0.3880 -0.6025 -0.6974
vn 0.2139 -0.3959 -0.8930
vn 0.1008 -0.3693 -0.9238
vn 0.0317 -0.3686 -0.9291
vn 0.0033 -0.3672 -0.9301
vn 0.0050 -0.6989 -0.7152
vn 0.0064 -0.9391 -0.3436
vn 0.2299 0.9135 -0.3355
vn 0.0743 0.9370 -0.3413
vn 0.1732 0.6861 -0.7066
vn 0.0566 0.6995 -0.7124
vn 0.5387 0.8402 -0.0624
vn 0.2451 0.9674 -0.0637
vn 0.0787 0.9947 -0.0655
vn 0.0088 0.9978 -0.0659
vn 0.0084 0.9393 -0.3430
vn 0.0066 0.7000 -0.7141
vn 0.0040 0.3688 -0.9295
vn 0.0341 0.3690 -0.9288
vn 0.1066 0.3652 -0.9248
vn 0.2318 0.3406 -0.9112
vn 0.3828 0.6044 -0.6987
vn 0.5088 0.7943 -0.3320
vn -0.9378 -0.0756 -0.3388
vn -0.9127 -0.2352 -0.3342
vn -0.7003 -0.0563 -0.7116
vn -0.6858 -0.1793 -0.7054
vn -0.9977 -0.0129 -0.0663
vn -0.9945 -0.0823 -0.0644
vn -0.9664 -0.2490 -0.0632
vn -0.8388 -0.5407 -0.0633
vn -0.7924 -0.5105 -0.3340
vn -0.6035 -0.3909 -0.6950
vn -0.3977 -0.2159 -0.8918
vn -0.3701 -0.1028 -0.9233
vn -0.3684 -0.0337 -0.9290
vn -0.3665 -0.0048 -0.9304
vn -0.6982 -0.0083 -0.7159
vn -0.9388 -0.0115 -0.3442
vn -0.9936 0.0000 0.1132
vn 0.0000 0.0000 -1.0000
vn 0.9936 0.0000 0.1132
vn 0.0000 -0.9936 0.1132
vn 0.0000 0.9936 0.1132
vn 0.2300 0.9231 0.3081
vn 0.0767 0.9472 0.3114
vn 0.1700 0.6719 0.7208
vn 0.0566 0.6898 0.7218
vn 0.5305 0.8466 0.0424
vn 0.2417 0.9694 0.0422
vn 0.0817 0.9957 0.0434
vn 0.0146 0.9989 0.0446
vn 0.0136 0.9485 0.3165
vn 0.0097 0.6900 0.7237
vn 0.0054 0.3509 0.9364
vn 0.0331 0.3504 0.9360
vn 0.0998 0.3472 0.9325
vn 0.2125 0.3746 0.9025
vn 0.3729 0.5904 0.7158
vn 0.5045 0.8050 0.3123
vn -0.9460 -0.0813 0.3137
vn -0.9227 -0.2323 0.3076
vn -0.6911 -0.0597 0.7202
vn -0.6767 -0.1745 0.7153
vn -0.9988 -0.0188 0.0445
vn -0.9953 -0.0857 0.0441
vn -0.9687 -0.2443 0.0428
vn -0.8455 -0.5323 0.0421
vn -0.8048 -0.5076 0.3077
vn -0.5922 -0.3758 0.7128
vn -0.3284 -0.2187 0.9189
vn -0.3493 -0.1016 0.9315
vn -0.3529 -0.0344 0.9350
vn -0.3525 -0.0069 0.9358
vn -0.6915 -0.0129 0.7223
vn -0.9486 -0.0178 0.3158
vn -0.9250 0.2203 0.3095
vn -0.9479 0.0664 0.3115
vn -0.6719 0.1627 0.7226
vn -0.6902 0.0488 0.7220
vn -0.8495 0.5259 0.0428
vn -0.9719 0.2315 0.0424
vn -0.9966 0.0700 0.0434
vn -0.9990 0.0021 0.0444
vn -0.9489 0.0020 0.3156
vn -0.6912 0.0015 0.7226
vn -0.3519 0.0014 0.9360
vn -0.3505 0.0296 0.9361
vn -0.3464 0.0965 0.9331
vn -0.3731 0.2092 0.9039
vn -0.5896 0.3682 0.7189
vn -0.8070 0.4997 0.3148
vn 0.0744 -0.9464 0.3143
vn 0.2265 -0.9237 0.3089
vn 0.0555 -0.6907 0.7210
vn 0.1701 -0.6761 0.7169
vn 0.0126 -0.9989 0.0445
vn 0.0794 -0.9959 0.0442
vn 0.2382 -0.9703 0.0430
vn 0.5271 -0.8488 0.0425
vn 0.5023 -0.8072 0.3100
vn 0.3707 -0.5919 0.7157
vn 0.2153 -0.3274 0.9200
vn 0.0991 -0.3484 0.9321
vn 0.0324 -0.3524 0.9353
vn 0.0048 -0.3525 0.9358
vn 0.0086 -0.6915 0.7223
vn 0.0119 -0.9487 0.3159
vn -0.0184 0.0181 0.9997
vn -0.0184 0.0575 0.9982
vn -0.0580 0.0181 0.9982
vn -0.0586 0.0587 0.9966
vn -0.0025 0.0025 1.0000
vn -0.0024 0.0185 0.9998
vn -0.0023 0.0579 0.9983
vn -0.0023 0.1455 0.9894
vn -0.0207 0.1455 0.9891
vn -0.0659 0.1458 0.9871
vn -0.1512 0.1367 0.9790
vn -0.1467 0.0651 0.9870
vn -0.1462 0.0202 0.9890
vn -0.1465 0.0019 0.9892
vn -0.0581 0.0022 0.9983
vn -0.0185 0.0024 0.9998
vn -0.0582 -0.0188 0.9981
vn -0.0591 -0.0596 0.9965
vn -0.0185 -0.0183 0.9997
vn -0.0186 -0.0580 0.9981
vn -0.1465 -0.0038 0.9892
vn -0.1468 -0.0223 0.9889
vn -0.1479 -0.0673 0.9867
vn -0.1528 -0.1395 0.9784
vn -0.0666 -0.1475 0.9868
vn -0.0210 -0.1467 0.9890
vn -0.0026 -0.1464 0.9892
vn -0.0024 -0.0581 0.9983
vn -0.0025 -0.0185 0.9998
vn -0.0025 -0.0025 1.0000
vn -0.0185 -0.0025 0.9998
vn -0.0581 -0.0027 0.9983
vn 0.0185 -0.0581 0.9981
vn 0.0589 -0.0590 0.9965
vn 0.0181 -0.0185 0.9997
vn 0.0575 -0.0186 0.9982
vn 0.0030 -0.1465 0.9892
vn 0.0214 -0.1466 0.9890
vn 0.0662 -0.1475 0.9869
vn 0.1375 -0.1523 0.9787
vn 0.1458 -0.0665 0.9871
vn 0.1452 -0.0210 0.9892
vn 0.1450 -0.0026 0.9894
vn 0.0576 -0.0024 0.9983
vn 0.0184 -0.0025 0.9998
vn 0.0025 -0.0025 1.0000
vn 0.0024 -0.0185 0.9998
vn 0.0025 -0.0582 0.9983
vn 0.0576 0.0186 0.9982
vn 0.0586 0.0593 0.9965
vn 0.0184 0.0182 0.9997
vn 0.0186 0.0578 0.9982
vn 0.1451 0.0030 0.9894
vn 0.1451 0.0216 0.9892
vn 0.1462 0.0667 0.9870
vn 0.1513 0.1386 0.9787
vn 0.0664 0.1470 0.9869
vn 0.0214 0.1462 0.9890
vn 0.0032 0.1458 0.9893
vn 0.0026 0.0578 0.9983
vn 0.0025 0.0184 0.9998
vn 0.0025 0.0025 1.0000
vn 0.0184 0.0024 0.9998
vn 0.0576 0.0025 0.9983
vn 0.9226 -0.2288 0.3105
vn 0.9468 -0.0733 0.3135
vn 0.6692 -0.1686 0.7237
vn 0.6874 -0.0534 0.7244
vn 0.8440 -0.5346 0.0426
vn 0.9697 -0.2406 0.0426
vn 0.9961 -0.0771 0.0438
vn 0.9990 -0.0085 0.0448
vn 0.9480 -0.0081 0.3181
vn 0.6879 -0.0058 0.7257
vn 0.3491 -0.0036 0.9371
vn 0.3482 -0.0317 0.9369
vn 0.3447 -0.0992 0.9335
vn 0.3718 -0.2132 0.9035
vn 0.5868 -0.3748 0.7177
vn 0.8020 -0.5082 0.3139
vn -0.0694 0.9460 0.3167
vn -0.2244 0.9233 0.3119
vn -0.0517 0.6880 0.7239
vn -0.1680 0.6728 0.7205
vn -0.0063 0.9990 0.0448
vn -0.0741 0.9963 0.0446
vn -0.2362 0.9707 0.0435
vn -0.5310 0.8463 0.0429
vn -0.5056 0.8040 0.3128
vn -0.3717 0.5871 0.7192
vn -0.2153 0.3237 0.9214
vn -0.0977 0.3454 0.9334
vn -0.0304 0.3499 0.9363
vn -0.0029 0.3505 0.9365
vn -0.0044 0.6892 0.7245
vn -0.0058 0.9482 0.3177
vn -0.2275 -0.9240 0.3073
vn -0.0717 -0.9479 0.3104
vn -0.1685 -0.6734 0.7198
vn -0.0532 -0.6913 0.7206
vn -0.5314 -0.8461 0.0422
vn -0.2389 -0.9701 0.0421
vn -0.0764 -0.9961 0.0433
vn -0.0084 -0.9990 0.0443
vn -0.0078 -0.9490 0.3151
vn -0.0057 -0.6918 0.7221
vn -0.0035 -0.3524 0.9359
vn -0.0317 -0.3515 0.9356
vn -0.0994 -0.3483 0.9321
vn -0.2137 -0.3760 0.9016
vn -0.3747 -0.5916 0.7139
vn -0.5057 -0.8048 0.3107
vn 0.9452 0.0767 0.3172
vn 0.9220 0.2301 0.3114
vn 0.6869 0.0561 0.7245
vn 0.6724 0.1721 0.7199
vn 0.9989 0.0127 0.0450
vn 0.9957 0.0810 0.0447
vn 0.9692 0.2423 0.0434
vn 0.8447 0.5335 0.0426
vn 0.8032 0.5082 0.3108
vn 0.5882 0.3745 0.7168
vn 0.3250 0.2173 0.9204
vn 0.3454 0.0999 0.9331
vn 0.3492 0.0326 0.9365
vn 0.3492 0.0049 0.9370
vn 0.6877 0.0087 0.7260
vn 0.9477 0.0120 0.3189
vn 0.2294 0.9226 0.3100
vn 0.0777 0.9456 0.3158
vn 0.1718 0.6742 0.7183
vn 0.0569 0.6886 0.7229
vn 0.5304 0.8467 0.0425
vn 0.2414 0.9695 0.0432
vn 0.0820 0.9956 0.0445
vn 0.0147 0.9989 0.0448
vn 0.0139 0.9481 0.3177
vn 0.0100 0.6892 0.7245
vn 0.0055 0.3505 0.9365
vn 0.0330 0.3506 0.9359
vn 0.0999 0.3469 0.9326
vn 0.2164 0.3264 0.9201
vn 0.3728 0.5903 0.7159
vn 0.5054 0.8052 0.3101
vn -0.9477 -0.0802 0.3090
vn -0.9232 -0.2331 0.3056
vn -0.6926 -0.0592 0.7188
vn -0.6746 -0.1729 0.7176
vn -0.9988 -0.0187 0.0442
vn -0.9954 -0.0855 0.0431
vn -0.9687 -0.2446 0.0418
vn -0.8455 -0.5324 0.0420
vn -0.8046 -0.5067 0.3097
vn -0.5923 -0.3760 0.7127
vn -0.3769 -0.2148 0.9010
vn -0.3497 -0.1014 0.9314
vn -0.3532 -0.0066 0.9355
vn -0.6927 -0.0125 0.7212
vn -0.9491 -0.0175 0.3144
vn -0.9247 0.2198 0.3108
vn -0.9468 0.0654 0.3152
vn -0.6749 0.1650 0.7192
vn -0.6900 0.0488 0.7221
vn -0.8495 0.5259 0.0429
vn -0.9719 0.2313 0.0433
vn -0.9966 0.0697 0.0444
vn -0.9990 0.0021 0.0445
vn -0.9488 0.0019 0.3159
vn -0.6915 0.0017 0.7223
vn -0.3525 0.0017 0.9358
vn -0.3516 0.0291 0.9357
vn -0.3470 0.0963 0.9329
vn -0.3254 0.2135 0.9212
vn -0.5898 0.3684 0.7187
vn -0.8072 0.5008 0.3124
vn 0.0756 -0.9477 0.3100
vn 0.2271 -0.9242 0.3072
vn 0.0552 -0.6917 0.7201
vn 0.1682 -0.6737 0.7196
vn 0.0125 -0.9989 0.0443
vn 0.0797 -0.9959 0.0432
vn 0.2385 -0.9702 0.0421
vn 0.5271 -0.8487 0.0424
vn 0.5013 -0.8070 0.3122
vn 0.2113 -0.3757 0.9024
vn 0.0990 -0.3485 0.9321
vn 0.0325 -0.3520 0.9354
vn 0.0048 -0.3527 0.9357
vn 0.0084 -0.6921 0.7217
vn 0.0116 -0.9491 0.3148
vn -0.0181 0.0184 0.9997
vn -0.0183 0.0577 0.9982
vn -0.0577 0.0183 0.9982
vn -0.0590 0.0583 0.9966
vn -0.0024 0.0184 0.9998
vn -0.0022 0.0577 0.9983
vn -0.0022 0.1456 0.9893
vn -0.0207 0.1454 0.9891
vn -0.0657 0.1460 0.9871
vn -0.1376 0.1503 0.9790
vn -0.1465 0.0653 0.9871
vn -0.1462 0.0202 0.9891
vn -0.1462 0.0017 0.9893
vn -0.0580 0.0021 0.9983
vn -0.0184 0.0023 0.9998
vn -0.0596 -0.0591 0.9965
vn -0.0183 -0.0185 0.9997
vn -0.0185 -0.0581 0.9981
vn -0.1468 -0.0036 0.9892
vn -0.1473 -0.0220 0.9889
vn -0.1480 -0.0672 0.9867
vn -0.1394 -0.1527 0.9784
vn -0.0667 -0.1475 0.9868
vn -0.0212 -0.1465 0.9890
vn -0.0025 -0.1465 0.9892
vn -0.0023 -0.0582 0.9983
vn -0.0024 -0.0186 0.9998
vn -0.0582 -0.0027 0.9983
vn 0.0185 -0.0580 0.9981
vn 0.0585 -0.0594 0.9965
vn 0.0184 -0.0182 0.9997
vn 0.0576 -0.0185 0.9982
vn 0.0030 -0.1466 0.9892
vn 0.0212 -0.1469 0.9889
vn 0.0661 -0.1475 0.9868
vn 0.1507 -0.1389 0.9788
vn 0.1459 -0.0665 0.9871
vn 0.1450 -0.0211 0.9892
vn 0.1451 -0.0025 0.9894
vn 0.0576 -0.0023 0.9983
vn 0.0184 -0.0024 0.9998
vn 0.0025 -0.0185 0.9998
vn 0.0025 -0.0581 0.9983
vn 0.0575 0.0187 0.9982
vn 0.0591 0.0588 0.9965
vn 0.0181 0.0185 0.9997
vn 0.0185 0.0579 0.9981
vn 0.1455 0.0214 0.9891
vn 0.1463 0.0666 0.9870
vn 0.1381 0.1519 0.9787
vn 0.0665 0.1469 0.9869
vn 0.0217 0.1458 0.9891
vn 0.0032 0.1457 0.9893
vn 0.0026 0.0579 0.9983
vn 0.0024 0.0185 0.9998
vn 0.0184 0.0025 0.9998
vn 0.9222 -0.2282 0.3121
vn 0.9455 -0.0721 0.3176
vn 0.6718 -0.1706 0.7208
vn 0.6866 -0.0536 0.7250
vn 0.8440 -0.5346 0.0427
vn 0.9697 -0.2403 0.0435
vn 0.9960 -0.0773 0.0447
vn 0.9990 -0.0085 0.0450
vn 0.9477 -0.0079 0.3189
vn 0.6877 -0.0059 0.7260
vn 0.3492 -0.0035 0.9370
vn 0.3489 -0.0314 0.9367
vn 0.3448 -0.0992 0.9334
vn 0.3240 -0.2173 0.9208
vn 0.8023 -0.5092 0.3116
vn -0.0706 0.9472 0.3127
vn -0.2249 0.9236 0.3104
vn -0.0515 0.6885 0.7234
vn -0.1658 0.6700 0.7236
vn -0.0063 0.9990 0.0447
vn -0.0744 0.9963 0.0436
vn -0.2364 0.9707 0.0425
vn -0.5311 0.8462 0.0428
vn -0.5045 0.8038 0.3152
vn -0.3715 0.5870 0.7194
vn -0.2111 0.3714 0.9042
vn -0.0979 0.3451 0.9335
vn -0.0308 0.3491 0.9366
vn -0.0028 0.3502 0.9367
vn -0.0044 0.6893 0.7245
vn -0.0060 0.9484 0.3171
vn -0.2269 -0.9236 0.3091
vn -0.0727 -0.9465 0.3146
vn -0.1704 -0.6759 0.7170
vn -0.0534 -0.6905 0.7213
vn -0.5314 -0.8461 0.0423
vn -0.2386 -0.9702 0.0431
vn -0.0767 -0.9961 0.0443
vn -0.0084 -0.9990 0.0445
vn -0.0080 -0.9488 0.3159
vn -0.0058 -0.6915 0.7223
vn -0.0035 -0.3525 0.9358
vn -0.0314 -0.3522 0.9354
vn -0.2179 -0.3278 0.9193
vn -0.3746 -0.5916 0.7139
vn -0.5066 -0.8051 0.3086
vn 0.9468 0.0757 0.3128
vn 0.9225 0.2308 0.3095
vn 0.6880 0.0558 0.7236
vn 0.6700 0.1703 0.7225
vn 0.9989 0.0127 0.0448
vn 0.9958 0.0807 0.0437
vn 0.9692 0.2426 0.0424
vn 0.8447 0.5335 0.0425
vn 0.8029 0.5073 0.3130
vn 0.5883 0.3746 0.7167
vn 0.3730 0.2132 0.9030
vn 0.3456 0.0999 0.9330
vn 0.3488 0.0327 0.9366
vn 0.3494 0.0048 0.9370
vn 0.6883 0.0085 0.7254
vn 0.9481 0.0118 0.3178
vn 0.0442 0.0006 0.9990
vn 0.0432 0.0030 0.9991
vn 0.0418 0.0104 0.9991
vn 0.0368 0.0243 0.9990
vn 0.0237 0.0363 0.9991
vn 0.0102 0.0422 0.9991
vn 0.0027 0.0443 0.9990
vn 0.0003 0.0445 0.9990
vn 0.0376 -0.0245 0.9990
vn 0.0425 -0.0102 0.9990
vn 0.0436 -0.0025 0.9990
vn 0.0444 0.0000 0.9990
vn 0.0001 -0.0448 0.9990
vn 0.0027 -0.0445 0.9990
vn 0.0104 -0.0425 0.9990
vn 0.0242 -0.0368 0.9990
vn -0.0004 0.0445 0.9990
vn -0.0028 0.0441 0.9990
vn -0.0103 0.0421 0.9991
vn -0.0238 0.0364 0.9991
vn -0.0373 0.0245 0.9990
vn -0.0425 0.0104 0.9990
vn -0.0439 0.0027 0.9990
vn -0.0448 0.0003 0.9990
vn -0.0448 -0.0004 0.9990
vn -0.0438 -0.0028 0.9990
vn -0.0424 -0.0104 0.9990
vn -0.0372 -0.0244 0.9990
vn -0.0239 -0.0364 0.9991
vn -0.0104 -0.0423 0.9990
vn -0.0029 -0.0445 0.9990
vn -0.0005 -0.0448 0.9990
vn 0.0445 0.0008 0.9990
vn 0.0441 0.0038 0.9990
vn 0.0419 0.0106 0.9991
vn 0.0364 0.0229 0.9991
vn 0.0235 0.0375 0.9990
vn 0.0103 0.0420 0.9991
vn 0.0033 0.0433 0.9991
vn 0.0004 0.0444 0.9990
vn 0.0372 -0.0230 0.9990
vn 0.0424 -0.0101 0.9990
vn 0.0443 -0.0031 0.9990
vn 0.0445 -0.0001 0.9990
vn 0.0003 -0.0446 0.9990
vn 0.0033 -0.0437 0.9990
vn 0.0104 -0.0426 0.9990
vn 0.0240 -0.0382 0.9990
vn -0.0006 0.0442 0.9990
vn -0.0035 0.0432 0.9991
vn -0.0236 0.0380 0.9990
vn -0.0370 0.0234 0.9990
vn -0.0426 0.0106 0.9990
vn -0.0447 0.0035 0.9990
vn -0.0450 0.0004 0.9990
vn -0.0450 -0.0006 0.9990
vn -0.0446 -0.0036 0.9990
vn -0.0425 -0.0106 0.9990
vn -0.0369 -0.0233 0.9990
vn -0.0237 -0.0378 0.9990
vn -0.0105 -0.0421 0.9991
vn -0.0036 -0.0435 0.9990
vn -0.0007 -0.0446 0.9990
usemtl Material.003
s off
f 58/1/1 57/2/1 1/3/1
f 9/4/2 161/5/2 58/1/2
f 161/5/3 10/6/3 60/7/3
f 57/2/4 60/7/4 3/8/4
f 3/8/5 162/9/5 61/10/5
f 60/7/6 62/11/6 162/9/6
f 62/11/7 63/12/7 162/9/7
f 162/9/8 7/13/8 61/10/8
f 63/12/9 64/14/9 7/13/9
f 11/15/10 163/16/10 63/12/10
f 163/16/11 12/17/11 66/18/11
f 64/14/12 66/18/12 5/19/12
f 5/19/13 164/20/13 67/21/13
f 66/18/14 68/22/14 164/20/14
f 68/22/15 58/23/15 164/20/15
f 164/20/16 1/24/16 67/21/16
f 1/3/17 165/25/17 82/26/17
f 86/27/18 89/28/18 18/29/18
f 19/30/19 165/25/19 86/27/19
f 20/31/20 165/25/20 87/32/20
f 90/33/21 88/34/21 17/35/21
f 3/8/22 165/25/22 90/33/22
f 77/36/23 81/37/23 14/38/23
f 82/26/24 77/36/24 13/39/24
f 2/40/25 166/41/25 73/42/25
f 4/43/26 166/41/26 69/44/26
f 74/45/27 59/46/27 166/41/27
f 73/42/28 59/46/28 9/47/28
f 4/43/29 167/48/29 74/45/29
f 8/49/30 167/48/30 70/50/30
f 75/51/31 62/52/31 167/48/31
f 74/45/32 62/52/32 10/53/32
f 8/49/33 168/54/33 75/51/33
f 6/55/34 168/54/34 71/56/34
f 76/57/35 65/58/35 168/54/35
f 75/51/36 65/58/36 11/15/36
f 6/55/37 169/59/37 76/57/37
f 2/40/38 169/59/38 72/60/38
f 73/42/39 68/61/39 169/59/39
f 76/57/40 68/61/40 12/17/40
f 7/13/41 170/62/41 84/63/41
f 94/64/42 95/65/42 21/66/42
f 24/67/43 170/62/43 94/64/43
f 96/68/44 93/69/44 23/70/44
f 79/71/45 96/68/45 15/72/45
f 84/63/46 79/71/46 16/73/46
f 67/21/47 83/74/47 5/19/47
f 67/21/48 82/75/48 171/76/48
f 171/76/49 13/77/49 80/78/49
f 171/76/50 15/72/50 83/74/50
f 61/10/51 81/37/51 3/8/51
f 61/10/52 84/63/52 172/79/52
f 172/79/53 16/73/53 78/80/53
f 172/79/54 14/38/54 81/37/54
f 25/81/55 173/82/55 97/83/55
f 100/84/56 99/85/56 173/82/56
f 99/85/57 98/86/57 173/82/57
f 173/82/58 26/87/58 97/83/58
f 90/33/59 57/2/59 3/8/59
f 17/35/60 174/88/60 90/33/60
f 174/88/61 18/29/61 89/28/61
f 57/2/62 89/28/62 1/3/62
f 17/35/63 175/89/63 108/90/63
f 88/34/64 107/91/64 175/89/64
f 175/89/65 28/92/65 100/84/65
f 175/89/66 25/81/66 108/90/66
f 96/68/67 83/74/67 15/72/67
f 23/70/68 176/93/68 96/68/68
f 91/94/69 92/95/69 22/96/69
f 95/65/70 91/94/70 21/66/70
f 64/14/71 95/65/71 7/13/71
f 5/19/72 176/93/72 64/14/72
f 22/96/73 177/97/73 106/98/73
f 92/95/74 105/99/74 177/97/74
f 177/97/75 31/100/75 102/101/75
f 177/97/76 30/102/76 106/98/76
f 30/102/77 178/103/77 101/104/77
f 102/101/78 103/105/78 178/103/78
f 103/105/79 104/106/79 178/103/79
f 178/103/80 29/107/80 101/104/80
f 86/27/81 110/108/81 19/30/81
f 18/29/82 179/109/82 86/27/82
f 179/109/83 26/87/83 98/86/83
f 179/109/84 27/110/84 110/108/84
f 32/111/85 180/112/85 126/113/85
f 31/100/86 180/112/86 103/105/86
f 125/114/87 122/115/87 180/112/87
f 126/113/88 122/115/88 40/116/88
f 91/94/89 112/117/89 21/66/89
f 91/94/90 106/98/90 181/118/90
f 106/98/91 101/104/91 181/118/91
f 112/117/92 101/104/92 29/107/92
f 27/110/93 182/119/93 118/120/93
f 28/92/94 182/119/94 99/85/94
f 117/121/95 114/122/95 182/119/95
f 118/120/96 114/122/96 35/123/96
f 85/124/97 109/125/97 18/29/97
f 85/124/98 108/90/98 183/126/98
f 108/90/99 97/83/99 183/126/99
f 109/125/100 97/83/100 26/87/100
f 94/64/101 111/127/101 24/67/101
f 21/66/102 184/128/102 94/64/102
f 184/128/103 29/107/103 104/106/103
f 184/128/104 32/111/104 111/127/104
f 35/123/105 185/129/105 134/130/105
f 36/131/106 185/129/106 114/122/106
f 133/132/107 130/133/107 185/129/107
f 134/130/108 130/133/108 43/134/108
f 19/30/109 186/135/109 119/136/109
f 110/108/110 118/120/110 186/135/110
f 186/135/111 35/123/111 116/137/111
f 119/136/112 116/137/112 33/138/112
f 87/32/113 120/139/113 20/31/113
f 87/32/114 119/136/114 187/140/114
f 187/140/115 33/138/115 113/141/115
f 187/140/116 34/142/116 120/139/116
f 107/91/117 117/121/117 28/92/117
f 20/31/118 188/143/118 107/91/118
f 120/139/119 115/144/119 188/143/119
f 188/143/120 36/131/120 117/121/120
f 123/145/121 150/146/121 39/147/121
f 37/148/122 189/149/122 123/145/122
f 149/150/123 147/151/123 189/149/123
f 189/149/124 51/152/124 150/146/124
f 93/69/125 128/153/125 23/70/125
f 93/69/126 127/154/126 190/155/126
f 190/155/127 38/156/127 121/157/127
f 190/155/128 37/148/128 128/153/128
f 24/67/129 191/158/129 127/154/129
f 111/127/130 126/113/130 191/158/130
f 191/158/131 40/116/131 124/159/131
f 127/154/132 124/159/132 38/156/132
f 105/99/133 125/114/133 31/100/133
f 23/70/134 192/160/134 105/99/134
f 128/153/135 123/145/135 192/160/135
f 192/160/136 39/147/136 125/114/136
f 41/161/137 193/162/137 142/163/137
f 132/164/138 141/165/138 193/162/138
f 193/162/139 47/166/139 140/167/139
f 142/163/140 140/167/140 45/168/140
f 115/144/141 133/132/141 36/131/141
f 34/142/142 194/169/142 115/144/142
f 135/170/143 131/171/143 194/169/143
f 194/169/144 44/172/144 133/132/144
f 113/141/145 135/170/145 34/142/145
f 113/141/146 136/173/146 195/174/146
f 195/174/147 41/161/147 129/175/147
f 195/174/148 42/176/148 135/170/148
f 33/138/149 196/177/149 136/173/149
f 116/137/150 134/130/150 196/177/150
f 196/177/151 43/134/151 132/164/151
f 136/173/152 132/164/152 41/161/152
f 43/134/153 197/178/153 141/165/153
f 44/172/154 197/178/154 130/133/154
f 143/179/155 138/180/155 197/178/155
f 141/165/156 138/180/156 47/166/156
f 131/171/157 143/179/157 44/172/157
f 42/176/158 198/181/158 131/171/158
f 144/182/159 139/183/159 198/181/159
f 198/181/160 48/184/160 143/179/160
f 129/175/161 144/182/161 42/176/161
f 129/175/162 142/163/162 199/185/162
f 199/185/163 45/168/163 137/186/163
f 199/185/164 46/187/164 144/182/164
f 147/151/165 158/188/165 51/152/165
f 49/189/166 200/190/166 147/151/166
f 157/191/167 155/192/167 200/190/167
f 200/190/168 55/193/168 158/188/168
f 121/157/169 149/150/169 37/148/169
f 121/157/170 151/194/170 201/195/170
f 201/195/171 50/196/171 145/197/171
f 201/195/172 49/189/172 149/150/172
f 38/156/173 202/198/173 151/194/173
f 124/159/174 152/199/174 202/198/174
f 202/198/175 52/200/175 148/201/175
f 151/194/176 148/201/176 50/196/176
f 40/116/177 203/202/177 152/199/177
f 39/147/178 203/202/178 122/115/178
f 150/146/179 146/203/179 203/202/179
f 152/199/180 146/203/180 52/200/180
f 145/197/181 157/191/181 49/189/181
f 145/197/182 159/204/182 204/205/182
f 204/205/183 54/206/183 153/207/183
f 204/205/184 53/208/184 157/191/184
f 50/196/185 205/209/185 159/204/185
f 148/201/186 160/210/186 205/209/186
f 205/209/187 56/211/187 156/212/187
f 159/204/188 156/212/188 54/206/188
f 52/200/189 206/213/189 160/210/189
f 51/152/190 206/213/190 146/203/190
f 158/188/191 154/214/191 206/213/191
f 160/210/192 154/214/192 56/211/192
f 58/1/193 161/5/193 57/2/193
f 9/4/194 59/215/194 161/5/194
f 161/5/195 59/215/195 10/6/195
f 57/2/196 161/5/196 60/7/196
f 3/8/197 60/7/197 162/9/197
f 60/7/198 10/6/198 62/11/198
f 62/11/199 11/15/199 63/12/199
f 162/9/200 63/12/200 7/13/200
f 63/12/201 163/16/201 64/14/201
f 11/15/202 65/58/202 163/16/202
f 163/16/203 65/58/203 12/17/203
f 64/14/204 163/16/204 66/18/204
f 5/19/205 66/18/205 164/20/205
f 66/18/206 12/17/206 68/22/206
f 68/22/207 9/216/207 58/23/207
f 164/20/208 58/23/208 1/24/208
f 1/3/209 89/28/209 165/25/209
f 86/27/210 165/25/210 89/28/210
f 19/30/211 87/32/211 165/25/211
f 20/31/212 88/34/212 165/25/212
f 90/33/213 165/25/213 88/34/213
f 3/8/214 81/37/214 165/25/214
f 77/36/215 165/25/215 81/37/215
f 82/26/216 165/25/216 77/36/216
f 2/40/25 69/44/25 166/41/25
f 4/43/26 74/45/26 166/41/26
f 74/45/27 10/53/27 59/46/27
f 73/42/28 166/41/28 59/46/28
f 4/43/29 70/50/29 167/48/29
f 8/49/217 75/51/217 167/48/217
f 75/51/31 11/15/31 62/52/31
f 74/45/32 167/48/32 62/52/32
f 8/49/33 71/56/33 168/54/33
f 6/55/34 76/57/34 168/54/34
f 76/57/35 12/17/35 65/58/35
f 75/51/36 168/54/36 65/58/36
f 6/55/37 72/60/37 169/59/37
f 2/40/218 73/42/218 169/59/218
f 73/42/39 9/47/39 68/61/39
f 76/57/40 169/59/40 68/61/40
f 7/13/219 95/65/219 170/62/219
f 94/64/220 170/62/220 95/65/220
f 24/67/221 93/69/221 170/62/221
f 96/68/222 170/62/222 93/69/222
f 79/71/223 170/62/223 96/68/223
f 84/63/224 170/62/224 79/71/224
f 67/21/225 171/76/225 83/74/225
f 67/21/226 1/24/226 82/75/226
f 171/76/227 82/75/227 13/77/227
f 171/76/228 80/78/228 15/72/228
f 61/10/229 172/79/229 81/37/229
f 61/10/230 7/13/230 84/63/230
f 172/79/231 84/63/231 16/73/231
f 172/79/232 78/80/232 14/38/232
f 25/81/233 100/84/233 173/82/233
f 100/84/234 28/92/234 99/85/234
f 99/85/235 27/110/235 98/86/235
f 173/82/236 98/86/236 26/87/236
f 90/33/237 174/88/237 57/2/237
f 17/35/238 85/124/238 174/88/238
f 174/88/239 85/124/239 18/29/239
f 57/2/240 174/88/240 89/28/240
f 17/35/241 88/34/241 175/89/241
f 88/34/242 20/31/242 107/91/242
f 175/89/243 107/91/243 28/92/243
f 175/89/244 100/84/244 25/81/244
f 96/68/245 176/93/245 83/74/245
f 23/70/246 92/95/246 176/93/246
f 91/94/247 176/93/247 92/95/247
f 95/65/248 176/93/248 91/94/248
f 64/14/249 176/93/249 95/65/249
f 5/19/250 83/74/250 176/93/250
f 22/96/251 92/95/251 177/97/251
f 92/95/252 23/70/252 105/99/252
f 177/97/253 105/99/253 31/100/253
f 177/97/254 102/101/254 30/102/254
f 30/102/255 102/101/255 178/103/255
f 102/101/256 31/100/256 103/105/256
f 103/105/257 32/111/257 104/106/257
f 178/103/258 104/106/258 29/107/258
f 86/27/259 179/109/259 110/108/259
f 18/29/260 109/125/260 179/109/260
f 179/109/261 109/125/261 26/87/261
f 179/109/262 98/86/262 27/110/262
f 32/111/263 103/105/263 180/112/263
f 31/100/264 125/114/264 180/112/264
f 125/114/265 39/147/265 122/115/265
f 126/113/266 180/112/266 122/115/266
f 91/94/267 181/118/267 112/117/267
f 91/94/268 22/96/268 106/98/268
f 106/98/269 30/102/269 101/104/269
f 112/117/270 181/118/270 101/104/270
f 27/110/271 99/85/271 182/119/271
f 28/92/272 117/121/272 182/119/272
f 117/121/273 36/131/273 114/122/273
f 118/120/274 182/119/274 114/122/274
f 85/124/275 183/126/275 109/125/275
f 85/124/276 17/35/276 108/90/276
f 108/90/277 25/81/277 97/83/277
f 109/125/278 183/126/278 97/83/278
f 94/64/279 184/128/279 111/127/279
f 21/66/280 112/117/280 184/128/280
f 184/128/281 112/117/281 29/107/281
f 184/128/282 104/106/282 32/111/282
f 35/123/105 114/122/105 185/129/105
f 36/131/106 133/132/106 185/129/106
f 133/132/107 44/172/107 130/133/107
f 134/130/108 185/129/108 130/133/108
f 19/30/283 110/108/283 186/135/283
f 110/108/284 27/110/284 118/120/284
f 186/135/285 118/120/285 35/123/285
f 119/136/286 186/135/286 116/137/286
f 87/32/287 187/140/287 120/139/287
f 87/32/288 19/30/288 119/136/288
f 187/140/289 119/136/289 33/138/289
f 187/140/290 113/141/290 34/142/290
f 107/91/291 188/143/291 117/121/291
f 20/31/292 120/139/292 188/143/292
f 120/139/293 34/142/293 115/144/293
f 188/143/294 115/144/294 36/131/294
f 123/145/121 189/149/121 150/146/121
f 37/148/122 149/150/122 189/149/122
f 149/150/123 49/189/123 147/151/123
f 189/149/124 147/151/124 51/152/124
f 93/69/295 190/155/295 128/153/295
f 93/69/296 24/67/296 127/154/296
f 190/155/297 127/154/297 38/156/297
f 190/155/298 121/157/298 37/148/298
f 24/67/299 111/127/299 191/158/299
f 111/127/300 32/111/300 126/113/300
f 191/158/131 126/113/131 40/116/131
f 127/154/301 191/158/301 124/159/301
f 105/99/302 192/160/302 125/114/302
f 23/70/303 128/153/303 192/160/303
f 128/153/304 37/148/304 123/145/304
f 192/160/305 123/145/305 39/147/305
f 41/161/137 132/164/137 193/162/137
f 132/164/138 43/134/138 141/165/138
f 193/162/139 141/165/139 47/166/139
f 142/163/140 193/162/140 140/167/140
f 115/144/141 194/169/141 133/132/141
f 34/142/142 135/170/142 194/169/142
f 135/170/143 42/176/143 131/171/143
f 194/169/144 131/171/144 44/172/144
f 113/141/145 195/174/145 135/170/145
f 113/141/146 33/138/146 136/173/146
f 195/174/147 136/173/147 41/161/147
f 195/174/148 129/175/148 42/176/148
f 33/138/149 116/137/149 196/177/149
f 116/137/150 35/123/150 134/130/150
f 196/177/151 134/130/151 43/134/151
f 136/173/152 196/177/152 132/164/152
f 43/134/153 130/133/153 197/178/153
f 44/172/154 143/179/154 197/178/154
f 143/179/155 48/184/155 138/180/155
f 141/165/156 197/178/156 138/180/156
f 131/171/157 198/181/157 143/179/157
f 42/176/158 144/182/158 198/181/158
f 144/182/159 46/187/159 139/183/159
f 198/181/160 139/183/160 48/184/160
f 129/175/161 199/185/161 144/182/161
f 129/175/162 41/161/162 142/163/162
f 199/185/163 142/163/163 45/168/163
f 199/185/164 137/186/164 46/187/164
f 147/151/165 200/190/165 158/188/165
f 49/189/166 157/191/166 200/190/166
f 157/191/167 53/208/167 155/192/167
f 200/190/168 155/192/168 55/193/168
f 121/157/169 201/195/169 149/150/169
f 121/157/170 38/156/170 151/194/170
f 201/195/171 151/194/171 50/196/171
f 201/195/172 145/197/172 49/189/172
f 38/156/173 124/159/173 202/198/173
f 124/159/174 40/116/174 152/199/174
f 202/198/175 152/199/175 52/200/175
f 151/194/176 202/198/176 148/201/176
f 40/116/177 122/115/177 203/202/177
f 39/147/178 150/146/178 203/202/178
f 150/146/179 51/152/179 146/203/179
f 152/199/180 203/202/180 146/203/180
f 145/197/181 204/205/181 157/191/181
f 145/197/182 50/196/182 159/204/182
f 204/205/183 159/204/183 54/206/183
f 204/205/184 153/207/184 53/208/184
f 50/196/185 148/201/185 205/209/185
f 148/201/186 52/200/186 160/210/186
f 205/209/187 160/210/187 56/211/187
f 159/204/188 205/209/188 156/212/188
f 52/200/189 146/203/189 206/213/189
f 51/152/190 158/188/190 206/213/190
f 158/188/191 55/193/191 154/214/191
f 160/210/192 206/213/192 154/214/192
f 207/217/306 208/218/306 209/219/306
f 210/220/307 209/219/307 208/218/307
f 210/220/308 207/221/308 211/222/308
f 208/223/309 207/224/309 210/220/309
f 211/222/310 207/225/310 209/226/310
f 314/227/311 313/228/311 316/229/311
f 314/227/312 317/230/312 318/231/312
f 317/230/313 316/229/313 319/232/313
f 317/230/314 320/233/314 321/234/314
f 262/235/315 219/236/315 309/237/315
f 263/238/316 262/235/316 313/228/316
f 263/238/317 314/227/317 315/239/317
f 264/240/318 315/239/318 304/241/318
f 315/239/319 318/231/319 305/242/319
f 318/231/320 321/234/320 306/243/320
f 321/234/321 300/244/321 222/245/321
f 320/233/322 299/246/322 300/244/322
f 319/232/323 298/247/323 299/246/323
f 307/248/324 228/249/324 298/247/324
f 316/229/325 308/250/325 307/248/325
f 313/228/326 309/237/326 308/250/326
f 323/251/327 322/252/327 325/253/327
f 323/251/328 326/254/328 327/255/328
f 326/254/329 325/253/329 328/256/329
f 326/254/330 329/257/330 330/258/330
f 241/259/331 215/260/331 232/261/331
f 242/262/332 241/259/332 322/252/332
f 242/262/333 323/251/333 324/263/333
f 243/264/334 324/263/334 301/265/334
f 324/263/335 327/255/335 302/266/335
f 327/255/336 330/258/336 303/267/336
f 303/267/337 330/258/337 279/268/337
f 330/258/338 329/257/338 278/269/338
f 329/257/339 328/256/339 277/270/339
f 328/256/340 234/271/340 224/272/340
f 325/253/341 233/273/341 234/271/341
f 322/252/342 232/261/342 233/273/342
f 332/274/343 331/275/343 334/276/343
f 333/277/344 332/274/344 335/278/344
f 335/278/345 334/276/345 337/279/345
f 335/278/346 338/280/346 339/281/346
f 247/282/347 217/283/347 231/284/347
f 248/285/348 247/282/348 331/275/348
f 249/286/349 248/285/349 332/274/349
f 215/260/350 249/286/350 333/277/350
f 232/261/351 333/277/351 336/287/351
f 233/273/352 336/287/352 339/281/352
f 234/271/353 339/281/353 285/288/353
f 338/280/354 284/289/354 285/288/354
f 337/279/355 283/290/355 284/289/355
f 229/291/356 226/292/356 283/290/356
f 334/276/357 230/293/357 229/291/357
f 331/275/358 231/284/358 230/293/358
f 340/294/359 343/295/359 344/296/359
f 341/297/360 344/296/360 345/298/360
f 344/296/361 343/295/361 346/299/361
f 344/296/362 347/300/362 348/301/362
f 253/302/363 214/303/363 237/304/363
f 253/302/364 340/294/364 341/297/364
f 254/305/365 341/297/365 342/306/365
f 255/307/366 342/306/366 238/308/366
f 342/306/367 345/298/367 239/309/367
f 345/298/368 348/301/368 240/310/368
f 240/310/369 348/301/369 291/311/369
f 348/301/370 347/300/370 290/312/370
f 347/300/371 346/299/371 289/313/371
f 346/299/372 235/314/372 223/315/372
f 343/295/373 236/316/373 235/314/373
f 340/294/374 237/304/374 236/316/374
f 349/317/375 352/318/375 353/319/375
f 350/320/376 353/319/376 354/321/376
f 352/318/377 355/322/377 356/323/377
f 353/319/378 356/323/378 357/324/378
f 270/325/379 220/326/379 274/327/379
f 269/328/380 270/325/380 349/317/380
f 268/329/381 269/328/381 350/320/381
f 268/329/382 351/330/382 286/331/382
f 351/330/383 354/321/383 287/332/383
f 354/321/384 357/324/384 288/333/384
f 357/324/385 283/290/385 226/292/385
f 356/323/386 284/289/386 283/290/386
f 355/322/387 285/288/387 284/289/387
f 355/322/388 276/334/388 224/272/388
f 352/318/389 275/335/389 276/334/389
f 349/317/390 274/327/390 275/335/390
f 359/336/391 358/337/391 361/338/391
f 360/339/392 359/336/392 362/340/392
f 362/340/393 361/338/393 364/341/393
f 363/342/394 362/340/394 365/343/394
f 277/270/395 224/272/395 276/334/395
f 278/269/396 277/270/396 358/337/396
f 279/268/397 278/269/397 359/336/397
f 225/344/398 279/268/398 360/339/398
f 280/345/399 360/339/399 363/342/399
f 281/346/400 363/342/400 366/347/400
f 282/348/401 366/347/401 273/349/401
f 366/347/402 365/343/402 272/350/402
f 365/343/403 364/341/403 271/351/403
f 364/341/404 274/327/404 220/326/404
f 361/338/405 275/335/405 274/327/405
f 358/337/406 276/334/406 275/335/406
f 368/352/407 367/353/407 370/354/407
f 369/355/408 368/352/408 371/356/408
f 371/356/409 370/354/409 373/357/409
f 372/358/410 371/356/410 374/359/410
f 289/313/411 223/315/411 273/349/411
f 290/312/412 289/313/412 367/353/412
f 291/311/413 290/312/413 368/352/413
f 227/360/414 291/311/414 369/355/414
f 292/361/415 369/355/415 372/358/415
f 293/362/416 372/358/416 375/363/416
f 294/364/417 375/363/417 265/365/417
f 375/363/418 374/359/418 266/366/418
f 374/359/419 373/357/419 267/367/419
f 271/351/420 220/326/420 267/367/420
f 370/354/421 272/350/421 271/351/421
f 367/353/422 273/349/422 272/350/422
f 377/368/423 376/369/423 379/370/423
f 378/371/424 377/368/424 380/372/424
f 380/372/425 379/370/425 382/373/425
f 381/374/426 380/372/426 383/375/426
f 295/376/427 221/377/427 265/365/427
f 296/378/428 295/376/428 376/369/428
f 297/379/429 296/378/429 377/368/429
f 228/249/430 297/379/430 378/371/430
f 298/247/431 378/371/431 381/374/431
f 299/246/432 381/374/432 384/380/432
f 300/244/433 384/380/433 268/329/433
f 384/380/434 383/375/434 269/328/434
f 383/375/435 382/373/435 270/325/435
f 382/373/436 267/367/436 220/326/436
f 379/370/437 266/366/437 267/367/437
f 376/369/438 265/365/438 266/366/438
f 386/381/439 385/382/439 388/383/439
f 387/384/440 386/381/440 389/385/440
f 389/385/441 388/383/441 391/386/441
f 389/385/442 392/387/442 393/388/442
f 256/389/443 218/390/443 238/308/443
f 257/391/444 256/389/444 385/382/444
f 257/391/445 386/381/445 387/384/445
f 258/392/446 387/384/446 310/393/446
f 310/393/447 387/384/447 390/394/447
f 390/394/448 393/388/448 312/395/448
f 393/388/449 294/364/449 221/377/449
f 392/387/450 293/362/450 294/364/450
f 391/386/451 292/361/451 293/362/451
f 240/310/452 227/360/452 292/361/452
f 388/383/453 239/309/453 240/310/453
f 385/382/454 238/308/454 239/309/454
f 394/396/455 397/397/455 398/398/455
f 395/399/456 398/398/456 399/400/456
f 398/398/457 397/397/457 400/401/457
f 398/398/458 401/402/458 402/403/458
f 213/404/459 304/241/459 394/396/459
f 250/405/460 394/396/460 395/399/460
f 251/406/461 395/399/461 396/407/461
f 252/408/462 396/407/462 231/284/462
f 396/407/463 399/400/463 230/293/463
f 399/400/464 402/403/464 229/291/464
f 229/291/465 402/403/465 288/333/465
f 402/403/466 401/402/466 287/332/466
f 401/402/467 400/401/467 286/331/467
f 306/243/468 222/245/468 286/331/468
f 305/242/469 306/243/469 400/401/469
f 304/241/470 305/242/470 397/397/470
f 404/409/471 403/410/471 406/411/471
f 404/409/472 407/412/472 408/413/472
f 407/412/473 406/411/473 409/414/473
f 407/412/474 410/415/474 411/416/474
f 244/417/475 216/418/475 301/265/475
f 245/419/476 244/417/476 403/410/476
f 245/419/477 404/409/477 405/420/477
f 246/421/478 405/420/478 237/304/478
f 405/420/479 408/413/479 236/316/479
f 408/413/480 411/416/480 235/314/480
f 411/416/481 282/348/481 223/315/481
f 410/415/482 281/346/482 282/348/482
f 409/414/483 280/345/483 281/346/483
f 303/267/484 225/344/484 280/345/484
f 406/411/485 302/266/485 303/267/485
f 403/410/486 301/265/486 302/266/486
f 413/422/487 412/423/487 415/424/487
f 413/422/488 416/425/488 417/426/488
f 416/425/489 415/424/489 418/427/489
f 416/425/490 419/428/490 420/429/490
f 259/430/491 212/431/491 310/393/491
f 260/432/492 259/430/492 412/423/492
f 260/432/493 413/422/493 414/433/493
f 261/434/494 414/433/494 309/237/494
f 414/433/495 417/426/495 308/250/495
f 417/426/496 420/429/496 307/248/496
f 307/248/497 420/429/497 297/379/497
f 420/429/498 419/428/498 296/378/498
f 419/428/499 418/427/499 295/376/499
f 418/427/500 312/395/500 221/377/500
f 415/424/501 311/435/501 312/395/501
f 412/423/502 310/393/502 311/435/502
f 314/227/503 316/229/503 317/230/503
f 314/227/504 318/231/504 315/239/504
f 317/230/505 319/232/505 320/233/505
f 317/230/506 321/234/506 318/231/506
f 262/235/507 309/237/507 313/228/507
f 263/238/508 313/228/508 314/227/508
f 263/238/509 315/239/509 264/240/509
f 264/240/510 304/241/510 213/404/510
f 315/239/511 305/242/511 304/241/511
f 318/231/512 306/243/512 305/242/512
f 321/234/513 222/245/513 306/243/513
f 320/233/514 300/244/514 321/234/514
f 319/232/515 299/246/515 320/233/515
f 307/248/516 298/247/516 319/232/516
f 316/229/517 307/248/517 319/232/517
f 313/228/518 308/250/518 316/229/518
f 323/251/519 325/253/519 326/254/519
f 323/251/520 327/255/520 324/263/520
f 326/254/521 328/256/521 329/257/521
f 326/254/522 330/258/522 327/255/522
f 241/259/523 232/261/523 322/252/523
f 242/262/524 322/252/524 323/251/524
f 242/262/525 324/263/525 243/264/525
f 243/264/526 301/265/526 216/418/526
f 324/263/527 302/266/527 301/265/527
f 327/255/528 303/267/528 302/266/528
f 303/267/529 279/268/529 225/344/529
f 330/258/530 278/269/530 279/268/530
f 329/257/531 277/270/531 278/269/531
f 328/256/532 224/272/532 277/270/532
f 325/253/533 234/271/533 328/256/533
f 322/252/534 233/273/534 325/253/534
f 332/274/535 334/276/535 335/278/535
f 333/277/536 335/278/536 336/287/536
f 335/278/537 337/279/537 338/280/537
f 335/278/538 339/281/538 336/287/538
f 247/282/539 231/284/539 331/275/539
f 248/285/540 331/275/540 332/274/540
f 249/286/541 332/274/541 333/277/541
f 215/260/542 333/277/542 232/261/542
f 232/261/543 336/287/543 233/273/543
f 233/273/544 339/281/544 234/271/544
f 234/271/545 285/288/545 224/272/545
f 338/280/546 285/288/546 339/281/546
f 337/279/547 284/289/547 338/280/547
f 229/291/548 283/290/548 337/279/548
f 334/276/549 229/291/549 337/279/549
f 331/275/550 230/293/550 334/276/550
f 340/294/551 344/296/551 341/297/551
f 341/297/552 345/298/552 342/306/552
f 344/296/553 346/299/553 347/300/553
f 344/296/554 348/301/554 345/298/554
f 253/302/555 237/304/555 340/294/555
f 253/302/556 341/297/556 254/305/556
f 254/305/557 342/306/557 255/307/557
f 255/307/558 238/308/558 218/390/558
f 342/306/559 239/309/559 238/308/559
f 345/298/560 240/310/560 239/309/560
f 240/310/561 291/311/561 227/360/561
f 348/301/562 290/312/562 291/311/562
f 347/300/563 289/313/563 290/312/563
f 346/299/564 223/315/564 289/313/564
f 343/295/565 235/314/565 346/299/565
f 340/294/566 236/316/566 343/295/566
f 349/317/567 353/319/567 350/320/567
f 350/320/568 354/321/568 351/330/568
f 352/318/569 356/323/569 353/319/569
f 353/319/570 357/324/570 354/321/570
f 270/325/379 274/327/379 349/317/379
f 269/328/571 349/317/571 350/320/571
f 268/329/572 350/320/572 351/330/572
f 268/329/382 286/331/382 222/245/382
f 351/330/573 287/332/573 286/331/573
f 354/321/574 288/333/574 287/332/574
f 357/324/575 226/292/575 288/333/575
f 356/323/576 283/290/576 357/324/576
f 355/322/577 284/289/577 356/323/577
f 355/322/578 224/272/578 285/288/578
f 352/318/579 276/334/579 355/322/579
f 349/317/580 275/335/580 352/318/580
f 359/336/581 361/338/581 362/340/581
f 360/339/582 362/340/582 363/342/582
f 362/340/583 364/341/583 365/343/583
f 363/342/394 365/343/394 366/347/394
f 277/270/584 276/334/584 358/337/584
f 278/269/585 358/337/585 359/336/585
f 279/268/586 359/336/586 360/339/586
f 225/344/587 360/339/587 280/345/587
f 280/345/588 363/342/588 281/346/588
f 281/346/589 366/347/589 282/348/589
f 282/348/590 273/349/590 223/315/590
f 366/347/591 272/350/591 273/349/591
f 365/343/592 271/351/592 272/350/592
f 364/341/404 220/326/404 271/351/404
f 361/338/593 274/327/593 364/341/593
f 358/337/594 275/335/594 361/338/594
f 368/352/407 370/354/407 371/356/407
f 369/355/595 371/356/595 372/358/595
f 371/356/596 373/357/596 374/359/596
f 372/358/410 374/359/410 375/363/410
f 289/313/597 273/349/597 367/353/597
f 290/312/598 367/353/598 368/352/598
f 291/311/599 368/352/599 369/355/599
f 227/360/600 369/355/600 292/361/600
f 292/361/601 372/358/601 293/362/601
f 293/362/602 375/363/602 294/364/602
f 294/364/603 265/365/603 221/377/603
f 375/363/418 266/366/418 265/365/418
f 374/359/604 267/367/604 266/366/604
f 271/351/420 267/367/420 373/357/420
f 370/354/605 271/351/605 373/357/605
f 367/353/422 272/350/422 370/354/422
f 377/368/606 379/370/606 380/372/606
f 378/371/607 380/372/607 381/374/607
f 380/372/608 382/373/608 383/375/608
f 381/374/609 383/375/609 384/380/609
f 295/376/610 265/365/610 376/369/610
f 296/378/611 376/369/611 377/368/611
f 297/379/612 377/368/612 378/371/612
f 228/249/613 378/371/613 298/247/613
f 298/247/614 381/374/614 299/246/614
f 299/246/615 384/380/615 300/244/615
f 300/244/616 268/329/616 222/245/616
f 384/380/434 269/328/434 268/329/434
f 383/375/435 270/325/435 269/328/435
f 382/373/436 220/326/436 270/325/436
f 379/370/617 267/367/617 382/373/617
f 376/369/618 266/366/618 379/370/618
f 386/381/619 388/383/619 389/385/619
f 387/384/620 389/385/620 390/394/620
f 389/385/621 391/386/621 392/387/621
f 389/385/622 393/388/622 390/394/622
f 256/389/623 238/308/623 385/382/623
f 257/391/624 385/382/624 386/381/624
f 257/391/625 387/384/625 258/392/625
f 258/392/626 310/393/626 212/431/626
f 310/393/627 390/394/627 311/435/627
f 390/394/628 312/395/628 311/435/628
f 393/388/629 221/377/629 312/395/629
f 392/387/630 294/364/630 393/388/630
f 391/386/631 293/362/631 392/387/631
f 240/310/632 292/361/632 391/386/632
f 388/383/633 240/310/633 391/386/633
f 385/382/634 239/309/634 388/383/634
f 394/396/635 398/398/635 395/399/635
f 395/399/636 399/400/636 396/407/636
f 398/398/637 400/401/637 401/402/637
f 398/398/638 402/403/638 399/400/638
f 213/404/639 394/396/639 250/405/639
f 250/405/640 395/399/640 251/406/640
f 251/406/641 396/407/641 252/408/641
f 252/408/642 231/284/642 217/283/642
f 396/407/643 230/293/643 231/284/643
f 399/400/644 229/291/644 230/293/644
f 229/291/645 288/333/645 226/292/645
f 402/403/646 287/332/646 288/333/646
f 401/402/647 286/331/647 287/332/647
f 306/243/648 286/331/648 400/401/648
f 305/242/649 400/401/649 397/397/649
f 304/241/650 397/397/650 394/396/650
f 404/409/651 406/411/651 407/412/651
f 404/409/652 408/413/652 405/420/652
f 407/412/653 409/414/653 410/415/653
f 407/412/654 411/416/654 408/413/654
f 244/417/655 301/265/655 403/410/655
f 245/419/656 403/410/656 404/409/656
f 245/419/657 405/420/657 246/421/657
f 246/421/658 237/304/658 214/303/658
f 405/420/659 236/316/659 237/304/659
f 408/413/660 235/314/660 236/316/660
f 411/416/661 223/315/661 235/314/661
f 410/415/662 282/348/662 411/416/662
f 409/414/663 281/346/663 410/415/663
f 303/267/664 280/345/664 409/414/664
f 406/411/665 303/267/665 409/414/665
f 403/410/666 302/266/666 406/411/666
f 413/422/667 415/424/667 416/425/667
f 413/422/668 417/426/668 414/433/668
f 416/425/669 418/427/669 419/428/669
f 416/425/670 420/429/670 417/426/670
f 259/430/671 310/393/671 412/423/671
f 260/432/672 412/423/672 413/422/672
f 260/432/673 414/433/673 261/434/673
f 261/434/674 309/237/674 219/236/674
f 414/433/675 308/250/675 309/237/675
f 417/426/676 307/248/676 308/250/676
f 307/248/677 297/379/677 228/249/677
f 420/429/678 296/378/678 297/379/678
f 419/428/679 295/376/679 296/378/679
f 418/427/680 221/377/680 295/376/680
f 415/424/681 312/395/681 418/427/681
f 412/423/682 311/435/682 415/424/682
f 421/436/683 423/437/683 422/438/683
f 423/437/684 424/439/684 422/438/684
f 424/439/685 425/440/685 421/441/685
f 422/442/686 424/439/686 421/443/686
f 425/440/687 423/444/687 421/445/687
f 528/446/688 530/447/688 527/448/688
f 528/446/689 532/449/689 531/450/689
f 531/450/690 533/451/690 530/447/690
f 531/450/691 535/452/691 534/453/691
f 476/454/692 523/455/692 433/456/692
f 477/457/693 527/448/693 476/454/693
f 477/457/694 529/458/694 528/446/694
f 478/459/695 518/460/695 529/458/695
f 529/458/696 519/461/696 532/449/696
f 532/449/697 520/462/697 535/452/697
f 535/452/698 436/463/698 514/464/698
f 534/453/699 514/464/699 513/465/699
f 533/451/700 513/465/700 512/466/700
f 521/467/701 512/466/701 442/468/701
f 530/447/702 521/467/702 522/469/702
f 527/448/703 522/469/703 523/455/703
f 537/470/704 539/471/704 536/472/704
f 537/470/705 541/473/705 540/474/705
f 540/474/706 542/475/706 539/471/706
f 540/474/707 544/476/707 543/477/707
f 455/478/708 446/479/708 429/480/708
f 456/481/709 536/472/709 455/478/709
f 456/481/710 538/482/710 537/470/710
f 457/483/711 515/484/711 538/482/711
f 538/482/712 516/485/712 541/473/712
f 541/473/713 517/486/713 544/476/713
f 517/486/714 493/487/714 544/476/714
f 544/476/715 492/488/715 543/477/715
f 543/477/716 491/489/716 542/475/716
f 542/475/717 438/490/717 448/491/717
f 539/471/718 448/491/718 447/492/718
f 536/472/719 447/492/719 446/479/719
f 546/493/720 548/494/720 545/495/720
f 547/496/721 549/497/721 546/493/721
f 549/497/722 551/498/722 548/494/722
f 549/497/723 553/499/723 552/500/723
f 461/501/724 445/502/724 431/503/724
f 462/504/725 545/495/725 461/501/725
f 463/505/726 546/493/726 462/504/726
f 429/480/727 547/496/727 463/505/727
f 446/479/728 550/506/728 547/496/728
f 447/492/729 553/499/729 550/506/729
f 448/491/730 499/507/730 553/499/730
f 552/500/731 499/507/731 498/508/731
f 551/498/732 498/508/732 497/509/732
f 443/510/733 497/509/733 440/511/733
f 548/494/734 443/510/734 444/512/734
f 545/495/735 444/512/735 445/502/735
f 554/513/736 558/514/736 557/515/736
f 555/516/737 559/517/737 558/514/737
f 558/514/738 560/518/738 557/515/738
f 558/514/739 562/519/739 561/520/739
f 467/521/740 451/522/740 428/523/740
f 467/521/741 555/516/741 554/513/741
f 468/524/742 556/525/742 555/516/742
f 469/526/743 452/527/743 556/525/743
f 556/525/744 453/528/744 559/517/744
f 559/517/745 454/529/745 562/519/745
f 454/529/746 505/530/746 562/519/746
f 562/519/747 504/531/747 561/520/747
f 561/520/748 503/532/748 560/518/748
f 560/518/749 437/533/749 449/534/749
f 557/515/750 449/534/750 450/535/750
f 554/513/751 450/535/751 451/522/751
f 563/536/752 567/537/752 566/538/752
f 564/539/753 568/540/753 567/537/753
f 566/538/754 570/541/754 569/542/754
f 567/537/755 571/543/755 570/541/755
f 484/544/756 488/545/756 434/546/756
f 483/547/757 563/536/757 484/544/757
f 482/548/758 564/539/758 483/547/758
f 482/548/759 500/549/759 565/550/759
f 565/550/760 501/551/760 568/540/760
f 568/540/761 502/552/761 571/543/761
f 571/543/762 440/511/762 497/509/762
f 570/541/763 497/509/763 498/508/763
f 569/542/764 498/508/764 499/507/764
f 569/542/765 438/490/765 490/553/765
f 566/538/766 490/553/766 489/554/766
f 563/536/767 489/554/767 488/545/767
f 573/555/768 575/556/768 572/557/768
f 574/558/769 576/559/769 573/555/769
f 576/559/770 578/560/770 575/556/770
f 577/561/771 579/562/771 576/559/771
f 491/489/772 490/553/772 438/490/772
f 492/488/773 572/557/773 491/489/773
f 493/487/774 573/555/774 492/488/774
f 439/563/775 574/558/775 493/487/775
f 494/564/776 577/561/776 574/558/776
f 495/565/777 580/566/777 577/561/777
f 496/567/778 487/568/778 580/566/778
f 580/566/779 486/569/779 579/562/779
f 579/562/780 485/570/780 578/560/780
f 578/560/781 434/546/781 488/545/781
f 575/556/782 488/545/782 489/554/782
f 572/557/783 489/554/783 490/553/783
f 582/571/784 584/572/784 581/573/784
f 583/574/785 585/575/785 582/571/785
f 585/575/786 587/576/786 584/572/786
f 586/577/787 588/578/787 585/575/787
f 503/532/788 487/568/788 437/533/788
f 504/531/789 581/573/789 503/532/789
f 505/530/790 582/571/790 504/531/790
f 441/579/791 583/574/791 505/530/791
f 506/580/792 586/577/792 583/574/792
f 507/581/793 589/582/793 586/577/793
f 508/583/794 479/584/794 589/582/794
f 589/582/795 480/585/795 588/578/795
f 588/578/796 481/586/796 587/576/796
f 485/570/797 481/586/797 434/546/797
f 584/572/798 485/570/798 486/569/798
f 581/573/799 486/569/799 487/568/799
f 591/587/800 593/588/800 590/589/800
f 592/590/801 594/591/801 591/587/801
f 594/591/802 596/592/802 593/588/802
f 595/593/803 597/594/803 594/591/803
f 509/595/804 479/584/804 435/596/804
f 510/597/805 590/589/805 509/595/805
f 511/598/806 591/587/806 510/597/806
f 442/468/807 592/590/807 511/598/807
f 512/466/808 595/593/808 592/590/808
f 513/465/809 598/599/809 595/593/809
f 514/464/810 482/548/810 598/599/810
f 598/599/811 483/547/811 597/594/811
f 597/594/812 484/544/812 596/592/812
f 596/592/813 434/546/813 481/586/813
f 593/588/814 481/586/814 480/585/814
f 590/589/815 480/585/815 479/584/815
f 600/600/816 602/601/816 599/602/816
f 601/603/817 603/604/817 600/600/817
f 603/604/818 605/605/818 602/601/818
f 603/604/819 607/606/819 606/607/819
f 470/608/820 452/527/820 432/609/820
f 471/610/821 599/602/821 470/608/821
f 471/610/822 601/603/822 600/600/822
f 472/611/823 524/612/823 601/603/823
f 524/612/824 604/613/824 601/603/824
f 604/613/825 526/614/825 607/606/825
f 607/606/826 435/596/826 508/583/826
f 606/607/827 508/583/827 507/581/827
f 605/605/828 507/581/828 506/580/828
f 454/529/829 506/580/829 441/579/829
f 602/601/830 454/529/830 453/528/830
f 599/602/831 453/528/831 452/527/831
f 608/615/832 612/616/832 611/617/832
f 609/618/833 613/619/833 612/616/833
f 612/616/834 614/620/834 611/617/834
f 612/616/835 616/621/835 615/622/835
f 427/623/836 608/615/836 518/460/836
f 464/624/837 609/618/837 608/615/837
f 465/625/838 610/626/838 609/618/838
f 466/627/839 445/502/839 610/626/839
f 610/626/840 444/512/840 613/619/840
f 613/619/841 443/510/841 616/621/841
f 443/510/842 502/552/842 616/621/842
f 616/621/843 501/551/843 615/622/843
f 615/622/844 500/549/844 614/620/844
f 520/462/845 500/549/845 436/463/845
f 519/461/846 614/620/846 520/462/846
f 518/460/847 611/617/847 519/461/847
f 618/628/848 620/629/848 617/630/848
f 618/628/849 622/631/849 621/632/849
f 621/632/850 623/633/850 620/629/850
f 621/632/851 625/634/851 624/635/851
f 458/636/852 515/484/852 430/637/852
f 459/638/853 617/630/853 458/636/853
f 459/638/854 619/639/854 618/628/854
f 460/640/855 451/522/855 619/639/855
f 619/639/856 450/535/856 622/631/856
f 622/631/857 449/534/857 625/634/857
f 625/634/858 437/533/858 496/567/858
f 624/635/859 496/567/859 495/565/859
f 623/633/860 495/565/860 494/564/860
f 517/486/861 494/564/861 439/563/861
f 620/629/862 517/486/862 516/485/862
f 617/630/863 516/485/863 515/484/863
f 627/641/864 629/642/864 626/643/864
f 627/641/865 631/644/865 630/645/865
f 630/645/866 632/646/866 629/642/866
f 630/645/867 634/647/867 633/648/867
f 473/649/868 524/612/868 426/650/868
f 474/651/869 626/643/869 473/649/869
f 474/651/870 628/652/870 627/641/870
f 475/653/871 523/455/871 628/652/871
f 628/652/872 522/469/872 631/644/872
f 631/644/873 521/467/873 634/647/873
f 521/467/874 511/598/874 634/647/874
f 634/647/875 510/597/875 633/648/875
f 633/648/876 509/595/876 632/646/876
f 632/646/877 435/596/877 526/614/877
f 629/642/878 526/614/878 525/654/878
f 626/643/879 525/654/879 524/612/879
f 528/446/880 531/450/880 530/447/880
f 528/446/881 529/458/881 532/449/881
f 531/450/882 534/453/882 533/451/882
f 531/450/883 532/449/883 535/452/883
f 476/454/884 527/448/884 523/455/884
f 477/457/885 528/446/885 527/448/885
f 477/457/886 478/459/886 529/458/886
f 478/459/887 427/623/887 518/460/887
f 529/458/888 518/460/888 519/461/888
f 532/449/889 519/461/889 520/462/889
f 535/452/890 520/462/890 436/463/890
f 534/453/891 535/452/891 514/464/891
f 533/451/892 534/453/892 513/465/892
f 521/467/893 533/451/893 512/466/893
f 530/447/894 533/451/894 521/467/894
f 527/448/895 530/447/895 522/469/895
f 537/470/896 540/474/896 539/471/896
f 537/470/897 538/482/897 541/473/897
f 540/474/898 543/477/898 542/475/898
f 540/474/899 541/473/899 544/476/899
f 455/478/900 536/472/900 446/479/900
f 456/481/901 537/470/901 536/472/901
f 456/481/902 457/483/902 538/482/902
f 457/483/903 430/637/903 515/484/903
f 538/482/904 515/484/904 516/485/904
f 541/473/905 516/485/905 517/486/905
f 517/486/906 439/563/906 493/487/906
f 544/476/907 493/487/907 492/488/907
f 543/477/716 492/488/716 491/489/716
f 542/475/908 491/489/908 438/490/908
f 539/471/909 542/475/909 448/491/909
f 536/472/910 539/471/910 447/492/910
f 546/493/911 549/497/911 548/494/911
f 547/496/912 550/506/912 549/497/912
f 549/497/913 552/500/913 551/498/913
f 549/497/914 550/506/914 553/499/914
f 461/501/915 545/495/915 445/502/915
f 462/504/916 546/493/916 545/495/916
f 463/505/917 547/496/917 546/493/917
f 429/480/918 446/479/918 547/496/918
f 446/479/919 447/492/919 550/506/919
f 447/492/920 448/491/920 553/499/920
f 448/491/921 438/490/921 499/507/921
f 552/500/922 553/499/922 499/507/922
f 551/498/923 552/500/923 498/508/923
f 443/510/924 551/498/924 497/509/924
f 548/494/925 551/498/925 443/510/925
f 545/495/926 548/494/926 444/512/926
f 554/513/927 555/516/927 558/514/927
f 555/516/928 556/525/928 559/517/928
f 558/514/929 561/520/929 560/518/929
f 558/514/930 559/517/930 562/519/930
f 467/521/931 554/513/931 451/522/931
f 467/521/932 468/524/932 555/516/932
f 468/524/933 469/526/933 556/525/933
f 469/526/934 432/609/934 452/527/934
f 556/525/935 452/527/935 453/528/935
f 559/517/745 453/528/745 454/529/745
f 454/529/936 441/579/936 505/530/936
f 562/519/937 505/530/937 504/531/937
f 561/520/938 504/531/938 503/532/938
f 560/518/939 503/532/939 437/533/939
f 557/515/940 560/518/940 449/534/940
f 554/513/941 557/515/941 450/535/941
f 563/536/942 564/539/942 567/537/942
f 564/539/943 565/550/943 568/540/943
f 566/538/944 567/537/944 570/541/944
f 567/537/945 568/540/945 571/543/945
f 484/544/756 563/536/756 488/545/756
f 483/547/946 564/539/946 563/536/946
f 482/548/947 565/550/947 564/539/947
f 482/548/948 436/463/948 500/549/948
f 565/550/949 500/549/949 501/551/949
f 568/540/950 501/551/950 502/552/950
f 571/543/951 502/552/951 440/511/951
f 570/541/952 571/543/952 497/509/952
f 569/542/953 570/541/953 498/508/953
f 569/542/954 499/507/954 438/490/954
f 566/538/955 569/542/955 490/553/955
f 563/536/956 566/538/956 489/554/956
f 573/555/768 576/559/768 575/556/768
f 574/558/957 577/561/957 576/559/957
f 576/559/958 579/562/958 578/560/958
f 577/561/959 580/566/959 579/562/959
f 491/489/960 572/557/960 490/553/960
f 492/488/961 573/555/961 572/557/961
f 493/487/962 574/558/962 573/555/962
f 439/563/963 494/564/963 574/558/963
f 494/564/964 495/565/964 577/561/964
f 495/565/965 496/567/965 580/566/965
f 496/567/966 437/533/966 487/568/966
f 580/566/967 487/568/967 486/569/967
f 579/562/968 486/569/968 485/570/968
f 578/560/781 485/570/781 434/546/781
f 575/556/782 578/560/782 488/545/782
f 572/557/969 575/556/969 489/554/969
f 582/571/970 585/575/970 584/572/970
f 583/574/971 586/577/971 585/575/971
f 585/575/972 588/578/972 587/576/972
f 586/577/973 589/582/973 588/578/973
f 503/532/974 581/573/974 487/568/974
f 504/531/975 582/571/975 581/573/975
f 505/530/976 583/574/976 582/571/976
f 441/579/977 506/580/977 583/574/977
f 506/580/978 507/581/978 586/577/978
f 507/581/979 508/583/979 589/582/979
f 508/583/980 435/596/980 479/584/980
f 589/582/981 479/584/981 480/585/981
f 588/578/982 480/585/982 481/586/982
f 485/570/797 587/576/797 481/586/797
f 584/572/983 587/576/983 485/570/983
f 581/573/984 584/572/984 486/569/984
f 591/587/985 594/591/985 593/588/985
f 592/590/986 595/593/986 594/591/986
f 594/591/987 597/594/987 596/592/987
f 595/593/988 598/599/988 597/594/988
f 509/595/804 590/589/804 479/584/804
f 510/597/989 591/587/989 590/589/989
f 511/598/990 592/590/990 591/587/990
f 442/468/991 512/466/991 592/590/991
f 512/466/992 513/465/992 595/593/992
f 513/465/993 514/464/993 598/599/993
f 514/464/994 436/463/994 482/548/994
f 598/599/995 482/548/995 483/547/995
f 597/594/996 483/547/996 484/544/996
f 596/592/813 484/544/813 434/546/813
f 593/588/997 596/592/997 481/586/997
f 590/589/815 593/588/815 480/585/815
f 600/600/998 603/604/998 602/601/998
f 601/603/999 604/613/999 603/604/999
f 603/604/1000 606/607/1000 605/605/1000
f 603/604/1001 604/613/1001 607/606/1001
f 470/608/1002 599/602/1002 452/527/1002
f 471/610/1003 600/600/1003 599/602/1003
f 471/610/1004 472/611/1004 601/603/1004
f 472/611/1005 426/650/1005 524/612/1005
f 524/612/1006 525/654/1006 604/613/1006
f 604/613/1007 525/654/1007 526/614/1007
f 607/606/1008 526/614/1008 435/596/1008
f 606/607/1009 607/606/1009 508/583/1009
f 605/605/1010 606/607/1010 507/581/1010
f 454/529/1011 605/605/1011 506/580/1011
f 602/601/830 605/605/830 454/529/830
f 599/602/1012 602/601/1012 453/528/1012
f 608/615/1013 609/618/1013 612/616/1013
f 609/618/1014 610/626/1014 613/619/1014
f 612/616/1015 615/622/1015 614/620/1015
f 612/616/1016 613/619/1016 616/621/1016
f 427/623/1017 464/624/1017 608/615/1017
f 464/624/1018 465/625/1018 609/618/1018
f 465/625/1019 466/627/1019 610/626/1019
f 466/627/1020 431/503/1020 445/502/1020
f 610/626/1021 445/502/1021 444/512/1021
f 613/619/1022 444/512/1022 443/510/1022
f 443/510/1023 440/511/1023 502/552/1023
f 616/621/1024 502/552/1024 501/551/1024
f 615/622/1025 501/551/1025 500/549/1025
f 520/462/1026 614/620/1026 500/549/1026
f 519/461/1027 611/617/1027 614/620/1027
f 518/460/1028 608/615/1028 611/617/1028
f 618/628/1029 621/632/1029 620/629/1029
f 618/628/1030 619/639/1030 622/631/1030
f 621/632/1031 624/635/1031 623/633/1031
f 621/632/1032 622/631/1032 625/634/1032
f 458/636/1033 617/630/1033 515/484/1033
f 459/638/1034 618/628/1034 617/630/1034
f 459/638/1035 460/640/1035 619/639/1035
f 460/640/1036 428/523/1036 451/522/1036
f 619/639/1037 451/522/1037 450/535/1037
f 622/631/1038 450/535/1038 449/534/1038
f 625/634/1039 449/534/1039 437/533/1039
f 624/635/1040 625/634/1040 496/567/1040
f 623/633/860 624/635/860 495/565/860
f 517/486/1041 623/633/1041 494/564/1041
f 620/629/1042 623/633/1042 517/486/1042
f 617/630/1043 620/629/1043 516/485/1043
f 627/641/1044 630/645/1044 629/642/1044
f 627/641/1045 628/652/1045 631/644/1045
f 630/645/1046 633/648/1046 632/646/1046
f 630/645/1047 631/644/1047 634/647/1047
f 473/649/1048 626/643/1048 524/612/1048
f 474/651/1049 627/641/1049 626/643/1049
f 474/651/1050 475/653/1050 628/652/1050
f 475/653/1051 433/456/1051 523/455/1051
f 628/652/1052 523/455/1052 522/469/1052
f 631/644/1053 522/469/1053 521/467/1053
f 521/467/1054 442/468/1054 511/598/1054
f 634/647/1055 511/598/1055 510/597/1055
f 633/648/1056 510/597/1056 509/595/1056
f 632/646/1057 509/595/1057 435/596/1057
f 629/642/1058 632/646/1058 526/614/1058
f 626/643/1059 629/642/1059 525/654/1059
f 455/478/1060 215/260/1060 241/259/1060
f 456/481/1061 241/259/1061 242/262/1061
f 457/483/1062 242/262/1062 243/264/1062
f 430/637/1063 243/264/1063 216/418/1063
f 458/636/1064 216/418/1064 244/417/1064
f 459/638/1065 244/417/1065 245/419/1065
f 460/640/1066 245/419/1066 246/421/1066
f 428/523/1067 246/421/1067 214/303/1067
f 247/282/1068 431/503/1068 217/283/1068
f 248/285/1069 461/501/1069 247/282/1069
f 249/286/1070 462/504/1070 248/285/1070
f 215/260/1071 463/505/1071 249/286/1071
f 250/405/1072 427/623/1072 213/404/1072
f 251/406/1073 464/624/1073 250/405/1073
f 252/408/1074 465/625/1074 251/406/1074
f 217/283/1075 466/627/1075 252/408/1075
f 253/302/1076 428/523/1076 214/303/1076
f 254/305/1077 467/521/1077 253/302/1077
f 255/307/1078 468/524/1078 254/305/1078
f 218/390/1079 469/526/1079 255/307/1079
f 256/389/1080 432/609/1080 218/390/1080
f 257/391/1081 470/608/1081 256/389/1081
f 258/392/1082 471/610/1082 257/391/1082
f 212/431/1083 472/611/1083 258/392/1083
f 473/649/1084 212/431/1084 259/430/1084
f 474/651/1085 259/430/1085 260/432/1085
f 475/653/1086 260/432/1086 261/434/1086
f 433/456/1087 261/434/1087 219/236/1087
f 476/454/1088 219/236/1088 262/235/1088
f 477/457/1089 262/235/1089 263/238/1089
f 478/459/1090 263/238/1090 264/240/1090
f 427/623/1091 264/240/1091 213/404/1091
f 210/220/307 211/222/307 209/219/307
f 423/437/684 425/440/684 424/439/684
f 455/478/1092 429/480/1092 215/260/1092
f 456/481/1093 455/478/1093 241/259/1093
f 457/483/1094 456/481/1094 242/262/1094
f 430/637/1095 457/483/1095 243/264/1095
f 458/636/1096 430/637/1096 216/418/1096
f 459/638/1097 458/636/1097 244/417/1097
f 460/640/1098 459/638/1098 245/419/1098
f 428/523/1099 460/640/1099 246/421/1099
f 247/282/1100 461/501/1100 431/503/1100
f 248/285/1101 462/504/1101 461/501/1101
f 249/286/1102 463/505/1102 462/504/1102
f 215/260/1103 429/480/1103 463/505/1103
f 250/405/1104 464/624/1104 427/623/1104
f 251/406/1105 465/625/1105 464/624/1105
f 252/408/1106 466/627/1106 465/625/1106
f 217/283/1107 431/503/1107 466/627/1107
f 253/302/1108 467/521/1108 428/523/1108
f 254/305/1109 468/524/1109 467/521/1109
f 255/307/1078 469/526/1078 468/524/1078
f 218/390/1110 432/609/1110 469/526/1110
f 256/389/1111 470/608/1111 432/609/1111
f 257/391/1112 471/610/1112 470/608/1112
f 258/392/1113 472/611/1113 471/610/1113
f 212/431/1114 426/650/1114 472/611/1114
f 473/649/1115 426/650/1115 212/431/1115
f 474/651/1116 473/649/1116 259/430/1116
f 475/653/1117 474/651/1117 260/432/1117
f 433/456/1118 475/653/1118 261/434/1118
f 476/454/1119 433/456/1119 219/236/1119
f 477/457/1120 476/454/1120 262/235/1120
f 478/459/1121 477/457/1121 263/238/1121
f 427/623/1122 478/459/1122 264/240/1122
