# Blender v3.1.2 OBJ File: ''
# www.blender.org
mtllib СупИзСемиЗалуп(Bej).mtl
o Icosphere.001
v 0.513544 -0.415386 0.372490
v 0.673335 -0.315709 0.394364
v 0.542118 -0.315709 0.531219
v 0.371413 -0.315709 0.448716
v 0.397128 -0.315709 0.260870
v 0.583726 -0.315709 0.227280
v 0.629959 -0.154426 0.484110
v 0.443361 -0.154426 0.517700
v 0.353753 -0.154426 0.350616
v 0.484969 -0.154426 0.213761
v 0.655675 -0.154426 0.296264
v 0.513544 -0.054749 0.372490
v 0.530241 -0.387559 0.465243
v 0.606917 -0.387559 0.385272
v 0.623615 -0.329313 0.478025
v 0.647928 -0.329313 0.300419
v 0.554555 -0.387559 0.287637
v 0.430490 -0.387559 0.417033
v 0.447187 -0.329313 0.509786
v 0.445517 -0.387559 0.307266
v 0.362462 -0.329313 0.351808
v 0.486528 -0.329313 0.222412
v 0.689972 -0.235068 0.340729
v 0.637609 -0.235068 0.243094
v 0.598269 -0.235068 0.530468
v 0.674945 -0.235068 0.450497
v 0.389478 -0.235067 0.501886
v 0.489230 -0.235067 0.550097
v 0.352142 -0.235067 0.294483
v 0.337116 -0.235067 0.404251
v 0.537857 -0.235068 0.194883
v 0.428819 -0.235067 0.214512
v 0.664625 -0.140822 0.393172
v 0.540560 -0.140822 0.522568
v 0.379159 -0.140822 0.444561
v 0.403472 -0.140822 0.266955
v 0.579901 -0.140822 0.235194
v 0.581571 -0.082576 0.437715
v 0.596598 -0.082576 0.327947
v 0.472533 -0.082576 0.457343
v 0.420170 -0.082576 0.359708
v 0.496846 -0.082576 0.279737
v 0.399924 -0.415386 0.160634
v 0.559715 -0.315709 0.182508
v 0.428499 -0.315709 0.319364
v 0.257793 -0.315709 0.236860
v 0.283508 -0.315709 0.049015
v 0.470107 -0.315709 0.015424
v 0.516340 -0.154426 0.272254
v 0.329741 -0.154426 0.305844
v 0.240133 -0.154426 0.138761
v 0.371349 -0.154426 0.001905
v 0.542055 -0.154426 0.084408
v 0.399924 -0.054749 0.160634
v 0.416622 -0.387559 0.253387
v 0.493297 -0.387559 0.173416
v 0.509995 -0.329313 0.266169
v 0.534308 -0.329313 0.088563
v 0.440935 -0.387559 0.075781
v 0.316870 -0.387559 0.205177
v 0.333567 -0.329313 0.297930
v 0.331897 -0.387559 0.095410
v 0.248842 -0.329313 0.139952
v 0.372908 -0.329313 0.010556
v 0.576352 -0.235068 0.128873
v 0.523989 -0.235068 0.031238
v 0.484649 -0.235068 0.318613
v 0.561325 -0.235068 0.238641
v 0.275859 -0.235067 0.290030
v 0.375610 -0.235067 0.338242
v 0.238523 -0.235067 0.082627
v 0.223496 -0.235067 0.192395
v 0.424238 -0.235068 -0.016973
v 0.315199 -0.235067 0.002656
v 0.551005 -0.140822 0.181316
v 0.426940 -0.140822 0.310712
v 0.265540 -0.140822 0.232706
v 0.289853 -0.140822 0.055099
v 0.466281 -0.140822 0.023338
v 0.467951 -0.082576 0.225859
v 0.482978 -0.082576 0.116092
v 0.358913 -0.082576 0.245487
v 0.306551 -0.082576 0.147853
v 0.383226 -0.082576 0.067881
v -0.040844 -0.415386 0.394715
v 0.089636 -0.315709 0.489513
v -0.090682 -0.315709 0.548103
v -0.202125 -0.315709 0.394715
v -0.090682 -0.315709 0.241328
v 0.089636 -0.315709 0.299917
v 0.008994 -0.154426 0.548103
v -0.171323 -0.154426 0.489513
v -0.171323 -0.154426 0.299917
v 0.008994 -0.154426 0.241328
v 0.120438 -0.154426 0.394715
v -0.040844 -0.054749 0.394715
v -0.069967 -0.387559 0.484347
v 0.035401 -0.387559 0.450110
v 0.006279 -0.329313 0.539742
v 0.111647 -0.329313 0.394715
v 0.035401 -0.387559 0.339320
v -0.135088 -0.387559 0.394715
v -0.164212 -0.329313 0.484347
v -0.069967 -0.387559 0.305084
v -0.164212 -0.329313 0.305084
v 0.006279 -0.329313 0.249689
v 0.129646 -0.235068 0.450110
v 0.129646 -0.235068 0.339320
v -0.040844 -0.235068 0.573979
v 0.064525 -0.235068 0.539743
v -0.211334 -0.235067 0.450110
v -0.146213 -0.235067 0.539743
v -0.146213 -0.235067 0.249688
v -0.211334 -0.235067 0.339320
v 0.064525 -0.235068 0.249688
v -0.040844 -0.235067 0.215452
v 0.082524 -0.140822 0.484347
v -0.087967 -0.140822 0.539742
v -0.193335 -0.140822 0.394715
v -0.087967 -0.140822 0.249689
v 0.082524 -0.140822 0.305084
v -0.011721 -0.082576 0.484347
v 0.053400 -0.082576 0.394715
v -0.117089 -0.082576 0.450110
v -0.117089 -0.082576 0.339321
v -0.011721 -0.082576 0.305084
v -0.040844 -0.415386 0.635116
v 0.089636 -0.315709 0.729914
v -0.090682 -0.315709 0.788503
v -0.202125 -0.315709 0.635116
v -0.090682 -0.315709 0.481728
v 0.089636 -0.315709 0.540318
v 0.008994 -0.154426 0.788503
v -0.171323 -0.154426 0.729914
v -0.171323 -0.154426 0.540318
v 0.008994 -0.154426 0.481728
v 0.120438 -0.154426 0.635116
v -0.040844 -0.054749 0.635116
v -0.069966 -0.387559 0.724747
v 0.035401 -0.387559 0.690511
v 0.006279 -0.329313 0.780142
v 0.111647 -0.329313 0.635116
v 0.035401 -0.387559 0.579721
v -0.135088 -0.387559 0.635116
v -0.164212 -0.329313 0.724747
v -0.069967 -0.387559 0.545484
v -0.164212 -0.329313 0.545484
v 0.006279 -0.329313 0.490089
v 0.129646 -0.235068 0.690511
v 0.129646 -0.235068 0.579721
v -0.040844 -0.235068 0.814380
v 0.064525 -0.235068 0.780143
v -0.211334 -0.235067 0.690511
v -0.146213 -0.235067 0.780143
v -0.146213 -0.235067 0.490088
v -0.211334 -0.235067 0.579721
v 0.064525 -0.235068 0.490088
v -0.040844 -0.235067 0.455852
v 0.082524 -0.140822 0.724747
v -0.087967 -0.140822 0.780142
v -0.193335 -0.140822 0.635116
v -0.087967 -0.140822 0.490089
v 0.082524 -0.140822 0.545484
v -0.011721 -0.082576 0.724747
v 0.053400 -0.082576 0.635116
v -0.117089 -0.082576 0.690511
v -0.117089 -0.082576 0.579721
v -0.011721 -0.082576 0.545484
v -0.585050 -0.415386 0.113449
v -0.738725 -0.315709 0.064504
v -0.585988 -0.315709 -0.047829
v -0.431954 -0.315709 0.062719
v -0.489494 -0.315709 0.243375
v -0.679089 -0.315709 0.244477
v -0.680605 -0.154426 -0.016477
v -0.491011 -0.154426 -0.017579
v -0.431375 -0.154426 0.162394
v -0.584111 -0.154426 0.274727
v -0.738145 -0.154426 0.164179
v -0.585050 -0.054749 0.113449
v -0.585598 -0.387559 0.019207
v -0.674849 -0.387559 0.084848
v -0.675398 -0.329313 -0.009395
v -0.729801 -0.329313 0.161414
v -0.640001 -0.387559 0.190014
v -0.495589 -0.387559 0.083805
v -0.496137 -0.329313 -0.010438
v -0.529213 -0.387559 0.189370
v -0.439751 -0.329313 0.159727
v -0.584164 -0.329313 0.265937
v -0.764311 -0.235068 0.114492
v -0.729463 -0.235068 0.219659
v -0.641436 -0.235068 -0.056716
v -0.730688 -0.235068 0.008926
v -0.440637 -0.235067 0.007239
v -0.530647 -0.235067 -0.057360
v -0.439412 -0.235067 0.217972
v -0.405789 -0.235067 0.112406
v -0.639453 -0.235068 0.284258
v -0.528664 -0.235067 0.283614
v -0.730349 -0.140822 0.067171
v -0.585936 -0.140822 -0.039039
v -0.440299 -0.140822 0.065484
v -0.494702 -0.140822 0.236292
v -0.673963 -0.140822 0.237335
v -0.640887 -0.082576 0.037527
v -0.674511 -0.082576 0.143093
v -0.530099 -0.082576 0.036883
v -0.495251 -0.082576 0.142050
v -0.584502 -0.082576 0.207691
v -0.509434 -0.415386 0.341647
v -0.663109 -0.315709 0.292702
v -0.510372 -0.315709 0.180369
v -0.356338 -0.315709 0.290917
v -0.413878 -0.315709 0.471573
v -0.603472 -0.315709 0.472675
v -0.604989 -0.154426 0.211721
v -0.415395 -0.154426 0.210619
v -0.355759 -0.154426 0.390592
v -0.508495 -0.154426 0.502925
v -0.662529 -0.154426 0.392377
v -0.509434 -0.054749 0.341647
v -0.509982 -0.387559 0.247405
v -0.599233 -0.387559 0.313046
v -0.599782 -0.329313 0.218803
v -0.654185 -0.329313 0.389612
v -0.564385 -0.387559 0.418213
v -0.419973 -0.387559 0.312003
v -0.420521 -0.329313 0.217761
v -0.453596 -0.387559 0.417569
v -0.364135 -0.329313 0.387925
v -0.508548 -0.329313 0.494135
v -0.688695 -0.235068 0.342690
v -0.653847 -0.235068 0.447857
v -0.565820 -0.235068 0.171482
v -0.655072 -0.235068 0.237124
v -0.365021 -0.235067 0.235437
v -0.455031 -0.235067 0.170838
v -0.363796 -0.235067 0.446170
v -0.330173 -0.235067 0.340604
v -0.563837 -0.235068 0.512456
v -0.453048 -0.235067 0.511812
v -0.654733 -0.140822 0.295369
v -0.510320 -0.140822 0.189159
v -0.364683 -0.140822 0.293682
v -0.419086 -0.140822 0.464491
v -0.598347 -0.140822 0.465534
v -0.565271 -0.082576 0.265726
v -0.598895 -0.082576 0.371291
v -0.454482 -0.082576 0.265082
v -0.419634 -0.082576 0.370248
v -0.508885 -0.082576 0.435889
v -0.549968 -0.415386 -0.431901
v -0.395305 -0.315709 -0.477627
v -0.458687 -0.315709 -0.298938
v -0.648217 -0.315709 -0.304000
v -0.701970 -0.315709 -0.485818
v -0.545662 -0.315709 -0.593125
v -0.397967 -0.154426 -0.377985
v -0.554276 -0.154426 -0.270678
v -0.704632 -0.154426 -0.386175
v -0.641250 -0.154426 -0.564865
v -0.451720 -0.154426 -0.559803
v -0.549968 -0.054749 -0.431901
v -0.496629 -0.387559 -0.354205
v -0.459592 -0.387559 -0.458621
v -0.406251 -0.329313 -0.380925
v -0.457075 -0.329313 -0.552832
v -0.547452 -0.387559 -0.526112
v -0.607380 -0.387559 -0.357163
v -0.554040 -0.329313 -0.279465
v -0.638790 -0.387559 -0.463408
v -0.696202 -0.329313 -0.388668
v -0.636274 -0.329313 -0.557618
v -0.402180 -0.235068 -0.533361
v -0.490040 -0.235068 -0.600852
v -0.407806 -0.235068 -0.322698
v -0.370769 -0.235068 -0.427115
v -0.609897 -0.235067 -0.262951
v -0.499145 -0.235067 -0.259993
v -0.729169 -0.235067 -0.436688
v -0.697758 -0.235067 -0.330442
v -0.600792 -0.235068 -0.603810
v -0.692131 -0.235067 -0.541105
v -0.403735 -0.140822 -0.475135
v -0.463664 -0.140822 -0.306185
v -0.642862 -0.140822 -0.310971
v -0.693686 -0.140822 -0.482879
v -0.545897 -0.140822 -0.584338
v -0.461147 -0.082576 -0.400396
v -0.492557 -0.082576 -0.506641
v -0.552485 -0.082576 -0.337691
v -0.640346 -0.082576 -0.405182
v -0.603309 -0.082576 -0.509598
v -0.359323 -0.415386 -0.285455
v -0.204659 -0.315709 -0.331181
v -0.268041 -0.315709 -0.152492
v -0.457572 -0.315709 -0.157553
v -0.511324 -0.315709 -0.339372
v -0.355016 -0.315709 -0.446679
v -0.207321 -0.154426 -0.231539
v -0.363630 -0.154426 -0.124232
v -0.513986 -0.154426 -0.239729
v -0.450604 -0.154426 -0.418419
v -0.261074 -0.154426 -0.413357
v -0.359323 -0.054749 -0.285455
v -0.305983 -0.387559 -0.207759
v -0.268946 -0.387559 -0.312175
v -0.215605 -0.329313 -0.234479
v -0.266429 -0.329313 -0.406386
v -0.356806 -0.387559 -0.379666
v -0.416734 -0.387559 -0.210716
v -0.363394 -0.329313 -0.133019
v -0.448144 -0.387559 -0.316961
v -0.505556 -0.329313 -0.242222
v -0.445628 -0.329313 -0.411172
v -0.211534 -0.235068 -0.386915
v -0.299394 -0.235068 -0.454406
v -0.217160 -0.235068 -0.176252
v -0.180123 -0.235068 -0.280669
v -0.419251 -0.235067 -0.116505
v -0.308499 -0.235067 -0.113547
v -0.538523 -0.235067 -0.290242
v -0.507112 -0.235067 -0.183996
v -0.410146 -0.235068 -0.457364
v -0.501485 -0.235067 -0.394659
v -0.213089 -0.140822 -0.328689
v -0.273018 -0.140822 -0.159738
v -0.452217 -0.140822 -0.164525
v -0.503040 -0.140822 -0.336432
v -0.355251 -0.140822 -0.437892
v -0.270501 -0.082576 -0.253949
v -0.301911 -0.082576 -0.360194
v -0.361840 -0.082576 -0.191245
v -0.449700 -0.082576 -0.258735
v -0.412663 -0.082576 -0.363152
v 0.483100 -0.415386 -0.265684
v 0.610909 -0.315709 -0.167315
v 0.429040 -0.315709 -0.113733
v 0.321880 -0.315709 -0.270143
v 0.437522 -0.315709 -0.420391
v 0.616151 -0.315709 -0.356839
v 0.528678 -0.154426 -0.110977
v 0.350049 -0.154426 -0.174530
v 0.355291 -0.154426 -0.364053
v 0.537160 -0.154426 -0.417635
v 0.644320 -0.154426 -0.261225
v 0.483100 -0.054749 -0.265684
v 0.451511 -0.387559 -0.176892
v 0.557785 -0.387559 -0.208203
v 0.526195 -0.329313 -0.119410
v 0.635532 -0.329313 -0.261468
v 0.560848 -0.387559 -0.318950
v 0.388892 -0.387559 -0.268290
v 0.357302 -0.329313 -0.179498
v 0.456467 -0.387559 -0.356086
v 0.362258 -0.329313 -0.358692
v 0.534214 -0.329313 -0.409353
v 0.651994 -0.235068 -0.205597
v 0.655057 -0.235068 -0.316345
v 0.478144 -0.235068 -0.086489
v 0.584419 -0.235068 -0.117799
v 0.311143 -0.235067 -0.215024
v 0.373762 -0.235068 -0.123625
v 0.381781 -0.235068 -0.413569
v 0.314206 -0.235067 -0.325772
v 0.592438 -0.235068 -0.407743
v 0.488056 -0.235068 -0.444880
v 0.603942 -0.140822 -0.172676
v 0.431986 -0.140822 -0.122016
v 0.330668 -0.140822 -0.269900
v 0.440005 -0.140822 -0.411958
v 0.608898 -0.140822 -0.351871
v 0.509733 -0.082576 -0.175282
v 0.577308 -0.082576 -0.263079
v 0.405352 -0.082576 -0.212419
v 0.408415 -0.082576 -0.323166
v 0.514690 -0.082576 -0.354476
v 0.489746 -0.415386 -0.505993
v 0.617555 -0.315709 -0.407623
v 0.435687 -0.315709 -0.354042
v 0.328527 -0.315709 -0.510451
v 0.444168 -0.315709 -0.660699
v 0.622797 -0.315709 -0.597147
v 0.535325 -0.154426 -0.351286
v 0.356696 -0.154426 -0.414838
v 0.361938 -0.154426 -0.604362
v 0.543806 -0.154426 -0.657943
v 0.650966 -0.154426 -0.501534
v 0.489746 -0.054749 -0.505993
v 0.458157 -0.387559 -0.417201
v 0.564431 -0.387559 -0.448511
v 0.532842 -0.329313 -0.359719
v 0.642179 -0.329313 -0.501777
v 0.567494 -0.387559 -0.559258
v 0.395538 -0.387559 -0.508598
v 0.363948 -0.329313 -0.419806
v 0.463113 -0.387559 -0.596395
v 0.368904 -0.329313 -0.599001
v 0.540861 -0.329313 -0.649661
v 0.658640 -0.235068 -0.445905
v 0.661703 -0.235068 -0.556653
v 0.484790 -0.235068 -0.326797
v 0.591065 -0.235068 -0.358108
v 0.317790 -0.235067 -0.455332
v 0.380408 -0.235068 -0.363934
v 0.388427 -0.235068 -0.653878
v 0.320853 -0.235067 -0.566080
v 0.599084 -0.235068 -0.648052
v 0.494702 -0.235068 -0.685188
v 0.610589 -0.140822 -0.412985
v 0.438632 -0.140822 -0.362324
v 0.337314 -0.140822 -0.510208
v 0.446651 -0.140822 -0.652267
v 0.615545 -0.140822 -0.592179
v 0.516380 -0.082576 -0.415591
v 0.583955 -0.082576 -0.503387
v 0.411999 -0.082576 -0.452727
v 0.415062 -0.082576 -0.563474
v 0.521336 -0.082576 -0.594784
v 0.084578 -0.415386 -0.631526
v 0.194816 -0.315709 -0.738538
v 0.231201 -0.315709 -0.564345
v 0.065994 -0.315709 -0.471318
v -0.073531 -0.315709 -0.599694
v 0.005446 -0.315709 -0.772060
v 0.243723 -0.154426 -0.651682
v 0.163709 -0.154426 -0.490992
v -0.024624 -0.154426 -0.512839
v -0.062045 -0.154426 -0.698706
v 0.103162 -0.154426 -0.791733
v 0.084578 -0.054749 -0.631526
v 0.170256 -0.387559 -0.592269
v 0.148389 -0.387559 -0.700880
v 0.234853 -0.329313 -0.652779
v 0.102149 -0.329313 -0.783001
v 0.038338 -0.387559 -0.713646
v 0.073718 -0.387559 -0.537909
v 0.159397 -0.329313 -0.498652
v -0.007812 -0.387559 -0.612925
v -0.018672 -0.329313 -0.519308
v -0.054053 -0.329313 -0.695046
v 0.160034 -0.235068 -0.785653
v 0.049197 -0.235068 -0.807264
v 0.263432 -0.235068 -0.602025
v 0.247172 -0.235068 -0.647462
v 0.119958 -0.235067 -0.455788
v 0.216498 -0.235067 -0.510147
v -0.071625 -0.235067 -0.543570
v 0.009906 -0.235067 -0.468554
v -0.047342 -0.235068 -0.752904
v -0.093492 -0.235067 -0.652182
v 0.188613 -0.140822 -0.734899
v 0.223209 -0.140822 -0.568005
v 0.067006 -0.140822 -0.480051
v -0.064913 -0.140822 -0.601428
v 0.009759 -0.140822 -0.764400
v 0.176968 -0.082576 -0.650126
v 0.095438 -0.082576 -0.725142
v 0.130818 -0.082576 -0.549405
v 0.020766 -0.082576 -0.562171
v -0.001101 -0.082576 -0.670782
v -0.154221 -0.415386 -0.659227
v -0.045019 -0.315709 -0.777914
v -0.007598 -0.315709 -0.592046
v -0.172805 -0.315709 -0.499020
v -0.312330 -0.315709 -0.627396
v -0.233352 -0.315709 -0.799761
v 0.003887 -0.154426 -0.691058
v -0.075090 -0.154426 -0.518693
v -0.263423 -0.154426 -0.540540
v -0.300844 -0.154426 -0.726408
v -0.135637 -0.154426 -0.819434
v -0.154221 -0.054749 -0.659227
v -0.068543 -0.387559 -0.619970
v -0.090410 -0.387559 -0.728581
v -0.004730 -0.329313 -0.689324
v -0.136650 -0.329313 -0.810702
v -0.200461 -0.387559 -0.741348
v -0.165081 -0.387559 -0.565610
v -0.079402 -0.329313 -0.526353
v -0.246611 -0.387559 -0.640627
v -0.257471 -0.329313 -0.547009
v -0.292852 -0.329313 -0.722747
v -0.079550 -0.235068 -0.822198
v -0.189602 -0.235068 -0.834965
v 0.023849 -0.235068 -0.638570
v 0.001982 -0.235068 -0.747182
v -0.118841 -0.235067 -0.483489
v -0.022301 -0.235067 -0.537849
v -0.310424 -0.235067 -0.571271
v -0.228893 -0.235067 -0.496256
v -0.286141 -0.235068 -0.780605
v -0.332291 -0.235067 -0.679883
v -0.050971 -0.140822 -0.771445
v -0.015590 -0.140822 -0.595707
v -0.171793 -0.140822 -0.507752
v -0.303712 -0.140822 -0.629130
v -0.229040 -0.140822 -0.792101
v -0.061831 -0.082576 -0.677827
v -0.143361 -0.082576 -0.752844
v -0.107981 -0.082576 -0.577106
v -0.218033 -0.082576 -0.589873
v -0.239900 -0.082576 -0.698484
v 0.067825 -0.355860 -0.181704
v 0.121728 -0.270467 -0.054483
v -0.036513 -0.270467 -0.091125
v -0.050563 -0.270467 -0.252945
v 0.098996 -0.270467 -0.316311
v 0.205476 -0.270467 -0.193654
v 0.036653 -0.132296 -0.047097
v -0.069827 -0.132296 -0.169753
v 0.013921 -0.132296 -0.308925
v 0.172162 -0.132296 -0.272282
v 0.186212 -0.132297 -0.110462
v 0.067824 -0.046903 -0.181704
v 0.006855 -0.332021 -0.128775
v 0.099323 -0.332021 -0.107363
v 0.038353 -0.282122 -0.054433
v 0.179759 -0.282122 -0.114346
v 0.148261 -0.332021 -0.188687
v -0.001355 -0.332021 -0.223333
v -0.062324 -0.282122 -0.170404
v 0.086039 -0.332021 -0.260361
v 0.016860 -0.282122 -0.301991
v 0.166476 -0.282122 -0.267344
v 0.168502 -0.201382 -0.065733
v 0.217440 -0.201382 -0.147057
v -0.011360 -0.201382 -0.050117
v 0.081108 -0.201382 -0.028704
v -0.081792 -0.201382 -0.216350
v -0.073582 -0.201382 -0.121791
v 0.054541 -0.201382 -0.334703
v -0.032853 -0.201382 -0.297675
v 0.209231 -0.201382 -0.241616
v 0.147009 -0.201382 -0.313291
v 0.118789 -0.120642 -0.061417
v -0.030827 -0.120642 -0.096063
v -0.044110 -0.120642 -0.249062
v 0.097296 -0.120642 -0.308974
v 0.197973 -0.120642 -0.193003
v 0.049610 -0.070742 -0.103047
v 0.137004 -0.070743 -0.140074
v -0.012612 -0.070742 -0.174721
v 0.036326 -0.070742 -0.256045
v 0.128793 -0.070742 -0.234633
v -0.038365 -0.355860 -0.005240
v 0.015538 -0.270467 0.121981
v -0.142702 -0.270467 0.085338
v -0.156752 -0.270467 -0.076481
v -0.007194 -0.270467 -0.139847
v 0.099286 -0.270467 -0.017190
v -0.069536 -0.132296 0.129367
v -0.176016 -0.132296 0.006710
v -0.092268 -0.132296 -0.132461
v 0.065972 -0.132296 -0.095818
v 0.080022 -0.132297 0.066001
v -0.038365 -0.046903 -0.005240
v -0.099334 -0.332021 0.047689
v -0.006867 -0.332021 0.069101
v -0.067836 -0.282122 0.122031
v 0.073569 -0.282122 0.062118
v 0.042071 -0.332021 -0.012223
v -0.107544 -0.332021 -0.046870
v -0.168514 -0.282122 0.006059
v -0.020150 -0.332021 -0.083897
v -0.089330 -0.282122 -0.125527
v 0.060286 -0.282122 -0.090881
v 0.062313 -0.201382 0.110731
v 0.111251 -0.201382 0.029407
v -0.117549 -0.201382 0.126347
v -0.025082 -0.201382 0.147759
v -0.187981 -0.201382 -0.039887
v -0.179771 -0.201382 0.054673
v -0.051649 -0.201382 -0.158239
v -0.139043 -0.201382 -0.121211
v 0.103041 -0.201382 -0.065153
v 0.040819 -0.201382 -0.136827
v 0.012600 -0.120642 0.115047
v -0.137016 -0.120642 0.080400
v -0.150300 -0.120642 -0.072598
v -0.008894 -0.120642 -0.132511
v 0.091784 -0.120642 -0.016539
v -0.056580 -0.070742 0.073417
v 0.030814 -0.070743 0.036390
v -0.118801 -0.070742 0.001743
v -0.069863 -0.070742 -0.079581
v 0.022604 -0.070742 -0.058169
v 0.521760 -0.409208 0.418129
v 0.647312 -0.354424 0.390801
v 0.583410 -0.325764 0.511659
v 0.667492 -0.325763 0.349049
v 0.572297 -0.354424 0.250928
v 0.472677 -0.409208 0.394407
v 0.402775 -0.325763 0.481942
v 0.480071 -0.409208 0.340396
v 0.375219 -0.325763 0.300965
v 0.538824 -0.325764 0.218833
v 0.688180 -0.279390 0.368884
v 0.652708 -0.190746 0.266925
v 0.570938 -0.279390 0.537464
v 0.656946 -0.190745 0.472222
v 0.374379 -0.279389 0.478055
v 0.463006 -0.190745 0.539693
v 0.370141 -0.279390 0.272758
v 0.338908 -0.190745 0.376096
v 0.564081 -0.279390 0.205288
v 0.456149 -0.190745 0.207516
v 0.651868 -0.144372 0.444015
v 0.488264 -0.144371 0.526147
v 0.359596 -0.144372 0.395931
v 0.443677 -0.144371 0.233321
v 0.624313 -0.144372 0.263038
v 0.611001 -0.115711 0.465932
v 0.554411 -0.060927 0.350573
v 0.454791 -0.115711 0.494052
v 0.379775 -0.115711 0.354179
v 0.489622 -0.115711 0.239610
v 0.537465 -0.354424 0.505370
v 0.559488 -0.409208 0.378779
v 0.655529 -0.325763 0.436441
v 0.618242 -0.325763 0.257217
v 0.533723 -0.409208 0.330738
v 0.394559 -0.354423 0.436303
v 0.496598 -0.325763 0.527287
v 0.416087 -0.354424 0.279048
v 0.361086 -0.325763 0.404209
v 0.436266 -0.325764 0.237295
v 0.678474 -0.190746 0.314967
v 0.613164 -0.279390 0.229010
v 0.619217 -0.190745 0.511572
v 0.680786 -0.279390 0.422896
v 0.413923 -0.190745 0.515970
v 0.517285 -0.279390 0.547123
v 0.346301 -0.190745 0.322084
v 0.348614 -0.279389 0.430013
v 0.509802 -0.190745 0.197857
v 0.407870 -0.279390 0.233408
v 0.666002 -0.144372 0.340771
v 0.590821 -0.144371 0.507685
v 0.408846 -0.144372 0.487763
v 0.371559 -0.144371 0.308539
v 0.530490 -0.144372 0.217693
v 0.547017 -0.060927 0.404584
v 0.632529 -0.115712 0.308677
v 0.493364 -0.060927 0.414242
v 0.467599 -0.060927 0.366201
v 0.505328 -0.060927 0.326851
v 0.548912 -0.075661 0.299311
v 0.590697 -0.104964 0.276901
v 0.540512 -0.104964 0.252647
v 0.454875 -0.075661 0.316240
v 0.446475 -0.104964 0.269575
v 0.407899 -0.104964 0.309809
v 0.441916 -0.075661 0.410904
v 0.394940 -0.104964 0.404474
v 0.421284 -0.104964 0.453594
v 0.527943 -0.075661 0.452482
v 0.507311 -0.104964 0.495172
v 0.562168 -0.104964 0.485297
v 0.594071 -0.075661 0.383514
v 0.628295 -0.104964 0.416328
v 0.635856 -0.104964 0.361104
v 0.612556 -0.186243 0.231674
v 0.591404 -0.233658 0.211393
v 0.562371 -0.186243 0.207419
v 0.410215 -0.186243 0.234809
v 0.384391 -0.233658 0.248659
v 0.371639 -0.186243 0.275043
v 0.350671 -0.186243 0.428216
v 0.355863 -0.233658 0.457056
v 0.377015 -0.186243 0.477336
v 0.516211 -0.186243 0.544611
v 0.545244 -0.233658 0.548585
v 0.571068 -0.186243 0.534736
v 0.678065 -0.186243 0.423141
v 0.690816 -0.233658 0.396757
v 0.685625 -0.186243 0.367917
v 0.481843 -0.236477 0.196395
v 0.510877 -0.283892 0.200369
v 0.456019 -0.283892 0.210244
v 0.336271 -0.236477 0.348223
v 0.349023 -0.283892 0.321839
v 0.341463 -0.283892 0.377063
v 0.435683 -0.236477 0.533587
v 0.414531 -0.283892 0.513306
v 0.464717 -0.283892 0.537561
v 0.642696 -0.236477 0.496321
v 0.616872 -0.283892 0.510171
v 0.655448 -0.283892 0.469937
v 0.671225 -0.236477 0.287924
v 0.676416 -0.283892 0.316765
v 0.650073 -0.283892 0.267644
v 0.519777 -0.365171 0.249808
v 0.499144 -0.394474 0.292498
v 0.464920 -0.365171 0.259683
v 0.398792 -0.365171 0.328652
v 0.433017 -0.394474 0.361466
v 0.391232 -0.365170 0.383876
v 0.436391 -0.365170 0.468079
v 0.478175 -0.394474 0.445669
v 0.486576 -0.365171 0.492334
v 0.605804 -0.365171 0.291386
v 0.632147 -0.365171 0.340506
v 0.585171 -0.394474 0.334076
v 0.580613 -0.365171 0.475405
v 0.572212 -0.394474 0.428740
v 0.619188 -0.365171 0.435171
v 0.408140 -0.409208 0.206274
v 0.533692 -0.354424 0.178946
v 0.469790 -0.325764 0.299804
v 0.553872 -0.325763 0.137193
v 0.458677 -0.354424 0.039072
v 0.359057 -0.409208 0.182552
v 0.289155 -0.325763 0.270086
v 0.366451 -0.409208 0.128540
v 0.261600 -0.325763 0.089109
v 0.425204 -0.325764 0.006978
v 0.574560 -0.279390 0.157028
v 0.539089 -0.190746 0.055069
v 0.457319 -0.279390 0.325609
v 0.543326 -0.190745 0.260366
v 0.260759 -0.279389 0.266199
v 0.349387 -0.190745 0.327837
v 0.256522 -0.279390 0.060902
v 0.225288 -0.190745 0.164240
v 0.450461 -0.279390 -0.006568
v 0.342529 -0.190745 -0.004340
v 0.538248 -0.144372 0.232159
v 0.374644 -0.144371 0.314291
v 0.245976 -0.144372 0.184075
v 0.330058 -0.144371 0.021465
v 0.510693 -0.144372 0.051182
v 0.497381 -0.115711 0.254076
v 0.440791 -0.060927 0.138717
v 0.341171 -0.115711 0.282197
v 0.266155 -0.115711 0.142323
v 0.376003 -0.115711 0.027754
v 0.423845 -0.354424 0.293514
v 0.445869 -0.409208 0.166924
v 0.541909 -0.325763 0.224585
v 0.504622 -0.325763 0.045361
v 0.420104 -0.409208 0.118882
v 0.280939 -0.354423 0.224447
v 0.382978 -0.325763 0.315432
v 0.302467 -0.354424 0.067192
v 0.247466 -0.325763 0.192353
v 0.322647 -0.325764 0.025440
v 0.564854 -0.190746 0.103111
v 0.499544 -0.279390 0.017154
v 0.505597 -0.190745 0.299716
v 0.567166 -0.279390 0.211040
v 0.300304 -0.190745 0.304114
v 0.403666 -0.279390 0.335267
v 0.232682 -0.190745 0.110229
v 0.234994 -0.279389 0.218158
v 0.396182 -0.190745 -0.013999
v 0.294251 -0.279390 0.021552
v 0.552382 -0.144372 0.128916
v 0.477201 -0.144371 0.295829
v 0.295226 -0.144372 0.275907
v 0.257939 -0.144371 0.096683
v 0.416870 -0.144372 0.005837
v 0.433397 -0.060927 0.192728
v 0.518909 -0.115712 0.096822
v 0.379744 -0.060927 0.202387
v 0.353979 -0.060927 0.154345
v 0.391708 -0.060927 0.114995
v 0.435292 -0.075661 0.087455
v 0.477077 -0.104964 0.065045
v 0.426892 -0.104964 0.040791
v 0.341256 -0.075661 0.104384
v 0.332855 -0.104964 0.057719
v 0.294279 -0.104964 0.097953
v 0.328297 -0.075661 0.199049
v 0.281320 -0.104964 0.192618
v 0.307664 -0.104964 0.241738
v 0.414324 -0.075661 0.240626
v 0.393691 -0.104964 0.283316
v 0.448548 -0.104964 0.273441
v 0.480451 -0.075661 0.171658
v 0.514676 -0.104964 0.204472
v 0.522236 -0.104964 0.149248
v 0.498937 -0.186243 0.019818
v 0.477784 -0.233658 -0.000463
v 0.448751 -0.186243 -0.004437
v 0.296596 -0.186243 0.022954
v 0.270771 -0.233658 0.036803
v 0.258020 -0.186243 0.063188
v 0.237051 -0.186243 0.216360
v 0.242243 -0.233658 0.245200
v 0.263395 -0.186243 0.265480
v 0.402591 -0.186243 0.332755
v 0.431624 -0.233658 0.336730
v 0.457448 -0.186243 0.322880
v 0.564445 -0.186243 0.211286
v 0.577197 -0.233658 0.184901
v 0.572005 -0.186243 0.156061
v 0.368224 -0.236477 -0.015461
v 0.397257 -0.283892 -0.011487
v 0.342400 -0.283892 -0.001611
v 0.222651 -0.236477 0.136367
v 0.235403 -0.283892 0.109983
v 0.227843 -0.283892 0.165207
v 0.322063 -0.236477 0.321731
v 0.300911 -0.283892 0.301451
v 0.351097 -0.283892 0.325706
v 0.529077 -0.236477 0.284465
v 0.503252 -0.283892 0.298315
v 0.541828 -0.283892 0.258081
v 0.557605 -0.236477 0.076069
v 0.562796 -0.283892 0.104909
v 0.536453 -0.283892 0.055789
v 0.406157 -0.365171 0.037952
v 0.385524 -0.394474 0.080642
v 0.351300 -0.365171 0.047827
v 0.285172 -0.365171 0.116796
v 0.319397 -0.394474 0.149611
v 0.277612 -0.365170 0.172020
v 0.322771 -0.365170 0.256223
v 0.364556 -0.394474 0.233813
v 0.372956 -0.365171 0.280478
v 0.492184 -0.365171 0.079530
v 0.518528 -0.365171 0.128650
v 0.471551 -0.394474 0.122220
v 0.466993 -0.365171 0.263549
v 0.458592 -0.394474 0.216885
v 0.505569 -0.365171 0.223315
v -0.055174 -0.409208 0.438819
v 0.068387 -0.354424 0.474075
v -0.045049 -0.325764 0.550381
v 0.105904 -0.325763 0.446818
v 0.068387 -0.354424 0.315355
v -0.087217 -0.409208 0.394715
v -0.190191 -0.325763 0.438819
v -0.055174 -0.409208 0.350612
v -0.128939 -0.325763 0.266307
v 0.054057 -0.325764 0.271252
v 0.114760 -0.279390 0.474075
v 0.131690 -0.190746 0.367458
v -0.068236 -0.279390 0.567227
v 0.038395 -0.190745 0.550381
v -0.213378 -0.279389 0.421973
v -0.164405 -0.190745 0.518179
v -0.120083 -0.279390 0.239049
v -0.196448 -0.190745 0.315355
v 0.082717 -0.279390 0.271251
v -0.013452 -0.190745 0.222203
v 0.047251 -0.144372 0.523123
v -0.135745 -0.144371 0.518179
v -0.187591 -0.144372 0.342613
v -0.036639 -0.144371 0.239050
v 0.108503 -0.144372 0.350612
v 0.000878 -0.115711 0.523123
v 0.005529 -0.060927 0.394715
v -0.150075 -0.115711 0.474075
v -0.150075 -0.115711 0.315356
v 0.000878 -0.115711 0.266308
v -0.082566 -0.354424 0.523123
v -0.003327 -0.409208 0.421973
v 0.054057 -0.325763 0.518179
v 0.105904 -0.325763 0.342613
v -0.003327 -0.409208 0.367458
v -0.175860 -0.354423 0.394715
v -0.128939 -0.325763 0.523123
v -0.082566 -0.354424 0.266308
v -0.190191 -0.325763 0.350612
v -0.045049 -0.325764 0.239050
v 0.131690 -0.190746 0.421973
v 0.114760 -0.279390 0.315355
v -0.013452 -0.190745 0.567227
v 0.082717 -0.279390 0.518179
v -0.196448 -0.190745 0.474075
v -0.120083 -0.279390 0.550381
v -0.164405 -0.190745 0.271251
v -0.213377 -0.279389 0.367458
v 0.038395 -0.190745 0.239049
v -0.068236 -0.279390 0.222203
v 0.108503 -0.144372 0.438819
v -0.036639 -0.144371 0.550381
v -0.187591 -0.144372 0.446818
v -0.135745 -0.144371 0.271252
v 0.047251 -0.144372 0.266307
v -0.026514 -0.060927 0.438819
v 0.094173 -0.115712 0.394715
v -0.078361 -0.060927 0.421973
v -0.078361 -0.060927 0.367458
v -0.026514 -0.060927 0.350612
v 0.024911 -0.075661 0.346941
v 0.072326 -0.104964 0.346941
v 0.039563 -0.104964 0.301848
v -0.065961 -0.075661 0.317416
v -0.051309 -0.104964 0.272322
v -0.104320 -0.104964 0.289546
v -0.122122 -0.075661 0.394715
v -0.160481 -0.104964 0.366846
v -0.160481 -0.104964 0.422585
v -0.065961 -0.075661 0.472015
v -0.104320 -0.104964 0.499885
v -0.051309 -0.104964 0.517109
v 0.024911 -0.075661 0.442489
v 0.039563 -0.104964 0.487583
v 0.072326 -0.104964 0.442489
v 0.112966 -0.186243 0.317415
v 0.103911 -0.233658 0.289546
v 0.080203 -0.186243 0.272321
v -0.066832 -0.186243 0.224547
v -0.096135 -0.233658 0.224547
v -0.119843 -0.186243 0.241771
v -0.210715 -0.186243 0.366846
v -0.219770 -0.233658 0.394715
v -0.210715 -0.186243 0.422585
v -0.119843 -0.186243 0.547659
v -0.096135 -0.233658 0.564884
v -0.066832 -0.186243 0.564884
v 0.080203 -0.186243 0.517110
v 0.103911 -0.233658 0.499885
v 0.112966 -0.186243 0.472015
v 0.014447 -0.236477 0.224547
v 0.038155 -0.283892 0.241771
v -0.014856 -0.283892 0.224547
v -0.185598 -0.236477 0.289546
v -0.161891 -0.283892 0.272321
v -0.194654 -0.283892 0.317415
v -0.185598 -0.236477 0.499885
v -0.194654 -0.283892 0.472015
v -0.161891 -0.283892 0.517110
v 0.014447 -0.236477 0.564884
v -0.014856 -0.283892 0.564884
v 0.038155 -0.283892 0.547659
v 0.138082 -0.236477 0.394715
v 0.129027 -0.283892 0.422585
v 0.129027 -0.283892 0.366846
v 0.022632 -0.365171 0.289546
v -0.015727 -0.394474 0.317416
v -0.030379 -0.365171 0.272322
v -0.121251 -0.365171 0.301848
v -0.106599 -0.394474 0.346941
v -0.154014 -0.365170 0.346941
v -0.154014 -0.365170 0.442489
v -0.106599 -0.394474 0.442489
v -0.121251 -0.365171 0.487583
v 0.078794 -0.365171 0.366846
v 0.078794 -0.365171 0.422585
v 0.040434 -0.394474 0.394715
v -0.030379 -0.365171 0.517109
v -0.015727 -0.394474 0.472015
v 0.022632 -0.365171 0.499885
v -0.055174 -0.409208 0.679219
v 0.068387 -0.354424 0.714476
v -0.045049 -0.325764 0.790781
v 0.105904 -0.325763 0.687218
v 0.068387 -0.354424 0.555756
v -0.087217 -0.409208 0.635116
v -0.190191 -0.325763 0.679219
v -0.055174 -0.409208 0.591012
v -0.128939 -0.325763 0.506708
v 0.054057 -0.325764 0.511652
v 0.114761 -0.279390 0.714476
v 0.131690 -0.190746 0.607858
v -0.068236 -0.279390 0.807628
v 0.038395 -0.190745 0.790781
v -0.213378 -0.279389 0.662373
v -0.164405 -0.190745 0.758579
v -0.120083 -0.279390 0.479450
v -0.196448 -0.190745 0.555756
v 0.082717 -0.279390 0.511652
v -0.013452 -0.190745 0.462604
v 0.047251 -0.144372 0.763524
v -0.135745 -0.144371 0.758579
v -0.187591 -0.144372 0.583013
v -0.036639 -0.144371 0.479450
v 0.108503 -0.144372 0.591012
v 0.000878 -0.115711 0.763524
v 0.005529 -0.060927 0.635116
v -0.150075 -0.115711 0.714476
v -0.150075 -0.115711 0.555756
v 0.000878 -0.115711 0.506708
v -0.082566 -0.354424 0.763523
v -0.003327 -0.409208 0.662373
v 0.054057 -0.325763 0.758579
v 0.105904 -0.325763 0.583013
v -0.003327 -0.409208 0.607858
v -0.175860 -0.354423 0.635116
v -0.128939 -0.325763 0.763524
v -0.082566 -0.354424 0.506708
v -0.190191 -0.325763 0.591012
v -0.045049 -0.325764 0.479450
v 0.131690 -0.190746 0.662373
v 0.114760 -0.279390 0.555756
v -0.013452 -0.190745 0.807628
v 0.082717 -0.279390 0.758580
v -0.196448 -0.190745 0.714476
v -0.120083 -0.279390 0.790781
v -0.164405 -0.190745 0.511652
v -0.213377 -0.279389 0.607858
v 0.038395 -0.190745 0.479450
v -0.068236 -0.279390 0.462604
v 0.108503 -0.144372 0.679219
v -0.036639 -0.144371 0.790781
v -0.187591 -0.144372 0.687218
v -0.135745 -0.144371 0.511652
v 0.047251 -0.144372 0.506708
v -0.026514 -0.060927 0.679219
v 0.094173 -0.115712 0.635116
v -0.078361 -0.060927 0.662373
v -0.078361 -0.060927 0.607858
v -0.026514 -0.060927 0.591012
v 0.024911 -0.075661 0.587342
v 0.072326 -0.104964 0.587342
v 0.039563 -0.104964 0.542248
v -0.065961 -0.075661 0.557816
v -0.051309 -0.104964 0.512722
v -0.104320 -0.104964 0.529946
v -0.122122 -0.075661 0.635116
v -0.160481 -0.104964 0.607246
v -0.160481 -0.104964 0.662985
v -0.065961 -0.075661 0.712415
v -0.104320 -0.104964 0.740285
v -0.051309 -0.104964 0.757509
v 0.024911 -0.075661 0.682890
v 0.039563 -0.104964 0.727983
v 0.072326 -0.104964 0.682890
v 0.112966 -0.186243 0.557816
v 0.103911 -0.233658 0.529946
v 0.080203 -0.186243 0.512721
v -0.066832 -0.186243 0.464947
v -0.096135 -0.233658 0.464947
v -0.119843 -0.186243 0.482172
v -0.210715 -0.186243 0.607246
v -0.219770 -0.233658 0.635116
v -0.210715 -0.186243 0.662985
v -0.119843 -0.186243 0.788060
v -0.096135 -0.233658 0.805284
v -0.066832 -0.186243 0.805284
v 0.080203 -0.186243 0.757510
v 0.103911 -0.233658 0.740285
v 0.112966 -0.186243 0.712416
v 0.014447 -0.236477 0.464947
v 0.038155 -0.283892 0.482172
v -0.014856 -0.283892 0.464947
v -0.185598 -0.236477 0.529946
v -0.161891 -0.283892 0.512721
v -0.194654 -0.283892 0.557816
v -0.185598 -0.236477 0.740285
v -0.194654 -0.283892 0.712416
v -0.161891 -0.283892 0.757510
v 0.014447 -0.236477 0.805285
v -0.014856 -0.283892 0.805284
v 0.038155 -0.283892 0.788060
v 0.138083 -0.236477 0.635116
v 0.129027 -0.283892 0.662985
v 0.129027 -0.283892 0.607246
v 0.022632 -0.365171 0.529946
v -0.015727 -0.394474 0.557816
v -0.030379 -0.365171 0.512722
v -0.121251 -0.365171 0.542248
v -0.106599 -0.394474 0.587342
v -0.154014 -0.365170 0.587342
v -0.154014 -0.365170 0.682890
v -0.106599 -0.394474 0.682890
v -0.121251 -0.365171 0.727983
v 0.078794 -0.365171 0.607246
v 0.078794 -0.365171 0.662985
v 0.040434 -0.394474 0.635116
v -0.030379 -0.365171 0.757509
v -0.015727 -0.394474 0.712415
v 0.022632 -0.365171 0.740285
v -0.585320 -0.409208 0.067077
v -0.713698 -0.354424 0.072475
v -0.630022 -0.325764 -0.035638
v -0.740737 -0.325763 0.110149
v -0.663774 -0.354424 0.223138
v -0.541030 -0.409208 0.098862
v -0.457156 -0.325763 0.024608
v -0.557575 -0.409208 0.150806
v -0.461036 -0.325763 0.207630
v -0.636299 -0.325764 0.260496
v -0.757718 -0.279390 0.087061
v -0.740253 -0.190746 0.193592
v -0.613311 -0.279390 -0.058923
v -0.709230 -0.190745 -0.009392
v -0.429847 -0.279389 0.033306
v -0.506595 -0.190745 -0.042614
v -0.460869 -0.279390 0.236290
v -0.412381 -0.190745 0.139837
v -0.663505 -0.279390 0.269511
v -0.556789 -0.190745 0.285821
v -0.709064 -0.144372 0.019268
v -0.533800 -0.144371 -0.033599
v -0.429362 -0.144372 0.116748
v -0.540078 -0.144371 0.262536
v -0.712944 -0.144372 0.202290
v -0.665044 -0.115711 0.004682
v -0.629069 -0.060927 0.128035
v -0.506325 -0.115711 0.003759
v -0.456401 -0.115711 0.154423
v -0.584264 -0.115711 0.248462
v -0.585836 -0.354424 -0.021565
v -0.629236 -0.409208 0.099376
v -0.713968 -0.325763 0.026102
v -0.707960 -0.325763 0.209065
v -0.612089 -0.409208 0.151123
v -0.456886 -0.354423 0.070980
v -0.541816 -0.325763 -0.036151
v -0.505056 -0.354424 0.222216
v -0.429411 -0.325763 0.108338
v -0.532095 -0.325764 0.259891
v -0.757400 -0.190746 0.141844
v -0.707794 -0.279390 0.237725
v -0.665314 -0.190745 -0.041691
v -0.741174 -0.279390 0.035117
v -0.462306 -0.190745 -0.010827
v -0.558796 -0.279390 -0.059240
v -0.428926 -0.190745 0.191781
v -0.412700 -0.279389 0.085053
v -0.611303 -0.190745 0.286138
v -0.504786 -0.279390 0.268589
v -0.740689 -0.144372 0.118560
v -0.638005 -0.144371 -0.032993
v -0.462139 -0.144372 0.017832
v -0.456131 -0.144371 0.200795
v -0.628284 -0.144372 0.263049
v -0.612525 -0.060927 0.076091
v -0.713213 -0.115712 0.155917
v -0.558011 -0.060927 0.075774
v -0.540864 -0.060927 0.127522
v -0.584780 -0.060927 0.159821
v -0.632441 -0.075661 0.179481
v -0.677449 -0.104964 0.194395
v -0.632165 -0.104964 0.226894
v -0.536894 -0.075661 0.178925
v -0.536618 -0.104964 0.226339
v -0.491716 -0.104964 0.193314
v -0.507897 -0.075661 0.087883
v -0.462719 -0.104964 0.102272
v -0.480251 -0.104964 0.049363
v -0.585522 -0.075661 0.032172
v -0.557876 -0.104964 -0.006348
v -0.613614 -0.104964 -0.006024
v -0.662495 -0.075661 0.088783
v -0.690587 -0.104964 0.050586
v -0.707503 -0.104964 0.103696
v -0.706738 -0.186243 0.235205
v -0.689377 -0.233658 0.258812
v -0.661455 -0.186243 0.267705
v -0.506856 -0.186243 0.266806
v -0.479040 -0.233658 0.257589
v -0.461953 -0.186243 0.233781
v -0.415035 -0.186243 0.086472
v -0.415205 -0.233658 0.057169
v -0.432567 -0.186243 0.033562
v -0.558168 -0.186243 -0.056581
v -0.586090 -0.233658 -0.065474
v -0.613906 -0.186243 -0.056257
v -0.738451 -0.186243 0.035341
v -0.755537 -0.233658 0.059149
v -0.755367 -0.186243 0.088452
v -0.584009 -0.236477 0.292372
v -0.611931 -0.283892 0.283478
v -0.556193 -0.283892 0.283154
v -0.414562 -0.236477 0.167749
v -0.431649 -0.283892 0.191556
v -0.414733 -0.283892 0.138446
v -0.480723 -0.236477 -0.031914
v -0.463361 -0.283892 -0.008307
v -0.508645 -0.283892 -0.040807
v -0.691060 -0.236477 -0.030691
v -0.663244 -0.283892 -0.039908
v -0.708146 -0.283892 -0.006884
v -0.754895 -0.236477 0.169729
v -0.755065 -0.283892 0.140426
v -0.737532 -0.283892 0.193335
v -0.612224 -0.365171 0.233246
v -0.584578 -0.394474 0.194725
v -0.556486 -0.365171 0.232922
v -0.479513 -0.365171 0.176311
v -0.507605 -0.394474 0.138115
v -0.462597 -0.365170 0.123201
v -0.492651 -0.365170 0.032503
v -0.537659 -0.394474 0.047417
v -0.537935 -0.365171 0.000003
v -0.689849 -0.365171 0.177535
v -0.707381 -0.365171 0.124625
v -0.662203 -0.394474 0.139014
v -0.633482 -0.365171 0.000559
v -0.633206 -0.394474 0.047973
v -0.678384 -0.365171 0.033584
v -0.509704 -0.409208 0.295275
v -0.638082 -0.354424 0.300673
v -0.554406 -0.325764 0.192560
v -0.665121 -0.325763 0.338348
v -0.588158 -0.354424 0.451337
v -0.465414 -0.409208 0.327061
v -0.381540 -0.325763 0.252806
v -0.481959 -0.409208 0.379005
v -0.385420 -0.325763 0.435828
v -0.560683 -0.325764 0.488695
v -0.682102 -0.279390 0.315259
v -0.664636 -0.190746 0.421790
v -0.537695 -0.279390 0.169275
v -0.633614 -0.190745 0.218806
v -0.354231 -0.279389 0.261504
v -0.430979 -0.190745 0.185585
v -0.385253 -0.279390 0.464488
v -0.336765 -0.190745 0.368035
v -0.587888 -0.279390 0.497710
v -0.481173 -0.190745 0.514019
v -0.633447 -0.144372 0.247467
v -0.458184 -0.144371 0.194600
v -0.353746 -0.144372 0.344947
v -0.464462 -0.144371 0.490734
v -0.637328 -0.144372 0.430488
v -0.589427 -0.115711 0.232880
v -0.553453 -0.060927 0.356234
v -0.430709 -0.115711 0.231958
v -0.380785 -0.115711 0.382621
v -0.508648 -0.115711 0.476661
v -0.510219 -0.354424 0.206634
v -0.553620 -0.409208 0.327574
v -0.638352 -0.325763 0.254300
v -0.632344 -0.325763 0.437264
v -0.536473 -0.409208 0.379321
v -0.381270 -0.354423 0.299179
v -0.466200 -0.325763 0.192047
v -0.429440 -0.354424 0.450414
v -0.353795 -0.325763 0.336536
v -0.456479 -0.325764 0.488089
v -0.681784 -0.190746 0.370042
v -0.632178 -0.279390 0.465923
v -0.589697 -0.190745 0.186507
v -0.665558 -0.279390 0.263315
v -0.386689 -0.190745 0.217371
v -0.483180 -0.279390 0.168958
v -0.353309 -0.190745 0.419979
v -0.337084 -0.279389 0.313252
v -0.535687 -0.190745 0.514336
v -0.429170 -0.279390 0.496787
v -0.665072 -0.144372 0.346758
v -0.562388 -0.144371 0.195205
v -0.386523 -0.144372 0.246031
v -0.380515 -0.144371 0.428994
v -0.552668 -0.144372 0.491247
v -0.536909 -0.060927 0.304290
v -0.637597 -0.115712 0.384116
v -0.482395 -0.060927 0.303973
v -0.465248 -0.060927 0.355720
v -0.509164 -0.060927 0.388019
v -0.556825 -0.075661 0.407679
v -0.601833 -0.104964 0.422593
v -0.556549 -0.104964 0.455093
v -0.461278 -0.075661 0.407123
v -0.461002 -0.104964 0.454537
v -0.416099 -0.104964 0.421512
v -0.432281 -0.075661 0.316082
v -0.387102 -0.104964 0.330471
v -0.404635 -0.104964 0.277561
v -0.509906 -0.075661 0.260371
v -0.482260 -0.104964 0.221850
v -0.537998 -0.104964 0.222174
v -0.586879 -0.075661 0.316981
v -0.614971 -0.104964 0.278785
v -0.631887 -0.104964 0.331895
v -0.631122 -0.186243 0.463403
v -0.613760 -0.233658 0.487010
v -0.585838 -0.186243 0.495903
v -0.431240 -0.186243 0.495004
v -0.403424 -0.233658 0.485787
v -0.386337 -0.186243 0.461980
v -0.339419 -0.186243 0.314670
v -0.339589 -0.233658 0.285367
v -0.356951 -0.186243 0.261761
v -0.482552 -0.186243 0.171618
v -0.510474 -0.233658 0.162724
v -0.538290 -0.186243 0.171941
v -0.662835 -0.186243 0.263540
v -0.679921 -0.233658 0.287347
v -0.679751 -0.186243 0.316650
v -0.508393 -0.236477 0.520570
v -0.536315 -0.283892 0.511677
v -0.480577 -0.283892 0.511353
v -0.338946 -0.236477 0.395947
v -0.356033 -0.283892 0.419755
v -0.339117 -0.283892 0.366644
v -0.405107 -0.236477 0.196284
v -0.387745 -0.283892 0.219891
v -0.433029 -0.283892 0.187391
v -0.615444 -0.236477 0.197507
v -0.587628 -0.283892 0.188290
v -0.632530 -0.283892 0.221315
v -0.679278 -0.236477 0.397927
v -0.679448 -0.283892 0.368624
v -0.661916 -0.283892 0.421534
v -0.536608 -0.365171 0.461444
v -0.508962 -0.394474 0.422924
v -0.480870 -0.365171 0.461120
v -0.403897 -0.365171 0.404510
v -0.431989 -0.394474 0.366313
v -0.386981 -0.365170 0.351399
v -0.417035 -0.365170 0.260701
v -0.462043 -0.394474 0.275615
v -0.462319 -0.365171 0.228201
v -0.614233 -0.365171 0.405733
v -0.631765 -0.365171 0.352824
v -0.586586 -0.394474 0.367213
v -0.557866 -0.365171 0.228757
v -0.557590 -0.394474 0.276171
v -0.602768 -0.365171 0.261782
v -0.523723 -0.409208 -0.393671
v -0.420493 -0.354424 -0.470181
v -0.429082 -0.325764 -0.333739
v -0.419254 -0.325763 -0.516538
v -0.546363 -0.354424 -0.566869
v -0.578218 -0.409208 -0.395126
v -0.605971 -0.325763 -0.286598
v -0.593674 -0.409208 -0.447404
v -0.705466 -0.325763 -0.440262
v -0.590068 -0.325764 -0.582372
v -0.392243 -0.279390 -0.506957
v -0.466481 -0.190746 -0.585331
v -0.429847 -0.279390 -0.305088
v -0.378250 -0.190745 -0.399913
v -0.633456 -0.279389 -0.278472
v -0.527328 -0.190745 -0.258702
v -0.721688 -0.279390 -0.463890
v -0.707694 -0.190745 -0.356846
v -0.572609 -0.279390 -0.605101
v -0.670090 -0.190745 -0.558714
v -0.394471 -0.144372 -0.423541
v -0.509869 -0.144371 -0.281431
v -0.680683 -0.144372 -0.347265
v -0.670855 -0.144371 -0.530064
v -0.493966 -0.144372 -0.577205
v -0.422721 -0.115711 -0.386765
v -0.521719 -0.060927 -0.468677
v -0.553574 -0.115711 -0.296934
v -0.679444 -0.115711 -0.393622
v -0.626384 -0.115711 -0.543211
v -0.473553 -0.354424 -0.320592
v -0.505498 -0.409208 -0.445049
v -0.394246 -0.325763 -0.431950
v -0.501893 -0.325763 -0.580017
v -0.548730 -0.409208 -0.478258
v -0.632218 -0.354423 -0.324829
v -0.501802 -0.325763 -0.283816
v -0.677216 -0.354424 -0.477038
v -0.675923 -0.325763 -0.340331
v -0.675978 -0.325764 -0.523395
v -0.423249 -0.190746 -0.552122
v -0.518113 -0.279390 -0.603645
v -0.396474 -0.190745 -0.348534
v -0.376787 -0.279390 -0.454678
v -0.581824 -0.190745 -0.260158
v -0.474791 -0.279390 -0.274234
v -0.723150 -0.190745 -0.409125
v -0.676688 -0.279389 -0.311681
v -0.625147 -0.190745 -0.589569
v -0.703463 -0.279390 -0.515269
v -0.424014 -0.144372 -0.523472
v -0.423959 -0.144371 -0.340408
v -0.598045 -0.144372 -0.283786
v -0.705691 -0.144371 -0.431853
v -0.598135 -0.144372 -0.579987
v -0.506264 -0.060927 -0.416399
v -0.467720 -0.115712 -0.538974
v -0.551207 -0.060927 -0.385545
v -0.594439 -0.060927 -0.418754
v -0.576215 -0.060927 -0.470132
v -0.547798 -0.075661 -0.513151
v -0.518914 -0.104964 -0.550752
v -0.574634 -0.104964 -0.552240
v -0.626570 -0.075661 -0.459072
v -0.653406 -0.104964 -0.498161
v -0.672039 -0.104964 -0.445629
v -0.599481 -0.075661 -0.367445
v -0.644950 -0.104964 -0.354002
v -0.600748 -0.104964 -0.320048
v -0.503968 -0.075661 -0.364894
v -0.505234 -0.104964 -0.317496
v -0.459281 -0.104964 -0.349043
v -0.472026 -0.075661 -0.454945
v -0.427339 -0.104964 -0.439094
v -0.443142 -0.104964 -0.492547
v -0.517573 -0.186243 -0.600967
v -0.545191 -0.233658 -0.610764
v -0.573292 -0.186243 -0.602455
v -0.700749 -0.186243 -0.514955
v -0.718600 -0.233658 -0.491716
v -0.719383 -0.186243 -0.462423
v -0.675551 -0.186243 -0.314165
v -0.658966 -0.233658 -0.290007
v -0.631348 -0.186243 -0.280211
v -0.476803 -0.186243 -0.276083
v -0.448701 -0.233658 -0.284391
v -0.430850 -0.186243 -0.307630
v -0.379167 -0.186243 -0.453336
v -0.378384 -0.233658 -0.482630
v -0.394970 -0.186243 -0.506789
v -0.651236 -0.236477 -0.579412
v -0.623134 -0.283892 -0.587720
v -0.669087 -0.283892 -0.556173
v -0.721553 -0.236477 -0.381173
v -0.720770 -0.283892 -0.410467
v -0.704967 -0.283892 -0.357014
v -0.554746 -0.236477 -0.253039
v -0.582364 -0.283892 -0.262836
v -0.526645 -0.283892 -0.261347
v -0.381337 -0.236477 -0.372087
v -0.399188 -0.283892 -0.348848
v -0.380554 -0.283892 -0.401380
v -0.440971 -0.236477 -0.573796
v -0.424386 -0.283892 -0.549638
v -0.468589 -0.283892 -0.583592
v -0.594703 -0.365171 -0.546307
v -0.595969 -0.394474 -0.498909
v -0.640656 -0.365171 -0.514760
v -0.672598 -0.365171 -0.424709
v -0.627912 -0.394474 -0.408858
v -0.656796 -0.365170 -0.371256
v -0.581023 -0.365170 -0.313051
v -0.552139 -0.394474 -0.350652
v -0.525303 -0.365171 -0.311563
v -0.499189 -0.365171 -0.543755
v -0.454987 -0.365171 -0.509801
v -0.500456 -0.394474 -0.496358
v -0.446531 -0.365171 -0.365641
v -0.473367 -0.394474 -0.404731
v -0.427898 -0.365171 -0.418173
v -0.333077 -0.409208 -0.247224
v -0.229847 -0.354424 -0.323735
v -0.238436 -0.325764 -0.187293
v -0.228608 -0.325763 -0.370091
v -0.355717 -0.354424 -0.420423
v -0.387572 -0.409208 -0.248680
v -0.415326 -0.325763 -0.140151
v -0.403028 -0.409208 -0.300958
v -0.514820 -0.325763 -0.293816
v -0.399422 -0.325764 -0.435926
v -0.201597 -0.279390 -0.360511
v -0.275835 -0.190746 -0.438885
v -0.239201 -0.279390 -0.158642
v -0.187604 -0.190745 -0.253467
v -0.442810 -0.279389 -0.132026
v -0.336682 -0.190745 -0.112256
v -0.531042 -0.279390 -0.317444
v -0.517048 -0.190745 -0.210400
v -0.381963 -0.279390 -0.458655
v -0.479444 -0.190745 -0.412268
v -0.203825 -0.144372 -0.277095
v -0.319223 -0.144371 -0.134985
v -0.490037 -0.144372 -0.200819
v -0.480209 -0.144371 -0.383618
v -0.303320 -0.144372 -0.430759
v -0.232075 -0.115711 -0.240319
v -0.331073 -0.060927 -0.322231
v -0.362928 -0.115711 -0.150488
v -0.488798 -0.115711 -0.247176
v -0.435739 -0.115711 -0.396765
v -0.282907 -0.354424 -0.174146
v -0.314852 -0.409208 -0.298603
v -0.203600 -0.325763 -0.285504
v -0.311247 -0.325763 -0.433571
v -0.358084 -0.409208 -0.331812
v -0.441572 -0.354423 -0.178383
v -0.311156 -0.325763 -0.137370
v -0.486570 -0.354424 -0.330592
v -0.485277 -0.325763 -0.193885
v -0.485332 -0.325764 -0.376948
v -0.232603 -0.190746 -0.405676
v -0.327467 -0.279390 -0.457199
v -0.205828 -0.190745 -0.202088
v -0.186141 -0.279390 -0.308232
v -0.391178 -0.190745 -0.113711
v -0.284145 -0.279390 -0.127788
v -0.532504 -0.190745 -0.262678
v -0.486042 -0.279389 -0.165235
v -0.434501 -0.190745 -0.443122
v -0.512817 -0.279390 -0.368823
v -0.233369 -0.144372 -0.377026
v -0.233313 -0.144371 -0.193962
v -0.407399 -0.144372 -0.137340
v -0.515045 -0.144371 -0.285407
v -0.407489 -0.144372 -0.433541
v -0.315618 -0.060927 -0.269953
v -0.277074 -0.115712 -0.392528
v -0.360561 -0.060927 -0.239099
v -0.403793 -0.060927 -0.272308
v -0.385569 -0.060927 -0.323686
v -0.357153 -0.075661 -0.366704
v -0.328269 -0.104964 -0.404306
v -0.383988 -0.104964 -0.405794
v -0.435925 -0.075661 -0.312626
v -0.462760 -0.104964 -0.351715
v -0.481394 -0.104964 -0.299183
v -0.408835 -0.075661 -0.220999
v -0.454304 -0.104964 -0.207556
v -0.410102 -0.104964 -0.173601
v -0.313322 -0.075661 -0.218448
v -0.314588 -0.104964 -0.171050
v -0.268635 -0.104964 -0.202597
v -0.281380 -0.075661 -0.308499
v -0.236693 -0.104964 -0.292648
v -0.252496 -0.104964 -0.346100
v -0.326927 -0.186243 -0.454521
v -0.354545 -0.233658 -0.464317
v -0.382647 -0.186243 -0.456009
v -0.510103 -0.186243 -0.368509
v -0.527955 -0.233658 -0.345270
v -0.528737 -0.186243 -0.315976
v -0.484905 -0.186243 -0.167719
v -0.468320 -0.233658 -0.143560
v -0.440703 -0.186243 -0.133765
v -0.286157 -0.186243 -0.129636
v -0.258055 -0.233658 -0.137945
v -0.240204 -0.186243 -0.161184
v -0.188521 -0.186243 -0.306890
v -0.187738 -0.233658 -0.336184
v -0.204324 -0.186243 -0.360342
v -0.460590 -0.236477 -0.432966
v -0.432488 -0.283892 -0.441274
v -0.478441 -0.283892 -0.409727
v -0.530907 -0.236477 -0.234727
v -0.530124 -0.283892 -0.264021
v -0.514322 -0.283892 -0.210568
v -0.364101 -0.236477 -0.106593
v -0.391718 -0.283892 -0.116390
v -0.335999 -0.283892 -0.114901
v -0.190691 -0.236477 -0.225640
v -0.208542 -0.283892 -0.202402
v -0.189909 -0.283892 -0.254934
v -0.250325 -0.236477 -0.427350
v -0.233740 -0.283892 -0.403191
v -0.277943 -0.283892 -0.437146
v -0.404058 -0.365171 -0.399860
v -0.405324 -0.394474 -0.352463
v -0.450010 -0.365171 -0.368314
v -0.481952 -0.365171 -0.278262
v -0.437266 -0.394474 -0.262412
v -0.466150 -0.365170 -0.224810
v -0.390377 -0.365170 -0.166605
v -0.361493 -0.394474 -0.204206
v -0.334657 -0.365171 -0.165117
v -0.308544 -0.365171 -0.397309
v -0.264341 -0.365171 -0.363355
v -0.309810 -0.394474 -0.349912
v -0.255885 -0.365171 -0.219195
v -0.282721 -0.394474 -0.258285
v -0.237252 -0.365171 -0.271727
v 0.467556 -0.409208 -0.221994
v 0.590095 -0.354424 -0.183335
v 0.474593 -0.325764 -0.110194
v 0.628351 -0.325763 -0.209544
v 0.594483 -0.354424 -0.341994
v 0.436745 -0.409208 -0.266966
v 0.332591 -0.325763 -0.225727
v 0.469995 -0.409208 -0.310167
v 0.398588 -0.325763 -0.396479
v 0.581378 -0.325764 -0.386477
v 0.636451 -0.279390 -0.182053
v 0.656321 -0.190746 -0.288161
v 0.450949 -0.279390 -0.093995
v 0.558005 -0.190745 -0.107887
v 0.309879 -0.279389 -0.243207
v 0.356173 -0.190745 -0.145683
v 0.408195 -0.279390 -0.423481
v 0.329749 -0.190745 -0.349316
v 0.610027 -0.279390 -0.385685
v 0.515251 -0.190745 -0.437373
v 0.567612 -0.144372 -0.134890
v 0.384822 -0.144371 -0.144891
v 0.337849 -0.144372 -0.321824
v 0.491607 -0.144371 -0.421174
v 0.633609 -0.144372 -0.305642
v 0.521256 -0.115711 -0.136172
v 0.529456 -0.060927 -0.264402
v 0.371717 -0.115711 -0.189375
v 0.376105 -0.115711 -0.348034
v 0.528356 -0.115711 -0.392890
v 0.437844 -0.354424 -0.138479
v 0.519849 -0.409208 -0.237400
v 0.574551 -0.325763 -0.139644
v 0.631232 -0.325763 -0.313710
v 0.521356 -0.409208 -0.291894
v 0.348135 -0.354423 -0.269417
v 0.391488 -0.325763 -0.139761
v 0.444944 -0.354424 -0.395196
v 0.335030 -0.325763 -0.313900
v 0.483200 -0.325764 -0.421406
v 0.654814 -0.190746 -0.233667
v 0.640839 -0.279390 -0.340712
v 0.505712 -0.190745 -0.092481
v 0.603200 -0.279390 -0.138851
v 0.325361 -0.190745 -0.190656
v 0.399588 -0.279390 -0.112268
v 0.362999 -0.190745 -0.392517
v 0.311386 -0.279389 -0.297701
v 0.566612 -0.190745 -0.419100
v 0.460488 -0.279390 -0.438888
v 0.631170 -0.144372 -0.217469
v 0.483000 -0.144371 -0.109962
v 0.334968 -0.144372 -0.217659
v 0.391649 -0.144371 -0.391724
v 0.574712 -0.144372 -0.391608
v 0.496205 -0.060927 -0.221202
v 0.618065 -0.115712 -0.261951
v 0.444844 -0.060927 -0.239475
v 0.446351 -0.060927 -0.293968
v 0.498644 -0.060927 -0.309375
v 0.550151 -0.075661 -0.311622
v 0.597548 -0.104964 -0.310311
v 0.566044 -0.104964 -0.356293
v 0.460130 -0.075661 -0.343649
v 0.476023 -0.104964 -0.388320
v 0.422556 -0.104964 -0.372568
v 0.401853 -0.075661 -0.267931
v 0.364279 -0.104964 -0.296850
v 0.362738 -0.104964 -0.241133
v 0.455856 -0.075661 -0.189108
v 0.416741 -0.104964 -0.162310
v 0.469255 -0.104964 -0.143627
v 0.547509 -0.075661 -0.216111
v 0.560909 -0.104964 -0.170629
v 0.594906 -0.104964 -0.214800
v 0.638988 -0.186243 -0.338702
v 0.630707 -0.233658 -0.366812
v 0.607484 -0.186243 -0.384685
v 0.461827 -0.186243 -0.436506
v 0.432535 -0.233658 -0.437317
v 0.408360 -0.186243 -0.420754
v 0.314065 -0.186243 -0.298239
v 0.304242 -0.233658 -0.270631
v 0.312524 -0.186243 -0.242522
v 0.399903 -0.186243 -0.114983
v 0.423125 -0.233658 -0.097109
v 0.452418 -0.186243 -0.096299
v 0.600717 -0.186243 -0.139990
v 0.624892 -0.233658 -0.156553
v 0.634714 -0.186243 -0.184161
v 0.543075 -0.236477 -0.434259
v 0.566297 -0.283892 -0.416386
v 0.513782 -0.283892 -0.435069
v 0.341308 -0.236477 -0.374816
v 0.365483 -0.283892 -0.391378
v 0.331486 -0.283892 -0.347207
v 0.335493 -0.236477 -0.164557
v 0.327212 -0.283892 -0.192666
v 0.358716 -0.283892 -0.146683
v 0.533665 -0.236477 -0.094052
v 0.504373 -0.283892 -0.094862
v 0.557840 -0.283892 -0.110615
v 0.661958 -0.236477 -0.260737
v 0.652135 -0.283892 -0.233129
v 0.653676 -0.283892 -0.288847
v 0.549459 -0.365171 -0.369058
v 0.510344 -0.394474 -0.342260
v 0.496945 -0.365171 -0.387742
v 0.405291 -0.365171 -0.360739
v 0.418691 -0.394474 -0.315258
v 0.371294 -0.365170 -0.316569
v 0.368652 -0.365170 -0.221057
v 0.416049 -0.394474 -0.219746
v 0.400156 -0.365171 -0.175075
v 0.603462 -0.365171 -0.290235
v 0.601921 -0.365171 -0.234518
v 0.564347 -0.394474 -0.263437
v 0.490177 -0.365171 -0.143048
v 0.506070 -0.394474 -0.187720
v 0.543644 -0.365171 -0.158800
v 0.474203 -0.409208 -0.462302
v 0.596741 -0.354424 -0.423643
v 0.481240 -0.325764 -0.350503
v 0.634997 -0.325763 -0.449853
v 0.601129 -0.354424 -0.582302
v 0.443391 -0.409208 -0.507275
v 0.339238 -0.325763 -0.466035
v 0.476641 -0.409208 -0.550475
v 0.405235 -0.325763 -0.636787
v 0.588024 -0.325764 -0.626785
v 0.643097 -0.279390 -0.422361
v 0.662968 -0.190746 -0.528470
v 0.457596 -0.279390 -0.334304
v 0.564651 -0.190745 -0.348196
v 0.316525 -0.279389 -0.483516
v 0.362819 -0.190745 -0.385992
v 0.414841 -0.279390 -0.663790
v 0.336396 -0.190745 -0.589624
v 0.616674 -0.279390 -0.625993
v 0.521897 -0.190745 -0.677681
v 0.574258 -0.144372 -0.375198
v 0.391468 -0.144371 -0.385200
v 0.344495 -0.144372 -0.562132
v 0.498253 -0.144371 -0.661482
v 0.640255 -0.144372 -0.545950
v 0.527902 -0.115711 -0.376480
v 0.536102 -0.060927 -0.504710
v 0.378363 -0.115711 -0.429683
v 0.382752 -0.115711 -0.588342
v 0.535002 -0.115711 -0.633198
v 0.444491 -0.354424 -0.378787
v 0.526495 -0.409208 -0.477709
v 0.581198 -0.325763 -0.379952
v 0.637878 -0.325763 -0.554018
v 0.528002 -0.409208 -0.532202
v 0.354782 -0.354423 -0.509725
v 0.398135 -0.325763 -0.380069
v 0.451591 -0.354424 -0.635505
v 0.341676 -0.325763 -0.554208
v 0.489847 -0.325764 -0.661715
v 0.661461 -0.190746 -0.473976
v 0.647485 -0.279390 -0.581020
v 0.512358 -0.190745 -0.332789
v 0.609847 -0.279390 -0.379160
v 0.332008 -0.190745 -0.430965
v 0.406234 -0.279390 -0.352577
v 0.369646 -0.190745 -0.632825
v 0.318032 -0.279389 -0.538010
v 0.573259 -0.190745 -0.659408
v 0.467134 -0.279390 -0.679196
v 0.637817 -0.144372 -0.457777
v 0.489646 -0.144371 -0.350270
v 0.341614 -0.144372 -0.457967
v 0.398295 -0.144371 -0.632033
v 0.581358 -0.144372 -0.631916
v 0.502851 -0.060927 -0.461510
v 0.624711 -0.115712 -0.502260
v 0.451490 -0.060927 -0.479783
v 0.452998 -0.060927 -0.534277
v 0.505290 -0.060927 -0.549683
v 0.556797 -0.075661 -0.551930
v 0.604194 -0.104964 -0.550620
v 0.572690 -0.104964 -0.596602
v 0.466776 -0.075661 -0.583957
v 0.482669 -0.104964 -0.628629
v 0.429202 -0.104964 -0.612877
v 0.408499 -0.075661 -0.508240
v 0.370925 -0.104964 -0.537159
v 0.369384 -0.104964 -0.481442
v 0.462502 -0.075661 -0.429417
v 0.423387 -0.104964 -0.402618
v 0.475901 -0.104964 -0.383935
v 0.554156 -0.075661 -0.456419
v 0.567555 -0.104964 -0.410937
v 0.601552 -0.104964 -0.455108
v 0.645634 -0.186243 -0.579011
v 0.637353 -0.233658 -0.607120
v 0.614131 -0.186243 -0.624993
v 0.468473 -0.186243 -0.676815
v 0.439181 -0.233658 -0.677625
v 0.415006 -0.186243 -0.661062
v 0.320711 -0.186243 -0.538548
v 0.310888 -0.233658 -0.510939
v 0.319170 -0.186243 -0.482830
v 0.406549 -0.186243 -0.355291
v 0.429772 -0.233658 -0.337417
v 0.459064 -0.186243 -0.336608
v 0.607363 -0.186243 -0.380299
v 0.631538 -0.233658 -0.396861
v 0.641360 -0.186243 -0.424470
v 0.549721 -0.236477 -0.674568
v 0.572943 -0.283892 -0.656694
v 0.520429 -0.283892 -0.675378
v 0.347955 -0.236477 -0.615124
v 0.372130 -0.283892 -0.631687
v 0.338133 -0.283892 -0.587515
v 0.342140 -0.236477 -0.404865
v 0.333858 -0.283892 -0.432974
v 0.365362 -0.283892 -0.386992
v 0.540312 -0.236477 -0.334360
v 0.511020 -0.283892 -0.335171
v 0.564487 -0.283892 -0.350923
v 0.668604 -0.236477 -0.501046
v 0.658782 -0.283892 -0.473438
v 0.660323 -0.283892 -0.529155
v 0.556106 -0.365171 -0.609367
v 0.516991 -0.394474 -0.582568
v 0.503591 -0.365171 -0.628050
v 0.411937 -0.365171 -0.601048
v 0.425337 -0.394474 -0.555566
v 0.377940 -0.365170 -0.556877
v 0.375299 -0.365170 -0.461366
v 0.422695 -0.394474 -0.460055
v 0.406802 -0.365171 -0.415383
v 0.610108 -0.365171 -0.530544
v 0.608568 -0.365171 -0.474826
v 0.570994 -0.394474 -0.503746
v 0.496824 -0.365171 -0.383356
v 0.512716 -0.394474 -0.428028
v 0.550290 -0.365171 -0.399109
v 0.126736 -0.409208 -0.612209
v 0.176104 -0.354424 -0.729668
v 0.238805 -0.325764 -0.608479
v 0.153351 -0.325763 -0.770076
v 0.018333 -0.354424 -0.749173
v 0.079234 -0.409208 -0.585461
v 0.111179 -0.325763 -0.478092
v 0.039117 -0.409208 -0.622373
v -0.053126 -0.325763 -0.558813
v -0.027128 -0.325764 -0.740021
v 0.182558 -0.279390 -0.763218
v 0.077383 -0.190746 -0.806051
v 0.252867 -0.279390 -0.583505
v 0.252497 -0.190745 -0.645431
v 0.091773 -0.279389 -0.457000
v 0.192982 -0.190745 -0.494561
v -0.079182 -0.279390 -0.570752
v -0.012184 -0.190745 -0.486102
v -0.023826 -0.279390 -0.768491
v -0.083629 -0.190745 -0.678614
v 0.223500 -0.144372 -0.690507
v 0.196284 -0.144371 -0.523030
v 0.015913 -0.144372 -0.491759
v -0.069566 -0.144371 -0.653640
v 0.057977 -0.144372 -0.784959
v 0.217046 -0.115711 -0.656957
v 0.089921 -0.060927 -0.677590
v 0.150823 -0.115711 -0.513878
v -0.006840 -0.115711 -0.532167
v -0.038167 -0.115711 -0.687766
v 0.207323 -0.354424 -0.575285
v 0.115977 -0.409208 -0.665652
v 0.219373 -0.325763 -0.697837
v 0.049732 -0.325763 -0.783299
v 0.061825 -0.409208 -0.671933
v 0.069020 -0.354423 -0.497409
v 0.201979 -0.325763 -0.529221
v -0.047782 -0.354424 -0.604878
v 0.023559 -0.325763 -0.488256
v -0.070535 -0.325764 -0.645286
v 0.131617 -0.190746 -0.798836
v 0.023677 -0.279390 -0.795238
v 0.260316 -0.190745 -0.625125
v 0.225617 -0.279390 -0.693168
v 0.145479 -0.190745 -0.467813
v 0.230076 -0.279390 -0.534877
v -0.052302 -0.190745 -0.523014
v 0.037621 -0.279389 -0.463282
v -0.060920 -0.190745 -0.728174
v -0.089941 -0.279390 -0.624195
v 0.145680 -0.144372 -0.773862
v 0.239799 -0.144371 -0.616549
v 0.119424 -0.144372 -0.479752
v -0.048999 -0.144371 -0.551484
v -0.032824 -0.144372 -0.733830
v 0.130039 -0.060927 -0.640678
v 0.100136 -0.115712 -0.765643
v 0.107331 -0.060927 -0.591118
v 0.053179 -0.060927 -0.597400
v 0.042420 -0.060927 -0.650842
v 0.044699 -0.075661 -0.702348
v 0.050163 -0.104964 -0.749447
v 0.001594 -0.104964 -0.722098
v 0.004899 -0.075661 -0.615484
v -0.038206 -0.104964 -0.635234
v -0.027205 -0.104964 -0.580591
v 0.075212 -0.075661 -0.550789
v 0.043109 -0.104964 -0.515896
v 0.098476 -0.104964 -0.509474
v 0.158469 -0.075661 -0.597669
v 0.181732 -0.104964 -0.556354
v 0.204950 -0.104964 -0.607027
v 0.139611 -0.075661 -0.691338
v 0.186175 -0.104964 -0.699763
v 0.145131 -0.104964 -0.737794
v 0.025516 -0.186243 -0.793218
v -0.003211 -0.233658 -0.787435
v -0.023053 -0.186243 -0.765870
v -0.087452 -0.186243 -0.625320
v -0.090828 -0.233658 -0.596211
v -0.076450 -0.186243 -0.570677
v 0.037320 -0.186243 -0.465998
v 0.063960 -0.233658 -0.453791
v 0.092687 -0.186243 -0.459575
v 0.227400 -0.186243 -0.535429
v 0.247299 -0.233658 -0.556351
v 0.250701 -0.186243 -0.585170
v 0.224239 -0.186243 -0.691077
v 0.209861 -0.233658 -0.716612
v 0.180280 -0.186243 -0.761955
v -0.078086 -0.236477 -0.706057
v -0.058244 -0.283892 -0.727622
v -0.081463 -0.283892 -0.676949
v -0.036571 -0.236477 -0.499854
v -0.050949 -0.283892 -0.525388
v -0.009931 -0.283892 -0.487648
v 0.172367 -0.236477 -0.475617
v 0.143640 -0.283892 -0.469833
v 0.192209 -0.283892 -0.497182
v 0.264118 -0.236477 -0.620255
v 0.257801 -0.283892 -0.624284
v 0.249740 -0.283892 -0.645789
v 0.105253 -0.236477 -0.808617
v 0.131918 -0.283892 -0.796121
v 0.076468 -0.283892 -0.803476
v -0.012576 -0.365171 -0.706697
v 0.010687 -0.394474 -0.665382
v -0.035795 -0.365171 -0.656024
v -0.016937 -0.365171 -0.562355
v 0.029545 -0.394474 -0.571713
v 0.024082 -0.365170 -0.524614
v 0.118993 -0.365170 -0.513604
v 0.124457 -0.394474 -0.560703
v 0.167562 -0.365171 -0.540953
v 0.070680 -0.365171 -0.753578
v 0.126047 -0.365171 -0.747155
v 0.093944 -0.394474 -0.712262
v 0.207419 -0.365171 -0.627174
v 0.164257 -0.394474 -0.647568
v 0.196444 -0.365171 -0.681527
v -0.112063 -0.409208 -0.639910
v -0.062803 -0.354424 -0.758585
v -0.000077 -0.325764 -0.637113
v -0.085556 -0.325763 -0.798993
v -0.220466 -0.354424 -0.776874
v -0.159565 -0.409208 -0.613163
v -0.127621 -0.325763 -0.505793
v -0.199682 -0.409208 -0.650074
v -0.291925 -0.325763 -0.586515
v -0.265927 -0.325764 -0.767722
v -0.057459 -0.279390 -0.804650
v -0.161416 -0.190746 -0.833752
v 0.013985 -0.279390 -0.612139
v 0.009539 -0.190745 -0.720001
v -0.147026 -0.279389 -0.484702
v -0.045817 -0.190745 -0.522262
v -0.317981 -0.279390 -0.598453
v -0.250983 -0.190745 -0.513804
v -0.262625 -0.279390 -0.796192
v -0.322428 -0.190745 -0.706315
v -0.016517 -0.144372 -0.731939
v -0.042515 -0.144371 -0.550732
v -0.222886 -0.144372 -0.519461
v -0.308365 -0.144371 -0.681341
v -0.180822 -0.144372 -0.812661
v -0.021861 -0.115711 -0.685874
v -0.148878 -0.060927 -0.705291
v -0.087976 -0.115711 -0.541579
v -0.245639 -0.115711 -0.559868
v -0.276966 -0.115711 -0.715467
v -0.031476 -0.354424 -0.602987
v -0.122822 -0.409208 -0.693353
v -0.020644 -0.325763 -0.739269
v -0.189067 -0.325763 -0.811001
v -0.176974 -0.409208 -0.699635
v -0.169779 -0.354423 -0.525110
v -0.036820 -0.325763 -0.556922
v -0.286581 -0.354424 -0.632579
v -0.215240 -0.325763 -0.515957
v -0.309334 -0.325764 -0.672987
v -0.107264 -0.190746 -0.827470
v -0.215122 -0.279390 -0.822939
v 0.020298 -0.190745 -0.666558
v -0.017342 -0.279390 -0.767738
v -0.093320 -0.190745 -0.495514
v -0.008723 -0.279390 -0.562578
v -0.291100 -0.190745 -0.550716
v -0.201178 -0.279389 -0.490983
v -0.299719 -0.190745 -0.755875
v -0.328740 -0.279390 -0.651896
v -0.093202 -0.144372 -0.802497
v 0.000892 -0.144371 -0.645466
v -0.119375 -0.144372 -0.507453
v -0.287798 -0.144371 -0.579185
v -0.271623 -0.144372 -0.761532
v -0.108760 -0.060927 -0.668379
v -0.138663 -0.115712 -0.793344
v -0.131468 -0.060927 -0.618819
v -0.185620 -0.060927 -0.625101
v -0.196379 -0.060927 -0.678543
v -0.194100 -0.075661 -0.730049
v -0.188636 -0.104964 -0.777148
v -0.237205 -0.104964 -0.749800
v -0.233900 -0.075661 -0.643185
v -0.277005 -0.104964 -0.662935
v -0.266004 -0.104964 -0.608292
v -0.163587 -0.075661 -0.578490
v -0.195690 -0.104964 -0.543598
v -0.140323 -0.104964 -0.537175
v -0.080330 -0.075661 -0.625370
v -0.057067 -0.104964 -0.584055
v -0.033849 -0.104964 -0.634728
v -0.099188 -0.075661 -0.719039
v -0.052707 -0.104964 -0.728397
v -0.093725 -0.104964 -0.766138
v -0.213283 -0.186243 -0.820919
v -0.242010 -0.233658 -0.815136
v -0.261852 -0.186243 -0.793571
v -0.326251 -0.186243 -0.653021
v -0.329627 -0.233658 -0.623912
v -0.315249 -0.186243 -0.598378
v -0.201479 -0.186243 -0.493699
v -0.174839 -0.233658 -0.481492
v -0.146112 -0.186243 -0.487276
v -0.011399 -0.186243 -0.563131
v 0.008443 -0.233658 -0.584696
v 0.011819 -0.186243 -0.613804
v -0.018694 -0.186243 -0.765364
v -0.033072 -0.233658 -0.790899
v -0.059713 -0.186243 -0.803105
v -0.316885 -0.236477 -0.733758
v -0.297043 -0.283892 -0.755323
v -0.320261 -0.283892 -0.704650
v -0.275370 -0.236477 -0.527555
v -0.289748 -0.283892 -0.553090
v -0.248730 -0.283892 -0.515349
v -0.066432 -0.236477 -0.503318
v -0.095159 -0.283892 -0.497535
v -0.046590 -0.283892 -0.524883
v 0.021185 -0.236477 -0.694541
v 0.017808 -0.283892 -0.665433
v 0.006807 -0.283892 -0.720076
v -0.133603 -0.236477 -0.836961
v -0.106963 -0.283892 -0.824755
v -0.162331 -0.283892 -0.831177
v -0.251375 -0.365171 -0.734399
v -0.228112 -0.394474 -0.693083
v -0.274594 -0.365171 -0.683725
v -0.255736 -0.365171 -0.590057
v -0.209254 -0.394474 -0.599414
v -0.214717 -0.365170 -0.552316
v -0.119806 -0.365170 -0.541306
v -0.114342 -0.394474 -0.588405
v -0.071237 -0.365171 -0.568654
v -0.168119 -0.365171 -0.781279
v -0.112752 -0.365171 -0.774856
v -0.144855 -0.394474 -0.739964
v -0.031437 -0.365171 -0.655519
v -0.074542 -0.394474 -0.675269
v -0.042438 -0.365171 -0.710161
v 0.037824 -0.350568 -0.155660
v 0.112949 -0.303634 -0.075201
v -0.004023 -0.279081 -0.069296
v 0.152528 -0.279081 -0.078637
v 0.183059 -0.303634 -0.191708
v 0.033785 -0.350567 -0.202188
v -0.061283 -0.279081 -0.215299
v 0.076787 -0.350568 -0.220407
v 0.059879 -0.279081 -0.314874
v 0.192022 -0.279081 -0.230411
v 0.146989 -0.239353 -0.054717
v 0.206511 -0.163411 -0.125500
v -0.028484 -0.239353 -0.067172
v 0.057228 -0.163411 -0.032437
v -0.070862 -0.239352 -0.237907
v -0.077411 -0.163411 -0.145655
v 0.078421 -0.239353 -0.330970
v -0.011341 -0.163411 -0.308691
v 0.213060 -0.239353 -0.217752
v 0.164133 -0.163411 -0.296235
v 0.075770 -0.123683 -0.048533
v -0.056373 -0.123683 -0.132996
v -0.016879 -0.123683 -0.284770
v 0.139671 -0.123683 -0.294111
v 0.196932 -0.123683 -0.148108
v 0.041730 -0.099129 -0.069018
v 0.101864 -0.052196 -0.161220
v -0.047410 -0.099129 -0.171700
v 0.022700 -0.099129 -0.288206
v 0.155170 -0.099129 -0.257531
v -0.019521 -0.303634 -0.105876
v 0.083323 -0.350568 -0.145124
v 0.082949 -0.279081 -0.049157
v 0.198558 -0.279081 -0.155128
v 0.107403 -0.350568 -0.185140
v -0.031283 -0.303634 -0.241343
v -0.053561 -0.279081 -0.126360
v 0.093919 -0.303634 -0.294389
v -0.022321 -0.279081 -0.280047
v 0.133498 -0.279081 -0.297826
v 0.182431 -0.163411 -0.085484
v 0.217099 -0.239353 -0.171224
v 0.011729 -0.163411 -0.042973
v 0.103987 -0.239353 -0.036497
v -0.081450 -0.163411 -0.192184
v -0.059101 -0.239353 -0.102440
v 0.031662 -0.163411 -0.326911
v -0.046782 -0.239352 -0.277923
v 0.194750 -0.163411 -0.260967
v 0.123920 -0.239353 -0.320434
v 0.157970 -0.123683 -0.083360
v 0.002151 -0.123683 -0.065582
v -0.062909 -0.123683 -0.208279
v 0.052700 -0.123683 -0.314250
v 0.189210 -0.123683 -0.237047
v 0.058862 -0.052196 -0.143000
v 0.166932 -0.099130 -0.122064
v 0.028246 -0.052196 -0.178268
v 0.052326 -0.052196 -0.218283
v 0.097825 -0.052196 -0.207747
v 0.137194 -0.064818 -0.187726
v 0.171999 -0.089923 -0.166782
v 0.167868 -0.089923 -0.214355
v 0.083533 -0.064818 -0.249539
v 0.114206 -0.089923 -0.276168
v 0.067686 -0.089923 -0.286941
v 0.008163 -0.064818 -0.217606
v -0.007684 -0.089923 -0.255007
v -0.032305 -0.089923 -0.214093
v 0.015243 -0.064818 -0.136057
v -0.025225 -0.089923 -0.132544
v 0.006079 -0.089923 -0.096484
v 0.094989 -0.064818 -0.117590
v 0.085825 -0.089923 -0.078017
v 0.129793 -0.089923 -0.096646
v 0.214872 -0.159554 -0.170504
v 0.220536 -0.200175 -0.194962
v 0.210742 -0.159554 -0.218077
v 0.123915 -0.159554 -0.318094
v 0.102405 -0.200175 -0.331038
v 0.077394 -0.159554 -0.328866
v -0.044557 -0.159554 -0.277196
v -0.063515 -0.200175 -0.260739
v -0.069178 -0.159554 -0.236282
v -0.057722 -0.159554 -0.104332
v -0.047928 -0.200175 -0.081216
v -0.026418 -0.159554 -0.068272
v 0.102614 -0.159554 -0.038393
v 0.127625 -0.200175 -0.040564
v 0.146582 -0.159554 -0.057022
v 0.183577 -0.202589 -0.282191
v 0.193371 -0.243210 -0.259075
v 0.162067 -0.243210 -0.295135
v 0.008024 -0.202589 -0.322843
v 0.033035 -0.243210 -0.325015
v -0.010933 -0.243209 -0.306386
v -0.084887 -0.202589 -0.168446
v -0.079223 -0.243209 -0.192903
v -0.075093 -0.243210 -0.145330
v 0.033244 -0.202589 -0.032370
v 0.011734 -0.243210 -0.045314
v 0.058254 -0.243210 -0.034541
v 0.199164 -0.202589 -0.102668
v 0.180206 -0.243210 -0.086211
v 0.204827 -0.243210 -0.127126
v 0.160874 -0.312841 -0.230864
v 0.120406 -0.337946 -0.227350
v 0.129570 -0.312841 -0.266923
v 0.049824 -0.312841 -0.285390
v 0.040660 -0.337945 -0.245817
v 0.005856 -0.312841 -0.266761
v -0.036350 -0.312841 -0.196625
v -0.001545 -0.337945 -0.175681
v -0.032219 -0.312841 -0.149052
v 0.167954 -0.312841 -0.149314
v 0.143333 -0.312841 -0.108400
v 0.127486 -0.337945 -0.145801
v 0.021443 -0.312841 -0.087239
v 0.052116 -0.337946 -0.113868
v 0.067963 -0.312841 -0.076467
v -0.068365 -0.350568 0.020804
v 0.006760 -0.303634 0.101263
v -0.110212 -0.279081 0.107167
v 0.046339 -0.279081 0.097827
v 0.076869 -0.303634 -0.015244
v -0.072405 -0.350567 -0.025724
v -0.167473 -0.279081 -0.038836
v -0.029402 -0.350568 -0.043944
v -0.046310 -0.279081 -0.138410
v 0.085832 -0.279081 -0.053948
v 0.040800 -0.239353 0.121747
v 0.100322 -0.163411 0.050963
v -0.134674 -0.239353 0.109291
v -0.048961 -0.163411 0.144026
v -0.177052 -0.239352 -0.061443
v -0.183600 -0.163411 0.030808
v -0.027769 -0.239353 -0.154507
v -0.117530 -0.163411 -0.132227
v 0.106870 -0.239353 -0.041288
v 0.057944 -0.163411 -0.119771
v -0.030420 -0.123683 0.127930
v -0.162562 -0.123683 0.043468
v -0.123069 -0.123683 -0.108307
v 0.033482 -0.123683 -0.117647
v 0.090743 -0.123683 0.028356
v -0.064460 -0.099129 0.107446
v -0.004325 -0.052196 0.015244
v -0.153600 -0.099129 0.004764
v -0.083490 -0.099129 -0.111743
v 0.048981 -0.099129 -0.081067
v -0.125711 -0.303634 0.070587
v -0.022866 -0.350568 0.031340
v -0.023240 -0.279081 0.127307
v 0.092368 -0.279081 0.021336
v 0.001214 -0.350568 -0.008676
v -0.137473 -0.303634 -0.064879
v -0.159751 -0.279081 0.050103
v -0.012270 -0.303634 -0.117926
v -0.128510 -0.279081 -0.103583
v 0.027309 -0.279081 -0.121362
v 0.076242 -0.163411 0.090979
v 0.110910 -0.239353 0.005240
v -0.094460 -0.163411 0.133490
v -0.002203 -0.239353 0.139967
v -0.187640 -0.163411 -0.015720
v -0.165290 -0.239353 0.074024
v -0.074528 -0.163411 -0.150447
v -0.152972 -0.239352 -0.101459
v 0.088560 -0.163411 -0.084504
v 0.017730 -0.239353 -0.143970
v 0.051780 -0.123683 0.093103
v -0.104039 -0.123683 0.110882
v -0.169098 -0.123683 -0.031816
v -0.053490 -0.123683 -0.137787
v 0.083021 -0.123683 -0.060583
v -0.047328 -0.052196 0.033463
v 0.060742 -0.099130 0.054399
v -0.077944 -0.052196 -0.001804
v -0.053864 -0.052196 -0.041820
v -0.008365 -0.052196 -0.031284
v 0.031005 -0.064818 -0.011263
v 0.065809 -0.089923 0.009681
v 0.061679 -0.089923 -0.037891
v -0.022657 -0.064818 -0.073076
v 0.008017 -0.089923 -0.099705
v -0.038504 -0.089923 -0.110477
v -0.098027 -0.064818 -0.041142
v -0.113873 -0.089923 -0.078543
v -0.138494 -0.089923 -0.037629
v -0.090947 -0.064818 0.040407
v -0.131414 -0.089923 0.043920
v -0.100111 -0.089923 0.079979
v -0.011201 -0.064818 0.058873
v -0.020364 -0.089923 0.098446
v 0.023604 -0.089923 0.079818
v 0.108682 -0.159554 0.005959
v 0.114346 -0.200175 -0.018498
v 0.104552 -0.159554 -0.041614
v 0.017726 -0.159554 -0.141630
v -0.003784 -0.200175 -0.154574
v -0.028795 -0.159554 -0.152402
v -0.150747 -0.159554 -0.100732
v -0.169704 -0.200175 -0.084275
v -0.175367 -0.159554 -0.059818
v -0.163912 -0.159554 0.072132
v -0.154118 -0.200175 0.095248
v -0.132608 -0.159554 0.108191
v -0.003576 -0.159554 0.138071
v 0.021435 -0.200175 0.135900
v 0.040393 -0.159554 0.119442
v 0.077388 -0.202589 -0.105727
v 0.087182 -0.243210 -0.082612
v 0.055878 -0.243210 -0.118671
v -0.098165 -0.202589 -0.146380
v -0.073154 -0.243210 -0.148551
v -0.117123 -0.243209 -0.129922
v -0.191076 -0.202589 0.008018
v -0.185413 -0.243209 -0.016439
v -0.181282 -0.243210 0.031134
v -0.072946 -0.202589 0.144094
v -0.094456 -0.243210 0.131150
v -0.047935 -0.243210 0.141922
v 0.092974 -0.202589 0.073795
v 0.074017 -0.243210 0.090252
v 0.098637 -0.243210 0.049338
v 0.054684 -0.312841 -0.054400
v 0.014216 -0.337946 -0.050887
v 0.023380 -0.312841 -0.090459
v -0.056366 -0.312841 -0.108926
v -0.065529 -0.337945 -0.069354
v -0.100334 -0.312841 -0.090298
v -0.142539 -0.312841 -0.020161
v -0.107735 -0.337945 0.000783
v -0.138409 -0.312841 0.027411
v 0.061764 -0.312841 0.027149
v 0.037143 -0.312841 0.068063
v 0.021297 -0.337945 0.030662
v -0.084747 -0.312841 0.089225
v -0.054073 -0.337946 0.062596
v -0.038226 -0.312841 0.099997
v 0.552339 -0.407242 0.409687
v 0.651136 -0.350959 0.359439
v 0.490156 -0.407242 0.420881
v 0.460294 -0.407242 0.365200
v 0.504022 -0.407242 0.319594
v 0.680409 -0.297211 0.343739
v 0.592452 -0.297211 0.522304
v 0.395445 -0.297211 0.493830
v 0.361648 -0.297211 0.297668
v 0.537766 -0.297211 0.204907
v 0.689932 -0.263993 0.396636
v 0.545086 -0.263993 0.547707
v 0.356649 -0.263993 0.456634
v 0.385036 -0.263993 0.249277
v 0.591016 -0.263993 0.212197
v 0.632529 -0.119176 0.442806
v 0.483437 -0.119176 0.507380
v 0.375952 -0.119176 0.385541
v 0.458613 -0.119176 0.245666
v 0.617187 -0.119177 0.281057
v 0.536932 -0.062893 0.324099
v 0.560784 -0.092960 0.274748
v 0.520797 -0.119176 0.234471
v 0.474748 -0.062893 0.335293
v 0.435183 -0.092960 0.297359
v 0.384521 -0.119176 0.322942
v 0.466179 -0.062893 0.397892
v 0.417875 -0.092960 0.423798
v 0.426550 -0.119176 0.479886
v 0.523066 -0.062893 0.425386
v 0.532777 -0.092960 0.479331
v 0.588800 -0.119176 0.488413
v 0.566794 -0.062893 0.379780
v 0.621100 -0.092960 0.387214
v 0.647049 -0.119177 0.336738
v 0.631642 -0.172924 0.251150
v 0.589980 -0.201520 0.214340
v 0.535252 -0.172924 0.204563
v 0.434636 -0.172924 0.222676
v 0.386754 -0.201520 0.250924
v 0.360544 -0.172924 0.299953
v 0.346678 -0.172924 0.401241
v 0.358747 -0.201520 0.455509
v 0.397276 -0.172924 0.495586
v 0.489322 -0.172924 0.540073
v 0.544664 -0.201520 0.545364
v 0.594686 -0.172924 0.521106
v 0.665440 -0.172924 0.447312
v 0.687573 -0.201520 0.396313
v 0.679960 -0.172924 0.341243
v 0.482001 -0.206141 0.197273
v 0.482424 -0.268615 0.199616
v 0.432401 -0.297211 0.223874
v 0.337156 -0.206141 0.348344
v 0.339514 -0.268614 0.348667
v 0.347127 -0.297211 0.403737
v 0.436072 -0.206141 0.532783
v 0.437108 -0.268614 0.530640
v 0.491836 -0.297211 0.540417
v 0.642052 -0.206141 0.495703
v 0.640334 -0.268615 0.494056
v 0.666544 -0.297211 0.445027
v 0.670438 -0.206142 0.288346
v 0.668340 -0.268614 0.289471
v 0.629811 -0.297211 0.249394
v 0.543651 -0.350959 0.237600
v 0.494311 -0.377175 0.265649
v 0.438287 -0.350959 0.256567
v 0.394559 -0.350959 0.302174
v 0.405988 -0.377174 0.357766
v 0.380038 -0.350958 0.408242
v 0.409900 -0.350958 0.463923
v 0.466304 -0.377174 0.470232
v 0.506291 -0.350959 0.510509
v 0.600538 -0.350959 0.265094
v 0.609213 -0.377174 0.321182
v 0.560909 -0.407242 0.347088
v 0.568475 -0.350959 0.499314
v 0.591904 -0.377175 0.447621
v 0.642566 -0.350959 0.422038
v 0.438720 -0.407242 0.197831
v 0.537516 -0.350959 0.147583
v 0.376536 -0.407242 0.209025
v 0.346674 -0.407242 0.153345
v 0.390402 -0.407242 0.107738
v 0.566790 -0.297211 0.131883
v 0.478832 -0.297211 0.310448
v 0.281825 -0.297211 0.281975
v 0.248028 -0.297211 0.085813
v 0.424146 -0.297211 -0.006948
v 0.576312 -0.263993 0.184780
v 0.431466 -0.263993 0.335851
v 0.243030 -0.263993 0.244778
v 0.271416 -0.263993 0.037421
v 0.477396 -0.263993 0.000341
v 0.518909 -0.119176 0.230951
v 0.369817 -0.119176 0.295525
v 0.262332 -0.119176 0.173686
v 0.344993 -0.119176 0.033810
v 0.503568 -0.119177 0.069201
v 0.423312 -0.062893 0.112243
v 0.447164 -0.092960 0.062893
v 0.407177 -0.119176 0.022615
v 0.361128 -0.062893 0.123438
v 0.321564 -0.092960 0.085503
v 0.270901 -0.119176 0.111086
v 0.352559 -0.062893 0.186037
v 0.304255 -0.092960 0.211942
v 0.312930 -0.119176 0.268030
v 0.409446 -0.062893 0.213531
v 0.419157 -0.092960 0.267476
v 0.475181 -0.119176 0.276558
v 0.453174 -0.062893 0.167924
v 0.507480 -0.092960 0.175358
v 0.533430 -0.119177 0.124882
v 0.518023 -0.172924 0.039294
v 0.476360 -0.201520 0.002484
v 0.421632 -0.172924 -0.007293
v 0.321016 -0.172924 0.010820
v 0.273134 -0.201520 0.039069
v 0.246924 -0.172924 0.088097
v 0.233058 -0.172924 0.189385
v 0.245128 -0.201520 0.243653
v 0.283656 -0.172924 0.283730
v 0.375702 -0.172924 0.328217
v 0.431044 -0.201520 0.333508
v 0.481066 -0.172924 0.309250
v 0.551820 -0.172924 0.235456
v 0.573954 -0.201520 0.184458
v 0.566340 -0.172924 0.129387
v 0.368382 -0.206141 -0.014582
v 0.368804 -0.268615 -0.012240
v 0.318782 -0.297211 0.012019
v 0.223536 -0.206141 0.136488
v 0.225894 -0.268614 0.136811
v 0.233508 -0.297211 0.191881
v 0.322452 -0.206141 0.320927
v 0.323488 -0.268614 0.318784
v 0.378216 -0.297211 0.328561
v 0.528432 -0.206141 0.283848
v 0.526714 -0.268615 0.282200
v 0.552924 -0.297211 0.233172
v 0.556818 -0.206142 0.076491
v 0.554720 -0.268614 0.077616
v 0.516192 -0.297211 0.037538
v 0.430031 -0.350959 0.025744
v 0.380691 -0.377175 0.053793
v 0.324667 -0.350959 0.044711
v 0.280939 -0.350959 0.090318
v 0.292368 -0.377174 0.145911
v 0.266418 -0.350958 0.196386
v 0.296280 -0.350958 0.252067
v 0.352684 -0.377174 0.258376
v 0.392671 -0.350959 0.298653
v 0.486918 -0.350959 0.053238
v 0.495593 -0.377174 0.109326
v 0.447289 -0.407242 0.135232
v 0.454855 -0.350959 0.287459
v 0.478284 -0.377175 0.235765
v 0.528947 -0.350959 0.210182
v -0.024235 -0.407242 0.445831
v 0.086579 -0.350959 0.448244
v -0.084326 -0.407242 0.426307
v -0.084326 -0.407242 0.363124
v -0.024235 -0.407242 0.343599
v 0.119797 -0.297211 0.448244
v -0.042112 -0.297211 0.564035
v -0.202269 -0.297211 0.445831
v -0.139341 -0.297211 0.256988
v 0.059706 -0.297211 0.258479
v 0.103188 -0.263993 0.499360
v -0.095859 -0.263993 0.564035
v -0.218877 -0.263993 0.394715
v -0.095859 -0.263993 0.225396
v 0.103188 -0.263993 0.290071
v 0.030780 -0.119176 0.512918
v -0.131129 -0.119176 0.499360
v -0.168267 -0.119176 0.341187
v -0.029312 -0.119176 0.256988
v 0.093707 -0.119177 0.363124
v 0.002638 -0.062893 0.363124
v 0.046982 -0.092960 0.330906
v 0.030780 -0.119176 0.276513
v -0.057453 -0.062893 0.343599
v -0.074391 -0.092960 0.291470
v -0.131129 -0.119176 0.290071
v -0.094591 -0.062893 0.394715
v -0.149403 -0.092960 0.394715
v -0.168267 -0.119176 0.448244
v -0.057453 -0.062893 0.445831
v -0.074391 -0.092960 0.497961
v -0.029312 -0.119176 0.532443
v 0.002638 -0.062893 0.426307
v 0.046982 -0.092960 0.458525
v 0.093707 -0.119177 0.426307
v 0.120581 -0.172924 0.343599
v 0.101262 -0.201520 0.291470
v 0.057653 -0.172924 0.256988
v -0.039576 -0.172924 0.225396
v -0.095124 -0.201520 0.227660
v -0.141394 -0.172924 0.258479
v -0.201485 -0.172924 0.341187
v -0.216497 -0.201520 0.394715
v -0.201485 -0.172924 0.448244
v -0.141394 -0.172924 0.530952
v -0.095124 -0.201520 0.561771
v -0.039576 -0.172924 0.564035
v 0.057653 -0.172924 0.532443
v 0.101262 -0.201520 0.497961
v 0.120581 -0.172924 0.445831
v 0.014171 -0.206141 0.225396
v 0.013436 -0.268615 0.227660
v -0.042112 -0.297211 0.225396
v -0.184876 -0.206141 0.290071
v -0.182950 -0.268614 0.291470
v -0.202268 -0.297211 0.343599
v -0.184876 -0.206141 0.499360
v -0.182950 -0.268614 0.497961
v -0.139341 -0.297211 0.532443
v 0.014171 -0.206141 0.564035
v 0.013436 -0.268615 0.561771
v 0.059706 -0.297211 0.530952
v 0.137190 -0.206142 0.394715
v 0.134809 -0.268614 0.394715
v 0.119797 -0.297211 0.341187
v 0.049441 -0.350959 0.290071
v -0.007297 -0.377175 0.291470
v -0.052376 -0.350959 0.256988
v -0.112467 -0.350959 0.276513
v -0.128670 -0.377174 0.330906
v -0.175395 -0.350958 0.363124
v -0.175395 -0.350958 0.426307
v -0.128670 -0.377174 0.458525
v -0.112467 -0.350959 0.512918
v 0.086579 -0.350959 0.341187
v 0.067715 -0.377174 0.394715
v 0.012903 -0.407242 0.394715
v -0.052376 -0.350959 0.532443
v -0.007297 -0.377175 0.497961
v 0.049441 -0.350959 0.499360
v -0.024235 -0.407242 0.686231
v 0.086579 -0.350959 0.688644
v -0.084326 -0.407242 0.666707
v -0.084326 -0.407242 0.603524
v -0.024235 -0.407242 0.584000
v 0.119797 -0.297211 0.688644
v -0.042112 -0.297211 0.804435
v -0.202269 -0.297211 0.686232
v -0.139341 -0.297211 0.497388
v 0.059706 -0.297211 0.498879
v 0.103188 -0.263993 0.739760
v -0.095859 -0.263993 0.804435
v -0.218877 -0.263993 0.635116
v -0.095859 -0.263993 0.465796
v 0.103188 -0.263993 0.530471
v 0.030780 -0.119176 0.753318
v -0.131129 -0.119176 0.739760
v -0.168267 -0.119176 0.581587
v -0.029312 -0.119176 0.497388
v 0.093707 -0.119177 0.603524
v 0.002638 -0.062893 0.603524
v 0.046982 -0.092960 0.571306
v 0.030780 -0.119176 0.516913
v -0.057453 -0.062893 0.584000
v -0.074391 -0.092960 0.531870
v -0.131129 -0.119176 0.530471
v -0.094591 -0.062893 0.635116
v -0.149403 -0.092960 0.635116
v -0.168267 -0.119176 0.688644
v -0.057453 -0.062893 0.686232
v -0.074391 -0.092960 0.738361
v -0.029312 -0.119176 0.772843
v 0.002638 -0.062893 0.666707
v 0.046982 -0.092960 0.698925
v 0.093707 -0.119177 0.666707
v 0.120581 -0.172924 0.584000
v 0.101263 -0.201520 0.531870
v 0.057653 -0.172924 0.497388
v -0.039576 -0.172924 0.465796
v -0.095124 -0.201520 0.468060
v -0.141394 -0.172924 0.498879
v -0.201485 -0.172924 0.581587
v -0.216497 -0.201520 0.635116
v -0.201485 -0.172924 0.688644
v -0.141394 -0.172924 0.771352
v -0.095124 -0.201520 0.802171
v -0.039576 -0.172924 0.804435
v 0.057653 -0.172924 0.772843
v 0.101263 -0.201520 0.738361
v 0.120581 -0.172924 0.686232
v 0.014171 -0.206141 0.465796
v 0.013436 -0.268615 0.468060
v -0.042112 -0.297211 0.465796
v -0.184876 -0.206141 0.530471
v -0.182950 -0.268614 0.531870
v -0.202268 -0.297211 0.584000
v -0.184876 -0.206141 0.739760
v -0.182950 -0.268614 0.738361
v -0.139341 -0.297211 0.772843
v 0.014171 -0.206141 0.804435
v 0.013436 -0.268615 0.802171
v 0.059706 -0.297211 0.771352
v 0.137190 -0.206142 0.635116
v 0.134809 -0.268614 0.635116
v 0.119797 -0.297211 0.581587
v 0.049441 -0.350959 0.530471
v -0.007297 -0.377175 0.531870
v -0.052376 -0.350959 0.497388
v -0.112467 -0.350959 0.516913
v -0.128670 -0.377174 0.571306
v -0.175395 -0.350958 0.603524
v -0.175395 -0.350958 0.666707
v -0.128670 -0.377174 0.698925
v -0.112467 -0.350959 0.753318
v 0.086579 -0.350959 0.581587
v 0.067715 -0.377174 0.635116
v 0.012903 -0.407242 0.635116
v -0.052376 -0.350959 0.772843
v -0.007297 -0.377175 0.738361
v 0.049441 -0.350959 0.739760
v -0.616894 -0.407242 0.070152
v -0.722842 -0.350959 0.102718
v -0.553712 -0.407242 0.069784
v -0.533838 -0.407242 0.129760
v -0.584738 -0.407242 0.167194
v -0.754374 -0.297211 0.113166
v -0.637105 -0.297211 -0.047675
v -0.447897 -0.297211 0.014152
v -0.448231 -0.297211 0.213204
v -0.637644 -0.297211 0.274398
v -0.754687 -0.263993 0.059420
v -0.586085 -0.263993 -0.064581
v -0.416053 -0.263993 0.057450
v -0.479569 -0.263993 0.256870
v -0.688856 -0.263993 0.258086
v -0.690218 -0.119176 0.023774
v -0.532262 -0.119176 -0.014283
v -0.447257 -0.119176 0.124180
v -0.552676 -0.119176 0.247813
v -0.702834 -0.119177 0.185759
v -0.616388 -0.062893 0.157114
v -0.648347 -0.092960 0.201644
v -0.615858 -0.119176 0.248181
v -0.553206 -0.062893 0.156746
v -0.520730 -0.092960 0.200902
v -0.466432 -0.119176 0.184383
v -0.534031 -0.062893 0.096543
v -0.482001 -0.092960 0.079302
v -0.480931 -0.119176 0.022557
v -0.585362 -0.062893 0.059703
v -0.585680 -0.092960 0.004892
v -0.639318 -0.119176 -0.013661
v -0.636262 -0.062893 0.097138
v -0.688489 -0.092960 0.080503
v -0.722708 -0.119177 0.125783
v -0.722203 -0.172924 0.212745
v -0.687468 -0.201520 0.256153
v -0.635226 -0.172924 0.275168
v -0.532995 -0.172924 0.274573
v -0.480979 -0.201520 0.254952
v -0.446751 -0.172924 0.211143
v -0.415726 -0.172924 0.113732
v -0.418312 -0.201520 0.058198
v -0.449400 -0.172924 0.012109
v -0.532456 -0.172924 -0.047500
v -0.586071 -0.201520 -0.062201
v -0.639511 -0.172924 -0.046878
v -0.721869 -0.172924 0.013693
v -0.752418 -0.201520 0.060142
v -0.754359 -0.172924 0.115702
v -0.584014 -0.206141 0.291479
v -0.584029 -0.268615 0.289099
v -0.530588 -0.297211 0.273775
v -0.415413 -0.206141 0.167478
v -0.417681 -0.268614 0.166756
v -0.415740 -0.297211 0.111196
v -0.481243 -0.206141 -0.031189
v -0.482631 -0.268614 -0.029255
v -0.534873 -0.297211 -0.048270
v -0.690531 -0.206141 -0.029972
v -0.689121 -0.268615 -0.028054
v -0.723348 -0.297211 0.015755
v -0.754047 -0.206142 0.169448
v -0.751787 -0.268614 0.168699
v -0.720700 -0.297211 0.214789
v -0.637837 -0.350959 0.241180
v -0.584419 -0.377175 0.222006
v -0.530782 -0.350959 0.240558
v -0.479882 -0.350959 0.203123
v -0.481611 -0.377174 0.146394
v -0.447391 -0.350958 0.101115
v -0.467265 -0.350958 0.041139
v -0.521752 -0.377174 0.025253
v -0.554242 -0.350959 -0.021283
v -0.689168 -0.350959 0.204340
v -0.688099 -0.377174 0.147595
v -0.636069 -0.407242 0.130355
v -0.617424 -0.350959 -0.020915
v -0.649369 -0.377175 0.025996
v -0.703668 -0.350959 0.042514
v -0.541278 -0.407242 0.298350
v -0.647226 -0.350959 0.330916
v -0.478096 -0.407242 0.297982
v -0.458222 -0.407242 0.357958
v -0.509121 -0.407242 0.395393
v -0.678758 -0.297211 0.341364
v -0.561489 -0.297211 0.180523
v -0.372281 -0.297211 0.242351
v -0.372615 -0.297211 0.441403
v -0.562028 -0.297211 0.502596
v -0.679070 -0.263993 0.287618
v -0.510469 -0.263993 0.163617
v -0.340437 -0.263993 0.285648
v -0.403953 -0.263993 0.485068
v -0.613240 -0.263993 0.486285
v -0.614602 -0.119176 0.251973
v -0.456646 -0.119176 0.213916
v -0.371641 -0.119176 0.352378
v -0.477059 -0.119176 0.476011
v -0.627218 -0.119177 0.413957
v -0.540772 -0.062893 0.385312
v -0.572731 -0.092960 0.429843
v -0.540242 -0.119176 0.476379
v -0.477590 -0.062893 0.384944
v -0.445114 -0.092960 0.429100
v -0.390816 -0.119176 0.412582
v -0.458415 -0.062893 0.324741
v -0.406385 -0.092960 0.307501
v -0.405315 -0.119176 0.250756
v -0.509746 -0.062893 0.287902
v -0.510064 -0.092960 0.233090
v -0.563702 -0.119176 0.214538
v -0.560645 -0.062893 0.325336
v -0.612873 -0.092960 0.308702
v -0.647092 -0.119177 0.353981
v -0.646587 -0.172924 0.440944
v -0.611852 -0.201520 0.484351
v -0.559610 -0.172924 0.503366
v -0.457379 -0.172924 0.502771
v -0.405362 -0.201520 0.483150
v -0.371135 -0.172924 0.439341
v -0.340110 -0.172924 0.341930
v -0.342696 -0.201520 0.286397
v -0.373783 -0.172924 0.240307
v -0.456839 -0.172924 0.180698
v -0.510455 -0.201520 0.165997
v -0.563895 -0.172924 0.181320
v -0.646253 -0.172924 0.241892
v -0.676802 -0.201520 0.288340
v -0.678743 -0.172924 0.343900
v -0.508398 -0.206141 0.519677
v -0.508412 -0.268615 0.517297
v -0.454972 -0.297211 0.501974
v -0.339797 -0.206141 0.395676
v -0.342065 -0.268614 0.394954
v -0.340124 -0.297211 0.339394
v -0.405627 -0.206141 0.197010
v -0.407015 -0.268614 0.198943
v -0.459257 -0.297211 0.179928
v -0.614915 -0.206141 0.198226
v -0.613505 -0.268615 0.200144
v -0.647732 -0.297211 0.243953
v -0.678431 -0.206142 0.397646
v -0.676171 -0.268614 0.396897
v -0.645084 -0.297211 0.442987
v -0.562221 -0.350959 0.469379
v -0.508803 -0.377175 0.450204
v -0.455166 -0.350959 0.468757
v -0.404266 -0.350959 0.431322
v -0.405994 -0.377174 0.374593
v -0.371775 -0.350958 0.329313
v -0.391649 -0.350958 0.269337
v -0.446136 -0.377174 0.253452
v -0.478625 -0.350959 0.206915
v -0.613552 -0.350959 0.432538
v -0.612483 -0.377174 0.375794
v -0.560453 -0.407242 0.358553
v -0.541808 -0.350959 0.207283
v -0.573753 -0.377175 0.254194
v -0.628051 -0.350959 0.270713
v -0.499314 -0.407242 -0.413934
v -0.429896 -0.350959 -0.500344
v -0.551404 -0.407242 -0.378174
v -0.601510 -0.407242 -0.416664
v -0.580387 -0.407242 -0.476211
v -0.409660 -0.297211 -0.526687
v -0.416465 -0.297211 -0.327751
v -0.607768 -0.297211 -0.272748
v -0.719194 -0.297211 -0.437690
v -0.596756 -0.297211 -0.594633
v -0.379241 -0.263993 -0.482377
v -0.449206 -0.263993 -0.285127
v -0.658423 -0.263993 -0.290715
v -0.717759 -0.263993 -0.491418
v -0.545214 -0.263993 -0.609871
v -0.412598 -0.119176 -0.416695
v -0.521981 -0.119176 -0.296556
v -0.670041 -0.119176 -0.363459
v -0.652166 -0.119176 -0.524947
v -0.493056 -0.119177 -0.557850
v -0.548534 -0.062893 -0.485629
v -0.547070 -0.092960 -0.540422
v -0.600076 -0.119176 -0.560708
v -0.600623 -0.062893 -0.449869
v -0.652282 -0.092960 -0.468192
v -0.687955 -0.119176 -0.424049
v -0.582710 -0.062893 -0.389279
v -0.616100 -0.092960 -0.345810
v -0.585142 -0.119176 -0.298242
v -0.519550 -0.062893 -0.387592
v -0.488527 -0.092960 -0.342403
v -0.433721 -0.119176 -0.357147
v -0.498427 -0.062893 -0.447139
v -0.445864 -0.092960 -0.462679
v -0.442950 -0.119177 -0.519360
v -0.492169 -0.172924 -0.591056
v -0.545278 -0.201520 -0.607492
v -0.599189 -0.172924 -0.593914
v -0.683473 -0.172924 -0.536052
v -0.715515 -0.201520 -0.490622
v -0.719262 -0.172924 -0.435154
v -0.690277 -0.172924 -0.337116
v -0.656972 -0.201520 -0.292602
v -0.605377 -0.172924 -0.271900
v -0.503181 -0.172924 -0.269170
v -0.450554 -0.201520 -0.287089
v -0.414920 -0.172924 -0.329762
v -0.380743 -0.172924 -0.426113
v -0.381523 -0.201520 -0.481702
v -0.411096 -0.172924 -0.528778
v -0.650731 -0.206141 -0.578676
v -0.649383 -0.268615 -0.576714
v -0.685017 -0.297211 -0.534042
v -0.720696 -0.206141 -0.381426
v -0.718414 -0.268614 -0.382101
v -0.688841 -0.297211 -0.335025
v -0.554723 -0.206141 -0.253932
v -0.554659 -0.268614 -0.256311
v -0.500748 -0.297211 -0.269889
v -0.382178 -0.206141 -0.372385
v -0.384421 -0.268615 -0.373181
v -0.380676 -0.297211 -0.428649
v -0.441515 -0.206142 -0.573088
v -0.442965 -0.268614 -0.571200
v -0.494560 -0.297211 -0.591903
v -0.577956 -0.350959 -0.567248
v -0.611410 -0.377175 -0.521400
v -0.666216 -0.350959 -0.506656
v -0.687339 -0.350959 -0.447108
v -0.654073 -0.377174 -0.401123
v -0.656987 -0.350958 -0.344443
v -0.606881 -0.350958 -0.305953
v -0.552867 -0.377174 -0.323381
v -0.499861 -0.350959 -0.303095
v -0.514795 -0.350959 -0.565560
v -0.483837 -0.377174 -0.517993
v -0.517227 -0.407242 -0.474525
v -0.447771 -0.350959 -0.338856
v -0.447655 -0.377175 -0.395611
v -0.411982 -0.350959 -0.439754
v -0.308668 -0.407242 -0.267488
v -0.239250 -0.350959 -0.353898
v -0.360758 -0.407242 -0.231728
v -0.410864 -0.407242 -0.270217
v -0.389742 -0.407242 -0.329765
v -0.219014 -0.297211 -0.380241
v -0.225819 -0.297211 -0.181304
v -0.417122 -0.297211 -0.126301
v -0.528548 -0.297211 -0.291244
v -0.406110 -0.297211 -0.448187
v -0.188595 -0.263993 -0.335931
v -0.258560 -0.263993 -0.138681
v -0.467777 -0.263993 -0.144268
v -0.527113 -0.263993 -0.344972
v -0.354569 -0.263993 -0.463425
v -0.221953 -0.119176 -0.270249
v -0.331336 -0.119176 -0.150109
v -0.479396 -0.119176 -0.217012
v -0.461520 -0.119176 -0.378501
v -0.302411 -0.119177 -0.411404
v -0.357888 -0.062893 -0.339183
v -0.356424 -0.092960 -0.393976
v -0.409430 -0.119176 -0.414261
v -0.409977 -0.062893 -0.303423
v -0.461636 -0.092960 -0.321746
v -0.497309 -0.119176 -0.277603
v -0.392064 -0.062893 -0.242832
v -0.425454 -0.092960 -0.199364
v -0.394496 -0.119176 -0.151796
v -0.328904 -0.062893 -0.241145
v -0.297882 -0.092960 -0.195957
v -0.243075 -0.119176 -0.210701
v -0.307781 -0.062893 -0.300693
v -0.255218 -0.092960 -0.316233
v -0.252304 -0.119177 -0.372914
v -0.301523 -0.172924 -0.444609
v -0.354632 -0.201520 -0.461045
v -0.408543 -0.172924 -0.447468
v -0.492827 -0.172924 -0.389606
v -0.524870 -0.201520 -0.344176
v -0.528616 -0.172924 -0.288708
v -0.499631 -0.172924 -0.190670
v -0.466327 -0.201520 -0.146156
v -0.414732 -0.172924 -0.125453
v -0.312535 -0.172924 -0.122724
v -0.259908 -0.201520 -0.140643
v -0.224274 -0.172924 -0.183315
v -0.190098 -0.172924 -0.279667
v -0.190877 -0.201520 -0.335256
v -0.220450 -0.172924 -0.382332
v -0.460085 -0.206141 -0.432230
v -0.458737 -0.268615 -0.430268
v -0.494371 -0.297211 -0.387595
v -0.530051 -0.206141 -0.234980
v -0.527768 -0.268614 -0.235655
v -0.498196 -0.297211 -0.188579
v -0.364077 -0.206141 -0.107486
v -0.364013 -0.268614 -0.109865
v -0.310102 -0.297211 -0.123443
v -0.191532 -0.206141 -0.225939
v -0.193776 -0.268615 -0.226735
v -0.190030 -0.297211 -0.282203
v -0.250869 -0.206142 -0.426642
v -0.252319 -0.268614 -0.424754
v -0.303914 -0.297211 -0.445457
v -0.387310 -0.350959 -0.420801
v -0.420764 -0.377175 -0.374954
v -0.475571 -0.350959 -0.360210
v -0.496693 -0.350959 -0.300662
v -0.463427 -0.377174 -0.254677
v -0.466341 -0.350958 -0.197997
v -0.416235 -0.350958 -0.159507
v -0.362221 -0.377174 -0.176935
v -0.309215 -0.350959 -0.156649
v -0.324149 -0.350959 -0.419114
v -0.293191 -0.377174 -0.371546
v -0.326581 -0.407242 -0.328078
v -0.257125 -0.350959 -0.192409
v -0.257009 -0.377175 -0.249165
v -0.221337 -0.350959 -0.293308
v 0.498289 -0.407242 -0.214129
v 0.608994 -0.350959 -0.208654
v 0.438761 -0.407242 -0.235307
v 0.440508 -0.407242 -0.298466
v 0.501116 -0.407242 -0.316321
v 0.642200 -0.297211 -0.207735
v 0.477152 -0.297211 -0.096464
v 0.320324 -0.297211 -0.219051
v 0.388448 -0.297211 -0.406083
v 0.587378 -0.297211 -0.399089
v 0.624184 -0.263993 -0.157097
v 0.423425 -0.263993 -0.097950
v 0.305135 -0.263993 -0.270606
v 0.432787 -0.263993 -0.436460
v 0.629970 -0.263993 -0.366307
v 0.551428 -0.119176 -0.145546
v 0.389956 -0.119176 -0.163576
v 0.357206 -0.119176 -0.322715
v 0.498436 -0.119176 -0.403040
v 0.618473 -0.119177 -0.293544
v 0.527439 -0.062893 -0.296061
v 0.572657 -0.092960 -0.327041
v 0.557964 -0.119176 -0.381862
v 0.467911 -0.062893 -0.317240
v 0.452420 -0.092960 -0.369818
v 0.395743 -0.119176 -0.372785
v 0.429374 -0.062893 -0.267170
v 0.374582 -0.092960 -0.268685
v 0.354246 -0.119176 -0.215699
v 0.465084 -0.062893 -0.215047
v 0.446711 -0.092960 -0.163406
v 0.490820 -0.119176 -0.127691
v 0.525692 -0.062893 -0.232903
v 0.569128 -0.092960 -0.199471
v 0.616726 -0.119177 -0.230385
v 0.645876 -0.172924 -0.312318
v 0.628006 -0.201520 -0.364962
v 0.585367 -0.172924 -0.400636
v 0.489048 -0.172924 -0.434904
v 0.433459 -0.201520 -0.434177
v 0.386355 -0.172924 -0.404649
v 0.324000 -0.172924 -0.323633
v 0.307514 -0.201520 -0.270540
v 0.321041 -0.172924 -0.216618
v 0.378822 -0.172924 -0.132280
v 0.424222 -0.201520 -0.100193
v 0.479686 -0.172924 -0.096394
v 0.577752 -0.172924 -0.125286
v 0.622298 -0.201520 -0.158549
v 0.643050 -0.172924 -0.210125
v 0.542775 -0.206141 -0.433418
v 0.541978 -0.268615 -0.431175
v 0.486514 -0.297211 -0.434974
v 0.342016 -0.206141 -0.374271
v 0.343902 -0.268614 -0.372819
v 0.323150 -0.297211 -0.321244
v 0.336230 -0.206141 -0.165061
v 0.338194 -0.268614 -0.166407
v 0.380833 -0.297211 -0.130732
v 0.533413 -0.206141 -0.094908
v 0.532741 -0.268615 -0.097192
v 0.579845 -0.297211 -0.126720
v 0.661066 -0.206142 -0.260762
v 0.658686 -0.268614 -0.260828
v 0.645159 -0.297211 -0.314751
v 0.576244 -0.350959 -0.367793
v 0.519489 -0.377175 -0.367963
v 0.475380 -0.350959 -0.403678
v 0.414772 -0.350959 -0.385822
v 0.397072 -0.377174 -0.331897
v 0.349474 -0.350958 -0.300984
v 0.347727 -0.350958 -0.237825
v 0.393543 -0.377174 -0.204327
v 0.408236 -0.350959 -0.149507
v 0.611954 -0.350959 -0.315669
v 0.591618 -0.377174 -0.262683
v 0.536826 -0.407242 -0.264198
v 0.467764 -0.350959 -0.128328
v 0.513780 -0.377175 -0.161551
v 0.570458 -0.350959 -0.158584
v 0.504936 -0.407242 -0.454437
v 0.615641 -0.350959 -0.448962
v 0.445408 -0.407242 -0.475615
v 0.447154 -0.407242 -0.538774
v 0.507762 -0.407242 -0.556630
v 0.648846 -0.297211 -0.448044
v 0.483798 -0.297211 -0.336773
v 0.326970 -0.297211 -0.459359
v 0.395095 -0.297211 -0.646391
v 0.594025 -0.297211 -0.639397
v 0.630831 -0.263993 -0.397406
v 0.430071 -0.263993 -0.338259
v 0.311781 -0.263993 -0.510915
v 0.439434 -0.263993 -0.676769
v 0.636617 -0.263993 -0.606615
v 0.558075 -0.119176 -0.385855
v 0.396603 -0.119176 -0.403884
v 0.363852 -0.119176 -0.563023
v 0.505082 -0.119176 -0.643349
v 0.625119 -0.119177 -0.533852
v 0.534085 -0.062893 -0.536370
v 0.579303 -0.092960 -0.567349
v 0.564610 -0.119176 -0.622170
v 0.474557 -0.062893 -0.557548
v 0.459067 -0.092960 -0.610126
v 0.402389 -0.119176 -0.613093
v 0.436020 -0.062893 -0.507478
v 0.381229 -0.092960 -0.508994
v 0.360892 -0.119176 -0.456008
v 0.471731 -0.062893 -0.455355
v 0.453358 -0.092960 -0.403714
v 0.497467 -0.119176 -0.367999
v 0.532338 -0.062893 -0.473211
v 0.575775 -0.092960 -0.439780
v 0.623372 -0.119177 -0.470693
v 0.652522 -0.172924 -0.552626
v 0.634653 -0.201520 -0.605270
v 0.592014 -0.172924 -0.640945
v 0.495695 -0.172924 -0.675212
v 0.440106 -0.201520 -0.674485
v 0.393001 -0.172924 -0.644957
v 0.330647 -0.172924 -0.563942
v 0.314160 -0.201520 -0.510849
v 0.327687 -0.172924 -0.456926
v 0.385468 -0.172924 -0.372588
v 0.430869 -0.201520 -0.340501
v 0.486333 -0.172924 -0.336703
v 0.584398 -0.172924 -0.365594
v 0.628944 -0.201520 -0.398857
v 0.649696 -0.172924 -0.450433
v 0.549422 -0.206141 -0.673727
v 0.548624 -0.268615 -0.671484
v 0.493160 -0.297211 -0.675282
v 0.348662 -0.206141 -0.614579
v 0.350549 -0.268614 -0.613128
v 0.329797 -0.297211 -0.561552
v 0.342876 -0.206141 -0.405370
v 0.344840 -0.268614 -0.406715
v 0.387479 -0.297211 -0.371040
v 0.540059 -0.206141 -0.335217
v 0.539387 -0.268615 -0.337500
v 0.586491 -0.297211 -0.367028
v 0.667712 -0.206142 -0.501070
v 0.665332 -0.268614 -0.501136
v 0.651806 -0.297211 -0.555059
v 0.582890 -0.350959 -0.608101
v 0.526135 -0.377175 -0.608271
v 0.482026 -0.350959 -0.643986
v 0.421418 -0.350959 -0.626130
v 0.403718 -0.377174 -0.572206
v 0.356120 -0.350958 -0.541292
v 0.354374 -0.350958 -0.478133
v 0.400190 -0.377174 -0.444636
v 0.414882 -0.350959 -0.389815
v 0.618601 -0.350959 -0.555977
v 0.598264 -0.377174 -0.502991
v 0.543473 -0.407242 -0.504507
v 0.474411 -0.350959 -0.368637
v 0.520426 -0.377175 -0.401859
v 0.577104 -0.350959 -0.398892
v 0.137267 -0.407242 -0.642134
v 0.152463 -0.350959 -0.751585
v 0.110949 -0.407242 -0.584693
v 0.048186 -0.407242 -0.591974
v 0.035716 -0.407242 -0.653914
v 0.156467 -0.297211 -0.782602
v 0.252820 -0.297211 -0.608536
v 0.116753 -0.297211 -0.465286
v -0.063582 -0.297211 -0.549555
v -0.039165 -0.297211 -0.747105
v 0.208592 -0.263993 -0.723441
v 0.246452 -0.263993 -0.557125
v 0.064063 -0.263993 -0.454678
v -0.089953 -0.263993 -0.596388
v -0.002773 -0.263993 -0.786656
v 0.210453 -0.119176 -0.686726
v 0.178122 -0.119176 -0.529784
v 0.016723 -0.119176 -0.511119
v -0.050903 -0.119176 -0.658851
v 0.068701 -0.119177 -0.768821
v 0.058207 -0.062893 -0.678358
v 0.031314 -0.092960 -0.726119
v -0.024584 -0.119176 -0.716292
v 0.031889 -0.062893 -0.620917
v -0.021845 -0.092960 -0.610099
v -0.029773 -0.119176 -0.553900
v 0.078385 -0.062893 -0.578137
v 0.072069 -0.092960 -0.523690
v 0.123067 -0.119176 -0.498783
v 0.133440 -0.062893 -0.609137
v 0.183270 -0.092960 -0.586305
v 0.222748 -0.119176 -0.626763
v 0.120969 -0.062893 -0.671078
v 0.158104 -0.092960 -0.711173
v 0.131485 -0.119177 -0.761299
v 0.052403 -0.172924 -0.797765
v -0.001605 -0.201520 -0.784582
v -0.040883 -0.172924 -0.745237
v -0.083468 -0.172924 -0.652296
v -0.087620 -0.201520 -0.596857
v -0.062337 -0.172924 -0.547344
v 0.012896 -0.172924 -0.478123
v 0.064338 -0.201520 -0.457043
v 0.119239 -0.172924 -0.465787
v 0.208321 -0.172924 -0.515947
v 0.244288 -0.201520 -0.558116
v 0.253122 -0.172924 -0.610948
v 0.236208 -0.172924 -0.674397
v 0.206971 -0.201520 -0.721795
v 0.154151 -0.172924 -0.783765
v -0.077275 -0.206141 -0.705685
v -0.075110 -0.268615 -0.704694
v -0.083760 -0.297211 -0.649777
v -0.035967 -0.206141 -0.500511
v -0.034355 -0.268614 -0.502263
v 0.015201 -0.297211 -0.477066
v 0.171929 -0.206141 -0.476395
v 0.170761 -0.268614 -0.478469
v 0.210039 -0.297211 -0.517814
v 0.262579 -0.206141 -0.627565
v 0.260236 -0.268615 -0.627202
v 0.234963 -0.297211 -0.676609
v 0.105114 -0.206142 -0.808132
v 0.104840 -0.268614 -0.805767
v 0.049917 -0.297211 -0.797264
v -0.008966 -0.350959 -0.733267
v -0.014114 -0.377175 -0.676746
v -0.053561 -0.350959 -0.635940
v -0.041091 -0.350959 -0.574000
v 0.011074 -0.377174 -0.551637
v 0.037693 -0.350958 -0.501511
v 0.100455 -0.350958 -0.494231
v 0.137842 -0.377174 -0.536932
v 0.193740 -0.350959 -0.546759
v 0.046089 -0.350959 -0.764268
v 0.097087 -0.377174 -0.739362
v 0.090771 -0.407242 -0.684914
v 0.220080 -0.350959 -0.603959
v 0.191023 -0.377175 -0.652711
v 0.199135 -0.350959 -0.706825
v -0.101532 -0.407242 -0.669835
v -0.086367 -0.350959 -0.779633
v -0.127850 -0.407242 -0.612394
v -0.190613 -0.407242 -0.619675
v -0.203083 -0.407242 -0.681615
v -0.082539 -0.297211 -0.812630
v 0.013824 -0.297211 -0.638457
v -0.122046 -0.297211 -0.492987
v -0.302381 -0.297211 -0.577256
v -0.277964 -0.297211 -0.774806
v -0.033677 -0.263993 -0.790241
v 0.007632 -0.263993 -0.585068
v -0.174736 -0.263993 -0.482379
v -0.328752 -0.263993 -0.624089
v -0.241572 -0.263993 -0.814358
v -0.028553 -0.119176 -0.716753
v -0.060677 -0.119176 -0.557485
v -0.222076 -0.119176 -0.538821
v -0.289702 -0.119176 -0.686553
v -0.170098 -0.119177 -0.796522
v -0.180592 -0.062893 -0.706059
v -0.207485 -0.092960 -0.753820
v -0.263383 -0.119176 -0.743994
v -0.206910 -0.062893 -0.648619
v -0.260644 -0.092960 -0.637800
v -0.268572 -0.119176 -0.581601
v -0.160414 -0.062893 -0.605838
v -0.166730 -0.092960 -0.551391
v -0.115732 -0.119176 -0.526484
v -0.105359 -0.062893 -0.636839
v -0.055529 -0.092960 -0.614006
v -0.016082 -0.119176 -0.654812
v -0.117830 -0.062893 -0.698779
v -0.080717 -0.092960 -0.739115
v -0.107336 -0.119177 -0.789241
v -0.186396 -0.172924 -0.825466
v -0.240404 -0.201520 -0.812283
v -0.279682 -0.172924 -0.772938
v -0.322267 -0.172924 -0.679997
v -0.326418 -0.201520 -0.624558
v -0.301136 -0.172924 -0.575045
v -0.225903 -0.172924 -0.505824
v -0.174461 -0.201520 -0.484744
v -0.119560 -0.172924 -0.493488
v -0.030478 -0.172924 -0.543648
v 0.005467 -0.201520 -0.586058
v 0.014117 -0.172924 -0.640976
v -0.006061 -0.172924 -0.741198
v -0.035288 -0.201520 -0.788490
v -0.084845 -0.172924 -0.813686
v -0.316074 -0.206141 -0.733386
v -0.313909 -0.268615 -0.732395
v -0.322559 -0.297211 -0.677478
v -0.274766 -0.206141 -0.528212
v -0.273154 -0.268614 -0.529964
v -0.223598 -0.297211 -0.504768
v -0.066870 -0.206141 -0.504096
v -0.068038 -0.268614 -0.506170
v -0.028760 -0.297211 -0.545515
v 0.020310 -0.206141 -0.694365
v 0.017977 -0.268615 -0.693895
v -0.007306 -0.297211 -0.743409
v -0.133706 -0.206142 -0.836075
v -0.133981 -0.268614 -0.833710
v -0.188882 -0.297211 -0.824965
v -0.247765 -0.350959 -0.760969
v -0.252913 -0.377175 -0.704447
v -0.292360 -0.350959 -0.663642
v -0.279890 -0.350959 -0.601701
v -0.227725 -0.377174 -0.579338
v -0.201106 -0.350958 -0.529212
v -0.138344 -0.350958 -0.521932
v -0.100957 -0.377174 -0.564633
v -0.045059 -0.350959 -0.574460
v -0.192710 -0.350959 -0.791969
v -0.141712 -0.377174 -0.767063
v -0.148028 -0.407242 -0.712615
v -0.018740 -0.350959 -0.631901
v -0.047798 -0.377175 -0.680653
v -0.039870 -0.350959 -0.736853
v 0.057437 -0.348883 -0.136846
v 0.137714 -0.300666 -0.086127
v 0.021952 -0.348883 -0.177721
v 0.049861 -0.348883 -0.224100
v 0.102595 -0.348883 -0.211888
v 0.162097 -0.254620 -0.071453
v -0.007898 -0.254620 -0.057976
v -0.073247 -0.254620 -0.215487
v 0.056360 -0.254620 -0.326310
v 0.201811 -0.254620 -0.237292
v 0.127326 -0.226163 -0.041268
v -0.047351 -0.226163 -0.081717
v -0.062859 -0.226163 -0.260345
v 0.102233 -0.226163 -0.330292
v 0.219774 -0.226163 -0.194895
v 0.068187 -0.102098 -0.063301
v -0.044672 -0.102098 -0.144771
v -0.002065 -0.102098 -0.277281
v 0.137127 -0.102098 -0.277707
v 0.180545 -0.102098 -0.145459
v 0.113697 -0.053881 -0.185686
v 0.160478 -0.079639 -0.189748
v 0.172611 -0.102098 -0.236832
v 0.078212 -0.053880 -0.226561
v 0.088805 -0.079639 -0.272308
v 0.047775 -0.102098 -0.298398
v 0.028372 -0.053880 -0.205445
v -0.011862 -0.079639 -0.229656
v -0.049354 -0.102098 -0.198697
v 0.033054 -0.053880 -0.151519
v -0.002406 -0.079639 -0.120736
v 0.015453 -0.102098 -0.075512
v 0.085787 -0.053881 -0.139307
v 0.104107 -0.079639 -0.096071
v 0.152636 -0.102098 -0.099080
v 0.208896 -0.148144 -0.147921
v 0.217742 -0.172642 -0.194719
v 0.200963 -0.148143 -0.239293
v 0.143547 -0.148143 -0.305431
v 0.101772 -0.172642 -0.328306
v 0.054195 -0.148143 -0.326122
v -0.026448 -0.148143 -0.291954
v -0.061112 -0.172642 -0.259293
v -0.073737 -0.148143 -0.213370
v -0.066162 -0.148143 -0.126115
v -0.045811 -0.172642 -0.083054
v -0.006037 -0.148143 -0.056856
v 0.079288 -0.148143 -0.037098
v 0.126531 -0.172642 -0.043146
v 0.163738 -0.148144 -0.072878
v 0.183000 -0.176601 -0.281690
v 0.181460 -0.230122 -0.280353
v 0.141686 -0.254620 -0.306551
v 0.008323 -0.176601 -0.322139
v 0.009118 -0.230122 -0.320261
v -0.028089 -0.254620 -0.290529
v -0.084125 -0.176601 -0.168512
v -0.082093 -0.230122 -0.168688
v -0.065314 -0.254620 -0.124114
v 0.033416 -0.176601 -0.033115
v 0.033877 -0.230122 -0.035101
v 0.081454 -0.254620 -0.037286
v 0.198508 -0.176601 -0.103063
v 0.196761 -0.230122 -0.104114
v 0.209386 -0.254620 -0.150037
v 0.180321 -0.300666 -0.218636
v 0.138055 -0.323125 -0.242672
v 0.120196 -0.300666 -0.287895
v 0.067462 -0.300666 -0.300107
v 0.031542 -0.323125 -0.267337
v -0.016987 -0.300665 -0.264327
v -0.044896 -0.300665 -0.217948
v -0.024829 -0.323125 -0.173660
v -0.036963 -0.300666 -0.126575
v 0.185003 -0.300666 -0.164710
v 0.147511 -0.323125 -0.133751
v 0.107277 -0.348883 -0.157963
v -0.001478 -0.300666 -0.085700
v 0.046844 -0.323125 -0.091099
v 0.087874 -0.300666 -0.065010
v -0.048752 -0.348883 0.039618
v 0.031524 -0.300666 0.090337
v -0.084237 -0.348883 -0.001257
v -0.056328 -0.348883 -0.047636
v -0.003595 -0.348883 -0.035425
v 0.055907 -0.254620 0.105010
v -0.114087 -0.254620 0.118487
v -0.179436 -0.254620 -0.039023
v -0.049829 -0.254620 -0.149846
v 0.095621 -0.254620 -0.060828
v 0.021137 -0.226163 0.135195
v -0.153540 -0.226163 0.094746
v -0.169049 -0.226163 -0.083881
v -0.003957 -0.226163 -0.153829
v 0.113584 -0.226163 -0.018432
v -0.038003 -0.102098 0.113163
v -0.150861 -0.102098 0.031693
v -0.108254 -0.102098 -0.100817
v 0.030937 -0.102098 -0.101244
v 0.074355 -0.102098 0.031004
v 0.007507 -0.053881 -0.009223
v 0.054289 -0.079639 -0.013284
v 0.066422 -0.102098 -0.060368
v -0.027978 -0.053880 -0.050098
v -0.017384 -0.079639 -0.095845
v -0.058414 -0.102098 -0.121934
v -0.077817 -0.053880 -0.028981
v -0.118052 -0.079639 -0.053193
v -0.155543 -0.102098 -0.022233
v -0.073135 -0.053880 0.024945
v -0.108595 -0.079639 0.055728
v -0.090737 -0.102098 0.100952
v -0.020402 -0.053881 0.037156
v -0.002083 -0.079639 0.080393
v 0.046446 -0.102098 0.077383
v 0.102706 -0.148144 0.028543
v 0.111553 -0.172642 -0.018255
v 0.094773 -0.148143 -0.062830
v 0.037357 -0.148143 -0.128967
v -0.004417 -0.172642 -0.151842
v -0.051994 -0.148143 -0.149658
v -0.132637 -0.148143 -0.115490
v -0.167301 -0.172642 -0.082829
v -0.179926 -0.148143 -0.036906
v -0.172351 -0.148143 0.050348
v -0.152000 -0.172642 0.093409
v -0.112226 -0.148143 0.119607
v -0.026901 -0.148143 0.139366
v 0.020341 -0.172642 0.133318
v 0.057548 -0.148144 0.103586
v 0.076810 -0.176601 -0.105226
v 0.075271 -0.230122 -0.103889
v 0.035496 -0.254620 -0.130087
v -0.097867 -0.176601 -0.145675
v -0.097071 -0.230122 -0.143798
v -0.134278 -0.254620 -0.114066
v -0.190314 -0.176601 0.007952
v -0.188282 -0.230122 0.007776
v -0.171503 -0.254620 0.052350
v -0.072774 -0.176601 0.143349
v -0.072313 -0.230122 0.141362
v -0.024736 -0.254620 0.139178
v 0.092319 -0.176601 0.073401
v 0.090572 -0.230122 0.072349
v 0.103196 -0.254620 0.026426
v 0.074131 -0.300666 -0.042173
v 0.031865 -0.323125 -0.066208
v 0.014007 -0.300666 -0.111432
v -0.038727 -0.300666 -0.123643
v -0.074647 -0.323125 -0.090873
v -0.123176 -0.300665 -0.087863
v -0.151085 -0.300665 -0.041484
v -0.131019 -0.323125 0.002804
v -0.143152 -0.300666 0.049888
v 0.078813 -0.300666 0.011753
v 0.041322 -0.323125 0.042713
v 0.001087 -0.348883 0.018501
v -0.107667 -0.300666 0.090763
v -0.059346 -0.323125 0.085365
v -0.018316 -0.300666 0.111454
vt 0.181819 0.000000
vt 0.181819 0.052487
vt 0.159092 0.039365
vt 0.181819 0.078731
vt 0.204546 0.039365
vt 0.227273 0.078731
vt 0.136365 0.078731
vt 0.272728 0.157461
vt 0.318182 0.131218
vt 0.318182 0.157461
vt 0.340910 0.118096
vt 0.295455 0.118096
vt 0.318182 0.078731
vt 0.363637 0.157461
vt 0.909091 0.000000
vt 0.909091 0.052487
vt 0.886364 0.039365
vt 0.909091 0.078731
vt 0.931818 0.039365
vt 0.954545 0.078731
vt 0.863636 0.078731
vt 0.727273 0.000000
vt 0.727273 0.052487
vt 0.704546 0.039365
vt 0.727273 0.078731
vt 0.750000 0.039365
vt 0.772727 0.078731
vt 0.681818 0.078731
vt 0.545455 0.000000
vt 0.545455 0.052487
vt 0.522728 0.039365
vt 0.545455 0.078731
vt 0.568182 0.039365
vt 0.590909 0.078731
vt 0.500000 0.078731
vt 0.318182 0.183704
vt 0.295455 0.196826
vt 0.340910 0.196826
vt 0.318183 0.236191
vt 0.090910 0.157461
vt 0.136365 0.183704
vt 0.113637 0.196826
vt 0.159092 0.196826
vt 0.136365 0.157461
vt 0.181819 0.157461
vt 0.136364 0.236191
vt 0.818182 0.157461
vt 0.863636 0.183704
vt 0.840909 0.196826
vt 0.886364 0.196826
vt 0.863636 0.157461
vt 0.909091 0.157461
vt 0.863637 0.236191
vt 0.636364 0.157461
vt 0.681818 0.183704
vt 0.659091 0.196826
vt 0.704546 0.196826
vt 0.681819 0.157461
vt 0.727273 0.157461
vt 0.681819 0.236191
vt 0.454546 0.157461
vt 0.500001 0.183704
vt 0.477273 0.196826
vt 0.522728 0.196826
vt 0.500001 0.157461
vt 0.545455 0.157461
vt 0.500001 0.236191
vt 0.272728 0.209948
vt 0.250001 0.196826
vt 0.272728 0.236191
vt 0.227274 0.236191
vt 0.090910 0.209948
vt 0.068183 0.196826
vt 0.090910 0.236191
vt 0.045455 0.236191
vt 0.818182 0.209948
vt 0.795455 0.196826
vt 0.818182 0.236191
vt 0.772728 0.236191
vt 0.636364 0.209948
vt 0.613637 0.196826
vt 0.636364 0.236191
vt 0.590910 0.236191
vt 0.454546 0.209948
vt 0.431819 0.196826
vt 0.454546 0.236191
vt 0.409092 0.236191
vt 0.181819 0.314921
vt 0.227274 0.341165
vt 0.204546 0.354286
vt 0.250001 0.354286
vt 0.227274 0.314921
vt 0.272728 0.314921
vt 0.227273 0.393651
vt 0.000000 0.314921
vt 0.045455 0.341165
vt 0.022728 0.354286
vt 0.068182 0.354286
vt 0.045455 0.314921
vt 0.090910 0.314921
vt 0.045455 0.393651
vt 0.727273 0.314921
vt 0.772727 0.341165
vt 0.750000 0.354286
vt 0.795455 0.354286
vt 0.772728 0.314921
vt 0.818182 0.314921
vt 0.772727 0.393651
vt 0.545455 0.314921
vt 0.590909 0.341165
vt 0.568182 0.354286
vt 0.613637 0.354286
vt 0.590910 0.314921
vt 0.636364 0.314921
vt 0.590909 0.393651
vt 0.363637 0.314921
vt 0.409092 0.341165
vt 0.386364 0.354286
vt 0.431819 0.354286
vt 0.409092 0.314921
vt 0.454546 0.314921
vt 0.409092 0.393651
vt 0.454546 0.393652
vt 0.431819 0.433017
vt 0.477273 0.433017
vt 0.500000 0.393651
vt 0.454546 0.472382
vt 0.454546 0.419895
vt 0.477273 0.354286
vt 0.500001 0.314921
vt 0.500000 0.341165
vt 0.522728 0.354286
vt 0.636364 0.393652
vt 0.613637 0.433017
vt 0.659091 0.433017
vt 0.681818 0.393651
vt 0.636364 0.472382
vt 0.636364 0.419895
vt 0.659091 0.354286
vt 0.681819 0.314921
vt 0.681818 0.341165
vt 0.704546 0.354286
vt 0.818182 0.393652
vt 0.795455 0.433017
vt 0.840909 0.433017
vt 0.863636 0.393651
vt 0.818182 0.472382
vt 0.818182 0.419895
vt 0.840909 0.354286
vt 0.863637 0.314921
vt 0.909091 0.314921
vt 0.863636 0.341165
vt 0.886364 0.354286
vt 0.090910 0.393652
vt 0.068183 0.433017
vt 0.113637 0.433017
vt 0.136365 0.393651
vt 0.090910 0.472382
vt 0.090910 0.419895
vt 0.113637 0.354286
vt 0.136364 0.314921
vt 0.136364 0.341165
vt 0.159092 0.354286
vt 0.272728 0.393652
vt 0.250001 0.433017
vt 0.295455 0.433017
vt 0.318182 0.393651
vt 0.272728 0.472382
vt 0.272728 0.419895
vt 0.295455 0.354286
vt 0.318182 0.314921
vt 0.318182 0.341165
vt 0.340910 0.354286
vt 0.431819 0.275556
vt 0.386364 0.275556
vt 0.409092 0.288678
vt 0.477273 0.275556
vt 0.522728 0.275556
vt 0.500000 0.288678
vt 0.613637 0.275556
vt 0.568182 0.275556
vt 0.590910 0.288678
vt 0.659091 0.275556
vt 0.704546 0.275556
vt 0.681819 0.288678
vt 0.795455 0.275556
vt 0.750000 0.275556
vt 0.772728 0.288678
vt 0.840909 0.275556
vt 0.886364 0.275556
vt 0.863636 0.288678
vt 0.068182 0.275556
vt 0.022728 0.275556
vt 0.045455 0.288678
vt 0.113637 0.275556
vt 0.159092 0.275556
vt 0.136364 0.288678
vt 0.250001 0.275556
vt 0.204546 0.275556
vt 0.227274 0.288678
vt 0.295455 0.275556
vt 0.340910 0.275556
vt 0.318183 0.288678
vt 0.545455 0.236191
vt 0.545455 0.262434
vt 0.568182 0.196826
vt 0.590910 0.157461
vt 0.590909 0.183704
vt 0.727273 0.236191
vt 0.727273 0.262434
vt 0.750000 0.196826
vt 0.772728 0.157461
vt 0.772727 0.183704
vt 0.909091 0.236191
vt 0.931818 0.275556
vt 0.954545 0.236191
vt 0.909091 0.262434
vt 0.931818 0.196826
vt 0.954546 0.157461
vt 1.000000 0.157461
vt 0.954545 0.183704
vt 0.977273 0.196826
vt 0.181819 0.236191
vt 0.181819 0.262434
vt 0.204546 0.196826
vt 0.227274 0.157461
vt 0.227274 0.183704
vt 0.363637 0.236191
vt 0.363637 0.262434
vt 0.386364 0.196826
vt 0.409092 0.157461
vt 0.409092 0.183704
vt 0.522728 0.118096
vt 0.477273 0.118096
vt 0.500001 0.131218
vt 0.568182 0.118096
vt 0.613637 0.118096
vt 0.590910 0.131218
vt 0.704546 0.118096
vt 0.659091 0.118096
vt 0.681819 0.131218
vt 0.750000 0.118096
vt 0.795455 0.118096
vt 0.772727 0.131218
vt 0.886364 0.118096
vt 0.840909 0.118096
vt 0.863636 0.131218
vt 0.931818 0.118096
vt 0.977273 0.118096
vt 0.954546 0.131218
vt 0.386364 0.118096
vt 0.431819 0.118096
vt 0.409092 0.078731
vt 0.409092 0.131218
vt 0.363637 0.078731
vt 0.340910 0.039365
vt 0.363637 0.000000
vt 0.363637 0.052487
vt 0.386364 0.039365
vt 0.159092 0.118096
vt 0.113637 0.118096
vt 0.136365 0.131218
vt 0.204546 0.118096
vt 0.250001 0.118096
vt 0.227274 0.131218
vt 0.454546 0.367408
vt 0.636364 0.367408
vt 0.818182 0.367408
vt 0.090910 0.367408
vt 0.272728 0.367408
vt 0.454546 0.262434
vt 0.636364 0.262434
vt 0.818182 0.262434
vt 0.090910 0.262434
vt 0.272728 0.262434
vt 0.545455 0.209948
vt 0.727273 0.209948
vt 0.909091 0.209948
vt 0.181819 0.209948
vt 0.363637 0.209948
vt 0.545455 0.104974
vt 0.727273 0.104974
vt 0.909091 0.104974
vt 0.363637 0.104974
vt 0.181819 0.104974
vt 0.181819 0.000000
vt 0.181819 0.052487
vt 0.159092 0.039365
vt 0.181819 0.078731
vt 0.204546 0.039365
vt 0.227273 0.078731
vt 0.136365 0.078731
vt 0.272728 0.157461
vt 0.318182 0.131218
vt 0.318182 0.157461
vt 0.340910 0.118096
vt 0.295455 0.118096
vt 0.318182 0.078731
vt 0.363637 0.157461
vt 0.909091 0.000000
vt 0.909091 0.052487
vt 0.886364 0.039365
vt 0.909091 0.078731
vt 0.931818 0.039365
vt 0.954545 0.078731
vt 0.863636 0.078731
vt 0.727273 0.000000
vt 0.727273 0.052487
vt 0.704546 0.039365
vt 0.727273 0.078731
vt 0.750000 0.039365
vt 0.772727 0.078731
vt 0.681818 0.078731
vt 0.545455 0.000000
vt 0.545455 0.052487
vt 0.522728 0.039365
vt 0.545455 0.078731
vt 0.568182 0.039365
vt 0.590909 0.078731
vt 0.500000 0.078731
vt 0.318182 0.183704
vt 0.295455 0.196826
vt 0.340910 0.196826
vt 0.318183 0.236191
vt 0.090910 0.157461
vt 0.136365 0.183704
vt 0.113637 0.196826
vt 0.159092 0.196826
vt 0.136365 0.157461
vt 0.181819 0.157461
vt 0.136364 0.236191
vt 0.818182 0.157461
vt 0.863636 0.183704
vt 0.840909 0.196826
vt 0.886364 0.196826
vt 0.863636 0.157461
vt 0.909091 0.157461
vt 0.863637 0.236191
vt 0.636364 0.157461
vt 0.681818 0.183704
vt 0.659091 0.196826
vt 0.704546 0.196826
vt 0.681819 0.157461
vt 0.727273 0.157461
vt 0.681819 0.236191
vt 0.454546 0.157461
vt 0.500001 0.183704
vt 0.477273 0.196826
vt 0.522728 0.196826
vt 0.500001 0.157461
vt 0.545455 0.157461
vt 0.500001 0.236191
vt 0.272728 0.209948
vt 0.250001 0.196826
vt 0.272728 0.236191
vt 0.227274 0.236191
vt 0.090910 0.209948
vt 0.068183 0.196826
vt 0.090910 0.236191
vt 0.045455 0.236191
vt 0.818182 0.209948
vt 0.795455 0.196826
vt 0.818182 0.236191
vt 0.772728 0.236191
vt 0.636364 0.209948
vt 0.613637 0.196826
vt 0.636364 0.236191
vt 0.590910 0.236191
vt 0.454546 0.209948
vt 0.431819 0.196826
vt 0.454546 0.236191
vt 0.409092 0.236191
vt 0.181819 0.314921
vt 0.227274 0.341165
vt 0.204546 0.354286
vt 0.250001 0.354286
vt 0.227274 0.314921
vt 0.272728 0.314921
vt 0.227273 0.393651
vt 0.000000 0.314921
vt 0.045455 0.341165
vt 0.022728 0.354286
vt 0.068182 0.354286
vt 0.045455 0.314921
vt 0.090910 0.314921
vt 0.045455 0.393651
vt 0.727273 0.314921
vt 0.772727 0.341165
vt 0.750000 0.354286
vt 0.795455 0.354286
vt 0.772728 0.314921
vt 0.818182 0.314921
vt 0.772727 0.393651
vt 0.545455 0.314921
vt 0.590909 0.341165
vt 0.568182 0.354286
vt 0.613637 0.354286
vt 0.590910 0.314921
vt 0.636364 0.314921
vt 0.590909 0.393651
vt 0.363637 0.314921
vt 0.409092 0.341165
vt 0.386364 0.354286
vt 0.431819 0.354286
vt 0.409092 0.314921
vt 0.454546 0.314921
vt 0.409092 0.393651
vt 0.454546 0.393652
vt 0.431819 0.433017
vt 0.477273 0.433017
vt 0.500000 0.393651
vt 0.454546 0.472382
vt 0.454546 0.419895
vt 0.477273 0.354286
vt 0.500001 0.314921
vt 0.500000 0.341165
vt 0.522728 0.354286
vt 0.636364 0.393652
vt 0.613637 0.433017
vt 0.659091 0.433017
vt 0.681818 0.393651
vt 0.636364 0.472382
vt 0.636364 0.419895
vt 0.659091 0.354286
vt 0.681819 0.314921
vt 0.681818 0.341165
vt 0.704546 0.354286
vt 0.818182 0.393652
vt 0.795455 0.433017
vt 0.840909 0.433017
vt 0.863636 0.393651
vt 0.818182 0.472382
vt 0.818182 0.419895
vt 0.840909 0.354286
vt 0.863637 0.314921
vt 0.909091 0.314921
vt 0.863636 0.341165
vt 0.886364 0.354286
vt 0.090910 0.393652
vt 0.068183 0.433017
vt 0.113637 0.433017
vt 0.136365 0.393651
vt 0.090910 0.472382
vt 0.090910 0.419895
vt 0.113637 0.354286
vt 0.136364 0.314921
vt 0.136364 0.341165
vt 0.159092 0.354286
vt 0.272728 0.393652
vt 0.250001 0.433017
vt 0.295455 0.433017
vt 0.318182 0.393651
vt 0.272728 0.472382
vt 0.272728 0.419895
vt 0.295455 0.354286
vt 0.318182 0.314921
vt 0.318182 0.341165
vt 0.340910 0.354286
vt 0.431819 0.275556
vt 0.386364 0.275556
vt 0.409092 0.288678
vt 0.477273 0.275556
vt 0.522728 0.275556
vt 0.500000 0.288678
vt 0.613637 0.275556
vt 0.568182 0.275556
vt 0.590910 0.288678
vt 0.659091 0.275556
vt 0.704546 0.275556
vt 0.681819 0.288678
vt 0.795455 0.275556
vt 0.750000 0.275556
vt 0.772728 0.288678
vt 0.840909 0.275556
vt 0.886364 0.275556
vt 0.863636 0.288678
vt 0.068182 0.275556
vt 0.022728 0.275556
vt 0.045455 0.288678
vt 0.113637 0.275556
vt 0.159092 0.275556
vt 0.136364 0.288678
vt 0.250001 0.275556
vt 0.204546 0.275556
vt 0.227274 0.288678
vt 0.295455 0.275556
vt 0.340910 0.275556
vt 0.318183 0.288678
vt 0.545455 0.236191
vt 0.545455 0.262434
vt 0.568182 0.196826
vt 0.590910 0.157461
vt 0.590909 0.183704
vt 0.727273 0.236191
vt 0.727273 0.262434
vt 0.750000 0.196826
vt 0.772728 0.157461
vt 0.772727 0.183704
vt 0.909091 0.236191
vt 0.931818 0.275556
vt 0.954545 0.236191
vt 0.909091 0.262434
vt 0.931818 0.196826
vt 0.954546 0.157461
vt 1.000000 0.157461
vt 0.954545 0.183704
vt 0.977273 0.196826
vt 0.181819 0.236191
vt 0.181819 0.262434
vt 0.204546 0.196826
vt 0.227274 0.157461
vt 0.227274 0.183704
vt 0.363637 0.236191
vt 0.363637 0.262434
vt 0.386364 0.196826
vt 0.409092 0.157461
vt 0.409092 0.183704
vt 0.522728 0.118096
vt 0.477273 0.118096
vt 0.500001 0.131218
vt 0.568182 0.118096
vt 0.613637 0.118096
vt 0.590910 0.131218
vt 0.704546 0.118096
vt 0.659091 0.118096
vt 0.681819 0.131218
vt 0.750000 0.118096
vt 0.795455 0.118096
vt 0.772727 0.131218
vt 0.886364 0.118096
vt 0.840909 0.118096
vt 0.863636 0.131218
vt 0.931818 0.118096
vt 0.977273 0.118096
vt 0.954546 0.131218
vt 0.386364 0.118096
vt 0.431819 0.118096
vt 0.409092 0.078731
vt 0.409092 0.131218
vt 0.363637 0.078731
vt 0.340910 0.039365
vt 0.363637 0.000000
vt 0.363637 0.052487
vt 0.386364 0.039365
vt 0.159092 0.118096
vt 0.113637 0.118096
vt 0.136365 0.131218
vt 0.204546 0.118096
vt 0.250001 0.118096
vt 0.227274 0.131218
vt 0.454546 0.367408
vt 0.636364 0.367408
vt 0.818182 0.367408
vt 0.090910 0.367408
vt 0.272728 0.367408
vt 0.454546 0.262434
vt 0.636364 0.262434
vt 0.818182 0.262434
vt 0.090910 0.262434
vt 0.272728 0.262434
vt 0.545455 0.209948
vt 0.727273 0.209948
vt 0.909091 0.209948
vt 0.181819 0.209948
vt 0.363637 0.209948
vt 0.545455 0.104974
vt 0.727273 0.104974
vt 0.909091 0.104974
vt 0.363637 0.104974
vt 0.181819 0.104974
vt 0.181819 0.000000
vt 0.181819 0.052487
vt 0.159092 0.039365
vt 0.181819 0.078731
vt 0.204546 0.039365
vt 0.227273 0.078731
vt 0.136365 0.078731
vt 0.272728 0.157461
vt 0.318182 0.131218
vt 0.318182 0.157461
vt 0.340910 0.118096
vt 0.295455 0.118096
vt 0.318182 0.078731
vt 0.363637 0.157461
vt 0.909091 0.000000
vt 0.909091 0.052487
vt 0.886364 0.039365
vt 0.909091 0.078731
vt 0.931818 0.039365
vt 0.954545 0.078731
vt 0.863636 0.078731
vt 0.727273 0.000000
vt 0.727273 0.052487
vt 0.704546 0.039365
vt 0.727273 0.078731
vt 0.750000 0.039365
vt 0.772727 0.078731
vt 0.681818 0.078731
vt 0.545455 0.000000
vt 0.545455 0.052487
vt 0.522728 0.039365
vt 0.545455 0.078731
vt 0.568182 0.039365
vt 0.590909 0.078731
vt 0.500000 0.078731
vt 0.318182 0.183704
vt 0.295455 0.196826
vt 0.340910 0.196826
vt 0.318183 0.236191
vt 0.090910 0.157461
vt 0.136365 0.183704
vt 0.113637 0.196826
vt 0.159092 0.196826
vt 0.136365 0.157461
vt 0.181819 0.157461
vt 0.136364 0.236191
vt 0.818182 0.157461
vt 0.863636 0.183704
vt 0.840909 0.196826
vt 0.886364 0.196826
vt 0.863636 0.157461
vt 0.909091 0.157461
vt 0.863637 0.236191
vt 0.636364 0.157461
vt 0.681818 0.183704
vt 0.659091 0.196826
vt 0.704546 0.196826
vt 0.681819 0.157461
vt 0.727273 0.157461
vt 0.681819 0.236191
vt 0.454546 0.157461
vt 0.500001 0.183704
vt 0.477273 0.196826
vt 0.522728 0.196826
vt 0.500001 0.157461
vt 0.545455 0.157461
vt 0.500001 0.236191
vt 0.272728 0.209948
vt 0.250001 0.196826
vt 0.272728 0.236191
vt 0.227274 0.236191
vt 0.090910 0.209948
vt 0.068183 0.196826
vt 0.090910 0.236191
vt 0.045455 0.236191
vt 0.818182 0.209948
vt 0.795455 0.196826
vt 0.818182 0.236191
vt 0.772728 0.236191
vt 0.636364 0.209948
vt 0.613637 0.196826
vt 0.636364 0.236191
vt 0.590910 0.236191
vt 0.454546 0.209948
vt 0.431819 0.196826
vt 0.454546 0.236191
vt 0.409092 0.236191
vt 0.181819 0.314921
vt 0.227274 0.341165
vt 0.204546 0.354286
vt 0.250001 0.354286
vt 0.227274 0.314921
vt 0.272728 0.314921
vt 0.227273 0.393651
vt 0.000000 0.314921
vt 0.045455 0.341165
vt 0.022728 0.354286
vt 0.068182 0.354286
vt 0.045455 0.314921
vt 0.090910 0.314921
vt 0.045455 0.393651
vt 0.727273 0.314921
vt 0.772727 0.341165
vt 0.750000 0.354286
vt 0.795455 0.354286
vt 0.772728 0.314921
vt 0.818182 0.314921
vt 0.772727 0.393651
vt 0.545455 0.314921
vt 0.590909 0.341165
vt 0.568182 0.354286
vt 0.613637 0.354286
vt 0.590910 0.314921
vt 0.636364 0.314921
vt 0.590909 0.393651
vt 0.363637 0.314921
vt 0.409092 0.341165
vt 0.386364 0.354286
vt 0.431819 0.354286
vt 0.409092 0.314921
vt 0.454546 0.314921
vt 0.409092 0.393651
vt 0.454546 0.393652
vt 0.431819 0.433017
vt 0.477273 0.433017
vt 0.500000 0.393651
vt 0.454546 0.472382
vt 0.454546 0.419895
vt 0.477273 0.354286
vt 0.500001 0.314921
vt 0.500000 0.341165
vt 0.522728 0.354286
vt 0.636364 0.393652
vt 0.613637 0.433017
vt 0.659091 0.433017
vt 0.681818 0.393651
vt 0.636364 0.472382
vt 0.636364 0.419895
vt 0.659091 0.354286
vt 0.681819 0.314921
vt 0.681818 0.341165
vt 0.704546 0.354286
vt 0.818182 0.393652
vt 0.795455 0.433017
vt 0.840909 0.433017
vt 0.863636 0.393651
vt 0.818182 0.472382
vt 0.818182 0.419895
vt 0.840909 0.354286
vt 0.863637 0.314921
vt 0.909091 0.314921
vt 0.863636 0.341165
vt 0.886364 0.354286
vt 0.090910 0.393652
vt 0.068183 0.433017
vt 0.113637 0.433017
vt 0.136365 0.393651
vt 0.090910 0.472382
vt 0.090910 0.419895
vt 0.113637 0.354286
vt 0.136364 0.314921
vt 0.136364 0.341165
vt 0.159092 0.354286
vt 0.272728 0.393652
vt 0.250001 0.433017
vt 0.295455 0.433017
vt 0.318182 0.393651
vt 0.272728 0.472382
vt 0.272728 0.419895
vt 0.295455 0.354286
vt 0.318182 0.314921
vt 0.318182 0.341165
vt 0.340910 0.354286
vt 0.431819 0.275556
vt 0.386364 0.275556
vt 0.409092 0.288678
vt 0.477273 0.275556
vt 0.522728 0.275556
vt 0.500000 0.288678
vt 0.613637 0.275556
vt 0.568182 0.275556
vt 0.590910 0.288678
vt 0.659091 0.275556
vt 0.704546 0.275556
vt 0.681819 0.288678
vt 0.795455 0.275556
vt 0.750000 0.275556
vt 0.772728 0.288678
vt 0.840909 0.275556
vt 0.886364 0.275556
vt 0.863636 0.288678
vt 0.068182 0.275556
vt 0.022728 0.275556
vt 0.045455 0.288678
vt 0.113637 0.275556
vt 0.159092 0.275556
vt 0.136364 0.288678
vt 0.250001 0.275556
vt 0.204546 0.275556
vt 0.227274 0.288678
vt 0.295455 0.275556
vt 0.340910 0.275556
vt 0.318183 0.288678
vt 0.545455 0.236191
vt 0.545455 0.262434
vt 0.568182 0.196826
vt 0.590910 0.157461
vt 0.590909 0.183704
vt 0.727273 0.236191
vt 0.727273 0.262434
vt 0.750000 0.196826
vt 0.772728 0.157461
vt 0.772727 0.183704
vt 0.909091 0.236191
vt 0.931818 0.275556
vt 0.954545 0.236191
vt 0.909091 0.262434
vt 0.931818 0.196826
vt 0.954546 0.157461
vt 1.000000 0.157461
vt 0.954545 0.183704
vt 0.977273 0.196826
vt 0.181819 0.236191
vt 0.181819 0.262434
vt 0.204546 0.196826
vt 0.227274 0.157461
vt 0.227274 0.183704
vt 0.363637 0.236191
vt 0.363637 0.262434
vt 0.386364 0.196826
vt 0.409092 0.157461
vt 0.409092 0.183704
vt 0.522728 0.118096
vt 0.477273 0.118096
vt 0.500001 0.131218
vt 0.568182 0.118096
vt 0.613637 0.118096
vt 0.590910 0.131218
vt 0.704546 0.118096
vt 0.659091 0.118096
vt 0.681819 0.131218
vt 0.750000 0.118096
vt 0.795455 0.118096
vt 0.772727 0.131218
vt 0.886364 0.118096
vt 0.840909 0.118096
vt 0.863636 0.131218
vt 0.931818 0.118096
vt 0.977273 0.118096
vt 0.954546 0.131218
vt 0.386364 0.118096
vt 0.431819 0.118096
vt 0.409092 0.078731
vt 0.409092 0.131218
vt 0.363637 0.078731
vt 0.340910 0.039365
vt 0.363637 0.000000
vt 0.363637 0.052487
vt 0.386364 0.039365
vt 0.159092 0.118096
vt 0.113637 0.118096
vt 0.136365 0.131218
vt 0.204546 0.118096
vt 0.250001 0.118096
vt 0.227274 0.131218
vt 0.454546 0.367408
vt 0.636364 0.367408
vt 0.818182 0.367408
vt 0.090910 0.367408
vt 0.272728 0.367408
vt 0.454546 0.262434
vt 0.636364 0.262434
vt 0.818182 0.262434
vt 0.090910 0.262434
vt 0.272728 0.262434
vt 0.545455 0.209948
vt 0.727273 0.209948
vt 0.909091 0.209948
vt 0.181819 0.209948
vt 0.363637 0.209948
vt 0.545455 0.104974
vt 0.727273 0.104974
vt 0.909091 0.104974
vt 0.363637 0.104974
vt 0.181819 0.104974
vt 0.181819 0.000000
vt 0.181819 0.052487
vt 0.159092 0.039365
vt 0.181819 0.078731
vt 0.204546 0.039365
vt 0.227273 0.078731
vt 0.136365 0.078731
vt 0.272728 0.157461
vt 0.318182 0.131218
vt 0.318182 0.157461
vt 0.340910 0.118096
vt 0.295455 0.118096
vt 0.318182 0.078731
vt 0.363637 0.157461
vt 0.909091 0.000000
vt 0.909091 0.052487
vt 0.886364 0.039365
vt 0.909091 0.078731
vt 0.931818 0.039365
vt 0.954545 0.078731
vt 0.863636 0.078731
vt 0.727273 0.000000
vt 0.727273 0.052487
vt 0.704546 0.039365
vt 0.727273 0.078731
vt 0.750000 0.039365
vt 0.772727 0.078731
vt 0.681818 0.078731
vt 0.545455 0.000000
vt 0.545455 0.052487
vt 0.522728 0.039365
vt 0.545455 0.078731
vt 0.568182 0.039365
vt 0.590909 0.078731
vt 0.500000 0.078731
vt 0.318182 0.183704
vt 0.295455 0.196826
vt 0.340910 0.196826
vt 0.318183 0.236191
vt 0.090910 0.157461
vt 0.136365 0.183704
vt 0.113637 0.196826
vt 0.159092 0.196826
vt 0.136365 0.157461
vt 0.181819 0.157461
vt 0.136364 0.236191
vt 0.818182 0.157461
vt 0.863636 0.183704
vt 0.840909 0.196826
vt 0.886364 0.196826
vt 0.863636 0.157461
vt 0.909091 0.157461
vt 0.863637 0.236191
vt 0.636364 0.157461
vt 0.681818 0.183704
vt 0.659091 0.196826
vt 0.704546 0.196826
vt 0.681819 0.157461
vt 0.727273 0.157461
vt 0.681819 0.236191
vt 0.454546 0.157461
vt 0.500001 0.183704
vt 0.477273 0.196826
vt 0.522728 0.196826
vt 0.500001 0.157461
vt 0.545455 0.157461
vt 0.500001 0.236191
vt 0.272728 0.209948
vt 0.250001 0.196826
vt 0.272728 0.236191
vt 0.227274 0.236191
vt 0.090910 0.209948
vt 0.068183 0.196826
vt 0.090910 0.236191
vt 0.045455 0.236191
vt 0.818182 0.209948
vt 0.795455 0.196826
vt 0.818182 0.236191
vt 0.772728 0.236191
vt 0.636364 0.209948
vt 0.613637 0.196826
vt 0.636364 0.236191
vt 0.590910 0.236191
vt 0.454546 0.209948
vt 0.431819 0.196826
vt 0.454546 0.236191
vt 0.409092 0.236191
vt 0.181819 0.314921
vt 0.227274 0.341165
vt 0.204546 0.354286
vt 0.250001 0.354286
vt 0.227274 0.314921
vt 0.272728 0.314921
vt 0.227273 0.393651
vt 0.000000 0.314921
vt 0.045455 0.341165
vt 0.022728 0.354286
vt 0.068182 0.354286
vt 0.045455 0.314921
vt 0.090910 0.314921
vt 0.045455 0.393651
vt 0.727273 0.314921
vt 0.772727 0.341165
vt 0.750000 0.354286
vt 0.795455 0.354286
vt 0.772728 0.314921
vt 0.818182 0.314921
vt 0.772727 0.393651
vt 0.545455 0.314921
vt 0.590909 0.341165
vt 0.568182 0.354286
vt 0.613637 0.354286
vt 0.590910 0.314921
vt 0.636364 0.314921
vt 0.590909 0.393651
vt 0.363637 0.314921
vt 0.409092 0.341165
vt 0.386364 0.354286
vt 0.431819 0.354286
vt 0.409092 0.314921
vt 0.454546 0.314921
vt 0.409092 0.393651
vt 0.454546 0.393652
vt 0.431819 0.433017
vt 0.477273 0.433017
vt 0.500000 0.393651
vt 0.454546 0.472382
vt 0.454546 0.419895
vt 0.477273 0.354286
vt 0.500001 0.314921
vt 0.500000 0.341165
vt 0.522728 0.354286
vt 0.636364 0.393652
vt 0.613637 0.433017
vt 0.659091 0.433017
vt 0.681818 0.393651
vt 0.636364 0.472382
vt 0.636364 0.419895
vt 0.659091 0.354286
vt 0.681819 0.314921
vt 0.681818 0.341165
vt 0.704546 0.354286
vt 0.818182 0.393652
vt 0.795455 0.433017
vt 0.840909 0.433017
vt 0.863636 0.393651
vt 0.818182 0.472382
vt 0.818182 0.419895
vt 0.840909 0.354286
vt 0.863637 0.314921
vt 0.909091 0.314921
vt 0.863636 0.341165
vt 0.886364 0.354286
vt 0.090910 0.393652
vt 0.068183 0.433017
vt 0.113637 0.433017
vt 0.136365 0.393651
vt 0.090910 0.472382
vt 0.090910 0.419895
vt 0.113637 0.354286
vt 0.136364 0.314921
vt 0.136364 0.341165
vt 0.159092 0.354286
vt 0.272728 0.393652
vt 0.250001 0.433017
vt 0.295455 0.433017
vt 0.318182 0.393651
vt 0.272728 0.472382
vt 0.272728 0.419895
vt 0.295455 0.354286
vt 0.318182 0.314921
vt 0.318182 0.341165
vt 0.340910 0.354286
vt 0.431819 0.275556
vt 0.386364 0.275556
vt 0.409092 0.288678
vt 0.477273 0.275556
vt 0.522728 0.275556
vt 0.500000 0.288678
vt 0.613637 0.275556
vt 0.568182 0.275556
vt 0.590910 0.288678
vt 0.659091 0.275556
vt 0.704546 0.275556
vt 0.681819 0.288678
vt 0.795455 0.275556
vt 0.750000 0.275556
vt 0.772728 0.288678
vt 0.840909 0.275556
vt 0.886364 0.275556
vt 0.863636 0.288678
vt 0.068182 0.275556
vt 0.022728 0.275556
vt 0.045455 0.288678
vt 0.113637 0.275556
vt 0.159092 0.275556
vt 0.136364 0.288678
vt 0.250001 0.275556
vt 0.204546 0.275556
vt 0.227274 0.288678
vt 0.295455 0.275556
vt 0.340910 0.275556
vt 0.318183 0.288678
vt 0.545455 0.236191
vt 0.545455 0.262434
vt 0.568182 0.196826
vt 0.590910 0.157461
vt 0.590909 0.183704
vt 0.727273 0.236191
vt 0.727273 0.262434
vt 0.750000 0.196826
vt 0.772728 0.157461
vt 0.772727 0.183704
vt 0.909091 0.236191
vt 0.931818 0.275556
vt 0.954545 0.236191
vt 0.909091 0.262434
vt 0.931818 0.196826
vt 0.954546 0.157461
vt 1.000000 0.157461
vt 0.954545 0.183704
vt 0.977273 0.196826
vt 0.181819 0.236191
vt 0.181819 0.262434
vt 0.204546 0.196826
vt 0.227274 0.157461
vt 0.227274 0.183704
vt 0.363637 0.236191
vt 0.363637 0.262434
vt 0.386364 0.196826
vt 0.409092 0.157461
vt 0.409092 0.183704
vt 0.522728 0.118096
vt 0.477273 0.118096
vt 0.500001 0.131218
vt 0.568182 0.118096
vt 0.613637 0.118096
vt 0.590910 0.131218
vt 0.704546 0.118096
vt 0.659091 0.118096
vt 0.681819 0.131218
vt 0.750000 0.118096
vt 0.795455 0.118096
vt 0.772727 0.131218
vt 0.886364 0.118096
vt 0.840909 0.118096
vt 0.863636 0.131218
vt 0.931818 0.118096
vt 0.977273 0.118096
vt 0.954546 0.131218
vt 0.386364 0.118096
vt 0.431819 0.118096
vt 0.409092 0.078731
vt 0.409092 0.131218
vt 0.363637 0.078731
vt 0.340910 0.039365
vt 0.363637 0.000000
vt 0.363637 0.052487
vt 0.386364 0.039365
vt 0.159092 0.118096
vt 0.113637 0.118096
vt 0.136365 0.131218
vt 0.204546 0.118096
vt 0.250001 0.118096
vt 0.227274 0.131218
vt 0.454546 0.367408
vt 0.636364 0.367408
vt 0.818182 0.367408
vt 0.090910 0.367408
vt 0.272728 0.367408
vt 0.454546 0.262434
vt 0.636364 0.262434
vt 0.818182 0.262434
vt 0.090910 0.262434
vt 0.272728 0.262434
vt 0.545455 0.209948
vt 0.727273 0.209948
vt 0.909091 0.209948
vt 0.181819 0.209948
vt 0.363637 0.209948
vt 0.545455 0.104974
vt 0.727273 0.104974
vt 0.909091 0.104974
vt 0.363637 0.104974
vt 0.181819 0.104974
vt 0.181819 0.000000
vt 0.181819 0.052487
vt 0.159092 0.039365
vt 0.181819 0.078731
vt 0.204546 0.039365
vt 0.227273 0.078731
vt 0.136365 0.078731
vt 0.272728 0.157461
vt 0.318182 0.131218
vt 0.318182 0.157461
vt 0.340910 0.118096
vt 0.295455 0.118096
vt 0.318182 0.078731
vt 0.363637 0.157461
vt 0.909091 0.000000
vt 0.909091 0.052487
vt 0.886364 0.039365
vt 0.909091 0.078731
vt 0.931818 0.039365
vt 0.954545 0.078731
vt 0.863636 0.078731
vt 0.727273 0.000000
vt 0.727273 0.052487
vt 0.704546 0.039365
vt 0.727273 0.078731
vt 0.750000 0.039365
vt 0.772727 0.078731
vt 0.681818 0.078731
vt 0.545455 0.000000
vt 0.545455 0.052487
vt 0.522728 0.039365
vt 0.545455 0.078731
vt 0.568182 0.039365
vt 0.590909 0.078731
vt 0.500000 0.078731
vt 0.318182 0.183704
vt 0.295455 0.196826
vt 0.340910 0.196826
vt 0.318183 0.236191
vt 0.090910 0.157461
vt 0.136365 0.183704
vt 0.113637 0.196826
vt 0.159092 0.196826
vt 0.136365 0.157461
vt 0.181819 0.157461
vt 0.136364 0.236191
vt 0.818182 0.157461
vt 0.863636 0.183704
vt 0.840909 0.196826
vt 0.886364 0.196826
vt 0.863636 0.157461
vt 0.909091 0.157461
vt 0.863637 0.236191
vt 0.636364 0.157461
vt 0.681818 0.183704
vt 0.659091 0.196826
vt 0.704546 0.196826
vt 0.681819 0.157461
vt 0.727273 0.157461
vt 0.681819 0.236191
vt 0.454546 0.157461
vt 0.500001 0.183704
vt 0.477273 0.196826
vt 0.522728 0.196826
vt 0.500001 0.157461
vt 0.545455 0.157461
vt 0.500001 0.236191
vt 0.272728 0.209948
vt 0.250001 0.196826
vt 0.272728 0.236191
vt 0.227274 0.236191
vt 0.090910 0.209948
vt 0.068183 0.196826
vt 0.090910 0.236191
vt 0.045455 0.236191
vt 0.818182 0.209948
vt 0.795455 0.196826
vt 0.818182 0.236191
vt 0.772728 0.236191
vt 0.636364 0.209948
vt 0.613637 0.196826
vt 0.636364 0.236191
vt 0.590910 0.236191
vt 0.454546 0.209948
vt 0.431819 0.196826
vt 0.454546 0.236191
vt 0.409092 0.236191
vt 0.181819 0.314921
vt 0.227274 0.341165
vt 0.204546 0.354286
vt 0.250001 0.354286
vt 0.227274 0.314921
vt 0.272728 0.314921
vt 0.227273 0.393651
vt 0.000000 0.314921
vt 0.045455 0.341165
vt 0.022728 0.354286
vt 0.068182 0.354286
vt 0.045455 0.314921
vt 0.090910 0.314921
vt 0.045455 0.393651
vt 0.727273 0.314921
vt 0.772727 0.341165
vt 0.750000 0.354286
vt 0.795455 0.354286
vt 0.772728 0.314921
vt 0.818182 0.314921
vt 0.772727 0.393651
vt 0.545455 0.314921
vt 0.590909 0.341165
vt 0.568182 0.354286
vt 0.613637 0.354286
vt 0.590910 0.314921
vt 0.636364 0.314921
vt 0.590909 0.393651
vt 0.363637 0.314921
vt 0.409092 0.341165
vt 0.386364 0.354286
vt 0.431819 0.354286
vt 0.409092 0.314921
vt 0.454546 0.314921
vt 0.409092 0.393651
vt 0.454546 0.393652
vt 0.431819 0.433017
vt 0.477273 0.433017
vt 0.500000 0.393651
vt 0.454546 0.472382
vt 0.454546 0.419895
vt 0.477273 0.354286
vt 0.500001 0.314921
vt 0.500000 0.341165
vt 0.522728 0.354286
vt 0.636364 0.393652
vt 0.613637 0.433017
vt 0.659091 0.433017
vt 0.681818 0.393651
vt 0.636364 0.472382
vt 0.636364 0.419895
vt 0.659091 0.354286
vt 0.681819 0.314921
vt 0.681818 0.341165
vt 0.704546 0.354286
vt 0.818182 0.393652
vt 0.795455 0.433017
vt 0.840909 0.433017
vt 0.863636 0.393651
vt 0.818182 0.472382
vt 0.818182 0.419895
vt 0.840909 0.354286
vt 0.863637 0.314921
vt 0.909091 0.314921
vt 0.863636 0.341165
vt 0.886364 0.354286
vt 0.090910 0.393652
vt 0.068183 0.433017
vt 0.113637 0.433017
vt 0.136365 0.393651
vt 0.090910 0.472382
vt 0.090910 0.419895
vt 0.113637 0.354286
vt 0.136364 0.314921
vt 0.136364 0.341165
vt 0.159092 0.354286
vt 0.272728 0.393652
vt 0.250001 0.433017
vt 0.295455 0.433017
vt 0.318182 0.393651
vt 0.272728 0.472382
vt 0.272728 0.419895
vt 0.295455 0.354286
vt 0.318182 0.314921
vt 0.318182 0.341165
vt 0.340910 0.354286
vt 0.431819 0.275556
vt 0.386364 0.275556
vt 0.409092 0.288678
vt 0.477273 0.275556
vt 0.522728 0.275556
vt 0.500000 0.288678
vt 0.613637 0.275556
vt 0.568182 0.275556
vt 0.590910 0.288678
vt 0.659091 0.275556
vt 0.704546 0.275556
vt 0.681819 0.288678
vt 0.795455 0.275556
vt 0.750000 0.275556
vt 0.772728 0.288678
vt 0.840909 0.275556
vt 0.886364 0.275556
vt 0.863636 0.288678
vt 0.068182 0.275556
vt 0.022728 0.275556
vt 0.045455 0.288678
vt 0.113637 0.275556
vt 0.159092 0.275556
vt 0.136364 0.288678
vt 0.250001 0.275556
vt 0.204546 0.275556
vt 0.227274 0.288678
vt 0.295455 0.275556
vt 0.340910 0.275556
vt 0.318183 0.288678
vt 0.545455 0.236191
vt 0.545455 0.262434
vt 0.568182 0.196826
vt 0.590910 0.157461
vt 0.590909 0.183704
vt 0.727273 0.236191
vt 0.727273 0.262434
vt 0.750000 0.196826
vt 0.772728 0.157461
vt 0.772727 0.183704
vt 0.909091 0.236191
vt 0.931818 0.275556
vt 0.954545 0.236191
vt 0.909091 0.262434
vt 0.931818 0.196826
vt 0.954546 0.157461
vt 1.000000 0.157461
vt 0.954545 0.183704
vt 0.977273 0.196826
vt 0.181819 0.236191
vt 0.181819 0.262434
vt 0.204546 0.196826
vt 0.227274 0.157461
vt 0.227274 0.183704
vt 0.363637 0.236191
vt 0.363637 0.262434
vt 0.386364 0.196826
vt 0.409092 0.157461
vt 0.409092 0.183704
vt 0.522728 0.118096
vt 0.477273 0.118096
vt 0.500001 0.131218
vt 0.568182 0.118096
vt 0.613637 0.118096
vt 0.590910 0.131218
vt 0.704546 0.118096
vt 0.659091 0.118096
vt 0.681819 0.131218
vt 0.750000 0.118096
vt 0.795455 0.118096
vt 0.772727 0.131218
vt 0.886364 0.118096
vt 0.840909 0.118096
vt 0.863636 0.131218
vt 0.931818 0.118096
vt 0.977273 0.118096
vt 0.954546 0.131218
vt 0.386364 0.118096
vt 0.431819 0.118096
vt 0.409092 0.078731
vt 0.409092 0.131218
vt 0.363637 0.078731
vt 0.340910 0.039365
vt 0.363637 0.000000
vt 0.363637 0.052487
vt 0.386364 0.039365
vt 0.159092 0.118096
vt 0.113637 0.118096
vt 0.136365 0.131218
vt 0.204546 0.118096
vt 0.250001 0.118096
vt 0.227274 0.131218
vt 0.454546 0.367408
vt 0.636364 0.367408
vt 0.818182 0.367408
vt 0.090910 0.367408
vt 0.272728 0.367408
vt 0.454546 0.262434
vt 0.636364 0.262434
vt 0.818182 0.262434
vt 0.090910 0.262434
vt 0.272728 0.262434
vt 0.545455 0.209948
vt 0.727273 0.209948
vt 0.909091 0.209948
vt 0.181819 0.209948
vt 0.363637 0.209948
vt 0.545455 0.104974
vt 0.727273 0.104974
vt 0.909091 0.104974
vt 0.363637 0.104974
vt 0.181819 0.104974
vt 0.181819 0.000000
vt 0.181819 0.052487
vt 0.159092 0.039365
vt 0.181819 0.078731
vt 0.204546 0.039365
vt 0.227273 0.078731
vt 0.136365 0.078731
vt 0.272728 0.157461
vt 0.318182 0.131218
vt 0.318182 0.157461
vt 0.340910 0.118096
vt 0.295455 0.118096
vt 0.318182 0.078731
vt 0.363637 0.157461
vt 0.909091 0.000000
vt 0.909091 0.052487
vt 0.886364 0.039365
vt 0.909091 0.078731
vt 0.931818 0.039365
vt 0.954545 0.078731
vt 0.863636 0.078731
vt 0.727273 0.000000
vt 0.727273 0.052487
vt 0.704546 0.039365
vt 0.727273 0.078731
vt 0.750000 0.039365
vt 0.772727 0.078731
vt 0.681818 0.078731
vt 0.545455 0.000000
vt 0.545455 0.052487
vt 0.522728 0.039365
vt 0.545455 0.078731
vt 0.568182 0.039365
vt 0.590909 0.078731
vt 0.500000 0.078731
vt 0.318182 0.183704
vt 0.295455 0.196826
vt 0.340910 0.196826
vt 0.318183 0.236191
vt 0.090910 0.157461
vt 0.136365 0.183704
vt 0.113637 0.196826
vt 0.159092 0.196826
vt 0.136365 0.157461
vt 0.181819 0.157461
vt 0.136364 0.236191
vt 0.818182 0.157461
vt 0.863636 0.183704
vt 0.840909 0.196826
vt 0.886364 0.196826
vt 0.863636 0.157461
vt 0.909091 0.157461
vt 0.863637 0.236191
vt 0.636364 0.157461
vt 0.681818 0.183704
vt 0.659091 0.196826
vt 0.704546 0.196826
vt 0.681819 0.157461
vt 0.727273 0.157461
vt 0.681819 0.236191
vt 0.454546 0.157461
vt 0.500001 0.183704
vt 0.477273 0.196826
vt 0.522728 0.196826
vt 0.500001 0.157461
vt 0.545455 0.157461
vt 0.500001 0.236191
vt 0.272728 0.209948
vt 0.250001 0.196826
vt 0.272728 0.236191
vt 0.227274 0.236191
vt 0.090910 0.209948
vt 0.068183 0.196826
vt 0.090910 0.236191
vt 0.045455 0.236191
vt 0.818182 0.209948
vt 0.795455 0.196826
vt 0.818182 0.236191
vt 0.772728 0.236191
vt 0.636364 0.209948
vt 0.613637 0.196826
vt 0.636364 0.236191
vt 0.590910 0.236191
vt 0.454546 0.209948
vt 0.431819 0.196826
vt 0.454546 0.236191
vt 0.409092 0.236191
vt 0.181819 0.314921
vt 0.227274 0.341165
vt 0.204546 0.354286
vt 0.250001 0.354286
vt 0.227274 0.314921
vt 0.272728 0.314921
vt 0.227273 0.393651
vt 0.000000 0.314921
vt 0.045455 0.341165
vt 0.022728 0.354286
vt 0.068182 0.354286
vt 0.045455 0.314921
vt 0.090910 0.314921
vt 0.045455 0.393651
vt 0.727273 0.314921
vt 0.772727 0.341165
vt 0.750000 0.354286
vt 0.795455 0.354286
vt 0.772728 0.314921
vt 0.818182 0.314921
vt 0.772727 0.393651
vt 0.545455 0.314921
vt 0.590909 0.341165
vt 0.568182 0.354286
vt 0.613637 0.354286
vt 0.590910 0.314921
vt 0.636364 0.314921
vt 0.590909 0.393651
vt 0.363637 0.314921
vt 0.409092 0.341165
vt 0.386364 0.354286
vt 0.431819 0.354286
vt 0.409092 0.314921
vt 0.454546 0.314921
vt 0.409092 0.393651
vt 0.454546 0.393652
vt 0.431819 0.433017
vt 0.477273 0.433017
vt 0.500000 0.393651
vt 0.454546 0.472382
vt 0.454546 0.419895
vt 0.477273 0.354286
vt 0.500001 0.314921
vt 0.500000 0.341165
vt 0.522728 0.354286
vt 0.636364 0.393652
vt 0.613637 0.433017
vt 0.659091 0.433017
vt 0.681818 0.393651
vt 0.636364 0.472382
vt 0.636364 0.419895
vt 0.659091 0.354286
vt 0.681819 0.314921
vt 0.681818 0.341165
vt 0.704546 0.354286
vt 0.818182 0.393652
vt 0.795455 0.433017
vt 0.840909 0.433017
vt 0.863636 0.393651
vt 0.818182 0.472382
vt 0.818182 0.419895
vt 0.840909 0.354286
vt 0.863637 0.314921
vt 0.909091 0.314921
vt 0.863636 0.341165
vt 0.886364 0.354286
vt 0.090910 0.393652
vt 0.068183 0.433017
vt 0.113637 0.433017
vt 0.136365 0.393651
vt 0.090910 0.472382
vt 0.090910 0.419895
vt 0.113637 0.354286
vt 0.136364 0.314921
vt 0.136364 0.341165
vt 0.159092 0.354286
vt 0.272728 0.393652
vt 0.250001 0.433017
vt 0.295455 0.433017
vt 0.318182 0.393651
vt 0.272728 0.472382
vt 0.272728 0.419895
vt 0.295455 0.354286
vt 0.318182 0.314921
vt 0.318182 0.341165
vt 0.340910 0.354286
vt 0.431819 0.275556
vt 0.386364 0.275556
vt 0.409092 0.288678
vt 0.477273 0.275556
vt 0.522728 0.275556
vt 0.500000 0.288678
vt 0.613637 0.275556
vt 0.568182 0.275556
vt 0.590910 0.288678
vt 0.659091 0.275556
vt 0.704546 0.275556
vt 0.681819 0.288678
vt 0.795455 0.275556
vt 0.750000 0.275556
vt 0.772728 0.288678
vt 0.840909 0.275556
vt 0.886364 0.275556
vt 0.863636 0.288678
vt 0.068182 0.275556
vt 0.022728 0.275556
vt 0.045455 0.288678
vt 0.113637 0.275556
vt 0.159092 0.275556
vt 0.136364 0.288678
vt 0.250001 0.275556
vt 0.204546 0.275556
vt 0.227274 0.288678
vt 0.295455 0.275556
vt 0.340910 0.275556
vt 0.318183 0.288678
vt 0.545455 0.236191
vt 0.545455 0.262434
vt 0.568182 0.196826
vt 0.590910 0.157461
vt 0.590909 0.183704
vt 0.727273 0.236191
vt 0.727273 0.262434
vt 0.750000 0.196826
vt 0.772728 0.157461
vt 0.772727 0.183704
vt 0.909091 0.236191
vt 0.931818 0.275556
vt 0.954545 0.236191
vt 0.909091 0.262434
vt 0.931818 0.196826
vt 0.954546 0.157461
vt 1.000000 0.157461
vt 0.954545 0.183704
vt 0.977273 0.196826
vt 0.181819 0.236191
vt 0.181819 0.262434
vt 0.204546 0.196826
vt 0.227274 0.157461
vt 0.227274 0.183704
vt 0.363637 0.236191
vt 0.363637 0.262434
vt 0.386364 0.196826
vt 0.409092 0.157461
vt 0.409092 0.183704
vt 0.522728 0.118096
vt 0.477273 0.118096
vt 0.500001 0.131218
vt 0.568182 0.118096
vt 0.613637 0.118096
vt 0.590910 0.131218
vt 0.704546 0.118096
vt 0.659091 0.118096
vt 0.681819 0.131218
vt 0.750000 0.118096
vt 0.795455 0.118096
vt 0.772727 0.131218
vt 0.886364 0.118096
vt 0.840909 0.118096
vt 0.863636 0.131218
vt 0.931818 0.118096
vt 0.977273 0.118096
vt 0.954546 0.131218
vt 0.386364 0.118096
vt 0.431819 0.118096
vt 0.409092 0.078731
vt 0.409092 0.131218
vt 0.363637 0.078731
vt 0.340910 0.039365
vt 0.363637 0.000000
vt 0.363637 0.052487
vt 0.386364 0.039365
vt 0.159092 0.118096
vt 0.113637 0.118096
vt 0.136365 0.131218
vt 0.204546 0.118096
vt 0.250001 0.118096
vt 0.227274 0.131218
vt 0.454546 0.367408
vt 0.636364 0.367408
vt 0.818182 0.367408
vt 0.090910 0.367408
vt 0.272728 0.367408
vt 0.454546 0.262434
vt 0.636364 0.262434
vt 0.818182 0.262434
vt 0.090910 0.262434
vt 0.272728 0.262434
vt 0.545455 0.209948
vt 0.727273 0.209948
vt 0.909091 0.209948
vt 0.181819 0.209948
vt 0.363637 0.209948
vt 0.545455 0.104974
vt 0.727273 0.104974
vt 0.909091 0.104974
vt 0.363637 0.104974
vt 0.181819 0.104974
vt 0.181819 0.000000
vt 0.181819 0.052487
vt 0.159092 0.039365
vt 0.181819 0.078731
vt 0.204546 0.039365
vt 0.227273 0.078731
vt 0.136365 0.078731
vt 0.272728 0.157461
vt 0.318182 0.131218
vt 0.318182 0.157461
vt 0.340910 0.118096
vt 0.295455 0.118096
vt 0.318182 0.078731
vt 0.363637 0.157461
vt 0.909091 0.000000
vt 0.909091 0.052487
vt 0.886364 0.039365
vt 0.909091 0.078731
vt 0.931818 0.039365
vt 0.954545 0.078731
vt 0.863636 0.078731
vt 0.727273 0.000000
vt 0.727273 0.052487
vt 0.704546 0.039365
vt 0.727273 0.078731
vt 0.750000 0.039365
vt 0.772727 0.078731
vt 0.681818 0.078731
vt 0.545455 0.000000
vt 0.545455 0.052487
vt 0.522728 0.039365
vt 0.545455 0.078731
vt 0.568182 0.039365
vt 0.590909 0.078731
vt 0.500000 0.078731
vt 0.318182 0.183704
vt 0.295455 0.196826
vt 0.340910 0.196826
vt 0.318183 0.236191
vt 0.090910 0.157461
vt 0.136365 0.183704
vt 0.113637 0.196826
vt 0.159092 0.196826
vt 0.136365 0.157461
vt 0.181819 0.157461
vt 0.136364 0.236191
vt 0.818182 0.157461
vt 0.863636 0.183704
vt 0.840909 0.196826
vt 0.886364 0.196826
vt 0.863636 0.157461
vt 0.909091 0.157461
vt 0.863637 0.236191
vt 0.636364 0.157461
vt 0.681818 0.183704
vt 0.659091 0.196826
vt 0.704546 0.196826
vt 0.681819 0.157461
vt 0.727273 0.157461
vt 0.681819 0.236191
vt 0.454546 0.157461
vt 0.500001 0.183704
vt 0.477273 0.196826
vt 0.522728 0.196826
vt 0.500001 0.157461
vt 0.545455 0.157461
vt 0.500001 0.236191
vt 0.272728 0.209948
vt 0.250001 0.196826
vt 0.272728 0.236191
vt 0.227274 0.236191
vt 0.090910 0.209948
vt 0.068183 0.196826
vt 0.090910 0.236191
vt 0.045455 0.236191
vt 0.818182 0.209948
vt 0.795455 0.196826
vt 0.818182 0.236191
vt 0.772728 0.236191
vt 0.636364 0.209948
vt 0.613637 0.196826
vt 0.636364 0.236191
vt 0.590910 0.236191
vt 0.454546 0.209948
vt 0.431819 0.196826
vt 0.454546 0.236191
vt 0.409092 0.236191
vt 0.181819 0.314921
vt 0.227274 0.341165
vt 0.204546 0.354286
vt 0.250001 0.354286
vt 0.227274 0.314921
vt 0.272728 0.314921
vt 0.227273 0.393651
vt 0.000000 0.314921
vt 0.045455 0.341165
vt 0.022728 0.354286
vt 0.068182 0.354286
vt 0.045455 0.314921
vt 0.090910 0.314921
vt 0.045455 0.393651
vt 0.727273 0.314921
vt 0.772727 0.341165
vt 0.750000 0.354286
vt 0.795455 0.354286
vt 0.772728 0.314921
vt 0.818182 0.314921
vt 0.772727 0.393651
vt 0.545455 0.314921
vt 0.590909 0.341165
vt 0.568182 0.354286
vt 0.613637 0.354286
vt 0.590910 0.314921
vt 0.636364 0.314921
vt 0.590909 0.393651
vt 0.363637 0.314921
vt 0.409092 0.341165
vt 0.386364 0.354286
vt 0.431819 0.354286
vt 0.409092 0.314921
vt 0.454546 0.314921
vt 0.409092 0.393651
vt 0.454546 0.393652
vt 0.431819 0.433017
vt 0.477273 0.433017
vt 0.500000 0.393651
vt 0.454546 0.472382
vt 0.454546 0.419895
vt 0.477273 0.354286
vt 0.500001 0.314921
vt 0.500000 0.341165
vt 0.522728 0.354286
vt 0.636364 0.393652
vt 0.613637 0.433017
vt 0.659091 0.433017
vt 0.681818 0.393651
vt 0.636364 0.472382
vt 0.636364 0.419895
vt 0.659091 0.354286
vt 0.681819 0.314921
vt 0.681818 0.341165
vt 0.704546 0.354286
vt 0.818182 0.393652
vt 0.795455 0.433017
vt 0.840909 0.433017
vt 0.863636 0.393651
vt 0.818182 0.472382
vt 0.818182 0.419895
vt 0.840909 0.354286
vt 0.863637 0.314921
vt 0.909091 0.314921
vt 0.863636 0.341165
vt 0.886364 0.354286
vt 0.090910 0.393652
vt 0.068183 0.433017
vt 0.113637 0.433017
vt 0.136365 0.393651
vt 0.090910 0.472382
vt 0.090910 0.419895
vt 0.113637 0.354286
vt 0.136364 0.314921
vt 0.136364 0.341165
vt 0.159092 0.354286
vt 0.272728 0.393652
vt 0.250001 0.433017
vt 0.295455 0.433017
vt 0.318182 0.393651
vt 0.272728 0.472382
vt 0.272728 0.419895
vt 0.295455 0.354286
vt 0.318182 0.314921
vt 0.318182 0.341165
vt 0.340910 0.354286
vt 0.431819 0.275556
vt 0.386364 0.275556
vt 0.409092 0.288678
vt 0.477273 0.275556
vt 0.522728 0.275556
vt 0.500000 0.288678
vt 0.613637 0.275556
vt 0.568182 0.275556
vt 0.590910 0.288678
vt 0.659091 0.275556
vt 0.704546 0.275556
vt 0.681819 0.288678
vt 0.795455 0.275556
vt 0.750000 0.275556
vt 0.772728 0.288678
vt 0.840909 0.275556
vt 0.886364 0.275556
vt 0.863636 0.288678
vt 0.068182 0.275556
vt 0.022728 0.275556
vt 0.045455 0.288678
vt 0.113637 0.275556
vt 0.159092 0.275556
vt 0.136364 0.288678
vt 0.250001 0.275556
vt 0.204546 0.275556
vt 0.227274 0.288678
vt 0.295455 0.275556
vt 0.340910 0.275556
vt 0.318183 0.288678
vt 0.545455 0.236191
vt 0.545455 0.262434
vt 0.568182 0.196826
vt 0.590910 0.157461
vt 0.590909 0.183704
vt 0.727273 0.236191
vt 0.727273 0.262434
vt 0.750000 0.196826
vt 0.772728 0.157461
vt 0.772727 0.183704
vt 0.909091 0.236191
vt 0.931818 0.275556
vt 0.954545 0.236191
vt 0.909091 0.262434
vt 0.931818 0.196826
vt 0.954546 0.157461
vt 1.000000 0.157461
vt 0.954545 0.183704
vt 0.977273 0.196826
vt 0.181819 0.236191
vt 0.181819 0.262434
vt 0.204546 0.196826
vt 0.227274 0.157461
vt 0.227274 0.183704
vt 0.363637 0.236191
vt 0.363637 0.262434
vt 0.386364 0.196826
vt 0.409092 0.157461
vt 0.409092 0.183704
vt 0.522728 0.118096
vt 0.477273 0.118096
vt 0.500001 0.131218
vt 0.568182 0.118096
vt 0.613637 0.118096
vt 0.590910 0.131218
vt 0.704546 0.118096
vt 0.659091 0.118096
vt 0.681819 0.131218
vt 0.750000 0.118096
vt 0.795455 0.118096
vt 0.772727 0.131218
vt 0.886364 0.118096
vt 0.840909 0.118096
vt 0.863636 0.131218
vt 0.931818 0.118096
vt 0.977273 0.118096
vt 0.954546 0.131218
vt 0.386364 0.118096
vt 0.431819 0.118096
vt 0.409092 0.078731
vt 0.409092 0.131218
vt 0.363637 0.078731
vt 0.340910 0.039365
vt 0.363637 0.000000
vt 0.363637 0.052487
vt 0.386364 0.039365
vt 0.159092 0.118096
vt 0.113637 0.118096
vt 0.136365 0.131218
vt 0.204546 0.118096
vt 0.250001 0.118096
vt 0.227274 0.131218
vt 0.454546 0.367408
vt 0.636364 0.367408
vt 0.818182 0.367408
vt 0.090910 0.367408
vt 0.272728 0.367408
vt 0.454546 0.262434
vt 0.636364 0.262434
vt 0.818182 0.262434
vt 0.090910 0.262434
vt 0.272728 0.262434
vt 0.545455 0.209948
vt 0.727273 0.209948
vt 0.909091 0.209948
vt 0.181819 0.209948
vt 0.363637 0.209948
vt 0.545455 0.104974
vt 0.727273 0.104974
vt 0.909091 0.104974
vt 0.363637 0.104974
vt 0.181819 0.104974
vt 0.181819 0.000000
vt 0.181819 0.052487
vt 0.159092 0.039365
vt 0.181819 0.078731
vt 0.204546 0.039365
vt 0.227273 0.078731
vt 0.136365 0.078731
vt 0.272728 0.157461
vt 0.318182 0.131218
vt 0.318182 0.157461
vt 0.340910 0.118096
vt 0.295455 0.118096
vt 0.318182 0.078731
vt 0.363637 0.157461
vt 0.909091 0.000000
vt 0.909091 0.052487
vt 0.886364 0.039365
vt 0.909091 0.078731
vt 0.931818 0.039365
vt 0.954545 0.078731
vt 0.863636 0.078731
vt 0.727273 0.000000
vt 0.727273 0.052487
vt 0.704546 0.039365
vt 0.727273 0.078731
vt 0.750000 0.039365
vt 0.772727 0.078731
vt 0.681818 0.078731
vt 0.545455 0.000000
vt 0.545455 0.052487
vt 0.522728 0.039365
vt 0.545455 0.078731
vt 0.568182 0.039365
vt 0.590909 0.078731
vt 0.500000 0.078731
vt 0.318182 0.183704
vt 0.295455 0.196826
vt 0.340910 0.196826
vt 0.318183 0.236191
vt 0.090910 0.157461
vt 0.136365 0.183704
vt 0.113637 0.196826
vt 0.159092 0.196826
vt 0.136365 0.157461
vt 0.181819 0.157461
vt 0.136364 0.236191
vt 0.818182 0.157461
vt 0.863636 0.183704
vt 0.840909 0.196826
vt 0.886364 0.196826
vt 0.863636 0.157461
vt 0.909091 0.157461
vt 0.863637 0.236191
vt 0.636364 0.157461
vt 0.681818 0.183704
vt 0.659091 0.196826
vt 0.704546 0.196826
vt 0.681819 0.157461
vt 0.727273 0.157461
vt 0.681819 0.236191
vt 0.454546 0.157461
vt 0.500001 0.183704
vt 0.477273 0.196826
vt 0.522728 0.196826
vt 0.500001 0.157461
vt 0.545455 0.157461
vt 0.500001 0.236191
vt 0.272728 0.209948
vt 0.250001 0.196826
vt 0.272728 0.236191
vt 0.227274 0.236191
vt 0.090910 0.209948
vt 0.068183 0.196826
vt 0.090910 0.236191
vt 0.045455 0.236191
vt 0.818182 0.209948
vt 0.795455 0.196826
vt 0.818182 0.236191
vt 0.772728 0.236191
vt 0.636364 0.209948
vt 0.613637 0.196826
vt 0.636364 0.236191
vt 0.590910 0.236191
vt 0.454546 0.209948
vt 0.431819 0.196826
vt 0.454546 0.236191
vt 0.409092 0.236191
vt 0.181819 0.314921
vt 0.227274 0.341165
vt 0.204546 0.354286
vt 0.250001 0.354286
vt 0.227274 0.314921
vt 0.272728 0.314921
vt 0.227273 0.393651
vt 0.000000 0.314921
vt 0.045455 0.341165
vt 0.022728 0.354286
vt 0.068182 0.354286
vt 0.045455 0.314921
vt 0.090910 0.314921
vt 0.045455 0.393651
vt 0.727273 0.314921
vt 0.772727 0.341165
vt 0.750000 0.354286
vt 0.795455 0.354286
vt 0.772728 0.314921
vt 0.818182 0.314921
vt 0.772727 0.393651
vt 0.545455 0.314921
vt 0.590909 0.341165
vt 0.568182 0.354286
vt 0.613637 0.354286
vt 0.590910 0.314921
vt 0.636364 0.314921
vt 0.590909 0.393651
vt 0.363637 0.314921
vt 0.409092 0.341165
vt 0.386364 0.354286
vt 0.431819 0.354286
vt 0.409092 0.314921
vt 0.454546 0.314921
vt 0.409092 0.393651
vt 0.454546 0.393652
vt 0.431819 0.433017
vt 0.477273 0.433017
vt 0.500000 0.393651
vt 0.454546 0.472382
vt 0.454546 0.419895
vt 0.477273 0.354286
vt 0.500001 0.314921
vt 0.500000 0.341165
vt 0.522728 0.354286
vt 0.636364 0.393652
vt 0.613637 0.433017
vt 0.659091 0.433017
vt 0.681818 0.393651
vt 0.636364 0.472382
vt 0.636364 0.419895
vt 0.659091 0.354286
vt 0.681819 0.314921
vt 0.681818 0.341165
vt 0.704546 0.354286
vt 0.818182 0.393652
vt 0.795455 0.433017
vt 0.840909 0.433017
vt 0.863636 0.393651
vt 0.818182 0.472382
vt 0.818182 0.419895
vt 0.840909 0.354286
vt 0.863637 0.314921
vt 0.909091 0.314921
vt 0.863636 0.341165
vt 0.886364 0.354286
vt 0.090910 0.393652
vt 0.068183 0.433017
vt 0.113637 0.433017
vt 0.136365 0.393651
vt 0.090910 0.472382
vt 0.090910 0.419895
vt 0.113637 0.354286
vt 0.136364 0.314921
vt 0.136364 0.341165
vt 0.159092 0.354286
vt 0.272728 0.393652
vt 0.250001 0.433017
vt 0.295455 0.433017
vt 0.318182 0.393651
vt 0.272728 0.472382
vt 0.272728 0.419895
vt 0.295455 0.354286
vt 0.318182 0.314921
vt 0.318182 0.341165
vt 0.340910 0.354286
vt 0.431819 0.275556
vt 0.386364 0.275556
vt 0.409092 0.288678
vt 0.477273 0.275556
vt 0.522728 0.275556
vt 0.500000 0.288678
vt 0.613637 0.275556
vt 0.568182 0.275556
vt 0.590910 0.288678
vt 0.659091 0.275556
vt 0.704546 0.275556
vt 0.681819 0.288678
vt 0.795455 0.275556
vt 0.750000 0.275556
vt 0.772728 0.288678
vt 0.840909 0.275556
vt 0.886364 0.275556
vt 0.863636 0.288678
vt 0.068182 0.275556
vt 0.022728 0.275556
vt 0.045455 0.288678
vt 0.113637 0.275556
vt 0.159092 0.275556
vt 0.136364 0.288678
vt 0.250001 0.275556
vt 0.204546 0.275556
vt 0.227274 0.288678
vt 0.295455 0.275556
vt 0.340910 0.275556
vt 0.318183 0.288678
vt 0.545455 0.236191
vt 0.545455 0.262434
vt 0.568182 0.196826
vt 0.590910 0.157461
vt 0.590909 0.183704
vt 0.727273 0.236191
vt 0.727273 0.262434
vt 0.750000 0.196826
vt 0.772728 0.157461
vt 0.772727 0.183704
vt 0.909091 0.236191
vt 0.931818 0.275556
vt 0.954545 0.236191
vt 0.909091 0.262434
vt 0.931818 0.196826
vt 0.954546 0.157461
vt 1.000000 0.157461
vt 0.954545 0.183704
vt 0.977273 0.196826
vt 0.181819 0.236191
vt 0.181819 0.262434
vt 0.204546 0.196826
vt 0.227274 0.157461
vt 0.227274 0.183704
vt 0.363637 0.236191
vt 0.363637 0.262434
vt 0.386364 0.196826
vt 0.409092 0.157461
vt 0.409092 0.183704
vt 0.522728 0.118096
vt 0.477273 0.118096
vt 0.500001 0.131218
vt 0.568182 0.118096
vt 0.613637 0.118096
vt 0.590910 0.131218
vt 0.704546 0.118096
vt 0.659091 0.118096
vt 0.681819 0.131218
vt 0.750000 0.118096
vt 0.795455 0.118096
vt 0.772727 0.131218
vt 0.886364 0.118096
vt 0.840909 0.118096
vt 0.863636 0.131218
vt 0.931818 0.118096
vt 0.977273 0.118096
vt 0.954546 0.131218
vt 0.386364 0.118096
vt 0.431819 0.118096
vt 0.409092 0.078731
vt 0.409092 0.131218
vt 0.363637 0.078731
vt 0.340910 0.039365
vt 0.363637 0.000000
vt 0.363637 0.052487
vt 0.386364 0.039365
vt 0.159092 0.118096
vt 0.113637 0.118096
vt 0.136365 0.131218
vt 0.204546 0.118096
vt 0.250001 0.118096
vt 0.227274 0.131218
vt 0.454546 0.367408
vt 0.636364 0.367408
vt 0.818182 0.367408
vt 0.090910 0.367408
vt 0.272728 0.367408
vt 0.454546 0.262434
vt 0.636364 0.262434
vt 0.818182 0.262434
vt 0.090910 0.262434
vt 0.272728 0.262434
vt 0.545455 0.209948
vt 0.727273 0.209948
vt 0.909091 0.209948
vt 0.181819 0.209948
vt 0.363637 0.209948
vt 0.545455 0.104974
vt 0.727273 0.104974
vt 0.909091 0.104974
vt 0.363637 0.104974
vt 0.181819 0.104974
vt 0.181819 0.000000
vt 0.181819 0.052487
vt 0.159092 0.039365
vt 0.181819 0.078731
vt 0.204546 0.039365
vt 0.227273 0.078731
vt 0.136365 0.078731
vt 0.272728 0.157461
vt 0.318182 0.131218
vt 0.318182 0.157461
vt 0.340910 0.118096
vt 0.295455 0.118096
vt 0.318182 0.078731
vt 0.363637 0.157461
vt 0.909091 0.000000
vt 0.909091 0.052487
vt 0.886364 0.039365
vt 0.909091 0.078731
vt 0.931818 0.039365
vt 0.954545 0.078731
vt 0.863636 0.078731
vt 0.727273 0.000000
vt 0.727273 0.052487
vt 0.704546 0.039365
vt 0.727273 0.078731
vt 0.750000 0.039365
vt 0.772727 0.078731
vt 0.681818 0.078731
vt 0.545455 0.000000
vt 0.545455 0.052487
vt 0.522728 0.039365
vt 0.545455 0.078731
vt 0.568182 0.039365
vt 0.590909 0.078731
vt 0.500000 0.078731
vt 0.318182 0.183704
vt 0.295455 0.196826
vt 0.340910 0.196826
vt 0.318183 0.236191
vt 0.090910 0.157461
vt 0.136365 0.183704
vt 0.113637 0.196826
vt 0.159092 0.196826
vt 0.136365 0.157461
vt 0.181819 0.157461
vt 0.136364 0.236191
vt 0.818182 0.157461
vt 0.863636 0.183704
vt 0.840909 0.196826
vt 0.886364 0.196826
vt 0.863636 0.157461
vt 0.909091 0.157461
vt 0.863637 0.236191
vt 0.636364 0.157461
vt 0.681818 0.183704
vt 0.659091 0.196826
vt 0.704546 0.196826
vt 0.681819 0.157461
vt 0.727273 0.157461
vt 0.681819 0.236191
vt 0.454546 0.157461
vt 0.500001 0.183704
vt 0.477273 0.196826
vt 0.522728 0.196826
vt 0.500001 0.157461
vt 0.545455 0.157461
vt 0.500001 0.236191
vt 0.272728 0.209948
vt 0.250001 0.196826
vt 0.272728 0.236191
vt 0.227274 0.236191
vt 0.090910 0.209948
vt 0.068183 0.196826
vt 0.090910 0.236191
vt 0.045455 0.236191
vt 0.818182 0.209948
vt 0.795455 0.196826
vt 0.818182 0.236191
vt 0.772728 0.236191
vt 0.636364 0.209948
vt 0.613637 0.196826
vt 0.636364 0.236191
vt 0.590910 0.236191
vt 0.454546 0.209948
vt 0.431819 0.196826
vt 0.454546 0.236191
vt 0.409092 0.236191
vt 0.181819 0.314921
vt 0.227274 0.341165
vt 0.204546 0.354286
vt 0.250001 0.354286
vt 0.227274 0.314921
vt 0.272728 0.314921
vt 0.227273 0.393651
vt 0.000000 0.314921
vt 0.045455 0.341165
vt 0.022728 0.354286
vt 0.068182 0.354286
vt 0.045455 0.314921
vt 0.090910 0.314921
vt 0.045455 0.393651
vt 0.727273 0.314921
vt 0.772727 0.341165
vt 0.750000 0.354286
vt 0.795455 0.354286
vt 0.772728 0.314921
vt 0.818182 0.314921
vt 0.772727 0.393651
vt 0.545455 0.314921
vt 0.590909 0.341165
vt 0.568182 0.354286
vt 0.613637 0.354286
vt 0.590910 0.314921
vt 0.636364 0.314921
vt 0.590909 0.393651
vt 0.363637 0.314921
vt 0.409092 0.341165
vt 0.386364 0.354286
vt 0.431819 0.354286
vt 0.409092 0.314921
vt 0.454546 0.314921
vt 0.409092 0.393651
vt 0.454546 0.393652
vt 0.431819 0.433017
vt 0.477273 0.433017
vt 0.500000 0.393651
vt 0.454546 0.472382
vt 0.454546 0.419895
vt 0.477273 0.354286
vt 0.500001 0.314921
vt 0.500000 0.341165
vt 0.522728 0.354286
vt 0.636364 0.393652
vt 0.613637 0.433017
vt 0.659091 0.433017
vt 0.681818 0.393651
vt 0.636364 0.472382
vt 0.636364 0.419895
vt 0.659091 0.354286
vt 0.681819 0.314921
vt 0.681818 0.341165
vt 0.704546 0.354286
vt 0.818182 0.393652
vt 0.795455 0.433017
vt 0.840909 0.433017
vt 0.863636 0.393651
vt 0.818182 0.472382
vt 0.818182 0.419895
vt 0.840909 0.354286
vt 0.863637 0.314921
vt 0.909091 0.314921
vt 0.863636 0.341165
vt 0.886364 0.354286
vt 0.090910 0.393652
vt 0.068183 0.433017
vt 0.113637 0.433017
vt 0.136365 0.393651
vt 0.090910 0.472382
vt 0.090910 0.419895
vt 0.113637 0.354286
vt 0.136364 0.314921
vt 0.136364 0.341165
vt 0.159092 0.354286
vt 0.272728 0.393652
vt 0.250001 0.433017
vt 0.295455 0.433017
vt 0.318182 0.393651
vt 0.272728 0.472382
vt 0.272728 0.419895
vt 0.295455 0.354286
vt 0.318182 0.314921
vt 0.318182 0.341165
vt 0.340910 0.354286
vt 0.431819 0.275556
vt 0.386364 0.275556
vt 0.409092 0.288678
vt 0.477273 0.275556
vt 0.522728 0.275556
vt 0.500000 0.288678
vt 0.613637 0.275556
vt 0.568182 0.275556
vt 0.590910 0.288678
vt 0.659091 0.275556
vt 0.704546 0.275556
vt 0.681819 0.288678
vt 0.795455 0.275556
vt 0.750000 0.275556
vt 0.772728 0.288678
vt 0.840909 0.275556
vt 0.886364 0.275556
vt 0.863636 0.288678
vt 0.068182 0.275556
vt 0.022728 0.275556
vt 0.045455 0.288678
vt 0.113637 0.275556
vt 0.159092 0.275556
vt 0.136364 0.288678
vt 0.250001 0.275556
vt 0.204546 0.275556
vt 0.227274 0.288678
vt 0.295455 0.275556
vt 0.340910 0.275556
vt 0.318183 0.288678
vt 0.545455 0.236191
vt 0.545455 0.262434
vt 0.568182 0.196826
vt 0.590910 0.157461
vt 0.590909 0.183704
vt 0.727273 0.236191
vt 0.727273 0.262434
vt 0.750000 0.196826
vt 0.772728 0.157461
vt 0.772727 0.183704
vt 0.909091 0.236191
vt 0.931818 0.275556
vt 0.954545 0.236191
vt 0.909091 0.262434
vt 0.931818 0.196826
vt 0.954546 0.157461
vt 1.000000 0.157461
vt 0.954545 0.183704
vt 0.977273 0.196826
vt 0.181819 0.236191
vt 0.181819 0.262434
vt 0.204546 0.196826
vt 0.227274 0.157461
vt 0.227274 0.183704
vt 0.363637 0.236191
vt 0.363637 0.262434
vt 0.386364 0.196826
vt 0.409092 0.157461
vt 0.409092 0.183704
vt 0.522728 0.118096
vt 0.477273 0.118096
vt 0.500001 0.131218
vt 0.568182 0.118096
vt 0.613637 0.118096
vt 0.590910 0.131218
vt 0.704546 0.118096
vt 0.659091 0.118096
vt 0.681819 0.131218
vt 0.750000 0.118096
vt 0.795455 0.118096
vt 0.772727 0.131218
vt 0.886364 0.118096
vt 0.840909 0.118096
vt 0.863636 0.131218
vt 0.931818 0.118096
vt 0.977273 0.118096
vt 0.954546 0.131218
vt 0.386364 0.118096
vt 0.431819 0.118096
vt 0.409092 0.078731
vt 0.409092 0.131218
vt 0.363637 0.078731
vt 0.340910 0.039365
vt 0.363637 0.000000
vt 0.363637 0.052487
vt 0.386364 0.039365
vt 0.159092 0.118096
vt 0.113637 0.118096
vt 0.136365 0.131218
vt 0.204546 0.118096
vt 0.250001 0.118096
vt 0.227274 0.131218
vt 0.454546 0.367408
vt 0.636364 0.367408
vt 0.818182 0.367408
vt 0.090910 0.367408
vt 0.272728 0.367408
vt 0.454546 0.262434
vt 0.636364 0.262434
vt 0.818182 0.262434
vt 0.090910 0.262434
vt 0.272728 0.262434
vt 0.545455 0.209948
vt 0.727273 0.209948
vt 0.909091 0.209948
vt 0.181819 0.209948
vt 0.363637 0.209948
vt 0.545455 0.104974
vt 0.727273 0.104974
vt 0.909091 0.104974
vt 0.363637 0.104974
vt 0.181819 0.104974
vt 0.181819 0.000000
vt 0.181819 0.052487
vt 0.159092 0.039365
vt 0.181819 0.078731
vt 0.204546 0.039365
vt 0.227273 0.078731
vt 0.136365 0.078731
vt 0.272728 0.157461
vt 0.318182 0.131218
vt 0.318182 0.157461
vt 0.340910 0.118096
vt 0.295455 0.118096
vt 0.318182 0.078731
vt 0.363637 0.157461
vt 0.909091 0.000000
vt 0.909091 0.052487
vt 0.886364 0.039365
vt 0.909091 0.078731
vt 0.931818 0.039365
vt 0.954545 0.078731
vt 0.863636 0.078731
vt 0.727273 0.000000
vt 0.727273 0.052487
vt 0.704546 0.039365
vt 0.727273 0.078731
vt 0.750000 0.039365
vt 0.772727 0.078731
vt 0.681818 0.078731
vt 0.545455 0.000000
vt 0.545455 0.052487
vt 0.522728 0.039365
vt 0.545455 0.078731
vt 0.568182 0.039365
vt 0.590909 0.078731
vt 0.500000 0.078731
vt 0.318182 0.183704
vt 0.295455 0.196826
vt 0.340910 0.196826
vt 0.318183 0.236191
vt 0.090910 0.157461
vt 0.136365 0.183704
vt 0.113637 0.196826
vt 0.159092 0.196826
vt 0.136365 0.157461
vt 0.181819 0.157461
vt 0.136364 0.236191
vt 0.818182 0.157461
vt 0.863636 0.183704
vt 0.840909 0.196826
vt 0.886364 0.196826
vt 0.863636 0.157461
vt 0.909091 0.157461
vt 0.863637 0.236191
vt 0.636364 0.157461
vt 0.681818 0.183704
vt 0.659091 0.196826
vt 0.704546 0.196826
vt 0.681819 0.157461
vt 0.727273 0.157461
vt 0.681819 0.236191
vt 0.454546 0.157461
vt 0.500001 0.183704
vt 0.477273 0.196826
vt 0.522728 0.196826
vt 0.500001 0.157461
vt 0.545455 0.157461
vt 0.500001 0.236191
vt 0.272728 0.209948
vt 0.250001 0.196826
vt 0.272728 0.236191
vt 0.227274 0.236191
vt 0.090910 0.209948
vt 0.068183 0.196826
vt 0.090910 0.236191
vt 0.045455 0.236191
vt 0.818182 0.209948
vt 0.795455 0.196826
vt 0.818182 0.236191
vt 0.772728 0.236191
vt 0.636364 0.209948
vt 0.613637 0.196826
vt 0.636364 0.236191
vt 0.590910 0.236191
vt 0.454546 0.209948
vt 0.431819 0.196826
vt 0.454546 0.236191
vt 0.409092 0.236191
vt 0.181819 0.314921
vt 0.227274 0.341165
vt 0.204546 0.354286
vt 0.250001 0.354286
vt 0.227274 0.314921
vt 0.272728 0.314921
vt 0.227273 0.393651
vt 0.000000 0.314921
vt 0.045455 0.341165
vt 0.022728 0.354286
vt 0.068182 0.354286
vt 0.045455 0.314921
vt 0.090910 0.314921
vt 0.045455 0.393651
vt 0.727273 0.314921
vt 0.772727 0.341165
vt 0.750000 0.354286
vt 0.795455 0.354286
vt 0.772728 0.314921
vt 0.818182 0.314921
vt 0.772727 0.393651
vt 0.545455 0.314921
vt 0.590909 0.341165
vt 0.568182 0.354286
vt 0.613637 0.354286
vt 0.590910 0.314921
vt 0.636364 0.314921
vt 0.590909 0.393651
vt 0.363637 0.314921
vt 0.409092 0.341165
vt 0.386364 0.354286
vt 0.431819 0.354286
vt 0.409092 0.314921
vt 0.454546 0.314921
vt 0.409092 0.393651
vt 0.454546 0.393652
vt 0.431819 0.433017
vt 0.477273 0.433017
vt 0.500000 0.393651
vt 0.454546 0.472382
vt 0.454546 0.419895
vt 0.477273 0.354286
vt 0.500001 0.314921
vt 0.500000 0.341165
vt 0.522728 0.354286
vt 0.636364 0.393652
vt 0.613637 0.433017
vt 0.659091 0.433017
vt 0.681818 0.393651
vt 0.636364 0.472382
vt 0.636364 0.419895
vt 0.659091 0.354286
vt 0.681819 0.314921
vt 0.681818 0.341165
vt 0.704546 0.354286
vt 0.818182 0.393652
vt 0.795455 0.433017
vt 0.840909 0.433017
vt 0.863636 0.393651
vt 0.818182 0.472382
vt 0.818182 0.419895
vt 0.840909 0.354286
vt 0.863637 0.314921
vt 0.909091 0.314921
vt 0.863636 0.341165
vt 0.886364 0.354286
vt 0.090910 0.393652
vt 0.068183 0.433017
vt 0.113637 0.433017
vt 0.136365 0.393651
vt 0.090910 0.472382
vt 0.090910 0.419895
vt 0.113637 0.354286
vt 0.136364 0.314921
vt 0.136364 0.341165
vt 0.159092 0.354286
vt 0.272728 0.393652
vt 0.250001 0.433017
vt 0.295455 0.433017
vt 0.318182 0.393651
vt 0.272728 0.472382
vt 0.272728 0.419895
vt 0.295455 0.354286
vt 0.318182 0.314921
vt 0.318182 0.341165
vt 0.340910 0.354286
vt 0.431819 0.275556
vt 0.386364 0.275556
vt 0.409092 0.288678
vt 0.477273 0.275556
vt 0.522728 0.275556
vt 0.500000 0.288678
vt 0.613637 0.275556
vt 0.568182 0.275556
vt 0.590910 0.288678
vt 0.659091 0.275556
vt 0.704546 0.275556
vt 0.681819 0.288678
vt 0.795455 0.275556
vt 0.750000 0.275556
vt 0.772728 0.288678
vt 0.840909 0.275556
vt 0.886364 0.275556
vt 0.863636 0.288678
vt 0.068182 0.275556
vt 0.022728 0.275556
vt 0.045455 0.288678
vt 0.113637 0.275556
vt 0.159092 0.275556
vt 0.136364 0.288678
vt 0.250001 0.275556
vt 0.204546 0.275556
vt 0.227274 0.288678
vt 0.295455 0.275556
vt 0.340910 0.275556
vt 0.318183 0.288678
vt 0.545455 0.236191
vt 0.545455 0.262434
vt 0.568182 0.196826
vt 0.590910 0.157461
vt 0.590909 0.183704
vt 0.727273 0.236191
vt 0.727273 0.262434
vt 0.750000 0.196826
vt 0.772728 0.157461
vt 0.772727 0.183704
vt 0.909091 0.236191
vt 0.931818 0.275556
vt 0.954545 0.236191
vt 0.909091 0.262434
vt 0.931818 0.196826
vt 0.954546 0.157461
vt 1.000000 0.157461
vt 0.954545 0.183704
vt 0.977273 0.196826
vt 0.181819 0.236191
vt 0.181819 0.262434
vt 0.204546 0.196826
vt 0.227274 0.157461
vt 0.227274 0.183704
vt 0.363637 0.236191
vt 0.363637 0.262434
vt 0.386364 0.196826
vt 0.409092 0.157461
vt 0.409092 0.183704
vt 0.522728 0.118096
vt 0.477273 0.118096
vt 0.500001 0.131218
vt 0.568182 0.118096
vt 0.613637 0.118096
vt 0.590910 0.131218
vt 0.704546 0.118096
vt 0.659091 0.118096
vt 0.681819 0.131218
vt 0.750000 0.118096
vt 0.795455 0.118096
vt 0.772727 0.131218
vt 0.886364 0.118096
vt 0.840909 0.118096
vt 0.863636 0.131218
vt 0.931818 0.118096
vt 0.977273 0.118096
vt 0.954546 0.131218
vt 0.386364 0.118096
vt 0.431819 0.118096
vt 0.409092 0.078731
vt 0.409092 0.131218
vt 0.363637 0.078731
vt 0.340910 0.039365
vt 0.363637 0.000000
vt 0.363637 0.052487
vt 0.386364 0.039365
vt 0.159092 0.118096
vt 0.113637 0.118096
vt 0.136365 0.131218
vt 0.204546 0.118096
vt 0.250001 0.118096
vt 0.227274 0.131218
vt 0.454546 0.367408
vt 0.636364 0.367408
vt 0.818182 0.367408
vt 0.090910 0.367408
vt 0.272728 0.367408
vt 0.454546 0.262434
vt 0.636364 0.262434
vt 0.818182 0.262434
vt 0.090910 0.262434
vt 0.272728 0.262434
vt 0.545455 0.209948
vt 0.727273 0.209948
vt 0.909091 0.209948
vt 0.181819 0.209948
vt 0.363637 0.209948
vt 0.545455 0.104974
vt 0.727273 0.104974
vt 0.909091 0.104974
vt 0.363637 0.104974
vt 0.181819 0.104974
vt 0.181819 0.000000
vt 0.181819 0.052487
vt 0.159092 0.039365
vt 0.181819 0.078731
vt 0.204546 0.039365
vt 0.227273 0.078731
vt 0.136365 0.078731
vt 0.295455 0.118096
vt 0.318182 0.157461
vt 0.272728 0.157461
vt 0.340910 0.118096
vt 0.318182 0.078731
vt 0.363637 0.157461
vt 0.909091 0.000000
vt 0.909091 0.052487
vt 0.886364 0.039365
vt 0.909091 0.078731
vt 0.931818 0.039365
vt 0.954545 0.078731
vt 0.863636 0.078731
vt 0.727273 0.000000
vt 0.727273 0.052487
vt 0.704546 0.039365
vt 0.727273 0.078731
vt 0.750000 0.039365
vt 0.772727 0.078731
vt 0.681818 0.078731
vt 0.545455 0.000000
vt 0.545455 0.052487
vt 0.522728 0.039365
vt 0.545455 0.078731
vt 0.568182 0.039365
vt 0.590909 0.078731
vt 0.500000 0.078731
vt 0.295455 0.196826
vt 0.340910 0.196826
vt 0.318183 0.236191
vt 0.090910 0.157461
vt 0.136365 0.183704
vt 0.113637 0.196826
vt 0.159092 0.196826
vt 0.136365 0.157461
vt 0.181819 0.157461
vt 0.136364 0.236191
vt 0.818182 0.157461
vt 0.863636 0.183704
vt 0.840909 0.196826
vt 0.886364 0.196826
vt 0.863636 0.157461
vt 0.909091 0.157461
vt 0.863637 0.236191
vt 0.636364 0.157461
vt 0.681818 0.183704
vt 0.659091 0.196826
vt 0.704546 0.196826
vt 0.681819 0.157461
vt 0.727273 0.157461
vt 0.681819 0.236191
vt 0.454546 0.157461
vt 0.500001 0.183704
vt 0.477273 0.196826
vt 0.522728 0.196826
vt 0.500001 0.157461
vt 0.545455 0.157461
vt 0.500001 0.236191
vt 0.272728 0.209948
vt 0.250001 0.196826
vt 0.272728 0.236191
vt 0.227274 0.236191
vt 0.068183 0.196826
vt 0.090910 0.236191
vt 0.045455 0.236191
vt 0.818182 0.209948
vt 0.795455 0.196826
vt 0.818182 0.236191
vt 0.772728 0.236191
vt 0.636364 0.209948
vt 0.613637 0.196826
vt 0.636364 0.236191
vt 0.590910 0.236191
vt 0.454546 0.209948
vt 0.431819 0.196826
vt 0.454546 0.236191
vt 0.409092 0.236191
vt 0.227274 0.314921
vt 0.204546 0.354286
vt 0.181819 0.314921
vt 0.250001 0.354286
vt 0.272728 0.314921
vt 0.227273 0.393651
vt 0.000000 0.314921
vt 0.045455 0.341165
vt 0.022728 0.354286
vt 0.068182 0.354286
vt 0.045455 0.314921
vt 0.090910 0.314921
vt 0.045455 0.393651
vt 0.727273 0.314921
vt 0.772727 0.341165
vt 0.750000 0.354286
vt 0.795455 0.354286
vt 0.772728 0.314921
vt 0.818182 0.314921
vt 0.772727 0.393651
vt 0.545455 0.314921
vt 0.590909 0.341165
vt 0.568182 0.354286
vt 0.613637 0.354286
vt 0.590910 0.314921
vt 0.636364 0.314921
vt 0.590909 0.393651
vt 0.363637 0.314921
vt 0.409092 0.341165
vt 0.386364 0.354286
vt 0.431819 0.354286
vt 0.409092 0.314921
vt 0.454546 0.314921
vt 0.409092 0.393651
vt 0.454546 0.393652
vt 0.431819 0.433017
vt 0.477273 0.433017
vt 0.500000 0.393651
vt 0.454546 0.472382
vt 0.454546 0.419895
vt 0.477273 0.354286
vt 0.500001 0.314921
vt 0.500000 0.341165
vt 0.522728 0.354286
vt 0.636364 0.393652
vt 0.613637 0.433017
vt 0.659091 0.433017
vt 0.681818 0.393651
vt 0.636364 0.472382
vt 0.636364 0.419895
vt 0.659091 0.354286
vt 0.681819 0.314921
vt 0.681818 0.341165
vt 0.704546 0.354286
vt 0.818182 0.393652
vt 0.795455 0.433017
vt 0.840909 0.433017
vt 0.863636 0.393651
vt 0.818182 0.472382
vt 0.818182 0.419895
vt 0.840909 0.354286
vt 0.863637 0.314921
vt 0.909091 0.314921
vt 0.863636 0.341165
vt 0.886364 0.354286
vt 0.090910 0.393652
vt 0.068183 0.433017
vt 0.113637 0.433017
vt 0.136365 0.393651
vt 0.090910 0.472382
vt 0.090910 0.419895
vt 0.113637 0.354286
vt 0.136364 0.314921
vt 0.136364 0.341165
vt 0.159092 0.354286
vt 0.272728 0.393652
vt 0.250001 0.433017
vt 0.295455 0.433017
vt 0.318182 0.393651
vt 0.272728 0.472382
vt 0.272728 0.419895
vt 0.295455 0.354286
vt 0.318182 0.314921
vt 0.340910 0.354286
vt 0.431819 0.275556
vt 0.386364 0.275556
vt 0.409092 0.288678
vt 0.477273 0.275556
vt 0.522728 0.275556
vt 0.500000 0.288678
vt 0.613637 0.275556
vt 0.568182 0.275556
vt 0.590910 0.288678
vt 0.659091 0.275556
vt 0.704546 0.275556
vt 0.681819 0.288678
vt 0.795455 0.275556
vt 0.750000 0.275556
vt 0.772728 0.288678
vt 0.840909 0.275556
vt 0.886364 0.275556
vt 0.863636 0.288678
vt 0.068182 0.275556
vt 0.022728 0.275556
vt 0.045455 0.288678
vt 0.113637 0.275556
vt 0.159092 0.275556
vt 0.136364 0.288678
vt 0.250001 0.275556
vt 0.204546 0.275556
vt 0.227274 0.288678
vt 0.295455 0.275556
vt 0.272728 0.262434
vt 0.340910 0.275556
vt 0.545455 0.236191
vt 0.545455 0.262434
vt 0.568182 0.196826
vt 0.590910 0.157461
vt 0.590909 0.183704
vt 0.727273 0.236191
vt 0.727273 0.262434
vt 0.750000 0.196826
vt 0.772728 0.157461
vt 0.772727 0.183704
vt 0.909091 0.236191
vt 0.931818 0.275556
vt 0.954545 0.236191
vt 0.909091 0.262434
vt 0.931818 0.196826
vt 0.954546 0.157461
vt 1.000000 0.157461
vt 0.954545 0.183704
vt 0.977273 0.196826
vt 0.181819 0.262434
vt 0.181819 0.236191
vt 0.181819 0.209948
vt 0.204546 0.196826
vt 0.227274 0.183704
vt 0.227274 0.157461
vt 0.363637 0.236191
vt 0.363637 0.262434
vt 0.386364 0.196826
vt 0.409092 0.157461
vt 0.409092 0.183704
vt 0.522728 0.118096
vt 0.477273 0.118096
vt 0.500001 0.131218
vt 0.568182 0.118096
vt 0.613637 0.118096
vt 0.590910 0.131218
vt 0.704546 0.118096
vt 0.659091 0.118096
vt 0.681819 0.131218
vt 0.750000 0.118096
vt 0.795455 0.118096
vt 0.772727 0.131218
vt 0.886364 0.118096
vt 0.840909 0.118096
vt 0.863636 0.131218
vt 0.931818 0.118096
vt 0.977273 0.118096
vt 0.954546 0.131218
vt 0.386364 0.118096
vt 0.431819 0.118096
vt 0.409092 0.078731
vt 0.409092 0.131218
vt 0.363637 0.078731
vt 0.340910 0.039365
vt 0.363637 0.000000
vt 0.363637 0.052487
vt 0.386364 0.039365
vt 0.159092 0.118096
vt 0.113637 0.118096
vt 0.204546 0.118096
vt 0.250001 0.118096
vt 0.227274 0.131218
vt 0.318182 0.131218
vt 0.318182 0.183704
vt 0.090910 0.209948
vt 0.227274 0.341165
vt 0.454546 0.367408
vt 0.636364 0.367408
vt 0.818182 0.367408
vt 0.090910 0.367408
vt 0.272728 0.367408
vt 0.318182 0.341165
vt 0.454546 0.262434
vt 0.636364 0.262434
vt 0.818182 0.262434
vt 0.090910 0.262434
vt 0.318183 0.288678
vt 0.545455 0.209948
vt 0.727273 0.209948
vt 0.909091 0.209948
vt 0.363637 0.209948
vt 0.545455 0.104974
vt 0.727273 0.104974
vt 0.909091 0.104974
vt 0.363637 0.104974
vt 0.136365 0.131218
vt 0.181819 0.104974
vt 0.181819 0.000000
vt 0.181819 0.052487
vt 0.159092 0.039365
vt 0.181819 0.078731
vt 0.204546 0.039365
vt 0.227273 0.078731
vt 0.136365 0.078731
vt 0.272728 0.157461
vt 0.318182 0.131218
vt 0.318182 0.157461
vt 0.340910 0.118096
vt 0.295455 0.118096
vt 0.318182 0.078731
vt 0.363637 0.157461
vt 0.909091 0.000000
vt 0.909091 0.052487
vt 0.886364 0.039365
vt 0.909091 0.078731
vt 0.931818 0.039365
vt 0.954545 0.078731
vt 0.863636 0.078731
vt 0.727273 0.000000
vt 0.727273 0.052487
vt 0.704546 0.039365
vt 0.727273 0.078731
vt 0.750000 0.039365
vt 0.772727 0.078731
vt 0.681818 0.078731
vt 0.545455 0.000000
vt 0.545455 0.052487
vt 0.522728 0.039365
vt 0.545455 0.078731
vt 0.568182 0.039365
vt 0.590909 0.078731
vt 0.500000 0.078731
vt 0.318182 0.183704
vt 0.295455 0.196826
vt 0.340910 0.196826
vt 0.318183 0.236191
vt 0.090910 0.157461
vt 0.136365 0.183704
vt 0.113637 0.196826
vt 0.159092 0.196826
vt 0.136365 0.157461
vt 0.181819 0.157461
vt 0.136364 0.236191
vt 0.818182 0.157461
vt 0.863636 0.183704
vt 0.840909 0.196826
vt 0.886364 0.196826
vt 0.863636 0.157461
vt 0.909091 0.157461
vt 0.863637 0.236191
vt 0.636364 0.157461
vt 0.681818 0.183704
vt 0.659091 0.196826
vt 0.704546 0.196826
vt 0.681819 0.157461
vt 0.727273 0.157461
vt 0.681819 0.236191
vt 0.454546 0.157461
vt 0.500001 0.183704
vt 0.477273 0.196826
vt 0.522728 0.196826
vt 0.500001 0.157461
vt 0.545455 0.157461
vt 0.500001 0.236191
vt 0.272728 0.209948
vt 0.250001 0.196826
vt 0.272728 0.236191
vt 0.227274 0.236191
vt 0.090910 0.209948
vt 0.068183 0.196826
vt 0.090910 0.236191
vt 0.045455 0.236191
vt 0.818182 0.209948
vt 0.795455 0.196826
vt 0.818182 0.236191
vt 0.772728 0.236191
vt 0.636364 0.209948
vt 0.613637 0.196826
vt 0.636364 0.236191
vt 0.590910 0.236191
vt 0.454546 0.209948
vt 0.431819 0.196826
vt 0.454546 0.236191
vt 0.409092 0.236191
vt 0.181819 0.314921
vt 0.227274 0.341165
vt 0.204546 0.354286
vt 0.250001 0.354286
vt 0.227274 0.314921
vt 0.272728 0.314921
vt 0.227273 0.393651
vt 0.000000 0.314921
vt 0.045455 0.341165
vt 0.022728 0.354286
vt 0.068182 0.354286
vt 0.045455 0.314921
vt 0.090910 0.314921
vt 0.045455 0.393651
vt 0.727273 0.314921
vt 0.772727 0.341165
vt 0.750000 0.354286
vt 0.795455 0.354286
vt 0.772728 0.314921
vt 0.818182 0.314921
vt 0.772727 0.393651
vt 0.545455 0.314921
vt 0.590909 0.341165
vt 0.568182 0.354286
vt 0.613637 0.354286
vt 0.590910 0.314921
vt 0.636364 0.314921
vt 0.590909 0.393651
vt 0.363637 0.314921
vt 0.409092 0.341165
vt 0.386364 0.354286
vt 0.431819 0.354286
vt 0.409092 0.314921
vt 0.454546 0.314921
vt 0.409092 0.393651
vt 0.454546 0.393652
vt 0.431819 0.433017
vt 0.477273 0.433017
vt 0.500000 0.393651
vt 0.454546 0.472382
vt 0.454546 0.419895
vt 0.477273 0.354286
vt 0.500001 0.314921
vt 0.500000 0.341165
vt 0.522728 0.354286
vt 0.636364 0.393652
vt 0.613637 0.433017
vt 0.659091 0.433017
vt 0.681818 0.393651
vt 0.636364 0.472382
vt 0.636364 0.419895
vt 0.659091 0.354286
vt 0.681819 0.314921
vt 0.681818 0.341165
vt 0.704546 0.354286
vt 0.818182 0.393652
vt 0.795455 0.433017
vt 0.840909 0.433017
vt 0.863636 0.393651
vt 0.818182 0.472382
vt 0.818182 0.419895
vt 0.840909 0.354286
vt 0.863637 0.314921
vt 0.909091 0.314921
vt 0.863636 0.341165
vt 0.886364 0.354286
vt 0.090910 0.393652
vt 0.068183 0.433017
vt 0.113637 0.433017
vt 0.136365 0.393651
vt 0.090910 0.472382
vt 0.090910 0.419895
vt 0.113637 0.354286
vt 0.136364 0.314921
vt 0.136364 0.341165
vt 0.159092 0.354286
vt 0.272728 0.393652
vt 0.250001 0.433017
vt 0.295455 0.433017
vt 0.318182 0.393651
vt 0.272728 0.472382
vt 0.272728 0.419895
vt 0.295455 0.354286
vt 0.318182 0.314921
vt 0.318182 0.341165
vt 0.340910 0.354286
vt 0.431819 0.275556
vt 0.386364 0.275556
vt 0.409092 0.288678
vt 0.477273 0.275556
vt 0.522728 0.275556
vt 0.500000 0.288678
vt 0.613637 0.275556
vt 0.568182 0.275556
vt 0.590910 0.288678
vt 0.659091 0.275556
vt 0.704546 0.275556
vt 0.681819 0.288678
vt 0.795455 0.275556
vt 0.750000 0.275556
vt 0.772728 0.288678
vt 0.840909 0.275556
vt 0.886364 0.275556
vt 0.863636 0.288678
vt 0.068182 0.275556
vt 0.022728 0.275556
vt 0.045455 0.288678
vt 0.113637 0.275556
vt 0.159092 0.275556
vt 0.136364 0.288678
vt 0.250001 0.275556
vt 0.204546 0.275556
vt 0.227274 0.288678
vt 0.295455 0.275556
vt 0.340910 0.275556
vt 0.318183 0.288678
vt 0.545455 0.236191
vt 0.545455 0.262434
vt 0.568182 0.196826
vt 0.590910 0.157461
vt 0.590909 0.183704
vt 0.727273 0.236191
vt 0.727273 0.262434
vt 0.750000 0.196826
vt 0.772728 0.157461
vt 0.772727 0.183704
vt 0.909091 0.236191
vt 0.931818 0.275556
vt 0.954545 0.236191
vt 0.909091 0.262434
vt 0.931818 0.196826
vt 0.954546 0.157461
vt 1.000000 0.157461
vt 0.954545 0.183704
vt 0.977273 0.196826
vt 0.181819 0.236191
vt 0.181819 0.262434
vt 0.204546 0.196826
vt 0.227274 0.157461
vt 0.227274 0.183704
vt 0.363637 0.236191
vt 0.363637 0.262434
vt 0.386364 0.196826
vt 0.409092 0.157461
vt 0.409092 0.183704
vt 0.522728 0.118096
vt 0.477273 0.118096
vt 0.500001 0.131218
vt 0.568182 0.118096
vt 0.613637 0.118096
vt 0.590910 0.131218
vt 0.704546 0.118096
vt 0.659091 0.118096
vt 0.681819 0.131218
vt 0.750000 0.118096
vt 0.795455 0.118096
vt 0.772727 0.131218
vt 0.886364 0.118096
vt 0.840909 0.118096
vt 0.863636 0.131218
vt 0.931818 0.118096
vt 0.977273 0.118096
vt 0.954546 0.131218
vt 0.386364 0.118096
vt 0.431819 0.118096
vt 0.409092 0.078731
vt 0.409092 0.131218
vt 0.363637 0.078731
vt 0.340910 0.039365
vt 0.363637 0.000000
vt 0.363637 0.052487
vt 0.386364 0.039365
vt 0.159092 0.118096
vt 0.113637 0.118096
vt 0.136365 0.131218
vt 0.204546 0.118096
vt 0.250001 0.118096
vt 0.227274 0.131218
vt 0.454546 0.367408
vt 0.636364 0.367408
vt 0.818182 0.367408
vt 0.090910 0.367408
vt 0.272728 0.367408
vt 0.454546 0.262434
vt 0.636364 0.262434
vt 0.818182 0.262434
vt 0.090910 0.262434
vt 0.272728 0.262434
vt 0.545455 0.209948
vt 0.727273 0.209948
vt 0.909091 0.209948
vt 0.181819 0.209948
vt 0.363637 0.209948
vt 0.545455 0.104974
vt 0.727273 0.104974
vt 0.909091 0.104974
vt 0.363637 0.104974
vt 0.181819 0.104974
vt 0.181819 0.000000
vt 0.181819 0.052487
vt 0.159092 0.039365
vt 0.181819 0.078731
vt 0.204546 0.039365
vt 0.227273 0.078731
vt 0.136365 0.078731
vt 0.272728 0.157461
vt 0.318182 0.131218
vt 0.318182 0.157461
vt 0.340910 0.118096
vt 0.295455 0.118096
vt 0.318182 0.078731
vt 0.363637 0.157461
vt 0.909091 0.000000
vt 0.909091 0.052487
vt 0.886364 0.039365
vt 0.909091 0.078731
vt 0.931818 0.039365
vt 0.954545 0.078731
vt 0.863636 0.078731
vt 0.727273 0.000000
vt 0.727273 0.052487
vt 0.704546 0.039365
vt 0.727273 0.078731
vt 0.750000 0.039365
vt 0.772727 0.078731
vt 0.681818 0.078731
vt 0.545455 0.000000
vt 0.545455 0.052487
vt 0.522728 0.039365
vt 0.545455 0.078731
vt 0.568182 0.039365
vt 0.590909 0.078731
vt 0.500000 0.078731
vt 0.318182 0.183704
vt 0.295455 0.196826
vt 0.340910 0.196826
vt 0.318183 0.236191
vt 0.090910 0.157461
vt 0.136365 0.183704
vt 0.113637 0.196826
vt 0.159092 0.196826
vt 0.136365 0.157461
vt 0.181819 0.157461
vt 0.136364 0.236191
vt 0.818182 0.157461
vt 0.863636 0.183704
vt 0.840909 0.196826
vt 0.886364 0.196826
vt 0.863636 0.157461
vt 0.909091 0.157461
vt 0.863637 0.236191
vt 0.636364 0.157461
vt 0.681818 0.183704
vt 0.659091 0.196826
vt 0.704546 0.196826
vt 0.681819 0.157461
vt 0.727273 0.157461
vt 0.681819 0.236191
vt 0.454546 0.157461
vt 0.500001 0.183704
vt 0.477273 0.196826
vt 0.522728 0.196826
vt 0.500001 0.157461
vt 0.545455 0.157461
vt 0.500001 0.236191
vt 0.272728 0.209948
vt 0.250001 0.196826
vt 0.272728 0.236191
vt 0.227274 0.236191
vt 0.090910 0.209948
vt 0.068183 0.196826
vt 0.090910 0.236191
vt 0.045455 0.236191
vt 0.818182 0.209948
vt 0.795455 0.196826
vt 0.818182 0.236191
vt 0.772728 0.236191
vt 0.636364 0.209948
vt 0.613637 0.196826
vt 0.636364 0.236191
vt 0.590910 0.236191
vt 0.454546 0.209948
vt 0.431819 0.196826
vt 0.454546 0.236191
vt 0.409092 0.236191
vt 0.181819 0.314921
vt 0.227274 0.341165
vt 0.204546 0.354286
vt 0.250001 0.354286
vt 0.227274 0.314921
vt 0.272728 0.314921
vt 0.227273 0.393651
vt 0.000000 0.314921
vt 0.045455 0.341165
vt 0.022728 0.354286
vt 0.068182 0.354286
vt 0.045455 0.314921
vt 0.090910 0.314921
vt 0.045455 0.393651
vt 0.727273 0.314921
vt 0.772727 0.341165
vt 0.750000 0.354286
vt 0.795455 0.354286
vt 0.772728 0.314921
vt 0.818182 0.314921
vt 0.772727 0.393651
vt 0.545455 0.314921
vt 0.590909 0.341165
vt 0.568182 0.354286
vt 0.613637 0.354286
vt 0.590910 0.314921
vt 0.636364 0.314921
vt 0.590909 0.393651
vt 0.363637 0.314921
vt 0.409092 0.341165
vt 0.386364 0.354286
vt 0.431819 0.354286
vt 0.409092 0.314921
vt 0.454546 0.314921
vt 0.409092 0.393651
vt 0.454546 0.393652
vt 0.431819 0.433017
vt 0.477273 0.433017
vt 0.500000 0.393651
vt 0.454546 0.472382
vt 0.454546 0.419895
vt 0.477273 0.354286
vt 0.500001 0.314921
vt 0.500000 0.341165
vt 0.522728 0.354286
vt 0.636364 0.393652
vt 0.613637 0.433017
vt 0.659091 0.433017
vt 0.681818 0.393651
vt 0.636364 0.472382
vt 0.636364 0.419895
vt 0.659091 0.354286
vt 0.681819 0.314921
vt 0.681818 0.341165
vt 0.704546 0.354286
vt 0.818182 0.393652
vt 0.795455 0.433017
vt 0.840909 0.433017
vt 0.863636 0.393651
vt 0.818182 0.472382
vt 0.818182 0.419895
vt 0.840909 0.354286
vt 0.863637 0.314921
vt 0.909091 0.314921
vt 0.863636 0.341165
vt 0.886364 0.354286
vt 0.090910 0.393652
vt 0.068183 0.433017
vt 0.113637 0.433017
vt 0.136365 0.393651
vt 0.090910 0.472382
vt 0.090910 0.419895
vt 0.113637 0.354286
vt 0.136364 0.314921
vt 0.136364 0.341165
vt 0.159092 0.354286
vt 0.272728 0.393652
vt 0.250001 0.433017
vt 0.295455 0.433017
vt 0.318182 0.393651
vt 0.272728 0.472382
vt 0.272728 0.419895
vt 0.295455 0.354286
vt 0.318182 0.314921
vt 0.318182 0.341165
vt 0.340910 0.354286
vt 0.431819 0.275556
vt 0.386364 0.275556
vt 0.409092 0.288678
vt 0.477273 0.275556
vt 0.522728 0.275556
vt 0.500000 0.288678
vt 0.613637 0.275556
vt 0.568182 0.275556
vt 0.590910 0.288678
vt 0.659091 0.275556
vt 0.704546 0.275556
vt 0.681819 0.288678
vt 0.795455 0.275556
vt 0.750000 0.275556
vt 0.772728 0.288678
vt 0.840909 0.275556
vt 0.886364 0.275556
vt 0.863636 0.288678
vt 0.068182 0.275556
vt 0.022728 0.275556
vt 0.045455 0.288678
vt 0.113637 0.275556
vt 0.159092 0.275556
vt 0.136364 0.288678
vt 0.250001 0.275556
vt 0.204546 0.275556
vt 0.227274 0.288678
vt 0.295455 0.275556
vt 0.340910 0.275556
vt 0.318183 0.288678
vt 0.545455 0.236191
vt 0.545455 0.262434
vt 0.568182 0.196826
vt 0.590910 0.157461
vt 0.590909 0.183704
vt 0.727273 0.236191
vt 0.727273 0.262434
vt 0.750000 0.196826
vt 0.772728 0.157461
vt 0.772727 0.183704
vt 0.909091 0.236191
vt 0.931818 0.275556
vt 0.954545 0.236191
vt 0.909091 0.262434
vt 0.931818 0.196826
vt 0.954546 0.157461
vt 1.000000 0.157461
vt 0.954545 0.183704
vt 0.977273 0.196826
vt 0.181819 0.236191
vt 0.181819 0.262434
vt 0.204546 0.196826
vt 0.227274 0.157461
vt 0.227274 0.183704
vt 0.363637 0.236191
vt 0.363637 0.262434
vt 0.386364 0.196826
vt 0.409092 0.157461
vt 0.409092 0.183704
vt 0.522728 0.118096
vt 0.477273 0.118096
vt 0.500001 0.131218
vt 0.568182 0.118096
vt 0.613637 0.118096
vt 0.590910 0.131218
vt 0.704546 0.118096
vt 0.659091 0.118096
vt 0.681819 0.131218
vt 0.750000 0.118096
vt 0.795455 0.118096
vt 0.772727 0.131218
vt 0.886364 0.118096
vt 0.840909 0.118096
vt 0.863636 0.131218
vt 0.931818 0.118096
vt 0.977273 0.118096
vt 0.954546 0.131218
vt 0.386364 0.118096
vt 0.431819 0.118096
vt 0.409092 0.078731
vt 0.409092 0.131218
vt 0.363637 0.078731
vt 0.340910 0.039365
vt 0.363637 0.000000
vt 0.363637 0.052487
vt 0.386364 0.039365
vt 0.159092 0.118096
vt 0.113637 0.118096
vt 0.136365 0.131218
vt 0.204546 0.118096
vt 0.250001 0.118096
vt 0.227274 0.131218
vt 0.454546 0.367408
vt 0.636364 0.367408
vt 0.818182 0.367408
vt 0.090910 0.367408
vt 0.272728 0.367408
vt 0.454546 0.262434
vt 0.636364 0.262434
vt 0.818182 0.262434
vt 0.090910 0.262434
vt 0.272728 0.262434
vt 0.545455 0.209948
vt 0.727273 0.209948
vt 0.909091 0.209948
vt 0.181819 0.209948
vt 0.363637 0.209948
vt 0.545455 0.104974
vt 0.727273 0.104974
vt 0.909091 0.104974
vt 0.363637 0.104974
vt 0.181819 0.104974
vt 0.181819 0.000000
vt 0.181819 0.052487
vt 0.159092 0.039365
vt 0.181819 0.078731
vt 0.204546 0.039365
vt 0.227273 0.078731
vt 0.136365 0.078731
vt 0.272728 0.157461
vt 0.318182 0.131218
vt 0.318182 0.157461
vt 0.340910 0.118096
vt 0.295455 0.118096
vt 0.318182 0.078731
vt 0.363637 0.157461
vt 0.909091 0.000000
vt 0.909091 0.052487
vt 0.886364 0.039365
vt 0.909091 0.078731
vt 0.931818 0.039365
vt 0.954545 0.078731
vt 0.863636 0.078731
vt 0.727273 0.000000
vt 0.727273 0.052487
vt 0.704546 0.039365
vt 0.727273 0.078731
vt 0.750000 0.039365
vt 0.772727 0.078731
vt 0.681818 0.078731
vt 0.545455 0.000000
vt 0.545455 0.052487
vt 0.522728 0.039365
vt 0.545455 0.078731
vt 0.568182 0.039365
vt 0.590909 0.078731
vt 0.500000 0.078731
vt 0.318182 0.183704
vt 0.295455 0.196826
vt 0.340910 0.196826
vt 0.318183 0.236191
vt 0.090910 0.157461
vt 0.136365 0.183704
vt 0.113637 0.196826
vt 0.159092 0.196826
vt 0.136365 0.157461
vt 0.181819 0.157461
vt 0.136364 0.236191
vt 0.818182 0.157461
vt 0.863636 0.183704
vt 0.840909 0.196826
vt 0.886364 0.196826
vt 0.863636 0.157461
vt 0.909091 0.157461
vt 0.863637 0.236191
vt 0.636364 0.157461
vt 0.681818 0.183704
vt 0.659091 0.196826
vt 0.704546 0.196826
vt 0.681819 0.157461
vt 0.727273 0.157461
vt 0.681819 0.236191
vt 0.454546 0.157461
vt 0.500001 0.183704
vt 0.477273 0.196826
vt 0.522728 0.196826
vt 0.500001 0.157461
vt 0.545455 0.157461
vt 0.500001 0.236191
vt 0.272728 0.209948
vt 0.250001 0.196826
vt 0.272728 0.236191
vt 0.227274 0.236191
vt 0.090910 0.209948
vt 0.068183 0.196826
vt 0.090910 0.236191
vt 0.045455 0.236191
vt 0.818182 0.209948
vt 0.795455 0.196826
vt 0.818182 0.236191
vt 0.772728 0.236191
vt 0.636364 0.209948
vt 0.613637 0.196826
vt 0.636364 0.236191
vt 0.590910 0.236191
vt 0.454546 0.209948
vt 0.431819 0.196826
vt 0.454546 0.236191
vt 0.409092 0.236191
vt 0.181819 0.314921
vt 0.227274 0.341165
vt 0.204546 0.354286
vt 0.250001 0.354286
vt 0.227274 0.314921
vt 0.272728 0.314921
vt 0.227273 0.393651
vt 0.000000 0.314921
vt 0.045455 0.341165
vt 0.022728 0.354286
vt 0.068182 0.354286
vt 0.045455 0.314921
vt 0.090910 0.314921
vt 0.045455 0.393651
vt 0.727273 0.314921
vt 0.772727 0.341165
vt 0.750000 0.354286
vt 0.795455 0.354286
vt 0.772728 0.314921
vt 0.818182 0.314921
vt 0.772727 0.393651
vt 0.545455 0.314921
vt 0.590909 0.341165
vt 0.568182 0.354286
vt 0.613637 0.354286
vt 0.590910 0.314921
vt 0.636364 0.314921
vt 0.590909 0.393651
vt 0.363637 0.314921
vt 0.409092 0.341165
vt 0.386364 0.354286
vt 0.431819 0.354286
vt 0.409092 0.314921
vt 0.454546 0.314921
vt 0.409092 0.393651
vt 0.454546 0.393652
vt 0.431819 0.433017
vt 0.477273 0.433017
vt 0.500000 0.393651
vt 0.454546 0.472382
vt 0.454546 0.419895
vt 0.477273 0.354286
vt 0.500001 0.314921
vt 0.500000 0.341165
vt 0.522728 0.354286
vt 0.636364 0.393652
vt 0.613637 0.433017
vt 0.659091 0.433017
vt 0.681818 0.393651
vt 0.636364 0.472382
vt 0.636364 0.419895
vt 0.659091 0.354286
vt 0.681819 0.314921
vt 0.681818 0.341165
vt 0.704546 0.354286
vt 0.818182 0.393652
vt 0.795455 0.433017
vt 0.840909 0.433017
vt 0.863636 0.393651
vt 0.818182 0.472382
vt 0.818182 0.419895
vt 0.840909 0.354286
vt 0.863637 0.314921
vt 0.909091 0.314921
vt 0.863636 0.341165
vt 0.886364 0.354286
vt 0.090910 0.393652
vt 0.068183 0.433017
vt 0.113637 0.433017
vt 0.136365 0.393651
vt 0.090910 0.472382
vt 0.090910 0.419895
vt 0.113637 0.354286
vt 0.136364 0.314921
vt 0.136364 0.341165
vt 0.159092 0.354286
vt 0.272728 0.393652
vt 0.250001 0.433017
vt 0.295455 0.433017
vt 0.318182 0.393651
vt 0.272728 0.472382
vt 0.272728 0.419895
vt 0.295455 0.354286
vt 0.318182 0.314921
vt 0.318182 0.341165
vt 0.340910 0.354286
vt 0.431819 0.275556
vt 0.386364 0.275556
vt 0.409092 0.288678
vt 0.477273 0.275556
vt 0.522728 0.275556
vt 0.500000 0.288678
vt 0.613637 0.275556
vt 0.568182 0.275556
vt 0.590910 0.288678
vt 0.659091 0.275556
vt 0.704546 0.275556
vt 0.681819 0.288678
vt 0.795455 0.275556
vt 0.750000 0.275556
vt 0.772728 0.288678
vt 0.840909 0.275556
vt 0.886364 0.275556
vt 0.863636 0.288678
vt 0.068182 0.275556
vt 0.022728 0.275556
vt 0.045455 0.288678
vt 0.113637 0.275556
vt 0.159092 0.275556
vt 0.136364 0.288678
vt 0.250001 0.275556
vt 0.204546 0.275556
vt 0.227274 0.288678
vt 0.295455 0.275556
vt 0.340910 0.275556
vt 0.318183 0.288678
vt 0.545455 0.236191
vt 0.545455 0.262434
vt 0.568182 0.196826
vt 0.590910 0.157461
vt 0.590909 0.183704
vt 0.727273 0.236191
vt 0.727273 0.262434
vt 0.750000 0.196826
vt 0.772728 0.157461
vt 0.772727 0.183704
vt 0.909091 0.236191
vt 0.931818 0.275556
vt 0.954545 0.236191
vt 0.909091 0.262434
vt 0.931818 0.196826
vt 0.954546 0.157461
vt 1.000000 0.157461
vt 0.954545 0.183704
vt 0.977273 0.196826
vt 0.181819 0.236191
vt 0.181819 0.262434
vt 0.204546 0.196826
vt 0.227274 0.157461
vt 0.227274 0.183704
vt 0.363637 0.236191
vt 0.363637 0.262434
vt 0.386364 0.196826
vt 0.409092 0.157461
vt 0.409092 0.183704
vt 0.522728 0.118096
vt 0.477273 0.118096
vt 0.500001 0.131218
vt 0.568182 0.118096
vt 0.613637 0.118096
vt 0.590910 0.131218
vt 0.704546 0.118096
vt 0.659091 0.118096
vt 0.681819 0.131218
vt 0.750000 0.118096
vt 0.795455 0.118096
vt 0.772727 0.131218
vt 0.886364 0.118096
vt 0.840909 0.118096
vt 0.863636 0.131218
vt 0.931818 0.118096
vt 0.977273 0.118096
vt 0.954546 0.131218
vt 0.386364 0.118096
vt 0.431819 0.118096
vt 0.409092 0.078731
vt 0.409092 0.131218
vt 0.363637 0.078731
vt 0.340910 0.039365
vt 0.363637 0.000000
vt 0.363637 0.052487
vt 0.386364 0.039365
vt 0.159092 0.118096
vt 0.113637 0.118096
vt 0.136365 0.131218
vt 0.204546 0.118096
vt 0.250001 0.118096
vt 0.227274 0.131218
vt 0.454546 0.367408
vt 0.636364 0.367408
vt 0.818182 0.367408
vt 0.090910 0.367408
vt 0.272728 0.367408
vt 0.454546 0.262434
vt 0.636364 0.262434
vt 0.818182 0.262434
vt 0.090910 0.262434
vt 0.272728 0.262434
vt 0.545455 0.209948
vt 0.727273 0.209948
vt 0.909091 0.209948
vt 0.181819 0.209948
vt 0.363637 0.209948
vt 0.545455 0.104974
vt 0.727273 0.104974
vt 0.909091 0.104974
vt 0.363637 0.104974
vt 0.181819 0.104974
vn -0.0000 -1.0000 0.0000
vn 0.2404 -0.9429 0.2304
vn 0.0508 -0.9580 0.2821
vn 0.3419 -0.8807 0.3278
vn 0.2840 -0.9580 0.0389
vn 0.5209 -0.8507 0.0713
vn 0.0931 -0.8507 0.5174
vn 0.8862 -0.4472 0.1213
vn 0.7428 -0.6626 -0.0959
vn 0.8467 -0.5077 -0.1593
vn 0.6484 -0.7366 -0.1922
vn 0.7220 -0.6848 0.0988
vn 0.7496 -0.5257 -0.4020
vn -0.1449 -0.9429 0.2998
vn -0.2526 -0.9580 0.1355
vn -0.2061 -0.8807 0.4265
vn -0.4633 -0.8507 0.2485
vn -0.3299 -0.9429 -0.0452
vn -0.2069 -0.9580 -0.1984
vn -0.4693 -0.8807 -0.0642
vn -0.3795 -0.8507 -0.3638
vn -0.0590 -0.9429 -0.3277
vn 0.1247 -0.9580 -0.2581
vn -0.0839 -0.8807 -0.4662
vn 0.2288 -0.8507 -0.4733
vn 0.9241 -0.3297 -0.1931
vn 0.9746 -0.2210 -0.0367
vn 0.9064 -0.2630 -0.3306
vn 0.9842 -0.0000 -0.1772
vn 0.1585 -0.4472 0.8803
vn 0.4693 -0.3297 0.8192
vn 0.3360 -0.2210 0.9156
vn 0.5945 -0.2630 0.7599
vn 0.4131 -0.5077 0.7560
vn 0.6140 -0.5257 0.5887
vn 0.4726 0.0000 0.8813
vn -0.7882 -0.4472 0.4227
vn -0.6341 -0.3297 0.6994
vn -0.7669 -0.2210 0.6025
vn -0.5390 -0.2630 0.8002
vn -0.5914 -0.5077 0.6265
vn -0.3702 -0.5257 0.7659
vn -0.6921 0.0000 0.7218
vn -0.6456 -0.4472 -0.6190
vn -0.8612 -0.3297 -0.3869
vn -0.8100 -0.2210 -0.5432
vn -0.9276 -0.2630 -0.2653
vn -0.7786 -0.5077 -0.3688
vn -0.8428 -0.5257 -0.1154
vn -0.9004 -0.0000 -0.4352
vn 0.3892 -0.4472 -0.8053
vn 0.1019 -0.3297 -0.9386
vn 0.2663 -0.2210 -0.9382
vn -0.0343 -0.2630 -0.9642
vn 0.1102 -0.5077 -0.8545
vn -0.1507 -0.5257 -0.8372
vn 0.1356 0.0000 -0.9908
vn 0.9831 -0.1239 0.1346
vn 0.9289 -0.2210 0.2972
vn 0.9903 0.0298 0.1356
vn 0.9004 -0.0000 0.4352
vn 0.1758 -0.1239 0.9766
vn 0.0044 -0.2210 0.9753
vn 0.1771 0.0298 0.9837
vn -0.1356 -0.0000 0.9908
vn -0.8745 -0.1239 0.4690
vn -0.9262 -0.2210 0.3055
vn -0.8809 0.0298 0.4724
vn -0.9842 -0.0000 0.1772
vn -0.7163 -0.1239 -0.6868
vn -0.5768 -0.2210 -0.7864
vn -0.7215 0.0298 -0.6918
vn -0.4726 -0.0000 -0.8813
vn 0.4318 -0.1239 -0.8934
vn 0.5697 -0.2210 -0.7916
vn 0.4350 0.0298 -0.9000
vn 0.6921 -0.0000 -0.7218
vn 0.6456 0.4472 0.6190
vn 0.6573 0.6626 0.3590
vn 0.5260 0.6848 0.5043
vn 0.6376 0.7366 0.2256
vn 0.7786 0.5077 0.3688
vn 0.8428 0.5257 0.1154
vn 0.3795 0.8507 0.3638
vn -0.3892 0.4472 0.8053
vn -0.1384 0.6626 0.7360
vn -0.3171 0.6848 0.6561
vn -0.0175 0.7366 0.6761
vn -0.1102 0.5077 0.8545
vn 0.1507 0.5257 0.8372
vn -0.2288 0.8507 0.4733
vn -0.8862 0.4472 -0.1213
vn -0.7428 0.6626 0.0959
vn -0.7220 0.6848 -0.0988
vn -0.6484 0.7366 0.1922
vn -0.8467 0.5077 0.1593
vn -0.7496 0.5257 0.4020
vn -0.5209 0.8507 -0.0713
vn -0.1585 0.4472 -0.8803
vn -0.3207 0.6626 -0.6768
vn -0.1291 0.6848 -0.7172
vn -0.3832 0.7366 -0.5573
vn -0.4131 0.5077 -0.7560
vn -0.6140 0.5257 -0.5887
vn -0.0931 0.8507 -0.5174
vn 0.7882 0.4472 -0.4227
vn 0.5446 0.6626 -0.5142
vn 0.6422 0.6848 -0.3444
vn 0.4116 0.7366 -0.5367
vn 0.5914 0.5077 -0.6265
vn 0.3702 0.5257 -0.7659
vn 0.4633 0.8507 -0.2485
vn 0.2061 0.8807 -0.4265
vn 0.2526 0.9580 -0.1355
vn -0.0508 0.9580 -0.2821
vn 0.0000 1.0000 -0.0000
vn 0.1449 0.9429 -0.2998
vn 0.1648 0.7366 -0.6559
vn 0.1235 0.5077 -0.8526
vn 0.0645 0.6626 -0.7461
vn -0.3419 0.8807 -0.3278
vn -0.2840 0.9580 -0.0389
vn -0.2404 0.9429 -0.2304
vn -0.5729 0.7366 -0.3594
vn -0.7727 0.5077 -0.3810
vn -0.6897 0.6626 -0.2920
vn -0.4174 0.8807 0.2239
vn -0.1247 0.9580 0.2581
vn -0.2934 0.9429 0.1574
vn -0.5189 0.7366 0.4338
vn -0.6011 0.5077 0.6172
vn -0.4908 0.6626 0.5657
vn 0.0839 0.8807 0.4662
vn 0.2069 0.9580 0.1984
vn 0.0590 0.9429 0.3277
vn 0.2522 0.7366 0.6275
vn 0.4012 0.5077 0.7624
vn 0.3864 0.6626 0.6416
vn 0.4693 0.8807 0.0642
vn 0.3299 0.9429 0.0452
vn 0.6748 0.7366 -0.0460
vn 0.8491 0.5077 -0.1460
vn 0.7296 0.6626 -0.1692
vn 0.5390 0.2630 -0.8002
vn 0.7669 0.2210 -0.6025
vn 0.6341 0.3297 -0.6994
vn 0.2922 0.2630 -0.9195
vn -0.0044 0.2210 -0.9753
vn 0.1541 0.3297 -0.9314
vn -0.5945 0.2630 -0.7599
vn -0.3360 0.2210 -0.9156
vn -0.4693 0.3297 -0.8192
vn -0.7842 0.2630 -0.5620
vn -0.9289 0.2210 -0.2972
vn -0.8382 0.3297 -0.4344
vn -0.9064 0.2630 0.3306
vn -0.9746 0.2210 0.0367
vn -0.9241 0.3297 0.1931
vn -0.7769 0.2630 0.5722
vn -0.5697 0.2210 0.7916
vn -0.6722 0.3297 0.6630
vn 0.0343 0.2630 0.9642
vn -0.2663 0.2210 0.9382
vn -0.1019 0.3297 0.9386
vn 0.3041 0.2630 0.9156
vn 0.5768 0.2210 0.7864
vn 0.4228 0.3297 0.8441
vn 0.9276 0.2630 0.2653
vn 0.8100 0.2210 0.5432
vn 0.8612 0.3297 0.3869
vn 0.9648 0.2630 -0.0063
vn 0.9262 0.2210 -0.3055
vn 0.9335 0.3297 -0.1413
vn -0.1771 -0.0298 -0.9837
vn -0.1758 0.1239 -0.9766
vn -0.3041 -0.2630 -0.9156
vn -0.4012 -0.5077 -0.7624
vn -0.4228 -0.3297 -0.8441
vn -0.9903 -0.0298 -0.1356
vn -0.9831 0.1239 -0.1346
vn -0.9648 -0.2630 0.0063
vn -0.8491 -0.5077 0.1460
vn -0.9335 -0.3297 0.1413
vn -0.4350 -0.0298 0.9000
vn -0.4318 0.1239 0.8934
vn -0.2922 -0.2630 0.9195
vn -0.1235 -0.5077 0.8526
vn -0.1541 -0.3297 0.9314
vn 0.7215 -0.0298 0.6918
vn 0.7163 0.1239 0.6868
vn 0.7842 -0.2630 0.5620
vn 0.7727 -0.5077 0.3810
vn 0.8382 -0.3297 0.4344
vn 0.8809 -0.0298 -0.4724
vn 0.8745 0.1239 -0.4690
vn 0.7769 -0.2630 -0.5722
vn 0.6011 -0.5077 -0.6172
vn 0.6722 -0.3297 -0.6630
vn 0.0175 -0.7366 -0.6761
vn 0.3171 -0.6848 -0.6561
vn 0.1384 -0.6626 -0.7360
vn -0.2522 -0.7366 -0.6275
vn -0.5260 -0.6848 -0.5043
vn -0.3864 -0.6626 -0.6416
vn -0.6376 -0.7366 -0.2256
vn -0.6573 -0.6626 -0.3590
vn -0.6748 -0.7366 0.0460
vn -0.6422 -0.6848 0.3444
vn -0.7296 -0.6626 0.1692
vn -0.4116 -0.7366 0.5367
vn -0.5446 -0.6626 0.5142
vn -0.1648 -0.7366 0.6559
vn 0.1291 -0.6848 0.7172
vn -0.0645 -0.6626 0.7461
vn 0.5189 -0.7366 -0.4338
vn 0.4908 -0.6626 -0.5657
vn 0.4174 -0.8807 -0.2239
vn 0.2934 -0.9429 -0.1574
vn 0.3832 -0.7366 0.5573
vn 0.3207 -0.6626 0.6768
vn 0.5729 -0.7366 0.3594
vn 0.6897 -0.6626 0.2920
vn 0.2642 0.7947 -0.5466
vn -0.4382 0.7947 -0.4201
vn -0.5350 0.7947 0.2869
vn 0.1076 0.7947 0.5975
vn 0.6014 0.7947 0.0823
vn 0.4274 0.1876 -0.8844
vn -0.7090 0.1876 -0.6798
vn -0.8656 0.1876 0.4642
vn 0.1740 0.1876 0.9667
vn 0.9732 0.1876 0.1332
vn -0.1740 -0.1876 -0.9667
vn -0.9732 -0.1876 -0.1332
vn -0.4274 -0.1876 0.8844
vn 0.7090 -0.1876 0.6798
vn 0.8656 -0.1876 -0.4642
vn -0.1075 -0.7947 -0.5975
vn -0.6015 -0.7947 -0.0823
vn -0.2642 -0.7947 0.5466
vn 0.5350 -0.7947 -0.2869
vn 0.4382 -0.7947 0.4201
vn -0.5446 -0.6626 0.5141
vn 0.6015 0.7947 0.0823
vn 0.1029 -0.9429 0.3167
vn -0.0886 -0.9580 0.2726
vn 0.1464 -0.8807 0.4505
vn 0.2319 -0.9580 0.1685
vn 0.4253 -0.8507 0.3090
vn -0.1625 -0.8507 0.5000
vn 0.7236 -0.4472 0.5257
vn 0.6999 -0.6626 0.2666
vn 0.8214 -0.5077 0.2598
vn 0.6623 -0.7366 0.1371
vn 0.5895 -0.6848 0.4283
vn 0.8506 -0.5257 0.0000
vn -0.2694 -0.9429 0.1957
vn -0.2867 -0.9580 0.0000
vn -0.3832 -0.8807 0.2784
vn -0.5257 -0.8507 0.0000
vn -0.2694 -0.9429 -0.1957
vn -0.0886 -0.9580 -0.2726
vn -0.3832 -0.8807 -0.2784
vn -0.1625 -0.8507 -0.5000
vn 0.1029 -0.9429 -0.3167
vn 0.2319 -0.9580 -0.1685
vn 0.1464 -0.8807 -0.4505
vn 0.4253 -0.8507 -0.3090
vn 0.9057 -0.3297 0.2666
vn 0.8762 -0.2210 0.4283
vn 0.9550 -0.2630 0.1371
vn 0.9511 -0.0000 0.3090
vn -0.2764 -0.4472 0.8506
vn 0.0263 -0.3297 0.9437
vn -0.1366 -0.2210 0.9657
vn 0.1648 -0.2630 0.9506
vn 0.0067 -0.5077 0.8615
vn 0.2629 -0.5257 0.8090
vn -0.0000 0.0000 1.0000
vn -0.8944 -0.4472 -0.0000
vn -0.8894 -0.3297 0.3167
vn -0.9606 -0.2210 0.1685
vn -0.8532 -0.2630 0.4505
vn -0.8173 -0.5077 0.2726
vn -0.6882 -0.5257 0.5000
vn -0.9511 0.0000 0.3090
vn -0.2764 -0.4472 -0.8506
vn -0.5760 -0.3297 -0.7480
vn -0.4571 -0.2210 -0.8615
vn -0.6921 -0.2630 -0.6722
vn -0.5118 -0.5077 -0.6930
vn -0.6882 -0.5257 -0.5000
vn -0.5878 -0.0000 -0.8090
vn 0.7236 -0.4472 -0.5257
vn 0.5334 -0.3297 -0.7790
vn 0.6781 -0.2210 -0.7009
vn 0.4255 -0.2630 -0.8659
vn 0.5009 -0.5077 -0.7009
vn 0.2629 -0.5257 -0.8090
vn 0.5878 0.0000 -0.8090
vn 0.8028 -0.1239 0.5833
vn 0.6781 -0.2210 0.7009
vn 0.8087 0.0298 0.5875
vn 0.5878 0.0000 0.8090
vn -0.3066 -0.1239 0.9437
vn -0.4571 -0.2210 0.8615
vn -0.3089 0.0298 0.9506
vn -0.5878 -0.0000 0.8090
vn -0.9923 -0.1239 -0.0000
vn -0.9606 -0.2210 -0.1685
vn -0.9996 0.0298 -0.0000
vn -0.9511 0.0000 -0.3090
vn -0.3066 -0.1239 -0.9437
vn -0.1366 -0.2210 -0.9657
vn -0.3089 0.0298 -0.9506
vn -0.0000 -0.0000 -1.0000
vn 0.8028 -0.1239 -0.5833
vn 0.8762 -0.2210 -0.4283
vn 0.8087 0.0298 -0.5875
vn 0.9511 -0.0000 -0.3090
vn 0.2764 0.4472 0.8506
vn 0.4095 0.6626 0.6270
vn 0.2252 0.6848 0.6930
vn 0.4552 0.7366 0.5002
vn 0.5118 0.5077 0.6930
vn 0.6882 0.5257 0.5000
vn 0.1625 0.8507 0.5000
vn -0.7236 0.4472 0.5257
vn -0.4698 0.6626 0.5833
vn -0.5895 0.6848 0.4283
vn -0.3350 0.7366 0.5875
vn -0.5009 0.5077 0.7009
vn -0.2629 0.5257 0.8090
vn -0.4253 0.8507 0.3090
vn -0.7236 0.4472 -0.5257
vn -0.6999 0.6626 -0.2666
vn -0.5895 0.6848 -0.4283
vn -0.6623 0.7366 -0.1371
vn -0.8214 0.5077 -0.2598
vn -0.8506 0.5257 0.0000
vn -0.4253 0.8507 -0.3090
vn 0.2764 0.4472 -0.8507
vn 0.0372 0.6626 -0.7480
vn 0.2252 0.6848 -0.6930
vn -0.0743 0.7366 -0.6722
vn -0.0067 0.5077 -0.8615
vn -0.2629 0.5257 -0.8090
vn 0.1625 0.8507 -0.5000
vn 0.8944 0.4472 -0.0000
vn 0.7229 0.6626 -0.1957
vn 0.7287 0.6848 -0.0000
vn 0.6164 0.7366 -0.2784
vn 0.8173 0.5077 -0.2726
vn 0.6882 0.5257 -0.5000
vn 0.5257 0.8507 0.0000
vn 0.3832 0.8807 -0.2784
vn 0.2867 0.9580 0.0000
vn 0.0886 0.9580 -0.2726
vn 0.2694 0.9429 -0.1957
vn 0.4552 0.7366 -0.5002
vn 0.5118 0.5077 -0.6930
vn 0.4095 0.6626 -0.6270
vn -0.1464 0.8807 -0.4505
vn -0.2319 0.9580 -0.1685
vn -0.1029 0.9429 -0.3167
vn -0.3350 0.7366 -0.5875
vn -0.5009 0.5077 -0.7009
vn -0.4698 0.6626 -0.5833
vn -0.4737 0.8807 -0.0000
vn -0.2319 0.9580 0.1685
vn -0.3330 0.9429 0.0000
vn -0.6623 0.7366 0.1371
vn -0.8214 0.5077 0.2598
vn -0.6999 0.6626 0.2666
vn -0.1464 0.8807 0.4505
vn 0.0886 0.9580 0.2726
vn -0.1029 0.9429 0.3167
vn -0.0743 0.7366 0.6722
vn -0.0067 0.5077 0.8615
vn 0.0372 0.6626 0.7480
vn 0.3832 0.8807 0.2784
vn 0.2694 0.9429 0.1957
vn 0.6164 0.7366 0.2784
vn 0.8173 0.5077 0.2726
vn 0.7229 0.6626 0.1957
vn 0.8532 0.2630 -0.4505
vn 0.9606 0.2210 -0.1685
vn 0.8894 0.3297 -0.3167
vn 0.6921 0.2630 -0.6722
vn 0.4571 0.2210 -0.8615
vn 0.5760 0.3297 -0.7480
vn -0.1648 0.2630 -0.9506
vn 0.1366 0.2210 -0.9657
vn -0.0263 0.3297 -0.9437
vn -0.4255 0.2630 -0.8659
vn -0.6781 0.2210 -0.7009
vn -0.5334 0.3297 -0.7790
vn -0.9550 0.2630 -0.1371
vn -0.8762 0.2210 -0.4283
vn -0.9057 0.3297 -0.2666
vn -0.9550 0.2630 0.1371
vn -0.8762 0.2210 0.4283
vn -0.9057 0.3297 0.2666
vn -0.4255 0.2630 0.8659
vn -0.6781 0.2210 0.7009
vn -0.5334 0.3297 0.7790
vn -0.1648 0.2630 0.9506
vn 0.1366 0.2210 0.9657
vn -0.0264 0.3297 0.9437
vn 0.6921 0.2630 0.6722
vn 0.4571 0.2210 0.8615
vn 0.5760 0.3297 0.7480
vn 0.8532 0.2630 0.4505
vn 0.9606 0.2210 0.1685
vn 0.8894 0.3297 0.3167
vn 0.3089 -0.0298 -0.9506
vn 0.3066 0.1239 -0.9437
vn 0.1648 -0.2630 -0.9506
vn 0.0067 -0.5077 -0.8615
vn 0.0263 -0.3297 -0.9437
vn -0.8087 -0.0298 -0.5875
vn -0.8028 0.1239 -0.5833
vn -0.8532 -0.2630 -0.4505
vn -0.8173 -0.5077 -0.2726
vn -0.8894 -0.3297 -0.3167
vn -0.8087 -0.0298 0.5875
vn -0.8028 0.1239 0.5833
vn -0.6921 -0.2630 0.6722
vn -0.5118 -0.5077 0.6930
vn -0.5760 -0.3297 0.7480
vn 0.3089 -0.0298 0.9506
vn 0.3066 0.1239 0.9437
vn 0.4255 -0.2630 0.8659
vn 0.5009 -0.5077 0.7009
vn 0.5334 -0.3297 0.7790
vn 0.9996 -0.0298 -0.0000
vn 0.9923 0.1239 -0.0000
vn 0.9550 -0.2630 -0.1371
vn 0.8214 -0.5077 -0.2598
vn 0.9057 -0.3297 -0.2666
vn 0.3350 -0.7366 -0.5875
vn 0.5895 -0.6848 -0.4283
vn 0.4698 -0.6626 -0.5833
vn 0.0743 -0.7366 -0.6722
vn -0.2252 -0.6848 -0.6930
vn -0.0372 -0.6626 -0.7480
vn -0.4552 -0.7366 -0.5002
vn -0.4095 -0.6626 -0.6270
vn -0.6164 -0.7366 -0.2784
vn -0.7287 -0.6848 0.0000
vn -0.7229 -0.6626 -0.1957
vn -0.6164 -0.7366 0.2784
vn -0.7229 -0.6626 0.1957
vn -0.4552 -0.7366 0.5002
vn -0.2252 -0.6848 0.6930
vn -0.4095 -0.6626 0.6270
vn 0.6623 -0.7366 -0.1371
vn 0.6999 -0.6626 -0.2666
vn 0.4737 -0.8807 -0.0000
vn 0.3330 -0.9429 -0.0000
vn 0.0743 -0.7366 0.6722
vn -0.0372 -0.6626 0.7480
vn 0.3350 -0.7366 0.5875
vn 0.4698 -0.6626 0.5833
vn 0.4911 0.7947 -0.3568
vn -0.1876 0.7947 -0.5773
vn -0.6071 0.7947 0.0000
vn -0.1876 0.7947 0.5773
vn 0.4911 0.7947 0.3568
vn 0.7947 0.1876 -0.5773
vn -0.3035 0.1876 -0.9342
vn -0.9822 0.1876 0.0000
vn -0.3035 0.1876 0.9342
vn 0.7947 0.1876 0.5774
vn 0.3035 -0.1876 -0.9342
vn -0.7947 -0.1876 -0.5773
vn -0.7947 -0.1876 0.5773
vn 0.3035 -0.1876 0.9342
vn 0.9822 -0.1876 0.0000
vn 0.1876 -0.7947 -0.5773
vn -0.4911 -0.7947 -0.3568
vn -0.4911 -0.7947 0.3568
vn 0.6071 -0.7947 0.0000
vn 0.1876 -0.7947 0.5773
vn 0.2764 0.4472 -0.8506
vn -0.0263 0.3297 0.9437
vn 0.7947 0.1876 0.5773
vn -0.7947 -0.1876 -0.5774
vn -0.1973 -0.9429 -0.2682
vn -0.0017 -0.9580 -0.2867
vn -0.2806 -0.8807 -0.3816
vn -0.2731 -0.9580 -0.0870
vn -0.5009 -0.8507 -0.1595
vn -0.0031 -0.8507 -0.5257
vn -0.8522 -0.4472 -0.2714
vn -0.7482 -0.6626 -0.0329
vn -0.8615 -0.5077 0.0117
vn -0.6718 -0.7366 0.0782
vn -0.6943 -0.6848 -0.2211
vn -0.8075 -0.5257 0.2676
vn 0.1942 -0.9429 -0.2705
vn 0.2721 -0.9580 -0.0902
vn 0.2762 -0.8807 -0.3848
vn 0.4990 -0.8507 -0.1654
vn 0.3173 -0.9429 0.1011
vn 0.1698 -0.9580 0.2309
vn 0.4513 -0.8807 0.1437
vn 0.3115 -0.8507 0.4235
vn 0.0019 -0.9429 0.3330
vn -0.1671 -0.9580 0.2329
vn 0.0028 -0.8807 0.4736
vn -0.3065 -0.8507 0.4271
vn -0.9436 -0.3297 0.0318
vn -0.9664 -0.2210 -0.1310
vn -0.9497 -0.2630 0.1703
vn -1.0000 -0.0000 0.0058
vn -0.0052 -0.4472 -0.8944
vn -0.3219 -0.3297 -0.8875
vn -0.1741 -0.2210 -0.9596
vn -0.4554 -0.2630 -0.8506
vn -0.2774 -0.5077 -0.8157
vn -0.5040 -0.5257 -0.6853
vn -0.3145 0.0000 -0.9492
vn 0.8490 -0.4472 -0.2813
vn 0.7446 -0.3297 -0.5804
vn 0.8588 -0.2210 -0.4621
vn 0.6682 -0.2630 -0.6960
vn 0.6900 -0.5077 -0.5159
vn 0.4960 -0.5257 -0.6911
vn 0.8056 -0.0000 -0.5925
vn 0.5299 -0.4472 0.7205
vn 0.7821 -0.3297 0.5289
vn 0.7049 -0.2210 0.6740
vn 0.8684 -0.2630 0.4204
vn 0.7038 -0.5077 0.4969
vn 0.8105 -0.5257 0.2582
vn 0.8124 -0.0000 0.5831
vn -0.5215 -0.4472 0.7267
vn -0.2613 -0.3297 0.9072
vn -0.4232 -0.2210 0.8787
vn -0.1315 -0.2630 0.9558
vn -0.2550 -0.5077 0.8229
vn 0.0049 -0.5257 0.8506
vn -0.3035 0.0000 0.9528
vn -0.9455 -0.1239 -0.3011
vn -0.8642 -0.2210 -0.4521
vn -0.9524 0.0298 -0.3033
vn -0.8124 0.0000 -0.5831
vn -0.0058 -0.1239 -0.9923
vn 0.1629 -0.2210 -0.9616
vn -0.0058 0.0298 -0.9995
vn 0.3035 -0.0000 -0.9528
vn 0.9419 -0.1239 -0.3121
vn 0.9648 -0.2210 -0.1422
vn 0.9488 0.0298 -0.3144
vn 1.0000 0.0000 -0.0058
vn 0.5879 -0.1239 0.7994
vn 0.4334 -0.2210 0.8737
vn 0.5922 0.0298 0.8052
vn 0.3145 -0.0000 0.9492
vn -0.5786 -0.1239 0.8062
vn -0.6970 -0.2210 0.6822
vn -0.5828 0.0298 0.8121
vn -0.8056 -0.0000 0.5925
vn -0.5299 0.4472 -0.7205
vn -0.5860 0.6626 -0.4664
vn -0.4317 0.6848 -0.5870
vn -0.5895 0.7366 -0.3316
vn -0.7038 0.5077 -0.4969
vn -0.8105 0.5257 -0.2582
vn -0.3115 0.8507 -0.4235
vn 0.5215 0.4472 -0.7266
vn 0.2625 0.6626 -0.7014
vn 0.4249 0.6848 -0.5920
vn 0.1332 0.7366 -0.6631
vn 0.2550 0.5077 -0.8229
vn -0.0049 0.5257 -0.8506
vn 0.3065 0.8507 -0.4271
vn 0.8522 0.4472 0.2714
vn 0.7482 0.6626 0.0329
vn 0.6943 0.6848 0.2211
vn 0.6718 0.7366 -0.0782
vn 0.8615 0.5077 -0.0118
vn 0.8075 0.5257 -0.2676
vn 0.5009 0.8507 0.1595
vn 0.0052 0.4472 0.8944
vn 0.1999 0.6626 0.7218
vn 0.0042 0.6848 0.7287
vn 0.2820 0.7366 0.6147
vn 0.2774 0.5077 0.8157
vn 0.5040 0.5257 0.6853
vn 0.0031 0.8507 0.5257
vn -0.8490 0.4472 0.2813
vn -0.6247 0.6626 0.4132
vn -0.6917 0.6848 0.2292
vn -0.4975 0.7366 0.4581
vn -0.6900 0.5077 0.5159
vn -0.4960 0.5257 0.6911
vn -0.4990 0.8507 0.1654
vn -0.2762 0.8807 0.3848
vn -0.2721 0.9580 0.0902
vn 0.0017 0.9580 0.2867
vn -0.1942 0.9429 0.2705
vn -0.2748 0.7366 0.6180
vn -0.2679 0.5077 0.8188
vn -0.1915 0.6626 0.7240
vn 0.2806 0.8807 0.3816
vn 0.2731 0.9580 0.0870
vn 0.1973 0.9429 0.2682
vn 0.5028 0.7366 0.4523
vn 0.6960 0.5077 0.5078
vn 0.6294 0.6626 0.4059
vn 0.4496 0.8807 -0.1490
vn 0.1671 0.9580 -0.2329
vn 0.3161 0.9429 -0.1047
vn 0.5856 0.7366 -0.3384
vn 0.6980 0.5077 -0.5050
vn 0.5805 0.6626 -0.4732
vn -0.0028 0.8807 -0.4736
vn -0.1698 0.9580 -0.2309
vn -0.0019 0.9429 -0.3330
vn -0.1409 0.7366 -0.6615
vn -0.2646 0.5077 -0.8199
vn -0.2706 0.6626 -0.6983
vn -0.4513 0.8807 -0.1437
vn -0.3173 0.9429 -0.1011
vn -0.6726 0.7366 -0.0704
vn -0.8615 0.5077 -0.0017
vn -0.7478 0.6626 0.0416
vn -0.6682 0.2630 0.6960
vn -0.8588 0.2210 0.4621
vn -0.7446 0.3297 0.5804
vn -0.4455 0.2630 0.8558
vn -0.1629 0.2210 0.9616
vn -0.3115 0.3297 0.8912
vn 0.4554 0.2630 0.8506
vn 0.1741 0.2210 0.9596
vn 0.3219 0.3297 0.8875
vn 0.6762 0.2630 0.6882
vn 0.8642 0.2210 0.4521
vn 0.7513 0.3297 0.5717
vn 0.9497 0.2630 -0.1703
vn 0.9664 0.2210 0.1310
vn 0.9436 0.3297 -0.0318
vn 0.8634 0.2630 -0.4305
vn 0.6970 0.2210 -0.6822
vn 0.7759 0.3297 -0.5379
vn 0.1315 0.2630 -0.9558
vn 0.4232 0.2210 -0.8787
vn 0.2613 0.3297 -0.9072
vn -0.1426 0.2630 -0.9542
vn -0.4334 0.2210 -0.8737
vn -0.2718 0.3297 -0.9041
vn -0.8684 0.2630 -0.4204
vn -0.7049 0.2210 -0.6740
vn -0.7821 0.3297 -0.5289
vn -0.9516 0.2630 -0.1592
vn -0.9648 0.2210 0.1422
vn -0.9439 0.3297 -0.0209
vn 0.0058 -0.0298 0.9995
vn 0.0058 0.1239 0.9923
vn 0.1426 -0.2630 0.9542
vn 0.2646 -0.5077 0.8199
vn 0.2718 -0.3297 0.9041
vn 0.9524 -0.0298 0.3033
vn 0.9455 0.1239 0.3011
vn 0.9516 -0.2630 0.1592
vn 0.8615 -0.5077 0.0017
vn 0.9439 -0.3297 0.0209
vn 0.5828 -0.0298 -0.8121
vn 0.5786 0.1239 -0.8062
vn 0.4455 -0.2630 -0.8558
vn 0.2679 -0.5077 -0.8188
vn 0.3115 -0.3297 -0.8912
vn -0.5922 -0.0298 -0.8052
vn -0.5879 0.1239 -0.7994
vn -0.6762 -0.2630 -0.6882
vn -0.6960 -0.5077 -0.5078
vn -0.7513 -0.3297 -0.5717
vn -0.9488 -0.0298 0.3144
vn -0.9419 0.1239 0.3121
vn -0.8634 -0.2630 0.4305
vn -0.6980 -0.5077 0.5050
vn -0.7759 -0.3297 0.5379
vn -0.1332 -0.7366 0.6631
vn -0.4249 -0.6848 0.5920
vn -0.2625 -0.6626 0.7014
vn 0.1409 -0.7366 0.6615
vn 0.4317 -0.6848 0.5870
vn 0.2706 -0.6626 0.6983
vn 0.5895 -0.7366 0.3316
vn 0.5860 -0.6626 0.4664
vn 0.6726 -0.7366 0.0704
vn 0.6917 -0.6848 -0.2292
vn 0.7478 -0.6626 -0.0416
vn 0.4975 -0.7366 -0.4581
vn 0.6247 -0.6626 -0.4132
vn 0.2748 -0.7366 -0.6180
vn -0.0042 -0.6848 -0.7287
vn 0.1915 -0.6626 -0.7240
vn -0.5856 -0.7366 0.3384
vn -0.5805 -0.6626 0.4732
vn -0.4496 -0.8807 0.1490
vn -0.3161 -0.9429 0.1047
vn -0.2820 -0.7366 -0.6147
vn -0.1999 -0.6626 -0.7218
vn -0.5028 -0.7366 -0.4523
vn -0.6294 -0.6626 -0.4059
vn -0.3540 0.7947 0.4932
vn 0.3597 0.7947 0.4890
vn 0.5762 0.7947 -0.1909
vn -0.0035 0.7947 -0.6070
vn -0.5784 0.7947 -0.1842
vn -0.5727 0.1876 0.7980
vn 0.5820 0.1876 0.7913
vn 0.9324 0.1876 -0.3090
vn -0.0057 0.1876 -0.9822
vn -0.9359 0.1876 -0.2981
vn 0.0057 -0.1876 0.9822
vn 0.9359 -0.1876 0.2981
vn 0.5727 -0.1876 -0.7980
vn -0.5820 -0.1876 -0.7913
vn -0.9324 -0.1876 0.3090
vn 0.0035 -0.7947 0.6070
vn 0.5784 -0.7947 0.1842
vn 0.3540 -0.7947 -0.4932
vn -0.5762 -0.7947 0.1909
vn -0.3597 -0.7947 -0.4890
vn 0.8615 0.5077 -0.0117
vn 0.3138 -0.9429 0.1113
vn 0.1622 -0.9580 0.2363
vn 0.4464 -0.8807 0.1583
vn 0.2749 -0.9580 -0.0813
vn 0.5042 -0.8507 -0.1491
vn 0.2975 -0.8507 0.4334
vn 0.8577 -0.4472 -0.2536
vn 0.6378 -0.6626 -0.3926
vn 0.7064 -0.5077 -0.4932
vn 0.5121 -0.7366 -0.4417
vn 0.6988 -0.6848 -0.2066
vn 0.5182 -0.5257 -0.6746
vn -0.0089 -0.9429 0.3329
vn -0.1746 -0.9580 0.2273
vn -0.0126 -0.8807 0.4735
vn -0.3203 -0.8507 0.4169
vn -0.3193 -0.9429 0.0944
vn -0.2702 -0.9580 -0.0958
vn -0.4542 -0.8807 0.1343
vn -0.4955 -0.8507 -0.1758
vn -0.1885 -0.9429 -0.2745
vn 0.0077 -0.9580 -0.2866
vn -0.2681 -0.8807 -0.3905
vn 0.0140 -0.8507 -0.5255
vn 0.7631 -0.3297 -0.5558
vn 0.8734 -0.2210 -0.4339
vn 0.6905 -0.2630 -0.6739
vn 0.8244 -0.0000 -0.5660
vn 0.5062 -0.4472 0.7374
vn 0.7645 -0.3297 0.5540
vn 0.6826 -0.2210 0.6966
vn 0.8543 -0.2630 0.4484
vn 0.6873 -0.5077 0.5195
vn 0.8017 -0.5257 0.2844
vn 0.7930 0.0000 0.6092
vn -0.5449 -0.4472 0.7093
vn -0.2907 -0.3297 0.8982
vn -0.4516 -0.2210 0.8644
vn -0.1625 -0.2630 0.9510
vn -0.2817 -0.5077 0.8142
vn -0.0227 -0.5257 0.8503
vn -0.3343 0.0000 0.9425
vn -0.8430 -0.4472 -0.2990
vn -0.9441 -0.3297 0.0011
vn -0.9617 -0.2210 -0.1623
vn -0.9547 -0.2630 0.1393
vn -0.8614 -0.5077 -0.0163
vn -0.8157 -0.5257 0.2412
vn -0.9996 0.0000 -0.0267
vn 0.0239 -0.4472 -0.8941
vn -0.2928 -0.3297 -0.8975
vn -0.1428 -0.2210 -0.9648
vn -0.4275 -0.2630 -0.8649
vn -0.2507 -0.5077 -0.8243
vn -0.4814 -0.5257 -0.7013
vn -0.2835 0.0000 -0.9590
vn 0.9516 -0.1239 -0.2813
vn 0.9690 -0.2210 -0.1108
vn 0.9585 0.0298 -0.2834
vn 0.9996 0.0000 0.0267
vn 0.5616 -0.1239 0.8181
vn 0.4048 -0.2210 0.8873
vn 0.5657 0.0298 0.8241
vn 0.2835 0.0000 0.9590
vn -0.6045 -0.1239 0.7869
vn -0.7188 -0.2210 0.6591
vn -0.6089 0.0298 0.7927
vn -0.8244 -0.0000 0.5660
vn -0.9352 -0.1239 -0.3317
vn -0.8490 -0.2210 -0.4799
vn -0.9420 0.0298 -0.3342
vn -0.7930 0.0000 -0.6092
vn 0.0265 -0.1239 -0.9919
vn 0.1941 -0.2210 -0.9558
vn 0.0267 0.0298 -0.9992
vn 0.3343 -0.0000 -0.9425
vn 0.8430 0.4472 0.2990
vn 0.7467 0.6626 0.0572
vn 0.6868 0.6848 0.2436
vn 0.6740 0.7366 -0.0563
vn 0.8614 0.5077 0.0163
vn 0.8157 0.5257 -0.2412
vn 0.4955 0.8507 0.1758
vn -0.0239 0.4472 0.8941
vn 0.1763 0.6626 0.7279
vn -0.0195 0.6848 0.7284
vn 0.2618 0.7366 0.6236
vn 0.2507 0.5077 0.8243
vn 0.4814 0.5257 0.7013
vn -0.0140 0.8507 0.5255
vn -0.8577 0.4472 0.2536
vn -0.6378 0.6626 0.3926
vn -0.6988 0.6848 0.2066
vn -0.5121 0.7366 0.4417
vn -0.7064 0.5077 0.4932
vn -0.5182 0.5257 0.6746
vn -0.5042 0.8507 0.1491
vn -0.5062 0.4472 -0.7374
vn -0.5705 0.6626 -0.4852
vn -0.4124 0.6848 -0.6007
vn -0.5784 0.7366 -0.3506
vn -0.6873 0.5077 -0.5195
vn -0.8017 0.5257 -0.2844
vn -0.2976 0.8507 -0.4334
vn 0.5449 0.4472 -0.7093
vn 0.2852 0.6626 -0.6925
vn 0.4439 0.6848 -0.5779
vn 0.1547 0.7366 -0.6584
vn 0.2817 0.5077 -0.8142
vn 0.0227 0.5257 -0.8503
vn 0.3203 0.8507 -0.4169
vn 0.0126 0.8807 -0.4735
vn 0.1746 0.9580 -0.2273
vn -0.1622 0.9580 -0.2363
vn 0.0089 0.9429 -0.3329
vn -0.1193 0.7366 -0.6657
vn -0.2378 0.5077 -0.8281
vn -0.2478 0.6626 -0.7068
vn -0.4464 0.8807 -0.1583
vn -0.2749 0.9580 0.0813
vn -0.3138 0.9429 -0.1113
vn -0.6700 0.7366 -0.0922
vn -0.8610 0.5077 -0.0297
vn -0.7487 0.6626 0.0173
vn -0.2885 0.8807 0.3756
vn -0.0077 0.9580 0.2866
vn -0.2028 0.9429 0.2641
vn -0.2948 0.7366 0.6087
vn -0.2944 0.5077 0.8097
vn -0.2150 0.6626 0.7174
vn 0.2681 0.8807 0.3905
vn 0.2702 0.9580 0.0958
vn 0.1885 0.9429 0.2745
vn 0.4878 0.7366 0.4684
vn 0.6791 0.5077 0.5302
vn 0.6159 0.6626 0.4261
vn 0.4542 0.8807 -0.1343
vn 0.3193 0.9429 -0.0944
vn 0.5963 0.7366 -0.3192
vn 0.7141 0.5077 -0.4820
vn 0.5956 0.6626 -0.4541
vn 0.1625 0.2630 -0.9510
vn 0.4516 0.2210 -0.8644
vn 0.2907 0.3297 -0.8982
vn -0.1115 0.2630 -0.9583
vn -0.4048 0.2210 -0.8873
vn -0.2423 0.3297 -0.9125
vn -0.8543 0.2630 -0.4484
vn -0.6826 0.2210 -0.6966
vn -0.7645 0.3297 -0.5540
vn -0.9459 0.2630 -0.1901
vn -0.9690 0.2210 0.1108
vn -0.9427 0.3297 -0.0515
vn -0.6905 0.2630 0.6739
vn -0.8734 0.2210 0.4339
vn -0.7631 0.3297 0.5558
vn -0.4731 0.2630 0.8409
vn -0.1941 0.2210 0.9558
vn -0.3403 0.3297 0.8806
vn 0.4275 0.2630 0.8649
vn 0.1428 0.2210 0.9648
vn 0.2928 0.3297 0.8975
vn 0.6535 0.2630 0.7098
vn 0.8490 0.2210 0.4799
vn 0.7324 0.3297 0.5958
vn 0.9547 0.2630 -0.1393
vn 0.9617 0.2210 0.1623
vn 0.9441 0.3297 -0.0011
vn 0.8770 0.2630 -0.4022
vn 0.7188 0.2210 -0.6591
vn 0.7929 0.3297 -0.5124
vn -0.5657 -0.0298 -0.8241
vn -0.5616 0.1239 -0.8181
vn -0.6535 -0.2630 -0.7098
vn -0.6791 -0.5077 -0.5302
vn -0.7324 -0.3297 -0.5958
vn -0.9585 -0.0298 0.2834
vn -0.9516 0.1239 0.2813
vn -0.8770 -0.2630 0.4022
vn -0.7141 -0.5077 0.4820
vn -0.7929 -0.3297 0.5124
vn -0.0267 -0.0298 0.9992
vn -0.0265 0.1239 0.9919
vn 0.1115 -0.2630 0.9583
vn 0.2378 -0.5077 0.8281
vn 0.2423 -0.3297 0.9125
vn 0.9420 -0.0298 0.3342
vn 0.9352 0.1239 0.3317
vn 0.9459 -0.2630 0.1901
vn 0.8610 -0.5077 0.0297
vn 0.9427 -0.3297 0.0515
vn 0.6089 -0.0298 -0.7927
vn 0.6045 0.1239 -0.7869
vn 0.4731 -0.2630 -0.8409
vn 0.2944 -0.5077 -0.8097
vn 0.3403 -0.3297 -0.8806
vn -0.2618 -0.7366 -0.6236
vn 0.0195 -0.6848 -0.7284
vn -0.1763 -0.6626 -0.7279
vn -0.4878 -0.7366 -0.4684
vn -0.6868 -0.6848 -0.2436
vn -0.6159 -0.6626 -0.4261
vn -0.6740 -0.7366 0.0563
vn -0.7467 -0.6626 -0.0572
vn -0.5963 -0.7366 0.3192
vn -0.4439 -0.6848 0.5779
vn -0.5956 -0.6626 0.4541
vn -0.1547 -0.7366 0.6584
vn -0.2852 -0.6626 0.6925
vn 0.1193 -0.7366 0.6657
vn 0.4124 -0.6848 0.6007
vn 0.2478 -0.6626 0.7068
vn 0.2948 -0.7366 -0.6087
vn 0.2150 -0.6626 -0.7174
vn 0.2885 -0.8807 -0.3756
vn 0.2028 -0.9429 -0.2641
vn 0.5784 -0.7366 0.3506
vn 0.5705 -0.6626 0.4852
vn 0.6700 -0.7366 0.0922
vn 0.7487 -0.6626 -0.0173
vn 0.0162 0.7947 -0.6068
vn -0.5721 0.7947 -0.2029
vn -0.3698 0.7947 0.4814
vn 0.3436 0.7947 0.5005
vn 0.5822 0.7947 -0.1721
vn 0.0262 0.1876 -0.9819
vn -0.9257 0.1876 -0.3284
vn -0.5984 0.1876 0.7790
vn 0.5559 0.1876 0.8098
vn 0.9419 0.1876 -0.2785
vn -0.5559 -0.1876 -0.8098
vn -0.9419 -0.1876 0.2785
vn -0.0262 -0.1876 0.9819
vn 0.9257 -0.1876 0.3284
vn 0.5984 -0.1876 -0.7790
vn -0.3436 -0.7947 -0.5005
vn -0.5822 -0.7947 0.1721
vn -0.0162 -0.7947 0.6068
vn 0.3698 -0.7947 -0.4814
vn 0.5721 -0.7947 0.2029
vn -0.2975 0.8507 -0.4334
vn 0.0941 -0.9429 0.3194
vn -0.0961 -0.9580 0.2701
vn 0.1339 -0.8807 0.4543
vn 0.2272 -0.9580 0.1748
vn 0.4166 -0.8507 0.3207
vn -0.1762 -0.8507 0.4953
vn 0.7088 -0.4472 0.5455
vn 0.6923 -0.6626 0.2858
vn 0.8139 -0.5077 0.2824
vn 0.6582 -0.7366 0.1553
vn 0.5775 -0.6848 0.4444
vn 0.8503 -0.5257 0.0235
vn -0.2747 -0.9429 0.1882
vn -0.2866 -0.9580 -0.0079
vn -0.3907 -0.8807 0.2677
vn -0.5255 -0.8507 -0.0145
vn -0.2639 -0.9429 -0.2031
vn -0.0810 -0.9580 -0.2750
vn -0.3753 -0.8807 -0.2889
vn -0.1486 -0.8507 -0.5043
vn 0.1116 -0.9429 -0.3137
vn 0.2365 -0.9580 -0.1620
vn 0.1588 -0.8807 -0.4463
vn 0.4337 -0.8507 -0.2971
vn 0.8980 -0.3297 0.2915
vn 0.8640 -0.2210 0.4524
vn 0.9509 -0.2630 0.1634
vn 0.9421 -0.0000 0.3352
vn -0.2998 -0.4472 0.8427
vn 0.0002 -0.3297 0.9441
vn -0.1632 -0.2210 0.9615
vn 0.1384 -0.2630 0.9548
vn -0.0171 -0.5077 0.8614
vn 0.2404 -0.5257 0.8160
vn -0.0276 -0.0000 0.9996
vn -0.8941 -0.4472 -0.0247
vn -0.8978 -0.3297 0.2920
vn -0.9649 -0.2210 0.1419
vn -0.8653 -0.2630 0.4267
vn -0.8245 -0.5077 0.2499
vn -0.7017 -0.5257 0.4808
vn -0.9592 0.0000 0.2826
vn -0.2528 -0.4472 -0.8580
vn -0.5551 -0.3297 -0.7636
vn -0.4331 -0.2210 -0.8738
vn -0.6732 -0.2630 -0.6911
vn -0.4925 -0.5077 -0.7069
vn -0.6741 -0.5257 -0.5188
vn -0.5652 -0.0000 -0.8250
vn 0.7379 -0.4472 -0.5055
vn 0.5547 -0.3297 -0.7639
vn 0.6972 -0.2210 -0.6819
vn 0.4492 -0.2630 -0.8538
vn 0.5201 -0.5077 -0.6868
vn 0.2851 -0.5257 -0.8014
vn 0.6099 -0.0000 -0.7925
vn 0.7864 -0.1239 0.6052
vn 0.6585 -0.2210 0.7194
vn 0.7921 0.0298 0.6097
vn 0.5652 0.0000 0.8250
vn -0.3326 -0.1239 0.9349
vn -0.4807 -0.2210 0.8486
vn -0.3350 0.0298 0.9417
vn -0.6099 -0.0000 0.7925
vn -0.9919 -0.1239 -0.0274
vn -0.9556 -0.2210 -0.1950
vn -0.9992 0.0298 -0.0276
vn -0.9421 -0.0000 -0.3352
vn -0.2804 -0.1239 -0.9518
vn -0.1098 -0.2210 -0.9691
vn -0.2825 0.0298 -0.9588
vn 0.0276 -0.0000 -0.9996
vn 0.8186 -0.1239 -0.5608
vn 0.8877 -0.2210 -0.4039
vn 0.8246 0.0298 -0.5649
vn 0.9592 -0.0000 -0.2826
vn 0.2528 0.4472 0.8580
vn 0.3920 0.6626 0.6381
vn 0.2059 0.6848 0.6990
vn 0.4412 0.7366 0.5126
vn 0.4925 0.5077 0.7069
vn 0.6741 0.5257 0.5188
vn 0.1486 0.8507 0.5043
vn -0.7379 0.4472 0.5055
vn -0.4858 0.6626 0.5700
vn -0.6011 0.6848 0.4118
vn -0.3511 0.7366 0.5780
vn -0.5201 0.5077 0.6868
vn -0.2851 0.5257 0.8014
vn -0.4337 0.8507 0.2971
vn -0.7088 0.4472 -0.5455
vn -0.6923 0.6626 -0.2858
vn -0.5775 0.6848 -0.4444
vn -0.6582 0.7366 -0.1553
vn -0.8139 0.5077 -0.2824
vn -0.8503 0.5257 -0.0235
vn -0.4166 0.8507 -0.3207
vn 0.2998 0.4472 -0.8427
vn 0.0579 0.6626 -0.7467
vn 0.2442 0.6848 -0.6865
vn -0.0557 0.7366 -0.6740
vn 0.0171 0.5077 -0.8614
vn -0.2404 0.5257 -0.8160
vn 0.1762 0.8507 -0.4953
vn 0.8941 0.4472 0.0247
vn 0.7280 0.6626 -0.1757
vn 0.7284 0.6848 0.0201
vn 0.6238 0.7366 -0.2613
vn 0.8245 0.5077 -0.2499
vn 0.7017 0.5257 -0.4808
vn 0.5255 0.8507 0.0145
vn 0.3907 0.8807 -0.2677
vn 0.2866 0.9580 0.0079
vn 0.0961 0.9580 -0.2701
vn 0.2747 0.9429 -0.1882
vn 0.4689 0.7366 -0.4874
vn 0.5308 0.5077 -0.6786
vn 0.4267 0.6626 -0.6155
vn -0.1339 0.8807 -0.4543
vn -0.2272 0.9580 -0.1748
vn -0.0941 0.9429 -0.3194
vn -0.3186 0.7366 -0.5966
vn -0.4814 0.5077 -0.7145
vn -0.4535 0.6626 -0.5960
vn -0.4735 0.8807 -0.0131
vn -0.2365 0.9580 0.1620
vn -0.3329 0.9429 -0.0092
vn -0.6658 0.7366 0.1187
vn -0.8283 0.5077 0.2370
vn -0.7070 0.6626 0.2471
vn -0.1588 0.8807 0.4462
vn 0.0810 0.9580 0.2750
vn -0.1116 0.9429 0.3137
vn -0.0929 0.7366 0.6699
vn -0.0306 0.5077 0.8610
vn 0.0166 0.6626 0.7488
vn 0.3753 0.8807 0.2889
vn 0.2639 0.9429 0.2031
vn 0.6084 0.7366 0.2953
vn 0.8094 0.5077 0.2951
vn 0.7172 0.6626 0.2156
vn 0.8653 0.2630 -0.4267
vn 0.9649 0.2210 -0.1419
vn 0.8978 0.3297 -0.2920
vn 0.7104 0.2630 -0.6528
vn 0.4807 0.2210 -0.8486
vn 0.5965 0.3297 -0.7318
vn -0.1384 0.2630 -0.9548
vn 0.1632 0.2210 -0.9615
vn -0.0002 0.3297 -0.9441
vn -0.4014 0.2630 -0.8774
vn -0.6585 0.2210 -0.7194
vn -0.5117 0.3297 -0.7934
vn -0.9509 0.2630 -0.1634
vn -0.8640 0.2210 -0.4524
vn -0.8980 0.3297 -0.2915
vn -0.9584 0.2630 0.1106
vn -0.8877 0.2210 0.4039
vn -0.9127 0.3297 0.2414
vn -0.4492 0.2630 0.8538
vn -0.6972 0.2210 0.6819
vn -0.5547 0.3297 0.7639
vn -0.1910 0.2630 0.9457
vn 0.1098 0.2210 0.9691
vn -0.0524 0.3297 0.9426
vn 0.6732 0.2630 0.6911
vn 0.4331 0.2210 0.8738
vn 0.5551 0.3297 0.7636
vn 0.8404 0.2630 0.4739
vn 0.9556 0.2210 0.1950
vn 0.8803 0.3297 0.3412
vn 0.3350 -0.0298 -0.9417
vn 0.3326 0.1239 -0.9349
vn 0.1910 -0.2630 -0.9457
vn 0.0306 -0.5077 -0.8610
vn 0.0524 -0.3297 -0.9426
vn -0.7921 -0.0298 -0.6097
vn -0.7864 0.1239 -0.6052
vn -0.8404 -0.2630 -0.4739
vn -0.8094 -0.5077 -0.2951
vn -0.8803 -0.3297 -0.3412
vn -0.8246 -0.0298 0.5649
vn -0.8186 0.1239 0.5608
vn -0.7104 -0.2630 0.6528
vn -0.5308 -0.5077 0.6786
vn -0.5965 -0.3297 0.7318
vn 0.2825 -0.0298 0.9588
vn 0.2804 0.1239 0.9518
vn 0.4014 -0.2630 0.8774
vn 0.4814 -0.5077 0.7145
vn 0.5117 -0.3297 0.7934
vn 0.9992 -0.0298 0.0276
vn 0.9919 0.1239 0.0274
vn 0.9584 -0.2630 -0.1106
vn 0.8283 -0.5077 -0.2370
vn 0.9127 -0.3297 -0.2414
vn 0.3511 -0.7366 -0.5780
vn 0.6011 -0.6848 -0.4118
vn 0.4858 -0.6626 -0.5700
vn 0.0929 -0.7366 -0.6699
vn -0.2059 -0.6848 -0.6990
vn -0.0166 -0.6626 -0.7488
vn -0.4412 -0.7366 -0.5126
vn -0.3920 -0.6626 -0.6381
vn -0.6084 -0.7366 -0.2953
vn -0.7284 -0.6848 -0.0201
vn -0.7172 -0.6626 -0.2156
vn -0.6238 -0.7366 0.2613
vn -0.7280 -0.6626 0.1757
vn -0.4689 -0.7366 0.4874
vn -0.2442 -0.6848 0.6865
vn -0.4267 -0.6626 0.6155
vn 0.6658 -0.7366 -0.1187
vn 0.7070 -0.6626 -0.2471
vn 0.4735 -0.8807 0.0131
vn 0.3329 -0.9429 0.0092
vn 0.0557 -0.7366 0.6740
vn -0.0579 -0.6626 0.7467
vn 0.3186 -0.7366 0.5966
vn 0.4535 -0.6626 0.5960
vn 0.5008 0.7947 -0.3431
vn -0.1716 0.7947 -0.5823
vn -0.6068 0.7947 -0.0168
vn -0.2035 0.7947 0.5719
vn 0.4811 0.7947 0.3703
vn 0.8103 0.1876 -0.5552
vn -0.2776 0.1876 -0.9422
vn -0.9819 0.1876 -0.0272
vn -0.3292 0.1876 0.9254
vn 0.7784 0.1876 0.5991
vn 0.3292 -0.1876 -0.9254
vn -0.7784 -0.1876 -0.5991
vn -0.8103 -0.1876 0.5552
vn 0.2776 -0.1876 0.9422
vn 0.9819 -0.1876 0.0272
vn 0.2035 -0.7947 -0.5719
vn -0.4811 -0.7947 -0.3703
vn -0.5008 -0.7947 0.3431
vn 0.6068 -0.7947 0.0168
vn 0.1716 -0.7947 0.5823
vn -0.7018 -0.5257 0.4808
vn 0.2443 0.6848 -0.6865
vn 0.7018 0.5257 -0.4808
vn -0.2443 -0.6848 0.6865
vn 0.3264 -0.9429 -0.0657
vn 0.2606 -0.9580 0.1194
vn 0.4647 -0.8804 -0.0944
vn 0.1941 -0.9580 -0.2110
vn 0.3591 -0.8484 -0.3888
vn 0.4775 -0.8508 0.2193
vn 0.5333 -0.6393 -0.5540
vn 0.4318 -0.4638 -0.7736
vn 0.7425 -0.2703 -0.6129
vn 0.2179 -0.7333 -0.6441
vn 0.1068 -0.5219 -0.8463
vn 0.1634 -0.9429 0.2901
vn -0.0330 -0.9580 0.2848
vn 0.2324 -0.8807 0.4127
vn -0.0606 -0.8507 0.5222
vn -0.2255 -0.9429 0.2450
vn -0.2810 -0.9580 0.0566
vn -0.3207 -0.8807 0.3486
vn -0.5154 -0.8507 0.1038
vn -0.3027 -0.9429 -0.1387
vn -0.1406 -0.9580 -0.2498
vn -0.4306 -0.8807 -0.1973
vn -0.2579 -0.8507 -0.4581
vn 0.7317 -0.0796 -0.6770
vn 0.3254 -0.2211 -0.9194
vn 0.6038 0.0021 -0.7971
vn 0.8108 -0.4489 0.3756
vn 0.9264 -0.3637 0.0976
vn 0.9314 -0.2359 0.2772
vn 0.9613 -0.2569 -0.0995
vn 0.8520 -0.5136 0.1013
vn 0.8570 -0.4747 -0.2004
vn 0.9816 -0.0001 0.1908
vn -0.1031 -0.4472 0.8885
vn 0.2121 -0.3297 0.9200
vn 0.0567 -0.2210 0.9736
vn 0.3492 -0.2630 0.8994
vn 0.1766 -0.5077 0.8432
vn 0.4174 -0.5257 0.7412
vn 0.1974 0.0000 0.9803
vn -0.8768 -0.4472 0.1765
vn -0.8094 -0.3297 0.4860
vn -0.9085 -0.2210 0.3548
vn -0.7475 -0.2630 0.6100
vn -0.7474 -0.5077 0.4286
vn -0.5760 -0.5257 0.6260
vn -0.8714 -0.0000 0.4906
vn -0.4388 -0.4472 -0.7794
vn -0.7123 -0.3297 -0.6196
vn -0.6181 -0.2210 -0.7544
vn -0.8111 -0.2630 -0.5224
vn -0.6385 -0.5077 -0.5784
vn -0.7733 -0.5257 -0.3543
vn -0.7359 0.0000 -0.6771
vn 0.8519 0.0220 -0.5233
vn 0.8704 -0.0001 -0.4923
vn 0.8536 0.0306 -0.5200
vn 0.8629 -0.0161 -0.5050
vn 0.8032 -0.2237 0.5522
vn 0.8978 0.0297 0.4395
vn 0.7343 -0.0001 0.6789
vn -0.1143 -0.1239 0.9857
vn -0.2781 -0.2210 0.9348
vn -0.1152 0.0298 0.9929
vn -0.4165 0.0000 0.9091
vn -0.9728 -0.1239 0.1958
vn -0.9750 -0.2210 0.0244
vn -0.9799 0.0298 0.1973
vn -0.9933 -0.0000 -0.1152
vn -0.4869 -0.1239 -0.8647
vn -0.3245 -0.2210 -0.9197
vn -0.4904 0.0298 -0.8710
vn -0.1936 -0.0001 -0.9811
vn 0.8179 0.2969 -0.4928
vn 0.7257 0.6693 -0.1592
vn 0.8990 0.3656 -0.2410
vn 0.5760 0.7017 -0.4193
vn 0.6931 0.3902 -0.6061
vn 0.5160 0.8501 -0.1053
vn 0.4388 0.4472 0.7794
vn 0.5252 0.6626 0.5339
vn 0.3575 0.6848 0.6349
vn 0.5450 0.7366 0.4005
vn 0.6386 0.5077 0.5784
vn 0.7709 0.5275 0.3570
vn 0.2579 0.8507 0.4581
vn -0.6056 0.4472 0.6582
vn -0.3454 0.6626 0.6645
vn -0.4934 0.6848 0.5362
vn -0.2125 0.7366 0.6421
vn -0.3527 0.5077 0.7860
vn -0.0980 0.5257 0.8450
vn -0.3560 0.8507 0.3869
vn -0.8131 0.4472 -0.3726
vn -0.7387 0.6626 -0.1232
vn -0.6625 0.6848 -0.3035
vn -0.6763 0.7366 -0.0036
vn -0.8566 0.5077 -0.0926
vn -0.8339 0.5257 0.1679
vn -0.4779 0.8507 -0.2190
vn 0.1173 0.4461 -0.8873
vn -0.1111 0.6626 -0.7406
vn 0.0922 0.6818 -0.7257
vn -0.2055 0.7366 -0.6443
vn -0.1766 0.5077 -0.8432
vn -0.4174 0.5257 -0.7412
vn 0.0624 0.8501 -0.5230
vn -0.2324 0.8807 -0.4127
vn 0.0330 0.9580 -0.2848
vn -0.2606 0.9580 -0.1194
vn -0.1634 0.9429 -0.2901
vn -0.4444 0.7366 -0.5098
vn -0.6294 0.5077 -0.5883
vn -0.5757 0.6626 -0.4791
vn -0.4643 0.8807 0.0935
vn -0.1941 0.9580 0.2110
vn -0.3264 0.9429 0.0657
vn -0.6222 0.7366 0.2651
vn -0.7540 0.5077 0.4168
vn -0.6335 0.6626 0.3995
vn -0.0546 0.8807 0.4705
vn 0.1406 0.9580 0.2498
vn -0.0384 0.9429 0.3308
vn 0.0598 0.7366 0.6737
vn 0.1634 0.5077 0.8459
vn 0.1841 0.6626 0.7259
vn 0.4306 0.8807 0.1973
vn 0.2810 0.9580 -0.0566
vn 0.3027 0.9429 0.1387
vn 0.6577 0.7379 0.1517
vn 0.8510 0.5129 0.1127
vn 0.7463 0.6640 0.0468
vn 0.3219 0.8796 -0.3502
vn 0.2255 0.9429 -0.2450
vn 0.3740 0.7196 -0.5851
vn 0.4289 0.4795 -0.7656
vn -0.3492 0.2630 -0.8994
vn -0.0532 0.2177 -0.9746
vn -0.2121 0.3297 -0.9200
vn -0.5880 0.2630 -0.7649
vn -0.8031 0.2210 -0.5533
vn -0.6767 0.3297 -0.6584
vn -0.9633 0.2630 0.0541
vn -0.9435 0.2210 -0.2470
vn -0.9405 0.3297 -0.0826
vn -0.9092 0.2630 0.3229
vn -0.7744 0.2210 0.5928
vn -0.8353 0.3297 0.4401
vn -0.2462 0.2630 0.9329
vn -0.5264 0.2210 0.8210
vn -0.3692 0.3297 0.8689
vn 0.0261 0.2630 0.9645
vn 0.3245 0.2210 0.9197
vn 0.1604 0.3297 0.9304
vn 0.8090 0.2645 0.5249
vn 0.6181 0.2210 0.7544
vn 0.7123 0.3297 0.6196
vn 0.9114 0.2801 0.3016
vn 0.9712 0.2296 -0.0642
vn 0.9136 0.3749 0.1573
vn 0.8414 0.0098 -0.5403
vn 0.8903 0.0485 -0.4528
vn 0.8630 0.0403 -0.5036
vn 0.7468 0.1288 -0.6525
vn 0.8482 0.0491 -0.5274
vn 0.3629 0.1836 -0.9136
vn -0.9087 -0.0298 -0.4164
vn -0.9021 0.1239 -0.4133
vn -0.9253 -0.2630 -0.2732
vn -0.8550 -0.5077 -0.1060
vn -0.9344 -0.3297 -0.1349
vn -0.6768 -0.0298 0.7356
vn -0.6719 0.1239 0.7302
vn -0.5458 -0.2630 0.7956
vn -0.3650 -0.5077 0.7804
vn -0.4171 -0.3297 0.8470
vn 0.4904 -0.0298 0.8710
vn 0.4869 0.1239 0.8647
vn 0.5880 -0.2630 0.7649
vn 0.6294 -0.5077 0.5883
vn 0.6767 -0.3297 0.6584
vn 0.9698 0.0534 -0.2381
vn 0.9763 -0.0392 -0.2128
vn 0.9658 -0.0937 -0.2417
vn 0.9075 -0.1155 -0.4038
vn 0.8981 -0.1059 -0.4268
vn 0.8383 -0.3253 -0.4375
vn 0.1664 -0.0300 -0.9856
vn 0.1298 0.1142 -0.9849
vn -0.0201 -0.2606 -0.9652
vn -0.1634 -0.5077 -0.8459
vn -0.1604 -0.3297 -0.9304
vn -0.5450 -0.7366 -0.4005
vn -0.3575 -0.6848 -0.6350
vn -0.5252 -0.6626 -0.5339
vn -0.6592 -0.7366 -0.1513
vn -0.7144 -0.6848 0.1438
vn -0.7473 -0.6626 -0.0492
vn -0.5493 -0.7366 0.3946
vn -0.6701 -0.6626 0.3346
vn -0.3476 -0.7366 0.5802
vn -0.0840 -0.6848 0.7238
vn -0.2777 -0.6626 0.6955
vn 0.2055 -0.7366 0.6443
vn 0.1111 -0.6626 0.7406
vn 0.4444 -0.7366 0.5098
vn 0.6644 -0.6831 0.3031
vn 0.5757 -0.6626 0.4791
vn -0.0598 -0.7366 -0.6737
vn -0.1842 -0.6626 -0.7259
vn 0.0546 -0.8807 -0.4705
vn 0.0384 -0.9429 -0.3308
vn 0.6761 -0.7368 0.0031
vn 0.6374 -0.7213 -0.2710
vn 0.6800 -0.5995 -0.4221
vn 0.3658 -0.6473 -0.6687
vn 0.5187 -0.2106 -0.8286
vn 0.8983 -0.1352 0.4180
vn 0.6940 0.5855 -0.4189
vn -0.2979 0.7947 -0.5290
vn -0.5951 0.7947 0.1198
vn -0.0699 0.7947 0.6030
vn 0.5519 0.7947 0.2529
vn 0.4161 0.7896 -0.4510
vn 0.2825 0.6521 -0.7036
vn -0.4819 0.1876 -0.8559
vn -0.9629 0.1876 0.1939
vn -0.1132 0.1876 0.9757
vn 0.8901 0.1890 0.4147
vn 0.5561 0.2338 -0.7975
vn -0.8930 -0.1876 -0.4092
vn -0.6651 -0.1876 0.7228
vn 0.4819 -0.1876 0.8559
vn 0.1285 -0.1839 -0.9745
vn -0.5519 -0.7947 -0.2529
vn -0.4110 -0.7947 0.4467
vn 0.2979 -0.7947 0.5290
vn 0.0700 -0.7947 -0.6030
vn 0.7410 -0.6587 0.1302
vn 0.5956 -0.7940 -0.1219
vn 0.4643 -0.8807 -0.0935
vn 0.3560 -0.8507 -0.3869
vn 0.4779 -0.8507 0.2190
vn 0.6056 -0.4472 -0.6582
vn 0.3454 -0.6626 -0.6645
vn 0.3527 -0.5077 -0.7860
vn 0.2125 -0.7366 -0.6421
vn 0.4934 -0.6848 -0.5362
vn 0.0980 -0.5257 -0.8450
vn 0.3692 -0.3297 -0.8689
vn 0.5264 -0.2210 -0.8210
vn 0.2462 -0.2630 -0.9329
vn 0.4165 -0.0000 -0.9091
vn 0.8131 -0.4472 0.3726
vn 0.9405 -0.3297 0.0826
vn 0.9435 -0.2210 0.2470
vn 0.9633 -0.2630 -0.0541
vn 0.8566 -0.5077 0.0926
vn 0.8339 -0.5257 -0.1679
vn 0.9933 0.0000 0.1152
vn 0.6719 -0.1239 -0.7302
vn 0.7744 -0.2210 -0.5928
vn 0.6768 0.0298 -0.7356
vn 0.8714 0.0000 -0.4906
vn 0.9021 -0.1239 0.4133
vn 0.8031 -0.2210 0.5533
vn 0.9087 0.0298 0.4164
vn 0.7359 0.0000 0.6771
vn -0.4869 -0.1239 -0.8646
vn -0.1974 0.0000 -0.9803
vn 0.8768 0.4472 -0.1765
vn 0.6701 0.6626 -0.3346
vn 0.7144 0.6848 -0.1438
vn 0.5493 0.7366 -0.3946
vn 0.7474 0.5077 -0.4286
vn 0.5760 0.5257 -0.6260
vn 0.5154 0.8507 -0.1038
vn 0.7733 0.5257 0.3543
vn 0.1031 0.4472 -0.8885
vn 0.0840 0.6848 -0.7238
vn 0.0606 0.8507 -0.5222
vn 0.6592 0.7366 0.1513
vn 0.8550 0.5077 0.1060
vn 0.7473 0.6626 0.0492
vn 0.3207 0.8807 -0.3486
vn 0.3476 0.7366 -0.5802
vn 0.3650 0.5077 -0.7804
vn 0.2777 0.6626 -0.6955
vn -0.0567 0.2210 -0.9736
vn 0.8111 0.2630 0.5224
vn 0.9253 0.2630 0.2732
vn 0.9750 0.2210 -0.0244
vn 0.9344 0.3297 0.1349
vn 0.7475 0.2630 -0.6100
vn 0.9085 0.2210 -0.3548
vn 0.8094 0.3297 -0.4860
vn 0.5458 0.2630 -0.7956
vn 0.2781 0.2210 -0.9348
vn 0.4171 0.3297 -0.8470
vn 0.4869 0.1239 0.8646
vn 0.9799 -0.0298 -0.1973
vn 0.9728 0.1239 -0.1958
vn 0.9092 -0.2630 -0.3229
vn 0.7540 -0.5077 -0.4168
vn 0.8353 -0.3297 -0.4401
vn 0.1152 -0.0298 -0.9929
vn 0.1143 0.1239 -0.9857
vn -0.0261 -0.2630 -0.9645
vn 0.6625 -0.6848 0.3035
vn -0.1841 -0.6626 -0.7259
vn 0.6763 -0.7366 0.0036
vn 0.7387 -0.6626 0.1232
vn 0.6222 -0.7366 -0.2651
vn 0.6335 -0.6626 -0.3995
vn 0.4110 0.7947 -0.4467
vn 0.8930 0.1876 0.4092
vn 0.6651 0.1876 -0.7228
vn 0.9629 -0.1876 -0.1939
vn 0.1132 -0.1876 -0.9757
vn 0.5951 -0.7947 -0.1198
vn -0.0751 -0.9429 0.3244
vn -0.2165 -0.9580 0.1879
vn -0.1069 -0.8807 0.4614
vn 0.1118 -0.9580 0.2639
vn 0.2051 -0.8507 0.4841
vn -0.3970 -0.8507 0.3446
vn 0.3489 -0.4472 0.8236
vn 0.4622 -0.6626 0.5893
vn 0.5699 -0.5077 0.6462
vn 0.4968 -0.7366 0.4589
vn 0.2843 -0.6848 0.6709
vn 0.7289 -0.5257 0.4386
vn -0.3317 -0.9429 0.0288
vn -0.2456 -0.9580 -0.1478
vn -0.4719 -0.8807 0.0410
vn -0.4505 -0.8507 -0.2711
vn -0.1299 -0.9429 -0.3066
vn 0.0647 -0.9580 -0.2793
vn -0.1848 -0.8807 -0.4361
vn 0.1186 -0.8507 -0.5122
vn 0.2514 -0.9429 -0.2183
vn 0.2856 -0.9580 -0.0248
vn 0.3577 -0.8807 -0.3105
vn 0.5238 -0.8507 -0.0455
vn 0.6386 -0.3297 0.6954
vn 0.5299 -0.2210 0.8188
vn 0.7476 -0.2630 0.6098
vn 0.6556 -0.0000 0.7551
vn -0.6754 -0.4472 0.5863
vn -0.4640 -0.3297 0.8222
vn -0.6149 -0.2210 0.7570
vn -0.3490 -0.2630 0.8995
vn -0.4384 -0.5077 0.7416
vn -0.1919 -0.5257 0.8287
vn -0.5156 -0.0000 0.8568
vn -0.7664 -0.4472 -0.4612
vn -0.9253 -0.3297 -0.1872
vn -0.9099 -0.2210 -0.3509
vn -0.9633 -0.2630 -0.0539
vn -0.8408 -0.5077 -0.1878
vn -0.8475 -0.5257 0.0736
vn -0.9742 -0.0000 -0.2256
vn 0.2018 -0.4472 -0.8714
vn -0.1079 -0.3297 -0.9379
vn 0.0526 -0.2210 -0.9739
vn -0.2464 -0.2630 -0.9328
vn -0.0812 -0.5077 -0.8577
vn -0.3319 -0.5257 -0.7832
vn -0.0865 -0.0000 -0.9963
vn 0.8911 -0.4472 -0.0774
vn 0.8587 -0.3297 -0.3924
vn 0.9424 -0.2210 -0.2509
vn 0.8110 -0.2630 -0.5226
vn 0.7906 -0.5077 -0.3423
vn 0.6424 -0.5257 -0.5576
vn 0.9208 0.0000 -0.3901
vn 0.3871 -0.1239 0.9137
vn 0.2196 -0.2210 0.9502
vn 0.3899 0.0298 0.9204
vn 0.0865 0.0000 0.9963
vn -0.7493 -0.1239 0.6505
vn -0.8359 -0.2210 0.5025
vn -0.7548 0.0298 0.6553
vn -0.9208 -0.0000 0.3901
vn -0.8502 -0.1239 -0.5116
vn -0.7362 -0.2210 -0.6397
vn -0.8564 0.0298 -0.5154
vn -0.6556 -0.0000 -0.7551
vn 0.2239 -0.1239 -0.9667
vn 0.3809 -0.2210 -0.8978
vn 0.2255 0.0298 -0.9738
vn 0.5156 0.0000 -0.8568
vn 0.9886 -0.1239 -0.0858
vn 0.9716 -0.2210 0.0848
vn 0.9958 0.0298 -0.0865
vn 0.9742 -0.0000 0.2256
vn -0.2018 0.4472 0.8714
vn 0.0276 0.6626 0.7484
vn -0.1644 0.6848 0.7099
vn 0.1322 0.7366 0.6633
vn 0.0812 0.5077 0.8577
vn 0.3319 0.5257 0.7832
vn -0.1186 0.8507 0.5122
vn -0.8911 0.4472 0.0774
vn -0.7033 0.6626 0.2575
vn -0.7260 0.6848 0.0630
vn -0.5900 0.7366 0.3307
vn -0.7906 0.5077 0.3423
vn -0.6424 0.5257 0.5576
vn -0.5238 0.8507 0.0455
vn -0.3489 0.4472 -0.8236
vn -0.4622 0.6626 -0.5893
vn -0.2843 0.6848 -0.6709
vn -0.4968 0.7366 -0.4589
vn -0.5699 0.5077 -0.6462
vn -0.7289 0.5257 -0.4386
vn -0.2051 0.8507 -0.4841
vn 0.6754 0.4472 -0.5863
vn 0.4176 0.6626 -0.6217
vn 0.5503 0.6848 -0.4777
vn 0.2829 0.7366 -0.6143
vn 0.4384 0.5077 -0.7416
vn 0.1919 0.5257 -0.8287
vn 0.3970 0.8507 -0.3446
vn 0.7664 0.4472 0.4612
vn 0.7203 0.6626 0.2050
vn 0.6244 0.6848 0.3757
vn 0.6717 0.7366 0.0793
vn 0.8408 0.5077 0.1878
vn 0.8475 0.5257 -0.0736
vn 0.4505 0.8507 0.2711
vn 0.4719 0.8807 -0.0410
vn 0.2456 0.9580 0.1478
vn 0.2165 0.9580 -0.1879
vn 0.3317 0.9429 -0.0288
vn 0.6480 0.7366 -0.1938
vn 0.7959 0.5077 -0.3299
vn 0.6742 0.6626 -0.3261
vn 0.1069 0.8807 -0.4614
vn -0.1118 0.9580 -0.2639
vn 0.0751 0.9429 -0.3244
vn 0.0159 0.7366 -0.6761
vn -0.0678 0.5077 -0.8589
vn -0.1018 0.6626 -0.7420
vn -0.4058 0.8807 -0.2442
vn -0.2856 0.9580 0.0248
vn -0.2853 0.9429 -0.1717
vn -0.6381 0.7366 -0.2241
vn -0.8378 0.5077 -0.2009
vn -0.7371 0.6626 -0.1325
vn -0.3577 0.8807 0.3105
vn -0.0647 0.9580 0.2793
vn -0.2514 0.9429 0.2183
vn -0.4103 0.7366 0.5377
vn -0.4500 0.5077 0.7347
vn -0.3538 0.6626 0.6601
vn 0.1848 0.8807 0.4361
vn 0.1299 0.9429 0.3066
vn 0.3846 0.7366 0.5563
vn 0.5597 0.5077 0.6550
vn 0.5185 0.6626 0.5404
vn 0.9633 0.2630 0.0539
vn 0.9099 0.2210 0.3509
vn 0.9253 0.3297 0.1872
vn 0.9396 0.2630 -0.2191
vn 0.8359 0.2210 -0.5025
vn 0.8792 0.3297 -0.3439
vn 0.3490 0.2630 -0.8995
vn 0.6149 0.2210 -0.7570
vn 0.4640 0.3297 -0.8222
vn 0.0819 0.2630 -0.9613
vn -0.2196 0.2210 -0.9502
vn -0.0554 0.3297 -0.9425
vn -0.7476 0.2630 -0.6098
vn -0.5299 0.2210 -0.8188
vn -0.6386 0.3297 -0.6954
vn -0.8890 0.2630 -0.3750
vn -0.9716 0.2210 -0.0848
vn -0.9135 0.3297 -0.2386
vn -0.8110 0.2630 0.5226
vn -0.9424 0.2210 0.2509
vn -0.8587 0.3297 0.3924
vn -0.6313 0.2630 0.7296
vn -0.3809 0.2210 0.8978
vn -0.5092 0.3297 0.7950
vn 0.2464 0.2630 0.9328
vn -0.0526 0.2210 0.9739
vn 0.1079 0.3297 0.9379
vn 0.4988 0.2630 0.8259
vn 0.7362 0.2210 0.6397
vn 0.5988 0.3297 0.7299
vn 0.7548 -0.0298 -0.6553
vn 0.7493 0.1239 -0.6505
vn 0.6313 -0.2630 -0.7296
vn 0.4500 -0.5077 -0.7347
vn 0.5092 -0.3297 -0.7950
vn -0.3899 -0.0298 -0.9204
vn -0.3871 0.1239 -0.9137
vn -0.4988 -0.2630 -0.8259
vn -0.5597 -0.5077 -0.6550
vn -0.5988 -0.3297 -0.7299
vn -0.9958 -0.0298 0.0865
vn -0.9886 0.1239 0.0858
vn -0.9396 -0.2630 0.2191
vn -0.7959 -0.5077 0.3299
vn -0.8792 -0.3297 0.3439
vn -0.2255 -0.0298 0.9738
vn -0.2239 0.1239 0.9667
vn -0.0819 -0.2630 0.9613
vn 0.0678 -0.5077 0.8589
vn 0.0554 -0.3297 0.9425
vn 0.8564 -0.0298 0.5154
vn 0.8502 0.1239 0.5116
vn 0.8890 -0.2630 0.3750
vn 0.8378 -0.5077 0.2009
vn 0.9135 -0.3297 0.2386
vn 0.5900 -0.7366 -0.3307
vn 0.7260 -0.6848 -0.0630
vn 0.7033 -0.6626 -0.2575
vn 0.4103 -0.7366 -0.5377
vn 0.1644 -0.6848 -0.7099
vn 0.3538 -0.6626 -0.6601
vn -0.1322 -0.7366 -0.6633
vn -0.0276 -0.6626 -0.7484
vn -0.3846 -0.7366 -0.5563
vn -0.6244 -0.6848 -0.3757
vn -0.5185 -0.6626 -0.5404
vn -0.6717 -0.7366 -0.0793
vn -0.7203 -0.6626 -0.2050
vn -0.6480 -0.7366 0.1938
vn -0.5503 -0.6848 0.4777
vn -0.6742 -0.6626 0.3261
vn 0.6381 -0.7366 0.2241
vn 0.7371 -0.6626 0.1325
vn 0.4058 -0.8807 0.2442
vn 0.2853 -0.9429 0.1717
vn -0.2829 -0.7366 0.6143
vn -0.4176 -0.6626 0.6217
vn -0.0159 -0.7366 0.6761
vn 0.1018 -0.6626 0.7420
vn 0.6048 0.7947 -0.0525
vn 0.1369 0.7947 -0.5914
vn -0.5201 0.7947 -0.3130
vn -0.4584 0.7947 0.3980
vn 0.2368 0.7947 0.5590
vn 0.9786 0.1876 -0.0850
vn 0.2216 0.1876 -0.9569
vn -0.8416 0.1876 -0.5065
vn -0.7417 0.1876 0.6439
vn 0.3832 0.1876 0.9044
vn 0.7417 -0.1876 -0.6439
vn -0.3832 -0.1876 -0.9044
vn -0.9786 -0.1876 0.0850
vn -0.2216 -0.1876 0.9569
vn 0.8416 -0.1876 0.5065
vn 0.4584 -0.7947 -0.3980
vn -0.2368 -0.7947 -0.5590
vn -0.6048 -0.7947 0.0525
vn 0.5201 -0.7947 0.3130
vn -0.1369 -0.7947 0.5914
vn -0.2843 0.6848 -0.6710
usemtl Material.002
s 1
f 1/1/1 2269/2/2 589/3/3
f 707/4/4 620/5/5 14/6/6
f 589/3/3 707/4/4 13/7/7
f 2/8/8 2270/9/9 592/10/10
f 704/11/11 590/12/12 14/13/6
f 592/10/10 704/11/11 16/14/13
f 1/15/1 2271/16/14 594/17/15
f 701/18/16 589/19/3 13/20/7
f 594/17/15 701/18/16 18/21/17
f 1/22/1 2272/23/18 596/24/19
f 698/25/20 594/26/15 18/27/17
f 596/24/19 698/25/20 20/28/21
f 1/29/1 2273/30/22 623/31/23
f 695/32/24 596/33/19 20/34/21
f 623/31/23 695/32/24 17/35/25
f 2/8/8 2274/36/26 599/37/27
f 692/38/28 592/10/10 16/14/13
f 599/37/27 692/38/28 23/39/29
f 3/40/30 2275/41/31 601/42/32
f 689/43/33 591/44/34 15/45/35
f 601/42/32 689/43/33 25/46/36
f 4/47/37 2276/48/38 603/49/39
f 686/50/40 595/51/41 19/52/42
f 603/49/39 686/50/40 27/53/43
f 5/54/44 2277/55/45 605/56/46
f 683/57/47 597/58/48 21/59/49
f 605/56/46 683/57/47 29/60/50
f 6/61/51 2278/62/52 607/63/53
f 680/64/54 598/65/55 22/66/56
f 607/63/53 680/64/54 31/67/57
f 2/8/8 2279/68/58 632/69/59
f 677/70/60 599/37/27 23/39/29
f 632/69/59 677/70/60 26/71/61
f 3/40/30 2280/72/62 634/73/63
f 674/74/64 601/42/32 25/46/36
f 634/73/63 674/74/64 28/75/65
f 4/47/37 2281/76/66 636/77/67
f 671/78/68 603/49/39 27/53/43
f 636/77/67 671/78/68 30/79/69
f 5/54/44 2282/80/70 638/81/71
f 668/82/72 605/56/46 29/60/50
f 638/81/71 668/82/72 32/83/73
f 6/61/51 2283/84/74 630/85/75
f 665/86/76 607/63/53 31/67/57
f 630/85/75 665/86/76 24/87/77
f 7/88/78 2284/89/79 614/90/80
f 662/91/81 609/92/82 33/93/83
f 614/90/80 662/91/81 38/94/84
f 8/95/85 2285/96/86 616/97/87
f 659/98/88 610/99/89 34/100/90
f 616/97/87 659/98/88 40/101/91
f 9/102/92 2286/103/93 617/104/94
f 656/105/95 611/106/96 35/107/97
f 617/104/94 656/105/95 41/108/98
f 10/109/99 2287/110/100 618/111/101
f 653/112/102 612/113/103 36/114/104
f 618/111/101 653/112/102 42/115/105
f 11/116/106 2288/117/107 645/118/108
f 650/119/109 613/120/110 37/121/111
f 645/118/108 650/119/109 39/122/112
f 649/123/113 615/124/114 39/122/112
f 648/125/115 649/123/113 42/126/105
f 12/127/116 2289/128/117 648/125/115
f 650/119/109 649/123/113 39/122/112
f 651/129/118 650/119/109 37/121/111
f 649/123/113 651/129/118 42/126/105
f 643/130/119 651/129/118 37/121/111
f 10/109/99 2291/131/120 643/130/119
f 651/129/118 618/132/101 42/126/105
f 652/133/121 648/134/115 42/115/105
f 647/135/122 652/133/121 41/136/98
f 12/137/116 2292/138/123 647/135/122
f 653/112/102 652/133/121 42/115/105
f 654/139/124 653/112/102 36/114/104
f 652/133/121 654/139/124 41/136/98
f 642/140/125 654/139/124 36/114/104
f 9/102/92 2294/141/126 642/140/125
f 654/139/124 617/142/94 41/136/98
f 655/143/127 647/144/122 41/108/98
f 646/145/128 655/143/127 40/146/91
f 12/147/116 2295/148/129 646/145/128
f 656/105/95 655/143/127 41/108/98
f 657/149/130 656/105/95 35/107/97
f 655/143/127 657/149/130 40/146/91
f 641/150/131 657/149/130 35/107/97
f 8/151/85 2297/152/132 641/150/131
f 657/149/130 616/153/87 40/146/91
f 658/154/133 646/155/128 40/101/91
f 644/156/134 658/154/133 38/157/84
f 12/158/116 2298/159/135 644/156/134
f 659/98/88 658/154/133 40/101/91
f 660/160/136 659/98/88 34/100/90
f 658/154/133 660/160/136 38/157/84
f 640/161/137 660/160/136 34/100/90
f 7/88/78 2300/162/138 640/161/137
f 660/160/136 614/163/80 38/157/84
f 661/164/139 644/165/134 38/94/84
f 615/166/114 661/164/139 39/167/112
f 12/168/116 2301/169/140 615/166/114
f 662/91/81 661/164/139 38/94/84
f 663/170/141 662/91/81 33/93/83
f 661/164/139 663/170/141 39/167/112
f 639/171/142 663/170/141 33/93/83
f 11/116/106 2303/172/143 639/171/142
f 663/170/141 645/173/108 39/167/112
f 664/174/144 600/175/145 24/87/77
f 613/120/110 664/174/144 37/121/111
f 11/116/106 2304/176/146 613/120/110
f 665/86/76 664/174/144 24/87/77
f 666/177/147 665/86/76 31/67/57
f 664/174/144 666/177/147 37/121/111
f 637/178/148 666/177/147 31/67/57
f 10/109/99 2306/179/149 637/178/148
f 666/177/147 643/130/119 37/121/111
f 667/180/150 608/181/151 32/83/73
f 612/113/103 667/180/150 36/114/104
f 10/109/99 2307/182/152 612/113/103
f 668/82/72 667/180/150 32/83/73
f 669/183/153 668/82/72 29/60/50
f 667/180/150 669/183/153 36/114/104
f 635/184/154 669/183/153 29/60/50
f 9/102/92 2309/185/155 635/184/154
f 669/183/153 642/140/125 36/114/104
f 670/186/156 606/187/157 30/79/69
f 611/106/96 670/186/156 35/107/97
f 9/102/92 2310/188/158 611/106/96
f 671/78/68 670/186/156 30/79/69
f 672/189/159 671/78/68 27/53/43
f 670/186/156 672/189/159 35/107/97
f 633/190/160 672/189/159 27/53/43
f 8/151/85 2312/191/161 633/190/160
f 672/189/159 641/150/131 35/107/97
f 673/192/162 604/193/163 28/75/65
f 610/99/89 673/192/162 34/100/90
f 8/95/85 2313/194/164 610/99/89
f 674/74/64 673/192/162 28/75/65
f 675/195/165 674/74/64 25/46/36
f 673/192/162 675/195/165 34/100/90
f 631/196/166 675/195/165 25/46/36
f 7/88/78 2315/197/167 631/196/166
f 675/195/165 640/161/137 34/100/90
f 676/198/168 602/199/169 26/71/61
f 609/92/82 676/198/168 33/93/83
f 7/88/78 2316/200/170 609/92/82
f 677/70/60 676/198/168 26/71/61
f 678/201/171 677/70/60 23/39/29
f 676/198/168 678/201/171 33/93/83
f 629/202/172 678/201/171 23/39/29
f 11/116/106 2318/203/173 629/202/172
f 678/201/171 639/171/142 33/93/83
f 679/204/174 637/178/148 31/67/57
f 608/181/151 679/204/174 32/83/73
f 10/109/99 2319/205/175 608/181/151
f 680/64/54 679/204/174 31/67/57
f 681/206/176 680/64/54 22/66/56
f 679/204/174 681/206/176 32/83/73
f 628/207/177 681/206/176 22/66/56
f 5/54/44 2321/208/178 628/207/177
f 681/206/176 638/81/71 32/83/73
f 682/209/179 635/184/154 29/60/50
f 606/187/157 682/209/179 30/79/69
f 9/102/92 2322/210/180 606/187/157
f 683/57/47 682/209/179 29/60/50
f 684/211/181 683/57/47 21/59/49
f 682/209/179 684/211/181 30/79/69
f 627/212/182 684/211/181 21/59/49
f 4/47/37 2324/213/183 627/212/182
f 684/211/181 636/77/67 30/79/69
f 685/214/184 633/190/160 27/53/43
f 604/215/163 685/214/184 28/216/65
f 8/151/85 2325/217/185 604/215/163
f 686/50/40 685/214/184 27/53/43
f 687/218/186 686/50/40 19/52/42
f 685/214/184 687/218/186 28/216/65
f 625/219/187 687/218/186 19/52/42
f 3/220/30 2327/221/188 625/219/187
f 687/218/186 634/222/63 28/216/65
f 688/223/189 631/196/166 25/46/36
f 602/199/169 688/223/189 26/71/61
f 7/88/78 2328/224/190 602/199/169
f 689/43/33 688/223/189 25/46/36
f 690/225/191 689/43/33 15/45/35
f 688/223/189 690/225/191 26/71/61
f 621/226/192 690/225/191 15/45/35
f 2/8/8 2330/227/193 621/226/192
f 690/225/191 632/69/59 26/71/61
f 691/228/194 629/202/172 23/39/29
f 600/175/145 691/228/194 24/87/77
f 11/116/106 2331/229/195 600/175/145
f 692/38/28 691/228/194 23/39/29
f 693/230/196 692/38/28 16/14/13
f 691/228/194 693/230/196 24/87/77
f 622/231/197 693/230/196 16/14/13
f 6/61/51 2333/232/198 622/231/197
f 693/230/196 630/85/75 24/87/77
f 694/233/199 593/234/200 17/35/25
f 598/65/55 694/233/199 22/66/56
f 6/61/51 2334/235/201 598/65/55
f 695/32/24 694/233/199 17/35/25
f 696/236/202 695/32/24 20/34/21
f 694/233/199 696/236/202 22/66/56
f 626/237/203 696/236/202 20/34/21
f 5/54/44 2336/238/204 626/237/203
f 696/236/202 628/207/177 22/66/56
f 697/239/205 626/240/203 20/28/21
f 597/58/48 697/239/205 21/59/49
f 5/54/44 2337/241/206 597/58/48
f 698/25/20 697/239/205 20/28/21
f 699/242/207 698/25/20 18/27/17
f 697/239/205 699/242/207 21/59/49
f 624/243/208 699/242/207 18/27/17
f 4/47/37 2339/244/209 624/243/208
f 699/242/207 627/212/182 21/59/49
f 700/245/210 624/246/208 18/21/17
f 595/51/41 700/245/210 19/52/42
f 4/47/37 2340/247/211 595/51/41
f 701/18/16 700/245/210 18/21/17
f 702/248/212 701/18/16 13/20/7
f 700/245/210 702/248/212 19/52/42
f 619/249/213 702/248/212 13/20/7
f 3/220/30 2342/250/214 619/249/213
f 702/248/212 625/219/187 19/52/42
f 703/251/215 622/231/197 16/14/13
f 593/252/200 703/251/215 17/253/25
f 6/61/51 2343/254/216 593/252/200
f 704/11/11 703/251/215 16/14/13
f 705/255/217 704/11/11 14/13/6
f 703/251/215 705/255/217 17/253/25
f 620/256/5 705/255/217 14/13/6
f 1/257/1 2345/258/218 620/256/5
f 705/255/217 623/259/23 17/253/25
f 706/260/219 619/261/213 13/7/7
f 591/44/34 706/260/219 15/45/35
f 3/40/30 2346/262/220 591/44/34
f 707/4/4 706/260/219 13/7/7
f 708/263/221 707/4/4 14/6/6
f 706/260/219 708/263/221 15/45/35
f 590/264/12 708/263/221 14/6/6
f 2/8/8 2348/265/222 590/264/12
f 708/263/221 621/226/192 15/45/35
f 1/1/1 620/5/5 2269/2/2
f 707/4/4 2269/2/2 620/5/5
f 589/3/3 2269/2/2 707/4/4
f 2/8/8 590/12/12 2270/9/9
f 704/11/11 2270/9/9 590/12/12
f 592/10/10 2270/9/9 704/11/11
f 1/15/1 589/19/3 2271/16/14
f 701/18/16 2271/16/14 589/19/3
f 594/17/15 2271/16/14 701/18/16
f 1/22/1 594/26/15 2272/23/18
f 698/25/20 2272/23/18 594/26/15
f 596/24/19 2272/23/18 698/25/20
f 1/29/1 596/33/19 2273/30/22
f 695/32/24 2273/30/22 596/33/19
f 623/31/23 2273/30/22 695/32/24
f 2/8/8 592/10/10 2274/36/26
f 692/38/28 2274/36/26 592/10/10
f 599/37/27 2274/36/26 692/38/28
f 3/40/30 591/44/34 2275/41/31
f 689/43/33 2275/41/31 591/44/34
f 601/42/32 2275/41/31 689/43/33
f 4/47/37 595/51/41 2276/48/38
f 686/50/40 2276/48/38 595/51/41
f 603/49/39 2276/48/38 686/50/40
f 5/54/44 597/58/48 2277/55/45
f 683/57/47 2277/55/45 597/58/48
f 605/56/46 2277/55/45 683/57/47
f 6/61/51 598/65/55 2278/62/52
f 680/64/54 2278/62/52 598/65/55
f 607/63/53 2278/62/52 680/64/54
f 2/8/8 599/37/27 2279/68/58
f 677/70/60 2279/68/58 599/37/27
f 632/69/59 2279/68/58 677/70/60
f 3/40/30 601/42/32 2280/72/62
f 674/74/64 2280/72/62 601/42/32
f 634/73/63 2280/72/62 674/74/64
f 4/47/37 603/49/39 2281/76/66
f 671/78/68 2281/76/66 603/49/39
f 636/77/67 2281/76/66 671/78/68
f 5/54/44 605/56/46 2282/80/70
f 668/82/72 2282/80/70 605/56/46
f 638/81/71 2282/80/70 668/82/72
f 6/61/51 607/63/53 2283/84/74
f 665/86/76 2283/84/74 607/63/53
f 630/85/75 2283/84/74 665/86/76
f 7/88/78 609/92/82 2284/89/79
f 662/91/81 2284/89/79 609/92/82
f 614/90/80 2284/89/79 662/91/81
f 8/95/85 610/99/89 2285/96/86
f 659/98/88 2285/96/86 610/99/89
f 616/97/87 2285/96/86 659/98/88
f 9/102/92 611/106/96 2286/103/93
f 656/105/95 2286/103/93 611/106/96
f 617/104/94 2286/103/93 656/105/95
f 10/109/99 612/113/103 2287/110/100
f 653/112/102 2287/110/100 612/113/103
f 618/111/101 2287/110/100 653/112/102
f 11/116/106 613/120/110 2288/117/107
f 650/119/109 2288/117/107 613/120/110
f 645/118/108 2288/117/107 650/119/109
f 649/123/113 2289/128/117 615/124/114
f 648/125/115 2289/128/117 649/123/113
f 12/127/116 615/124/114 2289/128/117
f 650/119/109 2290/266/223 649/123/113
f 651/129/118 2290/266/223 650/119/109
f 649/123/113 2290/266/223 651/129/118
f 643/130/119 2291/131/120 651/129/118
f 10/109/99 618/132/101 2291/131/120
f 651/129/118 2291/131/120 618/132/101
f 652/133/121 2292/138/123 648/134/115
f 647/135/122 2292/138/123 652/133/121
f 12/137/116 648/134/115 2292/138/123
f 653/112/102 2293/267/224 652/133/121
f 654/139/124 2293/267/224 653/112/102
f 652/133/121 2293/267/224 654/139/124
f 642/140/125 2294/141/126 654/139/124
f 9/102/92 617/142/94 2294/141/126
f 654/139/124 2294/141/126 617/142/94
f 655/143/127 2295/148/129 647/144/122
f 646/145/128 2295/148/129 655/143/127
f 12/147/116 647/144/122 2295/148/129
f 656/105/95 2296/268/225 655/143/127
f 657/149/130 2296/268/225 656/105/95
f 655/143/127 2296/268/225 657/149/130
f 641/150/131 2297/152/132 657/149/130
f 8/151/85 616/153/87 2297/152/132
f 657/149/130 2297/152/132 616/153/87
f 658/154/133 2298/159/135 646/155/128
f 644/156/134 2298/159/135 658/154/133
f 12/158/116 646/155/128 2298/159/135
f 659/98/88 2299/269/226 658/154/133
f 660/160/136 2299/269/226 659/98/88
f 658/154/133 2299/269/226 660/160/136
f 640/161/137 2300/162/138 660/160/136
f 7/88/78 614/163/80 2300/162/138
f 660/160/136 2300/162/138 614/163/80
f 661/164/139 2301/169/140 644/165/134
f 615/166/114 2301/169/140 661/164/139
f 12/168/116 644/165/134 2301/169/140
f 662/91/81 2302/270/227 661/164/139
f 663/170/141 2302/270/227 662/91/81
f 661/164/139 2302/270/227 663/170/141
f 639/171/142 2303/172/143 663/170/141
f 11/116/106 645/173/108 2303/172/143
f 663/170/141 2303/172/143 645/173/108
f 664/174/144 2304/176/146 600/175/145
f 613/120/110 2304/176/146 664/174/144
f 11/116/106 600/175/145 2304/176/146
f 665/86/76 2305/271/228 664/174/144
f 666/177/147 2305/271/228 665/86/76
f 664/174/144 2305/271/228 666/177/147
f 637/178/148 2306/179/149 666/177/147
f 10/109/99 643/130/119 2306/179/149
f 666/177/147 2306/179/149 643/130/119
f 667/180/150 2307/182/152 608/181/151
f 612/113/103 2307/182/152 667/180/150
f 10/109/99 608/181/151 2307/182/152
f 668/82/72 2308/272/229 667/180/150
f 669/183/153 2308/272/229 668/82/72
f 667/180/150 2308/272/229 669/183/153
f 635/184/154 2309/185/155 669/183/153
f 9/102/92 642/140/125 2309/185/155
f 669/183/153 2309/185/155 642/140/125
f 670/186/156 2310/188/158 606/187/157
f 611/106/96 2310/188/158 670/186/156
f 9/102/92 606/187/157 2310/188/158
f 671/78/68 2311/273/230 670/186/156
f 672/189/159 2311/273/230 671/78/68
f 670/186/156 2311/273/230 672/189/159
f 633/190/160 2312/191/161 672/189/159
f 8/151/85 641/150/131 2312/191/161
f 672/189/159 2312/191/161 641/150/131
f 673/192/162 2313/194/164 604/193/163
f 610/99/89 2313/194/164 673/192/162
f 8/95/85 604/193/163 2313/194/164
f 674/74/64 2314/274/231 673/192/162
f 675/195/165 2314/274/231 674/74/64
f 673/192/162 2314/274/231 675/195/165
f 631/196/166 2315/197/167 675/195/165
f 7/88/78 640/161/137 2315/197/167
f 675/195/165 2315/197/167 640/161/137
f 676/198/168 2316/200/170 602/199/169
f 609/92/82 2316/200/170 676/198/168
f 7/88/78 602/199/169 2316/200/170
f 677/70/60 2317/275/232 676/198/168
f 678/201/171 2317/275/232 677/70/60
f 676/198/168 2317/275/232 678/201/171
f 629/202/172 2318/203/173 678/201/171
f 11/116/106 639/171/142 2318/203/173
f 678/201/171 2318/203/173 639/171/142
f 679/204/174 2319/205/175 637/178/148
f 608/181/151 2319/205/175 679/204/174
f 10/109/99 637/178/148 2319/205/175
f 680/64/54 2320/276/233 679/204/174
f 681/206/176 2320/276/233 680/64/54
f 679/204/174 2320/276/233 681/206/176
f 628/207/177 2321/208/178 681/206/176
f 5/54/44 638/81/71 2321/208/178
f 681/206/176 2321/208/178 638/81/71
f 682/209/179 2322/210/180 635/184/154
f 606/187/157 2322/210/180 682/209/179
f 9/102/92 635/184/154 2322/210/180
f 683/57/47 2323/277/234 682/209/179
f 684/211/181 2323/277/234 683/57/47
f 682/209/179 2323/277/234 684/211/181
f 627/212/182 2324/213/183 684/211/181
f 4/47/37 636/77/67 2324/213/183
f 684/211/181 2324/213/183 636/77/67
f 685/214/184 2325/217/185 633/190/160
f 604/215/163 2325/217/185 685/214/184
f 8/151/85 633/190/160 2325/217/185
f 686/50/40 2326/278/235 685/214/184
f 687/218/186 2326/278/235 686/50/40
f 685/214/184 2326/278/235 687/218/186
f 625/219/187 2327/221/188 687/218/186
f 3/220/30 634/222/63 2327/221/188
f 687/218/186 2327/221/188 634/222/63
f 688/223/189 2328/224/190 631/196/166
f 602/199/169 2328/224/190 688/223/189
f 7/88/78 631/196/166 2328/224/190
f 689/43/33 2329/279/236 688/223/189
f 690/225/191 2329/279/236 689/43/33
f 688/223/189 2329/279/236 690/225/191
f 621/226/192 2330/227/193 690/225/191
f 2/8/8 632/69/59 2330/227/193
f 690/225/191 2330/227/193 632/69/59
f 691/228/194 2331/229/195 629/202/172
f 600/175/145 2331/229/195 691/228/194
f 11/116/106 629/202/172 2331/229/195
f 692/38/28 2332/280/237 691/228/194
f 693/230/196 2332/280/237 692/38/28
f 691/228/194 2332/280/237 693/230/196
f 622/231/197 2333/232/198 693/230/196
f 6/61/51 630/85/75 2333/232/198
f 693/230/196 2333/232/198 630/85/75
f 694/233/199 2334/235/201 593/234/200
f 598/65/55 2334/235/201 694/233/199
f 6/61/51 593/234/200 2334/235/201
f 695/32/24 2335/281/238 694/233/199
f 696/236/202 2335/281/238 695/32/24
f 694/233/199 2335/281/238 696/236/202
f 626/237/203 2336/238/204 696/236/202
f 5/54/44 628/207/177 2336/238/204
f 696/236/202 2336/238/204 628/207/177
f 697/239/205 2337/241/206 626/240/203
f 597/58/48 2337/241/206 697/239/205
f 5/54/44 626/240/203 2337/241/206
f 698/25/20 2338/282/239 697/239/205
f 699/242/207 2338/282/239 698/25/20
f 697/239/205 2338/282/239 699/242/207
f 624/243/208 2339/244/209 699/242/207
f 4/47/37 627/212/182 2339/244/209
f 699/242/207 2339/244/209 627/212/182
f 700/245/210 2340/247/211 624/246/208
f 595/51/41 2340/247/211 700/245/210
f 4/47/37 624/246/208 2340/247/211
f 701/18/16 2341/283/240 700/245/210
f 702/248/212 2341/283/240 701/18/16
f 700/245/210 2341/283/240 702/248/212
f 619/249/213 2342/250/214 702/248/212
f 3/220/30 625/219/187 2342/250/214
f 702/248/212 2342/250/214 625/219/187
f 703/251/215 2343/254/216 622/231/197
f 593/252/200 2343/254/216 703/251/215
f 6/61/51 622/231/197 2343/254/216
f 704/11/11 2344/284/241 703/251/215
f 705/255/217 2344/284/241 704/11/11
f 703/251/215 2344/284/241 705/255/217
f 620/256/5 2345/258/218 705/255/217
f 1/257/1 623/259/23 2345/258/218
f 705/255/217 2345/258/218 623/259/23
f 706/260/219 2346/262/220 619/261/213
f 591/44/34 2346/262/220 706/260/219
f 3/40/30 619/261/213 2346/262/220
f 707/4/4 2347/285/242 706/260/219
f 708/263/221 2347/285/242 707/4/4
f 706/260/219 2347/285/242 708/263/221
f 590/264/12 2348/265/222 708/263/221
f 2/8/8 621/226/192 2348/265/222
f 708/263/221 2348/265/222 621/226/192
usemtl Material.003
f 43/286/1 2349/287/2 709/288/3
f 827/289/4 740/290/5 56/291/6
f 709/288/3 827/289/4 55/292/7
f 44/293/8 2350/294/9 712/295/10
f 824/296/11 710/297/12 56/298/6
f 712/295/10 824/296/11 58/299/13
f 43/300/1 2351/301/14 714/302/15
f 821/303/16 709/304/3 55/305/7
f 714/302/15 821/303/16 60/306/17
f 43/307/1 2352/308/18 716/309/19
f 818/310/20 714/311/15 60/312/17
f 716/309/19 818/310/20 62/313/21
f 43/314/1 2353/315/22 743/316/23
f 815/317/24 716/318/19 62/319/21
f 743/316/23 815/317/24 59/320/25
f 44/293/8 2354/321/26 719/322/27
f 812/323/28 712/295/10 58/299/13
f 719/322/27 812/323/28 65/324/29
f 45/325/30 2355/326/31 721/327/32
f 809/328/33 711/329/34 57/330/35
f 721/327/32 809/328/33 67/331/36
f 46/332/37 2356/333/38 723/334/39
f 806/335/40 715/336/41 61/337/42
f 723/334/39 806/335/40 69/338/43
f 47/339/44 2357/340/45 725/341/46
f 803/342/47 717/343/48 63/344/49
f 725/341/46 803/342/47 71/345/50
f 48/346/51 2358/347/52 727/348/53
f 800/349/54 718/350/55 64/351/56
f 727/348/53 800/349/54 73/352/57
f 44/293/8 2359/353/58 752/354/59
f 797/355/60 719/322/27 65/324/29
f 752/354/59 797/355/60 68/356/61
f 45/325/30 2360/357/62 754/358/63
f 794/359/64 721/327/32 67/331/36
f 754/358/63 794/359/64 70/360/65
f 46/332/37 2361/361/66 756/362/67
f 791/363/68 723/334/39 69/338/43
f 756/362/67 791/363/68 72/364/69
f 47/339/44 2362/365/70 758/366/71
f 788/367/72 725/341/46 71/345/50
f 758/366/71 788/367/72 74/368/73
f 48/346/51 2363/369/74 750/370/75
f 785/371/76 727/348/53 73/352/57
f 750/370/75 785/371/76 66/372/77
f 49/373/78 2364/374/79 734/375/80
f 782/376/81 729/377/82 75/378/83
f 734/375/80 782/376/81 80/379/84
f 50/380/85 2365/381/86 736/382/87
f 779/383/88 730/384/89 76/385/90
f 736/382/87 779/383/88 82/386/91
f 51/387/92 2366/388/93 737/389/94
f 776/390/95 731/391/96 77/392/97
f 737/389/94 776/390/95 83/393/98
f 52/394/99 2367/395/100 738/396/101
f 773/397/102 732/398/103 78/399/104
f 738/396/101 773/397/102 84/400/105
f 53/401/106 2368/402/107 765/403/108
f 770/404/109 733/405/110 79/406/111
f 765/403/108 770/404/109 81/407/112
f 769/408/113 735/409/114 81/407/112
f 768/410/115 769/408/113 84/411/105
f 54/412/116 2369/413/117 768/410/115
f 770/404/109 769/408/113 81/407/112
f 771/414/118 770/404/109 79/406/111
f 769/408/113 771/414/118 84/411/105
f 763/415/119 771/414/118 79/406/111
f 52/394/99 2371/416/120 763/415/119
f 771/414/118 738/417/101 84/411/105
f 772/418/121 768/419/115 84/400/105
f 767/420/122 772/418/121 83/421/98
f 54/422/116 2372/423/123 767/420/122
f 773/397/102 772/418/121 84/400/105
f 774/424/124 773/397/102 78/399/104
f 772/418/121 774/424/124 83/421/98
f 762/425/125 774/424/124 78/399/104
f 51/387/92 2374/426/126 762/425/125
f 774/424/124 737/427/94 83/421/98
f 775/428/127 767/429/122 83/393/98
f 766/430/128 775/428/127 82/431/91
f 54/432/116 2375/433/129 766/430/128
f 776/390/95 775/428/127 83/393/98
f 777/434/130 776/390/95 77/392/97
f 775/428/127 777/434/130 82/431/91
f 761/435/131 777/434/130 77/392/97
f 50/436/85 2377/437/132 761/435/131
f 777/434/130 736/438/87 82/431/91
f 778/439/133 766/440/128 82/386/91
f 764/441/134 778/439/133 80/442/84
f 54/443/116 2378/444/135 764/441/134
f 779/383/88 778/439/133 82/386/91
f 780/445/136 779/383/88 76/385/90
f 778/439/133 780/445/136 80/442/84
f 760/446/137 780/445/136 76/385/90
f 49/373/78 2380/447/138 760/446/137
f 780/445/136 734/448/80 80/442/84
f 781/449/139 764/450/134 80/379/84
f 735/451/114 781/449/139 81/452/112
f 54/453/116 2381/454/140 735/451/114
f 782/376/81 781/449/139 80/379/84
f 783/455/141 782/376/81 75/378/83
f 781/449/139 783/455/141 81/452/112
f 759/456/142 783/455/141 75/378/83
f 53/401/106 2383/457/143 759/456/142
f 783/455/141 765/458/108 81/452/112
f 784/459/144 720/460/145 66/372/77
f 733/405/110 784/459/144 79/406/111
f 53/401/106 2384/461/146 733/405/110
f 785/371/76 784/459/144 66/372/77
f 786/462/147 785/371/76 73/352/57
f 784/459/144 786/462/147 79/406/111
f 757/463/148 786/462/147 73/352/57
f 52/394/99 2386/464/149 757/463/148
f 786/462/147 763/415/119 79/406/111
f 787/465/150 728/466/151 74/368/73
f 732/398/103 787/465/150 78/399/104
f 52/394/99 2387/467/152 732/398/103
f 788/367/72 787/465/150 74/368/73
f 789/468/153 788/367/72 71/345/50
f 787/465/150 789/468/153 78/399/104
f 755/469/154 789/468/153 71/345/50
f 51/387/92 2389/470/155 755/469/154
f 789/468/153 762/425/125 78/399/104
f 790/471/156 726/472/157 72/364/69
f 731/391/96 790/471/156 77/392/97
f 51/387/92 2390/473/158 731/391/96
f 791/363/68 790/471/156 72/364/69
f 792/474/159 791/363/68 69/338/43
f 790/471/156 792/474/159 77/392/97
f 753/475/160 792/474/159 69/338/43
f 50/436/85 2392/476/161 753/475/160
f 792/474/159 761/435/131 77/392/97
f 793/477/162 724/478/163 70/360/65
f 730/384/89 793/477/162 76/385/90
f 50/380/85 2393/479/164 730/384/89
f 794/359/64 793/477/162 70/360/65
f 795/480/165 794/359/64 67/331/36
f 793/477/162 795/480/165 76/385/90
f 751/481/166 795/480/165 67/331/36
f 49/373/78 2395/482/167 751/481/166
f 795/480/165 760/446/137 76/385/90
f 796/483/168 722/484/169 68/356/61
f 729/377/82 796/483/168 75/378/83
f 49/373/78 2396/485/170 729/377/82
f 797/355/60 796/483/168 68/356/61
f 798/486/171 797/355/60 65/324/29
f 796/483/168 798/486/171 75/378/83
f 749/487/172 798/486/171 65/324/29
f 53/401/106 2398/488/173 749/487/172
f 798/486/171 759/456/142 75/378/83
f 799/489/174 757/463/148 73/352/57
f 728/466/151 799/489/174 74/368/73
f 52/394/99 2399/490/175 728/466/151
f 800/349/54 799/489/174 73/352/57
f 801/491/176 800/349/54 64/351/56
f 799/489/174 801/491/176 74/368/73
f 748/492/177 801/491/176 64/351/56
f 47/339/44 2401/493/178 748/492/177
f 801/491/176 758/366/71 74/368/73
f 802/494/179 755/469/154 71/345/50
f 726/472/157 802/494/179 72/364/69
f 51/387/92 2402/495/180 726/472/157
f 803/342/47 802/494/179 71/345/50
f 804/496/181 803/342/47 63/344/49
f 802/494/179 804/496/181 72/364/69
f 747/497/182 804/496/181 63/344/49
f 46/332/37 2404/498/183 747/497/182
f 804/496/181 756/362/67 72/364/69
f 805/499/184 753/475/160 69/338/43
f 724/500/163 805/499/184 70/501/65
f 50/436/85 2405/502/185 724/500/163
f 806/335/40 805/499/184 69/338/43
f 807/503/186 806/335/40 61/337/42
f 805/499/184 807/503/186 70/501/65
f 745/504/187 807/503/186 61/337/42
f 45/505/30 2407/506/188 745/504/187
f 807/503/186 754/507/63 70/501/65
f 808/508/189 751/481/166 67/331/36
f 722/484/169 808/508/189 68/356/61
f 49/373/78 2408/509/190 722/484/169
f 809/328/33 808/508/189 67/331/36
f 810/510/191 809/328/33 57/330/35
f 808/508/189 810/510/191 68/356/61
f 741/511/192 810/510/191 57/330/35
f 44/293/8 2410/512/193 741/511/192
f 810/510/191 752/354/59 68/356/61
f 811/513/194 749/487/172 65/324/29
f 720/460/145 811/513/194 66/372/77
f 53/401/106 2411/514/195 720/460/145
f 812/323/28 811/513/194 65/324/29
f 813/515/196 812/323/28 58/299/13
f 811/513/194 813/515/196 66/372/77
f 742/516/197 813/515/196 58/299/13
f 48/346/51 2413/517/198 742/516/197
f 813/515/196 750/370/75 66/372/77
f 814/518/199 713/519/200 59/320/25
f 718/350/55 814/518/199 64/351/56
f 48/346/51 2414/520/201 718/350/55
f 815/317/24 814/518/199 59/320/25
f 816/521/202 815/317/24 62/319/21
f 814/518/199 816/521/202 64/351/56
f 746/522/203 816/521/202 62/319/21
f 47/339/44 2416/523/204 746/522/203
f 816/521/202 748/492/177 64/351/56
f 817/524/205 746/525/203 62/313/21
f 717/343/48 817/524/205 63/344/49
f 47/339/44 2417/526/206 717/343/48
f 818/310/20 817/524/205 62/313/21
f 819/527/207 818/310/20 60/312/17
f 817/524/205 819/527/207 63/344/49
f 744/528/208 819/527/207 60/312/17
f 46/332/37 2419/529/209 744/528/208
f 819/527/207 747/497/182 63/344/49
f 820/530/210 744/531/208 60/306/17
f 715/336/41 820/530/210 61/337/42
f 46/332/37 2420/532/243 715/336/41
f 821/303/16 820/530/210 60/306/17
f 822/533/212 821/303/16 55/305/7
f 820/530/210 822/533/212 61/337/42
f 739/534/213 822/533/212 55/305/7
f 45/505/30 2422/535/214 739/534/213
f 822/533/212 745/504/187 61/337/42
f 823/536/215 742/516/197 58/299/13
f 713/537/200 823/536/215 59/538/25
f 48/346/51 2423/539/216 713/537/200
f 824/296/11 823/536/215 58/299/13
f 825/540/217 824/296/11 56/298/6
f 823/536/215 825/540/217 59/538/25
f 740/541/5 825/540/217 56/298/6
f 43/542/1 2425/543/218 740/541/5
f 825/540/217 743/544/23 59/538/25
f 826/545/219 739/546/213 55/292/7
f 711/329/34 826/545/219 57/330/35
f 45/325/30 2426/547/220 711/329/34
f 827/289/4 826/545/219 55/292/7
f 828/548/221 827/289/4 56/291/6
f 826/545/219 828/548/221 57/330/35
f 710/549/12 828/548/221 56/291/6
f 44/293/8 2428/550/222 710/549/12
f 828/548/221 741/511/192 57/330/35
f 43/286/1 740/290/5 2349/287/2
f 827/289/4 2349/287/2 740/290/5
f 709/288/3 2349/287/2 827/289/4
f 44/293/8 710/297/12 2350/294/9
f 824/296/11 2350/294/9 710/297/12
f 712/295/10 2350/294/9 824/296/11
f 43/300/1 709/304/3 2351/301/14
f 821/303/16 2351/301/14 709/304/3
f 714/302/15 2351/301/14 821/303/16
f 43/307/1 714/311/15 2352/308/18
f 818/310/20 2352/308/18 714/311/15
f 716/309/19 2352/308/18 818/310/20
f 43/314/1 716/318/19 2353/315/22
f 815/317/24 2353/315/22 716/318/19
f 743/316/23 2353/315/22 815/317/24
f 44/293/8 712/295/10 2354/321/26
f 812/323/28 2354/321/26 712/295/10
f 719/322/27 2354/321/26 812/323/28
f 45/325/30 711/329/34 2355/326/31
f 809/328/33 2355/326/31 711/329/34
f 721/327/32 2355/326/31 809/328/33
f 46/332/37 715/336/41 2356/333/38
f 806/335/40 2356/333/38 715/336/41
f 723/334/39 2356/333/38 806/335/40
f 47/339/44 717/343/48 2357/340/45
f 803/342/47 2357/340/45 717/343/48
f 725/341/46 2357/340/45 803/342/47
f 48/346/51 718/350/55 2358/347/52
f 800/349/54 2358/347/52 718/350/55
f 727/348/53 2358/347/52 800/349/54
f 44/293/8 719/322/27 2359/353/58
f 797/355/60 2359/353/58 719/322/27
f 752/354/59 2359/353/58 797/355/60
f 45/325/30 721/327/32 2360/357/62
f 794/359/64 2360/357/62 721/327/32
f 754/358/63 2360/357/62 794/359/64
f 46/332/37 723/334/39 2361/361/66
f 791/363/68 2361/361/66 723/334/39
f 756/362/67 2361/361/66 791/363/68
f 47/339/44 725/341/46 2362/365/70
f 788/367/72 2362/365/70 725/341/46
f 758/366/71 2362/365/70 788/367/72
f 48/346/51 727/348/53 2363/369/74
f 785/371/76 2363/369/74 727/348/53
f 750/370/75 2363/369/74 785/371/76
f 49/373/78 729/377/82 2364/374/79
f 782/376/81 2364/374/79 729/377/82
f 734/375/80 2364/374/79 782/376/81
f 50/380/85 730/384/89 2365/381/86
f 779/383/88 2365/381/86 730/384/89
f 736/382/87 2365/381/86 779/383/88
f 51/387/92 731/391/96 2366/388/93
f 776/390/95 2366/388/93 731/391/96
f 737/389/94 2366/388/93 776/390/95
f 52/394/99 732/398/103 2367/395/100
f 773/397/102 2367/395/100 732/398/103
f 738/396/101 2367/395/100 773/397/102
f 53/401/106 733/405/110 2368/402/107
f 770/404/109 2368/402/107 733/405/110
f 765/403/108 2368/402/107 770/404/109
f 769/408/113 2369/413/117 735/409/114
f 768/410/115 2369/413/117 769/408/113
f 54/412/116 735/409/114 2369/413/117
f 770/404/109 2370/551/223 769/408/113
f 771/414/118 2370/551/223 770/404/109
f 769/408/113 2370/551/223 771/414/118
f 763/415/119 2371/416/120 771/414/118
f 52/394/99 738/417/101 2371/416/120
f 771/414/118 2371/416/120 738/417/101
f 772/418/121 2372/423/123 768/419/115
f 767/420/122 2372/423/123 772/418/121
f 54/422/116 768/419/115 2372/423/123
f 773/397/102 2373/552/224 772/418/121
f 774/424/124 2373/552/224 773/397/102
f 772/418/121 2373/552/224 774/424/124
f 762/425/125 2374/426/126 774/424/124
f 51/387/92 737/427/94 2374/426/126
f 774/424/124 2374/426/126 737/427/94
f 775/428/127 2375/433/129 767/429/122
f 766/430/128 2375/433/129 775/428/127
f 54/432/116 767/429/122 2375/433/129
f 776/390/95 2376/553/225 775/428/127
f 777/434/130 2376/553/225 776/390/95
f 775/428/127 2376/553/225 777/434/130
f 761/435/131 2377/437/132 777/434/130
f 50/436/85 736/438/87 2377/437/132
f 777/434/130 2377/437/132 736/438/87
f 778/439/133 2378/444/135 766/440/128
f 764/441/134 2378/444/135 778/439/133
f 54/443/116 766/440/128 2378/444/135
f 779/383/88 2379/554/226 778/439/133
f 780/445/136 2379/554/226 779/383/88
f 778/439/133 2379/554/226 780/445/136
f 760/446/137 2380/447/138 780/445/136
f 49/373/78 734/448/80 2380/447/138
f 780/445/136 2380/447/138 734/448/80
f 781/449/139 2381/454/140 764/450/134
f 735/451/114 2381/454/140 781/449/139
f 54/453/116 764/450/134 2381/454/140
f 782/376/81 2382/555/244 781/449/139
f 783/455/141 2382/555/244 782/376/81
f 781/449/139 2382/555/244 783/455/141
f 759/456/142 2383/457/143 783/455/141
f 53/401/106 765/458/108 2383/457/143
f 783/455/141 2383/457/143 765/458/108
f 784/459/144 2384/461/146 720/460/145
f 733/405/110 2384/461/146 784/459/144
f 53/401/106 720/460/145 2384/461/146
f 785/371/76 2385/556/228 784/459/144
f 786/462/147 2385/556/228 785/371/76
f 784/459/144 2385/556/228 786/462/147
f 757/463/148 2386/464/149 786/462/147
f 52/394/99 763/415/119 2386/464/149
f 786/462/147 2386/464/149 763/415/119
f 787/465/150 2387/467/152 728/466/151
f 732/398/103 2387/467/152 787/465/150
f 52/394/99 728/466/151 2387/467/152
f 788/367/72 2388/557/229 787/465/150
f 789/468/153 2388/557/229 788/367/72
f 787/465/150 2388/557/229 789/468/153
f 755/469/154 2389/470/155 789/468/153
f 51/387/92 762/425/125 2389/470/155
f 789/468/153 2389/470/155 762/425/125
f 790/471/156 2390/473/158 726/472/157
f 731/391/96 2390/473/158 790/471/156
f 51/387/92 726/472/157 2390/473/158
f 791/363/68 2391/558/230 790/471/156
f 792/474/159 2391/558/230 791/363/68
f 790/471/156 2391/558/230 792/474/159
f 753/475/160 2392/476/161 792/474/159
f 50/436/85 761/435/131 2392/476/161
f 792/474/159 2392/476/161 761/435/131
f 793/477/162 2393/479/164 724/478/163
f 730/384/89 2393/479/164 793/477/162
f 50/380/85 724/478/163 2393/479/164
f 794/359/64 2394/559/231 793/477/162
f 795/480/165 2394/559/231 794/359/64
f 793/477/162 2394/559/231 795/480/165
f 751/481/166 2395/482/167 795/480/165
f 49/373/78 760/446/137 2395/482/167
f 795/480/165 2395/482/167 760/446/137
f 796/483/168 2396/485/170 722/484/169
f 729/377/82 2396/485/170 796/483/168
f 49/373/78 722/484/169 2396/485/170
f 797/355/60 2397/560/232 796/483/168
f 798/486/171 2397/560/232 797/355/60
f 796/483/168 2397/560/232 798/486/171
f 749/487/172 2398/488/173 798/486/171
f 53/401/106 759/456/142 2398/488/173
f 798/486/171 2398/488/173 759/456/142
f 799/489/174 2399/490/175 757/463/148
f 728/466/151 2399/490/175 799/489/174
f 52/394/99 757/463/148 2399/490/175
f 800/349/54 2400/561/233 799/489/174
f 801/491/176 2400/561/233 800/349/54
f 799/489/174 2400/561/233 801/491/176
f 748/492/177 2401/493/178 801/491/176
f 47/339/44 758/366/71 2401/493/178
f 801/491/176 2401/493/178 758/366/71
f 802/494/179 2402/495/180 755/469/154
f 726/472/157 2402/495/180 802/494/179
f 51/387/92 755/469/154 2402/495/180
f 803/342/47 2403/562/234 802/494/179
f 804/496/181 2403/562/234 803/342/47
f 802/494/179 2403/562/234 804/496/181
f 747/497/182 2404/498/183 804/496/181
f 46/332/37 756/362/67 2404/498/183
f 804/496/181 2404/498/183 756/362/67
f 805/499/184 2405/502/185 753/475/160
f 724/500/163 2405/502/185 805/499/184
f 50/436/85 753/475/160 2405/502/185
f 806/335/40 2406/563/235 805/499/184
f 807/503/186 2406/563/235 806/335/40
f 805/499/184 2406/563/235 807/503/186
f 745/504/187 2407/506/188 807/503/186
f 45/505/30 754/507/63 2407/506/188
f 807/503/186 2407/506/188 754/507/63
f 808/508/189 2408/509/190 751/481/166
f 722/484/169 2408/509/190 808/508/189
f 49/373/78 751/481/166 2408/509/190
f 809/328/33 2409/564/236 808/508/189
f 810/510/191 2409/564/236 809/328/33
f 808/508/189 2409/564/236 810/510/191
f 741/511/192 2410/512/193 810/510/191
f 44/293/8 752/354/59 2410/512/193
f 810/510/191 2410/512/193 752/354/59
f 811/513/194 2411/514/195 749/487/172
f 720/460/145 2411/514/195 811/513/194
f 53/401/106 749/487/172 2411/514/195
f 812/323/28 2412/565/237 811/513/194
f 813/515/196 2412/565/237 812/323/28
f 811/513/194 2412/565/237 813/515/196
f 742/516/197 2413/517/198 813/515/196
f 48/346/51 750/370/75 2413/517/198
f 813/515/196 2413/517/198 750/370/75
f 814/518/199 2414/520/201 713/519/200
f 718/350/55 2414/520/201 814/518/199
f 48/346/51 713/519/200 2414/520/201
f 815/317/24 2415/566/238 814/518/199
f 816/521/202 2415/566/238 815/317/24
f 814/518/199 2415/566/238 816/521/202
f 746/522/203 2416/523/204 816/521/202
f 47/339/44 748/492/177 2416/523/204
f 816/521/202 2416/523/204 748/492/177
f 817/524/205 2417/526/206 746/525/203
f 717/343/48 2417/526/206 817/524/205
f 47/339/44 746/525/203 2417/526/206
f 818/310/20 2418/567/239 817/524/205
f 819/527/207 2418/567/239 818/310/20
f 817/524/205 2418/567/239 819/527/207
f 744/528/208 2419/529/209 819/527/207
f 46/332/37 747/497/182 2419/529/209
f 819/527/207 2419/529/209 747/497/182
f 820/530/210 2420/532/243 744/531/208
f 715/336/41 2420/532/243 820/530/210
f 46/332/37 744/531/208 2420/532/243
f 821/303/16 2421/568/240 820/530/210
f 822/533/212 2421/568/240 821/303/16
f 820/530/210 2421/568/240 822/533/212
f 739/534/213 2422/535/214 822/533/212
f 45/505/30 745/504/187 2422/535/214
f 822/533/212 2422/535/214 745/504/187
f 823/536/215 2423/539/216 742/516/197
f 713/537/200 2423/539/216 823/536/215
f 48/346/51 742/516/197 2423/539/216
f 824/296/11 2424/569/241 823/536/215
f 825/540/217 2424/569/241 824/296/11
f 823/536/215 2424/569/241 825/540/217
f 740/541/5 2425/543/218 825/540/217
f 43/542/1 743/544/23 2425/543/218
f 825/540/217 2425/543/218 743/544/23
f 826/545/219 2426/547/220 739/546/213
f 711/329/34 2426/547/220 826/545/219
f 45/325/30 739/546/213 2426/547/220
f 827/289/4 2427/570/242 826/545/219
f 828/548/221 2427/570/242 827/289/4
f 826/545/219 2427/570/242 828/548/221
f 710/549/12 2428/550/222 828/548/221
f 44/293/8 741/511/192 2428/550/222
f 828/548/221 2428/550/222 741/511/192
usemtl Material.004
f 85/571/1 2429/572/245 829/573/246
f 947/574/247 860/575/248 98/576/249
f 829/573/246 947/574/247 97/577/250
f 86/578/251 2430/579/252 832/580/253
f 944/581/254 830/582/255 98/583/249
f 832/580/253 944/581/254 100/584/256
f 85/585/1 2431/586/257 834/587/258
f 941/588/259 829/589/246 97/590/250
f 834/587/258 941/588/259 102/591/260
f 85/592/1 2432/593/261 836/594/262
f 938/595/263 834/596/258 102/597/260
f 836/594/262 938/595/263 104/598/264
f 85/599/1 2433/600/265 863/601/266
f 935/602/267 836/603/262 104/604/264
f 863/601/266 935/602/267 101/605/268
f 86/578/251 2434/606/269 839/607/270
f 932/608/271 832/580/253 100/584/256
f 839/607/270 932/608/271 107/609/272
f 87/610/273 2435/611/274 841/612/275
f 929/613/276 831/614/277 99/615/278
f 841/612/275 929/613/276 109/616/279
f 88/617/280 2436/618/281 843/619/282
f 926/620/283 835/621/284 103/622/285
f 843/619/282 926/620/283 111/623/286
f 89/624/287 2437/625/288 845/626/289
f 923/627/290 837/628/291 105/629/292
f 845/626/289 923/627/290 113/630/293
f 90/631/294 2438/632/295 847/633/296
f 920/634/297 838/635/298 106/636/299
f 847/633/296 920/634/297 115/637/300
f 86/578/251 2439/638/301 872/639/302
f 917/640/303 839/607/270 107/609/272
f 872/639/302 917/640/303 110/641/304
f 87/610/273 2440/642/305 874/643/306
f 914/644/307 841/612/275 109/616/279
f 874/643/306 914/644/307 112/645/308
f 88/617/280 2441/646/309 876/647/310
f 911/648/311 843/619/282 111/623/286
f 876/647/310 911/648/311 114/649/312
f 89/624/287 2442/650/313 878/651/314
f 908/652/315 845/626/289 113/630/293
f 878/651/314 908/652/315 116/653/316
f 90/631/294 2443/654/317 870/655/318
f 905/656/319 847/633/296 115/637/300
f 870/655/318 905/656/319 108/657/320
f 91/658/321 2444/659/322 854/660/323
f 902/661/324 849/662/325 117/663/326
f 854/660/323 902/661/324 122/664/327
f 92/665/328 2445/666/329 856/667/330
f 899/668/331 850/669/332 118/670/333
f 856/667/330 899/668/331 124/671/334
f 93/672/335 2446/673/336 857/674/337
f 896/675/338 851/676/339 119/677/340
f 857/674/337 896/675/338 125/678/341
f 94/679/342 2447/680/343 858/681/344
f 893/682/345 852/683/346 120/684/347
f 858/681/344 893/682/345 126/685/348
f 95/686/349 2448/687/350 885/688/351
f 890/689/352 853/690/353 121/691/354
f 885/688/351 890/689/352 123/692/355
f 889/693/356 855/694/357 123/692/355
f 888/695/358 889/693/356 126/696/348
f 96/697/116 2449/698/359 888/695/358
f 890/689/352 889/693/356 123/692/355
f 891/699/360 890/689/352 121/691/354
f 889/693/356 891/699/360 126/696/348
f 883/700/361 891/699/360 121/691/354
f 94/679/342 2451/701/362 883/700/361
f 891/699/360 858/702/344 126/696/348
f 892/703/363 888/704/358 126/685/348
f 887/705/364 892/703/363 125/706/341
f 96/707/116 2452/708/365 887/705/364
f 893/682/345 892/703/363 126/685/348
f 894/709/366 893/682/345 120/684/347
f 892/703/363 894/709/366 125/706/341
f 882/710/367 894/709/366 120/684/347
f 93/672/335 2454/711/368 882/710/367
f 894/709/366 857/712/337 125/706/341
f 895/713/369 887/714/364 125/678/341
f 886/715/370 895/713/369 124/716/334
f 96/717/116 2455/718/371 886/715/370
f 896/675/338 895/713/369 125/678/341
f 897/719/372 896/675/338 119/677/340
f 895/713/369 897/719/372 124/716/334
f 881/720/373 897/719/372 119/677/340
f 92/721/328 2457/722/374 881/720/373
f 897/719/372 856/723/330 124/716/334
f 898/724/375 886/725/370 124/671/334
f 884/726/376 898/724/375 122/727/327
f 96/728/116 2458/729/377 884/726/376
f 899/668/331 898/724/375 124/671/334
f 900/730/378 899/668/331 118/670/333
f 898/724/375 900/730/378 122/727/327
f 880/731/379 900/730/378 118/670/333
f 91/658/321 2460/732/380 880/731/379
f 900/730/378 854/733/323 122/727/327
f 901/734/381 884/735/376 122/664/327
f 855/736/357 901/734/381 123/737/355
f 96/738/116 2461/739/382 855/736/357
f 902/661/324 901/734/381 122/664/327
f 903/740/383 902/661/324 117/663/326
f 901/734/381 903/740/383 123/737/355
f 879/741/384 903/740/383 117/663/326
f 95/686/349 2463/742/385 879/741/384
f 903/740/383 885/743/351 123/737/355
f 904/744/386 840/745/387 108/657/320
f 853/690/353 904/744/386 121/691/354
f 95/686/349 2464/746/388 853/690/353
f 905/656/319 904/744/386 108/657/320
f 906/747/389 905/656/319 115/637/300
f 904/744/386 906/747/389 121/691/354
f 877/748/390 906/747/389 115/637/300
f 94/679/342 2466/749/391 877/748/390
f 906/747/389 883/700/361 121/691/354
f 907/750/392 848/751/393 116/653/316
f 852/683/346 907/750/392 120/684/347
f 94/679/342 2467/752/394 852/683/346
f 908/652/315 907/750/392 116/653/316
f 909/753/395 908/652/315 113/630/293
f 907/750/392 909/753/395 120/684/347
f 875/754/396 909/753/395 113/630/293
f 93/672/335 2469/755/397 875/754/396
f 909/753/395 882/710/367 120/684/347
f 910/756/398 846/757/399 114/649/312
f 851/676/339 910/756/398 119/677/340
f 93/672/335 2470/758/400 851/676/339
f 911/648/311 910/756/398 114/649/312
f 912/759/401 911/648/311 111/623/286
f 910/756/398 912/759/401 119/677/340
f 873/760/402 912/759/401 111/623/286
f 92/721/328 2472/761/403 873/760/402
f 912/759/401 881/720/373 119/677/340
f 913/762/404 844/763/405 112/645/308
f 850/669/332 913/762/404 118/670/333
f 92/665/328 2473/764/406 850/669/332
f 914/644/307 913/762/404 112/645/308
f 915/765/407 914/644/307 109/616/279
f 913/762/404 915/765/407 118/670/333
f 871/766/408 915/765/407 109/616/279
f 91/658/321 2475/767/409 871/766/408
f 915/765/407 880/731/379 118/670/333
f 916/768/410 842/769/411 110/641/304
f 849/662/325 916/768/410 117/663/326
f 91/658/321 2476/770/412 849/662/325
f 917/640/303 916/768/410 110/641/304
f 918/771/413 917/640/303 107/609/272
f 916/768/410 918/771/413 117/663/326
f 869/772/414 918/771/413 107/609/272
f 95/686/349 2478/773/415 869/772/414
f 918/771/413 879/741/384 117/663/326
f 919/774/416 877/748/390 115/637/300
f 848/751/393 919/774/416 116/653/316
f 94/679/342 2479/775/417 848/751/393
f 920/634/297 919/774/416 115/637/300
f 921/776/418 920/634/297 106/636/299
f 919/774/416 921/776/418 116/653/316
f 868/777/419 921/776/418 106/636/299
f 89/624/287 2481/778/420 868/777/419
f 921/776/418 878/651/314 116/653/316
f 922/779/421 875/754/396 113/630/293
f 846/757/399 922/779/421 114/649/312
f 93/672/335 2482/780/422 846/757/399
f 923/627/290 922/779/421 113/630/293
f 924/781/423 923/627/290 105/629/292
f 922/779/421 924/781/423 114/649/312
f 867/782/424 924/781/423 105/629/292
f 88/617/280 2484/783/425 867/782/424
f 924/781/423 876/647/310 114/649/312
f 925/784/426 873/760/402 111/623/286
f 844/785/405 925/784/426 112/786/308
f 92/721/328 2485/787/427 844/785/405
f 926/620/283 925/784/426 111/623/286
f 927/788/428 926/620/283 103/622/285
f 925/784/426 927/788/428 112/786/308
f 865/789/429 927/788/428 103/622/285
f 87/790/273 2487/791/430 865/789/429
f 927/788/428 874/792/306 112/786/308
f 928/793/431 871/766/408 109/616/279
f 842/769/411 928/793/431 110/641/304
f 91/658/321 2488/794/432 842/769/411
f 929/613/276 928/793/431 109/616/279
f 930/795/433 929/613/276 99/615/278
f 928/793/431 930/795/433 110/641/304
f 861/796/434 930/795/433 99/615/278
f 86/578/251 2490/797/435 861/796/434
f 930/795/433 872/639/302 110/641/304
f 931/798/436 869/772/414 107/609/272
f 840/745/387 931/798/436 108/657/320
f 95/686/349 2491/799/437 840/745/387
f 932/608/271 931/798/436 107/609/272
f 933/800/438 932/608/271 100/584/256
f 931/798/436 933/800/438 108/657/320
f 862/801/439 933/800/438 100/584/256
f 90/631/294 2493/802/440 862/801/439
f 933/800/438 870/655/318 108/657/320
f 934/803/441 833/804/442 101/605/268
f 838/635/298 934/803/441 106/636/299
f 90/631/294 2494/805/443 838/635/298
f 935/602/267 934/803/441 101/605/268
f 936/806/444 935/602/267 104/604/264
f 934/803/441 936/806/444 106/636/299
f 866/807/445 936/806/444 104/604/264
f 89/624/287 2496/808/446 866/807/445
f 936/806/444 868/777/419 106/636/299
f 937/809/447 866/810/445 104/598/264
f 837/628/291 937/809/447 105/629/292
f 89/624/287 2497/811/448 837/628/291
f 938/595/263 937/809/447 104/598/264
f 939/812/449 938/595/263 102/597/260
f 937/809/447 939/812/449 105/629/292
f 864/813/450 939/812/449 102/597/260
f 88/617/280 2499/814/451 864/813/450
f 939/812/449 867/782/424 105/629/292
f 940/815/452 864/816/450 102/591/260
f 835/621/284 940/815/452 103/622/285
f 88/617/280 2500/817/453 835/621/284
f 941/588/259 940/815/452 102/591/260
f 942/818/454 941/588/259 97/590/250
f 940/815/452 942/818/454 103/622/285
f 859/819/455 942/818/454 97/590/250
f 87/790/273 2502/820/456 859/819/455
f 942/818/454 865/789/429 103/622/285
f 943/821/457 862/801/439 100/584/256
f 833/822/442 943/821/457 101/823/268
f 90/631/294 2503/824/458 833/822/442
f 944/581/254 943/821/457 100/584/256
f 945/825/459 944/581/254 98/583/249
f 943/821/457 945/825/459 101/823/268
f 860/826/248 945/825/459 98/583/249
f 85/827/1 2505/828/460 860/826/248
f 945/825/459 863/829/266 101/823/268
f 946/830/461 859/831/455 97/577/250
f 831/614/277 946/830/461 99/615/278
f 87/610/273 2506/832/462 831/614/277
f 947/574/247 946/830/461 97/577/250
f 948/833/463 947/574/247 98/576/249
f 946/830/461 948/833/463 99/615/278
f 830/834/255 948/833/463 98/576/249
f 86/578/251 2508/835/464 830/834/255
f 948/833/463 861/796/434 99/615/278
f 85/571/1 860/575/248 2429/572/245
f 947/574/247 2429/572/245 860/575/248
f 829/573/246 2429/572/245 947/574/247
f 86/578/251 830/582/255 2430/579/252
f 944/581/254 2430/579/252 830/582/255
f 832/580/253 2430/579/252 944/581/254
f 85/585/1 829/589/246 2431/586/257
f 941/588/259 2431/586/257 829/589/246
f 834/587/258 2431/586/257 941/588/259
f 85/592/1 834/596/258 2432/593/261
f 938/595/263 2432/593/261 834/596/258
f 836/594/262 2432/593/261 938/595/263
f 85/599/1 836/603/262 2433/600/265
f 935/602/267 2433/600/265 836/603/262
f 863/601/266 2433/600/265 935/602/267
f 86/578/251 832/580/253 2434/606/269
f 932/608/271 2434/606/269 832/580/253
f 839/607/270 2434/606/269 932/608/271
f 87/610/273 831/614/277 2435/611/274
f 929/613/276 2435/611/274 831/614/277
f 841/612/275 2435/611/274 929/613/276
f 88/617/280 835/621/284 2436/618/281
f 926/620/283 2436/618/281 835/621/284
f 843/619/282 2436/618/281 926/620/283
f 89/624/287 837/628/291 2437/625/288
f 923/627/290 2437/625/288 837/628/291
f 845/626/289 2437/625/288 923/627/290
f 90/631/294 838/635/298 2438/632/295
f 920/634/297 2438/632/295 838/635/298
f 847/633/296 2438/632/295 920/634/297
f 86/578/251 839/607/270 2439/638/301
f 917/640/303 2439/638/301 839/607/270
f 872/639/302 2439/638/301 917/640/303
f 87/610/273 841/612/275 2440/642/305
f 914/644/307 2440/642/305 841/612/275
f 874/643/306 2440/642/305 914/644/307
f 88/617/280 843/619/282 2441/646/309
f 911/648/311 2441/646/309 843/619/282
f 876/647/310 2441/646/309 911/648/311
f 89/624/287 845/626/289 2442/650/313
f 908/652/315 2442/650/313 845/626/289
f 878/651/314 2442/650/313 908/652/315
f 90/631/294 847/633/296 2443/654/317
f 905/656/319 2443/654/317 847/633/296
f 870/655/318 2443/654/317 905/656/319
f 91/658/321 849/662/325 2444/659/322
f 902/661/324 2444/659/322 849/662/325
f 854/660/323 2444/659/322 902/661/324
f 92/665/328 850/669/332 2445/666/329
f 899/668/331 2445/666/329 850/669/332
f 856/667/330 2445/666/329 899/668/331
f 93/672/335 851/676/339 2446/673/336
f 896/675/338 2446/673/336 851/676/339
f 857/674/337 2446/673/336 896/675/338
f 94/679/342 852/683/346 2447/680/343
f 893/682/345 2447/680/343 852/683/346
f 858/681/344 2447/680/343 893/682/345
f 95/686/349 853/690/353 2448/687/350
f 890/689/352 2448/687/350 853/690/353
f 885/688/351 2448/687/350 890/689/352
f 889/693/356 2449/698/359 855/694/357
f 888/695/358 2449/698/359 889/693/356
f 96/697/116 855/694/357 2449/698/359
f 890/689/352 2450/836/465 889/693/356
f 891/699/360 2450/836/465 890/689/352
f 889/693/356 2450/836/465 891/699/360
f 883/700/361 2451/701/362 891/699/360
f 94/679/342 858/702/344 2451/701/362
f 891/699/360 2451/701/362 858/702/344
f 892/703/363 2452/708/365 888/704/358
f 887/705/364 2452/708/365 892/703/363
f 96/707/116 888/704/358 2452/708/365
f 893/682/345 2453/837/466 892/703/363
f 894/709/366 2453/837/466 893/682/345
f 892/703/363 2453/837/466 894/709/366
f 882/710/367 2454/711/368 894/709/366
f 93/672/335 857/712/337 2454/711/368
f 894/709/366 2454/711/368 857/712/337
f 895/713/369 2455/718/371 887/714/364
f 886/715/370 2455/718/371 895/713/369
f 96/717/116 887/714/364 2455/718/371
f 896/675/338 2456/838/467 895/713/369
f 897/719/372 2456/838/467 896/675/338
f 895/713/369 2456/838/467 897/719/372
f 881/720/373 2457/722/374 897/719/372
f 92/721/328 856/723/330 2457/722/374
f 897/719/372 2457/722/374 856/723/330
f 898/724/375 2458/729/377 886/725/370
f 884/726/376 2458/729/377 898/724/375
f 96/728/116 886/725/370 2458/729/377
f 899/668/331 2459/839/468 898/724/375
f 900/730/378 2459/839/468 899/668/331
f 898/724/375 2459/839/468 900/730/378
f 880/731/379 2460/732/380 900/730/378
f 91/658/321 854/733/323 2460/732/380
f 900/730/378 2460/732/380 854/733/323
f 901/734/381 2461/739/382 884/735/376
f 855/736/357 2461/739/382 901/734/381
f 96/738/116 884/735/376 2461/739/382
f 902/661/324 2462/840/469 901/734/381
f 903/740/383 2462/840/469 902/661/324
f 901/734/381 2462/840/469 903/740/383
f 879/741/384 2463/742/385 903/740/383
f 95/686/349 885/743/351 2463/742/385
f 903/740/383 2463/742/385 885/743/351
f 904/744/386 2464/746/388 840/745/387
f 853/690/353 2464/746/388 904/744/386
f 95/686/349 840/745/387 2464/746/388
f 905/656/319 2465/841/470 904/744/386
f 906/747/389 2465/841/470 905/656/319
f 904/744/386 2465/841/470 906/747/389
f 877/748/390 2466/749/391 906/747/389
f 94/679/342 883/700/361 2466/749/391
f 906/747/389 2466/749/391 883/700/361
f 907/750/392 2467/752/394 848/751/393
f 852/683/346 2467/752/394 907/750/392
f 94/679/342 848/751/393 2467/752/394
f 908/652/315 2468/842/471 907/750/392
f 909/753/395 2468/842/471 908/652/315
f 907/750/392 2468/842/471 909/753/395
f 875/754/396 2469/755/397 909/753/395
f 93/672/335 882/710/367 2469/755/397
f 909/753/395 2469/755/397 882/710/367
f 910/756/398 2470/758/400 846/757/399
f 851/676/339 2470/758/400 910/756/398
f 93/672/335 846/757/399 2470/758/400
f 911/648/311 2471/843/472 910/756/398
f 912/759/401 2471/843/472 911/648/311
f 910/756/398 2471/843/472 912/759/401
f 873/760/402 2472/761/403 912/759/401
f 92/721/328 881/720/373 2472/761/403
f 912/759/401 2472/761/403 881/720/373
f 913/762/404 2473/764/406 844/763/405
f 850/669/332 2473/764/406 913/762/404
f 92/665/328 844/763/405 2473/764/406
f 914/644/307 2474/844/473 913/762/404
f 915/765/407 2474/844/473 914/644/307
f 913/762/404 2474/844/473 915/765/407
f 871/766/408 2475/767/409 915/765/407
f 91/658/321 880/731/379 2475/767/409
f 915/765/407 2475/767/409 880/731/379
f 916/768/410 2476/770/412 842/769/411
f 849/662/325 2476/770/412 916/768/410
f 91/658/321 842/769/411 2476/770/412
f 917/640/303 2477/845/474 916/768/410
f 918/771/413 2477/845/474 917/640/303
f 916/768/410 2477/845/474 918/771/413
f 869/772/414 2478/773/415 918/771/413
f 95/686/349 879/741/384 2478/773/415
f 918/771/413 2478/773/415 879/741/384
f 919/774/416 2479/775/417 877/748/390
f 848/751/393 2479/775/417 919/774/416
f 94/679/342 877/748/390 2479/775/417
f 920/634/297 2480/846/475 919/774/416
f 921/776/418 2480/846/475 920/634/297
f 919/774/416 2480/846/475 921/776/418
f 868/777/419 2481/778/420 921/776/418
f 89/624/287 878/651/314 2481/778/420
f 921/776/418 2481/778/420 878/651/314
f 922/779/421 2482/780/422 875/754/396
f 846/757/399 2482/780/422 922/779/421
f 93/672/335 875/754/396 2482/780/422
f 923/627/290 2483/847/476 922/779/421
f 924/781/423 2483/847/476 923/627/290
f 922/779/421 2483/847/476 924/781/423
f 867/782/424 2484/783/425 924/781/423
f 88/617/280 876/647/310 2484/783/425
f 924/781/423 2484/783/425 876/647/310
f 925/784/426 2485/787/427 873/760/402
f 844/785/405 2485/787/427 925/784/426
f 92/721/328 873/760/402 2485/787/427
f 926/620/283 2486/848/477 925/784/426
f 927/788/428 2486/848/477 926/620/283
f 925/784/426 2486/848/477 927/788/428
f 865/789/429 2487/791/430 927/788/428
f 87/790/273 874/792/306 2487/791/430
f 927/788/428 2487/791/430 874/792/306
f 928/793/431 2488/794/432 871/766/408
f 842/769/411 2488/794/432 928/793/431
f 91/658/321 871/766/408 2488/794/432
f 929/613/276 2489/849/478 928/793/431
f 930/795/433 2489/849/478 929/613/276
f 928/793/431 2489/849/478 930/795/433
f 861/796/434 2490/797/435 930/795/433
f 86/578/251 872/639/302 2490/797/435
f 930/795/433 2490/797/435 872/639/302
f 931/798/436 2491/799/437 869/772/414
f 840/745/387 2491/799/437 931/798/436
f 95/686/349 869/772/414 2491/799/437
f 932/608/271 2492/850/479 931/798/436
f 933/800/438 2492/850/479 932/608/271
f 931/798/436 2492/850/479 933/800/438
f 862/801/439 2493/802/440 933/800/438
f 90/631/294 870/655/318 2493/802/440
f 933/800/438 2493/802/440 870/655/318
f 934/803/441 2494/805/443 833/804/442
f 838/635/298 2494/805/443 934/803/441
f 90/631/294 833/804/442 2494/805/443
f 935/602/267 2495/851/480 934/803/441
f 936/806/444 2495/851/480 935/602/267
f 934/803/441 2495/851/480 936/806/444
f 866/807/445 2496/808/446 936/806/444
f 89/624/287 868/777/419 2496/808/446
f 936/806/444 2496/808/446 868/777/419
f 937/809/447 2497/811/448 866/810/445
f 837/628/291 2497/811/448 937/809/447
f 89/624/287 866/810/445 2497/811/448
f 938/595/263 2498/852/481 937/809/447
f 939/812/449 2498/852/481 938/595/263
f 937/809/447 2498/852/481 939/812/449
f 864/813/450 2499/814/451 939/812/449
f 88/617/280 867/782/424 2499/814/451
f 939/812/449 2499/814/451 867/782/424
f 940/815/452 2500/817/453 864/816/450
f 835/621/284 2500/817/453 940/815/452
f 88/617/280 864/816/450 2500/817/453
f 941/588/259 2501/853/482 940/815/452
f 942/818/454 2501/853/482 941/588/259
f 940/815/452 2501/853/482 942/818/454
f 859/819/455 2502/820/456 942/818/454
f 87/790/273 865/789/429 2502/820/456
f 942/818/454 2502/820/456 865/789/429
f 943/821/457 2503/824/458 862/801/439
f 833/822/442 2503/824/458 943/821/457
f 90/631/294 862/801/439 2503/824/458
f 944/581/254 2504/854/483 943/821/457
f 945/825/459 2504/854/483 944/581/254
f 943/821/457 2504/854/483 945/825/459
f 860/826/248 2505/828/460 945/825/459
f 85/827/1 863/829/266 2505/828/460
f 945/825/459 2505/828/460 863/829/266
f 946/830/461 2506/832/462 859/831/455
f 831/614/277 2506/832/462 946/830/461
f 87/610/273 859/831/455 2506/832/462
f 947/574/247 2507/855/484 946/830/461
f 948/833/463 2507/855/484 947/574/247
f 946/830/461 2507/855/484 948/833/463
f 830/834/255 2508/835/464 948/833/463
f 86/578/251 861/796/434 2508/835/464
f 948/833/463 2508/835/464 861/796/434
usemtl Material.005
f 127/856/1 2509/857/245 949/858/246
f 1067/859/247 980/860/248 140/861/249
f 949/858/246 1067/859/247 139/862/250
f 128/863/251 2510/864/252 952/865/253
f 1064/866/254 950/867/255 140/868/249
f 952/865/253 1064/866/254 142/869/256
f 127/870/1 2511/871/257 954/872/258
f 1061/873/259 949/874/246 139/875/250
f 954/872/258 1061/873/259 144/876/260
f 127/877/1 2512/878/261 956/879/262
f 1058/880/263 954/881/258 144/882/260
f 956/879/262 1058/880/263 146/883/264
f 127/884/1 2513/885/265 983/886/266
f 1055/887/267 956/888/262 146/889/264
f 983/886/266 1055/887/267 143/890/268
f 128/863/251 2514/891/269 959/892/270
f 1052/893/271 952/865/253 142/869/256
f 959/892/270 1052/893/271 149/894/272
f 129/895/273 2515/896/274 961/897/275
f 1049/898/276 951/899/277 141/900/278
f 961/897/275 1049/898/276 151/901/279
f 130/902/280 2516/903/281 963/904/282
f 1046/905/283 955/906/284 145/907/285
f 963/904/282 1046/905/283 153/908/286
f 131/909/287 2517/910/288 965/911/289
f 1043/912/290 957/913/291 147/914/292
f 965/911/289 1043/912/290 155/915/293
f 132/916/294 2518/917/295 967/918/296
f 1040/919/297 958/920/298 148/921/299
f 967/918/296 1040/919/297 157/922/300
f 128/863/251 2519/923/301 992/924/302
f 1037/925/303 959/892/270 149/894/272
f 992/924/302 1037/925/303 152/926/304
f 129/895/273 2520/927/305 994/928/306
f 1034/929/307 961/897/275 151/901/279
f 994/928/306 1034/929/307 154/930/308
f 130/902/280 2521/931/309 996/932/310
f 1031/933/311 963/904/282 153/908/286
f 996/932/310 1031/933/311 156/934/312
f 131/909/287 2522/935/313 998/936/314
f 1028/937/315 965/911/289 155/915/293
f 998/936/314 1028/937/315 158/938/316
f 132/916/294 2523/939/317 990/940/318
f 1025/941/319 967/918/296 157/922/300
f 990/940/318 1025/941/319 150/942/320
f 133/943/321 2524/944/322 974/945/323
f 1022/946/324 969/947/325 159/948/326
f 974/945/323 1022/946/324 164/949/327
f 134/950/328 2525/951/329 976/952/330
f 1019/953/331 970/954/332 160/955/333
f 976/952/330 1019/953/331 166/956/334
f 135/957/335 2526/958/336 977/959/337
f 1016/960/338 971/961/339 161/962/340
f 977/959/337 1016/960/338 167/963/341
f 136/964/485 2527/965/343 978/966/344
f 1013/967/345 972/968/346 162/969/347
f 978/966/344 1013/967/345 168/970/348
f 137/971/349 2528/972/350 1005/973/351
f 1010/974/352 973/975/353 163/976/354
f 1005/973/351 1010/974/352 165/977/355
f 1009/978/356 975/979/357 165/977/355
f 1008/980/358 1009/978/356 168/981/348
f 138/982/116 2529/983/359 1008/980/358
f 1010/974/352 1009/978/356 165/977/355
f 1011/984/360 1010/974/352 163/976/354
f 1009/978/356 1011/984/360 168/981/348
f 1003/985/361 1011/984/360 163/976/354
f 136/964/485 2531/986/362 1003/985/361
f 1011/984/360 978/987/344 168/981/348
f 1012/988/363 1008/989/358 168/970/348
f 1007/990/364 1012/988/363 167/991/341
f 138/992/116 2532/993/365 1007/990/364
f 1013/967/345 1012/988/363 168/970/348
f 1014/994/366 1013/967/345 162/969/347
f 1012/988/363 1014/994/366 167/991/341
f 1002/995/367 1014/994/366 162/969/347
f 135/957/335 2534/996/368 1002/995/367
f 1014/994/366 977/997/337 167/991/341
f 1015/998/369 1007/999/364 167/963/341
f 1006/1000/370 1015/998/369 166/1001/334
f 138/1002/116 2535/1003/371 1006/1000/370
f 1016/960/338 1015/998/369 167/963/341
f 1017/1004/372 1016/960/338 161/962/340
f 1015/998/369 1017/1004/372 166/1001/334
f 1001/1005/373 1017/1004/372 161/962/340
f 134/1006/328 2537/1007/374 1001/1005/373
f 1017/1004/372 976/1008/330 166/1001/334
f 1018/1009/375 1006/1010/370 166/956/334
f 1004/1011/376 1018/1009/375 164/1012/327
f 138/1013/116 2538/1014/377 1004/1011/376
f 1019/953/331 1018/1009/375 166/956/334
f 1020/1015/378 1019/953/331 160/955/333
f 1018/1009/375 1020/1015/378 164/1012/327
f 1000/1016/379 1020/1015/378 160/955/333
f 133/943/321 2540/1017/380 1000/1016/379
f 1020/1015/378 974/1018/323 164/1012/327
f 1021/1019/381 1004/1020/376 164/949/327
f 975/1021/357 1021/1019/381 165/1022/355
f 138/1023/116 2541/1024/382 975/1021/357
f 1022/946/324 1021/1019/381 164/949/327
f 1023/1025/383 1022/946/324 159/948/326
f 1021/1019/381 1023/1025/383 165/1022/355
f 999/1026/384 1023/1025/383 159/948/326
f 137/971/349 2543/1027/385 999/1026/384
f 1023/1025/383 1005/1028/351 165/1022/355
f 1024/1029/386 960/1030/387 150/942/320
f 973/975/353 1024/1029/386 163/976/354
f 137/971/349 2544/1031/388 973/975/353
f 1025/941/319 1024/1029/386 150/942/320
f 1026/1032/389 1025/941/319 157/922/300
f 1024/1029/386 1026/1032/389 163/976/354
f 997/1033/390 1026/1032/389 157/922/300
f 136/964/485 2546/1034/391 997/1033/390
f 1026/1032/389 1003/985/361 163/976/354
f 1027/1035/392 968/1036/393 158/938/316
f 972/968/346 1027/1035/392 162/969/347
f 136/964/485 2547/1037/394 972/968/346
f 1028/937/315 1027/1035/392 158/938/316
f 1029/1038/395 1028/937/315 155/915/293
f 1027/1035/392 1029/1038/395 162/969/347
f 995/1039/396 1029/1038/395 155/915/293
f 135/957/335 2549/1040/397 995/1039/396
f 1029/1038/395 1002/995/367 162/969/347
f 1030/1041/398 966/1042/399 156/934/312
f 971/961/339 1030/1041/398 161/962/340
f 135/957/335 2550/1043/400 971/961/339
f 1031/933/311 1030/1041/398 156/934/312
f 1032/1044/401 1031/933/311 153/908/286
f 1030/1041/398 1032/1044/401 161/962/340
f 993/1045/402 1032/1044/401 153/908/286
f 134/1006/328 2552/1046/403 993/1045/402
f 1032/1044/401 1001/1005/373 161/962/340
f 1033/1047/404 964/1048/405 154/930/308
f 970/954/332 1033/1047/404 160/955/333
f 134/950/328 2553/1049/406 970/954/332
f 1034/929/307 1033/1047/404 154/930/308
f 1035/1050/407 1034/929/307 151/901/279
f 1033/1047/404 1035/1050/407 160/955/333
f 991/1051/408 1035/1050/407 151/901/279
f 133/943/321 2555/1052/486 991/1051/408
f 1035/1050/407 1000/1016/379 160/955/333
f 1036/1053/410 962/1054/411 152/926/304
f 969/947/325 1036/1053/410 159/948/326
f 133/943/321 2556/1055/412 969/947/325
f 1037/925/303 1036/1053/410 152/926/304
f 1038/1056/413 1037/925/303 149/894/272
f 1036/1053/410 1038/1056/413 159/948/326
f 989/1057/414 1038/1056/413 149/894/272
f 137/971/349 2558/1058/415 989/1057/414
f 1038/1056/413 999/1026/384 159/948/326
f 1039/1059/416 997/1033/390 157/922/300
f 968/1036/393 1039/1059/416 158/938/316
f 136/964/485 2559/1060/417 968/1036/393
f 1040/919/297 1039/1059/416 157/922/300
f 1041/1061/418 1040/919/297 148/921/299
f 1039/1059/416 1041/1061/418 158/938/316
f 988/1062/419 1041/1061/418 148/921/299
f 131/909/287 2561/1063/420 988/1062/419
f 1041/1061/418 998/936/314 158/938/316
f 1042/1064/421 995/1039/396 155/915/293
f 966/1042/399 1042/1064/421 156/934/312
f 135/957/335 2562/1065/422 966/1042/399
f 1043/912/290 1042/1064/421 155/915/293
f 1044/1066/423 1043/912/290 147/914/292
f 1042/1064/421 1044/1066/423 156/934/312
f 987/1067/424 1044/1066/423 147/914/292
f 130/902/280 2564/1068/425 987/1067/424
f 1044/1066/423 996/932/310 156/934/312
f 1045/1069/426 993/1045/402 153/908/286
f 964/1070/405 1045/1069/426 154/1071/308
f 134/1006/328 2565/1072/427 964/1070/405
f 1046/905/283 1045/1069/426 153/908/286
f 1047/1073/428 1046/905/283 145/907/285
f 1045/1069/426 1047/1073/428 154/1071/308
f 985/1074/429 1047/1073/428 145/907/285
f 129/1075/273 2567/1076/430 985/1074/429
f 1047/1073/428 994/1077/306 154/1071/308
f 1048/1078/431 991/1051/408 151/901/279
f 962/1054/411 1048/1078/431 152/926/304
f 133/943/321 2568/1079/432 962/1054/411
f 1049/898/276 1048/1078/431 151/901/279
f 1050/1080/433 1049/898/276 141/900/278
f 1048/1078/431 1050/1080/433 152/926/304
f 981/1081/434 1050/1080/433 141/900/278
f 128/863/251 2570/1082/435 981/1081/434
f 1050/1080/433 992/924/302 152/926/304
f 1051/1083/436 989/1057/414 149/894/272
f 960/1030/387 1051/1083/436 150/942/320
f 137/971/349 2571/1084/437 960/1030/387
f 1052/893/271 1051/1083/436 149/894/272
f 1053/1085/438 1052/893/271 142/869/256
f 1051/1083/436 1053/1085/438 150/942/320
f 982/1086/439 1053/1085/438 142/869/256
f 132/916/294 2573/1087/440 982/1086/439
f 1053/1085/438 990/940/318 150/942/320
f 1054/1088/441 953/1089/442 143/890/268
f 958/920/298 1054/1088/441 148/921/299
f 132/916/294 2574/1090/443 958/920/298
f 1055/887/267 1054/1088/441 143/890/268
f 1056/1091/444 1055/887/267 146/889/264
f 1054/1088/441 1056/1091/444 148/921/299
f 986/1092/445 1056/1091/444 146/889/264
f 131/909/287 2576/1093/446 986/1092/445
f 1056/1091/444 988/1062/419 148/921/299
f 1057/1094/447 986/1095/445 146/883/264
f 957/913/291 1057/1094/447 147/914/292
f 131/909/287 2577/1096/448 957/913/291
f 1058/880/263 1057/1094/447 146/883/264
f 1059/1097/449 1058/880/263 144/882/260
f 1057/1094/447 1059/1097/449 147/914/292
f 984/1098/450 1059/1097/449 144/882/260
f 130/902/280 2579/1099/451 984/1098/450
f 1059/1097/449 987/1067/424 147/914/292
f 1060/1100/452 984/1101/450 144/876/260
f 955/906/284 1060/1100/452 145/907/285
f 130/902/280 2580/1102/453 955/906/284
f 1061/873/259 1060/1100/452 144/876/260
f 1062/1103/454 1061/873/259 139/875/250
f 1060/1100/452 1062/1103/454 145/907/285
f 979/1104/455 1062/1103/454 139/875/250
f 129/1075/273 2582/1105/456 979/1104/455
f 1062/1103/454 985/1074/429 145/907/285
f 1063/1106/457 982/1086/439 142/869/256
f 953/1107/442 1063/1106/457 143/1108/268
f 132/916/294 2583/1109/458 953/1107/442
f 1064/866/254 1063/1106/457 142/869/256
f 1065/1110/459 1064/866/254 140/868/249
f 1063/1106/457 1065/1110/459 143/1108/268
f 980/1111/248 1065/1110/459 140/868/249
f 127/1112/1 2585/1113/460 980/1111/248
f 1065/1110/459 983/1114/266 143/1108/268
f 1066/1115/461 979/1116/455 139/862/250
f 951/899/277 1066/1115/461 141/900/278
f 129/895/273 2586/1117/462 951/899/277
f 1067/859/247 1066/1115/461 139/862/250
f 1068/1118/463 1067/859/247 140/861/249
f 1066/1115/461 1068/1118/463 141/900/278
f 950/1119/255 1068/1118/463 140/861/249
f 128/863/251 2588/1120/464 950/1119/255
f 1068/1118/463 981/1081/434 141/900/278
f 127/856/1 980/860/248 2509/857/245
f 1067/859/247 2509/857/245 980/860/248
f 949/858/246 2509/857/245 1067/859/247
f 128/863/251 950/867/255 2510/864/252
f 1064/866/254 2510/864/252 950/867/255
f 952/865/253 2510/864/252 1064/866/254
f 127/870/1 949/874/246 2511/871/257
f 1061/873/259 2511/871/257 949/874/246
f 954/872/258 2511/871/257 1061/873/259
f 127/877/1 954/881/258 2512/878/261
f 1058/880/263 2512/878/261 954/881/258
f 956/879/262 2512/878/261 1058/880/263
f 127/884/1 956/888/262 2513/885/265
f 1055/887/267 2513/885/265 956/888/262
f 983/886/266 2513/885/265 1055/887/267
f 128/863/251 952/865/253 2514/891/269
f 1052/893/271 2514/891/269 952/865/253
f 959/892/270 2514/891/269 1052/893/271
f 129/895/273 951/899/277 2515/896/274
f 1049/898/276 2515/896/274 951/899/277
f 961/897/275 2515/896/274 1049/898/276
f 130/902/280 955/906/284 2516/903/281
f 1046/905/283 2516/903/281 955/906/284
f 963/904/282 2516/903/281 1046/905/283
f 131/909/287 957/913/291 2517/910/288
f 1043/912/290 2517/910/288 957/913/291
f 965/911/289 2517/910/288 1043/912/290
f 132/916/294 958/920/298 2518/917/295
f 1040/919/297 2518/917/295 958/920/298
f 967/918/296 2518/917/295 1040/919/297
f 128/863/251 959/892/270 2519/923/301
f 1037/925/303 2519/923/301 959/892/270
f 992/924/302 2519/923/301 1037/925/303
f 129/895/273 961/897/275 2520/927/305
f 1034/929/307 2520/927/305 961/897/275
f 994/928/306 2520/927/305 1034/929/307
f 130/902/280 963/904/282 2521/931/309
f 1031/933/311 2521/931/309 963/904/282
f 996/932/310 2521/931/309 1031/933/311
f 131/909/287 965/911/289 2522/935/313
f 1028/937/315 2522/935/313 965/911/289
f 998/936/314 2522/935/313 1028/937/315
f 132/916/294 967/918/296 2523/939/317
f 1025/941/319 2523/939/317 967/918/296
f 990/940/318 2523/939/317 1025/941/319
f 133/943/321 969/947/325 2524/944/322
f 1022/946/324 2524/944/322 969/947/325
f 974/945/323 2524/944/322 1022/946/324
f 134/950/328 970/954/332 2525/951/329
f 1019/953/331 2525/951/329 970/954/332
f 976/952/330 2525/951/329 1019/953/331
f 135/957/335 971/961/339 2526/958/336
f 1016/960/338 2526/958/336 971/961/339
f 977/959/337 2526/958/336 1016/960/338
f 136/964/485 972/968/346 2527/965/343
f 1013/967/345 2527/965/343 972/968/346
f 978/966/344 2527/965/343 1013/967/345
f 137/971/349 973/975/353 2528/972/350
f 1010/974/352 2528/972/350 973/975/353
f 1005/973/351 2528/972/350 1010/974/352
f 1009/978/356 2529/983/359 975/979/357
f 1008/980/358 2529/983/359 1009/978/356
f 138/982/116 975/979/357 2529/983/359
f 1010/974/352 2530/1121/465 1009/978/356
f 1011/984/360 2530/1121/465 1010/974/352
f 1009/978/356 2530/1121/465 1011/984/360
f 1003/985/361 2531/986/362 1011/984/360
f 136/964/485 978/987/344 2531/986/362
f 1011/984/360 2531/986/362 978/987/344
f 1012/988/363 2532/993/365 1008/989/358
f 1007/990/364 2532/993/365 1012/988/363
f 138/992/116 1008/989/358 2532/993/365
f 1013/967/345 2533/1122/466 1012/988/363
f 1014/994/366 2533/1122/466 1013/967/345
f 1012/988/363 2533/1122/466 1014/994/366
f 1002/995/367 2534/996/368 1014/994/366
f 135/957/335 977/997/337 2534/996/368
f 1014/994/366 2534/996/368 977/997/337
f 1015/998/369 2535/1003/371 1007/999/364
f 1006/1000/370 2535/1003/371 1015/998/369
f 138/1002/116 1007/999/364 2535/1003/371
f 1016/960/338 2536/1123/467 1015/998/369
f 1017/1004/372 2536/1123/467 1016/960/338
f 1015/998/369 2536/1123/467 1017/1004/372
f 1001/1005/373 2537/1007/374 1017/1004/372
f 134/1006/328 976/1008/330 2537/1007/374
f 1017/1004/372 2537/1007/374 976/1008/330
f 1018/1009/375 2538/1014/377 1006/1010/370
f 1004/1011/376 2538/1014/377 1018/1009/375
f 138/1013/116 1006/1010/370 2538/1014/377
f 1019/953/331 2539/1124/468 1018/1009/375
f 1020/1015/378 2539/1124/468 1019/953/331
f 1018/1009/375 2539/1124/468 1020/1015/378
f 1000/1016/379 2540/1017/380 1020/1015/378
f 133/943/321 974/1018/323 2540/1017/380
f 1020/1015/378 2540/1017/380 974/1018/323
f 1021/1019/381 2541/1024/382 1004/1020/376
f 975/1021/357 2541/1024/382 1021/1019/381
f 138/1023/116 1004/1020/376 2541/1024/382
f 1022/946/324 2542/1125/469 1021/1019/381
f 1023/1025/383 2542/1125/469 1022/946/324
f 1021/1019/381 2542/1125/469 1023/1025/383
f 999/1026/384 2543/1027/385 1023/1025/383
f 137/971/349 1005/1028/351 2543/1027/385
f 1023/1025/383 2543/1027/385 1005/1028/351
f 1024/1029/386 2544/1031/388 960/1030/387
f 973/975/353 2544/1031/388 1024/1029/386
f 137/971/349 960/1030/387 2544/1031/388
f 1025/941/319 2545/1126/470 1024/1029/386
f 1026/1032/389 2545/1126/470 1025/941/319
f 1024/1029/386 2545/1126/470 1026/1032/389
f 997/1033/390 2546/1034/391 1026/1032/389
f 136/964/485 1003/985/361 2546/1034/391
f 1026/1032/389 2546/1034/391 1003/985/361
f 1027/1035/392 2547/1037/394 968/1036/393
f 972/968/346 2547/1037/394 1027/1035/392
f 136/964/485 968/1036/393 2547/1037/394
f 1028/937/315 2548/1127/471 1027/1035/392
f 1029/1038/395 2548/1127/471 1028/937/315
f 1027/1035/392 2548/1127/471 1029/1038/395
f 995/1039/396 2549/1040/397 1029/1038/395
f 135/957/335 1002/995/367 2549/1040/397
f 1029/1038/395 2549/1040/397 1002/995/367
f 1030/1041/398 2550/1043/400 966/1042/399
f 971/961/339 2550/1043/400 1030/1041/398
f 135/957/335 966/1042/399 2550/1043/400
f 1031/933/311 2551/1128/472 1030/1041/398
f 1032/1044/401 2551/1128/472 1031/933/311
f 1030/1041/398 2551/1128/472 1032/1044/401
f 993/1045/402 2552/1046/403 1032/1044/401
f 134/1006/328 1001/1005/373 2552/1046/403
f 1032/1044/401 2552/1046/403 1001/1005/373
f 1033/1047/404 2553/1049/406 964/1048/405
f 970/954/332 2553/1049/406 1033/1047/404
f 134/950/328 964/1048/405 2553/1049/406
f 1034/929/307 2554/1129/473 1033/1047/404
f 1035/1050/407 2554/1129/473 1034/929/307
f 1033/1047/404 2554/1129/473 1035/1050/407
f 991/1051/408 2555/1052/486 1035/1050/407
f 133/943/321 1000/1016/379 2555/1052/486
f 1035/1050/407 2555/1052/486 1000/1016/379
f 1036/1053/410 2556/1055/412 962/1054/411
f 969/947/325 2556/1055/412 1036/1053/410
f 133/943/321 962/1054/411 2556/1055/412
f 1037/925/303 2557/1130/487 1036/1053/410
f 1038/1056/413 2557/1130/487 1037/925/303
f 1036/1053/410 2557/1130/487 1038/1056/413
f 989/1057/414 2558/1058/415 1038/1056/413
f 137/971/349 999/1026/384 2558/1058/415
f 1038/1056/413 2558/1058/415 999/1026/384
f 1039/1059/416 2559/1060/417 997/1033/390
f 968/1036/393 2559/1060/417 1039/1059/416
f 136/964/485 997/1033/390 2559/1060/417
f 1040/919/297 2560/1131/475 1039/1059/416
f 1041/1061/418 2560/1131/475 1040/919/297
f 1039/1059/416 2560/1131/475 1041/1061/418
f 988/1062/419 2561/1063/420 1041/1061/418
f 131/909/287 998/936/314 2561/1063/420
f 1041/1061/418 2561/1063/420 998/936/314
f 1042/1064/421 2562/1065/422 995/1039/396
f 966/1042/399 2562/1065/422 1042/1064/421
f 135/957/335 995/1039/396 2562/1065/422
f 1043/912/290 2563/1132/488 1042/1064/421
f 1044/1066/423 2563/1132/488 1043/912/290
f 1042/1064/421 2563/1132/488 1044/1066/423
f 987/1067/424 2564/1068/425 1044/1066/423
f 130/902/280 996/932/310 2564/1068/425
f 1044/1066/423 2564/1068/425 996/932/310
f 1045/1069/426 2565/1072/427 993/1045/402
f 964/1070/405 2565/1072/427 1045/1069/426
f 134/1006/328 993/1045/402 2565/1072/427
f 1046/905/283 2566/1133/477 1045/1069/426
f 1047/1073/428 2566/1133/477 1046/905/283
f 1045/1069/426 2566/1133/477 1047/1073/428
f 985/1074/429 2567/1076/430 1047/1073/428
f 129/1075/273 994/1077/306 2567/1076/430
f 1047/1073/428 2567/1076/430 994/1077/306
f 1048/1078/431 2568/1079/432 991/1051/408
f 962/1054/411 2568/1079/432 1048/1078/431
f 133/943/321 991/1051/408 2568/1079/432
f 1049/898/276 2569/1134/478 1048/1078/431
f 1050/1080/433 2569/1134/478 1049/898/276
f 1048/1078/431 2569/1134/478 1050/1080/433
f 981/1081/434 2570/1082/435 1050/1080/433
f 128/863/251 992/924/302 2570/1082/435
f 1050/1080/433 2570/1082/435 992/924/302
f 1051/1083/436 2571/1084/437 989/1057/414
f 960/1030/387 2571/1084/437 1051/1083/436
f 137/971/349 989/1057/414 2571/1084/437
f 1052/893/271 2572/1135/479 1051/1083/436
f 1053/1085/438 2572/1135/479 1052/893/271
f 1051/1083/436 2572/1135/479 1053/1085/438
f 982/1086/439 2573/1087/440 1053/1085/438
f 132/916/294 990/940/318 2573/1087/440
f 1053/1085/438 2573/1087/440 990/940/318
f 1054/1088/441 2574/1090/443 953/1089/442
f 958/920/298 2574/1090/443 1054/1088/441
f 132/916/294 953/1089/442 2574/1090/443
f 1055/887/267 2575/1136/480 1054/1088/441
f 1056/1091/444 2575/1136/480 1055/887/267
f 1054/1088/441 2575/1136/480 1056/1091/444
f 986/1092/445 2576/1093/446 1056/1091/444
f 131/909/287 988/1062/419 2576/1093/446
f 1056/1091/444 2576/1093/446 988/1062/419
f 1057/1094/447 2577/1096/448 986/1095/445
f 957/913/291 2577/1096/448 1057/1094/447
f 131/909/287 986/1095/445 2577/1096/448
f 1058/880/263 2578/1137/481 1057/1094/447
f 1059/1097/449 2578/1137/481 1058/880/263
f 1057/1094/447 2578/1137/481 1059/1097/449
f 984/1098/450 2579/1099/451 1059/1097/449
f 130/902/280 987/1067/424 2579/1099/451
f 1059/1097/449 2579/1099/451 987/1067/424
f 1060/1100/452 2580/1102/453 984/1101/450
f 955/906/284 2580/1102/453 1060/1100/452
f 130/902/280 984/1101/450 2580/1102/453
f 1061/873/259 2581/1138/482 1060/1100/452
f 1062/1103/454 2581/1138/482 1061/873/259
f 1060/1100/452 2581/1138/482 1062/1103/454
f 979/1104/455 2582/1105/456 1062/1103/454
f 129/1075/273 985/1074/429 2582/1105/456
f 1062/1103/454 2582/1105/456 985/1074/429
f 1063/1106/457 2583/1109/458 982/1086/439
f 953/1107/442 2583/1109/458 1063/1106/457
f 132/916/294 982/1086/439 2583/1109/458
f 1064/866/254 2584/1139/483 1063/1106/457
f 1065/1110/459 2584/1139/483 1064/866/254
f 1063/1106/457 2584/1139/483 1065/1110/459
f 980/1111/248 2585/1113/460 1065/1110/459
f 127/1112/1 983/1114/266 2585/1113/460
f 1065/1110/459 2585/1113/460 983/1114/266
f 1066/1115/461 2586/1117/462 979/1116/455
f 951/899/277 2586/1117/462 1066/1115/461
f 129/895/273 979/1116/455 2586/1117/462
f 1067/859/247 2587/1140/484 1066/1115/461
f 1068/1118/463 2587/1140/484 1067/859/247
f 1066/1115/461 2587/1140/484 1068/1118/463
f 950/1119/255 2588/1120/464 1068/1118/463
f 128/863/251 981/1081/434 2588/1120/464
f 1068/1118/463 2588/1120/464 981/1081/434
usemtl Material.006
f 169/1141/1 2589/1142/489 1069/1143/490
f 1187/1144/491 1100/1145/492 182/1146/493
f 1069/1143/490 1187/1144/491 181/1147/494
f 170/1148/495 2590/1149/496 1072/1150/497
f 1184/1151/498 1070/1152/499 182/1153/493
f 1072/1150/497 1184/1151/498 184/1154/500
f 169/1155/1 2591/1156/501 1074/1157/502
f 1181/1158/503 1069/1159/490 181/1160/494
f 1074/1157/502 1181/1158/503 186/1161/504
f 169/1162/1 2592/1163/505 1076/1164/506
f 1178/1165/507 1074/1166/502 186/1167/504
f 1076/1164/506 1178/1165/507 188/1168/508
f 169/1169/1 2593/1170/509 1103/1171/510
f 1175/1172/511 1076/1173/506 188/1174/508
f 1103/1171/510 1175/1172/511 185/1175/512
f 170/1148/495 2594/1176/513 1079/1177/514
f 1172/1178/515 1072/1150/497 184/1154/500
f 1079/1177/514 1172/1178/515 191/1179/516
f 171/1180/517 2595/1181/518 1081/1182/519
f 1169/1183/520 1071/1184/521 183/1185/522
f 1081/1182/519 1169/1183/520 193/1186/523
f 172/1187/524 2596/1188/525 1083/1189/526
f 1166/1190/527 1075/1191/528 187/1192/529
f 1083/1189/526 1166/1190/527 195/1193/530
f 173/1194/531 2597/1195/532 1085/1196/533
f 1163/1197/534 1077/1198/535 189/1199/536
f 1085/1196/533 1163/1197/534 197/1200/537
f 174/1201/538 2598/1202/539 1087/1203/540
f 1160/1204/541 1078/1205/542 190/1206/543
f 1087/1203/540 1160/1204/541 199/1207/544
f 170/1148/495 2599/1208/545 1112/1209/546
f 1157/1210/547 1079/1177/514 191/1179/516
f 1112/1209/546 1157/1210/547 194/1211/548
f 171/1180/517 2600/1212/549 1114/1213/550
f 1154/1214/551 1081/1182/519 193/1186/523
f 1114/1213/550 1154/1214/551 196/1215/552
f 172/1187/524 2601/1216/553 1116/1217/554
f 1151/1218/555 1083/1189/526 195/1193/530
f 1116/1217/554 1151/1218/555 198/1219/556
f 173/1194/531 2602/1220/557 1118/1221/558
f 1148/1222/559 1085/1196/533 197/1200/537
f 1118/1221/558 1148/1222/559 200/1223/560
f 174/1201/538 2603/1224/561 1110/1225/562
f 1145/1226/563 1087/1203/540 199/1207/544
f 1110/1225/562 1145/1226/563 192/1227/564
f 175/1228/565 2604/1229/566 1094/1230/567
f 1142/1231/568 1089/1232/569 201/1233/570
f 1094/1230/567 1142/1231/568 206/1234/571
f 176/1235/572 2605/1236/573 1096/1237/574
f 1139/1238/575 1090/1239/576 202/1240/577
f 1096/1237/574 1139/1238/575 208/1241/578
f 177/1242/579 2606/1243/580 1097/1244/581
f 1136/1245/582 1091/1246/583 203/1247/584
f 1097/1244/581 1136/1245/582 209/1248/585
f 178/1249/586 2607/1250/587 1098/1251/588
f 1133/1252/589 1092/1253/590 204/1254/591
f 1098/1251/588 1133/1252/589 210/1255/592
f 179/1256/593 2608/1257/594 1125/1258/595
f 1130/1259/596 1093/1260/597 205/1261/598
f 1125/1258/595 1130/1259/596 207/1262/599
f 1129/1263/600 1095/1264/601 207/1262/599
f 1128/1265/602 1129/1263/600 210/1266/592
f 180/1267/116 2609/1268/603 1128/1265/602
f 1130/1259/596 1129/1263/600 207/1262/599
f 1131/1269/604 1130/1259/596 205/1261/598
f 1129/1263/600 1131/1269/604 210/1266/592
f 1123/1270/605 1131/1269/604 205/1261/598
f 178/1249/586 2611/1271/606 1123/1270/605
f 1131/1269/604 1098/1272/588 210/1266/592
f 1132/1273/607 1128/1274/602 210/1255/592
f 1127/1275/608 1132/1273/607 209/1276/585
f 180/1277/116 2612/1278/609 1127/1275/608
f 1133/1252/589 1132/1273/607 210/1255/592
f 1134/1279/610 1133/1252/589 204/1254/591
f 1132/1273/607 1134/1279/610 209/1276/585
f 1122/1280/611 1134/1279/610 204/1254/591
f 177/1242/579 2614/1281/612 1122/1280/611
f 1134/1279/610 1097/1282/581 209/1276/585
f 1135/1283/613 1127/1284/608 209/1248/585
f 1126/1285/614 1135/1283/613 208/1286/578
f 180/1287/116 2615/1288/615 1126/1285/614
f 1136/1245/582 1135/1283/613 209/1248/585
f 1137/1289/616 1136/1245/582 203/1247/584
f 1135/1283/613 1137/1289/616 208/1286/578
f 1121/1290/617 1137/1289/616 203/1247/584
f 176/1291/572 2617/1292/618 1121/1290/617
f 1137/1289/616 1096/1293/574 208/1286/578
f 1138/1294/619 1126/1295/614 208/1241/578
f 1124/1296/620 1138/1294/619 206/1297/571
f 180/1298/116 2618/1299/621 1124/1296/620
f 1139/1238/575 1138/1294/619 208/1241/578
f 1140/1300/622 1139/1238/575 202/1240/577
f 1138/1294/619 1140/1300/622 206/1297/571
f 1120/1301/623 1140/1300/622 202/1240/577
f 175/1228/565 2620/1302/624 1120/1301/623
f 1140/1300/622 1094/1303/567 206/1297/571
f 1141/1304/625 1124/1305/620 206/1234/571
f 1095/1306/601 1141/1304/625 207/1307/599
f 180/1308/116 2621/1309/626 1095/1306/601
f 1142/1231/568 1141/1304/625 206/1234/571
f 1143/1310/627 1142/1231/568 201/1233/570
f 1141/1304/625 1143/1310/627 207/1307/599
f 1119/1311/628 1143/1310/627 201/1233/570
f 179/1256/593 2623/1312/629 1119/1311/628
f 1143/1310/627 1125/1313/595 207/1307/599
f 1144/1314/630 1080/1315/631 192/1227/564
f 1093/1260/597 1144/1314/630 205/1261/598
f 179/1256/593 2624/1316/632 1093/1260/597
f 1145/1226/563 1144/1314/630 192/1227/564
f 1146/1317/633 1145/1226/563 199/1207/544
f 1144/1314/630 1146/1317/633 205/1261/598
f 1117/1318/634 1146/1317/633 199/1207/544
f 178/1249/586 2626/1319/635 1117/1318/634
f 1146/1317/633 1123/1270/605 205/1261/598
f 1147/1320/636 1088/1321/637 200/1223/560
f 1092/1253/590 1147/1320/636 204/1254/591
f 178/1249/586 2627/1322/638 1092/1253/590
f 1148/1222/559 1147/1320/636 200/1223/560
f 1149/1323/639 1148/1222/559 197/1200/537
f 1147/1320/636 1149/1323/639 204/1254/591
f 1115/1324/640 1149/1323/639 197/1200/537
f 177/1242/579 2629/1325/641 1115/1324/640
f 1149/1323/639 1122/1280/611 204/1254/591
f 1150/1326/642 1086/1327/643 198/1219/556
f 1091/1246/583 1150/1326/642 203/1247/584
f 177/1242/579 2630/1328/644 1091/1246/583
f 1151/1218/555 1150/1326/642 198/1219/556
f 1152/1329/645 1151/1218/555 195/1193/530
f 1150/1326/642 1152/1329/645 203/1247/584
f 1113/1330/646 1152/1329/645 195/1193/530
f 176/1291/572 2632/1331/647 1113/1330/646
f 1152/1329/645 1121/1290/617 203/1247/584
f 1153/1332/648 1084/1333/649 196/1215/552
f 1090/1239/576 1153/1332/648 202/1240/577
f 176/1235/572 2633/1334/650 1090/1239/576
f 1154/1214/551 1153/1332/648 196/1215/552
f 1155/1335/651 1154/1214/551 193/1186/523
f 1153/1332/648 1155/1335/651 202/1240/577
f 1111/1336/652 1155/1335/651 193/1186/523
f 175/1228/565 2635/1337/653 1111/1336/652
f 1155/1335/651 1120/1301/623 202/1240/577
f 1156/1338/654 1082/1339/655 194/1211/548
f 1089/1232/569 1156/1338/654 201/1233/570
f 175/1228/565 2636/1340/656 1089/1232/569
f 1157/1210/547 1156/1338/654 194/1211/548
f 1158/1341/657 1157/1210/547 191/1179/516
f 1156/1338/654 1158/1341/657 201/1233/570
f 1109/1342/658 1158/1341/657 191/1179/516
f 179/1256/593 2638/1343/659 1109/1342/658
f 1158/1341/657 1119/1311/628 201/1233/570
f 1159/1344/660 1117/1318/634 199/1207/544
f 1088/1321/637 1159/1344/660 200/1223/560
f 178/1249/586 2639/1345/661 1088/1321/637
f 1160/1204/541 1159/1344/660 199/1207/544
f 1161/1346/662 1160/1204/541 190/1206/543
f 1159/1344/660 1161/1346/662 200/1223/560
f 1108/1347/663 1161/1346/662 190/1206/543
f 173/1194/531 2641/1348/664 1108/1347/663
f 1161/1346/662 1118/1221/558 200/1223/560
f 1162/1349/665 1115/1324/640 197/1200/537
f 1086/1327/643 1162/1349/665 198/1219/556
f 177/1242/579 2642/1350/666 1086/1327/643
f 1163/1197/534 1162/1349/665 197/1200/537
f 1164/1351/667 1163/1197/534 189/1199/536
f 1162/1349/665 1164/1351/667 198/1219/556
f 1107/1352/668 1164/1351/667 189/1199/536
f 172/1187/524 2644/1353/669 1107/1352/668
f 1164/1351/667 1116/1217/554 198/1219/556
f 1165/1354/670 1113/1330/646 195/1193/530
f 1084/1355/649 1165/1354/670 196/1356/552
f 176/1291/572 2645/1357/671 1084/1355/649
f 1166/1190/527 1165/1354/670 195/1193/530
f 1167/1358/672 1166/1190/527 187/1192/529
f 1165/1354/670 1167/1358/672 196/1356/552
f 1105/1359/673 1167/1358/672 187/1192/529
f 171/1360/517 2647/1361/674 1105/1359/673
f 1167/1358/672 1114/1362/550 196/1356/552
f 1168/1363/675 1111/1336/652 193/1186/523
f 1082/1339/655 1168/1363/675 194/1211/548
f 175/1228/565 2648/1364/676 1082/1339/655
f 1169/1183/520 1168/1363/675 193/1186/523
f 1170/1365/677 1169/1183/520 183/1185/522
f 1168/1363/675 1170/1365/677 194/1211/548
f 1101/1366/678 1170/1365/677 183/1185/522
f 170/1148/495 2650/1367/679 1101/1366/678
f 1170/1365/677 1112/1209/546 194/1211/548
f 1171/1368/680 1109/1342/658 191/1179/516
f 1080/1315/631 1171/1368/680 192/1227/564
f 179/1256/593 2651/1369/681 1080/1315/631
f 1172/1178/515 1171/1368/680 191/1179/516
f 1173/1370/682 1172/1178/515 184/1154/500
f 1171/1368/680 1173/1370/682 192/1227/564
f 1102/1371/683 1173/1370/682 184/1154/500
f 174/1201/538 2653/1372/684 1102/1371/683
f 1173/1370/682 1110/1225/562 192/1227/564
f 1174/1373/685 1073/1374/686 185/1175/512
f 1078/1205/542 1174/1373/685 190/1206/543
f 174/1201/538 2654/1375/687 1078/1205/542
f 1175/1172/511 1174/1373/685 185/1175/512
f 1176/1376/688 1175/1172/511 188/1174/508
f 1174/1373/685 1176/1376/688 190/1206/543
f 1106/1377/689 1176/1376/688 188/1174/508
f 173/1194/531 2656/1378/690 1106/1377/689
f 1176/1376/688 1108/1347/663 190/1206/543
f 1177/1379/691 1106/1380/689 188/1168/508
f 1077/1198/535 1177/1379/691 189/1199/536
f 173/1194/531 2657/1381/692 1077/1198/535
f 1178/1165/507 1177/1379/691 188/1168/508
f 1179/1382/693 1178/1165/507 186/1167/504
f 1177/1379/691 1179/1382/693 189/1199/536
f 1104/1383/694 1179/1382/693 186/1167/504
f 172/1187/524 2659/1384/695 1104/1383/694
f 1179/1382/693 1107/1352/668 189/1199/536
f 1180/1385/696 1104/1386/694 186/1161/504
f 1075/1191/528 1180/1385/696 187/1192/529
f 172/1187/524 2660/1387/697 1075/1191/528
f 1181/1158/503 1180/1385/696 186/1161/504
f 1182/1388/698 1181/1158/503 181/1160/494
f 1180/1385/696 1182/1388/698 187/1192/529
f 1099/1389/699 1182/1388/698 181/1160/494
f 171/1360/517 2662/1390/700 1099/1389/699
f 1182/1388/698 1105/1359/673 187/1192/529
f 1183/1391/701 1102/1371/683 184/1154/500
f 1073/1392/686 1183/1391/701 185/1393/512
f 174/1201/538 2663/1394/702 1073/1392/686
f 1184/1151/498 1183/1391/701 184/1154/500
f 1185/1395/703 1184/1151/498 182/1153/493
f 1183/1391/701 1185/1395/703 185/1393/512
f 1100/1396/492 1185/1395/703 182/1153/493
f 169/1397/1 2665/1398/704 1100/1396/492
f 1185/1395/703 1103/1399/510 185/1393/512
f 1186/1400/705 1099/1401/699 181/1147/494
f 1071/1184/521 1186/1400/705 183/1185/522
f 171/1180/517 2666/1402/706 1071/1184/521
f 1187/1144/491 1186/1400/705 181/1147/494
f 1188/1403/707 1187/1144/491 182/1146/493
f 1186/1400/705 1188/1403/707 183/1185/522
f 1070/1404/499 1188/1403/707 182/1146/493
f 170/1148/495 2668/1405/708 1070/1404/499
f 1188/1403/707 1101/1366/678 183/1185/522
f 169/1141/1 1100/1145/492 2589/1142/489
f 1187/1144/491 2589/1142/489 1100/1145/492
f 1069/1143/490 2589/1142/489 1187/1144/491
f 170/1148/495 1070/1152/499 2590/1149/496
f 1184/1151/498 2590/1149/496 1070/1152/499
f 1072/1150/497 2590/1149/496 1184/1151/498
f 169/1155/1 1069/1159/490 2591/1156/501
f 1181/1158/503 2591/1156/501 1069/1159/490
f 1074/1157/502 2591/1156/501 1181/1158/503
f 169/1162/1 1074/1166/502 2592/1163/505
f 1178/1165/507 2592/1163/505 1074/1166/502
f 1076/1164/506 2592/1163/505 1178/1165/507
f 169/1169/1 1076/1173/506 2593/1170/509
f 1175/1172/511 2593/1170/509 1076/1173/506
f 1103/1171/510 2593/1170/509 1175/1172/511
f 170/1148/495 1072/1150/497 2594/1176/513
f 1172/1178/515 2594/1176/513 1072/1150/497
f 1079/1177/514 2594/1176/513 1172/1178/515
f 171/1180/517 1071/1184/521 2595/1181/518
f 1169/1183/520 2595/1181/518 1071/1184/521
f 1081/1182/519 2595/1181/518 1169/1183/520
f 172/1187/524 1075/1191/528 2596/1188/525
f 1166/1190/527 2596/1188/525 1075/1191/528
f 1083/1189/526 2596/1188/525 1166/1190/527
f 173/1194/531 1077/1198/535 2597/1195/532
f 1163/1197/534 2597/1195/532 1077/1198/535
f 1085/1196/533 2597/1195/532 1163/1197/534
f 174/1201/538 1078/1205/542 2598/1202/539
f 1160/1204/541 2598/1202/539 1078/1205/542
f 1087/1203/540 2598/1202/539 1160/1204/541
f 170/1148/495 1079/1177/514 2599/1208/545
f 1157/1210/547 2599/1208/545 1079/1177/514
f 1112/1209/546 2599/1208/545 1157/1210/547
f 171/1180/517 1081/1182/519 2600/1212/549
f 1154/1214/551 2600/1212/549 1081/1182/519
f 1114/1213/550 2600/1212/549 1154/1214/551
f 172/1187/524 1083/1189/526 2601/1216/553
f 1151/1218/555 2601/1216/553 1083/1189/526
f 1116/1217/554 2601/1216/553 1151/1218/555
f 173/1194/531 1085/1196/533 2602/1220/557
f 1148/1222/559 2602/1220/557 1085/1196/533
f 1118/1221/558 2602/1220/557 1148/1222/559
f 174/1201/538 1087/1203/540 2603/1224/561
f 1145/1226/563 2603/1224/561 1087/1203/540
f 1110/1225/562 2603/1224/561 1145/1226/563
f 175/1228/565 1089/1232/569 2604/1229/566
f 1142/1231/568 2604/1229/566 1089/1232/569
f 1094/1230/567 2604/1229/566 1142/1231/568
f 176/1235/572 1090/1239/576 2605/1236/573
f 1139/1238/575 2605/1236/573 1090/1239/576
f 1096/1237/574 2605/1236/573 1139/1238/575
f 177/1242/579 1091/1246/583 2606/1243/580
f 1136/1245/582 2606/1243/580 1091/1246/583
f 1097/1244/581 2606/1243/580 1136/1245/582
f 178/1249/586 1092/1253/590 2607/1250/587
f 1133/1252/589 2607/1250/587 1092/1253/590
f 1098/1251/588 2607/1250/587 1133/1252/589
f 179/1256/593 1093/1260/597 2608/1257/594
f 1130/1259/596 2608/1257/594 1093/1260/597
f 1125/1258/595 2608/1257/594 1130/1259/596
f 1129/1263/600 2609/1268/603 1095/1264/601
f 1128/1265/602 2609/1268/603 1129/1263/600
f 180/1267/116 1095/1264/601 2609/1268/603
f 1130/1259/596 2610/1406/709 1129/1263/600
f 1131/1269/604 2610/1406/709 1130/1259/596
f 1129/1263/600 2610/1406/709 1131/1269/604
f 1123/1270/605 2611/1271/606 1131/1269/604
f 178/1249/586 1098/1272/588 2611/1271/606
f 1131/1269/604 2611/1271/606 1098/1272/588
f 1132/1273/607 2612/1278/609 1128/1274/602
f 1127/1275/608 2612/1278/609 1132/1273/607
f 180/1277/116 1128/1274/602 2612/1278/609
f 1133/1252/589 2613/1407/710 1132/1273/607
f 1134/1279/610 2613/1407/710 1133/1252/589
f 1132/1273/607 2613/1407/710 1134/1279/610
f 1122/1280/611 2614/1281/612 1134/1279/610
f 177/1242/579 1097/1282/581 2614/1281/612
f 1134/1279/610 2614/1281/612 1097/1282/581
f 1135/1283/613 2615/1288/615 1127/1284/608
f 1126/1285/614 2615/1288/615 1135/1283/613
f 180/1287/116 1127/1284/608 2615/1288/615
f 1136/1245/582 2616/1408/711 1135/1283/613
f 1137/1289/616 2616/1408/711 1136/1245/582
f 1135/1283/613 2616/1408/711 1137/1289/616
f 1121/1290/617 2617/1292/618 1137/1289/616
f 176/1291/572 1096/1293/574 2617/1292/618
f 1137/1289/616 2617/1292/618 1096/1293/574
f 1138/1294/619 2618/1299/621 1126/1295/614
f 1124/1296/620 2618/1299/621 1138/1294/619
f 180/1298/116 1126/1295/614 2618/1299/621
f 1139/1238/575 2619/1409/712 1138/1294/619
f 1140/1300/622 2619/1409/712 1139/1238/575
f 1138/1294/619 2619/1409/712 1140/1300/622
f 1120/1301/623 2620/1302/624 1140/1300/622
f 175/1228/565 1094/1303/567 2620/1302/624
f 1140/1300/622 2620/1302/624 1094/1303/567
f 1141/1304/625 2621/1309/626 1124/1305/620
f 1095/1306/601 2621/1309/626 1141/1304/625
f 180/1308/116 1124/1305/620 2621/1309/626
f 1142/1231/568 2622/1410/713 1141/1304/625
f 1143/1310/627 2622/1410/713 1142/1231/568
f 1141/1304/625 2622/1410/713 1143/1310/627
f 1119/1311/628 2623/1312/629 1143/1310/627
f 179/1256/593 1125/1313/595 2623/1312/629
f 1143/1310/627 2623/1312/629 1125/1313/595
f 1144/1314/630 2624/1316/632 1080/1315/631
f 1093/1260/597 2624/1316/632 1144/1314/630
f 179/1256/593 1080/1315/631 2624/1316/632
f 1145/1226/563 2625/1411/714 1144/1314/630
f 1146/1317/633 2625/1411/714 1145/1226/563
f 1144/1314/630 2625/1411/714 1146/1317/633
f 1117/1318/634 2626/1319/635 1146/1317/633
f 178/1249/586 1123/1270/605 2626/1319/635
f 1146/1317/633 2626/1319/635 1123/1270/605
f 1147/1320/636 2627/1322/638 1088/1321/637
f 1092/1253/590 2627/1322/638 1147/1320/636
f 178/1249/586 1088/1321/637 2627/1322/638
f 1148/1222/559 2628/1412/715 1147/1320/636
f 1149/1323/639 2628/1412/715 1148/1222/559
f 1147/1320/636 2628/1412/715 1149/1323/639
f 1115/1324/640 2629/1325/641 1149/1323/639
f 177/1242/579 1122/1280/611 2629/1325/641
f 1149/1323/639 2629/1325/641 1122/1280/611
f 1150/1326/642 2630/1328/644 1086/1327/643
f 1091/1246/583 2630/1328/644 1150/1326/642
f 177/1242/579 1086/1327/643 2630/1328/644
f 1151/1218/555 2631/1413/716 1150/1326/642
f 1152/1329/645 2631/1413/716 1151/1218/555
f 1150/1326/642 2631/1413/716 1152/1329/645
f 1113/1330/646 2632/1331/647 1152/1329/645
f 176/1291/572 1121/1290/617 2632/1331/647
f 1152/1329/645 2632/1331/647 1121/1290/617
f 1153/1332/648 2633/1334/650 1084/1333/649
f 1090/1239/576 2633/1334/650 1153/1332/648
f 176/1235/572 1084/1333/649 2633/1334/650
f 1154/1214/551 2634/1414/717 1153/1332/648
f 1155/1335/651 2634/1414/717 1154/1214/551
f 1153/1332/648 2634/1414/717 1155/1335/651
f 1111/1336/652 2635/1337/653 1155/1335/651
f 175/1228/565 1120/1301/623 2635/1337/653
f 1155/1335/651 2635/1337/653 1120/1301/623
f 1156/1338/654 2636/1340/656 1082/1339/655
f 1089/1232/569 2636/1340/656 1156/1338/654
f 175/1228/565 1082/1339/655 2636/1340/656
f 1157/1210/547 2637/1415/718 1156/1338/654
f 1158/1341/657 2637/1415/718 1157/1210/547
f 1156/1338/654 2637/1415/718 1158/1341/657
f 1109/1342/658 2638/1343/659 1158/1341/657
f 179/1256/593 1119/1311/628 2638/1343/659
f 1158/1341/657 2638/1343/659 1119/1311/628
f 1159/1344/660 2639/1345/661 1117/1318/634
f 1088/1321/637 2639/1345/661 1159/1344/660
f 178/1249/586 1117/1318/634 2639/1345/661
f 1160/1204/541 2640/1416/719 1159/1344/660
f 1161/1346/662 2640/1416/719 1160/1204/541
f 1159/1344/660 2640/1416/719 1161/1346/662
f 1108/1347/663 2641/1348/664 1161/1346/662
f 173/1194/531 1118/1221/558 2641/1348/664
f 1161/1346/662 2641/1348/664 1118/1221/558
f 1162/1349/665 2642/1350/666 1115/1324/640
f 1086/1327/643 2642/1350/666 1162/1349/665
f 177/1242/579 1115/1324/640 2642/1350/666
f 1163/1197/534 2643/1417/720 1162/1349/665
f 1164/1351/667 2643/1417/720 1163/1197/534
f 1162/1349/665 2643/1417/720 1164/1351/667
f 1107/1352/668 2644/1353/669 1164/1351/667
f 172/1187/524 1116/1217/554 2644/1353/669
f 1164/1351/667 2644/1353/669 1116/1217/554
f 1165/1354/670 2645/1357/671 1113/1330/646
f 1084/1355/649 2645/1357/671 1165/1354/670
f 176/1291/572 1113/1330/646 2645/1357/671
f 1166/1190/527 2646/1418/721 1165/1354/670
f 1167/1358/672 2646/1418/721 1166/1190/527
f 1165/1354/670 2646/1418/721 1167/1358/672
f 1105/1359/673 2647/1361/674 1167/1358/672
f 171/1360/517 1114/1362/550 2647/1361/674
f 1167/1358/672 2647/1361/674 1114/1362/550
f 1168/1363/675 2648/1364/676 1111/1336/652
f 1082/1339/655 2648/1364/676 1168/1363/675
f 175/1228/565 1111/1336/652 2648/1364/676
f 1169/1183/520 2649/1419/722 1168/1363/675
f 1170/1365/677 2649/1419/722 1169/1183/520
f 1168/1363/675 2649/1419/722 1170/1365/677
f 1101/1366/678 2650/1367/679 1170/1365/677
f 170/1148/495 1112/1209/546 2650/1367/679
f 1170/1365/677 2650/1367/679 1112/1209/546
f 1171/1368/680 2651/1369/681 1109/1342/658
f 1080/1315/631 2651/1369/681 1171/1368/680
f 179/1256/593 1109/1342/658 2651/1369/681
f 1172/1178/515 2652/1420/723 1171/1368/680
f 1173/1370/682 2652/1420/723 1172/1178/515
f 1171/1368/680 2652/1420/723 1173/1370/682
f 1102/1371/683 2653/1372/684 1173/1370/682
f 174/1201/538 1110/1225/562 2653/1372/684
f 1173/1370/682 2653/1372/684 1110/1225/562
f 1174/1373/685 2654/1375/687 1073/1374/686
f 1078/1205/542 2654/1375/687 1174/1373/685
f 174/1201/538 1073/1374/686 2654/1375/687
f 1175/1172/511 2655/1421/724 1174/1373/685
f 1176/1376/688 2655/1421/724 1175/1172/511
f 1174/1373/685 2655/1421/724 1176/1376/688
f 1106/1377/689 2656/1378/690 1176/1376/688
f 173/1194/531 1108/1347/663 2656/1378/690
f 1176/1376/688 2656/1378/690 1108/1347/663
f 1177/1379/691 2657/1381/692 1106/1380/689
f 1077/1198/535 2657/1381/692 1177/1379/691
f 173/1194/531 1106/1380/689 2657/1381/692
f 1178/1165/507 2658/1422/725 1177/1379/691
f 1179/1382/693 2658/1422/725 1178/1165/507
f 1177/1379/691 2658/1422/725 1179/1382/693
f 1104/1383/694 2659/1384/695 1179/1382/693
f 172/1187/524 1107/1352/668 2659/1384/695
f 1179/1382/693 2659/1384/695 1107/1352/668
f 1180/1385/696 2660/1387/697 1104/1386/694
f 1075/1191/528 2660/1387/697 1180/1385/696
f 172/1187/524 1104/1386/694 2660/1387/697
f 1181/1158/503 2661/1423/726 1180/1385/696
f 1182/1388/698 2661/1423/726 1181/1158/503
f 1180/1385/696 2661/1423/726 1182/1388/698
f 1099/1389/699 2662/1390/700 1182/1388/698
f 171/1360/517 1105/1359/673 2662/1390/700
f 1182/1388/698 2662/1390/700 1105/1359/673
f 1183/1391/701 2663/1394/702 1102/1371/683
f 1073/1392/686 2663/1394/702 1183/1391/701
f 174/1201/538 1102/1371/683 2663/1394/702
f 1184/1151/498 2664/1424/727 1183/1391/701
f 1185/1395/703 2664/1424/727 1184/1151/498
f 1183/1391/701 2664/1424/727 1185/1395/703
f 1100/1396/492 2665/1398/704 1185/1395/703
f 169/1397/1 1103/1399/510 2665/1398/704
f 1185/1395/703 2665/1398/704 1103/1399/510
f 1186/1400/705 2666/1402/706 1099/1401/699
f 1071/1184/521 2666/1402/706 1186/1400/705
f 171/1180/517 1099/1401/699 2666/1402/706
f 1187/1144/491 2667/1425/728 1186/1400/705
f 1188/1403/707 2667/1425/728 1187/1144/491
f 1186/1400/705 2667/1425/728 1188/1403/707
f 1070/1404/499 2668/1405/708 1188/1403/707
f 170/1148/495 1101/1366/678 2668/1405/708
f 1188/1403/707 2668/1405/708 1101/1366/678
usemtl Material.007
f 211/1426/1 2669/1427/489 1189/1428/490
f 1307/1429/491 1220/1430/492 224/1431/493
f 1189/1428/490 1307/1429/491 223/1432/494
f 212/1433/495 2670/1434/496 1192/1435/497
f 1304/1436/498 1190/1437/499 224/1438/493
f 1192/1435/497 1304/1436/498 226/1439/500
f 211/1440/1 2671/1441/501 1194/1442/502
f 1301/1443/503 1189/1444/490 223/1445/494
f 1194/1442/502 1301/1443/503 228/1446/504
f 211/1447/1 2672/1448/505 1196/1449/506
f 1298/1450/507 1194/1451/502 228/1452/504
f 1196/1449/506 1298/1450/507 230/1453/508
f 211/1454/1 2673/1455/509 1223/1456/510
f 1295/1457/511 1196/1458/506 230/1459/508
f 1223/1456/510 1295/1457/511 227/1460/512
f 212/1433/495 2674/1461/513 1199/1462/514
f 1292/1463/515 1192/1435/497 226/1439/500
f 1199/1462/514 1292/1463/515 233/1464/516
f 213/1465/517 2675/1466/518 1201/1467/519
f 1289/1468/520 1191/1469/521 225/1470/522
f 1201/1467/519 1289/1468/520 235/1471/523
f 214/1472/524 2676/1473/525 1203/1474/526
f 1286/1475/527 1195/1476/528 229/1477/529
f 1203/1474/526 1286/1475/527 237/1478/530
f 215/1479/531 2677/1480/532 1205/1481/533
f 1283/1482/534 1197/1483/535 231/1484/536
f 1205/1481/533 1283/1482/534 239/1485/537
f 216/1486/538 2678/1487/539 1207/1488/540
f 1280/1489/541 1198/1490/542 232/1491/543
f 1207/1488/540 1280/1489/541 241/1492/544
f 212/1433/495 2679/1493/545 1232/1494/546
f 1277/1495/547 1199/1462/514 233/1464/516
f 1232/1494/546 1277/1495/547 236/1496/548
f 213/1465/517 2680/1497/549 1234/1498/550
f 1274/1499/551 1201/1467/519 235/1471/523
f 1234/1498/550 1274/1499/551 238/1500/552
f 214/1472/524 2681/1501/553 1236/1502/554
f 1271/1503/555 1203/1474/526 237/1478/530
f 1236/1502/554 1271/1503/555 240/1504/556
f 215/1479/531 2682/1505/557 1238/1506/558
f 1268/1507/559 1205/1481/533 239/1485/537
f 1238/1506/558 1268/1507/559 242/1508/560
f 216/1486/538 2683/1509/561 1230/1510/562
f 1265/1511/563 1207/1488/540 241/1492/544
f 1230/1510/562 1265/1511/563 234/1512/564
f 217/1513/565 2684/1514/566 1214/1515/567
f 1262/1516/568 1209/1517/569 243/1518/570
f 1214/1515/567 1262/1516/568 248/1519/571
f 218/1520/572 2685/1521/573 1216/1522/574
f 1259/1523/575 1210/1524/576 244/1525/577
f 1216/1522/574 1259/1523/575 250/1526/578
f 219/1527/579 2686/1528/580 1217/1529/581
f 1256/1530/582 1211/1531/729 245/1532/584
f 1217/1529/581 1256/1530/582 251/1533/585
f 220/1534/586 2687/1535/587 1218/1536/588
f 1253/1537/589 1212/1538/590 246/1539/591
f 1218/1536/588 1253/1537/589 252/1540/592
f 221/1541/593 2688/1542/594 1245/1543/595
f 1250/1544/596 1213/1545/597 247/1546/598
f 1245/1543/595 1250/1544/596 249/1547/599
f 1249/1548/600 1215/1549/601 249/1547/599
f 1248/1550/602 1249/1548/600 252/1551/592
f 222/1552/116 2689/1553/603 1248/1550/602
f 1250/1544/596 1249/1548/600 249/1547/599
f 1251/1554/604 1250/1544/596 247/1546/598
f 1249/1548/600 1251/1554/604 252/1551/592
f 1243/1555/605 1251/1554/604 247/1546/598
f 220/1534/586 2691/1556/606 1243/1555/605
f 1251/1554/604 1218/1557/588 252/1551/592
f 1252/1558/607 1248/1559/602 252/1540/592
f 1247/1560/608 1252/1558/607 251/1561/585
f 222/1562/116 2692/1563/609 1247/1560/608
f 1253/1537/589 1252/1558/607 252/1540/592
f 1254/1564/610 1253/1537/589 246/1539/591
f 1252/1558/607 1254/1564/610 251/1561/585
f 1242/1565/611 1254/1564/610 246/1539/591
f 219/1527/579 2694/1566/612 1242/1565/611
f 1254/1564/610 1217/1567/581 251/1561/585
f 1255/1568/613 1247/1569/608 251/1533/585
f 1246/1570/614 1255/1568/613 250/1571/578
f 222/1572/116 2695/1573/615 1246/1570/614
f 1256/1530/582 1255/1568/613 251/1533/585
f 1257/1574/616 1256/1530/582 245/1532/584
f 1255/1568/613 1257/1574/616 250/1571/578
f 1241/1575/617 1257/1574/616 245/1532/584
f 218/1576/572 2697/1577/618 1241/1575/617
f 1257/1574/616 1216/1578/574 250/1571/578
f 1258/1579/619 1246/1580/614 250/1526/578
f 1244/1581/620 1258/1579/619 248/1582/571
f 222/1583/116 2698/1584/621 1244/1581/620
f 1259/1523/575 1258/1579/619 250/1526/578
f 1260/1585/622 1259/1523/575 244/1525/577
f 1258/1579/619 1260/1585/622 248/1582/571
f 1240/1586/623 1260/1585/622 244/1525/577
f 217/1513/565 2700/1587/624 1240/1586/623
f 1260/1585/622 1214/1588/567 248/1582/571
f 1261/1589/625 1244/1590/620 248/1519/571
f 1215/1591/601 1261/1589/625 249/1592/599
f 222/1593/116 2701/1594/626 1215/1591/601
f 1262/1516/568 1261/1589/625 248/1519/571
f 1263/1595/627 1262/1516/568 243/1518/570
f 1261/1589/625 1263/1595/627 249/1592/599
f 1239/1596/628 1263/1595/627 243/1518/570
f 221/1541/593 2703/1597/629 1239/1596/628
f 1263/1595/627 1245/1598/595 249/1592/599
f 1264/1599/630 1200/1600/631 234/1512/564
f 1213/1545/597 1264/1599/630 247/1546/598
f 221/1541/593 2704/1601/632 1213/1545/597
f 1265/1511/563 1264/1599/630 234/1512/564
f 1266/1602/633 1265/1511/563 241/1492/544
f 1264/1599/630 1266/1602/633 247/1546/598
f 1237/1603/634 1266/1602/633 241/1492/544
f 220/1534/586 2706/1604/635 1237/1603/634
f 1266/1602/633 1243/1555/605 247/1546/598
f 1267/1605/636 1208/1606/637 242/1508/560
f 1212/1538/590 1267/1605/636 246/1539/591
f 220/1534/586 2707/1607/638 1212/1538/590
f 1268/1507/559 1267/1605/636 242/1508/560
f 1269/1608/639 1268/1507/559 239/1485/537
f 1267/1605/636 1269/1608/639 246/1539/591
f 1235/1609/640 1269/1608/639 239/1485/537
f 219/1527/579 2709/1610/641 1235/1609/640
f 1269/1608/639 1242/1565/611 246/1539/591
f 1270/1611/642 1206/1612/643 240/1504/556
f 1211/1531/729 1270/1611/642 245/1532/584
f 219/1527/579 2710/1613/644 1211/1531/729
f 1271/1503/555 1270/1611/642 240/1504/556
f 1272/1614/645 1271/1503/555 237/1478/530
f 1270/1611/642 1272/1614/645 245/1532/584
f 1233/1615/646 1272/1614/645 237/1478/530
f 218/1576/572 2712/1616/647 1233/1615/646
f 1272/1614/645 1241/1575/617 245/1532/584
f 1273/1617/648 1204/1618/649 238/1500/552
f 1210/1524/576 1273/1617/648 244/1525/577
f 218/1520/572 2713/1619/650 1210/1524/576
f 1274/1499/551 1273/1617/648 238/1500/552
f 1275/1620/651 1274/1499/551 235/1471/523
f 1273/1617/648 1275/1620/651 244/1525/577
f 1231/1621/652 1275/1620/651 235/1471/523
f 217/1513/565 2715/1622/653 1231/1621/652
f 1275/1620/651 1240/1586/623 244/1525/577
f 1276/1623/654 1202/1624/655 236/1496/548
f 1209/1517/569 1276/1623/654 243/1518/570
f 217/1513/565 2716/1625/656 1209/1517/569
f 1277/1495/547 1276/1623/654 236/1496/548
f 1278/1626/657 1277/1495/547 233/1464/516
f 1276/1623/654 1278/1626/657 243/1518/570
f 1229/1627/658 1278/1626/657 233/1464/516
f 221/1541/593 2718/1628/659 1229/1627/658
f 1278/1626/657 1239/1596/628 243/1518/570
f 1279/1629/660 1237/1603/634 241/1492/544
f 1208/1606/637 1279/1629/660 242/1508/560
f 220/1534/586 2719/1630/661 1208/1606/637
f 1280/1489/541 1279/1629/660 241/1492/544
f 1281/1631/662 1280/1489/541 232/1491/543
f 1279/1629/660 1281/1631/662 242/1508/560
f 1228/1632/663 1281/1631/662 232/1491/543
f 215/1479/531 2721/1633/664 1228/1632/663
f 1281/1631/662 1238/1506/558 242/1508/560
f 1282/1634/665 1235/1609/640 239/1485/537
f 1206/1612/643 1282/1634/665 240/1504/556
f 219/1527/579 2722/1635/666 1206/1612/643
f 1283/1482/534 1282/1634/665 239/1485/537
f 1284/1636/667 1283/1482/534 231/1484/536
f 1282/1634/665 1284/1636/667 240/1504/556
f 1227/1637/668 1284/1636/667 231/1484/536
f 214/1472/524 2724/1638/669 1227/1637/668
f 1284/1636/667 1236/1502/554 240/1504/556
f 1285/1639/670 1233/1615/646 237/1478/530
f 1204/1640/649 1285/1639/670 238/1641/552
f 218/1576/572 2725/1642/671 1204/1640/649
f 1286/1475/527 1285/1639/670 237/1478/530
f 1287/1643/672 1286/1475/527 229/1477/529
f 1285/1639/670 1287/1643/672 238/1641/552
f 1225/1644/673 1287/1643/672 229/1477/529
f 213/1645/517 2727/1646/674 1225/1644/673
f 1287/1643/672 1234/1647/550 238/1641/552
f 1288/1648/675 1231/1621/652 235/1471/523
f 1202/1624/655 1288/1648/675 236/1496/548
f 217/1513/565 2728/1649/676 1202/1624/655
f 1289/1468/520 1288/1648/675 235/1471/523
f 1290/1650/677 1289/1468/520 225/1470/522
f 1288/1648/675 1290/1650/677 236/1496/548
f 1221/1651/678 1290/1650/677 225/1470/522
f 212/1433/495 2730/1652/679 1221/1651/678
f 1290/1650/677 1232/1494/546 236/1496/548
f 1291/1653/680 1229/1627/658 233/1464/516
f 1200/1600/631 1291/1653/680 234/1512/564
f 221/1541/593 2731/1654/681 1200/1600/631
f 1292/1463/515 1291/1653/680 233/1464/516
f 1293/1655/682 1292/1463/515 226/1439/500
f 1291/1653/680 1293/1655/682 234/1512/564
f 1222/1656/683 1293/1655/682 226/1439/500
f 216/1486/538 2733/1657/684 1222/1656/683
f 1293/1655/682 1230/1510/562 234/1512/564
f 1294/1658/685 1193/1659/686 227/1460/512
f 1198/1490/542 1294/1658/685 232/1491/543
f 216/1486/538 2734/1660/687 1198/1490/542
f 1295/1457/511 1294/1658/685 227/1460/512
f 1296/1661/688 1295/1457/511 230/1459/508
f 1294/1658/685 1296/1661/688 232/1491/543
f 1226/1662/689 1296/1661/688 230/1459/508
f 215/1479/531 2736/1663/690 1226/1662/689
f 1296/1661/688 1228/1632/663 232/1491/543
f 1297/1664/691 1226/1665/689 230/1453/508
f 1197/1483/535 1297/1664/691 231/1484/536
f 215/1479/531 2737/1666/692 1197/1483/535
f 1298/1450/507 1297/1664/691 230/1453/508
f 1299/1667/693 1298/1450/507 228/1452/504
f 1297/1664/691 1299/1667/693 231/1484/536
f 1224/1668/694 1299/1667/693 228/1452/504
f 214/1472/524 2739/1669/695 1224/1668/694
f 1299/1667/693 1227/1637/668 231/1484/536
f 1300/1670/696 1224/1671/694 228/1446/504
f 1195/1476/528 1300/1670/696 229/1477/529
f 214/1472/524 2740/1672/697 1195/1476/528
f 1301/1443/503 1300/1670/696 228/1446/504
f 1302/1673/698 1301/1443/503 223/1445/494
f 1300/1670/696 1302/1673/698 229/1477/529
f 1219/1674/699 1302/1673/698 223/1445/494
f 213/1645/517 2742/1675/700 1219/1674/699
f 1302/1673/698 1225/1644/673 229/1477/529
f 1303/1676/701 1222/1656/683 226/1439/500
f 1193/1677/686 1303/1676/701 227/1678/512
f 216/1486/538 2743/1679/702 1193/1677/686
f 1304/1436/498 1303/1676/701 226/1439/500
f 1305/1680/703 1304/1436/498 224/1438/493
f 1303/1676/701 1305/1680/703 227/1678/512
f 1220/1681/492 1305/1680/703 224/1438/493
f 211/1682/1 2745/1683/704 1220/1681/492
f 1305/1680/703 1223/1684/510 227/1678/512
f 1306/1685/705 1219/1686/699 223/1432/494
f 1191/1469/521 1306/1685/705 225/1470/522
f 213/1465/517 2746/1687/706 1191/1469/521
f 1307/1429/491 1306/1685/705 223/1432/494
f 1308/1688/707 1307/1429/491 224/1431/493
f 1306/1685/705 1308/1688/707 225/1470/522
f 1190/1689/499 1308/1688/707 224/1431/493
f 212/1433/495 2748/1690/708 1190/1689/499
f 1308/1688/707 1221/1651/678 225/1470/522
f 211/1426/1 1220/1430/492 2669/1427/489
f 1307/1429/491 2669/1427/489 1220/1430/492
f 1189/1428/490 2669/1427/489 1307/1429/491
f 212/1433/495 1190/1437/499 2670/1434/496
f 1304/1436/498 2670/1434/496 1190/1437/499
f 1192/1435/497 2670/1434/496 1304/1436/498
f 211/1440/1 1189/1444/490 2671/1441/501
f 1301/1443/503 2671/1441/501 1189/1444/490
f 1194/1442/502 2671/1441/501 1301/1443/503
f 211/1447/1 1194/1451/502 2672/1448/505
f 1298/1450/507 2672/1448/505 1194/1451/502
f 1196/1449/506 2672/1448/505 1298/1450/507
f 211/1454/1 1196/1458/506 2673/1455/509
f 1295/1457/511 2673/1455/509 1196/1458/506
f 1223/1456/510 2673/1455/509 1295/1457/511
f 212/1433/495 1192/1435/497 2674/1461/513
f 1292/1463/515 2674/1461/513 1192/1435/497
f 1199/1462/514 2674/1461/513 1292/1463/515
f 213/1465/517 1191/1469/521 2675/1466/518
f 1289/1468/520 2675/1466/518 1191/1469/521
f 1201/1467/519 2675/1466/518 1289/1468/520
f 214/1472/524 1195/1476/528 2676/1473/525
f 1286/1475/527 2676/1473/525 1195/1476/528
f 1203/1474/526 2676/1473/525 1286/1475/527
f 215/1479/531 1197/1483/535 2677/1480/532
f 1283/1482/534 2677/1480/532 1197/1483/535
f 1205/1481/533 2677/1480/532 1283/1482/534
f 216/1486/538 1198/1490/542 2678/1487/539
f 1280/1489/541 2678/1487/539 1198/1490/542
f 1207/1488/540 2678/1487/539 1280/1489/541
f 212/1433/495 1199/1462/514 2679/1493/545
f 1277/1495/547 2679/1493/545 1199/1462/514
f 1232/1494/546 2679/1493/545 1277/1495/547
f 213/1465/517 1201/1467/519 2680/1497/549
f 1274/1499/551 2680/1497/549 1201/1467/519
f 1234/1498/550 2680/1497/549 1274/1499/551
f 214/1472/524 1203/1474/526 2681/1501/553
f 1271/1503/555 2681/1501/553 1203/1474/526
f 1236/1502/554 2681/1501/553 1271/1503/555
f 215/1479/531 1205/1481/533 2682/1505/557
f 1268/1507/559 2682/1505/557 1205/1481/533
f 1238/1506/558 2682/1505/557 1268/1507/559
f 216/1486/538 1207/1488/540 2683/1509/561
f 1265/1511/563 2683/1509/561 1207/1488/540
f 1230/1510/562 2683/1509/561 1265/1511/563
f 217/1513/565 1209/1517/569 2684/1514/566
f 1262/1516/568 2684/1514/566 1209/1517/569
f 1214/1515/567 2684/1514/566 1262/1516/568
f 218/1520/572 1210/1524/576 2685/1521/573
f 1259/1523/575 2685/1521/573 1210/1524/576
f 1216/1522/574 2685/1521/573 1259/1523/575
f 219/1527/579 1211/1531/729 2686/1528/580
f 1256/1530/582 2686/1528/580 1211/1531/729
f 1217/1529/581 2686/1528/580 1256/1530/582
f 220/1534/586 1212/1538/590 2687/1535/587
f 1253/1537/589 2687/1535/587 1212/1538/590
f 1218/1536/588 2687/1535/587 1253/1537/589
f 221/1541/593 1213/1545/597 2688/1542/594
f 1250/1544/596 2688/1542/594 1213/1545/597
f 1245/1543/595 2688/1542/594 1250/1544/596
f 1249/1548/600 2689/1553/603 1215/1549/601
f 1248/1550/602 2689/1553/603 1249/1548/600
f 222/1552/116 1215/1549/601 2689/1553/603
f 1250/1544/596 2690/1691/709 1249/1548/600
f 1251/1554/604 2690/1691/709 1250/1544/596
f 1249/1548/600 2690/1691/709 1251/1554/604
f 1243/1555/605 2691/1556/606 1251/1554/604
f 220/1534/586 1218/1557/588 2691/1556/606
f 1251/1554/604 2691/1556/606 1218/1557/588
f 1252/1558/607 2692/1563/609 1248/1559/602
f 1247/1560/608 2692/1563/609 1252/1558/607
f 222/1562/116 1248/1559/602 2692/1563/609
f 1253/1537/589 2693/1692/710 1252/1558/607
f 1254/1564/610 2693/1692/710 1253/1537/589
f 1252/1558/607 2693/1692/710 1254/1564/610
f 1242/1565/611 2694/1566/612 1254/1564/610
f 219/1527/579 1217/1567/581 2694/1566/612
f 1254/1564/610 2694/1566/612 1217/1567/581
f 1255/1568/613 2695/1573/615 1247/1569/608
f 1246/1570/614 2695/1573/615 1255/1568/613
f 222/1572/116 1247/1569/608 2695/1573/615
f 1256/1530/582 2696/1693/711 1255/1568/613
f 1257/1574/616 2696/1693/711 1256/1530/582
f 1255/1568/613 2696/1693/711 1257/1574/616
f 1241/1575/617 2697/1577/618 1257/1574/616
f 218/1576/572 1216/1578/574 2697/1577/618
f 1257/1574/616 2697/1577/618 1216/1578/574
f 1258/1579/619 2698/1584/621 1246/1580/614
f 1244/1581/620 2698/1584/621 1258/1579/619
f 222/1583/116 1246/1580/614 2698/1584/621
f 1259/1523/575 2699/1694/712 1258/1579/619
f 1260/1585/622 2699/1694/712 1259/1523/575
f 1258/1579/619 2699/1694/712 1260/1585/622
f 1240/1586/623 2700/1587/624 1260/1585/622
f 217/1513/565 1214/1588/567 2700/1587/624
f 1260/1585/622 2700/1587/624 1214/1588/567
f 1261/1589/625 2701/1594/626 1244/1590/620
f 1215/1591/601 2701/1594/626 1261/1589/625
f 222/1593/116 1244/1590/620 2701/1594/626
f 1262/1516/568 2702/1695/713 1261/1589/625
f 1263/1595/627 2702/1695/713 1262/1516/568
f 1261/1589/625 2702/1695/713 1263/1595/627
f 1239/1596/628 2703/1597/629 1263/1595/627
f 221/1541/593 1245/1598/595 2703/1597/629
f 1263/1595/627 2703/1597/629 1245/1598/595
f 1264/1599/630 2704/1601/632 1200/1600/631
f 1213/1545/597 2704/1601/632 1264/1599/630
f 221/1541/593 1200/1600/631 2704/1601/632
f 1265/1511/563 2705/1696/714 1264/1599/630
f 1266/1602/633 2705/1696/714 1265/1511/563
f 1264/1599/630 2705/1696/714 1266/1602/633
f 1237/1603/634 2706/1604/635 1266/1602/633
f 220/1534/586 1243/1555/605 2706/1604/635
f 1266/1602/633 2706/1604/635 1243/1555/605
f 1267/1605/636 2707/1607/638 1208/1606/637
f 1212/1538/590 2707/1607/638 1267/1605/636
f 220/1534/586 1208/1606/637 2707/1607/638
f 1268/1507/559 2708/1697/715 1267/1605/636
f 1269/1608/639 2708/1697/715 1268/1507/559
f 1267/1605/636 2708/1697/715 1269/1608/639
f 1235/1609/640 2709/1610/641 1269/1608/639
f 219/1527/579 1242/1565/611 2709/1610/641
f 1269/1608/639 2709/1610/641 1242/1565/611
f 1270/1611/642 2710/1613/644 1206/1612/643
f 1211/1531/729 2710/1613/644 1270/1611/642
f 219/1527/579 1206/1612/643 2710/1613/644
f 1271/1503/555 2711/1698/716 1270/1611/642
f 1272/1614/645 2711/1698/716 1271/1503/555
f 1270/1611/642 2711/1698/716 1272/1614/645
f 1233/1615/646 2712/1616/647 1272/1614/645
f 218/1576/572 1241/1575/617 2712/1616/647
f 1272/1614/645 2712/1616/647 1241/1575/617
f 1273/1617/648 2713/1619/650 1204/1618/649
f 1210/1524/576 2713/1619/650 1273/1617/648
f 218/1520/572 1204/1618/649 2713/1619/650
f 1274/1499/551 2714/1699/717 1273/1617/648
f 1275/1620/651 2714/1699/717 1274/1499/551
f 1273/1617/648 2714/1699/717 1275/1620/651
f 1231/1621/652 2715/1622/653 1275/1620/651
f 217/1513/565 1240/1586/623 2715/1622/653
f 1275/1620/651 2715/1622/653 1240/1586/623
f 1276/1623/654 2716/1625/656 1202/1624/655
f 1209/1517/569 2716/1625/656 1276/1623/654
f 217/1513/565 1202/1624/655 2716/1625/656
f 1277/1495/547 2717/1700/718 1276/1623/654
f 1278/1626/657 2717/1700/718 1277/1495/547
f 1276/1623/654 2717/1700/718 1278/1626/657
f 1229/1627/658 2718/1628/659 1278/1626/657
f 221/1541/593 1239/1596/628 2718/1628/659
f 1278/1626/657 2718/1628/659 1239/1596/628
f 1279/1629/660 2719/1630/661 1237/1603/634
f 1208/1606/637 2719/1630/661 1279/1629/660
f 220/1534/586 1237/1603/634 2719/1630/661
f 1280/1489/541 2720/1701/719 1279/1629/660
f 1281/1631/662 2720/1701/719 1280/1489/541
f 1279/1629/660 2720/1701/719 1281/1631/662
f 1228/1632/663 2721/1633/664 1281/1631/662
f 215/1479/531 1238/1506/558 2721/1633/664
f 1281/1631/662 2721/1633/664 1238/1506/558
f 1282/1634/665 2722/1635/666 1235/1609/640
f 1206/1612/643 2722/1635/666 1282/1634/665
f 219/1527/579 1235/1609/640 2722/1635/666
f 1283/1482/534 2723/1702/720 1282/1634/665
f 1284/1636/667 2723/1702/720 1283/1482/534
f 1282/1634/665 2723/1702/720 1284/1636/667
f 1227/1637/668 2724/1638/669 1284/1636/667
f 214/1472/524 1236/1502/554 2724/1638/669
f 1284/1636/667 2724/1638/669 1236/1502/554
f 1285/1639/670 2725/1642/671 1233/1615/646
f 1204/1640/649 2725/1642/671 1285/1639/670
f 218/1576/572 1233/1615/646 2725/1642/671
f 1286/1475/527 2726/1703/721 1285/1639/670
f 1287/1643/672 2726/1703/721 1286/1475/527
f 1285/1639/670 2726/1703/721 1287/1643/672
f 1225/1644/673 2727/1646/674 1287/1643/672
f 213/1645/517 1234/1647/550 2727/1646/674
f 1287/1643/672 2727/1646/674 1234/1647/550
f 1288/1648/675 2728/1649/676 1231/1621/652
f 1202/1624/655 2728/1649/676 1288/1648/675
f 217/1513/565 1231/1621/652 2728/1649/676
f 1289/1468/520 2729/1704/722 1288/1648/675
f 1290/1650/677 2729/1704/722 1289/1468/520
f 1288/1648/675 2729/1704/722 1290/1650/677
f 1221/1651/678 2730/1652/679 1290/1650/677
f 212/1433/495 1232/1494/546 2730/1652/679
f 1290/1650/677 2730/1652/679 1232/1494/546
f 1291/1653/680 2731/1654/681 1229/1627/658
f 1200/1600/631 2731/1654/681 1291/1653/680
f 221/1541/593 1229/1627/658 2731/1654/681
f 1292/1463/515 2732/1705/723 1291/1653/680
f 1293/1655/682 2732/1705/723 1292/1463/515
f 1291/1653/680 2732/1705/723 1293/1655/682
f 1222/1656/683 2733/1657/684 1293/1655/682
f 216/1486/538 1230/1510/562 2733/1657/684
f 1293/1655/682 2733/1657/684 1230/1510/562
f 1294/1658/685 2734/1660/687 1193/1659/686
f 1198/1490/542 2734/1660/687 1294/1658/685
f 216/1486/538 1193/1659/686 2734/1660/687
f 1295/1457/511 2735/1706/724 1294/1658/685
f 1296/1661/688 2735/1706/724 1295/1457/511
f 1294/1658/685 2735/1706/724 1296/1661/688
f 1226/1662/689 2736/1663/690 1296/1661/688
f 215/1479/531 1228/1632/663 2736/1663/690
f 1296/1661/688 2736/1663/690 1228/1632/663
f 1297/1664/691 2737/1666/692 1226/1665/689
f 1197/1483/535 2737/1666/692 1297/1664/691
f 215/1479/531 1226/1665/689 2737/1666/692
f 1298/1450/507 2738/1707/725 1297/1664/691
f 1299/1667/693 2738/1707/725 1298/1450/507
f 1297/1664/691 2738/1707/725 1299/1667/693
f 1224/1668/694 2739/1669/695 1299/1667/693
f 214/1472/524 1227/1637/668 2739/1669/695
f 1299/1667/693 2739/1669/695 1227/1637/668
f 1300/1670/696 2740/1672/697 1224/1671/694
f 1195/1476/528 2740/1672/697 1300/1670/696
f 214/1472/524 1224/1671/694 2740/1672/697
f 1301/1443/503 2741/1708/726 1300/1670/696
f 1302/1673/698 2741/1708/726 1301/1443/503
f 1300/1670/696 2741/1708/726 1302/1673/698
f 1219/1674/699 2742/1675/700 1302/1673/698
f 213/1645/517 1225/1644/673 2742/1675/700
f 1302/1673/698 2742/1675/700 1225/1644/673
f 1303/1676/701 2743/1679/702 1222/1656/683
f 1193/1677/686 2743/1679/702 1303/1676/701
f 216/1486/538 1222/1656/683 2743/1679/702
f 1304/1436/498 2744/1709/727 1303/1676/701
f 1305/1680/703 2744/1709/727 1304/1436/498
f 1303/1676/701 2744/1709/727 1305/1680/703
f 1220/1681/492 2745/1683/704 1305/1680/703
f 211/1682/1 1223/1684/510 2745/1683/704
f 1305/1680/703 2745/1683/704 1223/1684/510
f 1306/1685/705 2746/1687/706 1219/1686/699
f 1191/1469/521 2746/1687/706 1306/1685/705
f 213/1465/517 1219/1686/699 2746/1687/706
f 1307/1429/491 2747/1710/728 1306/1685/705
f 1308/1688/707 2747/1710/728 1307/1429/491
f 1306/1685/705 2747/1710/728 1308/1688/707
f 1190/1689/499 2748/1690/708 1308/1688/707
f 212/1433/495 1221/1651/678 2748/1690/708
f 1308/1688/707 2748/1690/708 1221/1651/678
usemtl Material.008
f 253/1711/1 2749/1712/730 1309/1713/731
f 1427/1714/732 1340/1715/733 266/1716/734
f 1309/1713/731 1427/1714/732 265/1717/735
f 254/1718/736 2750/1719/737 1312/1720/738
f 1424/1721/739 1310/1722/740 266/1723/734
f 1312/1720/738 1424/1721/739 268/1724/741
f 253/1725/1 2751/1726/742 1314/1727/743
f 1421/1728/744 1309/1729/731 265/1730/735
f 1314/1727/743 1421/1728/744 270/1731/745
f 253/1732/1 2752/1733/746 1316/1734/747
f 1418/1735/748 1314/1736/743 270/1737/745
f 1316/1734/747 1418/1735/748 272/1738/749
f 253/1739/1 2753/1740/750 1343/1741/751
f 1415/1742/752 1316/1743/747 272/1744/749
f 1343/1741/751 1415/1742/752 269/1745/753
f 254/1718/736 2754/1746/754 1319/1747/755
f 1412/1748/756 1312/1720/738 268/1724/741
f 1319/1747/755 1412/1748/756 275/1749/757
f 255/1750/758 2755/1751/759 1321/1752/760
f 1409/1753/761 1311/1754/762 267/1755/763
f 1321/1752/760 1409/1753/761 277/1756/764
f 256/1757/765 2756/1758/766 1323/1759/767
f 1406/1760/768 1315/1761/769 271/1762/770
f 1323/1759/767 1406/1760/768 279/1763/771
f 257/1764/772 2757/1765/773 1325/1766/774
f 1403/1767/775 1317/1768/776 273/1769/777
f 1325/1766/774 1403/1767/775 281/1770/778
f 258/1771/779 2758/1772/780 1327/1773/781
f 1400/1774/782 1318/1775/783 274/1776/784
f 1327/1773/781 1400/1774/782 283/1777/785
f 254/1718/736 2759/1778/786 1352/1779/787
f 1397/1780/788 1319/1747/755 275/1749/757
f 1352/1779/787 1397/1780/788 278/1781/789
f 255/1750/758 2760/1782/790 1354/1783/791
f 1394/1784/792 1321/1752/760 277/1756/764
f 1354/1783/791 1394/1784/792 280/1785/793
f 256/1757/765 2761/1786/794 1356/1787/795
f 1391/1788/796 1323/1759/767 279/1763/771
f 1356/1787/795 1391/1788/796 282/1789/797
f 257/1764/772 2762/1790/798 1358/1791/799
f 1388/1792/800 1325/1766/774 281/1770/778
f 1358/1791/799 1388/1792/800 284/1793/801
f 258/1771/779 2763/1794/802 1350/1795/803
f 1385/1796/804 1327/1773/781 283/1777/785
f 1350/1795/803 1385/1796/804 276/1797/805
f 259/1798/806 2764/1799/807 1334/1800/808
f 1382/1801/809 1329/1802/810 285/1803/811
f 1334/1800/808 1382/1801/809 290/1804/812
f 260/1805/813 2765/1806/814 1336/1807/815
f 1379/1808/816 1330/1809/817 286/1810/818
f 1336/1807/815 1379/1808/816 292/1811/819
f 261/1812/820 2766/1813/821 1337/1814/822
f 1376/1815/823 1331/1816/824 287/1817/825
f 1337/1814/822 1376/1815/823 293/1818/826
f 262/1819/827 2767/1820/828 1338/1821/829
f 1373/1822/830 1332/1823/831 288/1824/832
f 1338/1821/829 1373/1822/830 294/1825/833
f 263/1826/834 2768/1827/835 1365/1828/836
f 1370/1829/837 1333/1830/838 289/1831/839
f 1365/1828/836 1370/1829/837 291/1832/840
f 1369/1833/841 1335/1834/842 291/1832/840
f 1368/1835/843 1369/1833/841 294/1836/833
f 264/1837/116 2769/1838/844 1368/1835/843
f 1370/1829/837 1369/1833/841 291/1832/840
f 1371/1839/845 1370/1829/837 289/1831/839
f 1369/1833/841 1371/1839/845 294/1836/833
f 1363/1840/846 1371/1839/845 289/1831/839
f 262/1819/827 2771/1841/847 1363/1840/846
f 1371/1839/845 1338/1842/829 294/1836/833
f 1372/1843/848 1368/1844/843 294/1825/833
f 1367/1845/849 1372/1843/848 293/1846/826
f 264/1847/116 2772/1848/850 1367/1845/849
f 1373/1822/830 1372/1843/848 294/1825/833
f 1374/1849/851 1373/1822/830 288/1824/832
f 1372/1843/848 1374/1849/851 293/1846/826
f 1362/1850/852 1374/1849/851 288/1824/832
f 261/1812/820 2774/1851/853 1362/1850/852
f 1374/1849/851 1337/1852/822 293/1846/826
f 1375/1853/854 1367/1854/849 293/1818/826
f 1366/1855/855 1375/1853/854 292/1856/819
f 264/1857/116 2775/1858/856 1366/1855/855
f 1376/1815/823 1375/1853/854 293/1818/826
f 1377/1859/857 1376/1815/823 287/1817/825
f 1375/1853/854 1377/1859/857 292/1856/819
f 1361/1860/858 1377/1859/857 287/1817/825
f 260/1861/813 2777/1862/859 1361/1860/858
f 1377/1859/857 1336/1863/815 292/1856/819
f 1378/1864/860 1366/1865/855 292/1811/819
f 1364/1866/861 1378/1864/860 290/1867/812
f 264/1868/116 2778/1869/862 1364/1866/861
f 1379/1808/816 1378/1864/860 292/1811/819
f 1380/1870/863 1379/1808/816 286/1810/818
f 1378/1864/860 1380/1870/863 290/1867/812
f 1360/1871/864 1380/1870/863 286/1810/818
f 259/1798/806 2780/1872/865 1360/1871/864
f 1380/1870/863 1334/1873/808 290/1867/812
f 1381/1874/866 1364/1875/861 290/1804/812
f 1335/1876/842 1381/1874/866 291/1877/840
f 264/1878/116 2781/1879/867 1335/1876/842
f 1382/1801/809 1381/1874/866 290/1804/812
f 1383/1880/868 1382/1801/809 285/1803/811
f 1381/1874/866 1383/1880/868 291/1877/840
f 1359/1881/869 1383/1880/868 285/1803/811
f 263/1826/834 2783/1882/870 1359/1881/869
f 1383/1880/868 1365/1883/836 291/1877/840
f 1384/1884/871 1320/1885/872 276/1797/805
f 1333/1830/838 1384/1884/871 289/1831/839
f 263/1826/834 2784/1886/873 1333/1830/838
f 1385/1796/804 1384/1884/871 276/1797/805
f 1386/1887/874 1385/1796/804 283/1777/785
f 1384/1884/871 1386/1887/874 289/1831/839
f 1357/1888/875 1386/1887/874 283/1777/785
f 262/1819/827 2786/1889/876 1357/1888/875
f 1386/1887/874 1363/1840/846 289/1831/839
f 1387/1890/877 1328/1891/878 284/1793/801
f 1332/1823/831 1387/1890/877 288/1824/832
f 262/1819/827 2787/1892/879 1332/1823/831
f 1388/1792/800 1387/1890/877 284/1793/801
f 1389/1893/880 1388/1792/800 281/1770/778
f 1387/1890/877 1389/1893/880 288/1824/832
f 1355/1894/881 1389/1893/880 281/1770/778
f 261/1812/820 2789/1895/882 1355/1894/881
f 1389/1893/880 1362/1850/852 288/1824/832
f 1390/1896/883 1326/1897/884 282/1789/797
f 1331/1816/824 1390/1896/883 287/1817/825
f 261/1812/820 2790/1898/885 1331/1816/824
f 1391/1788/796 1390/1896/883 282/1789/797
f 1392/1899/886 1391/1788/796 279/1763/771
f 1390/1896/883 1392/1899/886 287/1817/825
f 1353/1900/887 1392/1899/886 279/1763/771
f 260/1861/813 2792/1901/888 1353/1900/887
f 1392/1899/886 1361/1860/858 287/1817/825
f 1393/1902/889 1324/1903/890 280/1785/793
f 1330/1809/817 1393/1902/889 286/1810/818
f 260/1805/813 2793/1904/891 1330/1809/817
f 1394/1784/792 1393/1902/889 280/1785/793
f 1395/1905/892 1394/1784/792 277/1756/764
f 1393/1902/889 1395/1905/892 286/1810/818
f 1351/1906/893 1395/1905/892 277/1756/764
f 259/1798/806 2795/1907/894 1351/1906/893
f 1395/1905/892 1360/1871/864 286/1810/818
f 1396/1908/895 1322/1909/896 278/1781/789
f 1329/1802/810 1396/1908/895 285/1803/811
f 259/1798/806 2796/1910/897 1329/1802/810
f 1397/1780/788 1396/1908/895 278/1781/789
f 1398/1911/898 1397/1780/788 275/1749/757
f 1396/1908/895 1398/1911/898 285/1803/811
f 1349/1912/899 1398/1911/898 275/1749/757
f 263/1826/834 2798/1913/900 1349/1912/899
f 1398/1911/898 1359/1881/869 285/1803/811
f 1399/1914/901 1357/1888/875 283/1777/785
f 1328/1891/878 1399/1914/901 284/1793/801
f 262/1819/827 2799/1915/902 1328/1891/878
f 1400/1774/782 1399/1914/901 283/1777/785
f 1401/1916/903 1400/1774/782 274/1776/784
f 1399/1914/901 1401/1916/903 284/1793/801
f 1348/1917/904 1401/1916/903 274/1776/784
f 257/1764/772 2801/1918/905 1348/1917/904
f 1401/1916/903 1358/1791/799 284/1793/801
f 1402/1919/906 1355/1894/881 281/1770/778
f 1326/1897/884 1402/1919/906 282/1789/797
f 261/1812/820 2802/1920/907 1326/1897/884
f 1403/1767/775 1402/1919/906 281/1770/778
f 1404/1921/908 1403/1767/775 273/1769/777
f 1402/1919/906 1404/1921/908 282/1789/797
f 1347/1922/909 1404/1921/908 273/1769/777
f 256/1757/765 2804/1923/910 1347/1922/909
f 1404/1921/908 1356/1787/795 282/1789/797
f 1405/1924/911 1353/1900/887 279/1763/771
f 1324/1925/890 1405/1924/911 280/1926/793
f 260/1861/813 2805/1927/912 1324/1925/890
f 1406/1760/768 1405/1924/911 279/1763/771
f 1407/1928/913 1406/1760/768 271/1762/770
f 1405/1924/911 1407/1928/913 280/1926/793
f 1345/1929/914 1407/1928/913 271/1762/770
f 255/1930/758 2807/1931/915 1345/1929/914
f 1407/1928/913 1354/1932/791 280/1926/793
f 1408/1933/916 1351/1906/893 277/1756/764
f 1322/1909/896 1408/1933/916 278/1781/789
f 259/1798/806 2808/1934/917 1322/1909/896
f 1409/1753/761 1408/1933/916 277/1756/764
f 1410/1935/918 1409/1753/761 267/1755/763
f 1408/1933/916 1410/1935/918 278/1781/789
f 1341/1936/919 1410/1935/918 267/1755/763
f 254/1718/736 2810/1937/920 1341/1936/919
f 1410/1935/918 1352/1779/787 278/1781/789
f 1411/1938/921 1349/1912/899 275/1749/757
f 1320/1885/872 1411/1938/921 276/1797/805
f 263/1826/834 2811/1939/922 1320/1885/872
f 1412/1748/756 1411/1938/921 275/1749/757
f 1413/1940/923 1412/1748/756 268/1724/741
f 1411/1938/921 1413/1940/923 276/1797/805
f 1342/1941/924 1413/1940/923 268/1724/741
f 258/1771/779 2813/1942/925 1342/1941/924
f 1413/1940/923 1350/1795/803 276/1797/805
f 1414/1943/926 1313/1944/927 269/1745/753
f 1318/1775/783 1414/1943/926 274/1776/784
f 258/1771/779 2814/1945/928 1318/1775/783
f 1415/1742/752 1414/1943/926 269/1745/753
f 1416/1946/929 1415/1742/752 272/1744/749
f 1414/1943/926 1416/1946/929 274/1776/784
f 1346/1947/930 1416/1946/929 272/1744/749
f 257/1764/772 2816/1948/931 1346/1947/930
f 1416/1946/929 1348/1917/904 274/1776/784
f 1417/1949/932 1346/1950/930 272/1738/749
f 1317/1768/776 1417/1949/932 273/1769/777
f 257/1764/772 2817/1951/933 1317/1768/776
f 1418/1735/748 1417/1949/932 272/1738/749
f 1419/1952/934 1418/1735/748 270/1737/745
f 1417/1949/932 1419/1952/934 273/1769/777
f 1344/1953/935 1419/1952/934 270/1737/745
f 256/1757/765 2819/1954/936 1344/1953/935
f 1419/1952/934 1347/1922/909 273/1769/777
f 1420/1955/937 1344/1956/935 270/1731/745
f 1315/1761/769 1420/1955/937 271/1762/770
f 256/1757/765 2820/1957/938 1315/1761/769
f 1421/1728/744 1420/1955/937 270/1731/745
f 1422/1958/939 1421/1728/744 265/1730/735
f 1420/1955/937 1422/1958/939 271/1762/770
f 1339/1959/940 1422/1958/939 265/1730/735
f 255/1930/758 2822/1960/941 1339/1959/940
f 1422/1958/939 1345/1929/914 271/1762/770
f 1423/1961/942 1342/1941/924 268/1724/741
f 1313/1962/927 1423/1961/942 269/1963/753
f 258/1771/779 2823/1964/943 1313/1962/927
f 1424/1721/739 1423/1961/942 268/1724/741
f 1425/1965/944 1424/1721/739 266/1723/734
f 1423/1961/942 1425/1965/944 269/1963/753
f 1340/1966/733 1425/1965/944 266/1723/734
f 253/1967/1 2825/1968/945 1340/1966/733
f 1425/1965/944 1343/1969/751 269/1963/753
f 1426/1970/946 1339/1971/940 265/1717/735
f 1311/1754/762 1426/1970/946 267/1755/763
f 255/1750/758 2826/1972/947 1311/1754/762
f 1427/1714/732 1426/1970/946 265/1717/735
f 1428/1973/948 1427/1714/732 266/1716/734
f 1426/1970/946 1428/1973/948 267/1755/763
f 1310/1974/740 1428/1973/948 266/1716/734
f 254/1718/736 2828/1975/949 1310/1974/740
f 1428/1973/948 1341/1936/919 267/1755/763
f 253/1711/1 1340/1715/733 2749/1712/730
f 1427/1714/732 2749/1712/730 1340/1715/733
f 1309/1713/731 2749/1712/730 1427/1714/732
f 254/1718/736 1310/1722/740 2750/1719/737
f 1424/1721/739 2750/1719/737 1310/1722/740
f 1312/1720/738 2750/1719/737 1424/1721/739
f 253/1725/1 1309/1729/731 2751/1726/742
f 1421/1728/744 2751/1726/742 1309/1729/731
f 1314/1727/743 2751/1726/742 1421/1728/744
f 253/1732/1 1314/1736/743 2752/1733/746
f 1418/1735/748 2752/1733/746 1314/1736/743
f 1316/1734/747 2752/1733/746 1418/1735/748
f 253/1739/1 1316/1743/747 2753/1740/750
f 1415/1742/752 2753/1740/750 1316/1743/747
f 1343/1741/751 2753/1740/750 1415/1742/752
f 254/1718/736 1312/1720/738 2754/1746/754
f 1412/1748/756 2754/1746/754 1312/1720/738
f 1319/1747/755 2754/1746/754 1412/1748/756
f 255/1750/758 1311/1754/762 2755/1751/759
f 1409/1753/761 2755/1751/759 1311/1754/762
f 1321/1752/760 2755/1751/759 1409/1753/761
f 256/1757/765 1315/1761/769 2756/1758/766
f 1406/1760/768 2756/1758/766 1315/1761/769
f 1323/1759/767 2756/1758/766 1406/1760/768
f 257/1764/772 1317/1768/776 2757/1765/773
f 1403/1767/775 2757/1765/773 1317/1768/776
f 1325/1766/774 2757/1765/773 1403/1767/775
f 258/1771/779 1318/1775/783 2758/1772/780
f 1400/1774/782 2758/1772/780 1318/1775/783
f 1327/1773/781 2758/1772/780 1400/1774/782
f 254/1718/736 1319/1747/755 2759/1778/786
f 1397/1780/788 2759/1778/786 1319/1747/755
f 1352/1779/787 2759/1778/786 1397/1780/788
f 255/1750/758 1321/1752/760 2760/1782/790
f 1394/1784/792 2760/1782/790 1321/1752/760
f 1354/1783/791 2760/1782/790 1394/1784/792
f 256/1757/765 1323/1759/767 2761/1786/794
f 1391/1788/796 2761/1786/794 1323/1759/767
f 1356/1787/795 2761/1786/794 1391/1788/796
f 257/1764/772 1325/1766/774 2762/1790/798
f 1388/1792/800 2762/1790/798 1325/1766/774
f 1358/1791/799 2762/1790/798 1388/1792/800
f 258/1771/779 1327/1773/781 2763/1794/802
f 1385/1796/804 2763/1794/802 1327/1773/781
f 1350/1795/803 2763/1794/802 1385/1796/804
f 259/1798/806 1329/1802/810 2764/1799/807
f 1382/1801/809 2764/1799/807 1329/1802/810
f 1334/1800/808 2764/1799/807 1382/1801/809
f 260/1805/813 1330/1809/817 2765/1806/814
f 1379/1808/816 2765/1806/814 1330/1809/817
f 1336/1807/815 2765/1806/814 1379/1808/816
f 261/1812/820 1331/1816/824 2766/1813/821
f 1376/1815/823 2766/1813/821 1331/1816/824
f 1337/1814/822 2766/1813/821 1376/1815/823
f 262/1819/827 1332/1823/831 2767/1820/828
f 1373/1822/830 2767/1820/828 1332/1823/831
f 1338/1821/829 2767/1820/828 1373/1822/830
f 263/1826/834 1333/1830/838 2768/1827/835
f 1370/1829/837 2768/1827/835 1333/1830/838
f 1365/1828/836 2768/1827/835 1370/1829/837
f 1369/1833/841 2769/1838/844 1335/1834/842
f 1368/1835/843 2769/1838/844 1369/1833/841
f 264/1837/116 1335/1834/842 2769/1838/844
f 1370/1829/837 2770/1976/950 1369/1833/841
f 1371/1839/845 2770/1976/950 1370/1829/837
f 1369/1833/841 2770/1976/950 1371/1839/845
f 1363/1840/846 2771/1841/847 1371/1839/845
f 262/1819/827 1338/1842/829 2771/1841/847
f 1371/1839/845 2771/1841/847 1338/1842/829
f 1372/1843/848 2772/1848/850 1368/1844/843
f 1367/1845/849 2772/1848/850 1372/1843/848
f 264/1847/116 1368/1844/843 2772/1848/850
f 1373/1822/830 2773/1977/951 1372/1843/848
f 1374/1849/851 2773/1977/951 1373/1822/830
f 1372/1843/848 2773/1977/951 1374/1849/851
f 1362/1850/852 2774/1851/853 1374/1849/851
f 261/1812/820 1337/1852/822 2774/1851/853
f 1374/1849/851 2774/1851/853 1337/1852/822
f 1375/1853/854 2775/1858/856 1367/1854/849
f 1366/1855/855 2775/1858/856 1375/1853/854
f 264/1857/116 1367/1854/849 2775/1858/856
f 1376/1815/823 2776/1978/952 1375/1853/854
f 1377/1859/857 2776/1978/952 1376/1815/823
f 1375/1853/854 2776/1978/952 1377/1859/857
f 1361/1860/858 2777/1862/859 1377/1859/857
f 260/1861/813 1336/1863/815 2777/1862/859
f 1377/1859/857 2777/1862/859 1336/1863/815
f 1378/1864/860 2778/1869/862 1366/1865/855
f 1364/1866/861 2778/1869/862 1378/1864/860
f 264/1868/116 1366/1865/855 2778/1869/862
f 1379/1808/816 2779/1979/953 1378/1864/860
f 1380/1870/863 2779/1979/953 1379/1808/816
f 1378/1864/860 2779/1979/953 1380/1870/863
f 1360/1871/864 2780/1872/865 1380/1870/863
f 259/1798/806 1334/1873/808 2780/1872/865
f 1380/1870/863 2780/1872/865 1334/1873/808
f 1381/1874/866 2781/1879/867 1364/1875/861
f 1335/1876/842 2781/1879/867 1381/1874/866
f 264/1878/116 1364/1875/861 2781/1879/867
f 1382/1801/809 2782/1980/954 1381/1874/866
f 1383/1880/868 2782/1980/954 1382/1801/809
f 1381/1874/866 2782/1980/954 1383/1880/868
f 1359/1881/869 2783/1882/870 1383/1880/868
f 263/1826/834 1365/1883/836 2783/1882/870
f 1383/1880/868 2783/1882/870 1365/1883/836
f 1384/1884/871 2784/1886/873 1320/1885/872
f 1333/1830/838 2784/1886/873 1384/1884/871
f 263/1826/834 1320/1885/872 2784/1886/873
f 1385/1796/804 2785/1981/955 1384/1884/871
f 1386/1887/874 2785/1981/955 1385/1796/804
f 1384/1884/871 2785/1981/955 1386/1887/874
f 1357/1888/875 2786/1889/876 1386/1887/874
f 262/1819/827 1363/1840/846 2786/1889/876
f 1386/1887/874 2786/1889/876 1363/1840/846
f 1387/1890/877 2787/1892/879 1328/1891/878
f 1332/1823/831 2787/1892/879 1387/1890/877
f 262/1819/827 1328/1891/878 2787/1892/879
f 1388/1792/800 2788/1982/956 1387/1890/877
f 1389/1893/880 2788/1982/956 1388/1792/800
f 1387/1890/877 2788/1982/956 1389/1893/880
f 1355/1894/881 2789/1895/882 1389/1893/880
f 261/1812/820 1362/1850/852 2789/1895/882
f 1389/1893/880 2789/1895/882 1362/1850/852
f 1390/1896/883 2790/1898/885 1326/1897/884
f 1331/1816/824 2790/1898/885 1390/1896/883
f 261/1812/820 1326/1897/884 2790/1898/885
f 1391/1788/796 2791/1983/957 1390/1896/883
f 1392/1899/886 2791/1983/957 1391/1788/796
f 1390/1896/883 2791/1983/957 1392/1899/886
f 1353/1900/887 2792/1901/888 1392/1899/886
f 260/1861/813 1361/1860/858 2792/1901/888
f 1392/1899/886 2792/1901/888 1361/1860/858
f 1393/1902/889 2793/1904/891 1324/1903/890
f 1330/1809/817 2793/1904/891 1393/1902/889
f 260/1805/813 1324/1903/890 2793/1904/891
f 1394/1784/792 2794/1984/958 1393/1902/889
f 1395/1905/892 2794/1984/958 1394/1784/792
f 1393/1902/889 2794/1984/958 1395/1905/892
f 1351/1906/893 2795/1907/894 1395/1905/892
f 259/1798/806 1360/1871/864 2795/1907/894
f 1395/1905/892 2795/1907/894 1360/1871/864
f 1396/1908/895 2796/1910/897 1322/1909/896
f 1329/1802/810 2796/1910/897 1396/1908/895
f 259/1798/806 1322/1909/896 2796/1910/897
f 1397/1780/788 2797/1985/959 1396/1908/895
f 1398/1911/898 2797/1985/959 1397/1780/788
f 1396/1908/895 2797/1985/959 1398/1911/898
f 1349/1912/899 2798/1913/900 1398/1911/898
f 263/1826/834 1359/1881/869 2798/1913/900
f 1398/1911/898 2798/1913/900 1359/1881/869
f 1399/1914/901 2799/1915/902 1357/1888/875
f 1328/1891/878 2799/1915/902 1399/1914/901
f 262/1819/827 1357/1888/875 2799/1915/902
f 1400/1774/782 2800/1986/960 1399/1914/901
f 1401/1916/903 2800/1986/960 1400/1774/782
f 1399/1914/901 2800/1986/960 1401/1916/903
f 1348/1917/904 2801/1918/905 1401/1916/903
f 257/1764/772 1358/1791/799 2801/1918/905
f 1401/1916/903 2801/1918/905 1358/1791/799
f 1402/1919/906 2802/1920/907 1355/1894/881
f 1326/1897/884 2802/1920/907 1402/1919/906
f 261/1812/820 1355/1894/881 2802/1920/907
f 1403/1767/775 2803/1987/961 1402/1919/906
f 1404/1921/908 2803/1987/961 1403/1767/775
f 1402/1919/906 2803/1987/961 1404/1921/908
f 1347/1922/909 2804/1923/910 1404/1921/908
f 256/1757/765 1356/1787/795 2804/1923/910
f 1404/1921/908 2804/1923/910 1356/1787/795
f 1405/1924/911 2805/1927/912 1353/1900/887
f 1324/1925/890 2805/1927/912 1405/1924/911
f 260/1861/813 1353/1900/887 2805/1927/912
f 1406/1760/768 2806/1988/962 1405/1924/911
f 1407/1928/913 2806/1988/962 1406/1760/768
f 1405/1924/911 2806/1988/962 1407/1928/913
f 1345/1929/914 2807/1931/915 1407/1928/913
f 255/1930/758 1354/1932/791 2807/1931/915
f 1407/1928/913 2807/1931/915 1354/1932/791
f 1408/1933/916 2808/1934/917 1351/1906/893
f 1322/1909/896 2808/1934/917 1408/1933/916
f 259/1798/806 1351/1906/893 2808/1934/917
f 1409/1753/761 2809/1989/963 1408/1933/916
f 1410/1935/918 2809/1989/963 1409/1753/761
f 1408/1933/916 2809/1989/963 1410/1935/918
f 1341/1936/919 2810/1937/920 1410/1935/918
f 254/1718/736 1352/1779/787 2810/1937/920
f 1410/1935/918 2810/1937/920 1352/1779/787
f 1411/1938/921 2811/1939/922 1349/1912/899
f 1320/1885/872 2811/1939/922 1411/1938/921
f 263/1826/834 1349/1912/899 2811/1939/922
f 1412/1748/756 2812/1990/964 1411/1938/921
f 1413/1940/923 2812/1990/964 1412/1748/756
f 1411/1938/921 2812/1990/964 1413/1940/923
f 1342/1941/924 2813/1942/925 1413/1940/923
f 258/1771/779 1350/1795/803 2813/1942/925
f 1413/1940/923 2813/1942/925 1350/1795/803
f 1414/1943/926 2814/1945/928 1313/1944/927
f 1318/1775/783 2814/1945/928 1414/1943/926
f 258/1771/779 1313/1944/927 2814/1945/928
f 1415/1742/752 2815/1991/965 1414/1943/926
f 1416/1946/929 2815/1991/965 1415/1742/752
f 1414/1943/926 2815/1991/965 1416/1946/929
f 1346/1947/930 2816/1948/931 1416/1946/929
f 257/1764/772 1348/1917/904 2816/1948/931
f 1416/1946/929 2816/1948/931 1348/1917/904
f 1417/1949/932 2817/1951/933 1346/1950/930
f 1317/1768/776 2817/1951/933 1417/1949/932
f 257/1764/772 1346/1950/930 2817/1951/933
f 1418/1735/748 2818/1992/966 1417/1949/932
f 1419/1952/934 2818/1992/966 1418/1735/748
f 1417/1949/932 2818/1992/966 1419/1952/934
f 1344/1953/935 2819/1954/936 1419/1952/934
f 256/1757/765 1347/1922/909 2819/1954/936
f 1419/1952/934 2819/1954/936 1347/1922/909
f 1420/1955/937 2820/1957/938 1344/1956/935
f 1315/1761/769 2820/1957/938 1420/1955/937
f 256/1757/765 1344/1956/935 2820/1957/938
f 1421/1728/744 2821/1993/967 1420/1955/937
f 1422/1958/939 2821/1993/967 1421/1728/744
f 1420/1955/937 2821/1993/967 1422/1958/939
f 1339/1959/940 2822/1960/941 1422/1958/939
f 255/1930/758 1345/1929/914 2822/1960/941
f 1422/1958/939 2822/1960/941 1345/1929/914
f 1423/1961/942 2823/1964/943 1342/1941/924
f 1313/1962/927 2823/1964/943 1423/1961/942
f 258/1771/779 1342/1941/924 2823/1964/943
f 1424/1721/739 2824/1994/968 1423/1961/942
f 1425/1965/944 2824/1994/968 1424/1721/739
f 1423/1961/942 2824/1994/968 1425/1965/944
f 1340/1966/733 2825/1968/945 1425/1965/944
f 253/1967/1 1343/1969/751 2825/1968/945
f 1425/1965/944 2825/1968/945 1343/1969/751
f 1426/1970/946 2826/1972/947 1339/1971/940
f 1311/1754/762 2826/1972/947 1426/1970/946
f 255/1750/758 1339/1971/940 2826/1972/947
f 1427/1714/732 2827/1995/969 1426/1970/946
f 1428/1973/948 2827/1995/969 1427/1714/732
f 1426/1970/946 2827/1995/969 1428/1973/948
f 1310/1974/740 2828/1975/949 1428/1973/948
f 254/1718/736 1341/1936/919 2828/1975/949
f 1428/1973/948 2828/1975/949 1341/1936/919
usemtl Material.009
f 295/1996/1 2829/1997/730 1429/1998/731
f 1547/1999/732 1460/2000/733 308/2001/734
f 1429/1998/731 1547/1999/732 307/2002/735
f 296/2003/736 2830/2004/737 1432/2005/738
f 1544/2006/739 1430/2007/740 308/2008/734
f 1432/2005/738 1544/2006/739 310/2009/741
f 295/2010/1 2831/2011/742 1434/2012/743
f 1541/2013/744 1429/2014/731 307/2015/735
f 1434/2012/743 1541/2013/744 312/2016/745
f 295/2017/1 2832/2018/746 1436/2019/747
f 1538/2020/748 1434/2021/743 312/2022/745
f 1436/2019/747 1538/2020/748 314/2023/749
f 295/2024/1 2833/2025/750 1463/2026/751
f 1535/2027/752 1436/2028/747 314/2029/749
f 1463/2026/751 1535/2027/752 311/2030/753
f 296/2003/736 2834/2031/754 1439/2032/755
f 1532/2033/756 1432/2005/738 310/2009/741
f 1439/2032/755 1532/2033/756 317/2034/757
f 297/2035/758 2835/2036/759 1441/2037/760
f 1529/2038/761 1431/2039/762 309/2040/763
f 1441/2037/760 1529/2038/761 319/2041/764
f 298/2042/765 2836/2043/766 1443/2044/767
f 1526/2045/768 1435/2046/769 313/2047/770
f 1443/2044/767 1526/2045/768 321/2048/771
f 299/2049/772 2837/2050/773 1445/2051/774
f 1523/2052/775 1437/2053/776 315/2054/777
f 1445/2051/774 1523/2052/775 323/2055/778
f 300/2056/779 2838/2057/780 1447/2058/781
f 1520/2059/782 1438/2060/783 316/2061/784
f 1447/2058/781 1520/2059/782 325/2062/785
f 296/2003/736 2839/2063/786 1472/2064/787
f 1517/2065/788 1439/2032/755 317/2034/757
f 1472/2064/787 1517/2065/788 320/2066/789
f 297/2035/758 2840/2067/790 1474/2068/791
f 1514/2069/792 1441/2037/760 319/2041/764
f 1474/2068/791 1514/2069/792 322/2070/793
f 298/2042/765 2841/2071/794 1476/2072/795
f 1511/2073/796 1443/2044/767 321/2048/771
f 1476/2072/795 1511/2073/796 324/2074/797
f 299/2049/772 2842/2075/798 1478/2076/799
f 1508/2077/800 1445/2051/774 323/2055/778
f 1478/2076/799 1508/2077/800 326/2078/801
f 300/2056/779 2843/2079/802 1470/2080/803
f 1505/2081/804 1447/2058/781 325/2062/785
f 1470/2080/803 1505/2081/804 318/2082/805
f 301/2083/806 2844/2084/807 1454/2085/808
f 1502/2086/809 1449/2087/810 327/2088/811
f 1454/2085/808 1502/2086/809 332/2089/812
f 302/2090/813 2845/2091/814 1456/2092/815
f 1499/2093/816 1450/2094/817 328/2095/818
f 1456/2092/815 1499/2093/816 334/2096/819
f 303/2097/820 2846/2098/821 1457/2099/822
f 1496/2100/823 1451/2101/824 329/2102/825
f 1457/2099/822 1496/2100/823 335/2103/826
f 304/2104/827 2847/2105/828 1458/2106/829
f 1493/2107/830 1452/2108/831 330/2109/832
f 1458/2106/829 1493/2107/830 336/2110/970
f 305/2111/834 2848/2112/835 1485/2113/836
f 1490/2114/837 1453/2115/838 331/2116/839
f 1485/2113/836 1490/2114/837 333/2117/840
f 1489/2118/841 1455/2119/842 333/2117/840
f 1488/2120/843 1489/2118/841 336/2121/970
f 306/2122/116 2849/2123/844 1488/2120/843
f 1490/2114/837 1489/2118/841 333/2117/840
f 1491/2124/845 1490/2114/837 331/2116/839
f 1489/2118/841 1491/2124/845 336/2121/970
f 1483/2125/846 1491/2124/845 331/2116/839
f 304/2104/827 2851/2126/847 1483/2125/846
f 1491/2124/845 1458/2127/829 336/2121/970
f 1492/2128/848 1488/2129/843 336/2110/970
f 1487/2130/849 1492/2128/848 335/2131/826
f 306/2132/116 2852/2133/850 1487/2130/849
f 1493/2107/830 1492/2128/848 336/2110/970
f 1494/2134/851 1493/2107/830 330/2109/832
f 1492/2128/848 1494/2134/851 335/2131/826
f 1482/2135/852 1494/2134/851 330/2109/832
f 303/2097/820 2854/2136/853 1482/2135/852
f 1494/2134/851 1457/2137/822 335/2131/826
f 1495/2138/854 1487/2139/849 335/2103/826
f 1486/2140/855 1495/2138/854 334/2141/819
f 306/2142/116 2855/2143/856 1486/2140/855
f 1496/2100/823 1495/2138/854 335/2103/826
f 1497/2144/857 1496/2100/823 329/2102/825
f 1495/2138/854 1497/2144/857 334/2141/819
f 1481/2145/858 1497/2144/857 329/2102/825
f 302/2146/813 2857/2147/859 1481/2145/858
f 1497/2144/857 1456/2148/815 334/2141/819
f 1498/2149/860 1486/2150/855 334/2096/819
f 1484/2151/861 1498/2149/860 332/2152/812
f 306/2153/116 2858/2154/862 1484/2151/861
f 1499/2093/816 1498/2149/860 334/2096/819
f 1500/2155/863 1499/2093/816 328/2095/818
f 1498/2149/860 1500/2155/863 332/2152/812
f 1480/2156/864 1500/2155/863 328/2095/818
f 301/2083/806 2860/2157/865 1480/2156/864
f 1500/2155/863 1454/2158/808 332/2152/812
f 1501/2159/866 1484/2160/861 332/2089/812
f 1455/2161/842 1501/2159/866 333/2162/840
f 306/2163/116 2861/2164/867 1455/2161/842
f 1502/2086/809 1501/2159/866 332/2089/812
f 1503/2165/868 1502/2086/809 327/2088/811
f 1501/2159/866 1503/2165/868 333/2162/840
f 1479/2166/869 1503/2165/868 327/2088/811
f 305/2111/834 2863/2167/870 1479/2166/869
f 1503/2165/868 1485/2168/836 333/2162/840
f 1504/2169/871 1440/2170/872 318/2082/805
f 1453/2115/838 1504/2169/871 331/2116/839
f 305/2111/834 2864/2171/873 1453/2115/838
f 1505/2081/804 1504/2169/871 318/2082/805
f 1506/2172/874 1505/2081/804 325/2062/785
f 1504/2169/871 1506/2172/874 331/2116/839
f 1477/2173/875 1506/2172/874 325/2062/785
f 304/2104/827 2866/2174/876 1477/2173/875
f 1506/2172/874 1483/2125/846 331/2116/839
f 1507/2175/877 1448/2176/878 326/2078/801
f 1452/2108/831 1507/2175/877 330/2109/832
f 304/2104/827 2867/2177/879 1452/2108/831
f 1508/2077/800 1507/2175/877 326/2078/801
f 1509/2178/880 1508/2077/800 323/2055/778
f 1507/2175/877 1509/2178/880 330/2109/832
f 1475/2179/881 1509/2178/880 323/2055/778
f 303/2097/820 2869/2180/882 1475/2179/881
f 1509/2178/880 1482/2135/852 330/2109/832
f 1510/2181/883 1446/2182/884 324/2074/797
f 1451/2101/824 1510/2181/883 329/2102/825
f 303/2097/820 2870/2183/885 1451/2101/824
f 1511/2073/796 1510/2181/883 324/2074/797
f 1512/2184/886 1511/2073/796 321/2048/771
f 1510/2181/883 1512/2184/886 329/2102/825
f 1473/2185/887 1512/2184/886 321/2048/771
f 302/2146/813 2872/2186/888 1473/2185/887
f 1512/2184/886 1481/2145/858 329/2102/825
f 1513/2187/889 1444/2188/890 322/2070/793
f 1450/2094/817 1513/2187/889 328/2095/818
f 302/2090/813 2873/2189/891 1450/2094/817
f 1514/2069/792 1513/2187/889 322/2070/793
f 1515/2190/892 1514/2069/792 319/2041/764
f 1513/2187/889 1515/2190/892 328/2095/818
f 1471/2191/893 1515/2190/892 319/2041/764
f 301/2083/806 2875/2192/894 1471/2191/893
f 1515/2190/892 1480/2156/864 328/2095/818
f 1516/2193/895 1442/2194/896 320/2066/789
f 1449/2087/810 1516/2193/895 327/2088/811
f 301/2083/806 2876/2195/897 1449/2087/810
f 1517/2065/788 1516/2193/895 320/2066/789
f 1518/2196/898 1517/2065/788 317/2034/757
f 1516/2193/895 1518/2196/898 327/2088/811
f 1469/2197/899 1518/2196/898 317/2034/757
f 305/2111/834 2878/2198/900 1469/2197/899
f 1518/2196/898 1479/2166/869 327/2088/811
f 1519/2199/901 1477/2173/875 325/2062/785
f 1448/2176/878 1519/2199/901 326/2078/801
f 304/2104/827 2879/2200/902 1448/2176/878
f 1520/2059/782 1519/2199/901 325/2062/785
f 1521/2201/903 1520/2059/782 316/2061/784
f 1519/2199/901 1521/2201/903 326/2078/801
f 1468/2202/904 1521/2201/903 316/2061/784
f 299/2049/772 2881/2203/905 1468/2202/904
f 1521/2201/903 1478/2076/799 326/2078/801
f 1522/2204/906 1475/2179/881 323/2055/778
f 1446/2182/884 1522/2204/906 324/2074/797
f 303/2097/820 2882/2205/907 1446/2182/884
f 1523/2052/775 1522/2204/906 323/2055/778
f 1524/2206/908 1523/2052/775 315/2054/777
f 1522/2204/906 1524/2206/908 324/2074/797
f 1467/2207/909 1524/2206/908 315/2054/777
f 298/2042/765 2884/2208/910 1467/2207/909
f 1524/2206/908 1476/2072/795 324/2074/797
f 1525/2209/911 1473/2185/887 321/2048/771
f 1444/2210/890 1525/2209/911 322/2211/793
f 302/2146/813 2885/2212/912 1444/2210/890
f 1526/2045/768 1525/2209/911 321/2048/771
f 1527/2213/913 1526/2045/768 313/2047/770
f 1525/2209/911 1527/2213/913 322/2211/793
f 1465/2214/914 1527/2213/913 313/2047/770
f 297/2215/758 2887/2216/915 1465/2214/914
f 1527/2213/913 1474/2217/791 322/2211/793
f 1528/2218/916 1471/2191/893 319/2041/764
f 1442/2194/896 1528/2218/916 320/2066/789
f 301/2083/806 2888/2219/917 1442/2194/896
f 1529/2038/761 1528/2218/916 319/2041/764
f 1530/2220/918 1529/2038/761 309/2040/763
f 1528/2218/916 1530/2220/918 320/2066/789
f 1461/2221/919 1530/2220/918 309/2040/763
f 296/2003/736 2890/2222/920 1461/2221/919
f 1530/2220/918 1472/2064/787 320/2066/789
f 1531/2223/921 1469/2197/899 317/2034/757
f 1440/2170/872 1531/2223/921 318/2082/805
f 305/2111/834 2891/2224/922 1440/2170/872
f 1532/2033/756 1531/2223/921 317/2034/757
f 1533/2225/923 1532/2033/756 310/2009/741
f 1531/2223/921 1533/2225/923 318/2082/805
f 1462/2226/924 1533/2225/923 310/2009/741
f 300/2056/779 2893/2227/925 1462/2226/924
f 1533/2225/923 1470/2080/803 318/2082/805
f 1534/2228/926 1433/2229/927 311/2030/753
f 1438/2060/783 1534/2228/926 316/2061/784
f 300/2056/779 2894/2230/928 1438/2060/783
f 1535/2027/752 1534/2228/926 311/2030/753
f 1536/2231/929 1535/2027/752 314/2029/749
f 1534/2228/926 1536/2231/929 316/2061/784
f 1466/2232/930 1536/2231/929 314/2029/749
f 299/2049/772 2896/2233/931 1466/2232/930
f 1536/2231/929 1468/2202/904 316/2061/784
f 1537/2234/932 1466/2235/930 314/2023/749
f 1437/2053/776 1537/2234/932 315/2054/777
f 299/2049/772 2897/2236/933 1437/2053/776
f 1538/2020/748 1537/2234/932 314/2023/749
f 1539/2237/934 1538/2020/748 312/2022/745
f 1537/2234/932 1539/2237/934 315/2054/777
f 1464/2238/935 1539/2237/934 312/2022/745
f 298/2042/765 2899/2239/936 1464/2238/935
f 1539/2237/934 1467/2207/909 315/2054/777
f 1540/2240/937 1464/2241/935 312/2016/745
f 1435/2046/769 1540/2240/937 313/2047/770
f 298/2042/765 2900/2242/938 1435/2046/769
f 1541/2013/744 1540/2240/937 312/2016/745
f 1542/2243/939 1541/2013/744 307/2015/735
f 1540/2240/937 1542/2243/939 313/2047/770
f 1459/2244/940 1542/2243/939 307/2015/735
f 297/2215/758 2902/2245/941 1459/2244/940
f 1542/2243/939 1465/2214/914 313/2047/770
f 1543/2246/942 1462/2226/924 310/2009/741
f 1433/2247/927 1543/2246/942 311/2248/753
f 300/2056/779 2903/2249/943 1433/2247/927
f 1544/2006/739 1543/2246/942 310/2009/741
f 1545/2250/944 1544/2006/739 308/2008/734
f 1543/2246/942 1545/2250/944 311/2248/753
f 1460/2251/733 1545/2250/944 308/2008/734
f 295/2252/1 2905/2253/945 1460/2251/733
f 1545/2250/944 1463/2254/751 311/2248/753
f 1546/2255/946 1459/2256/940 307/2002/735
f 1431/2039/762 1546/2255/946 309/2040/763
f 297/2035/758 2906/2257/947 1431/2039/762
f 1547/1999/732 1546/2255/946 307/2002/735
f 1548/2258/948 1547/1999/732 308/2001/734
f 1546/2255/946 1548/2258/948 309/2040/763
f 1430/2259/740 1548/2258/948 308/2001/734
f 296/2003/736 2908/2260/949 1430/2259/740
f 1548/2258/948 1461/2221/919 309/2040/763
f 295/1996/1 1460/2000/733 2829/1997/730
f 1547/1999/732 2829/1997/730 1460/2000/733
f 1429/1998/731 2829/1997/730 1547/1999/732
f 296/2003/736 1430/2007/740 2830/2004/737
f 1544/2006/739 2830/2004/737 1430/2007/740
f 1432/2005/738 2830/2004/737 1544/2006/739
f 295/2010/1 1429/2014/731 2831/2011/742
f 1541/2013/744 2831/2011/742 1429/2014/731
f 1434/2012/743 2831/2011/742 1541/2013/744
f 295/2017/1 1434/2021/743 2832/2018/746
f 1538/2020/748 2832/2018/746 1434/2021/743
f 1436/2019/747 2832/2018/746 1538/2020/748
f 295/2024/1 1436/2028/747 2833/2025/750
f 1535/2027/752 2833/2025/750 1436/2028/747
f 1463/2026/751 2833/2025/750 1535/2027/752
f 296/2003/736 1432/2005/738 2834/2031/754
f 1532/2033/756 2834/2031/754 1432/2005/738
f 1439/2032/755 2834/2031/754 1532/2033/756
f 297/2035/758 1431/2039/762 2835/2036/759
f 1529/2038/761 2835/2036/759 1431/2039/762
f 1441/2037/760 2835/2036/759 1529/2038/761
f 298/2042/765 1435/2046/769 2836/2043/766
f 1526/2045/768 2836/2043/766 1435/2046/769
f 1443/2044/767 2836/2043/766 1526/2045/768
f 299/2049/772 1437/2053/776 2837/2050/773
f 1523/2052/775 2837/2050/773 1437/2053/776
f 1445/2051/774 2837/2050/773 1523/2052/775
f 300/2056/779 1438/2060/783 2838/2057/780
f 1520/2059/782 2838/2057/780 1438/2060/783
f 1447/2058/781 2838/2057/780 1520/2059/782
f 296/2003/736 1439/2032/755 2839/2063/786
f 1517/2065/788 2839/2063/786 1439/2032/755
f 1472/2064/787 2839/2063/786 1517/2065/788
f 297/2035/758 1441/2037/760 2840/2067/790
f 1514/2069/792 2840/2067/790 1441/2037/760
f 1474/2068/791 2840/2067/790 1514/2069/792
f 298/2042/765 1443/2044/767 2841/2071/794
f 1511/2073/796 2841/2071/794 1443/2044/767
f 1476/2072/795 2841/2071/794 1511/2073/796
f 299/2049/772 1445/2051/774 2842/2075/798
f 1508/2077/800 2842/2075/798 1445/2051/774
f 1478/2076/799 2842/2075/798 1508/2077/800
f 300/2056/779 1447/2058/781 2843/2079/802
f 1505/2081/804 2843/2079/802 1447/2058/781
f 1470/2080/803 2843/2079/802 1505/2081/804
f 301/2083/806 1449/2087/810 2844/2084/807
f 1502/2086/809 2844/2084/807 1449/2087/810
f 1454/2085/808 2844/2084/807 1502/2086/809
f 302/2090/813 1450/2094/817 2845/2091/814
f 1499/2093/816 2845/2091/814 1450/2094/817
f 1456/2092/815 2845/2091/814 1499/2093/816
f 303/2097/820 1451/2101/824 2846/2098/821
f 1496/2100/823 2846/2098/821 1451/2101/824
f 1457/2099/822 2846/2098/821 1496/2100/823
f 304/2104/827 1452/2108/831 2847/2105/828
f 1493/2107/830 2847/2105/828 1452/2108/831
f 1458/2106/829 2847/2105/828 1493/2107/830
f 305/2111/834 1453/2115/838 2848/2112/835
f 1490/2114/837 2848/2112/835 1453/2115/838
f 1485/2113/836 2848/2112/835 1490/2114/837
f 1489/2118/841 2849/2123/844 1455/2119/842
f 1488/2120/843 2849/2123/844 1489/2118/841
f 306/2122/116 1455/2119/842 2849/2123/844
f 1490/2114/837 2850/2261/950 1489/2118/841
f 1491/2124/845 2850/2261/950 1490/2114/837
f 1489/2118/841 2850/2261/950 1491/2124/845
f 1483/2125/846 2851/2126/847 1491/2124/845
f 304/2104/827 1458/2127/829 2851/2126/847
f 1491/2124/845 2851/2126/847 1458/2127/829
f 1492/2128/848 2852/2133/850 1488/2129/843
f 1487/2130/849 2852/2133/850 1492/2128/848
f 306/2132/116 1488/2129/843 2852/2133/850
f 1493/2107/830 2853/2262/951 1492/2128/848
f 1494/2134/851 2853/2262/951 1493/2107/830
f 1492/2128/848 2853/2262/951 1494/2134/851
f 1482/2135/852 2854/2136/853 1494/2134/851
f 303/2097/820 1457/2137/822 2854/2136/853
f 1494/2134/851 2854/2136/853 1457/2137/822
f 1495/2138/854 2855/2143/856 1487/2139/849
f 1486/2140/855 2855/2143/856 1495/2138/854
f 306/2142/116 1487/2139/849 2855/2143/856
f 1496/2100/823 2856/2263/952 1495/2138/854
f 1497/2144/857 2856/2263/952 1496/2100/823
f 1495/2138/854 2856/2263/952 1497/2144/857
f 1481/2145/858 2857/2147/859 1497/2144/857
f 302/2146/813 1456/2148/815 2857/2147/859
f 1497/2144/857 2857/2147/859 1456/2148/815
f 1498/2149/860 2858/2154/862 1486/2150/855
f 1484/2151/861 2858/2154/862 1498/2149/860
f 306/2153/116 1486/2150/855 2858/2154/862
f 1499/2093/816 2859/2264/953 1498/2149/860
f 1500/2155/863 2859/2264/953 1499/2093/816
f 1498/2149/860 2859/2264/953 1500/2155/863
f 1480/2156/864 2860/2157/865 1500/2155/863
f 301/2083/806 1454/2158/808 2860/2157/865
f 1500/2155/863 2860/2157/865 1454/2158/808
f 1501/2159/866 2861/2164/867 1484/2160/861
f 1455/2161/842 2861/2164/867 1501/2159/866
f 306/2163/116 1484/2160/861 2861/2164/867
f 1502/2086/809 2862/2265/954 1501/2159/866
f 1503/2165/868 2862/2265/954 1502/2086/809
f 1501/2159/866 2862/2265/954 1503/2165/868
f 1479/2166/869 2863/2167/870 1503/2165/868
f 305/2111/834 1485/2168/836 2863/2167/870
f 1503/2165/868 2863/2167/870 1485/2168/836
f 1504/2169/871 2864/2171/873 1440/2170/872
f 1453/2115/838 2864/2171/873 1504/2169/871
f 305/2111/834 1440/2170/872 2864/2171/873
f 1505/2081/804 2865/2266/955 1504/2169/871
f 1506/2172/874 2865/2266/955 1505/2081/804
f 1504/2169/871 2865/2266/955 1506/2172/874
f 1477/2173/875 2866/2174/876 1506/2172/874
f 304/2104/827 1483/2125/846 2866/2174/876
f 1506/2172/874 2866/2174/876 1483/2125/846
f 1507/2175/877 2867/2177/879 1448/2176/878
f 1452/2108/831 2867/2177/879 1507/2175/877
f 304/2104/827 1448/2176/878 2867/2177/879
f 1508/2077/800 2868/2267/956 1507/2175/877
f 1509/2178/880 2868/2267/956 1508/2077/800
f 1507/2175/877 2868/2267/956 1509/2178/880
f 1475/2179/881 2869/2180/882 1509/2178/880
f 303/2097/820 1482/2135/852 2869/2180/882
f 1509/2178/880 2869/2180/882 1482/2135/852
f 1510/2181/883 2870/2183/885 1446/2182/884
f 1451/2101/824 2870/2183/885 1510/2181/883
f 303/2097/820 1446/2182/884 2870/2183/885
f 1511/2073/796 2871/2268/957 1510/2181/883
f 1512/2184/886 2871/2268/957 1511/2073/796
f 1510/2181/883 2871/2268/957 1512/2184/886
f 1473/2185/887 2872/2186/888 1512/2184/886
f 302/2146/813 1481/2145/858 2872/2186/888
f 1512/2184/886 2872/2186/888 1481/2145/858
f 1513/2187/889 2873/2189/891 1444/2188/890
f 1450/2094/817 2873/2189/891 1513/2187/889
f 302/2090/813 1444/2188/890 2873/2189/891
f 1514/2069/792 2874/2269/958 1513/2187/889
f 1515/2190/892 2874/2269/958 1514/2069/792
f 1513/2187/889 2874/2269/958 1515/2190/892
f 1471/2191/893 2875/2192/894 1515/2190/892
f 301/2083/806 1480/2156/864 2875/2192/894
f 1515/2190/892 2875/2192/894 1480/2156/864
f 1516/2193/895 2876/2195/897 1442/2194/896
f 1449/2087/810 2876/2195/897 1516/2193/895
f 301/2083/806 1442/2194/896 2876/2195/897
f 1517/2065/788 2877/2270/959 1516/2193/895
f 1518/2196/898 2877/2270/959 1517/2065/788
f 1516/2193/895 2877/2270/959 1518/2196/898
f 1469/2197/899 2878/2198/900 1518/2196/898
f 305/2111/834 1479/2166/869 2878/2198/900
f 1518/2196/898 2878/2198/900 1479/2166/869
f 1519/2199/901 2879/2200/902 1477/2173/875
f 1448/2176/878 2879/2200/902 1519/2199/901
f 304/2104/827 1477/2173/875 2879/2200/902
f 1520/2059/782 2880/2271/960 1519/2199/901
f 1521/2201/903 2880/2271/960 1520/2059/782
f 1519/2199/901 2880/2271/960 1521/2201/903
f 1468/2202/904 2881/2203/905 1521/2201/903
f 299/2049/772 1478/2076/799 2881/2203/905
f 1521/2201/903 2881/2203/905 1478/2076/799
f 1522/2204/906 2882/2205/907 1475/2179/881
f 1446/2182/884 2882/2205/907 1522/2204/906
f 303/2097/820 1475/2179/881 2882/2205/907
f 1523/2052/775 2883/2272/961 1522/2204/906
f 1524/2206/908 2883/2272/961 1523/2052/775
f 1522/2204/906 2883/2272/961 1524/2206/908
f 1467/2207/909 2884/2208/910 1524/2206/908
f 298/2042/765 1476/2072/795 2884/2208/910
f 1524/2206/908 2884/2208/910 1476/2072/795
f 1525/2209/911 2885/2212/912 1473/2185/887
f 1444/2210/890 2885/2212/912 1525/2209/911
f 302/2146/813 1473/2185/887 2885/2212/912
f 1526/2045/768 2886/2273/962 1525/2209/911
f 1527/2213/913 2886/2273/962 1526/2045/768
f 1525/2209/911 2886/2273/962 1527/2213/913
f 1465/2214/914 2887/2216/915 1527/2213/913
f 297/2215/758 1474/2217/791 2887/2216/915
f 1527/2213/913 2887/2216/915 1474/2217/791
f 1528/2218/916 2888/2219/917 1471/2191/893
f 1442/2194/896 2888/2219/917 1528/2218/916
f 301/2083/806 1471/2191/893 2888/2219/917
f 1529/2038/761 2889/2274/963 1528/2218/916
f 1530/2220/918 2889/2274/963 1529/2038/761
f 1528/2218/916 2889/2274/963 1530/2220/918
f 1461/2221/919 2890/2222/920 1530/2220/918
f 296/2003/736 1472/2064/787 2890/2222/920
f 1530/2220/918 2890/2222/920 1472/2064/787
f 1531/2223/921 2891/2224/922 1469/2197/899
f 1440/2170/872 2891/2224/922 1531/2223/921
f 305/2111/834 1469/2197/899 2891/2224/922
f 1532/2033/756 2892/2275/964 1531/2223/921
f 1533/2225/923 2892/2275/964 1532/2033/756
f 1531/2223/921 2892/2275/964 1533/2225/923
f 1462/2226/924 2893/2227/925 1533/2225/923
f 300/2056/779 1470/2080/803 2893/2227/925
f 1533/2225/923 2893/2227/925 1470/2080/803
f 1534/2228/926 2894/2230/928 1433/2229/927
f 1438/2060/783 2894/2230/928 1534/2228/926
f 300/2056/779 1433/2229/927 2894/2230/928
f 1535/2027/752 2895/2276/965 1534/2228/926
f 1536/2231/929 2895/2276/965 1535/2027/752
f 1534/2228/926 2895/2276/965 1536/2231/929
f 1466/2232/930 2896/2233/931 1536/2231/929
f 299/2049/772 1468/2202/904 2896/2233/931
f 1536/2231/929 2896/2233/931 1468/2202/904
f 1537/2234/932 2897/2236/933 1466/2235/930
f 1437/2053/776 2897/2236/933 1537/2234/932
f 299/2049/772 1466/2235/930 2897/2236/933
f 1538/2020/748 2898/2277/966 1537/2234/932
f 1539/2237/934 2898/2277/966 1538/2020/748
f 1537/2234/932 2898/2277/966 1539/2237/934
f 1464/2238/935 2899/2239/936 1539/2237/934
f 298/2042/765 1467/2207/909 2899/2239/936
f 1539/2237/934 2899/2239/936 1467/2207/909
f 1540/2240/937 2900/2242/938 1464/2241/935
f 1435/2046/769 2900/2242/938 1540/2240/937
f 298/2042/765 1464/2241/935 2900/2242/938
f 1541/2013/744 2901/2278/967 1540/2240/937
f 1542/2243/939 2901/2278/967 1541/2013/744
f 1540/2240/937 2901/2278/967 1542/2243/939
f 1459/2244/940 2902/2245/941 1542/2243/939
f 297/2215/758 1465/2214/914 2902/2245/941
f 1542/2243/939 2902/2245/941 1465/2214/914
f 1543/2246/942 2903/2249/943 1462/2226/924
f 1433/2247/927 2903/2249/943 1543/2246/942
f 300/2056/779 1462/2226/924 2903/2249/943
f 1544/2006/739 2904/2279/968 1543/2246/942
f 1545/2250/944 2904/2279/968 1544/2006/739
f 1543/2246/942 2904/2279/968 1545/2250/944
f 1460/2251/733 2905/2253/945 1545/2250/944
f 295/2252/1 1463/2254/751 2905/2253/945
f 1545/2250/944 2905/2253/945 1463/2254/751
f 1546/2255/946 2906/2257/947 1459/2256/940
f 1431/2039/762 2906/2257/947 1546/2255/946
f 297/2035/758 1459/2256/940 2906/2257/947
f 1547/1999/732 2907/2280/969 1546/2255/946
f 1548/2258/948 2907/2280/969 1547/1999/732
f 1546/2255/946 2907/2280/969 1548/2258/948
f 1430/2259/740 2908/2260/949 1548/2258/948
f 296/2003/736 1461/2221/919 2908/2260/949
f 1548/2258/948 2908/2260/949 1461/2221/919
usemtl Material.010
f 337/2281/1 2909/2282/971 1549/2283/972
f 1667/2284/973 1580/2285/974 350/2286/975
f 1549/2283/972 1667/2284/973 349/2287/976
f 338/2288/977 2910/2289/978 1552/2290/979
f 1664/2291/980 1550/2292/981 350/2293/975
f 1552/2290/979 1664/2291/980 352/2294/982
f 337/2295/1 2911/2296/983 1554/2297/984
f 1661/2298/985 1549/2299/972 349/2300/976
f 1554/2297/984 1661/2298/985 354/2301/986
f 337/2302/1 2912/2303/987 1556/2304/988
f 1658/2305/989 1554/2306/984 354/2307/986
f 1556/2304/988 1658/2305/989 356/2308/990
f 337/2309/1 2913/2310/991 1583/2311/992
f 1655/2312/993 1556/2313/988 356/2314/990
f 1583/2311/992 1655/2312/993 353/2315/994
f 338/2288/977 2914/2316/995 1559/2317/996
f 1652/2318/997 1552/2290/979 352/2294/982
f 1559/2317/996 1652/2318/997 359/2319/998
f 339/2320/999 2915/2321/1000 1561/2322/1001
f 1649/2323/1002 1551/2324/1003 351/2325/1004
f 1561/2322/1001 1649/2323/1002 361/2326/1005
f 340/2327/1006 2916/2328/1007 1563/2329/1008
f 1646/2330/1009 1555/2331/1010 355/2332/1011
f 1563/2329/1008 1646/2330/1009 363/2333/1012
f 341/2334/1013 2917/2335/1014 1565/2336/1015
f 1643/2337/1016 1557/2338/1017 357/2339/1018
f 1565/2336/1015 1643/2337/1016 365/2340/1019
f 342/2341/1020 2918/2342/1021 1567/2343/1022
f 1640/2344/1023 1558/2345/1024 358/2346/1025
f 1567/2343/1022 1640/2344/1023 367/2347/1026
f 338/2288/977 2919/2348/1027 1592/2349/1028
f 1637/2350/1029 1559/2317/996 359/2319/998
f 1592/2349/1028 1637/2350/1029 362/2351/1030
f 339/2320/999 2920/2352/1031 1594/2353/1032
f 1634/2354/1033 1561/2322/1001 361/2326/1005
f 1594/2353/1032 1634/2354/1033 364/2355/1034
f 340/2327/1006 2921/2356/1035 1596/2357/1036
f 1631/2358/1037 1563/2329/1008 363/2333/1012
f 1596/2357/1036 1631/2358/1037 366/2359/1038
f 341/2334/1013 2922/2360/1039 1598/2361/1040
f 1628/2362/1041 1565/2336/1015 365/2340/1019
f 1598/2361/1040 1628/2362/1041 368/2363/1042
f 342/2341/1020 2923/2364/1043 1590/2365/1044
f 1625/2366/1045 1567/2343/1022 367/2347/1026
f 1590/2365/1044 1625/2366/1045 360/2367/1046
f 343/2368/1047 2924/2369/1048 1574/2370/1049
f 1622/2371/1050 1569/2372/1051 369/2373/1052
f 1574/2370/1049 1622/2371/1050 374/2374/1053
f 344/2375/1054 2925/2376/1055 1576/2377/1056
f 1619/2378/1057 1570/2379/1058 370/2380/1059
f 1576/2377/1056 1619/2378/1057 376/2381/1060
f 345/2382/1061 2926/2383/1062 1577/2384/1063
f 1616/2385/1064 1571/2386/1065 371/2387/1066
f 1577/2384/1063 1616/2385/1064 377/2388/1067
f 346/2389/1068 2927/2390/1069 1578/2391/1070
f 1613/2392/1071 1572/2393/1072 372/2394/1073
f 1578/2391/1070 1613/2392/1071 378/2395/1074
f 347/2396/1075 2928/2397/1076 1605/2398/1077
f 1610/2399/1078 1573/2400/1079 373/2401/1080
f 1605/2398/1077 1610/2399/1078 375/2402/1081
f 1609/2403/1082 1575/2404/1083 375/2402/1081
f 1608/2405/1084 1609/2403/1082 378/2406/1074
f 348/2407/116 2929/2408/1085 1608/2405/1084
f 1610/2399/1078 1609/2403/1082 375/2402/1081
f 1611/2409/1086 1610/2399/1078 373/2401/1080
f 1609/2403/1082 1611/2409/1086 378/2406/1074
f 1603/2410/1087 1611/2409/1086 373/2401/1080
f 346/2389/1068 2931/2411/1088 1603/2410/1087
f 1611/2409/1086 1578/2412/1070 378/2406/1074
f 1612/2413/1089 1608/2414/1084 378/2395/1074
f 1607/2415/1090 1612/2413/1089 377/2416/1067
f 348/2417/116 2932/2418/1091 1607/2415/1090
f 1613/2392/1071 1612/2413/1089 378/2395/1074
f 1614/2419/1092 1613/2392/1071 372/2394/1073
f 1612/2413/1089 1614/2419/1092 377/2416/1067
f 1602/2420/1093 1614/2419/1092 372/2394/1073
f 345/2382/1061 2934/2421/1094 1602/2420/1093
f 1614/2419/1092 1577/2422/1063 377/2416/1067
f 1615/2423/1095 1607/2424/1090 377/2388/1067
f 1606/2425/1096 1615/2423/1095 376/2426/1060
f 348/2427/116 2935/2428/1097 1606/2425/1096
f 1616/2385/1064 1615/2423/1095 377/2388/1067
f 1617/2429/1098 1616/2385/1064 371/2387/1066
f 1615/2423/1095 1617/2429/1098 376/2426/1060
f 1601/2430/1099 1617/2429/1098 371/2387/1066
f 344/2431/1054 2937/2432/1100 1601/2430/1099
f 1617/2429/1098 1576/2433/1056 376/2426/1060
f 1618/2434/1101 1606/2435/1096 376/2381/1060
f 1604/2436/1102 1618/2434/1101 374/2437/1053
f 348/2438/116 2938/2439/1103 1604/2436/1102
f 1619/2378/1057 1618/2434/1101 376/2381/1060
f 1620/2440/1104 1619/2378/1057 370/2380/1059
f 1618/2434/1101 1620/2440/1104 374/2437/1053
f 1600/2441/1105 1620/2440/1104 370/2380/1059
f 343/2368/1047 2940/2442/1106 1600/2441/1105
f 1620/2440/1104 1574/2443/1049 374/2437/1053
f 1621/2444/1107 1604/2445/1102 374/2374/1053
f 1575/2446/1083 1621/2444/1107 375/2447/1081
f 348/2448/116 2941/2449/1108 1575/2446/1083
f 1622/2371/1050 1621/2444/1107 374/2374/1053
f 1623/2450/1109 1622/2371/1050 369/2373/1052
f 1621/2444/1107 1623/2450/1109 375/2447/1081
f 1599/2451/1110 1623/2450/1109 369/2373/1052
f 347/2396/1075 2943/2452/1111 1599/2451/1110
f 1623/2450/1109 1605/2453/1077 375/2447/1081
f 1624/2454/1112 1560/2455/1113 360/2367/1046
f 1573/2400/1079 1624/2454/1112 373/2401/1080
f 347/2396/1075 2944/2456/1114 1573/2400/1079
f 1625/2366/1045 1624/2454/1112 360/2367/1046
f 1626/2457/1115 1625/2366/1045 367/2347/1026
f 1624/2454/1112 1626/2457/1115 373/2401/1080
f 1597/2458/1116 1626/2457/1115 367/2347/1026
f 346/2389/1068 2946/2459/1117 1597/2458/1116
f 1626/2457/1115 1603/2410/1087 373/2401/1080
f 1627/2460/1118 1568/2461/1119 368/2363/1042
f 1572/2393/1072 1627/2460/1118 372/2394/1073
f 346/2389/1068 2947/2462/1120 1572/2393/1072
f 1628/2362/1041 1627/2460/1118 368/2363/1042
f 1629/2463/1121 1628/2362/1041 365/2340/1019
f 1627/2460/1118 1629/2463/1121 372/2394/1073
f 1595/2464/1122 1629/2463/1121 365/2340/1019
f 345/2382/1061 2949/2465/1123 1595/2464/1122
f 1629/2463/1121 1602/2420/1093 372/2394/1073
f 1630/2466/1124 1566/2467/1125 366/2359/1038
f 1571/2386/1065 1630/2466/1124 371/2387/1066
f 345/2382/1061 2950/2468/1126 1571/2386/1065
f 1631/2358/1037 1630/2466/1124 366/2359/1038
f 1632/2469/1127 1631/2358/1037 363/2333/1012
f 1630/2466/1124 1632/2469/1127 371/2387/1066
f 1593/2470/1128 1632/2469/1127 363/2333/1012
f 344/2431/1054 2952/2471/1129 1593/2470/1128
f 1632/2469/1127 1601/2430/1099 371/2387/1066
f 1633/2472/1130 1564/2473/1131 364/2355/1034
f 1570/2379/1058 1633/2472/1130 370/2380/1059
f 344/2375/1054 2953/2474/1132 1570/2379/1058
f 1634/2354/1033 1633/2472/1130 364/2355/1034
f 1635/2475/1133 1634/2354/1033 361/2326/1005
f 1633/2472/1130 1635/2475/1133 370/2380/1059
f 1591/2476/1134 1635/2475/1133 361/2326/1005
f 343/2368/1047 2955/2477/1135 1591/2476/1134
f 1635/2475/1133 1600/2441/1105 370/2380/1059
f 1636/2478/1136 1562/2479/1137 362/2351/1030
f 1569/2372/1051 1636/2478/1136 369/2373/1052
f 343/2368/1047 2956/2480/1138 1569/2372/1051
f 1637/2350/1029 1636/2478/1136 362/2351/1030
f 1638/2481/1139 1637/2350/1029 359/2319/998
f 1636/2478/1136 1638/2481/1139 369/2373/1052
f 1589/2482/1140 1638/2481/1139 359/2319/998
f 347/2396/1075 2958/2483/1141 1589/2482/1140
f 1638/2481/1139 1599/2451/1110 369/2373/1052
f 1639/2484/1142 1597/2458/1116 367/2347/1026
f 1568/2461/1119 1639/2484/1142 368/2363/1042
f 346/2389/1068 2959/2485/1143 1568/2461/1119
f 1640/2344/1023 1639/2484/1142 367/2347/1026
f 1641/2486/1144 1640/2344/1023 358/2346/1025
f 1639/2484/1142 1641/2486/1144 368/2363/1042
f 1588/2487/1145 1641/2486/1144 358/2346/1025
f 341/2334/1013 2961/2488/1146 1588/2487/1145
f 1641/2486/1144 1598/2361/1040 368/2363/1042
f 1642/2489/1147 1595/2464/1122 365/2340/1019
f 1566/2467/1125 1642/2489/1147 366/2359/1038
f 345/2382/1061 2962/2490/1148 1566/2467/1125
f 1643/2337/1016 1642/2489/1147 365/2340/1019
f 1644/2491/1149 1643/2337/1016 357/2339/1018
f 1642/2489/1147 1644/2491/1149 366/2359/1038
f 1587/2492/1150 1644/2491/1149 357/2339/1018
f 340/2327/1006 2964/2493/1151 1587/2492/1150
f 1644/2491/1149 1596/2357/1036 366/2359/1038
f 1645/2494/1152 1593/2470/1128 363/2333/1012
f 1564/2495/1131 1645/2494/1152 364/2496/1034
f 344/2431/1054 2965/2497/1153 1564/2495/1131
f 1646/2330/1009 1645/2494/1152 363/2333/1012
f 1647/2498/1154 1646/2330/1009 355/2332/1011
f 1645/2494/1152 1647/2498/1154 364/2496/1034
f 1585/2499/1155 1647/2498/1154 355/2332/1011
f 339/2500/999 2967/2501/1156 1585/2499/1155
f 1647/2498/1154 1594/2502/1032 364/2496/1034
f 1648/2503/1157 1591/2476/1134 361/2326/1005
f 1562/2479/1137 1648/2503/1157 362/2351/1030
f 343/2368/1047 2968/2504/1158 1562/2479/1137
f 1649/2323/1002 1648/2503/1157 361/2326/1005
f 1650/2505/1159 1649/2323/1002 351/2325/1004
f 1648/2503/1157 1650/2505/1159 362/2351/1030
f 1581/2506/1160 1650/2505/1159 351/2325/1004
f 338/2288/977 2970/2507/1161 1581/2506/1160
f 1650/2505/1159 1592/2349/1028 362/2351/1030
f 1651/2508/1162 1589/2482/1140 359/2319/998
f 1560/2455/1113 1651/2508/1162 360/2367/1046
f 347/2396/1075 2971/2509/1163 1560/2455/1113
f 1652/2318/997 1651/2508/1162 359/2319/998
f 1653/2510/1164 1652/2318/997 352/2294/982
f 1651/2508/1162 1653/2510/1164 360/2367/1046
f 1582/2511/1165 1653/2510/1164 352/2294/982
f 342/2341/1020 2973/2512/1166 1582/2511/1165
f 1653/2510/1164 1590/2365/1044 360/2367/1046
f 1654/2513/1167 1553/2514/1168 353/2315/994
f 1558/2345/1024 1654/2513/1167 358/2346/1025
f 342/2341/1020 2974/2515/1169 1558/2345/1024
f 1655/2312/993 1654/2513/1167 353/2315/994
f 1656/2516/1170 1655/2312/993 356/2314/990
f 1654/2513/1167 1656/2516/1170 358/2346/1025
f 1586/2517/1171 1656/2516/1170 356/2314/990
f 341/2334/1013 2976/2518/1172 1586/2517/1171
f 1656/2516/1170 1588/2487/1145 358/2346/1025
f 1657/2519/1173 1586/2520/1171 356/2308/990
f 1557/2338/1017 1657/2519/1173 357/2339/1018
f 341/2334/1013 2977/2521/1174 1557/2338/1017
f 1658/2305/989 1657/2519/1173 356/2308/990
f 1659/2522/1175 1658/2305/989 354/2307/986
f 1657/2519/1173 1659/2522/1175 357/2339/1018
f 1584/2523/1176 1659/2522/1175 354/2307/986
f 340/2327/1006 2979/2524/1177 1584/2523/1176
f 1659/2522/1175 1587/2492/1150 357/2339/1018
f 1660/2525/1178 1584/2526/1176 354/2301/986
f 1555/2331/1010 1660/2525/1178 355/2332/1011
f 340/2327/1006 2980/2527/1179 1555/2331/1010
f 1661/2298/985 1660/2525/1178 354/2301/986
f 1662/2528/1180 1661/2298/985 349/2300/976
f 1660/2525/1178 1662/2528/1180 355/2332/1011
f 1579/2529/1181 1662/2528/1180 349/2300/976
f 339/2500/999 2982/2530/1182 1579/2529/1181
f 1662/2528/1180 1585/2499/1155 355/2332/1011
f 1663/2531/1183 1582/2511/1165 352/2294/982
f 1553/2532/1168 1663/2531/1183 353/2533/994
f 342/2341/1020 2983/2534/1184 1553/2532/1168
f 1664/2291/980 1663/2531/1183 352/2294/982
f 1665/2535/1185 1664/2291/980 350/2293/975
f 1663/2531/1183 1665/2535/1185 353/2533/994
f 1580/2536/974 1665/2535/1185 350/2293/975
f 337/2537/1 2985/2538/1186 1580/2536/974
f 1665/2535/1185 1583/2539/992 353/2533/994
f 1666/2540/1187 1579/2541/1181 349/2287/976
f 1551/2324/1003 1666/2540/1187 351/2325/1004
f 339/2320/999 2986/2542/1188 1551/2324/1003
f 1667/2284/973 1666/2540/1187 349/2287/976
f 1668/2543/1189 1667/2284/973 350/2286/975
f 1666/2540/1187 1668/2543/1189 351/2325/1004
f 1550/2544/981 1668/2543/1189 350/2286/975
f 338/2288/977 2988/2545/1190 1550/2544/981
f 1668/2543/1189 1581/2506/1160 351/2325/1004
f 337/2281/1 1580/2285/974 2909/2282/971
f 1667/2284/973 2909/2282/971 1580/2285/974
f 1549/2283/972 2909/2282/971 1667/2284/973
f 338/2288/977 1550/2292/981 2910/2289/978
f 1664/2291/980 2910/2289/978 1550/2292/981
f 1552/2290/979 2910/2289/978 1664/2291/980
f 337/2295/1 1549/2299/972 2911/2296/983
f 1661/2298/985 2911/2296/983 1549/2299/972
f 1554/2297/984 2911/2296/983 1661/2298/985
f 337/2302/1 1554/2306/984 2912/2303/987
f 1658/2305/989 2912/2303/987 1554/2306/984
f 1556/2304/988 2912/2303/987 1658/2305/989
f 337/2309/1 1556/2313/988 2913/2310/991
f 1655/2312/993 2913/2310/991 1556/2313/988
f 1583/2311/992 2913/2310/991 1655/2312/993
f 338/2288/977 1552/2290/979 2914/2316/995
f 1652/2318/997 2914/2316/995 1552/2290/979
f 1559/2317/996 2914/2316/995 1652/2318/997
f 339/2320/999 1551/2324/1003 2915/2321/1000
f 1649/2323/1002 2915/2321/1000 1551/2324/1003
f 1561/2322/1001 2915/2321/1000 1649/2323/1002
f 340/2327/1006 1555/2331/1010 2916/2328/1007
f 1646/2330/1009 2916/2328/1007 1555/2331/1010
f 1563/2329/1008 2916/2328/1007 1646/2330/1009
f 341/2334/1013 1557/2338/1017 2917/2335/1014
f 1643/2337/1016 2917/2335/1014 1557/2338/1017
f 1565/2336/1015 2917/2335/1014 1643/2337/1016
f 342/2341/1020 1558/2345/1024 2918/2342/1021
f 1640/2344/1023 2918/2342/1021 1558/2345/1024
f 1567/2343/1022 2918/2342/1021 1640/2344/1023
f 338/2288/977 1559/2317/996 2919/2348/1027
f 1637/2350/1029 2919/2348/1027 1559/2317/996
f 1592/2349/1028 2919/2348/1027 1637/2350/1029
f 339/2320/999 1561/2322/1001 2920/2352/1031
f 1634/2354/1033 2920/2352/1031 1561/2322/1001
f 1594/2353/1032 2920/2352/1031 1634/2354/1033
f 340/2327/1006 1563/2329/1008 2921/2356/1035
f 1631/2358/1037 2921/2356/1035 1563/2329/1008
f 1596/2357/1036 2921/2356/1035 1631/2358/1037
f 341/2334/1013 1565/2336/1015 2922/2360/1039
f 1628/2362/1041 2922/2360/1039 1565/2336/1015
f 1598/2361/1040 2922/2360/1039 1628/2362/1041
f 342/2341/1020 1567/2343/1022 2923/2364/1043
f 1625/2366/1045 2923/2364/1043 1567/2343/1022
f 1590/2365/1044 2923/2364/1043 1625/2366/1045
f 343/2368/1047 1569/2372/1051 2924/2369/1048
f 1622/2371/1050 2924/2369/1048 1569/2372/1051
f 1574/2370/1049 2924/2369/1048 1622/2371/1050
f 344/2375/1054 1570/2379/1058 2925/2376/1055
f 1619/2378/1057 2925/2376/1055 1570/2379/1058
f 1576/2377/1056 2925/2376/1055 1619/2378/1057
f 345/2382/1061 1571/2386/1065 2926/2383/1062
f 1616/2385/1064 2926/2383/1062 1571/2386/1065
f 1577/2384/1063 2926/2383/1062 1616/2385/1064
f 346/2389/1068 1572/2393/1072 2927/2390/1069
f 1613/2392/1071 2927/2390/1069 1572/2393/1072
f 1578/2391/1070 2927/2390/1069 1613/2392/1071
f 347/2396/1075 1573/2400/1079 2928/2397/1076
f 1610/2399/1078 2928/2397/1076 1573/2400/1079
f 1605/2398/1077 2928/2397/1076 1610/2399/1078
f 1609/2403/1082 2929/2408/1085 1575/2404/1083
f 1608/2405/1084 2929/2408/1085 1609/2403/1082
f 348/2407/116 1575/2404/1083 2929/2408/1085
f 1610/2399/1078 2930/2546/1191 1609/2403/1082
f 1611/2409/1086 2930/2546/1191 1610/2399/1078
f 1609/2403/1082 2930/2546/1191 1611/2409/1086
f 1603/2410/1087 2931/2411/1088 1611/2409/1086
f 346/2389/1068 1578/2412/1070 2931/2411/1088
f 1611/2409/1086 2931/2411/1088 1578/2412/1070
f 1612/2413/1089 2932/2418/1091 1608/2414/1084
f 1607/2415/1090 2932/2418/1091 1612/2413/1089
f 348/2417/116 1608/2414/1084 2932/2418/1091
f 1613/2392/1071 2933/2547/1192 1612/2413/1089
f 1614/2419/1092 2933/2547/1192 1613/2392/1071
f 1612/2413/1089 2933/2547/1192 1614/2419/1092
f 1602/2420/1093 2934/2421/1094 1614/2419/1092
f 345/2382/1061 1577/2422/1063 2934/2421/1094
f 1614/2419/1092 2934/2421/1094 1577/2422/1063
f 1615/2423/1095 2935/2428/1097 1607/2424/1090
f 1606/2425/1096 2935/2428/1097 1615/2423/1095
f 348/2427/116 1607/2424/1090 2935/2428/1097
f 1616/2385/1064 2936/2548/1193 1615/2423/1095
f 1617/2429/1098 2936/2548/1193 1616/2385/1064
f 1615/2423/1095 2936/2548/1193 1617/2429/1098
f 1601/2430/1099 2937/2432/1100 1617/2429/1098
f 344/2431/1054 1576/2433/1056 2937/2432/1100
f 1617/2429/1098 2937/2432/1100 1576/2433/1056
f 1618/2434/1101 2938/2439/1103 1606/2435/1096
f 1604/2436/1102 2938/2439/1103 1618/2434/1101
f 348/2438/116 1606/2435/1096 2938/2439/1103
f 1619/2378/1057 2939/2549/1194 1618/2434/1101
f 1620/2440/1104 2939/2549/1194 1619/2378/1057
f 1618/2434/1101 2939/2549/1194 1620/2440/1104
f 1600/2441/1105 2940/2442/1106 1620/2440/1104
f 343/2368/1047 1574/2443/1049 2940/2442/1106
f 1620/2440/1104 2940/2442/1106 1574/2443/1049
f 1621/2444/1107 2941/2449/1108 1604/2445/1102
f 1575/2446/1083 2941/2449/1108 1621/2444/1107
f 348/2448/116 1604/2445/1102 2941/2449/1108
f 1622/2371/1050 2942/2550/1195 1621/2444/1107
f 1623/2450/1109 2942/2550/1195 1622/2371/1050
f 1621/2444/1107 2942/2550/1195 1623/2450/1109
f 1599/2451/1110 2943/2452/1111 1623/2450/1109
f 347/2396/1075 1605/2453/1077 2943/2452/1111
f 1623/2450/1109 2943/2452/1111 1605/2453/1077
f 1624/2454/1112 2944/2456/1114 1560/2455/1113
f 1573/2400/1079 2944/2456/1114 1624/2454/1112
f 347/2396/1075 1560/2455/1113 2944/2456/1114
f 1625/2366/1045 2945/2551/1196 1624/2454/1112
f 1626/2457/1115 2945/2551/1196 1625/2366/1045
f 1624/2454/1112 2945/2551/1196 1626/2457/1115
f 1597/2458/1116 2946/2459/1117 1626/2457/1115
f 346/2389/1068 1603/2410/1087 2946/2459/1117
f 1626/2457/1115 2946/2459/1117 1603/2410/1087
f 1627/2460/1118 2947/2462/1120 1568/2461/1119
f 1572/2393/1072 2947/2462/1120 1627/2460/1118
f 346/2389/1068 1568/2461/1119 2947/2462/1120
f 1628/2362/1041 2948/2552/1197 1627/2460/1118
f 1629/2463/1121 2948/2552/1197 1628/2362/1041
f 1627/2460/1118 2948/2552/1197 1629/2463/1121
f 1595/2464/1122 2949/2465/1123 1629/2463/1121
f 345/2382/1061 1602/2420/1093 2949/2465/1123
f 1629/2463/1121 2949/2465/1123 1602/2420/1093
f 1630/2466/1124 2950/2468/1126 1566/2467/1125
f 1571/2386/1065 2950/2468/1126 1630/2466/1124
f 345/2382/1061 1566/2467/1125 2950/2468/1126
f 1631/2358/1037 2951/2553/1198 1630/2466/1124
f 1632/2469/1127 2951/2553/1198 1631/2358/1037
f 1630/2466/1124 2951/2553/1198 1632/2469/1127
f 1593/2470/1128 2952/2471/1129 1632/2469/1127
f 344/2431/1054 1601/2430/1099 2952/2471/1129
f 1632/2469/1127 2952/2471/1129 1601/2430/1099
f 1633/2472/1130 2953/2474/1132 1564/2473/1131
f 1570/2379/1058 2953/2474/1132 1633/2472/1130
f 344/2375/1054 1564/2473/1131 2953/2474/1132
f 1634/2354/1033 2954/2554/1199 1633/2472/1130
f 1635/2475/1133 2954/2554/1199 1634/2354/1033
f 1633/2472/1130 2954/2554/1199 1635/2475/1133
f 1591/2476/1134 2955/2477/1135 1635/2475/1133
f 343/2368/1047 1600/2441/1105 2955/2477/1135
f 1635/2475/1133 2955/2477/1135 1600/2441/1105
f 1636/2478/1136 2956/2480/1138 1562/2479/1137
f 1569/2372/1051 2956/2480/1138 1636/2478/1136
f 343/2368/1047 1562/2479/1137 2956/2480/1138
f 1637/2350/1029 2957/2555/1200 1636/2478/1136
f 1638/2481/1139 2957/2555/1200 1637/2350/1029
f 1636/2478/1136 2957/2555/1200 1638/2481/1139
f 1589/2482/1140 2958/2483/1141 1638/2481/1139
f 347/2396/1075 1599/2451/1110 2958/2483/1141
f 1638/2481/1139 2958/2483/1141 1599/2451/1110
f 1639/2484/1142 2959/2485/1143 1597/2458/1116
f 1568/2461/1119 2959/2485/1143 1639/2484/1142
f 346/2389/1068 1597/2458/1116 2959/2485/1143
f 1640/2344/1023 2960/2556/1201 1639/2484/1142
f 1641/2486/1144 2960/2556/1201 1640/2344/1023
f 1639/2484/1142 2960/2556/1201 1641/2486/1144
f 1588/2487/1145 2961/2488/1146 1641/2486/1144
f 341/2334/1013 1598/2361/1040 2961/2488/1146
f 1641/2486/1144 2961/2488/1146 1598/2361/1040
f 1642/2489/1147 2962/2490/1148 1595/2464/1122
f 1566/2467/1125 2962/2490/1148 1642/2489/1147
f 345/2382/1061 1595/2464/1122 2962/2490/1148
f 1643/2337/1016 2963/2557/1202 1642/2489/1147
f 1644/2491/1149 2963/2557/1202 1643/2337/1016
f 1642/2489/1147 2963/2557/1202 1644/2491/1149
f 1587/2492/1150 2964/2493/1151 1644/2491/1149
f 340/2327/1006 1596/2357/1036 2964/2493/1151
f 1644/2491/1149 2964/2493/1151 1596/2357/1036
f 1645/2494/1152 2965/2497/1153 1593/2470/1128
f 1564/2495/1131 2965/2497/1153 1645/2494/1152
f 344/2431/1054 1593/2470/1128 2965/2497/1153
f 1646/2330/1009 2966/2558/1203 1645/2494/1152
f 1647/2498/1154 2966/2558/1203 1646/2330/1009
f 1645/2494/1152 2966/2558/1203 1647/2498/1154
f 1585/2499/1155 2967/2501/1156 1647/2498/1154
f 339/2500/999 1594/2502/1032 2967/2501/1156
f 1647/2498/1154 2967/2501/1156 1594/2502/1032
f 1648/2503/1157 2968/2504/1158 1591/2476/1134
f 1562/2479/1137 2968/2504/1158 1648/2503/1157
f 343/2368/1047 1591/2476/1134 2968/2504/1158
f 1649/2323/1002 2969/2559/1204 1648/2503/1157
f 1650/2505/1159 2969/2559/1204 1649/2323/1002
f 1648/2503/1157 2969/2559/1204 1650/2505/1159
f 1581/2506/1160 2970/2507/1161 1650/2505/1159
f 338/2288/977 1592/2349/1028 2970/2507/1161
f 1650/2505/1159 2970/2507/1161 1592/2349/1028
f 1651/2508/1162 2971/2509/1163 1589/2482/1140
f 1560/2455/1113 2971/2509/1163 1651/2508/1162
f 347/2396/1075 1589/2482/1140 2971/2509/1163
f 1652/2318/997 2972/2560/1205 1651/2508/1162
f 1653/2510/1164 2972/2560/1205 1652/2318/997
f 1651/2508/1162 2972/2560/1205 1653/2510/1164
f 1582/2511/1165 2973/2512/1166 1653/2510/1164
f 342/2341/1020 1590/2365/1044 2973/2512/1166
f 1653/2510/1164 2973/2512/1166 1590/2365/1044
f 1654/2513/1167 2974/2515/1169 1553/2514/1168
f 1558/2345/1024 2974/2515/1169 1654/2513/1167
f 342/2341/1020 1553/2514/1168 2974/2515/1169
f 1655/2312/993 2975/2561/1206 1654/2513/1167
f 1656/2516/1170 2975/2561/1206 1655/2312/993
f 1654/2513/1167 2975/2561/1206 1656/2516/1170
f 1586/2517/1171 2976/2518/1172 1656/2516/1170
f 341/2334/1013 1588/2487/1145 2976/2518/1172
f 1656/2516/1170 2976/2518/1172 1588/2487/1145
f 1657/2519/1173 2977/2521/1174 1586/2520/1171
f 1557/2338/1017 2977/2521/1174 1657/2519/1173
f 341/2334/1013 1586/2520/1171 2977/2521/1174
f 1658/2305/989 2978/2562/1207 1657/2519/1173
f 1659/2522/1175 2978/2562/1207 1658/2305/989
f 1657/2519/1173 2978/2562/1207 1659/2522/1175
f 1584/2523/1176 2979/2524/1177 1659/2522/1175
f 340/2327/1006 1587/2492/1150 2979/2524/1177
f 1659/2522/1175 2979/2524/1177 1587/2492/1150
f 1660/2525/1178 2980/2527/1179 1584/2526/1176
f 1555/2331/1010 2980/2527/1179 1660/2525/1178
f 340/2327/1006 1584/2526/1176 2980/2527/1179
f 1661/2298/985 2981/2563/1208 1660/2525/1178
f 1662/2528/1180 2981/2563/1208 1661/2298/985
f 1660/2525/1178 2981/2563/1208 1662/2528/1180
f 1579/2529/1181 2982/2530/1182 1662/2528/1180
f 339/2500/999 1585/2499/1155 2982/2530/1182
f 1662/2528/1180 2982/2530/1182 1585/2499/1155
f 1663/2531/1183 2983/2534/1184 1582/2511/1165
f 1553/2532/1168 2983/2534/1184 1663/2531/1183
f 342/2341/1020 1582/2511/1165 2983/2534/1184
f 1664/2291/980 2984/2564/1209 1663/2531/1183
f 1665/2535/1185 2984/2564/1209 1664/2291/980
f 1663/2531/1183 2984/2564/1209 1665/2535/1185
f 1580/2536/974 2985/2538/1186 1665/2535/1185
f 337/2537/1 1583/2539/992 2985/2538/1186
f 1665/2535/1185 2985/2538/1186 1583/2539/992
f 1666/2540/1187 2986/2542/1188 1579/2541/1181
f 1551/2324/1003 2986/2542/1188 1666/2540/1187
f 339/2320/999 1579/2541/1181 2986/2542/1188
f 1667/2284/973 2987/2565/1210 1666/2540/1187
f 1668/2543/1189 2987/2565/1210 1667/2284/973
f 1666/2540/1187 2987/2565/1210 1668/2543/1189
f 1550/2544/981 2988/2545/1190 1668/2543/1189
f 338/2288/977 1581/2506/1160 2988/2545/1190
f 1668/2543/1189 2988/2545/1190 1581/2506/1160
usemtl Material.011
f 379/2566/1 2989/2567/971 1669/2568/972
f 1787/2569/973 1700/2570/974 392/2571/975
f 1669/2568/972 1787/2569/973 391/2572/976
f 380/2573/977 2990/2574/978 1672/2575/979
f 1784/2576/980 1670/2577/981 392/2578/975
f 1672/2575/979 1784/2576/980 394/2579/982
f 379/2580/1 2991/2581/983 1674/2582/984
f 1781/2583/985 1669/2584/972 391/2585/976
f 1674/2582/984 1781/2583/985 396/2586/986
f 379/2587/1 2992/2588/987 1676/2589/988
f 1778/2590/989 1674/2591/984 396/2592/986
f 1676/2589/988 1778/2590/989 398/2593/990
f 379/2594/1 2993/2595/991 1703/2596/992
f 1775/2597/993 1676/2598/988 398/2599/990
f 1703/2596/992 1775/2597/993 395/2600/994
f 380/2573/977 2994/2601/995 1679/2602/996
f 1772/2603/997 1672/2575/979 394/2579/982
f 1679/2602/996 1772/2603/997 401/2604/998
f 381/2605/999 2995/2606/1000 1681/2607/1001
f 1769/2608/1002 1671/2609/1003 393/2610/1004
f 1681/2607/1001 1769/2608/1002 403/2611/1005
f 382/2612/1006 2996/2613/1007 1683/2614/1008
f 1766/2615/1009 1675/2616/1010 397/2617/1211
f 1683/2614/1008 1766/2615/1009 405/2618/1012
f 383/2619/1013 2997/2620/1014 1685/2621/1015
f 1763/2622/1016 1677/2623/1017 399/2624/1018
f 1685/2621/1015 1763/2622/1016 407/2625/1019
f 384/2626/1020 2998/2627/1021 1687/2628/1022
f 1760/2629/1023 1678/2630/1024 400/2631/1025
f 1687/2628/1022 1760/2629/1023 409/2632/1026
f 380/2573/977 2999/2633/1027 1712/2634/1028
f 1757/2635/1029 1679/2602/996 401/2604/998
f 1712/2634/1028 1757/2635/1029 404/2636/1030
f 381/2605/999 3000/2637/1031 1714/2638/1032
f 1754/2639/1033 1681/2607/1001 403/2611/1005
f 1714/2638/1032 1754/2639/1033 406/2640/1034
f 382/2612/1006 3001/2641/1035 1716/2642/1036
f 1751/2643/1037 1683/2614/1008 405/2618/1012
f 1716/2642/1036 1751/2643/1037 408/2644/1038
f 383/2619/1013 3002/2645/1039 1718/2646/1040
f 1748/2647/1041 1685/2621/1015 407/2625/1019
f 1718/2646/1040 1748/2647/1041 410/2648/1042
f 384/2626/1020 3003/2649/1043 1710/2650/1044
f 1745/2651/1045 1687/2628/1022 409/2632/1026
f 1710/2650/1044 1745/2651/1045 402/2652/1046
f 385/2653/1047 3004/2654/1048 1694/2655/1049
f 1742/2656/1050 1689/2657/1051 411/2658/1052
f 1694/2655/1049 1742/2656/1050 416/2659/1053
f 386/2660/1054 3005/2661/1055 1696/2662/1056
f 1739/2663/1057 1690/2664/1058 412/2665/1059
f 1696/2662/1056 1739/2663/1057 418/2666/1060
f 387/2667/1061 3006/2668/1062 1697/2669/1063
f 1736/2670/1064 1691/2671/1065 413/2672/1066
f 1697/2669/1063 1736/2670/1064 419/2673/1067
f 388/2674/1068 3007/2675/1069 1698/2676/1212
f 1733/2677/1071 1692/2678/1072 414/2679/1073
f 1698/2676/1212 1733/2677/1071 420/2680/1074
f 389/2681/1075 3008/2682/1076 1725/2683/1077
f 1730/2684/1078 1693/2685/1079 415/2686/1213
f 1725/2683/1077 1730/2684/1078 417/2687/1081
f 1729/2688/1082 1695/2689/1083 417/2687/1081
f 1728/2690/1084 1729/2688/1082 420/2691/1074
f 390/2692/116 3009/2693/1085 1728/2690/1084
f 1730/2684/1078 1729/2688/1082 417/2687/1081
f 1731/2694/1086 1730/2684/1078 415/2686/1213
f 1729/2688/1082 1731/2694/1086 420/2691/1074
f 1723/2695/1087 1731/2694/1086 415/2686/1213
f 388/2674/1068 3011/2696/1088 1723/2695/1087
f 1731/2694/1086 1698/2697/1212 420/2691/1074
f 1732/2698/1089 1728/2699/1084 420/2680/1074
f 1727/2700/1090 1732/2698/1089 419/2701/1067
f 390/2702/116 3012/2703/1091 1727/2700/1090
f 1733/2677/1071 1732/2698/1089 420/2680/1074
f 1734/2704/1092 1733/2677/1071 414/2679/1073
f 1732/2698/1089 1734/2704/1092 419/2701/1067
f 1722/2705/1093 1734/2704/1092 414/2679/1073
f 387/2667/1061 3014/2706/1094 1722/2705/1093
f 1734/2704/1092 1697/2707/1063 419/2701/1067
f 1735/2708/1095 1727/2709/1090 419/2673/1067
f 1726/2710/1096 1735/2708/1095 418/2711/1060
f 390/2712/116 3015/2713/1097 1726/2710/1096
f 1736/2670/1064 1735/2708/1095 419/2673/1067
f 1737/2714/1098 1736/2670/1064 413/2672/1066
f 1735/2708/1095 1737/2714/1098 418/2711/1060
f 1721/2715/1099 1737/2714/1098 413/2672/1066
f 386/2716/1054 3017/2717/1100 1721/2715/1099
f 1737/2714/1098 1696/2718/1056 418/2711/1060
f 1738/2719/1101 1726/2720/1096 418/2666/1060
f 1724/2721/1102 1738/2719/1101 416/2722/1053
f 390/2723/116 3018/2724/1103 1724/2721/1102
f 1739/2663/1057 1738/2719/1101 418/2666/1060
f 1740/2725/1104 1739/2663/1057 412/2665/1059
f 1738/2719/1101 1740/2725/1104 416/2722/1053
f 1720/2726/1105 1740/2725/1104 412/2665/1059
f 385/2653/1047 3020/2727/1106 1720/2726/1105
f 1740/2725/1104 1694/2728/1049 416/2722/1053
f 1741/2729/1107 1724/2730/1102 416/2659/1053
f 1695/2731/1083 1741/2729/1107 417/2732/1081
f 390/2733/116 3021/2734/1108 1695/2731/1083
f 1742/2656/1050 1741/2729/1107 416/2659/1053
f 1743/2735/1109 1742/2656/1050 411/2658/1052
f 1741/2729/1107 1743/2735/1109 417/2732/1081
f 1719/2736/1110 1743/2735/1109 411/2658/1052
f 389/2681/1075 3023/2737/1111 1719/2736/1110
f 1743/2735/1109 1725/2738/1077 417/2732/1081
f 1744/2739/1112 1680/2740/1113 402/2652/1046
f 1693/2685/1079 1744/2739/1112 415/2686/1213
f 389/2681/1075 3024/2741/1114 1693/2685/1079
f 1745/2651/1045 1744/2739/1112 402/2652/1046
f 1746/2742/1115 1745/2651/1045 409/2632/1026
f 1744/2739/1112 1746/2742/1115 415/2686/1213
f 1717/2743/1116 1746/2742/1115 409/2632/1026
f 388/2674/1068 3026/2744/1117 1717/2743/1116
f 1746/2742/1115 1723/2695/1087 415/2686/1213
f 1747/2745/1118 1688/2746/1119 410/2648/1042
f 1692/2678/1072 1747/2745/1118 414/2679/1073
f 388/2674/1068 3027/2747/1120 1692/2678/1072
f 1748/2647/1041 1747/2745/1118 410/2648/1042
f 1749/2748/1121 1748/2647/1041 407/2625/1019
f 1747/2745/1118 1749/2748/1121 414/2679/1073
f 1715/2749/1122 1749/2748/1121 407/2625/1019
f 387/2667/1061 3029/2750/1123 1715/2749/1122
f 1749/2748/1121 1722/2705/1093 414/2679/1073
f 1750/2751/1124 1686/2752/1125 408/2644/1038
f 1691/2671/1065 1750/2751/1124 413/2672/1066
f 387/2667/1061 3030/2753/1126 1691/2671/1065
f 1751/2643/1037 1750/2751/1124 408/2644/1038
f 1752/2754/1127 1751/2643/1037 405/2618/1012
f 1750/2751/1124 1752/2754/1127 413/2672/1066
f 1713/2755/1128 1752/2754/1127 405/2618/1012
f 386/2716/1054 3032/2756/1129 1713/2755/1128
f 1752/2754/1127 1721/2715/1099 413/2672/1066
f 1753/2757/1130 1684/2758/1131 406/2640/1034
f 1690/2664/1058 1753/2757/1130 412/2665/1059
f 386/2660/1054 3033/2759/1132 1690/2664/1058
f 1754/2639/1033 1753/2757/1130 406/2640/1034
f 1755/2760/1133 1754/2639/1033 403/2611/1005
f 1753/2757/1130 1755/2760/1133 412/2665/1059
f 1711/2761/1134 1755/2760/1133 403/2611/1005
f 385/2653/1047 3035/2762/1135 1711/2761/1134
f 1755/2760/1133 1720/2726/1105 412/2665/1059
f 1756/2763/1136 1682/2764/1137 404/2636/1030
f 1689/2657/1051 1756/2763/1136 411/2658/1052
f 385/2653/1047 3036/2765/1138 1689/2657/1051
f 1757/2635/1029 1756/2763/1136 404/2636/1030
f 1758/2766/1139 1757/2635/1029 401/2604/998
f 1756/2763/1136 1758/2766/1139 411/2658/1052
f 1709/2767/1140 1758/2766/1139 401/2604/998
f 389/2681/1075 3038/2768/1141 1709/2767/1140
f 1758/2766/1139 1719/2736/1110 411/2658/1052
f 1759/2769/1142 1717/2743/1116 409/2632/1026
f 1688/2746/1119 1759/2769/1142 410/2648/1042
f 388/2674/1068 3039/2770/1143 1688/2746/1119
f 1760/2629/1023 1759/2769/1142 409/2632/1026
f 1761/2771/1144 1760/2629/1023 400/2631/1025
f 1759/2769/1142 1761/2771/1144 410/2648/1042
f 1708/2772/1145 1761/2771/1144 400/2631/1025
f 383/2619/1013 3041/2773/1146 1708/2772/1145
f 1761/2771/1144 1718/2646/1040 410/2648/1042
f 1762/2774/1147 1715/2749/1122 407/2625/1019
f 1686/2752/1125 1762/2774/1147 408/2644/1038
f 387/2667/1061 3042/2775/1148 1686/2752/1125
f 1763/2622/1016 1762/2774/1147 407/2625/1019
f 1764/2776/1149 1763/2622/1016 399/2624/1018
f 1762/2774/1147 1764/2776/1149 408/2644/1038
f 1707/2777/1150 1764/2776/1149 399/2624/1018
f 382/2612/1006 3044/2778/1151 1707/2777/1150
f 1764/2776/1149 1716/2642/1036 408/2644/1038
f 1765/2779/1152 1713/2755/1128 405/2618/1012
f 1684/2780/1131 1765/2779/1152 406/2781/1034
f 386/2716/1054 3045/2782/1153 1684/2780/1131
f 1766/2615/1009 1765/2779/1152 405/2618/1012
f 1767/2783/1154 1766/2615/1009 397/2617/1211
f 1765/2779/1152 1767/2783/1154 406/2781/1034
f 1705/2784/1155 1767/2783/1154 397/2617/1211
f 381/2785/999 3047/2786/1156 1705/2784/1155
f 1767/2783/1154 1714/2787/1032 406/2781/1034
f 1768/2788/1157 1711/2761/1134 403/2611/1005
f 1682/2764/1137 1768/2788/1157 404/2636/1030
f 385/2653/1047 3048/2789/1158 1682/2764/1137
f 1769/2608/1002 1768/2788/1157 403/2611/1005
f 1770/2790/1159 1769/2608/1002 393/2610/1004
f 1768/2788/1157 1770/2790/1159 404/2636/1030
f 1701/2791/1160 1770/2790/1159 393/2610/1004
f 380/2573/977 3050/2792/1161 1701/2791/1160
f 1770/2790/1159 1712/2634/1028 404/2636/1030
f 1771/2793/1162 1709/2767/1140 401/2604/998
f 1680/2740/1113 1771/2793/1162 402/2652/1046
f 389/2681/1075 3051/2794/1163 1680/2740/1113
f 1772/2603/997 1771/2793/1162 401/2604/998
f 1773/2795/1164 1772/2603/997 394/2579/982
f 1771/2793/1162 1773/2795/1164 402/2652/1046
f 1702/2796/1165 1773/2795/1164 394/2579/982
f 384/2626/1020 3053/2797/1166 1702/2796/1165
f 1773/2795/1164 1710/2650/1044 402/2652/1046
f 1774/2798/1167 1673/2799/1168 395/2600/994
f 1678/2630/1024 1774/2798/1167 400/2631/1025
f 384/2626/1020 3054/2800/1169 1678/2630/1024
f 1775/2597/993 1774/2798/1167 395/2600/994
f 1776/2801/1170 1775/2597/993 398/2599/990
f 1774/2798/1167 1776/2801/1170 400/2631/1025
f 1706/2802/1171 1776/2801/1170 398/2599/990
f 383/2619/1013 3056/2803/1172 1706/2802/1171
f 1776/2801/1170 1708/2772/1145 400/2631/1025
f 1777/2804/1173 1706/2805/1171 398/2593/990
f 1677/2623/1017 1777/2804/1173 399/2624/1018
f 383/2619/1013 3057/2806/1174 1677/2623/1017
f 1778/2590/989 1777/2804/1173 398/2593/990
f 1779/2807/1175 1778/2590/989 396/2592/986
f 1777/2804/1173 1779/2807/1175 399/2624/1018
f 1704/2808/1176 1779/2807/1175 396/2592/986
f 382/2612/1006 3059/2809/1177 1704/2808/1176
f 1779/2807/1175 1707/2777/1150 399/2624/1018
f 1780/2810/1178 1704/2811/1176 396/2586/986
f 1675/2616/1010 1780/2810/1178 397/2617/1211
f 382/2612/1006 3060/2812/1179 1675/2616/1010
f 1781/2583/985 1780/2810/1178 396/2586/986
f 1782/2813/1180 1781/2583/985 391/2585/976
f 1780/2810/1178 1782/2813/1180 397/2617/1211
f 1699/2814/1214 1782/2813/1180 391/2585/976
f 381/2785/999 3062/2815/1182 1699/2814/1214
f 1782/2813/1180 1705/2784/1155 397/2617/1211
f 1783/2816/1183 1702/2796/1165 394/2579/982
f 1673/2817/1168 1783/2816/1183 395/2818/994
f 384/2626/1020 3063/2819/1184 1673/2817/1168
f 1784/2576/980 1783/2816/1183 394/2579/982
f 1785/2820/1185 1784/2576/980 392/2578/975
f 1783/2816/1183 1785/2820/1185 395/2818/994
f 1700/2821/974 1785/2820/1185 392/2578/975
f 379/2822/1 3065/2823/1186 1700/2821/974
f 1785/2820/1185 1703/2824/992 395/2818/994
f 1786/2825/1187 1699/2826/1214 391/2572/976
f 1671/2609/1003 1786/2825/1187 393/2610/1004
f 381/2605/999 3066/2827/1188 1671/2609/1003
f 1787/2569/973 1786/2825/1187 391/2572/976
f 1788/2828/1189 1787/2569/973 392/2571/975
f 1786/2825/1187 1788/2828/1189 393/2610/1004
f 1670/2829/981 1788/2828/1189 392/2571/975
f 380/2573/977 3068/2830/1190 1670/2829/981
f 1788/2828/1189 1701/2791/1160 393/2610/1004
f 379/2566/1 1700/2570/974 2989/2567/971
f 1787/2569/973 2989/2567/971 1700/2570/974
f 1669/2568/972 2989/2567/971 1787/2569/973
f 380/2573/977 1670/2577/981 2990/2574/978
f 1784/2576/980 2990/2574/978 1670/2577/981
f 1672/2575/979 2990/2574/978 1784/2576/980
f 379/2580/1 1669/2584/972 2991/2581/983
f 1781/2583/985 2991/2581/983 1669/2584/972
f 1674/2582/984 2991/2581/983 1781/2583/985
f 379/2587/1 1674/2591/984 2992/2588/987
f 1778/2590/989 2992/2588/987 1674/2591/984
f 1676/2589/988 2992/2588/987 1778/2590/989
f 379/2594/1 1676/2598/988 2993/2595/991
f 1775/2597/993 2993/2595/991 1676/2598/988
f 1703/2596/992 2993/2595/991 1775/2597/993
f 380/2573/977 1672/2575/979 2994/2601/995
f 1772/2603/997 2994/2601/995 1672/2575/979
f 1679/2602/996 2994/2601/995 1772/2603/997
f 381/2605/999 1671/2609/1003 2995/2606/1000
f 1769/2608/1002 2995/2606/1000 1671/2609/1003
f 1681/2607/1001 2995/2606/1000 1769/2608/1002
f 382/2612/1006 1675/2616/1010 2996/2613/1007
f 1766/2615/1009 2996/2613/1007 1675/2616/1010
f 1683/2614/1008 2996/2613/1007 1766/2615/1009
f 383/2619/1013 1677/2623/1017 2997/2620/1014
f 1763/2622/1016 2997/2620/1014 1677/2623/1017
f 1685/2621/1015 2997/2620/1014 1763/2622/1016
f 384/2626/1020 1678/2630/1024 2998/2627/1021
f 1760/2629/1023 2998/2627/1021 1678/2630/1024
f 1687/2628/1022 2998/2627/1021 1760/2629/1023
f 380/2573/977 1679/2602/996 2999/2633/1027
f 1757/2635/1029 2999/2633/1027 1679/2602/996
f 1712/2634/1028 2999/2633/1027 1757/2635/1029
f 381/2605/999 1681/2607/1001 3000/2637/1031
f 1754/2639/1033 3000/2637/1031 1681/2607/1001
f 1714/2638/1032 3000/2637/1031 1754/2639/1033
f 382/2612/1006 1683/2614/1008 3001/2641/1035
f 1751/2643/1037 3001/2641/1035 1683/2614/1008
f 1716/2642/1036 3001/2641/1035 1751/2643/1037
f 383/2619/1013 1685/2621/1015 3002/2645/1039
f 1748/2647/1041 3002/2645/1039 1685/2621/1015
f 1718/2646/1040 3002/2645/1039 1748/2647/1041
f 384/2626/1020 1687/2628/1022 3003/2649/1043
f 1745/2651/1045 3003/2649/1043 1687/2628/1022
f 1710/2650/1044 3003/2649/1043 1745/2651/1045
f 385/2653/1047 1689/2657/1051 3004/2654/1048
f 1742/2656/1050 3004/2654/1048 1689/2657/1051
f 1694/2655/1049 3004/2654/1048 1742/2656/1050
f 386/2660/1054 1690/2664/1058 3005/2661/1055
f 1739/2663/1057 3005/2661/1055 1690/2664/1058
f 1696/2662/1056 3005/2661/1055 1739/2663/1057
f 387/2667/1061 1691/2671/1065 3006/2668/1062
f 1736/2670/1064 3006/2668/1062 1691/2671/1065
f 1697/2669/1063 3006/2668/1062 1736/2670/1064
f 388/2674/1068 1692/2678/1072 3007/2675/1069
f 1733/2677/1071 3007/2675/1069 1692/2678/1072
f 1698/2676/1212 3007/2675/1069 1733/2677/1071
f 389/2681/1075 1693/2685/1079 3008/2682/1076
f 1730/2684/1078 3008/2682/1076 1693/2685/1079
f 1725/2683/1077 3008/2682/1076 1730/2684/1078
f 1729/2688/1082 3009/2693/1085 1695/2689/1083
f 1728/2690/1084 3009/2693/1085 1729/2688/1082
f 390/2692/116 1695/2689/1083 3009/2693/1085
f 1730/2684/1078 3010/2831/1191 1729/2688/1082
f 1731/2694/1086 3010/2831/1191 1730/2684/1078
f 1729/2688/1082 3010/2831/1191 1731/2694/1086
f 1723/2695/1087 3011/2696/1088 1731/2694/1086
f 388/2674/1068 1698/2697/1212 3011/2696/1088
f 1731/2694/1086 3011/2696/1088 1698/2697/1212
f 1732/2698/1089 3012/2703/1091 1728/2699/1084
f 1727/2700/1090 3012/2703/1091 1732/2698/1089
f 390/2702/116 1728/2699/1084 3012/2703/1091
f 1733/2677/1071 3013/2832/1192 1732/2698/1089
f 1734/2704/1092 3013/2832/1192 1733/2677/1071
f 1732/2698/1089 3013/2832/1192 1734/2704/1092
f 1722/2705/1093 3014/2706/1094 1734/2704/1092
f 387/2667/1061 1697/2707/1063 3014/2706/1094
f 1734/2704/1092 3014/2706/1094 1697/2707/1063
f 1735/2708/1095 3015/2713/1097 1727/2709/1090
f 1726/2710/1096 3015/2713/1097 1735/2708/1095
f 390/2712/116 1727/2709/1090 3015/2713/1097
f 1736/2670/1064 3016/2833/1193 1735/2708/1095
f 1737/2714/1098 3016/2833/1193 1736/2670/1064
f 1735/2708/1095 3016/2833/1193 1737/2714/1098
f 1721/2715/1099 3017/2717/1100 1737/2714/1098
f 386/2716/1054 1696/2718/1056 3017/2717/1100
f 1737/2714/1098 3017/2717/1100 1696/2718/1056
f 1738/2719/1101 3018/2724/1103 1726/2720/1096
f 1724/2721/1102 3018/2724/1103 1738/2719/1101
f 390/2723/116 1726/2720/1096 3018/2724/1103
f 1739/2663/1057 3019/2834/1194 1738/2719/1101
f 1740/2725/1104 3019/2834/1194 1739/2663/1057
f 1738/2719/1101 3019/2834/1194 1740/2725/1104
f 1720/2726/1105 3020/2727/1106 1740/2725/1104
f 385/2653/1047 1694/2728/1049 3020/2727/1106
f 1740/2725/1104 3020/2727/1106 1694/2728/1049
f 1741/2729/1107 3021/2734/1108 1724/2730/1102
f 1695/2731/1083 3021/2734/1108 1741/2729/1107
f 390/2733/116 1724/2730/1102 3021/2734/1108
f 1742/2656/1050 3022/2835/1195 1741/2729/1107
f 1743/2735/1109 3022/2835/1195 1742/2656/1050
f 1741/2729/1107 3022/2835/1195 1743/2735/1109
f 1719/2736/1110 3023/2737/1111 1743/2735/1109
f 389/2681/1075 1725/2738/1077 3023/2737/1111
f 1743/2735/1109 3023/2737/1111 1725/2738/1077
f 1744/2739/1112 3024/2741/1114 1680/2740/1113
f 1693/2685/1079 3024/2741/1114 1744/2739/1112
f 389/2681/1075 1680/2740/1113 3024/2741/1114
f 1745/2651/1045 3025/2836/1196 1744/2739/1112
f 1746/2742/1115 3025/2836/1196 1745/2651/1045
f 1744/2739/1112 3025/2836/1196 1746/2742/1115
f 1717/2743/1116 3026/2744/1117 1746/2742/1115
f 388/2674/1068 1723/2695/1087 3026/2744/1117
f 1746/2742/1115 3026/2744/1117 1723/2695/1087
f 1747/2745/1118 3027/2747/1120 1688/2746/1119
f 1692/2678/1072 3027/2747/1120 1747/2745/1118
f 388/2674/1068 1688/2746/1119 3027/2747/1120
f 1748/2647/1041 3028/2837/1197 1747/2745/1118
f 1749/2748/1121 3028/2837/1197 1748/2647/1041
f 1747/2745/1118 3028/2837/1197 1749/2748/1121
f 1715/2749/1122 3029/2750/1123 1749/2748/1121
f 387/2667/1061 1722/2705/1093 3029/2750/1123
f 1749/2748/1121 3029/2750/1123 1722/2705/1093
f 1750/2751/1124 3030/2753/1126 1686/2752/1125
f 1691/2671/1065 3030/2753/1126 1750/2751/1124
f 387/2667/1061 1686/2752/1125 3030/2753/1126
f 1751/2643/1037 3031/2838/1198 1750/2751/1124
f 1752/2754/1127 3031/2838/1198 1751/2643/1037
f 1750/2751/1124 3031/2838/1198 1752/2754/1127
f 1713/2755/1128 3032/2756/1129 1752/2754/1127
f 386/2716/1054 1721/2715/1099 3032/2756/1129
f 1752/2754/1127 3032/2756/1129 1721/2715/1099
f 1753/2757/1130 3033/2759/1132 1684/2758/1131
f 1690/2664/1058 3033/2759/1132 1753/2757/1130
f 386/2660/1054 1684/2758/1131 3033/2759/1132
f 1754/2639/1033 3034/2839/1199 1753/2757/1130
f 1755/2760/1133 3034/2839/1199 1754/2639/1033
f 1753/2757/1130 3034/2839/1199 1755/2760/1133
f 1711/2761/1134 3035/2762/1135 1755/2760/1133
f 385/2653/1047 1720/2726/1105 3035/2762/1135
f 1755/2760/1133 3035/2762/1135 1720/2726/1105
f 1756/2763/1136 3036/2765/1138 1682/2764/1137
f 1689/2657/1051 3036/2765/1138 1756/2763/1136
f 385/2653/1047 1682/2764/1137 3036/2765/1138
f 1757/2635/1029 3037/2840/1200 1756/2763/1136
f 1758/2766/1139 3037/2840/1200 1757/2635/1029
f 1756/2763/1136 3037/2840/1200 1758/2766/1139
f 1709/2767/1140 3038/2768/1141 1758/2766/1139
f 389/2681/1075 1719/2736/1110 3038/2768/1141
f 1758/2766/1139 3038/2768/1141 1719/2736/1110
f 1759/2769/1142 3039/2770/1143 1717/2743/1116
f 1688/2746/1119 3039/2770/1143 1759/2769/1142
f 388/2674/1068 1717/2743/1116 3039/2770/1143
f 1760/2629/1023 3040/2841/1201 1759/2769/1142
f 1761/2771/1144 3040/2841/1201 1760/2629/1023
f 1759/2769/1142 3040/2841/1201 1761/2771/1144
f 1708/2772/1145 3041/2773/1146 1761/2771/1144
f 383/2619/1013 1718/2646/1040 3041/2773/1146
f 1761/2771/1144 3041/2773/1146 1718/2646/1040
f 1762/2774/1147 3042/2775/1148 1715/2749/1122
f 1686/2752/1125 3042/2775/1148 1762/2774/1147
f 387/2667/1061 1715/2749/1122 3042/2775/1148
f 1763/2622/1016 3043/2842/1202 1762/2774/1147
f 1764/2776/1149 3043/2842/1202 1763/2622/1016
f 1762/2774/1147 3043/2842/1202 1764/2776/1149
f 1707/2777/1150 3044/2778/1151 1764/2776/1149
f 382/2612/1006 1716/2642/1036 3044/2778/1151
f 1764/2776/1149 3044/2778/1151 1716/2642/1036
f 1765/2779/1152 3045/2782/1153 1713/2755/1128
f 1684/2780/1131 3045/2782/1153 1765/2779/1152
f 386/2716/1054 1713/2755/1128 3045/2782/1153
f 1766/2615/1009 3046/2843/1203 1765/2779/1152
f 1767/2783/1154 3046/2843/1203 1766/2615/1009
f 1765/2779/1152 3046/2843/1203 1767/2783/1154
f 1705/2784/1155 3047/2786/1156 1767/2783/1154
f 381/2785/999 1714/2787/1032 3047/2786/1156
f 1767/2783/1154 3047/2786/1156 1714/2787/1032
f 1768/2788/1157 3048/2789/1158 1711/2761/1134
f 1682/2764/1137 3048/2789/1158 1768/2788/1157
f 385/2653/1047 1711/2761/1134 3048/2789/1158
f 1769/2608/1002 3049/2844/1204 1768/2788/1157
f 1770/2790/1159 3049/2844/1204 1769/2608/1002
f 1768/2788/1157 3049/2844/1204 1770/2790/1159
f 1701/2791/1160 3050/2792/1161 1770/2790/1159
f 380/2573/977 1712/2634/1028 3050/2792/1161
f 1770/2790/1159 3050/2792/1161 1712/2634/1028
f 1771/2793/1162 3051/2794/1163 1709/2767/1140
f 1680/2740/1113 3051/2794/1163 1771/2793/1162
f 389/2681/1075 1709/2767/1140 3051/2794/1163
f 1772/2603/997 3052/2845/1205 1771/2793/1162
f 1773/2795/1164 3052/2845/1205 1772/2603/997
f 1771/2793/1162 3052/2845/1205 1773/2795/1164
f 1702/2796/1165 3053/2797/1166 1773/2795/1164
f 384/2626/1020 1710/2650/1044 3053/2797/1166
f 1773/2795/1164 3053/2797/1166 1710/2650/1044
f 1774/2798/1167 3054/2800/1169 1673/2799/1168
f 1678/2630/1024 3054/2800/1169 1774/2798/1167
f 384/2626/1020 1673/2799/1168 3054/2800/1169
f 1775/2597/993 3055/2846/1206 1774/2798/1167
f 1776/2801/1170 3055/2846/1206 1775/2597/993
f 1774/2798/1167 3055/2846/1206 1776/2801/1170
f 1706/2802/1171 3056/2803/1172 1776/2801/1170
f 383/2619/1013 1708/2772/1145 3056/2803/1172
f 1776/2801/1170 3056/2803/1172 1708/2772/1145
f 1777/2804/1173 3057/2806/1174 1706/2805/1171
f 1677/2623/1017 3057/2806/1174 1777/2804/1173
f 383/2619/1013 1706/2805/1171 3057/2806/1174
f 1778/2590/989 3058/2847/1207 1777/2804/1173
f 1779/2807/1175 3058/2847/1207 1778/2590/989
f 1777/2804/1173 3058/2847/1207 1779/2807/1175
f 1704/2808/1176 3059/2809/1177 1779/2807/1175
f 382/2612/1006 1707/2777/1150 3059/2809/1177
f 1779/2807/1175 3059/2809/1177 1707/2777/1150
f 1780/2810/1178 3060/2812/1179 1704/2811/1176
f 1675/2616/1010 3060/2812/1179 1780/2810/1178
f 382/2612/1006 1704/2811/1176 3060/2812/1179
f 1781/2583/985 3061/2848/1208 1780/2810/1178
f 1782/2813/1180 3061/2848/1208 1781/2583/985
f 1780/2810/1178 3061/2848/1208 1782/2813/1180
f 1699/2814/1214 3062/2815/1182 1782/2813/1180
f 381/2785/999 1705/2784/1155 3062/2815/1182
f 1782/2813/1180 3062/2815/1182 1705/2784/1155
f 1783/2816/1183 3063/2819/1184 1702/2796/1165
f 1673/2817/1168 3063/2819/1184 1783/2816/1183
f 384/2626/1020 1702/2796/1165 3063/2819/1184
f 1784/2576/980 3064/2849/1209 1783/2816/1183
f 1785/2820/1185 3064/2849/1209 1784/2576/980
f 1783/2816/1183 3064/2849/1209 1785/2820/1185
f 1700/2821/974 3065/2823/1186 1785/2820/1185
f 379/2822/1 1703/2824/992 3065/2823/1186
f 1785/2820/1185 3065/2823/1186 1703/2824/992
f 1786/2825/1187 3066/2827/1188 1699/2826/1214
f 1671/2609/1003 3066/2827/1188 1786/2825/1187
f 381/2605/999 1699/2826/1214 3066/2827/1188
f 1787/2569/973 3067/2850/1210 1786/2825/1187
f 1788/2828/1189 3067/2850/1210 1787/2569/973
f 1786/2825/1187 3067/2850/1210 1788/2828/1189
f 1670/2829/981 3068/2830/1190 1788/2828/1189
f 380/2573/977 1701/2791/1160 3068/2830/1190
f 1788/2828/1189 3068/2830/1190 1701/2791/1160
usemtl Material.012
f 421/2851/1 3069/2852/1215 1789/2853/1216
f 1907/2854/1217 1820/2855/1218 434/2856/1219
f 1789/2853/1216 1907/2854/1217 433/2857/1220
f 1790/2858/1221 1792/2859/1222 422/2860/1223
f 1904/2861/1224 1790/2858/1221 434/2862/1219
f 1792/2859/1222 1904/2861/1224 436/2863/1225
f 421/2864/1 3071/2865/1226 1794/2866/1227
f 1901/2867/1228 1789/2868/1216 433/2869/1220
f 1794/2866/1227 1901/2867/1228 438/2870/1229
f 421/2871/1 3072/2872/1230 1796/2873/1231
f 1898/2874/1232 1794/2875/1227 438/2876/1229
f 1796/2873/1231 1898/2874/1232 440/2877/1233
f 421/2878/1 3073/2879/1234 1823/2880/1235
f 1895/2881/1236 1796/2882/1231 440/2883/1233
f 1823/2880/1235 1895/2881/1236 437/2884/1237
f 1792/2859/1222 1799/2885/1238 422/2860/1223
f 1892/2886/1239 1792/2859/1222 436/2863/1225
f 1799/2885/1238 1892/2886/1239 443/2887/1240
f 423/2888/1241 3075/2889/1242 1801/2890/1243
f 1889/2891/1244 1791/2892/1245 435/2893/1246
f 1801/2890/1243 1889/2891/1244 445/2894/1247
f 424/2895/1248 3076/2896/1249 1803/2897/1250
f 1886/2898/1251 1795/2899/1252 439/2900/1253
f 1803/2897/1250 1886/2898/1251 447/2901/1254
f 425/2902/1255 3077/2903/1256 1805/2904/1257
f 1883/2905/1258 1797/2906/1259 441/2907/1260
f 1805/2904/1257 1883/2905/1258 449/2908/1261
f 426/2909/1262 3078/2910/1263 1807/2911/1264
f 1880/2912/1265 1798/2913/1266 442/2914/1267
f 1807/2911/1264 1880/2912/1265 451/2915/1268
f 422/2860/1223 3079/2916/1269 1832/2917/1270
f 1877/2918/1271 1799/2885/1238 443/2887/1240
f 1832/2917/1270 1877/2918/1271 446/2919/1272
f 1801/2890/1243 1834/2920/1273 423/2888/1241
f 1874/2921/1274 1801/2890/1243 445/2894/1247
f 1834/2920/1273 1874/2921/1274 448/2922/1275
f 424/2895/1248 3081/2923/1276 1836/2924/1277
f 1871/2925/1278 1803/2897/1250 447/2901/1254
f 1836/2924/1277 1871/2925/1278 450/2926/1279
f 425/2902/1255 3082/2927/1280 1838/2928/1281
f 1868/2929/1282 1805/2904/1257 449/2908/1261
f 1838/2928/1281 1868/2929/1282 452/2930/1283
f 426/2909/1262 3083/2931/1284 1830/2932/1285
f 1865/2933/1286 1807/2911/1264 451/2915/1268
f 1830/2932/1285 1865/2933/1286 444/2934/1287
f 1809/2935/1288 1814/2936/1289 427/2937/1290
f 1862/2938/1291 1809/2935/1288 453/2939/1292
f 1814/2936/1289 1862/2938/1291 458/2940/1293
f 428/2941/1294 3085/2942/1295 1816/2943/1296
f 1859/2944/1297 1810/2945/1298 454/2946/1299
f 1816/2943/1296 1859/2944/1297 460/2947/1300
f 429/2948/1301 3086/2949/1302 1817/2950/1303
f 1856/2951/1304 1811/2952/1305 455/2953/1306
f 1817/2950/1303 1856/2951/1304 461/2954/1307
f 430/2955/1308 3087/2956/1309 1818/2957/1310
f 1853/2958/1311 1812/2959/1312 456/2960/1313
f 1818/2957/1310 1853/2958/1311 462/2961/1314
f 431/2962/1315 3088/2963/1316 1845/2964/1317
f 1850/2965/1318 1813/2966/1319 457/2967/1320
f 1845/2964/1317 1850/2965/1318 459/2968/1321
f 1849/2969/1322 1815/2970/1323 459/2968/1321
f 1848/2971/1324 1849/2969/1322 462/2972/1314
f 432/2973/116 3089/2974/1325 1848/2971/1324
f 1850/2965/1318 1849/2969/1322 459/2968/1321
f 1851/2975/1326 1850/2965/1318 457/2967/1320
f 1849/2969/1322 1851/2975/1326 462/2972/1314
f 1843/2976/1327 1851/2975/1326 457/2967/1320
f 430/2955/1308 3091/2977/1328 1843/2976/1327
f 1851/2975/1326 1818/2978/1310 462/2972/1314
f 1852/2979/1329 1848/2980/1324 462/2961/1314
f 1847/2981/1330 1852/2979/1329 461/2982/1307
f 432/2983/116 3092/2984/1331 1847/2981/1330
f 1853/2958/1311 1852/2979/1329 462/2961/1314
f 1854/2985/1332 1853/2958/1311 456/2960/1313
f 1852/2979/1329 1854/2985/1332 461/2982/1307
f 1842/2986/1333 1854/2985/1332 456/2960/1313
f 429/2948/1301 3094/2987/1334 1842/2986/1333
f 1854/2985/1332 1817/2988/1303 461/2982/1307
f 1855/2989/1335 1847/2990/1330 461/2954/1307
f 1846/2991/1336 1855/2989/1335 460/2992/1300
f 432/2993/116 3095/2994/1337 1846/2991/1336
f 1856/2951/1304 1855/2989/1335 461/2954/1307
f 1857/2995/1338 1856/2951/1304 455/2953/1306
f 1855/2989/1335 1857/2995/1338 460/2992/1300
f 1841/2996/1339 1857/2995/1338 455/2953/1306
f 428/2997/1294 3097/2998/1340 1841/2996/1339
f 1857/2995/1338 1816/2999/1296 460/2992/1300
f 1858/3000/1341 1846/3001/1336 460/2947/1300
f 1844/3002/1342 1858/3000/1341 458/3003/1293
f 432/3004/116 3098/3005/1343 1844/3002/1342
f 1859/2944/1297 1858/3000/1341 460/2947/1300
f 1860/3006/1344 1859/2944/1297 454/2946/1299
f 1858/3000/1341 1860/3006/1344 458/3003/1293
f 1840/3007/1345 1860/3006/1344 454/2946/1299
f 427/2937/1290 3100/3008/1346 1840/3007/1345
f 1860/3006/1344 1814/3009/1289 458/3003/1293
f 1861/3010/1347 1844/3011/1342 458/2940/1293
f 1815/3012/1323 1861/3010/1347 459/3013/1321
f 432/3014/116 3101/3015/1348 1815/3012/1323
f 1862/2938/1291 1861/3010/1347 458/2940/1293
f 1863/3016/1349 1862/2938/1291 453/2939/1292
f 1861/3010/1347 1863/3016/1349 459/3013/1321
f 1839/3017/1350 1863/3016/1349 453/2939/1292
f 1845/3018/1317 1839/3017/1350 431/2962/1315
f 1863/3016/1349 1845/3018/1317 459/3013/1321
f 1864/3019/1351 1800/3020/1352 444/2934/1287
f 1813/2966/1319 1864/3019/1351 457/2967/1320
f 431/2962/1315 3104/3021/1353 1813/2966/1319
f 1865/2933/1286 1864/3019/1351 444/2934/1287
f 1866/3022/1354 1865/2933/1286 451/2915/1268
f 1864/3019/1351 1866/3022/1354 457/2967/1320
f 1837/3023/1355 1866/3022/1354 451/2915/1268
f 430/2955/1308 3106/3024/1356 1837/3023/1355
f 1866/3022/1354 1843/2976/1327 457/2967/1320
f 1867/3025/1357 1808/3026/1358 452/2930/1283
f 1812/2959/1312 1867/3025/1357 456/2960/1313
f 430/2955/1308 3107/3027/1359 1812/2959/1312
f 1868/2929/1282 1867/3025/1357 452/2930/1283
f 1869/3028/1360 1868/2929/1282 449/2908/1261
f 1867/3025/1357 1869/3028/1360 456/2960/1313
f 1835/3029/1361 1869/3028/1360 449/2908/1261
f 429/2948/1301 3109/3030/1362 1835/3029/1361
f 1869/3028/1360 1842/2986/1333 456/2960/1313
f 1870/3031/1363 1806/3032/1364 450/2926/1279
f 1811/2952/1305 1870/3031/1363 455/2953/1306
f 429/2948/1301 3110/3033/1365 1811/2952/1305
f 1871/2925/1278 1870/3031/1363 450/2926/1279
f 1872/3034/1366 1871/2925/1278 447/2901/1254
f 1870/3031/1363 1872/3034/1366 455/2953/1306
f 1833/3035/1367 1872/3034/1366 447/2901/1254
f 428/2997/1294 3112/3036/1368 1833/3035/1367
f 1872/3034/1366 1841/2996/1339 455/2953/1306
f 1873/3037/1369 1804/3038/1370 448/2922/1275
f 1810/2945/1298 1873/3037/1369 454/2946/1299
f 428/2941/1294 3113/3039/1371 1810/2945/1298
f 1874/2921/1274 1873/3037/1369 448/2922/1275
f 1875/3040/1372 1874/2921/1274 445/2894/1247
f 1873/3037/1369 1875/3040/1372 454/2946/1299
f 1831/3041/1373 1875/3040/1372 445/2894/1247
f 427/2937/1290 3115/3042/1374 1831/3041/1373
f 1875/3040/1372 1840/3007/1345 454/2946/1299
f 1876/3043/1375 1802/3044/1376 446/2919/1272
f 1809/2935/1288 1876/3043/1375 453/2939/1292
f 427/2937/1290 3116/3045/1377 1809/2935/1288
f 1877/2918/1271 1876/3043/1375 446/2919/1272
f 1878/3046/1378 1877/2918/1271 443/2887/1240
f 453/2939/1292 3117/3047/1379 1878/3046/1378
f 1829/3048/1380 1878/3046/1378 443/2887/1240
f 1839/3017/1350 1829/3048/1380 431/2962/1315
f 1878/3046/1378 1839/3017/1350 453/2939/1292
f 1879/3049/1381 1837/3023/1355 451/2915/1268
f 1808/3026/1358 1879/3049/1381 452/2930/1283
f 430/2955/1308 3119/3050/1382 1808/3026/1358
f 1880/2912/1265 1879/3049/1381 451/2915/1268
f 1881/3051/1383 1880/2912/1265 442/2914/1267
f 1879/3049/1381 1881/3051/1383 452/2930/1283
f 1828/3052/1384 1881/3051/1383 442/2914/1267
f 425/2902/1255 3121/3053/1385 1828/3052/1384
f 1881/3051/1383 1838/2928/1281 452/2930/1283
f 1882/3054/1386 1835/3029/1361 449/2908/1261
f 1806/3032/1364 1882/3054/1386 450/2926/1279
f 429/2948/1301 3122/3055/1387 1806/3032/1364
f 1883/2905/1258 1882/3054/1386 449/2908/1261
f 1884/3056/1388 1883/2905/1258 441/2907/1260
f 1882/3054/1386 1884/3056/1388 450/2926/1279
f 1827/3057/1389 1884/3056/1388 441/2907/1260
f 424/2895/1248 3124/3058/1390 1827/3057/1389
f 1884/3056/1388 1836/2924/1277 450/2926/1279
f 1885/3059/1391 1833/3035/1367 447/2901/1254
f 1804/3060/1370 1885/3059/1391 448/3061/1275
f 428/2997/1294 3125/3062/1392 1804/3060/1370
f 1886/2898/1251 1885/3059/1391 447/2901/1254
f 1887/3063/1393 1886/2898/1251 439/2900/1253
f 1885/3059/1391 1887/3063/1393 448/3061/1275
f 1825/3064/1394 1887/3063/1393 439/2900/1253
f 423/3065/1241 3127/3066/1395 1825/3064/1394
f 1887/3063/1393 1834/3067/1273 448/3061/1275
f 445/2894/1247 3128/3068/1396 1831/3041/1373
f 446/2919/1272 3128/3068/1396 1888/3069/1397
f 1831/3041/1373 1802/3044/1376 427/2937/1290
f 445/2894/1247 3129/3070/1398 1888/3069/1397
f 1890/3071/1399 1889/2891/1244 435/2893/1246
f 446/2919/1272 3129/3070/1398 1890/3071/1399
f 435/2893/1246 3130/3072/1400 1890/3071/1399
f 1832/2917/1270 1821/3073/1401 422/2860/1223
f 1890/3071/1399 1832/2917/1270 446/2919/1272
f 1891/3074/1402 1829/3048/1380 443/2887/1240
f 1800/3020/1352 1891/3074/1402 444/2934/1287
f 431/2962/1315 3131/3075/1403 1800/3020/1352
f 1892/2886/1239 1891/3074/1402 443/2887/1240
f 1893/3076/1404 1892/2886/1239 436/2863/1225
f 1891/3074/1402 1893/3076/1404 444/2934/1287
f 1822/3077/1405 1893/3076/1404 436/2863/1225
f 426/2909/1262 3133/3078/1406 1822/3077/1405
f 1893/3076/1404 1830/2932/1285 444/2934/1287
f 1894/3079/1407 1793/3080/1408 437/2884/1237
f 1798/2913/1266 1894/3079/1407 442/2914/1267
f 426/2909/1262 3134/3081/1409 1798/2913/1266
f 1895/2881/1236 1894/3079/1407 437/2884/1237
f 1896/3082/1410 1895/2881/1236 440/2883/1233
f 1894/3079/1407 1896/3082/1410 442/2914/1267
f 1826/3083/1411 1896/3082/1410 440/2883/1233
f 425/2902/1255 3136/3084/1412 1826/3083/1411
f 1896/3082/1410 1828/3052/1384 442/2914/1267
f 1897/3085/1413 1826/3086/1411 440/2877/1233
f 1797/2906/1259 1897/3085/1413 441/2907/1260
f 425/2902/1255 3137/3087/1414 1797/2906/1259
f 1898/2874/1232 1897/3085/1413 440/2877/1233
f 1899/3088/1415 1898/2874/1232 438/2876/1229
f 1897/3085/1413 1899/3088/1415 441/2907/1260
f 1824/3089/1416 1899/3088/1415 438/2876/1229
f 424/2895/1248 3139/3090/1417 1824/3089/1416
f 1899/3088/1415 1827/3057/1389 441/2907/1260
f 1900/3091/1418 1824/3092/1416 438/2870/1229
f 1795/2899/1252 1900/3091/1418 439/2900/1253
f 424/2895/1248 3140/3093/1419 1795/2899/1252
f 1901/2867/1228 1900/3091/1418 438/2870/1229
f 1902/3094/1420 1901/2867/1228 433/2869/1220
f 1900/3091/1418 1902/3094/1420 439/2900/1253
f 1819/3095/1421 1902/3094/1420 433/2869/1220
f 423/3065/1241 3142/3096/1422 1819/3095/1421
f 1902/3094/1420 1825/3064/1394 439/2900/1253
f 1903/3097/1423 1822/3077/1405 436/2863/1225
f 1793/3098/1408 1903/3097/1423 437/3099/1237
f 426/2909/1262 3143/3100/1424 1793/3098/1408
f 1904/2861/1224 1903/3097/1423 436/2863/1225
f 1905/3101/1425 1904/2861/1224 434/2862/1219
f 1903/3097/1423 1905/3101/1425 437/3099/1237
f 1820/3102/1218 1905/3101/1425 434/2862/1219
f 421/3103/1 3145/3104/1426 1820/3102/1218
f 1905/3101/1425 1823/3105/1235 437/3099/1237
f 1906/3106/1427 1819/3107/1421 433/2857/1220
f 1791/2892/1245 1906/3106/1427 435/2893/1246
f 1819/3107/1421 1791/2892/1245 423/2888/1241
f 1907/2854/1217 1906/3106/1427 433/2857/1220
f 1908/3108/1428 1907/2854/1217 434/2856/1219
f 1906/3106/1427 1908/3108/1428 435/2893/1246
f 1790/3109/1221 1908/3108/1428 434/2856/1219
f 422/2860/1223 3148/3110/1429 1790/3109/1221
f 1908/3108/1428 1821/3073/1401 435/2893/1246
f 421/2851/1 1820/2855/1218 3069/2852/1215
f 1907/2854/1217 3069/2852/1215 1820/2855/1218
f 1789/2853/1216 3069/2852/1215 1907/2854/1217
f 1790/2858/1221 3070/3111/1430 1792/2859/1222
f 1904/2861/1224 3070/3111/1430 1790/2858/1221
f 1792/2859/1222 3070/3111/1430 1904/2861/1224
f 421/2864/1 1789/2868/1216 3071/2865/1226
f 1901/2867/1228 3071/2865/1226 1789/2868/1216
f 1794/2866/1227 3071/2865/1226 1901/2867/1228
f 421/2871/1 1794/2875/1227 3072/2872/1230
f 1898/2874/1232 3072/2872/1230 1794/2875/1227
f 1796/2873/1231 3072/2872/1230 1898/2874/1232
f 421/2878/1 1796/2882/1231 3073/2879/1234
f 1895/2881/1236 3073/2879/1234 1796/2882/1231
f 1823/2880/1235 3073/2879/1234 1895/2881/1236
f 1792/2859/1222 3074/3112/1431 1799/2885/1238
f 1892/2886/1239 3074/3112/1431 1792/2859/1222
f 1799/2885/1238 3074/3112/1431 1892/2886/1239
f 423/2888/1241 1791/2892/1245 3075/2889/1242
f 1889/2891/1244 3075/2889/1242 1791/2892/1245
f 1801/2890/1243 3075/2889/1242 1889/2891/1244
f 424/2895/1248 1795/2899/1252 3076/2896/1249
f 1886/2898/1251 3076/2896/1249 1795/2899/1252
f 1803/2897/1250 3076/2896/1249 1886/2898/1251
f 425/2902/1255 1797/2906/1259 3077/2903/1256
f 1883/2905/1258 3077/2903/1256 1797/2906/1259
f 1805/2904/1257 3077/2903/1256 1883/2905/1258
f 426/2909/1262 1798/2913/1266 3078/2910/1263
f 1880/2912/1265 3078/2910/1263 1798/2913/1266
f 1807/2911/1264 3078/2910/1263 1880/2912/1265
f 422/2860/1223 1799/2885/1238 3079/2916/1269
f 1877/2918/1271 3079/2916/1269 1799/2885/1238
f 1832/2917/1270 3079/2916/1269 1877/2918/1271
f 1801/2890/1243 3080/3113/1432 1834/2920/1273
f 1874/2921/1274 3080/3113/1432 1801/2890/1243
f 1834/2920/1273 3080/3113/1432 1874/2921/1274
f 424/2895/1248 1803/2897/1250 3081/2923/1276
f 1871/2925/1278 3081/2923/1276 1803/2897/1250
f 1836/2924/1277 3081/2923/1276 1871/2925/1278
f 425/2902/1255 1805/2904/1257 3082/2927/1280
f 1868/2929/1282 3082/2927/1280 1805/2904/1257
f 1838/2928/1281 3082/2927/1280 1868/2929/1282
f 426/2909/1262 1807/2911/1264 3083/2931/1284
f 1865/2933/1286 3083/2931/1284 1807/2911/1264
f 1830/2932/1285 3083/2931/1284 1865/2933/1286
f 1809/2935/1288 3084/3114/1433 1814/2936/1289
f 1862/2938/1291 3084/3114/1433 1809/2935/1288
f 1814/2936/1289 3084/3114/1433 1862/2938/1291
f 428/2941/1294 1810/2945/1298 3085/2942/1295
f 1859/2944/1297 3085/2942/1295 1810/2945/1298
f 1816/2943/1296 3085/2942/1295 1859/2944/1297
f 429/2948/1301 1811/2952/1305 3086/2949/1302
f 1856/2951/1304 3086/2949/1302 1811/2952/1305
f 1817/2950/1303 3086/2949/1302 1856/2951/1304
f 430/2955/1308 1812/2959/1312 3087/2956/1309
f 1853/2958/1311 3087/2956/1309 1812/2959/1312
f 1818/2957/1310 3087/2956/1309 1853/2958/1311
f 431/2962/1315 1813/2966/1319 3088/2963/1316
f 1850/2965/1318 3088/2963/1316 1813/2966/1319
f 1845/2964/1317 3088/2963/1316 1850/2965/1318
f 1849/2969/1322 3089/2974/1325 1815/2970/1323
f 1848/2971/1324 3089/2974/1325 1849/2969/1322
f 432/2973/116 1815/2970/1323 3089/2974/1325
f 1850/2965/1318 3090/3115/1434 1849/2969/1322
f 1851/2975/1326 3090/3115/1434 1850/2965/1318
f 1849/2969/1322 3090/3115/1434 1851/2975/1326
f 1843/2976/1327 3091/2977/1328 1851/2975/1326
f 430/2955/1308 1818/2978/1310 3091/2977/1328
f 1851/2975/1326 3091/2977/1328 1818/2978/1310
f 1852/2979/1329 3092/2984/1331 1848/2980/1324
f 1847/2981/1330 3092/2984/1331 1852/2979/1329
f 432/2983/116 1848/2980/1324 3092/2984/1331
f 1853/2958/1311 3093/3116/1435 1852/2979/1329
f 1854/2985/1332 3093/3116/1435 1853/2958/1311
f 1852/2979/1329 3093/3116/1435 1854/2985/1332
f 1842/2986/1333 3094/2987/1334 1854/2985/1332
f 429/2948/1301 1817/2988/1303 3094/2987/1334
f 1854/2985/1332 3094/2987/1334 1817/2988/1303
f 1855/2989/1335 3095/2994/1337 1847/2990/1330
f 1846/2991/1336 3095/2994/1337 1855/2989/1335
f 432/2993/116 1847/2990/1330 3095/2994/1337
f 1856/2951/1304 3096/3117/1436 1855/2989/1335
f 1857/2995/1338 3096/3117/1436 1856/2951/1304
f 1855/2989/1335 3096/3117/1436 1857/2995/1338
f 1841/2996/1339 3097/2998/1340 1857/2995/1338
f 428/2997/1294 1816/2999/1296 3097/2998/1340
f 1857/2995/1338 3097/2998/1340 1816/2999/1296
f 1858/3000/1341 3098/3005/1343 1846/3001/1336
f 1844/3002/1342 3098/3005/1343 1858/3000/1341
f 432/3004/116 1846/3001/1336 3098/3005/1343
f 1859/2944/1297 3099/3118/1437 1858/3000/1341
f 1860/3006/1344 3099/3118/1437 1859/2944/1297
f 1858/3000/1341 3099/3118/1437 1860/3006/1344
f 1840/3007/1345 3100/3008/1346 1860/3006/1344
f 427/2937/1290 1814/3009/1289 3100/3008/1346
f 1860/3006/1344 3100/3008/1346 1814/3009/1289
f 1861/3010/1347 3101/3015/1348 1844/3011/1342
f 1815/3012/1323 3101/3015/1348 1861/3010/1347
f 432/3014/116 1844/3011/1342 3101/3015/1348
f 1862/2938/1291 3102/3119/1438 1861/3010/1347
f 1863/3016/1349 3102/3119/1438 1862/2938/1291
f 1861/3010/1347 3102/3119/1438 1863/3016/1349
f 1839/3017/1350 3103/3120/1439 1863/3016/1349
f 1845/3018/1317 3103/3120/1439 1839/3017/1350
f 1863/3016/1349 3103/3120/1439 1845/3018/1317
f 1864/3019/1351 3104/3021/1353 1800/3020/1352
f 1813/2966/1319 3104/3021/1353 1864/3019/1351
f 431/2962/1315 1800/3020/1352 3104/3021/1353
f 1865/2933/1286 3105/3121/1440 1864/3019/1351
f 1866/3022/1354 3105/3121/1440 1865/2933/1286
f 1864/3019/1351 3105/3121/1440 1866/3022/1354
f 1837/3023/1355 3106/3024/1356 1866/3022/1354
f 430/2955/1308 1843/2976/1327 3106/3024/1356
f 1866/3022/1354 3106/3024/1356 1843/2976/1327
f 1867/3025/1357 3107/3027/1359 1808/3026/1358
f 1812/2959/1312 3107/3027/1359 1867/3025/1357
f 430/2955/1308 1808/3026/1358 3107/3027/1359
f 1868/2929/1282 3108/3122/1441 1867/3025/1357
f 1869/3028/1360 3108/3122/1441 1868/2929/1282
f 1867/3025/1357 3108/3122/1441 1869/3028/1360
f 1835/3029/1361 3109/3030/1362 1869/3028/1360
f 429/2948/1301 1842/2986/1333 3109/3030/1362
f 1869/3028/1360 3109/3030/1362 1842/2986/1333
f 1870/3031/1363 3110/3033/1365 1806/3032/1364
f 1811/2952/1305 3110/3033/1365 1870/3031/1363
f 429/2948/1301 1806/3032/1364 3110/3033/1365
f 1871/2925/1278 3111/3123/1442 1870/3031/1363
f 1872/3034/1366 3111/3123/1442 1871/2925/1278
f 1870/3031/1363 3111/3123/1442 1872/3034/1366
f 1833/3035/1367 3112/3036/1368 1872/3034/1366
f 428/2997/1294 1841/2996/1339 3112/3036/1368
f 1872/3034/1366 3112/3036/1368 1841/2996/1339
f 1873/3037/1369 3113/3039/1371 1804/3038/1370
f 1810/2945/1298 3113/3039/1371 1873/3037/1369
f 428/2941/1294 1804/3038/1370 3113/3039/1371
f 1874/2921/1274 3114/3124/1443 1873/3037/1369
f 1875/3040/1372 3114/3124/1443 1874/2921/1274
f 1873/3037/1369 3114/3124/1443 1875/3040/1372
f 1831/3041/1373 3115/3042/1374 1875/3040/1372
f 427/2937/1290 1840/3007/1345 3115/3042/1374
f 1875/3040/1372 3115/3042/1374 1840/3007/1345
f 1876/3043/1375 3116/3045/1377 1802/3044/1376
f 1809/2935/1288 3116/3045/1377 1876/3043/1375
f 427/2937/1290 1802/3044/1376 3116/3045/1377
f 1877/2918/1271 3117/3047/1379 1876/3043/1375
f 1878/3046/1378 3117/3047/1379 1877/2918/1271
f 453/2939/1292 1876/3043/1375 3117/3047/1379
f 1829/3048/1380 3118/3125/1444 1878/3046/1378
f 1839/3017/1350 3118/3125/1444 1829/3048/1380
f 1878/3046/1378 3118/3125/1444 1839/3017/1350
f 1879/3049/1381 3119/3050/1382 1837/3023/1355
f 1808/3026/1358 3119/3050/1382 1879/3049/1381
f 430/2955/1308 1837/3023/1355 3119/3050/1382
f 1880/2912/1265 3120/3126/1445 1879/3049/1381
f 1881/3051/1383 3120/3126/1445 1880/2912/1265
f 1879/3049/1381 3120/3126/1445 1881/3051/1383
f 1828/3052/1384 3121/3053/1385 1881/3051/1383
f 425/2902/1255 1838/2928/1281 3121/3053/1385
f 1881/3051/1383 3121/3053/1385 1838/2928/1281
f 1882/3054/1386 3122/3055/1387 1835/3029/1361
f 1806/3032/1364 3122/3055/1387 1882/3054/1386
f 429/2948/1301 1835/3029/1361 3122/3055/1387
f 1883/2905/1258 3123/3127/1446 1882/3054/1386
f 1884/3056/1388 3123/3127/1446 1883/2905/1258
f 1882/3054/1386 3123/3127/1446 1884/3056/1388
f 1827/3057/1389 3124/3058/1390 1884/3056/1388
f 424/2895/1248 1836/2924/1277 3124/3058/1390
f 1884/3056/1388 3124/3058/1390 1836/2924/1277
f 1885/3059/1391 3125/3062/1392 1833/3035/1367
f 1804/3060/1370 3125/3062/1392 1885/3059/1391
f 428/2997/1294 1833/3035/1367 3125/3062/1392
f 1886/2898/1251 3126/3128/1447 1885/3059/1391
f 1887/3063/1393 3126/3128/1447 1886/2898/1251
f 1885/3059/1391 3126/3128/1447 1887/3063/1393
f 1825/3064/1394 3127/3066/1395 1887/3063/1393
f 423/3065/1241 1834/3067/1273 3127/3066/1395
f 1887/3063/1393 3127/3066/1395 1834/3067/1273
f 445/2894/1247 1888/3069/1397 3128/3068/1396
f 446/2919/1272 1802/3044/1376 3128/3068/1396
f 1831/3041/1373 3128/3068/1396 1802/3044/1376
f 445/2894/1247 1889/2891/1244 3129/3070/1398
f 1890/3071/1399 3129/3070/1398 1889/2891/1244
f 446/2919/1272 1888/3069/1397 3129/3070/1398
f 435/2893/1246 1821/3073/1401 3130/3072/1400
f 1832/2917/1270 3130/3072/1400 1821/3073/1401
f 1890/3071/1399 3130/3072/1400 1832/2917/1270
f 1891/3074/1402 3131/3075/1403 1829/3048/1380
f 1800/3020/1352 3131/3075/1403 1891/3074/1402
f 431/2962/1315 1829/3048/1380 3131/3075/1403
f 1892/2886/1239 3132/3129/1448 1891/3074/1402
f 1893/3076/1404 3132/3129/1448 1892/2886/1239
f 1891/3074/1402 3132/3129/1448 1893/3076/1404
f 1822/3077/1405 3133/3078/1406 1893/3076/1404
f 426/2909/1262 1830/2932/1285 3133/3078/1406
f 1893/3076/1404 3133/3078/1406 1830/2932/1285
f 1894/3079/1407 3134/3081/1409 1793/3080/1408
f 1798/2913/1266 3134/3081/1409 1894/3079/1407
f 426/2909/1262 1793/3080/1408 3134/3081/1409
f 1895/2881/1236 3135/3130/1449 1894/3079/1407
f 1896/3082/1410 3135/3130/1449 1895/2881/1236
f 1894/3079/1407 3135/3130/1449 1896/3082/1410
f 1826/3083/1411 3136/3084/1412 1896/3082/1410
f 425/2902/1255 1828/3052/1384 3136/3084/1412
f 1896/3082/1410 3136/3084/1412 1828/3052/1384
f 1897/3085/1413 3137/3087/1414 1826/3086/1411
f 1797/2906/1259 3137/3087/1414 1897/3085/1413
f 425/2902/1255 1826/3086/1411 3137/3087/1414
f 1898/2874/1232 3138/3131/1450 1897/3085/1413
f 1899/3088/1415 3138/3131/1450 1898/2874/1232
f 1897/3085/1413 3138/3131/1450 1899/3088/1415
f 1824/3089/1416 3139/3090/1417 1899/3088/1415
f 424/2895/1248 1827/3057/1389 3139/3090/1417
f 1899/3088/1415 3139/3090/1417 1827/3057/1389
f 1900/3091/1418 3140/3093/1419 1824/3092/1416
f 1795/2899/1252 3140/3093/1419 1900/3091/1418
f 424/2895/1248 1824/3092/1416 3140/3093/1419
f 1901/2867/1228 3141/3132/1451 1900/3091/1418
f 1902/3094/1420 3141/3132/1451 1901/2867/1228
f 1900/3091/1418 3141/3132/1451 1902/3094/1420
f 1819/3095/1421 3142/3096/1422 1902/3094/1420
f 423/3065/1241 1825/3064/1394 3142/3096/1422
f 1902/3094/1420 3142/3096/1422 1825/3064/1394
f 1903/3097/1423 3143/3100/1424 1822/3077/1405
f 1793/3098/1408 3143/3100/1424 1903/3097/1423
f 426/2909/1262 1822/3077/1405 3143/3100/1424
f 1904/2861/1224 3144/3133/1452 1903/3097/1423
f 1905/3101/1425 3144/3133/1452 1904/2861/1224
f 1903/3097/1423 3144/3133/1452 1905/3101/1425
f 1820/3102/1218 3145/3104/1426 1905/3101/1425
f 421/3103/1 1823/3105/1235 3145/3104/1426
f 1905/3101/1425 3145/3104/1426 1823/3105/1235
f 1906/3106/1427 3146/3134/1453 1819/3107/1421
f 1791/2892/1245 3146/3134/1453 1906/3106/1427
f 1819/3107/1421 3146/3134/1453 1791/2892/1245
f 1907/2854/1217 3147/3135/1454 1906/3106/1427
f 1908/3108/1428 3147/3135/1454 1907/2854/1217
f 1906/3106/1427 3147/3135/1454 1908/3108/1428
f 1790/3109/1221 3148/3110/1429 1908/3108/1428
f 422/2860/1223 1821/3073/1401 3148/3110/1429
f 1908/3108/1428 3148/3110/1429 1821/3073/1401
usemtl Material.013
f 463/3136/1 3149/3137/1215 1909/3138/1216
f 2027/3139/1455 1940/3140/1218 476/3141/1456
f 1909/3138/1216 2027/3139/1455 475/3142/1457
f 464/3143/1458 3150/3144/1459 1912/3145/1460
f 2024/3146/1461 1910/3147/1462 476/3148/1456
f 1912/3145/1460 2024/3146/1461 478/3149/1463
f 463/3150/1 3151/3151/1226 1914/3152/1227
f 2021/3153/1228 1909/3154/1216 475/3155/1457
f 1914/3152/1227 2021/3153/1228 480/3156/1229
f 463/3157/1 3152/3158/1230 1916/3159/1231
f 2018/3160/1232 1914/3161/1227 480/3162/1229
f 1916/3159/1231 2018/3160/1232 482/3163/1233
f 463/3164/1 3153/3165/1234 1943/3166/1235
f 2015/3167/1236 1916/3168/1231 482/3169/1233
f 1943/3166/1235 2015/3167/1236 479/3170/1237
f 464/3143/1458 3154/3171/1464 1919/3172/1465
f 2012/3173/1466 1912/3145/1460 478/3149/1463
f 1919/3172/1465 2012/3173/1466 485/3174/1467
f 465/3175/1468 3155/3176/1469 1921/3177/1470
f 2009/3178/1471 1911/3179/1472 477/3180/1473
f 1921/3177/1470 2009/3178/1471 487/3181/1474
f 466/3182/1248 3156/3183/1249 1923/3184/1250
f 2006/3185/1251 1915/3186/1252 481/3187/1253
f 1923/3184/1250 2006/3185/1251 489/3188/1254
f 467/3189/1255 3157/3190/1256 1925/3191/1257
f 2003/3192/1258 1917/3193/1259 483/3194/1260
f 1925/3191/1257 2003/3192/1258 491/3195/1261
f 468/3196/1262 3158/3197/1263 1927/3198/1264
f 2000/3199/1265 1918/3200/1266 484/3201/1267
f 1927/3198/1264 2000/3199/1265 493/3202/1268
f 464/3143/1458 3159/3203/1475 1952/3204/1476
f 1997/3205/1477 1919/3172/1465 485/3174/1467
f 1952/3204/1476 1997/3205/1477 488/3206/1478
f 465/3175/1468 3160/3207/1479 1954/3208/1480
f 1994/3209/1481 1921/3177/1470 487/3181/1474
f 1954/3208/1480 1994/3209/1481 490/3210/1482
f 466/3182/1248 3161/3211/1276 1956/3212/1277
f 1991/3213/1278 1923/3184/1250 489/3188/1254
f 1956/3212/1277 1991/3213/1278 492/3214/1279
f 467/3189/1255 3162/3215/1280 1958/3216/1281
f 1988/3217/1282 1925/3191/1257 491/3195/1261
f 1958/3216/1281 1988/3217/1282 494/3218/1283
f 468/3196/1262 3163/3219/1483 1950/3220/1285
f 1985/3221/1286 1927/3198/1264 493/3202/1268
f 1950/3220/1285 1985/3221/1286 486/3222/1484
f 469/3223/1485 3164/3224/1486 1934/3225/1487
f 1982/3226/1488 1929/3227/1489 495/3228/1490
f 1934/3225/1487 1982/3226/1488 500/3229/1491
f 470/3230/1294 3165/3231/1295 1936/3232/1296
f 1979/3233/1297 1930/3234/1298 496/3235/1492
f 1936/3232/1296 1979/3233/1297 502/3236/1300
f 471/3237/1301 3166/3238/1302 1937/3239/1303
f 1976/3240/1304 1931/3241/1305 497/3242/1306
f 1937/3239/1303 1976/3240/1304 503/3243/1307
f 472/3244/1308 3167/3245/1309 1938/3246/1310
f 1973/3247/1311 1932/3248/1312 498/3249/1313
f 1938/3246/1310 1973/3247/1311 504/3250/1314
f 473/3251/1493 3168/3252/1316 1965/3253/1494
f 1970/3254/1318 1933/3255/1319 499/3256/1320
f 1965/3253/1494 1970/3254/1318 501/3257/1495
f 1969/3258/1322 1935/3259/1323 501/3257/1495
f 1968/3260/1324 1969/3258/1322 504/3261/1314
f 474/3262/116 3169/3263/1325 1968/3260/1324
f 1970/3254/1318 1969/3258/1322 501/3257/1495
f 1971/3264/1326 1970/3254/1318 499/3256/1320
f 1969/3258/1322 1971/3264/1326 504/3261/1314
f 1963/3265/1327 1971/3264/1326 499/3256/1320
f 472/3244/1308 3171/3266/1328 1963/3265/1327
f 1971/3264/1326 1938/3267/1310 504/3261/1314
f 1972/3268/1329 1968/3269/1324 504/3250/1314
f 1967/3270/1330 1972/3268/1329 503/3271/1307
f 474/3272/116 3172/3273/1331 1967/3270/1330
f 1973/3247/1311 1972/3268/1329 504/3250/1314
f 1974/3274/1332 1973/3247/1311 498/3249/1313
f 1972/3268/1329 1974/3274/1332 503/3271/1307
f 1962/3275/1333 1974/3274/1332 498/3249/1313
f 471/3237/1301 3174/3276/1334 1962/3275/1333
f 1974/3274/1332 1937/3277/1303 503/3271/1307
f 1975/3278/1335 1967/3279/1330 503/3243/1307
f 1966/3280/1336 1975/3278/1335 502/3281/1300
f 474/3282/116 3175/3283/1337 1966/3280/1336
f 1976/3240/1304 1975/3278/1335 503/3243/1307
f 1977/3284/1338 1976/3240/1304 497/3242/1306
f 1975/3278/1335 1977/3284/1338 502/3281/1300
f 1961/3285/1339 1977/3284/1338 497/3242/1306
f 470/3286/1294 3177/3287/1340 1961/3285/1339
f 1977/3284/1338 1936/3288/1296 502/3281/1300
f 1978/3289/1341 1966/3290/1336 502/3236/1300
f 1964/3291/1342 1978/3289/1341 500/3292/1491
f 474/3293/116 3178/3294/1343 1964/3291/1342
f 1979/3233/1297 1978/3289/1341 502/3236/1300
f 1980/3295/1496 1979/3233/1297 496/3235/1492
f 1978/3289/1341 1980/3295/1496 500/3292/1491
f 1960/3296/1497 1980/3295/1496 496/3235/1492
f 469/3223/1485 3180/3297/1498 1960/3296/1497
f 1980/3295/1496 1934/3298/1487 500/3292/1491
f 1981/3299/1499 1964/3300/1342 500/3229/1491
f 1935/3301/1323 1981/3299/1499 501/3302/1495
f 474/3303/116 3181/3304/1348 1935/3301/1323
f 1982/3226/1488 1981/3299/1499 500/3229/1491
f 1983/3305/1500 1982/3226/1488 495/3228/1490
f 1981/3299/1499 1983/3305/1500 501/3302/1495
f 1959/3306/1501 1983/3305/1500 495/3228/1490
f 473/3251/1493 3183/3307/1502 1959/3306/1501
f 1983/3305/1500 1965/3308/1494 501/3302/1495
f 1984/3309/1351 1920/3310/1503 486/3222/1484
f 1933/3255/1319 1984/3309/1351 499/3256/1320
f 473/3251/1493 3184/3311/1353 1933/3255/1319
f 1985/3221/1286 1984/3309/1351 486/3222/1484
f 1986/3312/1354 1985/3221/1286 493/3202/1268
f 1984/3309/1351 1986/3312/1354 499/3256/1320
f 1957/3313/1355 1986/3312/1354 493/3202/1268
f 472/3244/1308 3186/3314/1356 1957/3313/1355
f 1986/3312/1354 1963/3265/1327 499/3256/1320
f 1987/3315/1357 1928/3316/1358 494/3218/1283
f 1932/3248/1312 1987/3315/1357 498/3249/1313
f 472/3244/1308 3187/3317/1359 1932/3248/1312
f 1988/3217/1282 1987/3315/1357 494/3218/1283
f 1989/3318/1360 1988/3217/1282 491/3195/1261
f 1987/3315/1357 1989/3318/1360 498/3249/1313
f 1955/3319/1361 1989/3318/1360 491/3195/1261
f 471/3237/1301 3189/3320/1362 1955/3319/1361
f 1989/3318/1360 1962/3275/1333 498/3249/1313
f 1990/3321/1363 1926/3322/1364 492/3214/1279
f 1931/3241/1305 1990/3321/1363 497/3242/1306
f 471/3237/1301 3190/3323/1365 1931/3241/1305
f 1991/3213/1278 1990/3321/1363 492/3214/1279
f 1992/3324/1366 1991/3213/1278 489/3188/1254
f 1990/3321/1363 1992/3324/1366 497/3242/1306
f 1953/3325/1367 1992/3324/1366 489/3188/1254
f 470/3286/1294 3192/3326/1368 1953/3325/1367
f 1992/3324/1366 1961/3285/1339 497/3242/1306
f 1993/3327/1504 1924/3328/1370 490/3210/1482
f 1930/3234/1298 1993/3327/1504 496/3235/1492
f 470/3230/1294 3193/3329/1371 1930/3234/1298
f 1994/3209/1481 1993/3327/1504 490/3210/1482
f 1995/3330/1505 1994/3209/1481 487/3181/1474
f 1993/3327/1504 1995/3330/1505 496/3235/1492
f 1951/3331/1506 1995/3330/1505 487/3181/1474
f 469/3223/1485 3195/3332/1507 1951/3331/1506
f 1995/3330/1505 1960/3296/1497 496/3235/1492
f 1996/3333/1508 1922/3334/1509 488/3206/1478
f 1929/3227/1489 1996/3333/1508 495/3228/1490
f 469/3223/1485 3196/3335/1510 1929/3227/1489
f 1997/3205/1477 1996/3333/1508 488/3206/1478
f 1998/3336/1511 1997/3205/1477 485/3174/1467
f 1996/3333/1508 1998/3336/1511 495/3228/1490
f 1949/3337/1512 1998/3336/1511 485/3174/1467
f 473/3251/1493 3198/3338/1513 1949/3337/1512
f 1998/3336/1511 1959/3306/1501 495/3228/1490
f 1999/3339/1381 1957/3313/1355 493/3202/1268
f 1928/3316/1358 1999/3339/1381 494/3218/1283
f 472/3244/1308 3199/3340/1382 1928/3316/1358
f 2000/3199/1265 1999/3339/1381 493/3202/1268
f 2001/3341/1383 2000/3199/1265 484/3201/1267
f 1999/3339/1381 2001/3341/1383 494/3218/1283
f 1948/3342/1384 2001/3341/1383 484/3201/1267
f 467/3189/1255 3201/3343/1385 1948/3342/1384
f 2001/3341/1383 1958/3216/1281 494/3218/1283
f 2002/3344/1386 1955/3319/1361 491/3195/1261
f 1926/3322/1364 2002/3344/1386 492/3214/1279
f 471/3237/1301 3202/3345/1387 1926/3322/1364
f 2003/3192/1258 2002/3344/1386 491/3195/1261
f 2004/3346/1388 2003/3192/1258 483/3194/1260
f 2002/3344/1386 2004/3346/1388 492/3214/1279
f 1947/3347/1389 2004/3346/1388 483/3194/1260
f 466/3182/1248 3204/3348/1390 1947/3347/1389
f 2004/3346/1388 1956/3212/1277 492/3214/1279
f 2005/3349/1391 1953/3325/1367 489/3188/1254
f 1924/3350/1370 2005/3349/1391 490/3351/1482
f 470/3286/1294 3205/3352/1514 1924/3350/1370
f 2006/3185/1251 2005/3349/1391 489/3188/1254
f 2007/3353/1393 2006/3185/1251 481/3187/1253
f 2005/3349/1391 2007/3353/1393 490/3351/1482
f 1945/3354/1394 2007/3353/1393 481/3187/1253
f 465/3355/1468 3207/3356/1395 1945/3354/1394
f 2007/3353/1393 1954/3357/1480 490/3351/1482
f 2008/3358/1515 1951/3331/1506 487/3181/1474
f 1922/3334/1509 2008/3358/1515 488/3206/1478
f 469/3223/1485 3208/3359/1516 1922/3334/1509
f 2009/3178/1471 2008/3358/1515 487/3181/1474
f 2010/3360/1517 2009/3178/1471 477/3180/1473
f 2008/3358/1515 2010/3360/1517 488/3206/1478
f 1941/3361/1518 2010/3360/1517 477/3180/1473
f 464/3143/1458 3210/3362/1519 1941/3361/1518
f 2010/3360/1517 1952/3204/1476 488/3206/1478
f 2011/3363/1520 1949/3337/1512 485/3174/1467
f 1920/3310/1503 2011/3363/1520 486/3222/1484
f 473/3251/1493 3211/3364/1521 1920/3310/1503
f 2012/3173/1466 2011/3363/1520 485/3174/1467
f 2013/3365/1522 2012/3173/1466 478/3149/1463
f 2011/3363/1520 2013/3365/1522 486/3222/1484
f 1942/3366/1405 2013/3365/1522 478/3149/1463
f 468/3196/1262 3213/3367/1406 1942/3366/1405
f 2013/3365/1522 1950/3220/1285 486/3222/1484
f 2014/3368/1407 1913/3369/1408 479/3170/1237
f 1918/3200/1266 2014/3368/1407 484/3201/1267
f 468/3196/1262 3214/3370/1409 1918/3200/1266
f 2015/3167/1236 2014/3368/1407 479/3170/1237
f 2016/3371/1410 2015/3167/1236 482/3169/1233
f 2014/3368/1407 2016/3371/1410 484/3201/1267
f 1946/3372/1411 2016/3371/1410 482/3169/1233
f 467/3189/1255 3216/3373/1412 1946/3372/1411
f 2016/3371/1410 1948/3342/1384 484/3201/1267
f 2017/3374/1413 1946/3375/1411 482/3163/1233
f 1917/3193/1259 2017/3374/1413 483/3194/1260
f 467/3189/1255 3217/3376/1414 1917/3193/1259
f 2018/3160/1232 2017/3374/1413 482/3163/1233
f 2019/3377/1415 2018/3160/1232 480/3162/1229
f 2017/3374/1413 2019/3377/1415 483/3194/1260
f 1944/3378/1416 2019/3377/1415 480/3162/1229
f 466/3182/1248 3219/3379/1417 1944/3378/1416
f 2019/3377/1415 1947/3347/1389 483/3194/1260
f 2020/3380/1418 1944/3381/1416 480/3156/1229
f 1915/3186/1252 2020/3380/1418 481/3187/1253
f 466/3182/1248 3220/3382/1419 1915/3186/1252
f 2021/3153/1228 2020/3380/1418 480/3156/1229
f 2022/3383/1420 2021/3153/1228 475/3155/1457
f 2020/3380/1418 2022/3383/1420 481/3187/1253
f 1939/3384/1523 2022/3383/1420 475/3155/1457
f 465/3355/1468 3222/3385/1422 1939/3384/1523
f 2022/3383/1420 1945/3354/1394 481/3187/1253
f 2023/3386/1423 1942/3366/1405 478/3149/1463
f 1913/3387/1408 2023/3386/1423 479/3388/1237
f 468/3196/1262 3223/3389/1524 1913/3387/1408
f 2024/3146/1461 2023/3386/1423 478/3149/1463
f 2025/3390/1425 2024/3146/1461 476/3148/1456
f 2023/3386/1423 2025/3390/1425 479/3388/1237
f 1940/3391/1218 2025/3390/1425 476/3148/1456
f 463/3392/1 3225/3393/1426 1940/3391/1218
f 2025/3390/1425 1943/3394/1235 479/3388/1237
f 2026/3395/1525 1939/3396/1523 475/3142/1457
f 1911/3179/1472 2026/3395/1525 477/3180/1473
f 465/3175/1468 3226/3397/1526 1911/3179/1472
f 2027/3139/1455 2026/3395/1525 475/3142/1457
f 2028/3398/1527 2027/3139/1455 476/3141/1456
f 2026/3395/1525 2028/3398/1527 477/3180/1473
f 1910/3399/1462 2028/3398/1527 476/3141/1456
f 464/3143/1458 3228/3400/1528 1910/3399/1462
f 2028/3398/1527 1941/3361/1518 477/3180/1473
f 463/3136/1 1940/3140/1218 3149/3137/1215
f 2027/3139/1455 3149/3137/1215 1940/3140/1218
f 1909/3138/1216 3149/3137/1215 2027/3139/1455
f 464/3143/1458 1910/3147/1462 3150/3144/1459
f 2024/3146/1461 3150/3144/1459 1910/3147/1462
f 1912/3145/1460 3150/3144/1459 2024/3146/1461
f 463/3150/1 1909/3154/1216 3151/3151/1226
f 2021/3153/1228 3151/3151/1226 1909/3154/1216
f 1914/3152/1227 3151/3151/1226 2021/3153/1228
f 463/3157/1 1914/3161/1227 3152/3158/1230
f 2018/3160/1232 3152/3158/1230 1914/3161/1227
f 1916/3159/1231 3152/3158/1230 2018/3160/1232
f 463/3164/1 1916/3168/1231 3153/3165/1234
f 2015/3167/1236 3153/3165/1234 1916/3168/1231
f 1943/3166/1235 3153/3165/1234 2015/3167/1236
f 464/3143/1458 1912/3145/1460 3154/3171/1464
f 2012/3173/1466 3154/3171/1464 1912/3145/1460
f 1919/3172/1465 3154/3171/1464 2012/3173/1466
f 465/3175/1468 1911/3179/1472 3155/3176/1469
f 2009/3178/1471 3155/3176/1469 1911/3179/1472
f 1921/3177/1470 3155/3176/1469 2009/3178/1471
f 466/3182/1248 1915/3186/1252 3156/3183/1249
f 2006/3185/1251 3156/3183/1249 1915/3186/1252
f 1923/3184/1250 3156/3183/1249 2006/3185/1251
f 467/3189/1255 1917/3193/1259 3157/3190/1256
f 2003/3192/1258 3157/3190/1256 1917/3193/1259
f 1925/3191/1257 3157/3190/1256 2003/3192/1258
f 468/3196/1262 1918/3200/1266 3158/3197/1263
f 2000/3199/1265 3158/3197/1263 1918/3200/1266
f 1927/3198/1264 3158/3197/1263 2000/3199/1265
f 464/3143/1458 1919/3172/1465 3159/3203/1475
f 1997/3205/1477 3159/3203/1475 1919/3172/1465
f 1952/3204/1476 3159/3203/1475 1997/3205/1477
f 465/3175/1468 1921/3177/1470 3160/3207/1479
f 1994/3209/1481 3160/3207/1479 1921/3177/1470
f 1954/3208/1480 3160/3207/1479 1994/3209/1481
f 466/3182/1248 1923/3184/1250 3161/3211/1276
f 1991/3213/1278 3161/3211/1276 1923/3184/1250
f 1956/3212/1277 3161/3211/1276 1991/3213/1278
f 467/3189/1255 1925/3191/1257 3162/3215/1280
f 1988/3217/1282 3162/3215/1280 1925/3191/1257
f 1958/3216/1281 3162/3215/1280 1988/3217/1282
f 468/3196/1262 1927/3198/1264 3163/3219/1483
f 1985/3221/1286 3163/3219/1483 1927/3198/1264
f 1950/3220/1285 3163/3219/1483 1985/3221/1286
f 469/3223/1485 1929/3227/1489 3164/3224/1486
f 1982/3226/1488 3164/3224/1486 1929/3227/1489
f 1934/3225/1487 3164/3224/1486 1982/3226/1488
f 470/3230/1294 1930/3234/1298 3165/3231/1295
f 1979/3233/1297 3165/3231/1295 1930/3234/1298
f 1936/3232/1296 3165/3231/1295 1979/3233/1297
f 471/3237/1301 1931/3241/1305 3166/3238/1302
f 1976/3240/1304 3166/3238/1302 1931/3241/1305
f 1937/3239/1303 3166/3238/1302 1976/3240/1304
f 472/3244/1308 1932/3248/1312 3167/3245/1309
f 1973/3247/1311 3167/3245/1309 1932/3248/1312
f 1938/3246/1310 3167/3245/1309 1973/3247/1311
f 473/3251/1493 1933/3255/1319 3168/3252/1316
f 1970/3254/1318 3168/3252/1316 1933/3255/1319
f 1965/3253/1494 3168/3252/1316 1970/3254/1318
f 1969/3258/1322 3169/3263/1325 1935/3259/1323
f 1968/3260/1324 3169/3263/1325 1969/3258/1322
f 474/3262/116 1935/3259/1323 3169/3263/1325
f 1970/3254/1318 3170/3401/1434 1969/3258/1322
f 1971/3264/1326 3170/3401/1434 1970/3254/1318
f 1969/3258/1322 3170/3401/1434 1971/3264/1326
f 1963/3265/1327 3171/3266/1328 1971/3264/1326
f 472/3244/1308 1938/3267/1310 3171/3266/1328
f 1971/3264/1326 3171/3266/1328 1938/3267/1310
f 1972/3268/1329 3172/3273/1331 1968/3269/1324
f 1967/3270/1330 3172/3273/1331 1972/3268/1329
f 474/3272/116 1968/3269/1324 3172/3273/1331
f 1973/3247/1311 3173/3402/1435 1972/3268/1329
f 1974/3274/1332 3173/3402/1435 1973/3247/1311
f 1972/3268/1329 3173/3402/1435 1974/3274/1332
f 1962/3275/1333 3174/3276/1334 1974/3274/1332
f 471/3237/1301 1937/3277/1303 3174/3276/1334
f 1974/3274/1332 3174/3276/1334 1937/3277/1303
f 1975/3278/1335 3175/3283/1337 1967/3279/1330
f 1966/3280/1336 3175/3283/1337 1975/3278/1335
f 474/3282/116 1967/3279/1330 3175/3283/1337
f 1976/3240/1304 3176/3403/1436 1975/3278/1335
f 1977/3284/1338 3176/3403/1436 1976/3240/1304
f 1975/3278/1335 3176/3403/1436 1977/3284/1338
f 1961/3285/1339 3177/3287/1340 1977/3284/1338
f 470/3286/1294 1936/3288/1296 3177/3287/1340
f 1977/3284/1338 3177/3287/1340 1936/3288/1296
f 1978/3289/1341 3178/3294/1343 1966/3290/1336
f 1964/3291/1342 3178/3294/1343 1978/3289/1341
f 474/3293/116 1966/3290/1336 3178/3294/1343
f 1979/3233/1297 3179/3404/1437 1978/3289/1341
f 1980/3295/1496 3179/3404/1437 1979/3233/1297
f 1978/3289/1341 3179/3404/1437 1980/3295/1496
f 1960/3296/1497 3180/3297/1498 1980/3295/1496
f 469/3223/1485 1934/3298/1487 3180/3297/1498
f 1980/3295/1496 3180/3297/1498 1934/3298/1487
f 1981/3299/1499 3181/3304/1348 1964/3300/1342
f 1935/3301/1323 3181/3304/1348 1981/3299/1499
f 474/3303/116 1964/3300/1342 3181/3304/1348
f 1982/3226/1488 3182/3405/1529 1981/3299/1499
f 1983/3305/1500 3182/3405/1529 1982/3226/1488
f 1981/3299/1499 3182/3405/1529 1983/3305/1500
f 1959/3306/1501 3183/3307/1502 1983/3305/1500
f 473/3251/1493 1965/3308/1494 3183/3307/1502
f 1983/3305/1500 3183/3307/1502 1965/3308/1494
f 1984/3309/1351 3184/3311/1353 1920/3310/1503
f 1933/3255/1319 3184/3311/1353 1984/3309/1351
f 473/3251/1493 1920/3310/1503 3184/3311/1353
f 1985/3221/1286 3185/3406/1440 1984/3309/1351
f 1986/3312/1354 3185/3406/1440 1985/3221/1286
f 1984/3309/1351 3185/3406/1440 1986/3312/1354
f 1957/3313/1355 3186/3314/1356 1986/3312/1354
f 472/3244/1308 1963/3265/1327 3186/3314/1356
f 1986/3312/1354 3186/3314/1356 1963/3265/1327
f 1987/3315/1357 3187/3317/1359 1928/3316/1358
f 1932/3248/1312 3187/3317/1359 1987/3315/1357
f 472/3244/1308 1928/3316/1358 3187/3317/1359
f 1988/3217/1282 3188/3407/1441 1987/3315/1357
f 1989/3318/1360 3188/3407/1441 1988/3217/1282
f 1987/3315/1357 3188/3407/1441 1989/3318/1360
f 1955/3319/1361 3189/3320/1362 1989/3318/1360
f 471/3237/1301 1962/3275/1333 3189/3320/1362
f 1989/3318/1360 3189/3320/1362 1962/3275/1333
f 1990/3321/1363 3190/3323/1365 1926/3322/1364
f 1931/3241/1305 3190/3323/1365 1990/3321/1363
f 471/3237/1301 1926/3322/1364 3190/3323/1365
f 1991/3213/1278 3191/3408/1442 1990/3321/1363
f 1992/3324/1366 3191/3408/1442 1991/3213/1278
f 1990/3321/1363 3191/3408/1442 1992/3324/1366
f 1953/3325/1367 3192/3326/1368 1992/3324/1366
f 470/3286/1294 1961/3285/1339 3192/3326/1368
f 1992/3324/1366 3192/3326/1368 1961/3285/1339
f 1993/3327/1504 3193/3329/1371 1924/3328/1370
f 1930/3234/1298 3193/3329/1371 1993/3327/1504
f 470/3230/1294 1924/3328/1370 3193/3329/1371
f 1994/3209/1481 3194/3409/1530 1993/3327/1504
f 1995/3330/1505 3194/3409/1530 1994/3209/1481
f 1993/3327/1504 3194/3409/1530 1995/3330/1505
f 1951/3331/1506 3195/3332/1507 1995/3330/1505
f 469/3223/1485 1960/3296/1497 3195/3332/1507
f 1995/3330/1505 3195/3332/1507 1960/3296/1497
f 1996/3333/1508 3196/3335/1510 1922/3334/1509
f 1929/3227/1489 3196/3335/1510 1996/3333/1508
f 469/3223/1485 1922/3334/1509 3196/3335/1510
f 1997/3205/1477 3197/3410/1531 1996/3333/1508
f 1998/3336/1511 3197/3410/1531 1997/3205/1477
f 1996/3333/1508 3197/3410/1531 1998/3336/1511
f 1949/3337/1512 3198/3338/1513 1998/3336/1511
f 473/3251/1493 1959/3306/1501 3198/3338/1513
f 1998/3336/1511 3198/3338/1513 1959/3306/1501
f 1999/3339/1381 3199/3340/1382 1957/3313/1355
f 1928/3316/1358 3199/3340/1382 1999/3339/1381
f 472/3244/1308 1957/3313/1355 3199/3340/1382
f 2000/3199/1265 3200/3411/1445 1999/3339/1381
f 2001/3341/1383 3200/3411/1445 2000/3199/1265
f 1999/3339/1381 3200/3411/1445 2001/3341/1383
f 1948/3342/1384 3201/3343/1385 2001/3341/1383
f 467/3189/1255 1958/3216/1281 3201/3343/1385
f 2001/3341/1383 3201/3343/1385 1958/3216/1281
f 2002/3344/1386 3202/3345/1387 1955/3319/1361
f 1926/3322/1364 3202/3345/1387 2002/3344/1386
f 471/3237/1301 1955/3319/1361 3202/3345/1387
f 2003/3192/1258 3203/3412/1446 2002/3344/1386
f 2004/3346/1388 3203/3412/1446 2003/3192/1258
f 2002/3344/1386 3203/3412/1446 2004/3346/1388
f 1947/3347/1389 3204/3348/1390 2004/3346/1388
f 466/3182/1248 1956/3212/1277 3204/3348/1390
f 2004/3346/1388 3204/3348/1390 1956/3212/1277
f 2005/3349/1391 3205/3352/1514 1953/3325/1367
f 1924/3350/1370 3205/3352/1514 2005/3349/1391
f 470/3286/1294 1953/3325/1367 3205/3352/1514
f 2006/3185/1251 3206/3413/1447 2005/3349/1391
f 2007/3353/1393 3206/3413/1447 2006/3185/1251
f 2005/3349/1391 3206/3413/1447 2007/3353/1393
f 1945/3354/1394 3207/3356/1395 2007/3353/1393
f 465/3355/1468 1954/3357/1480 3207/3356/1395
f 2007/3353/1393 3207/3356/1395 1954/3357/1480
f 2008/3358/1515 3208/3359/1516 1951/3331/1506
f 1922/3334/1509 3208/3359/1516 2008/3358/1515
f 469/3223/1485 1951/3331/1506 3208/3359/1516
f 2009/3178/1471 3209/3414/1532 2008/3358/1515
f 2010/3360/1517 3209/3414/1532 2009/3178/1471
f 2008/3358/1515 3209/3414/1532 2010/3360/1517
f 1941/3361/1518 3210/3362/1519 2010/3360/1517
f 464/3143/1458 1952/3204/1476 3210/3362/1519
f 2010/3360/1517 3210/3362/1519 1952/3204/1476
f 2011/3363/1520 3211/3364/1521 1949/3337/1512
f 1920/3310/1503 3211/3364/1521 2011/3363/1520
f 473/3251/1493 1949/3337/1512 3211/3364/1521
f 2012/3173/1466 3212/3415/1533 2011/3363/1520
f 2013/3365/1522 3212/3415/1533 2012/3173/1466
f 2011/3363/1520 3212/3415/1533 2013/3365/1522
f 1942/3366/1405 3213/3367/1406 2013/3365/1522
f 468/3196/1262 1950/3220/1285 3213/3367/1406
f 2013/3365/1522 3213/3367/1406 1950/3220/1285
f 2014/3368/1407 3214/3370/1409 1913/3369/1408
f 1918/3200/1266 3214/3370/1409 2014/3368/1407
f 468/3196/1262 1913/3369/1408 3214/3370/1409
f 2015/3167/1236 3215/3416/1449 2014/3368/1407
f 2016/3371/1410 3215/3416/1449 2015/3167/1236
f 2014/3368/1407 3215/3416/1449 2016/3371/1410
f 1946/3372/1411 3216/3373/1412 2016/3371/1410
f 467/3189/1255 1948/3342/1384 3216/3373/1412
f 2016/3371/1410 3216/3373/1412 1948/3342/1384
f 2017/3374/1413 3217/3376/1414 1946/3375/1411
f 1917/3193/1259 3217/3376/1414 2017/3374/1413
f 467/3189/1255 1946/3375/1411 3217/3376/1414
f 2018/3160/1232 3218/3417/1450 2017/3374/1413
f 2019/3377/1415 3218/3417/1450 2018/3160/1232
f 2017/3374/1413 3218/3417/1450 2019/3377/1415
f 1944/3378/1416 3219/3379/1417 2019/3377/1415
f 466/3182/1248 1947/3347/1389 3219/3379/1417
f 2019/3377/1415 3219/3379/1417 1947/3347/1389
f 2020/3380/1418 3220/3382/1419 1944/3381/1416
f 1915/3186/1252 3220/3382/1419 2020/3380/1418
f 466/3182/1248 1944/3381/1416 3220/3382/1419
f 2021/3153/1228 3221/3418/1451 2020/3380/1418
f 2022/3383/1420 3221/3418/1451 2021/3153/1228
f 2020/3380/1418 3221/3418/1451 2022/3383/1420
f 1939/3384/1523 3222/3385/1422 2022/3383/1420
f 465/3355/1468 1945/3354/1394 3222/3385/1422
f 2022/3383/1420 3222/3385/1422 1945/3354/1394
f 2023/3386/1423 3223/3389/1524 1942/3366/1405
f 1913/3387/1408 3223/3389/1524 2023/3386/1423
f 468/3196/1262 1942/3366/1405 3223/3389/1524
f 2024/3146/1461 3224/3419/1452 2023/3386/1423
f 2025/3390/1425 3224/3419/1452 2024/3146/1461
f 2023/3386/1423 3224/3419/1452 2025/3390/1425
f 1940/3391/1218 3225/3393/1426 2025/3390/1425
f 463/3392/1 1943/3394/1235 3225/3393/1426
f 2025/3390/1425 3225/3393/1426 1943/3394/1235
f 2026/3395/1525 3226/3397/1526 1939/3396/1523
f 1911/3179/1472 3226/3397/1526 2026/3395/1525
f 465/3175/1468 1939/3396/1523 3226/3397/1526
f 2027/3139/1455 3227/3420/1534 2026/3395/1525
f 2028/3398/1527 3227/3420/1534 2027/3139/1455
f 2026/3395/1525 3227/3420/1534 2028/3398/1527
f 1910/3399/1462 3228/3400/1528 2028/3398/1527
f 464/3143/1458 1941/3361/1518 3228/3400/1528
f 2028/3398/1527 3228/3400/1528 1941/3361/1518
usemtl Material.014
f 505/3421/1 3229/3422/1535 2029/3423/1536
f 2147/3424/1537 2060/3425/1538 518/3426/1539
f 2029/3423/1536 2147/3424/1537 517/3427/1540
f 506/3428/1541 3230/3429/1542 2032/3430/1543
f 2144/3431/1544 2030/3432/1545 518/3433/1539
f 2032/3430/1543 2144/3431/1544 520/3434/1546
f 505/3435/1 3231/3436/1547 2034/3437/1548
f 2141/3438/1549 2029/3439/1536 517/3440/1540
f 2034/3437/1548 2141/3438/1549 522/3441/1550
f 505/3442/1 3232/3443/1551 2036/3444/1552
f 2138/3445/1553 2034/3446/1548 522/3447/1550
f 2036/3444/1552 2138/3445/1553 524/3448/1554
f 505/3449/1 3233/3450/1555 2063/3451/1556
f 2135/3452/1557 2036/3453/1552 524/3454/1554
f 2063/3451/1556 2135/3452/1557 521/3455/1558
f 506/3428/1541 3234/3456/1559 2039/3457/1560
f 2132/3458/1561 2032/3430/1543 520/3434/1546
f 2039/3457/1560 2132/3458/1561 527/3459/1562
f 507/3460/1563 3235/3461/1564 2041/3462/1565
f 2129/3463/1566 2031/3464/1567 519/3465/1568
f 2041/3462/1565 2129/3463/1566 529/3466/1569
f 508/3467/1570 3236/3468/1571 2043/3469/1572
f 2126/3470/1573 2035/3471/1574 523/3472/1575
f 2043/3469/1572 2126/3470/1573 531/3473/1576
f 509/3474/1577 3237/3475/1578 2045/3476/1579
f 2123/3477/1580 2037/3478/1581 525/3479/1582
f 2045/3476/1579 2123/3477/1580 533/3480/1583
f 510/3481/1584 3238/3482/1585 2047/3483/1586
f 2120/3484/1587 2038/3485/1588 526/3486/1589
f 2047/3483/1586 2120/3484/1587 535/3487/1590
f 506/3428/1541 3239/3488/1591 2072/3489/1592
f 2117/3490/1593 2039/3457/1560 527/3459/1562
f 2072/3489/1592 2117/3490/1593 530/3491/1594
f 507/3460/1563 3240/3492/1595 2074/3493/1596
f 2114/3494/1597 2041/3462/1565 529/3466/1569
f 2074/3493/1596 2114/3494/1597 532/3495/1598
f 508/3467/1570 3241/3496/1599 2076/3497/1600
f 2111/3498/1601 2043/3469/1572 531/3473/1576
f 2076/3497/1600 2111/3498/1601 534/3499/1602
f 509/3474/1577 3242/3500/1603 2078/3501/1604
f 2108/3502/1605 2045/3476/1579 533/3480/1583
f 2078/3501/1604 2108/3502/1605 536/3503/1606
f 510/3481/1584 3243/3504/1607 2070/3505/1608
f 2105/3506/1609 2047/3483/1586 535/3487/1590
f 2070/3505/1608 2105/3506/1609 528/3507/1610
f 511/3508/1611 3244/3509/1612 2054/3510/1613
f 2102/3511/1614 2049/3512/1615 537/3513/1616
f 2054/3510/1613 2102/3511/1614 542/3514/1617
f 512/3515/1618 3245/3516/1619 2056/3517/1620
f 2099/3518/1621 2050/3519/1622 538/3520/1623
f 2056/3517/1620 2099/3518/1621 544/3521/1624
f 513/3522/1625 3246/3523/1626 2057/3524/1627
f 2096/3525/1628 2051/3526/1629 539/3527/1630
f 2057/3524/1627 2096/3525/1628 545/3528/1631
f 514/3529/1632 3247/3530/1633 2058/3531/1634
f 2093/3532/1635 2052/3533/1636 540/3534/1637
f 2058/3531/1634 2093/3532/1635 546/3535/1638
f 515/3536/1639 3248/3537/1640 2085/3538/1641
f 2090/3539/1642 2053/3540/1643 541/3541/1644
f 2085/3538/1641 2090/3539/1642 543/3542/1645
f 2089/3543/1646 2055/3544/1647 543/3542/1645
f 2088/3545/1648 2089/3543/1646 546/3546/1638
f 516/3547/116 3249/3548/1649 2088/3545/1648
f 2090/3539/1642 2089/3543/1646 543/3542/1645
f 2091/3549/1650 2090/3539/1642 541/3541/1644
f 2089/3543/1646 2091/3549/1650 546/3546/1638
f 2083/3550/1651 2091/3549/1650 541/3541/1644
f 514/3529/1632 3251/3551/1652 2083/3550/1651
f 2091/3549/1650 2058/3552/1634 546/3546/1638
f 2092/3553/1653 2088/3554/1648 546/3535/1638
f 2087/3555/1654 2092/3553/1653 545/3556/1631
f 516/3557/116 3252/3558/1655 2087/3555/1654
f 2093/3532/1635 2092/3553/1653 546/3535/1638
f 2094/3559/1656 2093/3532/1635 540/3534/1637
f 2092/3553/1653 2094/3559/1656 545/3556/1631
f 2082/3560/1657 2094/3559/1656 540/3534/1637
f 513/3522/1625 3254/3561/1658 2082/3560/1657
f 2094/3559/1656 2057/3562/1627 545/3556/1631
f 2095/3563/1659 2087/3564/1654 545/3528/1631
f 2086/3565/1660 2095/3563/1659 544/3566/1624
f 516/3567/116 3255/3568/1661 2086/3565/1660
f 2096/3525/1628 2095/3563/1659 545/3528/1631
f 2097/3569/1662 2096/3525/1628 539/3527/1630
f 2095/3563/1659 2097/3569/1662 544/3566/1624
f 2081/3570/1663 2097/3569/1662 539/3527/1630
f 512/3571/1618 3257/3572/1664 2081/3570/1663
f 2097/3569/1662 2056/3573/1620 544/3566/1624
f 2098/3574/1665 2086/3575/1660 544/3521/1624
f 2084/3576/1666 2098/3574/1665 542/3577/1617
f 516/3578/116 3258/3579/1667 2084/3576/1666
f 2099/3518/1621 2098/3574/1665 544/3521/1624
f 2100/3580/1668 2099/3518/1621 538/3520/1623
f 2098/3574/1665 2100/3580/1668 542/3577/1617
f 2080/3581/1669 2100/3580/1668 538/3520/1623
f 511/3508/1611 3260/3582/1670 2080/3581/1669
f 2100/3580/1668 2054/3583/1613 542/3577/1617
f 2101/3584/1671 2084/3585/1666 542/3514/1617
f 2055/3586/1647 2101/3584/1671 543/3587/1645
f 516/3588/116 3261/3589/1672 2055/3586/1647
f 2102/3511/1614 2101/3584/1671 542/3514/1617
f 2103/3590/1673 2102/3511/1614 537/3513/1616
f 2101/3584/1671 2103/3590/1673 543/3587/1645
f 2079/3591/1674 2103/3590/1673 537/3513/1616
f 515/3536/1639 3263/3592/1675 2079/3591/1674
f 2103/3590/1673 2085/3593/1641 543/3587/1645
f 2104/3594/1676 2040/3595/1677 528/3507/1610
f 2053/3540/1643 2104/3594/1676 541/3541/1644
f 515/3536/1639 3264/3596/1678 2053/3540/1643
f 2105/3506/1609 2104/3594/1676 528/3507/1610
f 2106/3597/1679 2105/3506/1609 535/3487/1590
f 2104/3594/1676 2106/3597/1679 541/3541/1644
f 2077/3598/1680 2106/3597/1679 535/3487/1590
f 514/3529/1632 3266/3599/1681 2077/3598/1680
f 2106/3597/1679 2083/3550/1651 541/3541/1644
f 2107/3600/1682 2048/3601/1683 536/3503/1606
f 2052/3533/1636 2107/3600/1682 540/3534/1637
f 514/3529/1632 3267/3602/1684 2052/3533/1636
f 2108/3502/1605 2107/3600/1682 536/3503/1606
f 2109/3603/1685 2108/3502/1605 533/3480/1583
f 2107/3600/1682 2109/3603/1685 540/3534/1637
f 2075/3604/1686 2109/3603/1685 533/3480/1583
f 513/3522/1625 3269/3605/1687 2075/3604/1686
f 2109/3603/1685 2082/3560/1657 540/3534/1637
f 2110/3606/1688 2046/3607/1689 534/3499/1602
f 2051/3526/1629 2110/3606/1688 539/3527/1630
f 513/3522/1625 3270/3608/1690 2051/3526/1629
f 2111/3498/1601 2110/3606/1688 534/3499/1602
f 2112/3609/1691 2111/3498/1601 531/3473/1576
f 2110/3606/1688 2112/3609/1691 539/3527/1630
f 2073/3610/1692 2112/3609/1691 531/3473/1576
f 512/3571/1618 3272/3611/1693 2073/3610/1692
f 2112/3609/1691 2081/3570/1663 539/3527/1630
f 2113/3612/1694 2044/3613/1695 532/3495/1598
f 2050/3519/1622 2113/3612/1694 538/3520/1623
f 512/3515/1618 3273/3614/1696 2050/3519/1622
f 2114/3494/1597 2113/3612/1694 532/3495/1598
f 2115/3615/1697 2114/3494/1597 529/3466/1569
f 2113/3612/1694 2115/3615/1697 538/3520/1623
f 2071/3616/1698 2115/3615/1697 529/3466/1569
f 511/3508/1611 3275/3617/1699 2071/3616/1698
f 2115/3615/1697 2080/3581/1669 538/3520/1623
f 2116/3618/1700 2042/3619/1701 530/3491/1594
f 2049/3512/1615 2116/3618/1700 537/3513/1616
f 511/3508/1611 3276/3620/1702 2049/3512/1615
f 2117/3490/1593 2116/3618/1700 530/3491/1594
f 2118/3621/1703 2117/3490/1593 527/3459/1562
f 2116/3618/1700 2118/3621/1703 537/3513/1616
f 2069/3622/1704 2118/3621/1703 527/3459/1562
f 515/3536/1639 3278/3623/1705 2069/3622/1704
f 2118/3621/1703 2079/3591/1674 537/3513/1616
f 2119/3624/1706 2077/3598/1680 535/3487/1590
f 2048/3601/1683 2119/3624/1706 536/3503/1606
f 514/3529/1632 3279/3625/1707 2048/3601/1683
f 2120/3484/1587 2119/3624/1706 535/3487/1590
f 2121/3626/1708 2120/3484/1587 526/3486/1589
f 2119/3624/1706 2121/3626/1708 536/3503/1606
f 2068/3627/1709 2121/3626/1708 526/3486/1589
f 509/3474/1577 3281/3628/1710 2068/3627/1709
f 2121/3626/1708 2078/3501/1604 536/3503/1606
f 2122/3629/1711 2075/3604/1686 533/3480/1583
f 2046/3607/1689 2122/3629/1711 534/3499/1602
f 513/3522/1625 3282/3630/1712 2046/3607/1689
f 2123/3477/1580 2122/3629/1711 533/3480/1583
f 2124/3631/1713 2123/3477/1580 525/3479/1582
f 2122/3629/1711 2124/3631/1713 534/3499/1602
f 2067/3632/1714 2124/3631/1713 525/3479/1582
f 508/3467/1570 3284/3633/1715 2067/3632/1714
f 2124/3631/1713 2076/3497/1600 534/3499/1602
f 2125/3634/1716 2073/3610/1692 531/3473/1576
f 2044/3635/1695 2125/3634/1716 532/3636/1598
f 512/3571/1618 3285/3637/1717 2044/3635/1695
f 2126/3470/1573 2125/3634/1716 531/3473/1576
f 2127/3638/1718 2126/3470/1573 523/3472/1575
f 2125/3634/1716 2127/3638/1718 532/3636/1598
f 2065/3639/1719 2127/3638/1718 523/3472/1575
f 507/3640/1563 3287/3641/1720 2065/3639/1719
f 2127/3638/1718 2074/3642/1596 532/3636/1598
f 2128/3643/1721 2071/3616/1698 529/3466/1569
f 2042/3619/1701 2128/3643/1721 530/3491/1594
f 511/3508/1611 3288/3644/1722 2042/3619/1701
f 2129/3463/1566 2128/3643/1721 529/3466/1569
f 2130/3645/1723 2129/3463/1566 519/3465/1568
f 2128/3643/1721 2130/3645/1723 530/3491/1594
f 2061/3646/1724 2130/3645/1723 519/3465/1568
f 506/3428/1541 3290/3647/1725 2061/3646/1724
f 2130/3645/1723 2072/3489/1592 530/3491/1594
f 2131/3648/1726 2069/3622/1704 527/3459/1562
f 2040/3595/1677 2131/3648/1726 528/3507/1610
f 515/3536/1639 3291/3649/1727 2040/3595/1677
f 2132/3458/1561 2131/3648/1726 527/3459/1562
f 2133/3650/1728 2132/3458/1561 520/3434/1546
f 2131/3648/1726 2133/3650/1728 528/3507/1610
f 2062/3651/1729 2133/3650/1728 520/3434/1546
f 510/3481/1584 3293/3652/1730 2062/3651/1729
f 2133/3650/1728 2070/3505/1608 528/3507/1610
f 2134/3653/1731 2033/3654/1732 521/3455/1558
f 2038/3485/1588 2134/3653/1731 526/3486/1589
f 510/3481/1584 3294/3655/1733 2038/3485/1588
f 2135/3452/1557 2134/3653/1731 521/3455/1558
f 2136/3656/1734 2135/3452/1557 524/3454/1554
f 2134/3653/1731 2136/3656/1734 526/3486/1589
f 2066/3657/1735 2136/3656/1734 524/3454/1554
f 509/3474/1577 3296/3658/1736 2066/3657/1735
f 2136/3656/1734 2068/3627/1709 526/3486/1589
f 2137/3659/1737 2066/3660/1735 524/3448/1554
f 2037/3478/1581 2137/3659/1737 525/3479/1582
f 509/3474/1577 3297/3661/1738 2037/3478/1581
f 2138/3445/1553 2137/3659/1737 524/3448/1554
f 2139/3662/1739 2138/3445/1553 522/3447/1550
f 2137/3659/1737 2139/3662/1739 525/3479/1582
f 2064/3663/1740 2139/3662/1739 522/3447/1550
f 508/3467/1570 3299/3664/1741 2064/3663/1740
f 2139/3662/1739 2067/3632/1714 525/3479/1582
f 2140/3665/1742 2064/3666/1740 522/3441/1550
f 2035/3471/1574 2140/3665/1742 523/3472/1575
f 508/3467/1570 3300/3667/1743 2035/3471/1574
f 2141/3438/1549 2140/3665/1742 522/3441/1550
f 2142/3668/1744 2141/3438/1549 517/3440/1540
f 2140/3665/1742 2142/3668/1744 523/3472/1575
f 2059/3669/1745 2142/3668/1744 517/3440/1540
f 507/3640/1563 3302/3670/1746 2059/3669/1745
f 2142/3668/1744 2065/3639/1719 523/3472/1575
f 2143/3671/1747 2062/3651/1729 520/3434/1546
f 2033/3672/1732 2143/3671/1747 521/3673/1558
f 510/3481/1584 3303/3674/1748 2033/3672/1732
f 2144/3431/1544 2143/3671/1747 520/3434/1546
f 2145/3675/1749 2144/3431/1544 518/3433/1539
f 2143/3671/1747 2145/3675/1749 521/3673/1558
f 2060/3676/1538 2145/3675/1749 518/3433/1539
f 505/3677/1 3305/3678/1750 2060/3676/1538
f 2145/3675/1749 2063/3679/1556 521/3673/1558
f 2146/3680/1751 2059/3681/1745 517/3427/1540
f 2031/3464/1567 2146/3680/1751 519/3465/1568
f 507/3460/1563 3306/3682/1752 2031/3464/1567
f 2147/3424/1537 2146/3680/1751 517/3427/1540
f 2148/3683/1753 2147/3424/1537 518/3426/1539
f 2146/3680/1751 2148/3683/1753 519/3465/1568
f 2030/3684/1545 2148/3683/1753 518/3426/1539
f 506/3428/1541 3308/3685/1754 2030/3684/1545
f 2148/3683/1753 2061/3646/1724 519/3465/1568
f 505/3421/1 2060/3425/1538 3229/3422/1535
f 2147/3424/1537 3229/3422/1535 2060/3425/1538
f 2029/3423/1536 3229/3422/1535 2147/3424/1537
f 506/3428/1541 2030/3432/1545 3230/3429/1542
f 2144/3431/1544 3230/3429/1542 2030/3432/1545
f 2032/3430/1543 3230/3429/1542 2144/3431/1544
f 505/3435/1 2029/3439/1536 3231/3436/1547
f 2141/3438/1549 3231/3436/1547 2029/3439/1536
f 2034/3437/1548 3231/3436/1547 2141/3438/1549
f 505/3442/1 2034/3446/1548 3232/3443/1551
f 2138/3445/1553 3232/3443/1551 2034/3446/1548
f 2036/3444/1552 3232/3443/1551 2138/3445/1553
f 505/3449/1 2036/3453/1552 3233/3450/1555
f 2135/3452/1557 3233/3450/1555 2036/3453/1552
f 2063/3451/1556 3233/3450/1555 2135/3452/1557
f 506/3428/1541 2032/3430/1543 3234/3456/1559
f 2132/3458/1561 3234/3456/1559 2032/3430/1543
f 2039/3457/1560 3234/3456/1559 2132/3458/1561
f 507/3460/1563 2031/3464/1567 3235/3461/1564
f 2129/3463/1566 3235/3461/1564 2031/3464/1567
f 2041/3462/1565 3235/3461/1564 2129/3463/1566
f 508/3467/1570 2035/3471/1574 3236/3468/1571
f 2126/3470/1573 3236/3468/1571 2035/3471/1574
f 2043/3469/1572 3236/3468/1571 2126/3470/1573
f 509/3474/1577 2037/3478/1581 3237/3475/1578
f 2123/3477/1580 3237/3475/1578 2037/3478/1581
f 2045/3476/1579 3237/3475/1578 2123/3477/1580
f 510/3481/1584 2038/3485/1588 3238/3482/1585
f 2120/3484/1587 3238/3482/1585 2038/3485/1588
f 2047/3483/1586 3238/3482/1585 2120/3484/1587
f 506/3428/1541 2039/3457/1560 3239/3488/1591
f 2117/3490/1593 3239/3488/1591 2039/3457/1560
f 2072/3489/1592 3239/3488/1591 2117/3490/1593
f 507/3460/1563 2041/3462/1565 3240/3492/1595
f 2114/3494/1597 3240/3492/1595 2041/3462/1565
f 2074/3493/1596 3240/3492/1595 2114/3494/1597
f 508/3467/1570 2043/3469/1572 3241/3496/1599
f 2111/3498/1601 3241/3496/1599 2043/3469/1572
f 2076/3497/1600 3241/3496/1599 2111/3498/1601
f 509/3474/1577 2045/3476/1579 3242/3500/1603
f 2108/3502/1605 3242/3500/1603 2045/3476/1579
f 2078/3501/1604 3242/3500/1603 2108/3502/1605
f 510/3481/1584 2047/3483/1586 3243/3504/1607
f 2105/3506/1609 3243/3504/1607 2047/3483/1586
f 2070/3505/1608 3243/3504/1607 2105/3506/1609
f 511/3508/1611 2049/3512/1615 3244/3509/1612
f 2102/3511/1614 3244/3509/1612 2049/3512/1615
f 2054/3510/1613 3244/3509/1612 2102/3511/1614
f 512/3515/1618 2050/3519/1622 3245/3516/1619
f 2099/3518/1621 3245/3516/1619 2050/3519/1622
f 2056/3517/1620 3245/3516/1619 2099/3518/1621
f 513/3522/1625 2051/3526/1629 3246/3523/1626
f 2096/3525/1628 3246/3523/1626 2051/3526/1629
f 2057/3524/1627 3246/3523/1626 2096/3525/1628
f 514/3529/1632 2052/3533/1636 3247/3530/1633
f 2093/3532/1635 3247/3530/1633 2052/3533/1636
f 2058/3531/1634 3247/3530/1633 2093/3532/1635
f 515/3536/1639 2053/3540/1643 3248/3537/1640
f 2090/3539/1642 3248/3537/1640 2053/3540/1643
f 2085/3538/1641 3248/3537/1640 2090/3539/1642
f 2089/3543/1646 3249/3548/1649 2055/3544/1647
f 2088/3545/1648 3249/3548/1649 2089/3543/1646
f 516/3547/116 2055/3544/1647 3249/3548/1649
f 2090/3539/1642 3250/3686/1755 2089/3543/1646
f 2091/3549/1650 3250/3686/1755 2090/3539/1642
f 2089/3543/1646 3250/3686/1755 2091/3549/1650
f 2083/3550/1651 3251/3551/1652 2091/3549/1650
f 514/3529/1632 2058/3552/1634 3251/3551/1652
f 2091/3549/1650 3251/3551/1652 2058/3552/1634
f 2092/3553/1653 3252/3558/1655 2088/3554/1648
f 2087/3555/1654 3252/3558/1655 2092/3553/1653
f 516/3557/116 2088/3554/1648 3252/3558/1655
f 2093/3532/1635 3253/3687/1756 2092/3553/1653
f 2094/3559/1656 3253/3687/1756 2093/3532/1635
f 2092/3553/1653 3253/3687/1756 2094/3559/1656
f 2082/3560/1657 3254/3561/1658 2094/3559/1656
f 513/3522/1625 2057/3562/1627 3254/3561/1658
f 2094/3559/1656 3254/3561/1658 2057/3562/1627
f 2095/3563/1659 3255/3568/1661 2087/3564/1654
f 2086/3565/1660 3255/3568/1661 2095/3563/1659
f 516/3567/116 2087/3564/1654 3255/3568/1661
f 2096/3525/1628 3256/3688/1757 2095/3563/1659
f 2097/3569/1662 3256/3688/1757 2096/3525/1628
f 2095/3563/1659 3256/3688/1757 2097/3569/1662
f 2081/3570/1663 3257/3572/1664 2097/3569/1662
f 512/3571/1618 2056/3573/1620 3257/3572/1664
f 2097/3569/1662 3257/3572/1664 2056/3573/1620
f 2098/3574/1665 3258/3579/1667 2086/3575/1660
f 2084/3576/1666 3258/3579/1667 2098/3574/1665
f 516/3578/116 2086/3575/1660 3258/3579/1667
f 2099/3518/1621 3259/3689/1758 2098/3574/1665
f 2100/3580/1668 3259/3689/1758 2099/3518/1621
f 2098/3574/1665 3259/3689/1758 2100/3580/1668
f 2080/3581/1669 3260/3582/1670 2100/3580/1668
f 511/3508/1611 2054/3583/1613 3260/3582/1670
f 2100/3580/1668 3260/3582/1670 2054/3583/1613
f 2101/3584/1671 3261/3589/1672 2084/3585/1666
f 2055/3586/1647 3261/3589/1672 2101/3584/1671
f 516/3588/116 2084/3585/1666 3261/3589/1672
f 2102/3511/1614 3262/3690/1759 2101/3584/1671
f 2103/3590/1673 3262/3690/1759 2102/3511/1614
f 2101/3584/1671 3262/3690/1759 2103/3590/1673
f 2079/3591/1674 3263/3592/1675 2103/3590/1673
f 515/3536/1639 2085/3593/1641 3263/3592/1675
f 2103/3590/1673 3263/3592/1675 2085/3593/1641
f 2104/3594/1676 3264/3596/1678 2040/3595/1677
f 2053/3540/1643 3264/3596/1678 2104/3594/1676
f 515/3536/1639 2040/3595/1677 3264/3596/1678
f 2105/3506/1609 3265/3691/1760 2104/3594/1676
f 2106/3597/1679 3265/3691/1760 2105/3506/1609
f 2104/3594/1676 3265/3691/1760 2106/3597/1679
f 2077/3598/1680 3266/3599/1681 2106/3597/1679
f 514/3529/1632 2083/3550/1651 3266/3599/1681
f 2106/3597/1679 3266/3599/1681 2083/3550/1651
f 2107/3600/1682 3267/3602/1684 2048/3601/1683
f 2052/3533/1636 3267/3602/1684 2107/3600/1682
f 514/3529/1632 2048/3601/1683 3267/3602/1684
f 2108/3502/1605 3268/3692/1761 2107/3600/1682
f 2109/3603/1685 3268/3692/1761 2108/3502/1605
f 2107/3600/1682 3268/3692/1761 2109/3603/1685
f 2075/3604/1686 3269/3605/1687 2109/3603/1685
f 513/3522/1625 2082/3560/1657 3269/3605/1687
f 2109/3603/1685 3269/3605/1687 2082/3560/1657
f 2110/3606/1688 3270/3608/1690 2046/3607/1689
f 2051/3526/1629 3270/3608/1690 2110/3606/1688
f 513/3522/1625 2046/3607/1689 3270/3608/1690
f 2111/3498/1601 3271/3693/1762 2110/3606/1688
f 2112/3609/1691 3271/3693/1762 2111/3498/1601
f 2110/3606/1688 3271/3693/1762 2112/3609/1691
f 2073/3610/1692 3272/3611/1693 2112/3609/1691
f 512/3571/1618 2081/3570/1663 3272/3611/1693
f 2112/3609/1691 3272/3611/1693 2081/3570/1663
f 2113/3612/1694 3273/3614/1696 2044/3613/1695
f 2050/3519/1622 3273/3614/1696 2113/3612/1694
f 512/3515/1618 2044/3613/1695 3273/3614/1696
f 2114/3494/1597 3274/3694/1763 2113/3612/1694
f 2115/3615/1697 3274/3694/1763 2114/3494/1597
f 2113/3612/1694 3274/3694/1763 2115/3615/1697
f 2071/3616/1698 3275/3617/1699 2115/3615/1697
f 511/3508/1611 2080/3581/1669 3275/3617/1699
f 2115/3615/1697 3275/3617/1699 2080/3581/1669
f 2116/3618/1700 3276/3620/1702 2042/3619/1701
f 2049/3512/1615 3276/3620/1702 2116/3618/1700
f 511/3508/1611 2042/3619/1701 3276/3620/1702
f 2117/3490/1593 3277/3695/1764 2116/3618/1700
f 2118/3621/1703 3277/3695/1764 2117/3490/1593
f 2116/3618/1700 3277/3695/1764 2118/3621/1703
f 2069/3622/1704 3278/3623/1705 2118/3621/1703
f 515/3536/1639 2079/3591/1674 3278/3623/1705
f 2118/3621/1703 3278/3623/1705 2079/3591/1674
f 2119/3624/1706 3279/3625/1707 2077/3598/1680
f 2048/3601/1683 3279/3625/1707 2119/3624/1706
f 514/3529/1632 2077/3598/1680 3279/3625/1707
f 2120/3484/1587 3280/3696/1765 2119/3624/1706
f 2121/3626/1708 3280/3696/1765 2120/3484/1587
f 2119/3624/1706 3280/3696/1765 2121/3626/1708
f 2068/3627/1709 3281/3628/1710 2121/3626/1708
f 509/3474/1577 2078/3501/1604 3281/3628/1710
f 2121/3626/1708 3281/3628/1710 2078/3501/1604
f 2122/3629/1711 3282/3630/1712 2075/3604/1686
f 2046/3607/1689 3282/3630/1712 2122/3629/1711
f 513/3522/1625 2075/3604/1686 3282/3630/1712
f 2123/3477/1580 3283/3697/1766 2122/3629/1711
f 2124/3631/1713 3283/3697/1766 2123/3477/1580
f 2122/3629/1711 3283/3697/1766 2124/3631/1713
f 2067/3632/1714 3284/3633/1715 2124/3631/1713
f 508/3467/1570 2076/3497/1600 3284/3633/1715
f 2124/3631/1713 3284/3633/1715 2076/3497/1600
f 2125/3634/1716 3285/3637/1717 2073/3610/1692
f 2044/3635/1695 3285/3637/1717 2125/3634/1716
f 512/3571/1618 2073/3610/1692 3285/3637/1717
f 2126/3470/1573 3286/3698/1767 2125/3634/1716
f 2127/3638/1718 3286/3698/1767 2126/3470/1573
f 2125/3634/1716 3286/3698/1767 2127/3638/1718
f 2065/3639/1719 3287/3641/1720 2127/3638/1718
f 507/3640/1563 2074/3642/1596 3287/3641/1720
f 2127/3638/1718 3287/3641/1720 2074/3642/1596
f 2128/3643/1721 3288/3644/1722 2071/3616/1698
f 2042/3619/1701 3288/3644/1722 2128/3643/1721
f 511/3508/1611 2071/3616/1698 3288/3644/1722
f 2129/3463/1566 3289/3699/1768 2128/3643/1721
f 2130/3645/1723 3289/3699/1768 2129/3463/1566
f 2128/3643/1721 3289/3699/1768 2130/3645/1723
f 2061/3646/1724 3290/3647/1725 2130/3645/1723
f 506/3428/1541 2072/3489/1592 3290/3647/1725
f 2130/3645/1723 3290/3647/1725 2072/3489/1592
f 2131/3648/1726 3291/3649/1727 2069/3622/1704
f 2040/3595/1677 3291/3649/1727 2131/3648/1726
f 515/3536/1639 2069/3622/1704 3291/3649/1727
f 2132/3458/1561 3292/3700/1769 2131/3648/1726
f 2133/3650/1728 3292/3700/1769 2132/3458/1561
f 2131/3648/1726 3292/3700/1769 2133/3650/1728
f 2062/3651/1729 3293/3652/1730 2133/3650/1728
f 510/3481/1584 2070/3505/1608 3293/3652/1730
f 2133/3650/1728 3293/3652/1730 2070/3505/1608
f 2134/3653/1731 3294/3655/1733 2033/3654/1732
f 2038/3485/1588 3294/3655/1733 2134/3653/1731
f 510/3481/1584 2033/3654/1732 3294/3655/1733
f 2135/3452/1557 3295/3701/1770 2134/3653/1731
f 2136/3656/1734 3295/3701/1770 2135/3452/1557
f 2134/3653/1731 3295/3701/1770 2136/3656/1734
f 2066/3657/1735 3296/3658/1736 2136/3656/1734
f 509/3474/1577 2068/3627/1709 3296/3658/1736
f 2136/3656/1734 3296/3658/1736 2068/3627/1709
f 2137/3659/1737 3297/3661/1738 2066/3660/1735
f 2037/3478/1581 3297/3661/1738 2137/3659/1737
f 509/3474/1577 2066/3660/1735 3297/3661/1738
f 2138/3445/1553 3298/3702/1771 2137/3659/1737
f 2139/3662/1739 3298/3702/1771 2138/3445/1553
f 2137/3659/1737 3298/3702/1771 2139/3662/1739
f 2064/3663/1740 3299/3664/1741 2139/3662/1739
f 508/3467/1570 2067/3632/1714 3299/3664/1741
f 2139/3662/1739 3299/3664/1741 2067/3632/1714
f 2140/3665/1742 3300/3667/1743 2064/3666/1740
f 2035/3471/1574 3300/3667/1743 2140/3665/1742
f 508/3467/1570 2064/3666/1740 3300/3667/1743
f 2141/3438/1549 3301/3703/1772 2140/3665/1742
f 2142/3668/1744 3301/3703/1772 2141/3438/1549
f 2140/3665/1742 3301/3703/1772 2142/3668/1744
f 2059/3669/1745 3302/3670/1746 2142/3668/1744
f 507/3640/1563 2065/3639/1719 3302/3670/1746
f 2142/3668/1744 3302/3670/1746 2065/3639/1719
f 2143/3671/1747 3303/3674/1748 2062/3651/1729
f 2033/3672/1732 3303/3674/1748 2143/3671/1747
f 510/3481/1584 2062/3651/1729 3303/3674/1748
f 2144/3431/1544 3304/3704/1773 2143/3671/1747
f 2145/3675/1749 3304/3704/1773 2144/3431/1544
f 2143/3671/1747 3304/3704/1773 2145/3675/1749
f 2060/3676/1538 3305/3678/1750 2145/3675/1749
f 505/3677/1 2063/3679/1556 3305/3678/1750
f 2145/3675/1749 3305/3678/1750 2063/3679/1556
f 2146/3680/1751 3306/3682/1752 2059/3681/1745
f 2031/3464/1567 3306/3682/1752 2146/3680/1751
f 507/3460/1563 2059/3681/1745 3306/3682/1752
f 2147/3424/1537 3307/3705/1774 2146/3680/1751
f 2148/3683/1753 3307/3705/1774 2147/3424/1537
f 2146/3680/1751 3307/3705/1774 2148/3683/1753
f 2030/3684/1545 3308/3685/1754 2148/3683/1753
f 506/3428/1541 2061/3646/1724 3308/3685/1754
f 2148/3683/1753 3308/3685/1754 2061/3646/1724
usemtl Material.015
f 547/3706/1 3309/3707/1535 2149/3708/1536
f 2267/3709/1537 2180/3710/1538 560/3711/1539
f 2149/3708/1536 2267/3709/1537 559/3712/1540
f 548/3713/1541 3310/3714/1542 2152/3715/1543
f 2264/3716/1544 2150/3717/1545 560/3718/1539
f 2152/3715/1543 2264/3716/1544 562/3719/1546
f 547/3720/1 3311/3721/1547 2154/3722/1548
f 2261/3723/1549 2149/3724/1536 559/3725/1540
f 2154/3722/1548 2261/3723/1549 564/3726/1550
f 547/3727/1 3312/3728/1551 2156/3729/1552
f 2258/3730/1553 2154/3731/1548 564/3732/1550
f 2156/3729/1552 2258/3730/1553 566/3733/1554
f 547/3734/1 3313/3735/1555 2183/3736/1556
f 2255/3737/1557 2156/3738/1552 566/3739/1554
f 2183/3736/1556 2255/3737/1557 563/3740/1558
f 548/3713/1541 3314/3741/1559 2159/3742/1560
f 2252/3743/1561 2152/3715/1543 562/3719/1546
f 2159/3742/1560 2252/3743/1561 569/3744/1562
f 549/3745/1563 3315/3746/1564 2161/3747/1565
f 2249/3748/1566 2151/3749/1567 561/3750/1568
f 2161/3747/1565 2249/3748/1566 571/3751/1569
f 550/3752/1570 3316/3753/1571 2163/3754/1572
f 2246/3755/1573 2155/3756/1574 565/3757/1575
f 2163/3754/1572 2246/3755/1573 573/3758/1576
f 551/3759/1577 3317/3760/1578 2165/3761/1579
f 2243/3762/1580 2157/3763/1581 567/3764/1582
f 2165/3761/1579 2243/3762/1580 575/3765/1583
f 552/3766/1584 3318/3767/1585 2167/3768/1586
f 2240/3769/1587 2158/3770/1588 568/3771/1589
f 2167/3768/1586 2240/3769/1587 577/3772/1590
f 548/3713/1541 3319/3773/1591 2192/3774/1592
f 2237/3775/1593 2159/3742/1560 569/3744/1562
f 2192/3774/1592 2237/3775/1593 572/3776/1594
f 549/3745/1563 3320/3777/1595 2194/3778/1596
f 2234/3779/1597 2161/3747/1565 571/3751/1569
f 2194/3778/1596 2234/3779/1597 574/3780/1598
f 550/3752/1570 3321/3781/1599 2196/3782/1600
f 2231/3783/1601 2163/3754/1572 573/3758/1576
f 2196/3782/1600 2231/3783/1601 576/3784/1602
f 551/3759/1577 3322/3785/1603 2198/3786/1604
f 2228/3787/1605 2165/3761/1579 575/3765/1583
f 2198/3786/1604 2228/3787/1605 578/3788/1606
f 552/3766/1584 3323/3789/1607 2190/3790/1608
f 2225/3791/1609 2167/3768/1586 577/3772/1590
f 2190/3790/1608 2225/3791/1609 570/3792/1610
f 553/3793/1611 3324/3794/1612 2174/3795/1613
f 2222/3796/1614 2169/3797/1615 579/3798/1616
f 2174/3795/1613 2222/3796/1614 584/3799/1617
f 554/3800/1618 3325/3801/1619 2176/3802/1620
f 2219/3803/1621 2170/3804/1622 580/3805/1623
f 2176/3802/1620 2219/3803/1621 586/3806/1624
f 555/3807/1625 3326/3808/1626 2177/3809/1775
f 2216/3810/1628 2171/3811/1629 581/3812/1630
f 2177/3809/1775 2216/3810/1628 587/3813/1631
f 556/3814/1632 3327/3815/1633 2178/3816/1634
f 2213/3817/1635 2172/3818/1636 582/3819/1637
f 2178/3816/1634 2213/3817/1635 588/3820/1638
f 557/3821/1639 3328/3822/1640 2205/3823/1641
f 2210/3824/1642 2173/3825/1643 583/3826/1644
f 2205/3823/1641 2210/3824/1642 585/3827/1645
f 2209/3828/1646 2175/3829/1647 585/3827/1645
f 2208/3830/1648 2209/3828/1646 588/3831/1638
f 558/3832/116 3329/3833/1649 2208/3830/1648
f 2210/3824/1642 2209/3828/1646 585/3827/1645
f 2211/3834/1650 2210/3824/1642 583/3826/1644
f 2209/3828/1646 2211/3834/1650 588/3831/1638
f 2203/3835/1651 2211/3834/1650 583/3826/1644
f 556/3814/1632 3331/3836/1652 2203/3835/1651
f 2211/3834/1650 2178/3837/1634 588/3831/1638
f 2212/3838/1653 2208/3839/1648 588/3820/1638
f 2207/3840/1654 2212/3838/1653 587/3841/1631
f 558/3842/116 3332/3843/1655 2207/3840/1654
f 2213/3817/1635 2212/3838/1653 588/3820/1638
f 2214/3844/1656 2213/3817/1635 582/3819/1637
f 2212/3838/1653 2214/3844/1656 587/3841/1631
f 2202/3845/1657 2214/3844/1656 582/3819/1637
f 555/3807/1625 3334/3846/1658 2202/3845/1657
f 2214/3844/1656 2177/3847/1775 587/3841/1631
f 2215/3848/1659 2207/3849/1654 587/3813/1631
f 2206/3850/1660 2215/3848/1659 586/3851/1624
f 558/3852/116 3335/3853/1661 2206/3850/1660
f 2216/3810/1628 2215/3848/1659 587/3813/1631
f 2217/3854/1662 2216/3810/1628 581/3812/1630
f 2215/3848/1659 2217/3854/1662 586/3851/1624
f 2201/3855/1663 2217/3854/1662 581/3812/1630
f 554/3856/1618 3337/3857/1664 2201/3855/1663
f 2217/3854/1662 2176/3858/1620 586/3851/1624
f 2218/3859/1665 2206/3860/1660 586/3806/1624
f 2204/3861/1666 2218/3859/1665 584/3862/1617
f 558/3863/116 3338/3864/1667 2204/3861/1666
f 2219/3803/1621 2218/3859/1665 586/3806/1624
f 2220/3865/1668 2219/3803/1621 580/3805/1623
f 2218/3859/1665 2220/3865/1668 584/3862/1617
f 2200/3866/1669 2220/3865/1668 580/3805/1623
f 553/3793/1611 3340/3867/1670 2200/3866/1669
f 2220/3865/1668 2174/3868/1613 584/3862/1617
f 2221/3869/1671 2204/3870/1666 584/3799/1617
f 2175/3871/1647 2221/3869/1671 585/3872/1645
f 558/3873/116 3341/3874/1672 2175/3871/1647
f 2222/3796/1614 2221/3869/1671 584/3799/1617
f 2223/3875/1673 2222/3796/1614 579/3798/1616
f 2221/3869/1671 2223/3875/1673 585/3872/1645
f 2199/3876/1674 2223/3875/1673 579/3798/1616
f 557/3821/1639 3343/3877/1675 2199/3876/1674
f 2223/3875/1673 2205/3878/1641 585/3872/1645
f 2224/3879/1676 2160/3880/1677 570/3792/1610
f 2173/3825/1643 2224/3879/1676 583/3826/1644
f 557/3821/1639 3344/3881/1678 2173/3825/1643
f 2225/3791/1609 2224/3879/1676 570/3792/1610
f 2226/3882/1679 2225/3791/1609 577/3772/1590
f 2224/3879/1676 2226/3882/1679 583/3826/1644
f 2197/3883/1680 2226/3882/1679 577/3772/1590
f 556/3814/1632 3346/3884/1681 2197/3883/1680
f 2226/3882/1679 2203/3835/1651 583/3826/1644
f 2227/3885/1682 2168/3886/1683 578/3788/1606
f 2172/3818/1636 2227/3885/1682 582/3819/1637
f 556/3814/1632 3347/3887/1684 2172/3818/1636
f 2228/3787/1605 2227/3885/1682 578/3788/1606
f 2229/3888/1685 2228/3787/1605 575/3765/1583
f 2227/3885/1682 2229/3888/1685 582/3819/1637
f 2195/3889/1686 2229/3888/1685 575/3765/1583
f 555/3807/1625 3349/3890/1687 2195/3889/1686
f 2229/3888/1685 2202/3845/1657 582/3819/1637
f 2230/3891/1688 2166/3892/1689 576/3784/1602
f 2171/3811/1629 2230/3891/1688 581/3812/1630
f 555/3807/1625 3350/3893/1690 2171/3811/1629
f 2231/3783/1601 2230/3891/1688 576/3784/1602
f 2232/3894/1691 2231/3783/1601 573/3758/1576
f 2230/3891/1688 2232/3894/1691 581/3812/1630
f 2193/3895/1692 2232/3894/1691 573/3758/1576
f 554/3856/1618 3352/3896/1693 2193/3895/1692
f 2232/3894/1691 2201/3855/1663 581/3812/1630
f 2233/3897/1694 2164/3898/1695 574/3780/1598
f 2170/3804/1622 2233/3897/1694 580/3805/1623
f 554/3800/1618 3353/3899/1696 2170/3804/1622
f 2234/3779/1597 2233/3897/1694 574/3780/1598
f 2235/3900/1697 2234/3779/1597 571/3751/1569
f 2233/3897/1694 2235/3900/1697 580/3805/1623
f 2191/3901/1698 2235/3900/1697 571/3751/1569
f 553/3793/1611 3355/3902/1699 2191/3901/1698
f 2235/3900/1697 2200/3866/1669 580/3805/1623
f 2236/3903/1700 2162/3904/1701 572/3776/1594
f 2169/3797/1615 2236/3903/1700 579/3798/1616
f 553/3793/1611 3356/3905/1702 2169/3797/1615
f 2237/3775/1593 2236/3903/1700 572/3776/1594
f 2238/3906/1703 2237/3775/1593 569/3744/1562
f 2236/3903/1700 2238/3906/1703 579/3798/1616
f 2189/3907/1704 2238/3906/1703 569/3744/1562
f 557/3821/1639 3358/3908/1705 2189/3907/1704
f 2238/3906/1703 2199/3876/1674 579/3798/1616
f 2239/3909/1706 2197/3883/1680 577/3772/1590
f 2168/3886/1683 2239/3909/1706 578/3788/1606
f 556/3814/1632 3359/3910/1707 2168/3886/1683
f 2240/3769/1587 2239/3909/1706 577/3772/1590
f 2241/3911/1708 2240/3769/1587 568/3771/1589
f 2239/3909/1706 2241/3911/1708 578/3788/1606
f 2188/3912/1709 2241/3911/1708 568/3771/1589
f 551/3759/1577 3361/3913/1710 2188/3912/1709
f 2241/3911/1708 2198/3786/1604 578/3788/1606
f 2242/3914/1711 2195/3889/1686 575/3765/1583
f 2166/3892/1689 2242/3914/1711 576/3784/1602
f 555/3807/1625 3362/3915/1712 2166/3892/1689
f 2243/3762/1580 2242/3914/1711 575/3765/1583
f 2244/3916/1713 2243/3762/1580 567/3764/1582
f 2242/3914/1711 2244/3916/1713 576/3784/1602
f 2187/3917/1714 2244/3916/1713 567/3764/1582
f 550/3752/1570 3364/3918/1715 2187/3917/1714
f 2244/3916/1713 2196/3782/1600 576/3784/1602
f 2245/3919/1716 2193/3895/1692 573/3758/1576
f 2164/3920/1695 2245/3919/1716 574/3921/1598
f 554/3856/1618 3365/3922/1717 2164/3920/1695
f 2246/3755/1573 2245/3919/1716 573/3758/1576
f 2247/3923/1718 2246/3755/1573 565/3757/1575
f 2245/3919/1716 2247/3923/1718 574/3921/1598
f 2185/3924/1719 2247/3923/1718 565/3757/1575
f 549/3925/1563 3367/3926/1720 2185/3924/1719
f 2247/3923/1718 2194/3927/1596 574/3921/1598
f 2248/3928/1721 2191/3901/1698 571/3751/1569
f 2162/3904/1701 2248/3928/1721 572/3776/1594
f 553/3793/1611 3368/3929/1722 2162/3904/1701
f 2249/3748/1566 2248/3928/1721 571/3751/1569
f 2250/3930/1723 2249/3748/1566 561/3750/1568
f 2248/3928/1721 2250/3930/1723 572/3776/1594
f 2181/3931/1724 2250/3930/1723 561/3750/1568
f 548/3713/1541 3370/3932/1725 2181/3931/1724
f 2250/3930/1723 2192/3774/1592 572/3776/1594
f 2251/3933/1726 2189/3907/1704 569/3744/1562
f 2160/3880/1677 2251/3933/1726 570/3792/1610
f 557/3821/1639 3371/3934/1727 2160/3880/1677
f 2252/3743/1561 2251/3933/1726 569/3744/1562
f 2253/3935/1728 2252/3743/1561 562/3719/1546
f 2251/3933/1726 2253/3935/1728 570/3792/1610
f 2182/3936/1729 2253/3935/1728 562/3719/1546
f 552/3766/1584 3373/3937/1730 2182/3936/1729
f 2253/3935/1728 2190/3790/1608 570/3792/1610
f 2254/3938/1731 2153/3939/1732 563/3740/1558
f 2158/3770/1588 2254/3938/1731 568/3771/1589
f 552/3766/1584 3374/3940/1733 2158/3770/1588
f 2255/3737/1557 2254/3938/1731 563/3740/1558
f 2256/3941/1734 2255/3737/1557 566/3739/1554
f 2254/3938/1731 2256/3941/1734 568/3771/1589
f 2186/3942/1735 2256/3941/1734 566/3739/1554
f 551/3759/1577 3376/3943/1736 2186/3942/1735
f 2256/3941/1734 2188/3912/1709 568/3771/1589
f 2257/3944/1737 2186/3945/1735 566/3733/1554
f 2157/3763/1581 2257/3944/1737 567/3764/1582
f 551/3759/1577 3377/3946/1738 2157/3763/1581
f 2258/3730/1553 2257/3944/1737 566/3733/1554
f 2259/3947/1739 2258/3730/1553 564/3732/1550
f 2257/3944/1737 2259/3947/1739 567/3764/1582
f 2184/3948/1740 2259/3947/1739 564/3732/1550
f 550/3752/1570 3379/3949/1741 2184/3948/1740
f 2259/3947/1739 2187/3917/1714 567/3764/1582
f 2260/3950/1742 2184/3951/1740 564/3726/1550
f 2155/3756/1574 2260/3950/1742 565/3757/1575
f 550/3752/1570 3380/3952/1743 2155/3756/1574
f 2261/3723/1549 2260/3950/1742 564/3726/1550
f 2262/3953/1744 2261/3723/1549 559/3725/1540
f 2260/3950/1742 2262/3953/1744 565/3757/1575
f 2179/3954/1745 2262/3953/1744 559/3725/1540
f 549/3925/1563 3382/3955/1746 2179/3954/1745
f 2262/3953/1744 2185/3924/1719 565/3757/1575
f 2263/3956/1747 2182/3936/1729 562/3719/1546
f 2153/3957/1732 2263/3956/1747 563/3958/1558
f 552/3766/1584 3383/3959/1748 2153/3957/1732
f 2264/3716/1544 2263/3956/1747 562/3719/1546
f 2265/3960/1749 2264/3716/1544 560/3718/1539
f 2263/3956/1747 2265/3960/1749 563/3958/1558
f 2180/3961/1538 2265/3960/1749 560/3718/1539
f 547/3962/1 3385/3963/1750 2180/3961/1538
f 2265/3960/1749 2183/3964/1556 563/3958/1558
f 2266/3965/1751 2179/3966/1745 559/3712/1540
f 2151/3749/1567 2266/3965/1751 561/3750/1568
f 549/3745/1563 3386/3967/1752 2151/3749/1567
f 2267/3709/1537 2266/3965/1751 559/3712/1540
f 2268/3968/1753 2267/3709/1537 560/3711/1539
f 2266/3965/1751 2268/3968/1753 561/3750/1568
f 2150/3969/1545 2268/3968/1753 560/3711/1539
f 548/3713/1541 3388/3970/1754 2150/3969/1545
f 2268/3968/1753 2181/3931/1724 561/3750/1568
f 547/3706/1 2180/3710/1538 3309/3707/1535
f 2267/3709/1537 3309/3707/1535 2180/3710/1538
f 2149/3708/1536 3309/3707/1535 2267/3709/1537
f 548/3713/1541 2150/3717/1545 3310/3714/1542
f 2264/3716/1544 3310/3714/1542 2150/3717/1545
f 2152/3715/1543 3310/3714/1542 2264/3716/1544
f 547/3720/1 2149/3724/1536 3311/3721/1547
f 2261/3723/1549 3311/3721/1547 2149/3724/1536
f 2154/3722/1548 3311/3721/1547 2261/3723/1549
f 547/3727/1 2154/3731/1548 3312/3728/1551
f 2258/3730/1553 3312/3728/1551 2154/3731/1548
f 2156/3729/1552 3312/3728/1551 2258/3730/1553
f 547/3734/1 2156/3738/1552 3313/3735/1555
f 2255/3737/1557 3313/3735/1555 2156/3738/1552
f 2183/3736/1556 3313/3735/1555 2255/3737/1557
f 548/3713/1541 2152/3715/1543 3314/3741/1559
f 2252/3743/1561 3314/3741/1559 2152/3715/1543
f 2159/3742/1560 3314/3741/1559 2252/3743/1561
f 549/3745/1563 2151/3749/1567 3315/3746/1564
f 2249/3748/1566 3315/3746/1564 2151/3749/1567
f 2161/3747/1565 3315/3746/1564 2249/3748/1566
f 550/3752/1570 2155/3756/1574 3316/3753/1571
f 2246/3755/1573 3316/3753/1571 2155/3756/1574
f 2163/3754/1572 3316/3753/1571 2246/3755/1573
f 551/3759/1577 2157/3763/1581 3317/3760/1578
f 2243/3762/1580 3317/3760/1578 2157/3763/1581
f 2165/3761/1579 3317/3760/1578 2243/3762/1580
f 552/3766/1584 2158/3770/1588 3318/3767/1585
f 2240/3769/1587 3318/3767/1585 2158/3770/1588
f 2167/3768/1586 3318/3767/1585 2240/3769/1587
f 548/3713/1541 2159/3742/1560 3319/3773/1591
f 2237/3775/1593 3319/3773/1591 2159/3742/1560
f 2192/3774/1592 3319/3773/1591 2237/3775/1593
f 549/3745/1563 2161/3747/1565 3320/3777/1595
f 2234/3779/1597 3320/3777/1595 2161/3747/1565
f 2194/3778/1596 3320/3777/1595 2234/3779/1597
f 550/3752/1570 2163/3754/1572 3321/3781/1599
f 2231/3783/1601 3321/3781/1599 2163/3754/1572
f 2196/3782/1600 3321/3781/1599 2231/3783/1601
f 551/3759/1577 2165/3761/1579 3322/3785/1603
f 2228/3787/1605 3322/3785/1603 2165/3761/1579
f 2198/3786/1604 3322/3785/1603 2228/3787/1605
f 552/3766/1584 2167/3768/1586 3323/3789/1607
f 2225/3791/1609 3323/3789/1607 2167/3768/1586
f 2190/3790/1608 3323/3789/1607 2225/3791/1609
f 553/3793/1611 2169/3797/1615 3324/3794/1612
f 2222/3796/1614 3324/3794/1612 2169/3797/1615
f 2174/3795/1613 3324/3794/1612 2222/3796/1614
f 554/3800/1618 2170/3804/1622 3325/3801/1619
f 2219/3803/1621 3325/3801/1619 2170/3804/1622
f 2176/3802/1620 3325/3801/1619 2219/3803/1621
f 555/3807/1625 2171/3811/1629 3326/3808/1626
f 2216/3810/1628 3326/3808/1626 2171/3811/1629
f 2177/3809/1775 3326/3808/1626 2216/3810/1628
f 556/3814/1632 2172/3818/1636 3327/3815/1633
f 2213/3817/1635 3327/3815/1633 2172/3818/1636
f 2178/3816/1634 3327/3815/1633 2213/3817/1635
f 557/3821/1639 2173/3825/1643 3328/3822/1640
f 2210/3824/1642 3328/3822/1640 2173/3825/1643
f 2205/3823/1641 3328/3822/1640 2210/3824/1642
f 2209/3828/1646 3329/3833/1649 2175/3829/1647
f 2208/3830/1648 3329/3833/1649 2209/3828/1646
f 558/3832/116 2175/3829/1647 3329/3833/1649
f 2210/3824/1642 3330/3971/1755 2209/3828/1646
f 2211/3834/1650 3330/3971/1755 2210/3824/1642
f 2209/3828/1646 3330/3971/1755 2211/3834/1650
f 2203/3835/1651 3331/3836/1652 2211/3834/1650
f 556/3814/1632 2178/3837/1634 3331/3836/1652
f 2211/3834/1650 3331/3836/1652 2178/3837/1634
f 2212/3838/1653 3332/3843/1655 2208/3839/1648
f 2207/3840/1654 3332/3843/1655 2212/3838/1653
f 558/3842/116 2208/3839/1648 3332/3843/1655
f 2213/3817/1635 3333/3972/1756 2212/3838/1653
f 2214/3844/1656 3333/3972/1756 2213/3817/1635
f 2212/3838/1653 3333/3972/1756 2214/3844/1656
f 2202/3845/1657 3334/3846/1658 2214/3844/1656
f 555/3807/1625 2177/3847/1775 3334/3846/1658
f 2214/3844/1656 3334/3846/1658 2177/3847/1775
f 2215/3848/1659 3335/3853/1661 2207/3849/1654
f 2206/3850/1660 3335/3853/1661 2215/3848/1659
f 558/3852/116 2207/3849/1654 3335/3853/1661
f 2216/3810/1628 3336/3973/1757 2215/3848/1659
f 2217/3854/1662 3336/3973/1757 2216/3810/1628
f 2215/3848/1659 3336/3973/1757 2217/3854/1662
f 2201/3855/1663 3337/3857/1664 2217/3854/1662
f 554/3856/1618 2176/3858/1620 3337/3857/1664
f 2217/3854/1662 3337/3857/1664 2176/3858/1620
f 2218/3859/1665 3338/3864/1667 2206/3860/1660
f 2204/3861/1666 3338/3864/1667 2218/3859/1665
f 558/3863/116 2206/3860/1660 3338/3864/1667
f 2219/3803/1621 3339/3974/1758 2218/3859/1665
f 2220/3865/1668 3339/3974/1758 2219/3803/1621
f 2218/3859/1665 3339/3974/1758 2220/3865/1668
f 2200/3866/1669 3340/3867/1670 2220/3865/1668
f 553/3793/1611 2174/3868/1613 3340/3867/1670
f 2220/3865/1668 3340/3867/1670 2174/3868/1613
f 2221/3869/1671 3341/3874/1672 2204/3870/1666
f 2175/3871/1647 3341/3874/1672 2221/3869/1671
f 558/3873/116 2204/3870/1666 3341/3874/1672
f 2222/3796/1614 3342/3975/1759 2221/3869/1671
f 2223/3875/1673 3342/3975/1759 2222/3796/1614
f 2221/3869/1671 3342/3975/1759 2223/3875/1673
f 2199/3876/1674 3343/3877/1675 2223/3875/1673
f 557/3821/1639 2205/3878/1641 3343/3877/1675
f 2223/3875/1673 3343/3877/1675 2205/3878/1641
f 2224/3879/1676 3344/3881/1678 2160/3880/1677
f 2173/3825/1643 3344/3881/1678 2224/3879/1676
f 557/3821/1639 2160/3880/1677 3344/3881/1678
f 2225/3791/1609 3345/3976/1760 2224/3879/1676
f 2226/3882/1679 3345/3976/1760 2225/3791/1609
f 2224/3879/1676 3345/3976/1760 2226/3882/1679
f 2197/3883/1680 3346/3884/1681 2226/3882/1679
f 556/3814/1632 2203/3835/1651 3346/3884/1681
f 2226/3882/1679 3346/3884/1681 2203/3835/1651
f 2227/3885/1682 3347/3887/1684 2168/3886/1683
f 2172/3818/1636 3347/3887/1684 2227/3885/1682
f 556/3814/1632 2168/3886/1683 3347/3887/1684
f 2228/3787/1605 3348/3977/1761 2227/3885/1682
f 2229/3888/1685 3348/3977/1761 2228/3787/1605
f 2227/3885/1682 3348/3977/1761 2229/3888/1685
f 2195/3889/1686 3349/3890/1687 2229/3888/1685
f 555/3807/1625 2202/3845/1657 3349/3890/1687
f 2229/3888/1685 3349/3890/1687 2202/3845/1657
f 2230/3891/1688 3350/3893/1690 2166/3892/1689
f 2171/3811/1629 3350/3893/1690 2230/3891/1688
f 555/3807/1625 2166/3892/1689 3350/3893/1690
f 2231/3783/1601 3351/3978/1762 2230/3891/1688
f 2232/3894/1691 3351/3978/1762 2231/3783/1601
f 2230/3891/1688 3351/3978/1762 2232/3894/1691
f 2193/3895/1692 3352/3896/1693 2232/3894/1691
f 554/3856/1618 2201/3855/1663 3352/3896/1693
f 2232/3894/1691 3352/3896/1693 2201/3855/1663
f 2233/3897/1694 3353/3899/1696 2164/3898/1695
f 2170/3804/1622 3353/3899/1696 2233/3897/1694
f 554/3800/1618 2164/3898/1695 3353/3899/1696
f 2234/3779/1597 3354/3979/1763 2233/3897/1694
f 2235/3900/1697 3354/3979/1763 2234/3779/1597
f 2233/3897/1694 3354/3979/1763 2235/3900/1697
f 2191/3901/1698 3355/3902/1699 2235/3900/1697
f 553/3793/1611 2200/3866/1669 3355/3902/1699
f 2235/3900/1697 3355/3902/1699 2200/3866/1669
f 2236/3903/1700 3356/3905/1702 2162/3904/1701
f 2169/3797/1615 3356/3905/1702 2236/3903/1700
f 553/3793/1611 2162/3904/1701 3356/3905/1702
f 2237/3775/1593 3357/3980/1764 2236/3903/1700
f 2238/3906/1703 3357/3980/1764 2237/3775/1593
f 2236/3903/1700 3357/3980/1764 2238/3906/1703
f 2189/3907/1704 3358/3908/1705 2238/3906/1703
f 557/3821/1639 2199/3876/1674 3358/3908/1705
f 2238/3906/1703 3358/3908/1705 2199/3876/1674
f 2239/3909/1706 3359/3910/1707 2197/3883/1680
f 2168/3886/1683 3359/3910/1707 2239/3909/1706
f 556/3814/1632 2197/3883/1680 3359/3910/1707
f 2240/3769/1587 3360/3981/1765 2239/3909/1706
f 2241/3911/1708 3360/3981/1765 2240/3769/1587
f 2239/3909/1706 3360/3981/1765 2241/3911/1708
f 2188/3912/1709 3361/3913/1710 2241/3911/1708
f 551/3759/1577 2198/3786/1604 3361/3913/1710
f 2241/3911/1708 3361/3913/1710 2198/3786/1604
f 2242/3914/1711 3362/3915/1712 2195/3889/1686
f 2166/3892/1689 3362/3915/1712 2242/3914/1711
f 555/3807/1625 2195/3889/1686 3362/3915/1712
f 2243/3762/1580 3363/3982/1766 2242/3914/1711
f 2244/3916/1713 3363/3982/1766 2243/3762/1580
f 2242/3914/1711 3363/3982/1766 2244/3916/1713
f 2187/3917/1714 3364/3918/1715 2244/3916/1713
f 550/3752/1570 2196/3782/1600 3364/3918/1715
f 2244/3916/1713 3364/3918/1715 2196/3782/1600
f 2245/3919/1716 3365/3922/1717 2193/3895/1692
f 2164/3920/1695 3365/3922/1717 2245/3919/1716
f 554/3856/1618 2193/3895/1692 3365/3922/1717
f 2246/3755/1573 3366/3983/1767 2245/3919/1716
f 2247/3923/1718 3366/3983/1767 2246/3755/1573
f 2245/3919/1716 3366/3983/1767 2247/3923/1718
f 2185/3924/1719 3367/3926/1720 2247/3923/1718
f 549/3925/1563 2194/3927/1596 3367/3926/1720
f 2247/3923/1718 3367/3926/1720 2194/3927/1596
f 2248/3928/1721 3368/3929/1722 2191/3901/1698
f 2162/3904/1701 3368/3929/1722 2248/3928/1721
f 553/3793/1611 2191/3901/1698 3368/3929/1722
f 2249/3748/1566 3369/3984/1768 2248/3928/1721
f 2250/3930/1723 3369/3984/1768 2249/3748/1566
f 2248/3928/1721 3369/3984/1768 2250/3930/1723
f 2181/3931/1724 3370/3932/1725 2250/3930/1723
f 548/3713/1541 2192/3774/1592 3370/3932/1725
f 2250/3930/1723 3370/3932/1725 2192/3774/1592
f 2251/3933/1726 3371/3934/1727 2189/3907/1704
f 2160/3880/1677 3371/3934/1727 2251/3933/1726
f 557/3821/1639 2189/3907/1704 3371/3934/1727
f 2252/3743/1561 3372/3985/1769 2251/3933/1726
f 2253/3935/1728 3372/3985/1769 2252/3743/1561
f 2251/3933/1726 3372/3985/1769 2253/3935/1728
f 2182/3936/1729 3373/3937/1730 2253/3935/1728
f 552/3766/1584 2190/3790/1608 3373/3937/1730
f 2253/3935/1728 3373/3937/1730 2190/3790/1608
f 2254/3938/1731 3374/3940/1733 2153/3939/1732
f 2158/3770/1588 3374/3940/1733 2254/3938/1731
f 552/3766/1584 2153/3939/1732 3374/3940/1733
f 2255/3737/1557 3375/3986/1770 2254/3938/1731
f 2256/3941/1734 3375/3986/1770 2255/3737/1557
f 2254/3938/1731 3375/3986/1770 2256/3941/1734
f 2186/3942/1735 3376/3943/1736 2256/3941/1734
f 551/3759/1577 2188/3912/1709 3376/3943/1736
f 2256/3941/1734 3376/3943/1736 2188/3912/1709
f 2257/3944/1737 3377/3946/1738 2186/3945/1735
f 2157/3763/1581 3377/3946/1738 2257/3944/1737
f 551/3759/1577 2186/3945/1735 3377/3946/1738
f 2258/3730/1553 3378/3987/1771 2257/3944/1737
f 2259/3947/1739 3378/3987/1771 2258/3730/1553
f 2257/3944/1737 3378/3987/1771 2259/3947/1739
f 2184/3948/1740 3379/3949/1741 2259/3947/1739
f 550/3752/1570 2187/3917/1714 3379/3949/1741
f 2259/3947/1739 3379/3949/1741 2187/3917/1714
f 2260/3950/1742 3380/3952/1743 2184/3951/1740
f 2155/3756/1574 3380/3952/1743 2260/3950/1742
f 550/3752/1570 2184/3951/1740 3380/3952/1743
f 2261/3723/1549 3381/3988/1772 2260/3950/1742
f 2262/3953/1744 3381/3988/1772 2261/3723/1549
f 2260/3950/1742 3381/3988/1772 2262/3953/1744
f 2179/3954/1745 3382/3955/1746 2262/3953/1744
f 549/3925/1563 2185/3924/1719 3382/3955/1746
f 2262/3953/1744 3382/3955/1746 2185/3924/1719
f 2263/3956/1747 3383/3959/1748 2182/3936/1729
f 2153/3957/1732 3383/3959/1748 2263/3956/1747
f 552/3766/1584 2182/3936/1729 3383/3959/1748
f 2264/3716/1544 3384/3989/1773 2263/3956/1747
f 2265/3960/1749 3384/3989/1773 2264/3716/1544
f 2263/3956/1747 3384/3989/1773 2265/3960/1749
f 2180/3961/1538 3385/3963/1750 2265/3960/1749
f 547/3962/1 2183/3964/1556 3385/3963/1750
f 2265/3960/1749 3385/3963/1750 2183/3964/1556
f 2266/3965/1751 3386/3967/1752 2179/3966/1745
f 2151/3749/1567 3386/3967/1752 2266/3965/1751
f 549/3745/1563 2179/3966/1745 3386/3967/1752
f 2267/3709/1537 3387/3990/1774 2266/3965/1751
f 2268/3968/1753 3387/3990/1774 2267/3709/1537
f 2266/3965/1751 3387/3990/1774 2268/3968/1753
f 2150/3969/1545 3388/3970/1754 2268/3968/1753
f 548/3713/1541 2181/3931/1724 3388/3970/1754
f 2268/3968/1753 3388/3970/1754 2181/3931/1724
