{"pos":{"n":-0.1313410848379135,"s":0.0009765623253770173,"m":0.0010000000474974514}}