{"pos":{"n":-1.0177061557769776,"s":0.654954731464386,"m":1.3522411584854127}}