{"pos":{"n":-0.41964977979660036,"s":3.2213692665100099,"m":-1.2621653079986573}}