{"pos":{"n":-2.8189802169799806,"s":3.0571963787078859,"m":-1.2593932151794434}}