{"pos":{"n":-2.1606180667877199,"s":3.33597731590271,"m":-1.3043583631515504}}