{"pos":{"n":-2.9052510261535646,"s":1.1364918947219849,"m":0.740025520324707}}