{"pos":{"n":2.9494271278381349,"s":0.7589008212089539,"m":0.2902863025665283}}