# Blender v3.1.2 OBJ File: ''
# www.blender.org
mtllib Pon.mtl
o Plane
v -0.228515 1.475474 0.291537
v -0.171199 1.416825 0.291537
v -0.000139 1.388389 0.291537
v 0.168700 1.417714 0.291537
v 0.227349 1.475030 0.291537
v 0.141597 1.446150 0.291537
v -0.001472 1.432820 0.291537
v -0.142318 1.447038 0.291537
v -0.123688 1.671559 0.291537
v -0.197266 1.605019 0.291537
v -0.133925 1.634450 0.291537
v -0.060347 1.610137 0.291537
v 0.114961 1.667720 0.291537
v 0.042023 1.619734 0.291537
v 0.118160 1.636369 0.291537
v 0.183421 1.615896 0.291537
v 0.033986 1.705925 0.291537
v 0.064374 1.697024 0.291537
v 0.042481 1.711689 0.291537
v -0.001527 1.741170 0.291537
v -0.068067 1.700222 0.291537
v 0.001033 1.715578 0.291537
v -0.233018 1.472213 0.186415
v -0.293917 1.680143 0.000000
v -0.267971 1.472213 0.000000
v -0.238407 1.842435 0.158938
v -0.256374 1.676709 0.199654
v -0.238407 1.842436 -0.158938
v -0.256374 1.676709 -0.199654
v -0.233018 1.472213 -0.186415
v 0.000000 1.683577 -0.299849
v 0.133986 1.472213 -0.267971
v 0.000000 1.472213 -0.279622
v 0.148882 1.886340 -0.202842
v 0.149166 1.681860 -0.287294
v 0.238407 1.842436 -0.158938
v 0.256374 1.676709 -0.199654
v 0.233018 1.472213 -0.186415
v 0.293917 1.680143 0.000000
v 0.267971 1.472213 0.000000
v 0.238407 1.842435 0.158938
v 0.256374 1.676709 0.199654
v 0.233018 1.472213 0.186415
v 0.000000 1.683577 0.299849
v -0.133986 1.472213 0.267971
v 0.000000 1.472213 0.279622
v -0.148882 1.886340 0.202842
v -0.149166 1.681860 0.287294
v -0.097326 1.379392 0.194652
v 0.000000 1.379392 0.203115
v -0.169262 1.379392 0.135410
v -0.060666 1.357797 0.121332
v 0.000000 1.357797 0.126608
v -0.148882 1.886340 -0.202842
v 0.000000 1.974884 0.000000
v 0.000000 1.895415 -0.211917
v -0.150599 1.962620 0.000000
v 0.000000 1.895415 0.211917
v -0.044627 1.336207 0.089255
v 0.000000 1.336207 0.093136
v -0.105506 1.357797 0.084405
v -0.077613 1.336206 0.062090
v -0.042336 1.313152 0.084672
v 0.000000 1.313153 0.088354
v 0.097326 1.379392 -0.194652
v 0.000000 1.379392 -0.203115
v 0.169262 1.379392 -0.135410
v 0.060666 1.357797 -0.121332
v 0.000000 1.357797 -0.126608
v -0.169262 1.379392 -0.135410
v -0.194652 1.379392 0.000000
v -0.105506 1.357797 -0.084405
v -0.121332 1.357797 0.000000
v 0.169262 1.379392 0.135410
v 0.194652 1.379392 0.000000
v 0.105506 1.357797 0.084405
v 0.121332 1.357797 0.000000
v 0.105506 1.357797 -0.084405
v 0.042336 1.313152 -0.084672
v 0.000000 1.299177 -0.090120
v 0.000000 1.313153 -0.088354
v 0.073628 1.313153 -0.058903
v 0.046861 1.299177 -0.086365
v 0.044627 1.336207 -0.089255
v 0.000000 1.336207 -0.093136
v 0.077613 1.336206 -0.062090
v 0.077613 1.336206 0.062090
v 0.089255 1.336206 0.000000
v 0.073628 1.313153 0.058903
v 0.084672 1.313152 0.000000
v -0.077613 1.336206 -0.062090
v -0.089255 1.336206 0.000000
v -0.073628 1.313153 -0.058903
v -0.084672 1.313152 0.000000
v -0.073628 1.313153 0.058903
v 0.081498 1.299177 -0.060080
v 0.081498 1.299177 0.060080
v 0.093722 1.299177 0.000000
v -0.081498 1.299177 0.060080
v -0.081498 1.299177 -0.060080
v -0.093722 1.299177 0.000000
v 0.000000 1.299177 0.090120
v -0.046861 1.299177 0.086365
v 0.046861 1.299177 0.086365
v 0.042336 1.313152 0.084672
v -0.044627 1.336206 -0.089255
v -0.060666 1.357797 -0.121332
v -0.042336 1.313152 -0.084672
v -0.046861 1.299177 -0.086365
v -0.097326 1.379392 -0.194652
v -0.133986 1.472213 -0.267971
v 0.044627 1.336206 0.089255
v 0.060666 1.357797 0.121332
v 0.150599 1.962620 0.000000
v 0.255821 1.877264 0.000000
v 0.148882 1.886340 0.202842
v 0.097326 1.379392 0.194652
v 0.133986 1.472213 0.267971
v 0.149166 1.681860 0.287294
v -0.149166 1.681860 -0.287294
v -0.255821 1.877264 0.000000
v 0.078535 1.283108 -0.098209
v 0.000000 1.283108 -0.102479
v 0.157070 1.283108 0.000000
v 0.268183 1.245064 -0.088517
v 0.136583 1.283108 -0.068319
v 0.268183 1.245064 0.088517
v 0.306750 1.243970 0.000000
v 0.439254 1.138371 0.117444
v 0.482361 1.141850 0.000000
v 0.439254 1.138371 -0.117444
v 0.136583 1.283108 0.068319
v -0.136583 1.283108 -0.068319
v -0.157070 1.283108 0.000000
v -0.136583 1.283108 0.068319
v -0.078535 1.283108 0.098209
v 0.000000 1.283108 0.102479
v 0.000000 0.953814 0.140985
v -0.181924 0.788701 0.116132
v 0.000000 0.789195 0.120831
v -0.214827 0.950480 0.137425
v -0.317974 0.785454 0.081895
v -0.269198 0.632936 0.068829
v -0.154789 0.632935 0.098942
v 0.000000 0.632936 0.103244
v -0.268325 1.245034 0.088581
v -0.268325 1.245034 -0.088581
v -0.306973 1.243920 0.000000
v -0.440533 1.138118 -0.118194
v -0.484257 1.141429 0.000000
v -0.440533 1.138118 0.118194
v 0.000000 1.249505 0.130123
v -0.151648 1.248626 0.125160
v -0.222938 1.182668 0.150512
v 0.000000 1.187545 0.154130
v 0.000000 1.249505 -0.130123
v 0.151623 1.248631 -0.125144
v 0.222815 1.182691 -0.150417
v 0.000000 1.187545 -0.154130
v 0.291544 0.438588 0.000000
v 0.266846 0.334269 0.064538
v 0.304708 0.334269 0.000000
v 0.266846 0.334269 -0.064538
v 0.253752 0.438588 -0.064419
v 0.000000 0.953814 -0.140985
v 0.181918 0.788699 -0.116118
v 0.000000 0.789195 -0.120831
v 0.214778 0.950473 -0.137338
v 0.317945 0.785440 -0.081839
v 0.269198 0.632936 -0.068829
v 0.154789 0.632936 -0.098942
v 0.000000 0.632936 -0.103244
v 0.427150 0.879737 0.000000
v 0.398730 0.922871 -0.105651
v 0.317945 0.785440 0.081839
v 0.363220 0.781110 0.000000
v 0.309578 0.632936 0.000000
v -0.427433 0.879961 0.000000
v -0.399121 0.922973 0.106336
v -0.317974 0.785454 -0.081895
v -0.363252 0.781137 0.000000
v -0.309578 0.632936 0.000000
v 0.295881 0.153380 -0.064770
v 0.295881 0.153380 0.064770
v 0.333806 0.153380 0.000000
v 0.325932 -0.012174 0.066396
v 0.364303 -0.012174 -0.000000
v 0.325932 -0.012174 -0.066396
v -0.291924 0.438398 0.000000
v -0.269884 0.332749 -0.064538
v -0.307747 0.332749 0.000000
v -0.269885 0.332749 0.064538
v -0.254132 0.438398 0.064419
v -0.162317 0.332837 0.090905
v -0.146718 0.438420 0.092303
v -0.001657 0.318421 0.079205
v -0.000176 0.438517 0.095433
v 0.159307 0.334230 -0.090905
v 0.146345 0.438578 -0.092303
v -0.000176 0.438517 -0.095433
v -0.001657 0.318421 -0.079205
v -0.146718 0.438420 -0.092303
v -0.162317 0.332837 -0.090905
v -0.254132 0.438398 -0.064419
v 0.159307 0.334230 0.090905
v 0.146345 0.438578 0.092303
v 0.253752 0.438588 0.064419
v -0.305102 0.148925 0.064848
v -0.305102 0.148925 -0.064848
v -0.343067 0.148925 0.000000
v -0.341970 -0.018948 -0.067023
v -0.380658 -0.018948 -0.000000
v -0.341970 -0.018948 0.067023
v -0.214827 0.950480 -0.137425
v -0.399121 0.922973 -0.106336
v -0.181924 0.788701 -0.116132
v -0.154789 0.632936 -0.098942
v -0.269198 0.632936 -0.068829
v -0.151648 1.248626 -0.125160
v -0.078535 1.283108 -0.098209
v -0.222938 1.182668 -0.150512
v 0.151623 1.248631 0.125144
v 0.078535 1.283108 0.098209
v 0.222815 1.182691 0.150417
v 0.214778 0.950473 0.137338
v 0.398730 0.922871 0.105651
v 0.181918 0.788699 0.116118
v 0.154789 0.632936 0.098942
v 0.269198 0.632936 0.068829
v -0.202473 0.148947 -0.089540
v -0.096769 0.146932 -0.066342
v -0.135635 -0.018948 -0.067023
v -0.238803 -0.018948 -0.092157
v -0.096769 0.146932 0.066342
v -0.202473 0.148947 0.089540
v -0.238803 -0.018948 0.092157
v -0.135635 -0.018948 0.067023
v -0.002757 0.249685 0.000000
v -0.060677 0.140645 0.000000
v -0.096947 -0.018948 -0.000000
v 0.087725 0.151229 -0.066264
v 0.193365 0.153370 -0.089432
v 0.223611 -0.012174 -0.091295
v 0.121289 -0.012174 -0.066396
v 0.193365 0.153370 0.089432
v 0.087725 0.151229 0.066264
v 0.121289 -0.012174 0.066396
v 0.223611 -0.012174 0.091295
v 0.051468 0.144910 0.000000
v 0.082919 -0.012174 -0.000000
v 0.235517 1.082493 0.153842
v 0.428944 1.030452 0.142702
v 0.000000 1.089303 0.155804
v -0.235644 1.082482 -0.153996
v -0.430033 1.030354 -0.144005
v 0.000000 1.089303 -0.155804
v -0.491807 0.856209 -0.090318
v -0.491807 0.856209 0.090374
v -0.475704 0.839164 0.000028
v -0.521705 0.757278 0.082614
v -0.496679 0.752512 0.000222
v -0.521705 0.757278 -0.082169
v 0.537580 0.900150 -0.125314
v 0.490163 0.855803 -0.087631
v 0.428944 1.030452 -0.142702
v 0.585978 0.944097 -0.096307
v 0.647121 0.784639 -0.086058
v 0.582935 0.770657 -0.113208
v 0.518749 0.756674 -0.078486
v 0.235517 1.082493 -0.153842
v -0.235644 1.082482 0.153996
v -0.430033 1.030354 0.144005
v -0.541003 0.899819 0.129271
v -0.591147 0.943031 0.099307
v -0.655175 0.782697 0.090540
v -0.588440 0.769988 0.118960
v -0.591147 0.943031 -0.099251
v -0.541003 0.899819 -0.129215
v -0.588440 0.769988 -0.118515
v -0.655175 0.782697 -0.090095
v -0.611737 0.956335 0.000028
v -0.680200 0.787463 0.000222
v 0.490163 0.855803 0.087686
v 0.474722 0.838476 0.000028
v 0.494679 0.751431 0.000222
v 0.518749 0.756674 0.078931
v 0.585978 0.944097 0.096362
v 0.605872 0.957686 0.000028
v 0.647121 0.784639 0.086503
v 0.671191 0.789882 0.000222
v 0.537580 0.900150 0.125370
v 0.582935 0.770657 0.113652
v -0.254090 -0.082897 -0.099420
v -0.361937 -0.082897 -0.072305
v -0.146242 -0.082897 -0.072305
v -0.105800 -0.082897 -0.000000
v -0.361937 -0.082897 0.072305
v -0.402380 -0.082897 -0.000000
v -0.146242 -0.082897 0.072305
v -0.254090 -0.082897 0.099420
v 0.236239 -0.076543 0.096727
v 0.341442 -0.076543 0.070347
v 0.131036 -0.076543 0.070347
v 0.091585 -0.076543 -0.000000
v 0.341442 -0.076543 -0.070347
v 0.380893 -0.076543 -0.000000
v 0.131036 -0.076543 -0.070347
v 0.236239 -0.076543 -0.096727
v 0.524458 0.714152 -0.078444
v 0.598525 0.716949 -0.113355
v 0.672593 0.719747 -0.086057
v 0.672593 0.719747 0.087446
v 0.700368 0.720796 0.000695
v 0.496682 0.713103 0.000695
v 0.524458 0.714152 0.079833
v 0.598525 0.716949 0.114744
v -0.528406 0.714659 0.082070
v -0.604425 0.715882 0.117968
v -0.680443 0.717106 0.089899
v -0.680443 0.717106 -0.088509
v -0.708950 0.717564 0.000695
v -0.528406 0.714659 -0.080681
v -0.499899 0.714200 0.000695
v -0.604425 0.715882 -0.116579
v 0.280911 0.522920 0.000000
v 0.244270 0.522920 -0.062456
v 0.244270 0.522920 0.062455
v 0.273144 0.469223 0.000000
v 0.237517 0.469223 -0.060729
v -0.280911 0.522920 0.000000
v -0.244270 0.522920 0.062455
v -0.244270 0.522920 -0.062455
v -0.273144 0.469223 0.000000
v -0.237517 0.469223 0.060729
v -0.140455 0.522920 0.089780
v 0.000000 0.522920 0.093683
v -0.136572 0.469223 0.087298
v 0.000000 0.469223 0.091093
v 0.140455 0.522920 -0.089780
v 0.000000 0.522920 -0.093683
v 0.136572 0.469223 -0.087298
v 0.000000 0.469223 -0.091093
v -0.140455 0.522920 -0.089780
v -0.136572 0.469223 -0.087298
v -0.237517 0.469223 -0.060729
v 0.140455 0.522920 0.089780
v 0.136572 0.469223 0.087298
v 0.237517 0.469223 0.060729
v -0.219018 2.091108 0.219018
v -0.279756 2.155531 0.000000
v -0.301150 2.075154 0.000000
v -0.158554 2.178501 0.158554
v -0.203303 2.159625 0.203303
v -0.158554 2.175609 -0.158554
v -0.203303 2.150918 -0.203303
v -0.219018 2.059201 -0.219018
v 0.000000 2.149606 -0.279756
v 0.000000 2.053218 -0.301150
v 0.158554 2.175609 -0.158554
v 0.203303 2.150918 -0.203303
v 0.219018 2.059201 -0.219018
v 0.301150 2.075154 0.000000
v 0.279756 2.155531 0.000000
v 0.158554 2.178501 0.158554
v 0.203303 2.159625 0.203303
v 0.219018 2.091108 0.219018
v 0.000000 2.097090 0.301150
v 0.000000 2.161456 0.279756
v 0.325928 1.654075 -0.003971
v 0.210568 1.828629 -0.210215
v 0.285468 1.525061 -0.280424
v 0.263535 1.727128 0.255457
v 0.283554 1.876151 -0.000744
v 0.208561 1.917031 0.207945
v 0.185678 2.034970 0.000000
v 0.154046 1.989056 -0.154045
v 0.000000 2.185228 0.000000
v 0.193298 2.179693 0.000000
v 0.000000 2.178227 -0.193298
v 0.000000 2.181159 0.193298
v -0.384121 1.298462 -0.010235
v -0.379088 1.236481 0.163883
v -0.379604 1.312443 0.184213
v -0.379088 1.232118 -0.188103
v -0.383423 1.234247 -0.012112
v -0.376592 1.222864 -0.147727
v -0.378572 1.222511 -0.012454
v -0.376592 1.223224 0.122849
v 0.251061 1.096286 -0.379603
v 0.322748 1.016100 -0.367558
v 0.240010 1.016174 -0.379088
v 0.239016 1.096286 -0.355513
v 0.336928 1.096286 -0.367558
v 0.229080 1.016174 -0.356028
v 0.224052 1.001026 -0.367558
v 0.186790 1.001779 -0.376592
v 0.384121 1.299058 -0.010000
v 0.379088 1.232350 -0.187932
v 0.379604 1.284928 -0.204579
v 0.379088 1.236933 0.164248
v 0.383423 1.234582 -0.011844
v 0.376592 1.223323 0.123164
v 0.378572 1.222487 -0.012190
v 0.376592 1.222851 -0.147510
v 0.000000 1.806121 0.326497
v -0.251976 1.683630 0.332103
v -0.263535 1.726986 0.255399
v 0.251976 1.683829 0.332191
v 0.000000 1.752672 0.356022
v 0.000000 1.754479 0.358545
v -0.290185 1.684025 0.279158
v -0.154046 1.989056 -0.154045
v 0.000000 2.090138 0.000000
v -0.185678 2.034970 0.000000
v 0.000000 2.015071 -0.185678
v 0.154046 2.028307 0.154045
v 0.000000 2.054868 0.185678
v -0.154046 2.028307 0.154045
v -0.283554 1.876134 -0.000749
v -0.208561 1.917017 0.207939
v -0.325928 1.653927 -0.004016
v -0.210568 1.828622 -0.210216
v 0.000000 1.937942 0.283203
v 0.000000 1.542203 -0.327146
v -0.285468 1.524994 -0.280432
v 0.000000 1.818746 -0.283859
v 0.234244 1.958664 0.234244
v 0.046814 1.871326 0.321283
v 0.053506 1.844490 0.322958
v 0.249471 1.826098 0.249471
v 0.000000 1.973360 0.322086
v 0.071569 1.968613 0.293714
v -0.234244 1.958665 0.234244
v -0.058080 1.973649 0.305481
v 0.234244 1.880290 -0.234244
v 0.343022 1.763660 0.000000
v 0.249471 1.701221 -0.249471
v 0.322086 1.919477 0.000000
v -0.249471 1.701221 -0.249471
v 0.000000 1.865594 -0.322086
v 0.000000 1.677807 -0.343022
v -0.234244 1.880290 -0.234244
v -0.249471 1.826098 0.249471
v -0.322086 1.919477 0.000000
v -0.343022 1.763659 0.000000
v -0.354518 1.674082 -0.000816
v -0.367939 1.587859 -0.004282
v -0.259748 1.751825 0.258715
v -0.261860 1.597743 -0.261509
v -0.312227 1.479251 -0.307191
v 0.000000 1.461709 -0.369263
v 0.000000 1.569734 -0.354849
v 0.261860 1.597751 -0.261507
v 0.312227 1.479318 -0.307183
v 0.367939 1.588008 -0.004237
v 0.354518 1.674099 -0.000810
v 0.259748 1.751839 0.258720
v 0.290185 1.684168 0.279216
v 0.000000 1.782851 0.353056
v 0.180768 1.001779 -0.358524
v 0.000000 0.999446 -0.367558
v -0.180768 1.001779 -0.358524
v 0.000000 1.001026 -0.356544
v -0.186790 1.001779 -0.376592
v 0.000000 1.001026 -0.378572
v -0.239016 1.096286 -0.355513
v -0.322748 1.016100 -0.367558
v -0.229080 1.016174 -0.356028
v -0.251061 1.096286 -0.379603
v -0.336928 1.096286 -0.367558
v -0.240010 1.016174 -0.379088
v -0.224052 1.001026 -0.367558
v 0.000000 1.096286 -0.384120
v 0.000000 1.016100 -0.383423
v 0.000000 1.096286 -0.350996
v 0.000000 1.016100 -0.351693
v 0.358524 1.223323 0.117142
v 0.367558 1.221227 -0.012226
v 0.367558 1.222671 0.149042
v 0.358524 1.222851 -0.141487
v 0.356544 1.222487 -0.012190
v 0.355513 1.284928 -0.192534
v 0.367558 1.231453 -0.246613
v 0.356028 1.232350 -0.177002
v 0.367558 1.279629 -0.269265
v 0.367558 1.222302 -0.173422
v 0.350995 1.299059 -0.010000
v 0.356028 1.236933 0.153318
v 0.355513 1.313189 0.172533
v 0.351693 1.234582 -0.011844
v 0.379603 1.313189 0.184579
v 0.367558 1.237711 0.222925
v 0.367558 1.318488 0.249265
v -0.358524 1.222864 -0.141704
v -0.367558 1.221392 -0.012487
v -0.367558 1.222383 -0.173637
v -0.358524 1.223224 0.116826
v -0.356544 1.222511 -0.012454
v -0.379603 1.284481 -0.204683
v -0.367558 1.231267 -0.246749
v -0.355513 1.284481 -0.192638
v -0.367558 1.279238 -0.269320
v -0.356028 1.232118 -0.177173
v -0.350996 1.298462 -0.010235
v -0.356028 1.236481 0.152953
v -0.351693 1.234247 -0.012112
v -0.355513 1.312443 0.172167
v -0.367558 1.237227 0.222526
v -0.367558 1.317686 0.248849
v -0.367558 1.222638 0.148728
v -0.353977 1.497087 0.286230
v -0.345856 1.488146 0.202395
v -0.370456 1.483549 0.215578
v -0.347191 1.448087 -0.006613
v -0.350416 1.400343 -0.216611
v -0.353090 1.413988 -0.340616
v -0.375121 1.395686 -0.230059
v -0.365217 1.376983 -0.299523
v -0.381351 1.440540 -0.006680
v 0.353977 1.497686 0.286501
v 0.370456 1.484105 0.215813
v 0.345856 1.488702 0.202630
v 0.347191 1.448538 -0.006471
v 0.350416 1.400685 -0.216562
v 0.353090 1.414086 -0.340615
v 0.375121 1.396028 -0.230011
v 0.365217 1.377288 -0.299509
v 0.381351 1.440992 -0.006537
v 0.243843 1.279222 -0.349712
v -0.243843 1.279215 -0.349712
v 0.000000 1.283034 -0.347495
v -0.257291 1.274180 -0.374418
v 0.257291 1.274186 -0.374417
v 0.000000 1.273960 -0.381682
v -0.339692 1.269736 -0.363781
v 0.339692 1.269747 -0.363781
v -0.193298 2.179693 0.000000
v 0.086181 1.940167 0.292888
v 0.000000 2.038823 0.311009
v 0.017174 2.008153 0.309679
v 0.048355 1.827199 0.327565
v 0.033020 1.806752 0.336610
v 0.000000 1.798063 0.350767
v -0.032410 1.806752 0.336847
v -0.049278 1.828221 0.327052
v -0.051413 1.844687 0.323743
v -0.044155 1.870087 0.322518
v 0.000000 1.943234 0.327179
v -0.042633 1.941701 0.316148
v -0.056435 1.908475 0.315060
v -0.073303 1.943746 0.303975
v 0.071869 1.901318 0.304975
v 0.056022 1.938634 0.304777
v -0.017075 2.011220 0.309198
v 0.019483 1.858591 0.333975
v 0.011096 1.867982 0.335621
v 0.000000 1.870645 0.339450
v 0.000000 1.866012 0.340233
v 0.000000 1.854230 0.342225
v 0.009409 1.862747 0.337157
v 0.016568 1.857233 0.335329
v 0.022699 1.847382 0.334510
v 0.020803 1.853987 0.334195
v 0.018218 1.850697 0.335729
v 0.012259 1.855225 0.337330
v 0.002569 1.850710 0.341829
v 0.001039 1.849415 0.342633
v -0.025038 1.847162 0.333633
v -0.022419 1.841005 0.335579
v -0.019935 1.844069 0.336084
v -0.012243 1.839245 0.339804
v -0.006682 1.848885 0.340517
v 0.000000 1.826864 0.346431
v 0.009322 1.829231 0.342448
v 0.019379 1.835443 0.337599
v 0.000000 1.848534 0.343170
v 0.016366 1.842444 0.337718
v 0.004292 1.829139 0.344419
v 0.001051 1.831141 0.345379
v 0.009258 1.840609 0.340760
v 0.000000 1.844589 0.343764
v -0.002563 1.845730 0.342595
v -0.009281 1.832744 0.341935
v -0.020556 1.836626 0.336963
v -0.011090 1.829527 0.341715
v -0.016221 1.853517 0.336057
v -0.014391 1.856218 0.336339
v -0.021664 1.859607 0.332962
v -0.003129 1.868603 0.338588
v -0.001590 1.870296 0.338896
v -0.010794 1.868278 0.335688
v -0.009722 1.855402 0.338278
v -0.002271 1.851949 0.341735
v 0.009972 1.856968 0.337917
v 0.285993 0.471503 0.000000
v 0.248689 0.471503 -0.063585
v -0.285993 0.471503 0.000000
v -0.248689 0.471503 0.063585
v -0.142996 0.471503 0.091404
v 0.000000 0.471503 0.095378
v 0.142996 0.471503 -0.091404
v 0.000000 0.471503 -0.095378
v -0.248689 0.471503 -0.063585
v -0.142996 0.471503 -0.091404
v 0.248689 0.471503 0.063585
v 0.142996 0.471503 0.091404
v -0.142095 -0.079336 0.079452
v -0.256274 -0.077504 0.117728
v -0.136872 -0.077504 0.085620
v -0.370452 -0.079336 0.079452
v -0.256274 -0.079336 0.109246
v -0.372596 -0.153556 0.084056
v -0.256274 -0.153556 0.115577
v -0.139951 -0.153556 0.084056
v 0.128941 -0.075158 -0.075691
v 0.238043 -0.075910 -0.110125
v 0.126132 -0.075910 -0.080091
v 0.347145 -0.075158 -0.075691
v 0.238043 -0.075158 -0.104075
v 0.345214 -0.155233 -0.077433
v 0.238043 -0.155233 -0.106471
v 0.130872 -0.155233 -0.077433
v -0.525606 0.650098 0.079546
v -0.605246 0.509449 0.077843
v -0.539992 0.508628 0.055007
v -0.686089 0.649232 0.086920
v -0.605847 0.649665 0.113362
v -0.652969 0.357742 0.032407
v -0.604215 0.356108 0.040912
v -0.549651 0.340289 0.027857
v 0.520877 0.648672 -0.078713
v 0.603585 0.506266 -0.075075
v 0.537748 0.503916 -0.050604
v 0.684484 0.651272 -0.086563
v 0.602681 0.649972 -0.114711
v 0.652309 0.353440 -0.024225
v 0.604206 0.350659 -0.033177
v 0.552195 0.332724 -0.019005
v -0.139951 -0.153556 -0.084056
v -0.117862 -0.351830 0.000537
v -0.155759 -0.351322 -0.070583
v -0.096330 -0.153556 -0.000000
v -0.154945 -0.352680 0.073325
v -0.140485 -0.580478 0.003025
v -0.173218 -0.578428 -0.055246
v -0.413269 -0.079336 -0.000000
v -0.375675 -0.077504 0.085620
v -0.375675 -0.077504 -0.085620
v -0.420451 -0.077504 -0.000000
v -0.416217 -0.153556 -0.000000
v -0.099278 -0.079336 -0.000000
v -0.136872 -0.077504 -0.085620
v -0.142095 -0.079336 -0.079452
v -0.092096 -0.077504 -0.000000
v -0.370452 -0.079336 -0.079452
v -0.256274 -0.077504 -0.117728
v -0.256274 -0.079336 -0.109246
v -0.256274 -0.153556 -0.115577
v -0.372596 -0.153556 -0.084056
v -0.165314 -0.597691 0.083470
v -0.256274 -0.649423 0.162210
v -0.183617 -0.676329 0.168461
v -0.347233 -0.597691 0.083470
v -0.256274 -0.556971 0.105552
v -0.328930 -0.676329 0.168461
v -0.256274 -0.690285 0.238419
v -0.200632 -0.700598 0.233340
v -0.356789 -0.351322 -0.070583
v -0.256274 -0.351322 -0.097052
v -0.256274 -0.578428 -0.075963
v -0.339330 -0.578428 -0.055246
v -0.357602 -0.352680 0.073325
v -0.256274 -0.349647 0.100500
v -0.394685 -0.351830 0.000537
v -0.372062 -0.580478 0.003025
v -0.311915 -0.796973 -0.035566
v -0.256274 -0.835754 0.007590
v -0.327285 -0.811176 0.007933
v -0.200632 -0.796973 -0.035566
v -0.256274 -0.808209 -0.043360
v -0.182085 -0.814380 0.098590
v -0.256274 -0.839780 0.101992
v -0.330463 -0.814380 0.098590
v -0.359410 -0.733374 0.005519
v -0.360978 -0.738238 0.089741
v -0.328394 -0.731121 -0.046369
v -0.184153 -0.731121 -0.046369
v -0.153138 -0.733374 0.005519
v -0.151569 -0.738238 0.089741
v -0.185262 -0.811176 0.007933
v -0.256274 -0.732229 -0.063805
v 0.130872 -0.155233 0.077433
v 0.112836 -0.357573 0.000517
v 0.146427 -0.358517 0.066617
v 0.090683 -0.155233 -0.000000
v 0.164360 -0.586626 -0.049083
v 0.135371 -0.588766 0.002946
v 0.157703 -0.606730 0.076558
v 0.391921 -0.075910 -0.000000
v 0.349955 -0.075910 -0.080091
v 0.347145 -0.075158 0.075691
v 0.388058 -0.075158 -0.000000
v 0.349955 -0.075910 0.080091
v 0.385403 -0.155233 -0.000000
v 0.128941 -0.075158 0.075691
v 0.084165 -0.075910 -0.000000
v 0.126132 -0.075910 0.080091
v 0.088028 -0.075158 -0.000000
v 0.238043 -0.075910 0.110125
v 0.238043 -0.075158 0.104075
v 0.238043 -0.155233 0.106470
v 0.345214 -0.155233 0.077433
v 0.238043 -0.586626 -0.067489
v 0.174764 -0.738391 -0.040696
v 0.301322 -0.738391 -0.040696
v 0.238043 -0.739458 -0.055999
v 0.286772 -0.802480 -0.031148
v 0.238043 -0.813300 -0.037974
v 0.189314 -0.802480 -0.031148
v 0.329659 -0.358517 0.066617
v 0.238043 -0.355519 0.091346
v 0.238043 -0.566351 0.096796
v 0.318384 -0.606730 0.076558
v 0.147108 -0.357043 -0.063955
v 0.328979 -0.357043 -0.063955
v 0.238043 -0.357043 -0.087938
v 0.311726 -0.586626 -0.049083
v 0.363250 -0.357573 0.000517
v 0.340715 -0.588766 0.002946
v 0.238043 -0.839826 0.007494
v 0.175853 -0.816158 0.007742
v 0.303016 -0.819255 0.092698
v 0.238043 -0.843704 0.096101
v 0.173071 -0.819255 0.092698
v 0.328521 -0.740605 0.005451
v 0.329826 -0.745553 0.083745
v 0.300233 -0.816159 0.007742
v 0.147565 -0.740605 0.005451
v 0.146260 -0.745553 0.083745
v 0.174356 -0.686068 0.159818
v 0.152092 -0.754322 0.184650
v 0.175853 -0.817216 0.207483
v 0.178636 -0.757691 0.265559
v 0.189314 -0.709903 0.224503
v -0.188439 -0.750284 0.274396
v -0.324108 -0.750284 0.274396
v -0.256274 -0.750940 0.303434
v -0.311915 -0.799346 0.287778
v -0.256274 -0.810284 0.310373
v -0.200632 -0.799347 0.287778
v 0.238043 -0.700007 0.229582
v 0.297451 -0.757691 0.265559
v 0.286772 -0.709903 0.224503
v 0.238043 -0.758346 0.294597
v 0.189314 -0.804854 0.278942
v 0.238043 -0.815375 0.301536
v 0.286772 -0.804854 0.278942
v -0.158146 -0.746930 0.193145
v -0.185262 -0.812233 0.215951
v 0.300233 -0.817216 0.207483
v 0.238043 -0.840265 0.218566
v 0.323994 -0.754322 0.184650
v 0.301730 -0.686068 0.159818
v 0.238043 -0.659992 0.153409
v -0.354401 -0.746930 0.193145
v -0.327286 -0.812233 0.215951
v -0.311915 -0.700598 0.233340
v -0.256274 -0.836194 0.227034
v 0.552195 0.332724 0.029035
v 0.538267 0.284081 0.005286
v 0.539219 0.274200 0.017525
v 0.535307 0.354170 0.004917
v 0.539219 0.274200 -0.006921
v 0.532615 0.260965 0.005335
v 0.533123 0.258933 0.014079
v 0.715161 0.651760 0.002890
v 0.669157 0.507800 -0.056218
v 0.669157 0.507800 0.064165
v 0.693708 0.508191 0.003973
v 0.652309 0.353440 0.034006
v 0.670163 0.353724 0.004890
v 0.490201 0.648184 0.002890
v 0.537748 0.503916 0.058578
v 0.520877 0.648672 0.084492
v 0.513236 0.505034 0.003980
v 0.684484 0.651272 0.092342
v 0.603585 0.506266 0.083029
v 0.602681 0.649972 0.120490
v 0.604206 0.350659 0.042984
v -0.603629 0.264979 0.025865
v -0.557012 0.260396 0.023968
v -0.645264 0.265526 0.020728
v -0.643958 0.214224 0.022948
v -0.602966 0.213900 0.027376
v -0.550485 0.207212 0.024533
v -0.716179 0.649069 0.002890
v -0.670086 0.509563 0.060214
v -0.670086 0.509562 -0.052267
v -0.694344 0.509432 0.003973
v -0.652969 0.357742 -0.022626
v -0.670973 0.357645 0.004890
v -0.495515 0.650260 0.002890
v -0.539992 0.508628 -0.047034
v -0.525606 0.650098 -0.073767
v -0.515711 0.510330 0.003980
v -0.532470 0.362769 0.004917
v -0.549651 0.340289 -0.017828
v -0.686089 0.649232 -0.081141
v -0.605246 0.509449 -0.069890
v -0.605847 0.649665 -0.107583
v -0.604215 0.356108 -0.031105
v -0.603895 0.124701 0.040674
v -0.565783 0.082756 0.030119
v -0.564316 0.124915 0.035411
v -0.641551 0.082347 0.031160
v -0.603665 0.082065 0.034993
v -0.633214 0.057046 0.021804
v -0.603504 0.052276 0.022081
v -0.573846 0.057366 0.021230
v -0.660502 0.265444 0.005846
v -0.645264 0.265526 -0.009035
v -0.643958 0.214224 -0.003205
v -0.658800 0.214144 0.009872
v -0.550485 0.207212 -0.003965
v -0.528014 0.251861 -0.009999
v -0.522848 0.213811 -0.006198
v -0.557012 0.260396 -0.012314
v -0.529437 0.282850 -0.006558
v -0.518794 0.267135 -0.003182
v -0.513447 0.246381 -0.004967
v -0.507170 0.213021 -0.001483
v -0.603629 0.264979 -0.014186
v -0.602966 0.213900 -0.007716
v -0.603448 0.041929 0.007519
v -0.633215 0.057046 0.002476
v -0.639693 0.052080 0.010649
v -0.573846 0.057366 0.003050
v -0.567315 0.052471 0.010649
v -0.658316 0.124408 0.023482
v -0.643474 0.124488 0.036559
v -0.643474 0.124488 0.010406
v -0.655795 0.081784 0.018525
v -0.641551 0.082347 0.006184
v -0.564316 0.124915 0.011553
v -0.551534 0.082347 0.018525
v -0.565783 0.082756 0.007226
v -0.549474 0.124995 0.023482
v -0.603895 0.124701 0.006291
v -0.603665 0.082065 0.002058
v -0.603504 0.052276 -0.000783
v 0.607635 0.121789 0.005832
v 0.571440 0.076698 0.006920
v 0.569081 0.121176 0.011235
v 0.645246 0.077871 0.005851
v 0.608351 0.076771 0.001618
v 0.637684 0.050983 0.002218
v 0.608851 0.045318 -0.001089
v 0.579852 0.050063 0.002807
v 0.645178 0.263019 0.021234
v 0.604786 0.261596 0.026535
v 0.561353 0.255980 0.024525
v 0.604919 0.213374 0.027845
v 0.644726 0.214459 0.023298
v 0.604786 0.261596 -0.014857
v 0.561353 0.255980 -0.012871
v 0.645178 0.263019 -0.009541
v 0.644726 0.214459 -0.003554
v 0.604919 0.213374 -0.008185
v 0.554755 0.206293 -0.004346
v 0.660061 0.263256 0.005846
v 0.659184 0.214688 0.009872
v 0.609025 0.034393 0.007519
v 0.637684 0.050983 0.022062
v 0.644103 0.045878 0.010649
v 0.579852 0.050063 0.021473
v 0.573599 0.044757 0.010649
v 0.646190 0.122401 0.010056
v 0.659132 0.077578 0.018525
v 0.660647 0.122631 0.023482
v 0.645246 0.077871 0.031494
v 0.554623 0.120946 0.023482
v 0.571439 0.076698 0.030425
v 0.569081 0.121176 0.035730
v 0.557570 0.075964 0.018525
v 0.607635 0.121789 0.041133
v 0.646190 0.122401 0.036908
v 0.608351 0.076771 0.035433
v 0.608851 0.045318 0.022386
v -0.508898 0.245234 0.005902
v -0.518794 0.267135 0.013851
v -0.517387 0.269841 0.005335
v -0.507170 0.213021 0.021227
v -0.501889 0.212497 0.009872
v -0.529437 0.282850 0.017161
v -0.528014 0.251861 0.021770
v -0.522848 0.213811 0.025857
v -0.513447 0.246381 0.016771
v -0.515151 0.175052 0.034052
v -0.500175 0.175098 0.029734
v -0.530714 0.174083 0.030070
v -0.523991 0.134699 0.034838
v -0.509226 0.134778 0.039096
v -0.494460 0.134858 0.034838
v -0.528462 0.294033 0.005286
v -0.509226 0.134778 0.007869
v -0.520837 0.095752 0.007804
v -0.523991 0.134699 0.012127
v -0.494460 0.134858 0.012127
v -0.506702 0.095370 0.003569
v -0.495172 0.072108 0.003624
v -0.506221 0.067400 0.000266
v -0.517320 0.071988 0.003624
v -0.543938 0.190431 0.013568
v -0.530714 0.174083 0.006792
v -0.535618 0.172566 0.018735
v -0.529528 0.134669 0.023482
v -0.515151 0.175052 0.002684
v -0.500175 0.175098 0.007023
v -0.494670 0.175059 0.018378
v -0.488923 0.134888 0.023482
v -0.519722 0.067327 0.010649
v -0.506221 0.067400 0.021032
v -0.517320 0.071988 0.020657
v -0.506168 0.057647 0.007519
v -0.492720 0.067473 0.010649
v -0.495172 0.072108 0.020657
v -0.520837 0.095752 0.029541
v -0.526150 0.095265 0.018525
v -0.506702 0.095370 0.033482
v -0.492572 0.095905 0.029541
v -0.487254 0.095475 0.018525
v -0.492572 0.095905 0.007804
v 0.526243 0.239675 0.005902
v 0.528884 0.240983 0.017061
v 0.533123 0.258933 -0.003409
v 0.522581 0.210533 -0.001787
v 0.519200 0.209915 0.009872
v 0.522581 0.210532 0.021530
v 0.538222 0.246717 -0.010435
v 0.533081 0.211698 -0.006626
v 0.528884 0.240983 -0.005257
v 0.554755 0.206293 0.024914
v 0.538222 0.246717 0.022207
v 0.533081 0.211698 0.026286
v 0.525077 0.172722 0.002264
v 0.515087 0.172502 0.006720
v 0.535619 0.172101 0.006481
v 0.528760 0.130838 0.011824
v 0.518941 0.130682 0.007452
v 0.509121 0.130526 0.011824
v 0.529726 0.090191 0.018525
v 0.526184 0.090601 0.007513
v 0.532443 0.130896 0.023482
v 0.526184 0.090601 0.029832
v 0.524136 0.066260 0.020884
v 0.525826 0.061550 0.010649
v 0.524136 0.066260 0.003396
v 0.547497 0.189651 0.013568
v 0.535619 0.172101 0.030381
v 0.538750 0.170679 0.018735
v 0.525077 0.172722 0.034471
v 0.515087 0.172502 0.030037
v 0.518941 0.130682 0.039513
v 0.528760 0.130838 0.035141
v 0.511443 0.172374 0.018378
v 0.505438 0.130467 0.023482
v 0.509121 0.130526 0.035141
v 0.516847 0.061407 -0.000011
v 0.516847 0.061407 0.021309
v 0.517005 0.051469 0.007519
v 0.507868 0.061264 0.010649
v 0.509407 0.066026 0.003396
v 0.516792 0.089985 0.033881
v 0.509407 0.066026 0.020884
v 0.507385 0.090302 0.029832
v 0.503858 0.089779 0.018525
v 0.507385 0.090302 0.007513
v 0.516792 0.089985 0.003169
v 0.645440 0.169541 0.031804
v 0.567099 0.167330 0.030921
v 0.606592 0.168823 0.036079
v 0.567099 0.167330 0.005941
v 0.553056 0.165625 0.018735
v 0.645440 0.169541 0.004952
v 0.659898 0.169771 0.018378
v 0.606592 0.168823 0.000657
v -0.603817 0.169543 0.001118
v -0.643716 0.169453 0.005302
v -0.563220 0.168804 0.006266
v -0.563220 0.168804 0.030596
v -0.548844 0.167381 0.018735
v -0.658558 0.169372 0.018378
v -0.643716 0.169453 0.031455
v -0.603817 0.169543 0.035618
v 0.681973 0.714704 0.094376
v 0.601900 0.709116 0.130916
v 0.687311 0.710473 0.100067
v 0.601270 0.713421 0.123653
v 0.516489 0.707758 0.091463
v 0.520568 0.712138 0.086210
v 0.484460 0.707249 0.002028
v 0.490304 0.711657 0.001334
v 0.516489 0.707758 -0.087406
v 0.712237 0.715185 0.001334
v 0.687311 0.710473 -0.096010
v 0.681973 0.714704 -0.091708
v 0.719340 0.710983 0.002028
v 0.601270 0.713421 -0.120985
v 0.520568 0.712138 -0.083543
v 0.601900 0.709116 -0.126859
v -0.687669 0.711488 -0.090912
v -0.606196 0.707444 -0.121577
v -0.690636 0.706989 -0.091992
v -0.525285 0.712364 -0.082817
v -0.606477 0.711926 -0.119939
v -0.521756 0.707900 -0.083741
v -0.494838 0.712528 0.001334
v -0.525285 0.712364 0.085484
v -0.490091 0.708071 0.002028
v -0.687669 0.711488 0.093580
v -0.722301 0.706818 0.002028
v -0.690636 0.706989 0.096049
v -0.718117 0.711323 0.001334
v -0.606196 0.707444 0.125634
v -0.521756 0.707900 0.087798
v -0.606477 0.711926 0.122606
v 0.138981 0.465995 0.088837
v 0.241707 0.465995 0.061800
v 0.000000 0.465995 0.092700
v -0.138981 0.465995 -0.088838
v -0.241707 0.465995 -0.061800
v 0.000000 0.465995 -0.092700
v 0.138981 0.465995 -0.088838
v 0.241707 0.465995 -0.061800
v -0.138981 0.465995 0.088837
v -0.241707 0.465995 0.061800
v -0.277963 0.465995 0.000000
v 0.277963 0.465995 0.000000
v 0.000000 1.849512 0.343022
vt 0.097636 0.351504
vt 0.198557 0.248236
vt 0.499756 0.198166
vt 0.797043 0.249800
vt 0.900311 0.350721
vt 0.749320 0.299870
vt 0.497409 0.276400
vt 0.249409 0.301434
vt 0.282213 0.696765
vt 0.152659 0.579603
vt 0.264188 0.631425
vt 0.393743 0.588615
vt 0.702421 0.690006
vt 0.573993 0.605514
vt 0.708053 0.634804
vt 0.822962 0.598754
vt 0.574561 0.711312
vt 0.628068 0.695639
vt 0.589519 0.721462
vt 0.512032 0.773371
vt 0.394869 0.701271
vt 0.516538 0.728309
vt 0.375000 0.000000
vt 0.504340 0.122830
vt 0.413194 0.122396
vt 0.625000 0.000000
vt 0.500000 0.000000
vt 0.625000 0.250000
vt 0.505208 0.230903
vt 0.416667 0.229167
vt 0.505208 0.375000
vt 0.416667 0.440104
vt 0.416667 0.375000
vt 0.625000 0.437500
vt 0.505208 0.439670
vt 0.625000 0.500000
vt 0.504774 0.519097
vt 0.416667 0.520833
vt 0.503472 0.625000
vt 0.416667 0.625000
vt 0.625000 0.750000
vt 0.504774 0.730903
vt 0.416667 0.729167
vt 0.505208 0.875000
vt 0.413194 0.937500
vt 0.416667 0.875000
vt 0.625000 0.937500
vt 0.504340 0.937500
vt 0.625000 1.000000
vt 0.500000 1.000000
vt 0.375000 1.000000
vt 0.379340 0.937500
vt 0.380208 0.875000
vt 0.375000 1.000000
vt 0.375000 0.937500
vt 0.375000 0.875000
vt 0.812500 0.500000
vt 0.750000 0.625000
vt 0.750000 0.500000
vt 0.875000 0.500000
vt 0.812500 0.625000
vt 0.875000 0.750000
vt 0.812500 0.750000
vt 0.750000 0.750000
vt 0.375000 0.937500
vt 0.375000 0.875000
vt 0.375000 1.000000
vt 0.375000 1.000000
vt 0.375000 0.937500
vt 0.375000 0.875000
vt 0.380208 0.440104
vt 0.380208 0.375000
vt 0.380208 0.520833
vt 0.375000 0.440104
vt 0.375000 0.375000
vt 0.375000 0.000000
vt 0.380208 0.229167
vt 0.379340 0.122396
vt 0.375000 0.229167
vt 0.375000 0.122396
vt 0.375000 0.000000
vt 0.380208 0.729167
vt 0.380208 0.625000
vt 0.375000 0.729167
vt 0.375000 0.625000
vt 0.375000 0.520833
vt 0.375000 0.437500
vt 0.375000 0.375000
vt 0.375000 0.375000
vt 0.375000 0.500000
vt 0.375000 0.437500
vt 0.375000 0.439670
vt 0.375000 0.375000
vt 0.375000 0.519097
vt 0.375000 0.730903
vt 0.375000 0.625000
vt 0.375000 0.750000
vt 0.375000 0.625000
vt 0.375000 0.000000
vt 0.375000 0.230903
vt 0.375000 0.122830
vt 0.375000 0.250000
vt 0.375000 0.124566
vt 0.375000 0.000000
vt 0.375000 0.500000
vt 0.375000 0.750000
vt 0.375000 0.625000
vt 0.375000 0.000000
vt 0.375000 0.250000
vt 0.375000 0.125000
vt 0.375000 0.875000
vt 0.375000 1.000000
vt 0.375000 0.937500
vt 0.375000 0.812500
vt 0.375000 0.812500
vt 0.375000 0.310330
vt 0.375000 0.309896
vt 0.375000 0.312500
vt 0.375000 0.312500
vt 0.380208 0.309896
vt 0.416667 0.309896
vt 0.375000 0.810330
vt 0.375000 0.809896
vt 0.685764 0.625000
vt 0.607639 0.625000
vt 0.687500 0.500000
vt 0.687500 0.750000
vt 0.380208 0.809896
vt 0.416667 0.809896
vt 0.505208 0.810330
vt 0.625000 0.812500
vt 0.505208 0.310330
vt 0.625000 0.312500
vt 0.625000 0.125000
vt 0.625000 0.375000
vt 0.625000 0.875000
vt 0.875000 0.625000
vt 0.375000 1.000000
vt 0.375000 0.437500
vt 0.375000 0.375000
vt 0.375000 0.625000
vt 0.375000 0.518472
vt 0.375000 0.500000
vt 0.375000 0.731528
vt 0.375000 0.625000
vt 0.375000 0.735000
vt 0.375000 0.625000
vt 0.375000 0.515000
vt 0.375000 0.750000
vt 0.375000 0.250000
vt 0.375000 0.124566
vt 0.375000 0.000000
vt 0.375000 0.937500
vt 0.375000 0.875000
vt 0.375000 0.875000
vt 0.375000 0.937500
vt 0.375000 0.875000
vt 0.375000 0.937066
vt 0.375000 1.000000
vt 0.375000 1.000000
vt 0.375000 0.937500
vt 0.375000 0.875000
vt 0.375000 0.000000
vt 0.375000 0.231528
vt 0.375000 0.122986
vt 0.375000 0.235000
vt 0.375000 0.122587
vt 0.375000 0.000000
vt 0.375000 0.875000
vt 0.375000 1.000000
vt 0.375000 0.937500
vt 0.375000 1.000000
vt 0.375000 0.937066
vt 0.375000 0.875000
vt 0.375000 0.375000
vt 0.375000 0.439514
vt 0.375000 0.438611
vt 0.375000 0.375000
vt 0.375000 0.625000
vt 0.375000 0.729167
vt 0.375000 0.625000
vt 0.375000 0.520833
vt 0.375000 0.520833
vt 0.375000 0.375000
vt 0.375000 0.439948
vt 0.375000 0.375000
vt 0.375000 0.438611
vt 0.375000 0.520208
vt 0.375000 0.520833
vt 0.375000 0.440104
vt 0.375000 0.375000
vt 0.375000 0.625000
vt 0.375000 0.515000
vt 0.375000 0.729792
vt 0.375000 0.625000
vt 0.375000 0.625000
vt 0.375000 0.122587
vt 0.375000 0.000000
vt 0.375000 0.000000
vt 0.375000 0.229792
vt 0.375000 0.122552
vt 0.375000 0.122396
vt 0.375000 0.000000
vt 0.375000 0.520833
vt 0.375000 0.729167
vt 0.375000 0.625000
vt 0.375000 0.729167
vt 0.375000 0.625000
vt 0.375000 0.520833
vt 0.375000 0.122396
vt 0.375000 0.229167
vt 0.375000 0.122396
vt 0.375000 0.000000
vt 0.375000 0.000000
vt 0.375000 1.000000
vt 0.375000 0.937500
vt 0.375000 0.937500
vt 0.375000 0.875000
vt 0.375000 0.875000
vt 0.375000 0.440104
vt 0.375000 0.440104
vt 0.375000 0.375000
vt 0.375000 0.375000
vt 0.375000 0.309896
vt 0.375000 0.309896
vt 0.375000 0.229167
vt 0.375000 0.809896
vt 0.375000 0.809896
vt 0.375000 0.729167
vt 0.375000 0.000000
vt 0.375000 0.229167
vt 0.375000 0.122396
vt 0.375000 0.229167
vt 0.375000 0.122396
vt 0.375000 0.000000
vt 0.375000 0.311389
vt 0.375000 0.235000
vt 0.375000 0.310052
vt 0.375000 0.309896
vt 0.375000 0.229167
vt 0.375000 0.310486
vt 0.375000 0.312500
vt 0.375000 0.311389
vt 0.375000 0.810486
vt 0.375000 0.812500
vt 0.375000 0.811389
vt 0.375000 0.811389
vt 0.375000 0.735000
vt 0.375000 0.810052
vt 0.375000 0.809896
vt 0.375000 0.729167
vt 0.375000 0.309896
vt 0.375000 0.375000
vt 0.375000 0.375000
vt 0.375000 0.309896
vt 0.375000 0.875000
vt 0.375000 1.000000
vt 0.375000 0.937500
vt 0.375000 1.000000
vt 0.375000 0.937500
vt 0.375000 0.875000
vt 0.250000 0.625000
vt 0.250000 0.500000
vt 0.250000 0.500000
vt 0.250000 0.750000
vt 0.250000 0.625000
vt 0.250000 0.625000
vt 0.250000 0.500000
vt 0.375000 0.375000
vt 0.375000 0.440104
vt 0.375000 0.440104
vt 0.375000 0.375000
vt 0.375000 0.809896
vt 0.375000 0.875000
vt 0.375000 0.875000
vt 0.375000 0.809896
vt 0.250000 0.750000
vt 0.250000 0.750000
vt 0.250000 0.500000
vt 0.250000 0.625000
vt 0.250000 0.625000
vt 0.250000 0.750000
vt 0.375000 0.813681
vt 0.375000 0.763403
vt 0.375000 0.875000
vt 0.375000 0.313681
vt 0.375000 0.263403
vt 0.375000 0.375000
vt 0.375000 0.211128
vt 0.375000 0.000000
vt 0.375000 0.120382
vt 0.375000 0.000000
vt 0.375000 0.119792
vt 0.375000 0.208333
vt 0.375000 0.507500
vt 0.375000 0.538872
vt 0.375000 0.486597
vt 0.375000 0.538872
vt 0.375000 0.541667
vt 0.375000 0.510417
vt 0.375000 0.541667
vt 0.375000 0.436319
vt 0.375000 1.000000
vt 0.375000 0.935764
vt 0.375000 0.982639
vt 0.375000 1.000000
vt 0.375000 0.998264
vt 0.375000 1.000000
vt 0.375000 1.000000
vt 0.375000 1.000000
vt 0.375000 1.000000
vt 0.375000 1.000000
vt 0.375000 0.211128
vt 0.375000 0.242500
vt 0.375000 0.239583
vt 0.375000 0.208333
vt 0.375000 0.000000
vt 0.375000 0.120382
vt 0.375000 0.119792
vt 0.375000 0.000000
vt 0.375000 0.711129
vt 0.375000 0.625000
vt 0.375000 0.625000
vt 0.375000 0.708333
vt 0.375000 0.711129
vt 0.375000 0.625000
vt 0.375000 0.708333
vt 0.375000 0.625000
vt 0.375000 0.742500
vt 0.375000 0.739583
vt 0.375000 0.309896
vt 0.375000 0.229167
vt 0.375000 0.375000
vt 0.250000 0.625000
vt 0.250000 0.500000
vt 0.250000 0.750000
vt 0.375000 0.000000
vt 0.375000 0.122396
vt 0.375000 0.875000
vt 0.375000 1.000000
vt 0.375000 0.937500
vt 0.375000 0.810330
vt 0.375000 0.730903
vt 0.375000 0.875000
vt 0.250000 0.625000
vt 0.250000 0.750000
vt 0.250000 0.500000
vt 0.375000 0.519097
vt 0.375000 0.625000
vt 0.375000 0.375000
vt 0.375000 0.439670
vt 0.375000 0.538195
vt 0.375000 0.509549
vt 0.375000 0.541667
vt 0.375000 0.708333
vt 0.375000 0.625000
vt 0.375000 0.625000
vt 0.375000 0.711806
vt 0.375000 0.740451
vt 0.375000 1.000000
vt 0.375000 1.000000
vt 0.375000 0.000000
vt 0.375000 0.208333
vt 0.375000 0.119792
vt 0.375000 0.208333
vt 0.375000 0.119792
vt 0.375000 0.239583
vt 0.375000 0.625000
vt 0.375000 0.520833
vt 0.375000 0.729167
vt 0.375000 0.625000
vt 0.375000 0.520833
vt 0.375000 0.122396
vt 0.375000 0.000000
vt 0.375000 0.229167
vt 0.375000 0.122396
vt 0.375000 0.000000
vt 0.375000 0.937500
vt 0.375000 0.875000
vt 0.375000 1.000000
vt 0.375000 1.000000
vt 0.375000 0.937500
vt 0.375000 0.875000
vt 0.375000 0.440104
vt 0.375000 0.375000
vt 0.375000 0.440104
vt 0.375000 0.375000
vt 0.375000 0.309896
vt 0.375000 0.309896
vt 0.375000 0.229167
vt 0.375000 0.809896
vt 0.375000 0.809896
vt 0.375000 0.729167
vt 0.250000 0.750000
vt 0.375000 1.000000
vt 0.250000 0.500000
vt 0.375000 1.000000
vt 0.375000 0.000000
vt 0.602601 0.000000
vt 0.610565 0.125000
vt 0.574130 0.125000
vt 0.625000 0.000000
vt 0.613801 0.000000
vt 0.625000 0.250000
vt 0.609918 0.250000
vt 0.571542 0.250000
vt 0.609918 0.375000
vt 0.571542 0.375000
vt 0.625000 0.500000
vt 0.610708 0.500000
vt 0.571542 0.500000
vt 0.571542 0.625000
vt 0.613079 0.625000
vt 0.625000 0.750000
vt 0.610708 0.750000
vt 0.571542 0.750000
vt 0.574130 0.875000
vt 0.610565 0.875000
vt 0.625000 1.000000
vt 0.613801 1.000000
vt 0.602601 1.000000
vt 0.358532 0.624416
vt 0.324111 0.550889
vt 0.343754 0.531246
vt 0.337035 0.712503
vt 0.350233 0.624854
vt 0.323501 0.698568
vt 0.319056 0.625000
vt 0.306643 0.568357
vt 0.753161 0.625000
vt 0.656611 0.625000
vt 0.875000 0.500000
vt 0.750000 0.500000
vt 0.875000 0.750000
vt 0.750000 0.750000
vt 0.375000 0.125000
vt 0.375000 0.000000
vt 0.375000 0.000000
vt 0.375000 0.250000
vt 0.375000 0.125000
vt 0.375000 0.250000
vt 0.375000 0.125000
vt 0.375000 0.000000
vt 0.373048 0.460286
vt 0.360556 0.501444
vt 0.372383 0.463595
vt 0.327477 0.509761
vt 0.364423 0.500648
vt 0.324256 0.509594
vt 0.329884 0.504659
vt 0.375000 0.500000
vt 0.375000 0.625000
vt 0.375000 0.500000
vt 0.375000 0.500000
vt 0.375000 0.750000
vt 0.374837 0.625000
vt 0.375000 0.750000
vt 0.373373 0.625000
vt 0.375000 0.500000
vt 0.250000 0.734520
vt 0.165847 0.741528
vt 0.162965 0.712503
vt 0.334153 0.741528
vt 0.250000 0.743351
vt 0.250000 0.750000
vt 0.125000 0.750000
vt 0.193357 0.568357
vt 0.250000 0.625000
vt 0.180944 0.625000
vt 0.250000 0.555944
vt 0.306643 0.681643
vt 0.250000 0.694056
vt 0.193357 0.681643
vt 0.149767 0.624854
vt 0.176499 0.698568
vt 0.141468 0.624416
vt 0.175889 0.550889
vt 0.250000 0.725256
vt 0.250000 0.515858
vt 0.156246 0.531246
vt 0.250000 0.524614
vt 0.498298 0.750000
vt 0.437936 0.850019
vt 0.423426 0.848190
vt 0.425498 0.750000
vt 0.498285 0.875000
vt 0.498289 0.834627
vt 0.498224 1.000000
vt 0.498274 0.898629
vt 0.498298 0.500000
vt 0.425498 0.625000
vt 0.425498 0.500000
vt 0.498298 0.625000
vt 0.425498 0.250000
vt 0.498298 0.375000
vt 0.425498 0.375000
vt 0.498298 0.250000
vt 0.393846 0.000000
vt 0.498285 0.125000
vt 0.422860 0.125000
vt 0.498224 0.000000
vt 0.375000 0.000000
vt 0.387982 0.125000
vt 0.377618 0.125000
vt 0.384423 0.000000
vt 0.388510 0.250000
vt 0.375000 0.250000
vt 0.377577 0.374173
vt 0.388641 0.375000
vt 0.388445 0.500000
vt 0.375000 0.500000
vt 0.375000 0.625000
vt 0.388379 0.625000
vt 0.388379 0.750000
vt 0.375000 0.750000
vt 0.375000 0.875000
vt 0.387720 0.875000
vt 0.393846 1.000000
vt 0.384423 1.000000
vt 0.375000 1.000000
vt 0.308596 0.508785
vt 0.250000 0.505549
vt 0.191405 0.508785
vt 0.250000 0.509427
vt 0.125000 0.500000
vt 0.250000 0.500000
vt 0.172523 0.509761
vt 0.139241 0.505581
vt 0.175744 0.509594
vt 0.125000 0.500000
vt 0.135333 0.505613
vt 0.125000 0.500000
vt 0.170076 0.505486
vt 0.374756 0.370036
vt 0.375000 0.250000
vt 0.375000 0.250000
vt 0.374797 0.370863
vt 0.375000 0.375000
vt 0.375000 0.250000
vt 0.250000 0.511225
vt 0.250000 0.511000
vt 0.363286 0.738286
vt 0.369143 0.625000
vt 0.369143 0.744143
vt 0.363286 0.511714
vt 0.364913 0.625000
vt 0.363287 0.511714
vt 0.369143 0.505857
vt 0.363287 0.511714
vt 0.369143 0.505857
vt 0.369143 0.505857
vt 0.363368 0.625000
vt 0.363286 0.738286
vt 0.363286 0.738286
vt 0.363449 0.625000
vt 0.375000 0.750000
vt 0.369143 0.744143
vt 0.369143 0.744143
vt 0.133785 0.566405
vt 0.130549 0.625000
vt 0.130486 0.545076
vt 0.133785 0.683595
vt 0.134427 0.625000
vt 0.125000 0.750000
vt 0.125000 0.625000
vt 0.125000 0.500000
vt 0.125000 0.500000
vt 0.130581 0.514241
vt 0.125000 0.500000
vt 0.134761 0.547523
vt 0.130613 0.510333
vt 0.134594 0.550744
vt 0.136225 0.625000
vt 0.134594 0.699256
vt 0.136000 0.625000
vt 0.134761 0.702477
vt 0.130581 0.735759
vt 0.125000 0.750000
vt 0.130613 0.739667
vt 0.125000 0.750000
vt 0.130486 0.704924
vt 0.134447 0.739935
vt 0.137687 0.703551
vt 0.125000 0.750000
vt 0.137122 0.624854
vt 0.136250 0.545865
vt 0.132888 0.507888
vt 0.125000 0.500000
vt 0.125000 0.500000
vt 0.130985 0.509919
vt 0.375000 0.000000
vt 0.375000 0.250000
vt 0.375262 0.125000
vt 0.365512 0.740682
vt 0.375000 0.750000
vt 0.362150 0.706535
vt 0.362796 0.624854
vt 0.363587 0.542881
vt 0.367071 0.507061
vt 0.375000 0.500000
vt 0.368974 0.509173
vt 0.375000 0.625000
vt 0.329134 0.511250
vt 0.170866 0.511250
vt 0.250000 0.511970
vt 0.375000 0.250000
vt 0.373276 0.463595
vt 0.375058 0.370863
vt 0.125000 0.500000
vt 0.134919 0.505985
vt 0.364878 0.501848
vt 0.625000 0.125000
vt 0.625000 0.375000
vt 0.625000 0.875000
vt 0.875000 0.625000
vt 0.375000 0.250000
vt 0.481524 0.826829
vt 0.538413 0.875000
vt 0.519698 0.865199
vt 0.414001 0.850771
vt 0.402302 0.858455
vt 0.395739 0.875000
vt 0.398154 0.891239
vt 0.408344 0.899691
vt 0.416880 0.900761
vt 0.437066 0.898563
vt 0.479938 0.875000
vt 0.480721 0.890385
vt 0.465991 0.897750
vt 0.483130 0.906752
vt 0.457317 0.834466
vt 0.479436 0.842922
vt 0.523998 0.884745
vt 0.429134 0.864604
vt 0.434533 0.869079
vt 0.435730 0.875000
vt 0.432908 0.875000
vt 0.425733 0.875000
vt 0.431280 0.869979
vt 0.428196 0.866159
vt 0.423100 0.863627
vt 0.426656 0.864202
vt 0.424663 0.865703
vt 0.426808 0.868458
vt 0.423687 0.873629
vt 0.422871 0.874479
vt 0.419948 0.887546
vt 0.416877 0.886233
vt 0.418658 0.884989
vt 0.416630 0.881135
vt 0.422083 0.878348
vt 0.410921 0.875000
vt 0.412728 0.870329
vt 0.416607 0.865290
vt 0.422344 0.875000
vt 0.420117 0.866800
vt 0.412378 0.872850
vt 0.413239 0.874473
vt 0.418722 0.870361
vt 0.420265 0.875000
vt 0.420695 0.876284
vt 0.413401 0.879650
vt 0.414694 0.885300
vt 0.411584 0.880557
vt 0.425298 0.883449
vt 0.427490 0.882680
vt 0.429830 0.886561
vt 0.434606 0.876670
vt 0.435578 0.875849
vt 0.434698 0.880760
vt 0.426816 0.880188
vt 0.424430 0.876212
vt 0.427782 0.869678
vt 0.375000 0.625000
vt 0.375000 0.520833
vt 0.375000 0.122396
vt 0.375000 0.000000
vt 0.375000 0.937500
vt 0.375000 0.875000
vt 0.375000 1.000000
vt 0.375000 0.440104
vt 0.375000 0.375000
vt 0.375000 0.229167
vt 0.375000 0.309896
vt 0.375000 0.729167
vt 0.375000 0.809896
vt 0.375000 0.875000
vt 0.375000 0.937500
vt 0.375000 0.875000
vt 0.375000 1.000000
vt 0.375000 0.937500
vt 0.375000 1.000000
vt 0.375000 0.937500
vt 0.375000 0.875000
vt 0.375000 0.375000
vt 0.375000 0.439236
vt 0.375000 0.375000
vt 0.375000 0.500000
vt 0.375000 0.437500
vt 0.375000 0.500000
vt 0.375000 0.437500
vt 0.375000 0.375000
vt 0.375000 1.000000
vt 0.375000 1.000000
vt 0.375000 1.000000
vt 0.375000 1.000000
vt 0.375000 1.000000
vt 0.375000 1.000000
vt 0.375000 1.000000
vt 0.375000 1.000000
vt 0.375000 0.500000
vt 0.375000 0.509236
vt 0.375000 0.536944
vt 0.375000 0.541667
vt 0.375000 0.506076
vt 0.375000 0.541667
vt 0.375000 0.508299
vt 0.375000 0.530000
vt 0.250000 0.500000
vt 0.250000 0.625000
vt 0.250000 0.500000
vt 0.250000 0.750000
vt 0.250000 0.625000
vt 0.250000 0.750000
vt 0.250000 0.624132
vt 0.250000 0.500000
vt 0.375000 0.122396
vt 0.375000 0.000000
vt 0.375000 0.000000
vt 0.375000 0.229167
vt 0.375000 0.122396
vt 0.375000 0.122396
vt 0.375000 0.000000
vt 0.250000 0.625000
vt 0.250000 0.500000
vt 0.250000 0.500000
vt 0.250000 0.750000
vt 0.250000 0.625000
vt 0.375000 0.229167
vt 0.375000 0.309896
vt 0.375000 0.375000
vt 0.375000 0.309896
vt 0.375000 0.375000
vt 0.375000 0.309896
vt 0.375000 0.229167
vt 0.375000 0.875000
vt 0.375000 0.937500
vt 0.375000 0.875000
vt 0.375000 1.000000
vt 0.375000 0.937500
vt 0.375000 1.000000
vt 0.375000 0.937500
vt 0.375000 0.875000
vt 0.375000 0.229167
vt 0.375000 0.375000
vt 0.375000 0.309896
vt 0.375000 0.375000
vt 0.375000 0.309896
vt 0.375000 0.229167
vt 0.375000 0.875000
vt 0.375000 1.000000
vt 0.375000 0.937500
vt 0.375000 0.122396
vt 0.375000 0.000000
vt 0.375000 0.123264
vt 0.375000 0.000000
vt 0.125000 0.500000
vt 0.185330 0.620660
vt 0.125000 0.625000
vt 0.250000 0.500000
vt 0.187500 0.500000
vt 0.229167 0.708333
vt 0.184896 0.711806
vt 0.125000 0.750000
vt 0.375000 0.126302
vt 0.375000 0.034722
vt 0.375000 0.230903
vt 0.375000 0.250000
vt 0.375000 0.125000
vt 0.375000 0.000000
vt 0.250000 0.500000
vt 0.250000 0.750000
vt 0.247830 0.620660
vt 0.247396 0.711806
vt 0.230903 0.619792
vt 0.375000 0.375000
vt 0.375000 0.310330
vt 0.375000 0.375000
vt 0.375000 0.312500
vt 0.250000 0.750000
vt 0.250000 0.625000
vt 0.250000 0.750000
vt 0.250000 0.500000
vt 0.250000 0.625000
vt 0.250000 0.500000
vt 0.250000 0.624132
vt 0.250000 0.750000
vt 0.375000 0.625000
vt 0.375000 0.517361
vt 0.375000 0.750000
vt 0.375000 0.625000
vt 0.375000 0.732639
vt 0.375000 0.625000
vt 0.250000 0.750000
vt 0.250000 0.625000
vt 0.250000 0.750000
vt 0.250000 0.500000
vt 0.250000 0.625000
vt 0.250000 0.500000
vt 0.375000 0.810764
vt 0.375000 0.875000
vt 0.375000 0.812500
vt 0.375000 0.875000
vt 0.375000 0.812500
vt 0.375000 0.750000
vt 0.375000 0.440104
vt 0.375000 0.375000
vt 0.375000 0.375000
vt 0.374566 0.519097
vt 0.375000 0.439670
vt 0.375000 0.500000
vt 0.375000 0.437500
vt 0.375000 0.375000
vt 0.375000 0.731528
vt 0.375000 0.875000
vt 0.375000 0.810486
vt 0.375000 0.811389
vt 0.375000 0.735000
vt 0.375000 0.375000
vt 0.375000 0.519097
vt 0.375000 0.439670
vt 0.375000 0.520833
vt 0.375000 0.625156
vt 0.375000 0.625191
vt 0.250000 0.500000
vt 0.312500 0.619792
vt 0.269097 0.619792
vt 0.312500 0.500000
vt 0.354167 0.708333
vt 0.312500 0.708333
vt 0.270833 0.708333
vt 0.372830 0.622552
vt 0.372396 0.711129
vt 0.355903 0.620226
vt 0.252170 0.620660
vt 0.252604 0.711806
vt 0.250000 0.500000
vt 0.250000 0.750000
vt 0.252170 0.745660
vt 0.269097 0.744792
vt 0.250000 0.750000
vt 0.250000 0.750000
vt 0.375000 0.875000
vt 0.375000 1.000000
vt 0.375000 0.937500
vt 0.375000 1.000000
vt 0.375000 0.937500
vt 0.375000 0.875000
vt 0.375000 0.816455
vt 0.374566 0.770882
vt 0.375000 0.781250
vt 0.375000 0.875000
vt 0.375000 0.815008
vt 0.375000 0.875000
vt 0.375000 0.812500
vt 0.375000 0.750000
vt 0.247830 0.745660
vt 0.230903 0.744792
vt 0.250000 0.750000
vt 0.250000 0.750000
vt 0.250000 0.750000
vt 0.250000 0.750000
vt 0.355903 0.745226
vt 0.312500 0.744792
vt 0.312500 0.750000
vt 0.250000 0.750000
vt 0.372830 0.749626
vt 0.375000 0.768902
vt 0.375000 0.814730
vt 0.375000 0.875000
vt 0.375000 0.875000
vt 0.375000 0.000000
vt 0.375000 0.003472
vt 0.375000 0.000000
vt 0.375000 0.000000
vt 0.375000 0.000000
vt 0.125000 0.750000
vt 0.185330 0.745660
vt 0.187500 0.750000
vt 0.125000 0.750000
vt 0.375000 0.720000
vt 0.375000 0.625000
vt 0.375000 0.706015
vt 0.375000 0.625000
vt 0.375000 0.543985
vt 0.375000 0.625000
vt 0.375000 0.687500
vt 0.375000 0.625000
vt 0.375000 0.541667
vt 0.375000 0.708333
vt 0.375000 0.625000
vt 0.375000 0.708333
vt 0.375000 0.625000
vt 0.375000 0.625000
vt 0.375000 0.713056
vt 0.375000 0.750000
vt 0.375000 0.625000
vt 0.375000 0.708333
vt 0.375000 0.740764
vt 0.375000 0.743924
vt 0.375000 0.741701
vt 0.375000 1.000000
vt 0.375000 1.000000
vt 0.375000 1.000000
vt 0.375000 1.000000
vt 0.375000 1.000000
vt 0.375000 1.000000
vt 0.375000 0.119792
vt 0.375000 0.000000
vt 0.375000 0.000000
vt 0.375000 0.208333
vt 0.375000 0.119792
vt 0.375000 0.208333
vt 0.375000 0.119792
vt 0.375000 0.000000
vt 0.375000 0.119792
vt 0.375000 0.209583
vt 0.375000 0.208333
vt 0.375000 0.000000
vt 0.375000 0.120104
vt 0.375000 0.121042
vt 0.375000 0.220000
vt 0.375000 0.208333
vt 0.375000 0.239896
vt 0.375000 0.239583
vt 0.375000 0.241701
vt 0.375000 1.000000
vt 0.375000 1.000000
vt 0.375000 1.000000
vt 0.375000 1.000000
vt 0.375000 1.000000
vt 0.375000 1.000000
vt 0.375000 1.000000
vt 0.375000 1.000000
vt 0.375000 0.120660
vt 0.375000 0.000000
vt 0.375000 0.211806
vt 0.375000 0.250000
vt 0.375000 0.124132
vt 0.375000 0.000000
vt 0.375000 0.250000
vt 0.375000 0.240089
vt 0.375000 0.243924
vt 0.375000 0.246910
vt 0.375000 0.206015
vt 0.375000 0.187500
vt 0.375000 0.204765
vt 0.375000 0.208333
vt 0.375000 0.245104
vt 0.375000 0.250000
vt 0.375000 0.000000
vt 0.375000 0.119985
vt 0.375000 0.000000
vt 0.375000 0.187500
vt 0.375000 0.117091
vt 0.375000 0.250000
vt 0.375000 0.125000
vt 0.375000 0.000000
vt 0.375000 0.124132
vt 0.375000 0.000000
vt 0.375000 0.000000
vt 0.375000 0.250000
vt 0.375000 0.119985
vt 0.375000 0.208237
vt 0.375000 0.250000
vt 0.375000 0.125000
vt 0.375000 0.250000
vt 0.375000 0.125000
vt 0.375000 0.000000
vt 0.375000 0.250000
vt 0.375000 0.241512
vt 0.375000 0.208237
vt 0.375000 0.510417
vt 0.375000 0.545235
vt 0.375000 0.541667
vt 0.375000 0.545235
vt 0.375000 0.515239
vt 0.375000 0.562500
vt 0.375000 0.548804
vt 0.375000 0.562500
vt 0.375000 0.708333
vt 0.375000 0.743850
vt 0.375000 0.745366
vt 0.375000 0.742380
vt 0.375000 0.708333
vt 0.375000 0.506150
vt 0.375000 0.504634
vt 0.375000 0.541667
vt 0.375000 0.541667
vt 0.375000 0.507620
vt 0.375000 0.522727
vt 0.375000 0.625000
vt 0.375000 0.625000
vt 0.375000 0.625000
vt 0.375000 0.687500
vt 0.375000 0.625000
vt 0.375000 0.687500
vt 0.375000 0.625000
vt 0.375000 0.541667
vt 0.375000 0.625000
vt 0.375000 0.625000
vt 0.375000 0.704765
vt 0.375000 0.625000
vt 0.375000 0.704765
vt 0.375000 0.708333
vt 0.375000 0.625000
vt 0.375000 0.739583
vt 0.375000 0.708333
vt 0.375000 0.734761
vt 0.375000 0.701196
vt 0.375000 0.119117
vt 0.375000 0.000000
vt 0.375000 0.117091
vt 0.375000 0.000000
vt 0.375000 0.119792
vt 0.375000 1.000000
vt 0.375000 1.000000
vt 0.375000 1.000000
vt 0.375000 1.000000
vt 0.375000 1.000000
vt 0.375000 1.000000
vt 0.375000 1.000000
vt 0.375000 1.000000
vt 0.375000 1.000000
vt 0.375000 1.000000
vt 0.375000 1.000000
vt 0.375000 1.000000
vt 0.375000 0.119429
vt 0.375000 0.000000
vt 0.375000 0.000000
vt 0.375000 0.239583
vt 0.375000 0.204765
vt 0.375000 0.208333
vt 0.375000 0.208333
vt 0.375000 0.234761
vt 0.375000 0.187500
vt 0.375000 0.201196
vt 0.375000 0.187500
vt 0.375000 0.124132
vt 0.375000 0.000000
vt 0.375000 0.000000
vt 0.375000 0.211806
vt 0.375000 0.120660
vt 0.375000 0.119792
vt 0.375000 0.000000
vt 0.375000 0.240451
vt 0.375000 0.208333
vt 0.375000 0.119792
vt 0.375000 0.000000
vt 0.375000 0.119792
vt 0.375000 0.117091
vt 0.375000 0.000000
vt 0.375000 0.000000
vt 0.375000 0.118441
vt 0.375000 0.117091
vt 0.375000 0.000000
vt 0.375000 0.000000
vt 0.375000 0.119117
vt 0.375000 1.000000
vt 0.375000 1.000000
vt 0.375000 1.000000
vt 0.375000 1.000000
vt 0.375000 1.000000
vt 0.375000 1.000000
vt 0.375000 0.119117
vt 0.375000 0.204765
vt 0.375000 0.000000
vt 0.375000 0.625000
vt 0.375000 0.704765
vt 0.375000 0.562500
vt 0.375000 0.541667
vt 0.375000 0.625000
vt 0.375000 0.708333
vt 0.375000 0.510297
vt 0.375000 0.507620
vt 0.375000 0.545235
vt 0.375000 0.727273
vt 0.375000 0.739703
vt 0.375000 0.742380
vt 0.375000 0.509934
vt 0.375000 0.541667
vt 0.375000 0.539738
vt 0.375000 0.541667
vt 0.375000 0.510417
vt 0.375000 0.541667
vt 0.375000 0.625000
vt 0.375000 0.545235
vt 0.375000 0.625000
vt 0.375000 0.704765
vt 0.375000 0.687500
vt 0.375000 0.625000
vt 0.375000 0.562500
vt 0.375000 0.625000
vt 0.375000 0.710262
vt 0.375000 0.625000
vt 0.375000 0.740066
vt 0.375000 0.708333
vt 0.375000 0.739583
vt 0.375000 0.708333
vt 0.375000 0.625000
vt 0.375000 0.625000
vt 0.375000 0.708333
vt 0.375000 0.548804
vt 0.375000 0.701196
vt 0.375000 0.625000
vt 0.375000 0.625000
vt 0.375000 0.562500
vt 0.375000 0.734761
vt 0.375000 0.687500
vt 0.375000 0.704765
vt 0.375000 0.625000
vt 0.375000 0.545235
vt 0.375000 0.515239
vt 0.375000 0.708333
vt 0.375000 0.710262
vt 0.375000 0.740066
vt 0.375000 0.539738
vt 0.375000 0.625000
vt 0.375000 0.541667
vt 0.375000 0.625000
vt 0.375000 0.509934
vt 0.375000 0.250000
vt 0.375000 0.250000
vt 0.375000 0.250000
vt 0.375000 0.000000
vt 0.375000 0.125000
vt 0.375000 0.125000
vt 0.375000 0.000000
vt 0.375000 1.000000
vt 0.375000 1.000000
vt 0.375000 1.000000
vt 0.375000 1.000000
vt 0.375000 0.708333
vt 0.375000 0.744792
vt 0.375000 0.708333
vt 0.375000 0.743924
vt 0.375000 0.750000
vt 0.375000 0.750000
vt 0.375000 0.625000
vt 0.375000 0.625000
vt 0.375000 0.500000
vt 0.375000 0.625000
vt 0.375000 0.541667
vt 0.375000 0.541667
vt 0.375000 0.625000
vt 0.375000 0.506076
vt 0.375000 0.500000
vt 0.375000 0.505208
vt 0.375000 0.208333
vt 0.375000 0.239583
vt 0.375000 0.208333
vt 0.375000 0.208333
vt 0.375000 0.239583
vt 0.375000 0.208333
vt 0.375000 0.119792
vt 0.375000 0.000000
vt 0.375000 0.119792
vt 0.375000 0.000000
vt 0.375000 0.000000
vt 0.375000 0.119792
vt 0.375000 0.000000
vt 0.375000 0.119792
vt 0.375000 1.000000
vt 0.375000 1.000000
vt 0.375000 1.000000
vt 0.375000 1.000000
vt 0.375000 1.000000
vt 0.375000 1.000000
vt 0.375000 0.809896
vt 0.375000 0.729167
vt 0.375000 0.875000
vt 0.375000 0.309896
vt 0.375000 0.229167
vt 0.375000 0.375000
vt 0.375000 0.440104
vt 0.375000 0.520833
vt 0.375000 0.937500
vt 0.375000 1.000000
vt 0.375000 0.000000
vt 0.375000 0.122396
vt 0.375000 0.625000
vt 0.375000 1.000000
vt 0.375000 1.000000
vt 0.250000 0.750000
vt 0.375000 0.375000
vt 0.375000 1.000000
vt 0.250000 0.500000
vt 0.375000 0.875000
vt 0.375000 0.875000
vt 0.375000 0.000000
vt 0.375000 0.000000
vt 0.375000 0.000000
vt 0.375000 0.000000
vt 0.375000 0.000000
vt 0.422860 0.875000
vn 0.0000 0.0000 1.0000
vn -0.9756 -0.1224 0.1821
vn -0.9756 -0.1225 0.1821
vn -0.9756 -0.1217 0.1829
vn -0.9711 0.1508 0.1852
vn -0.9711 0.1508 -0.1852
vn -0.9756 -0.1225 -0.1821
vn -0.9756 -0.1224 -0.1821
vn -0.9756 -0.1217 -0.1829
vn 0.0858 -0.0952 -0.9918
vn 0.0828 -0.0971 -0.9918
vn 0.0862 -0.0949 -0.9917
vn 0.0797 0.3820 -0.9207
vn 0.0815 0.3807 -0.9211
vn 0.0819 0.3805 -0.9211
vn 0.6200 0.2499 -0.7437
vn 0.6306 -0.1170 -0.7673
vn 0.6255 -0.1207 -0.7708
vn 0.6314 -0.1164 -0.7667
vn 0.9756 -0.1224 -0.1821
vn 0.9756 -0.1225 -0.1821
vn 0.9756 -0.1217 -0.1829
vn 0.9711 0.1508 -0.1852
vn 0.9711 0.1508 0.1852
vn 0.9756 -0.1225 0.1821
vn 0.9756 -0.1224 0.1821
vn 0.9756 -0.1217 0.1829
vn -0.0858 -0.0952 0.9918
vn -0.0828 -0.0971 0.9918
vn -0.0862 -0.0949 0.9917
vn -0.0797 0.3820 0.9207
vn -0.0815 0.3807 0.9211
vn -0.0819 0.3805 0.9211
vn -0.6200 0.2499 0.7437
vn -0.6306 -0.1170 0.7673
vn -0.6255 -0.1207 0.7708
vn -0.6314 -0.1164 0.7667
vn -0.0670 -0.6346 0.7699
vn -0.0669 -0.6346 0.7699
vn -0.4818 -0.6524 0.5850
vn -0.1659 -0.9654 0.2014
vn -0.0236 -0.9621 0.2716
vn -0.0761 0.9332 -0.3512
vn -0.0779 0.9335 -0.3501
vn -0.0782 0.9335 -0.3500
vn -0.5349 0.7893 -0.3014
vn -0.5349 0.7893 0.3014
vn -0.0778 0.9335 0.3501
vn -0.0761 0.9332 0.3512
vn -0.0782 0.9335 0.3500
vn -0.0471 -0.8394 0.5414
vn -0.3340 -0.8508 0.4056
vn -0.6213 -0.2117 0.7544
vn -0.0848 -0.2024 0.9756
vn 0.0670 -0.6346 -0.7699
vn 0.0669 -0.6346 -0.7699
vn 0.4818 -0.6524 -0.5850
vn 0.1659 -0.9654 -0.2014
vn 0.0236 -0.9621 -0.2716
vn -0.7764 -0.6132 0.1456
vn -0.7764 -0.6132 -0.1456
vn -0.2821 -0.9579 -0.0529
vn -0.2821 -0.9579 0.0529
vn 0.7764 -0.6132 -0.1456
vn 0.7764 -0.6132 0.1456
vn 0.2821 -0.9579 0.0529
vn 0.2821 -0.9579 -0.0529
vn 0.0860 0.1249 -0.9884
vn 0.6090 0.2868 -0.7395
vn 0.0471 -0.8394 -0.5414
vn 0.3340 -0.8508 -0.4056
vn 0.6213 -0.2117 -0.7544
vn 0.0848 -0.2024 -0.9756
vn 0.5554 -0.8251 -0.1041
vn 0.5554 -0.8251 0.1041
vn 0.9646 -0.1918 0.1809
vn 0.9646 -0.1918 -0.1809
vn -0.5554 -0.8251 0.1041
vn -0.5554 -0.8251 -0.1041
vn -0.9646 -0.1918 -0.1809
vn -0.9646 -0.1918 0.1809
vn 0.8543 0.4945 -0.1602
vn 0.8274 0.5358 0.1683
vn -0.8543 0.4945 0.1602
vn -0.8274 0.5358 -0.1683
vn -0.0860 0.1249 0.9884
vn -0.6090 0.2868 0.7395
vn 0.5598 0.3774 0.7377
vn 0.0790 0.1451 0.9863
vn -0.3341 -0.8508 -0.4056
vn -0.0471 -0.8394 -0.5415
vn -0.0848 -0.2024 -0.9756
vn -0.6213 -0.2117 -0.7544
vn -0.5598 0.3774 -0.7377
vn -0.0790 0.1451 -0.9863
vn -0.4818 -0.6524 -0.5850
vn -0.0670 -0.6346 -0.7699
vn -0.0669 -0.6346 -0.7699
vn -0.0236 -0.9621 -0.2716
vn -0.1659 -0.9654 -0.2014
vn 0.3341 -0.8508 0.4056
vn 0.0471 -0.8394 0.5415
vn 0.0848 -0.2024 0.9756
vn 0.6213 -0.2117 0.7544
vn 0.6127 0.7553 -0.2326
vn 0.0761 0.9332 -0.3512
vn 0.0779 0.9335 -0.3501
vn 0.0760 0.9331 -0.3515
vn 0.0778 0.9335 0.3501
vn 0.0761 0.9332 0.3512
vn 0.0760 0.9331 0.3515
vn 0.6127 0.7553 0.2326
vn 0.4818 -0.6524 0.5850
vn 0.0670 -0.6346 0.7699
vn 0.0669 -0.6346 0.7699
vn 0.0236 -0.9621 0.2716
vn 0.1659 -0.9654 0.2014
vn 0.6255 -0.1207 0.7708
vn 0.6306 -0.1170 0.7673
vn 0.6314 -0.1164 0.7667
vn 0.6200 0.2499 0.7437
vn 0.0815 0.3807 0.9211
vn 0.0797 0.3820 0.9207
vn 0.0819 0.3805 0.9211
vn 0.0828 -0.0971 0.9918
vn 0.0858 -0.0952 0.9918
vn 0.0862 -0.0949 0.9917
vn -0.6255 -0.1207 -0.7708
vn -0.6306 -0.1170 -0.7673
vn -0.6314 -0.1164 -0.7667
vn -0.6200 0.2499 -0.7437
vn -0.0815 0.3807 -0.9211
vn -0.0797 0.3820 -0.9207
vn -0.0819 0.3805 -0.9211
vn -0.0828 -0.0971 -0.9918
vn -0.0858 -0.0952 -0.9918
vn -0.0862 -0.0949 -0.9917
vn -0.9757 -0.1232 0.1813
vn -0.9711 0.1877 0.1475
vn -0.9711 0.1877 -0.1475
vn -0.9757 -0.1232 -0.1813
vn 0.0824 -0.0974 -0.9918
vn 0.0794 0.3822 -0.9207
vn 0.5395 0.3221 -0.7780
vn 0.6247 -0.1213 -0.7714
vn 0.9757 -0.1232 -0.1813
vn 0.9711 0.1877 -0.1475
vn 0.9711 0.1877 0.1475
vn 0.9757 -0.1232 0.1813
vn -0.0824 -0.0974 0.9918
vn -0.0794 0.3822 0.9207
vn -0.5395 0.3221 0.7780
vn -0.6247 -0.1213 0.7714
vn -0.0760 0.9331 -0.3515
vn -0.6127 0.7553 -0.2326
vn -0.6127 0.7553 0.2326
vn -0.0760 0.9331 0.3515
vn -0.3340 -0.8508 0.4057
vn 0.0790 0.1451 -0.9863
vn 0.5598 0.3774 -0.7377
vn 0.3340 -0.8508 -0.4057
vn 0.8274 0.5358 -0.1683
vn 0.8543 0.4945 0.1602
vn -0.8274 0.5358 0.1683
vn -0.8543 0.4945 -0.1602
vn -0.0790 0.1451 0.9863
vn -0.5598 0.3774 0.7377
vn 0.6090 0.2868 0.7395
vn 0.0860 0.1249 0.9884
vn -0.0471 -0.8394 -0.5414
vn -0.6090 0.2868 -0.7395
vn -0.0860 0.1249 -0.9884
vn 0.0471 -0.8394 0.5414
vn 0.5349 0.7893 -0.3014
vn 0.0782 0.9335 -0.3500
vn 0.0782 0.9335 0.3500
vn 0.5349 0.7893 0.3014
vn 0.6247 -0.1213 0.7714
vn 0.5395 0.3221 0.7780
vn 0.0794 0.3822 0.9207
vn 0.0824 -0.0974 0.9918
vn -0.6247 -0.1213 -0.7714
vn -0.5395 0.3221 -0.7780
vn -0.0794 0.3822 -0.9207
vn -0.0824 -0.0974 -0.9918
vn 0.2963 0.8717 -0.3904
vn 0.0634 0.6084 -0.7911
vn 0.2655 0.9608 -0.0796
vn 0.2518 0.9628 0.0978
vn 0.4921 0.8459 0.2054
vn 0.4927 0.8458 0.2046
vn 0.4920 0.8460 0.2056
vn 0.4921 0.8459 -0.2054
vn 0.4927 0.8458 -0.2046
vn 0.4929 0.8457 -0.2043
vn 0.2452 0.9667 0.0735
vn 0.2720 0.9607 -0.0553
vn -0.2452 0.9667 -0.0735
vn -0.2720 0.9607 0.0553
vn -0.2963 0.8717 0.3904
vn -0.0634 0.6084 0.7911
vn -0.0253 -0.1215 0.9923
vn -0.0252 -0.1205 0.9924
vn -0.0265 -0.1127 0.9933
vn -0.2364 -0.1739 0.9560
vn -0.2517 -0.1494 0.9562
vn -0.0273 -0.1118 0.9934
vn -0.0276 -0.1118 0.9933
vn -0.2654 0.9608 0.0796
vn -0.2517 0.9629 -0.0977
vn -0.4900 0.8473 -0.2047
vn -0.4908 0.8471 -0.2037
vn -0.4899 0.8474 -0.2050
vn -0.4900 0.8473 0.2047
vn -0.4908 0.8471 0.2037
vn -0.4909 0.8471 0.2035
vn -0.0422 0.6351 0.7712
vn -0.0420 0.6348 0.7716
vn -0.0416 0.6425 0.7652
vn -0.2356 0.8573 0.4576
vn -0.2602 0.5784 0.7731
vn -0.0326 0.3611 0.9320
vn 0.0422 0.6351 -0.7712
vn 0.0420 0.6348 -0.7716
vn 0.0416 0.6425 -0.7652
vn 0.2357 0.8573 -0.4577
vn 0.2607 0.5779 -0.7734
vn 0.0327 0.3611 -0.9320
vn 0.8575 0.1082 0.5030
vn 0.8575 0.1082 -0.5030
vn 0.0254 -0.1215 -0.9923
vn 0.0254 -0.1205 -0.9924
vn 0.0265 -0.1127 -0.9933
vn 0.2367 -0.1735 -0.9560
vn 0.2517 -0.1493 -0.9562
vn 0.0273 -0.1118 -0.9934
vn 0.0276 -0.1118 -0.9933
vn 0.7525 -0.5137 -0.4122
vn 0.7526 -0.4879 0.4422
vn 0.8228 -0.3031 0.4808
vn 0.8271 -0.3003 0.4751
vn 0.8280 -0.2997 0.4739
vn 0.8228 -0.3031 -0.4808
vn 0.8271 -0.3003 -0.4751
vn 0.8218 -0.3038 -0.4821
vn -0.7521 -0.5166 0.4092
vn -0.7524 -0.4886 -0.4417
vn -0.8227 -0.3034 -0.4807
vn -0.8272 -0.3005 -0.4748
vn -0.8281 -0.2999 -0.4736
vn -0.8227 -0.3034 0.4807
vn -0.8272 -0.3005 0.4748
vn -0.8217 -0.3041 0.4821
vn 0.8544 0.1377 -0.5010
vn 0.8543 0.1378 -0.5012
vn 0.8544 0.1377 0.5010
vn 0.8548 0.1375 0.5005
vn 0.8544 0.1578 0.4950
vn 0.8525 0.1591 0.4980
vn 0.8550 0.1575 0.4941
vn 0.8544 0.1578 -0.4950
vn 0.8525 0.1591 -0.4980
vn 0.8519 0.1595 -0.4988
vn -0.8554 0.1281 -0.5018
vn -0.8554 0.1281 -0.5019
vn -0.8554 0.1281 0.5018
vn -0.2512 0.0243 0.9676
vn -0.0211 -0.1336 0.9908
vn 0.2512 0.0182 -0.9678
vn -0.0589 -0.1330 -0.9894
vn 0.0705 -0.0236 -0.9972
vn -0.2379 0.0366 -0.9706
vn -0.2379 0.0375 -0.9706
vn -0.2348 0.0456 -0.9710
vn 0.0214 -0.0107 0.9997
vn 0.2380 0.0310 0.9708
vn 0.2380 0.0317 0.9707
vn 0.2350 0.0379 0.9712
vn -0.8513 0.1637 0.4985
vn -0.8509 0.1639 0.4990
vn -0.8509 0.1639 0.4992
vn -0.8513 0.1637 -0.4984
vn -0.8509 0.1639 -0.4991
vn -0.8514 0.1636 -0.4984
vn -0.8496 0.1908 -0.4918
vn -0.8475 0.1920 -0.4948
vn -0.8502 0.1904 -0.4908
vn -0.8496 0.1908 0.4918
vn -0.8475 0.1920 0.4948
vn -0.8469 0.1924 0.4958
vn -0.1256 -0.2450 -0.9614
vn -0.0144 -0.1333 -0.9910
vn -0.0265 -0.1127 -0.9933
vn -0.0273 -0.1117 -0.9934
vn -0.0252 -0.1205 -0.9924
vn -0.2374 -0.1580 -0.9585
vn -0.1758 0.8616 -0.4761
vn -0.0286 0.6525 -0.7573
vn -0.0233 0.3805 -0.9245
vn -0.2358 0.5930 -0.7699
vn 0.1760 0.8616 0.4762
vn 0.0286 0.6524 0.7574
vn 0.0237 0.3800 0.9247
vn 0.2384 0.5912 0.7705
vn 0.1292 -0.2426 0.9615
vn 0.0148 -0.1330 0.9910
vn 0.0265 -0.1127 0.9933
vn 0.0273 -0.1118 0.9934
vn 0.0254 -0.1205 0.9924
vn 0.2377 -0.1578 0.9584
vn 0.0415 0.6445 0.7634
vn 0.0416 0.6425 0.7652
vn 0.0422 0.6351 0.7712
vn 0.2027 0.8966 0.3936
vn -0.0415 0.6445 -0.7634
vn -0.0416 0.6425 -0.7652
vn -0.0422 0.6351 -0.7712
vn -0.2027 0.8966 -0.3936
vn -0.2372 0.0450 -0.9704
vn -0.2337 0.0464 -0.9712
vn 0.2131 -0.0538 -0.9756
vn 0.2132 -0.0535 -0.9755
vn 0.2134 -0.0463 -0.9759
vn 0.2365 -0.0361 -0.9710
vn -0.2357 0.0645 -0.9697
vn -0.2338 0.0653 -0.9701
vn -0.2362 0.0644 -0.9696
vn 0.0625 -0.1091 0.9921
vn -0.2348 0.0456 0.9710
vn -0.2373 0.0449 0.9704
vn -0.2379 0.0375 0.9706
vn -0.2357 0.0645 0.9697
vn -0.2338 0.0653 0.9701
vn -0.2334 0.0656 0.9702
vn 0.2134 -0.0463 0.9759
vn 0.2133 -0.0460 0.9759
vn 0.2132 -0.0535 0.9755
vn 0.7904 -0.4680 -0.3952
vn 0.7820 -0.4154 0.4648
vn 0.8500 -0.1965 0.4888
vn 0.8530 -0.1946 0.4843
vn 0.8539 -0.1941 0.4829
vn 0.8500 -0.1965 -0.4888
vn 0.8530 -0.1946 -0.4843
vn 0.8491 -0.1969 -0.4901
vn -0.0613 -0.1096 -0.9921
vn 0.2350 0.0379 -0.9712
vn 0.2374 0.0372 -0.9707
vn 0.2380 0.0317 -0.9707
vn 0.2358 0.0526 -0.9704
vn 0.2340 0.0534 -0.9708
vn 0.2336 0.0536 -0.9709
vn -0.2130 -0.0433 -0.9761
vn -0.2132 -0.0430 -0.9761
vn -0.2128 -0.0478 -0.9759
vn 0.2374 0.0372 0.9707
vn 0.2337 0.0388 0.9715
vn -0.2130 -0.0481 0.9759
vn -0.2128 -0.0478 0.9759
vn -0.2130 -0.0433 0.9761
vn -0.2363 -0.0322 0.9711
vn 0.2358 0.0526 0.9704
vn 0.2340 0.0534 0.9708
vn 0.2361 0.0524 0.9703
vn -0.7925 -0.4551 0.4060
vn -0.7848 -0.4062 -0.4681
vn -0.8533 -0.1741 -0.4915
vn -0.8564 -0.1721 -0.4868
vn -0.8573 -0.1716 -0.4854
vn -0.8533 -0.1741 0.4915
vn -0.8564 -0.1721 0.4868
vn -0.8525 -0.1747 0.4927
vn 0.1140 0.2161 0.9697
vn 0.0093 0.0353 0.9993
vn 0.0047 -0.1248 0.9922
vn 0.1076 -0.3506 0.9303
vn -0.1092 0.2215 -0.9690
vn -0.0087 0.0359 -0.9993
vn -0.0040 -0.1252 -0.9921
vn -0.0165 -0.1278 -0.9917
vn -0.0105 -0.1262 -0.9920
vn -0.1036 -0.3557 -0.9289
vn 0.5540 -0.8126 -0.1812
vn 0.6249 -0.7393 0.2509
vn 0.9288 -0.2242 0.2951
vn 0.9282 -0.2988 -0.2218
vn -0.2011 -0.5005 -0.8421
vn 0.3714 0.1869 -0.9095
vn 0.3686 0.1805 -0.9119
vn 0.3725 0.1894 -0.9085
vn 0.3805 0.0469 -0.9236
vn -0.4307 -0.2053 -0.8788
vn 0.0170 0.0170 -0.9997
vn 0.1612 0.0541 -0.9854
vn 0.0228 -0.1275 -0.9916
vn 0.0152 -0.1087 -0.9940
vn -0.0166 0.0170 0.9997
vn -0.1576 0.0543 0.9860
vn -0.0169 -0.1272 0.9917
vn -0.0165 -0.1278 0.9917
vn -0.0105 -0.1262 0.9920
vn -0.0148 -0.1087 0.9940
vn 0.2172 -0.5017 0.8373
vn -0.3641 0.2071 0.9080
vn -0.3803 0.0657 0.9225
vn 0.4387 -0.2013 0.8758
vn -0.3548 0.1849 -0.9165
vn 0.1965 -0.2737 -0.9415
vn 0.4627 -0.2394 -0.8536
vn -0.4304 0.1208 -0.8945
vn -0.7689 0.5645 0.3002
vn -0.7996 0.5507 -0.2396
vn -0.8933 0.3618 -0.2666
vn -0.9071 0.3494 0.2349
vn -0.5585 -0.8097 0.1803
vn -0.6333 -0.7304 -0.2559
vn -0.9301 -0.2139 -0.2987
vn -0.9317 -0.2882 0.2211
vn 0.7764 0.5536 -0.3014
vn 0.8057 0.5404 0.2426
vn 0.8968 0.3494 0.2714
vn 0.8966 0.3498 0.2715
vn 0.8950 0.3542 0.2712
vn 0.9124 0.3347 -0.2356
vn 0.3713 0.1870 0.9095
vn 0.3684 0.1804 0.9120
vn 0.3675 0.1785 0.9127
vn -0.1792 -0.2750 0.9446
vn -0.4581 -0.2380 0.8565
vn 0.4345 0.1114 0.8937
vn -0.2346 0.1632 -0.9583
vn -0.2399 0.1558 -0.9582
vn -0.2409 0.1544 -0.9582
vn 0.2375 0.0425 -0.9705
vn 0.2425 0.0503 -0.9688
vn 0.2435 0.0518 -0.9685
vn 0.8680 -0.1039 -0.4855
vn 0.8599 -0.1190 0.4964
vn -0.8268 0.2976 0.4773
vn -0.8368 0.2842 -0.4680
vn 0.2375 0.0425 0.9705
vn 0.2425 0.0503 0.9688
vn 0.2365 0.0410 0.9708
vn -0.2346 0.1632 0.9583
vn -0.2399 0.1558 0.9582
vn -0.2335 0.1647 0.9583
vn 0.2354 0.1259 0.9637
vn 0.2405 0.1186 0.9634
vn 0.2415 0.1173 0.9633
vn -0.2374 0.0252 0.9711
vn -0.2423 0.0327 0.9697
vn -0.2431 0.0341 0.9694
vn -0.8677 -0.1015 0.4866
vn -0.8600 -0.1158 -0.4970
vn 0.8420 0.2328 -0.4866
vn 0.8510 0.2193 0.4772
vn -0.2374 0.0252 -0.9711
vn -0.2423 0.0327 -0.9697
vn -0.2364 0.0238 -0.9714
vn 0.2354 0.1259 -0.9637
vn 0.2405 0.1186 -0.9634
vn 0.2345 0.1273 -0.9637
vn -0.4642 -0.0632 -0.8835
vn 0.3670 0.1091 -0.9238
vn 0.8961 0.3512 -0.2713
vn 0.8959 0.3517 -0.2713
vn 0.8970 0.3491 -0.2712
vn 0.8818 0.3744 0.2869
vn -0.9364 -0.1187 0.3302
vn -0.9420 -0.0533 -0.3313
vn 0.3373 0.1459 0.9300
vn -0.4208 -0.1038 0.9012
vn 0.4642 -0.0842 0.8817
vn -0.3749 0.0938 0.9223
vn -0.9000 0.3441 0.2675
vn -0.8871 0.3629 -0.2853
vn 0.9422 -0.1584 -0.2953
vn 0.9528 -0.0765 0.2938
vn -0.3428 0.1095 -0.9330
vn 0.4197 -0.1560 -0.8941
vn 0.8415 -0.2193 -0.4937
vn 0.8415 -0.2193 0.4937
vn 0.8559 -0.1238 0.5021
vn 0.8559 -0.1238 -0.5021
vn -0.8415 -0.2193 0.4937
vn -0.8415 -0.2193 -0.4937
vn -0.8559 -0.1238 -0.5021
vn -0.8559 -0.1238 0.5021
vn -0.0277 -0.0865 0.9959
vn -0.2529 -0.1130 0.9609
vn -0.2540 -0.0630 0.9651
vn -0.0277 -0.0482 0.9985
vn 0.0277 -0.0865 -0.9959
vn 0.2529 -0.1130 -0.9609
vn 0.2540 -0.0630 -0.9651
vn 0.0277 -0.0482 -0.9985
vn -0.2529 -0.1130 -0.9609
vn -0.0277 -0.0865 -0.9959
vn -0.0277 -0.0482 -0.9985
vn -0.2540 -0.0630 -0.9651
vn 0.2529 -0.1130 0.9609
vn 0.0277 -0.0865 0.9959
vn 0.0277 -0.0482 0.9985
vn 0.2540 -0.0630 0.9651
vn 0.2027 0.8966 -0.3936
vn 0.0415 0.6445 -0.7634
vn 0.2518 0.9628 -0.0978
vn 0.2655 0.9608 0.0796
vn 0.4929 0.8457 0.2043
vn 0.4920 0.8460 -0.2056
vn 0.2720 0.9607 0.0553
vn 0.2452 0.9667 -0.0735
vn -0.2720 0.9607 -0.0553
vn -0.2452 0.9667 0.0735
vn -0.2027 0.8966 0.3936
vn -0.0415 0.6445 0.7634
vn -0.0144 -0.1333 0.9910
vn -0.1256 -0.2450 0.9614
vn -0.2374 -0.1580 0.9585
vn -0.2517 0.9629 0.0977
vn -0.2654 0.9608 -0.0796
vn -0.4909 0.8471 -0.2035
vn -0.4899 0.8474 0.2050
vn -0.0286 0.6525 0.7573
vn -0.1758 0.8616 0.4761
vn -0.2358 0.5930 0.7699
vn -0.0233 0.3805 0.9245
vn 0.0286 0.6524 -0.7574
vn 0.1760 0.8616 -0.4762
vn 0.2384 0.5912 -0.7705
vn 0.0237 0.3800 -0.9247
vn 0.0148 -0.1330 -0.9910
vn 0.1292 -0.2426 -0.9615
vn 0.2377 -0.1578 -0.9584
vn 0.7526 -0.4879 -0.4422
vn 0.7525 -0.5137 0.4122
vn 0.8218 -0.3038 0.4821
vn 0.8280 -0.2997 -0.4739
vn -0.7524 -0.4886 0.4417
vn -0.7521 -0.5166 -0.4092
vn -0.8217 -0.3041 -0.4821
vn -0.8281 -0.2999 0.4736
vn 0.8548 0.1375 -0.5005
vn 0.8543 0.1378 0.5012
vn 0.8519 0.1595 0.4988
vn 0.8550 0.1575 -0.4941
vn -0.2379 0.0366 0.9706
vn 0.0705 -0.0236 0.9972
vn 0.2380 0.0310 -0.9708
vn 0.0214 -0.0107 -0.9997
vn -0.0211 -0.1336 -0.9908
vn -0.2512 0.0243 -0.9676
vn -0.0589 -0.1330 0.9894
vn 0.2512 0.0182 0.9678
vn -0.8514 0.1636 0.4984
vn -0.8509 0.1639 -0.4992
vn -0.8469 0.1924 -0.4958
vn -0.8502 0.1904 0.4908
vn -0.2364 -0.1739 -0.9560
vn -0.0253 -0.1215 -0.9923
vn -0.0276 -0.1118 -0.9933
vn -0.2517 -0.1494 -0.9562
vn -0.2356 0.8573 -0.4576
vn -0.0420 0.6348 -0.7716
vn -0.0326 0.3611 -0.9320
vn -0.2602 0.5784 -0.7731
vn 0.2357 0.8573 0.4577
vn 0.0420 0.6348 0.7716
vn 0.0327 0.3611 0.9320
vn 0.2607 0.5779 0.7734
vn 0.2367 -0.1735 0.9560
vn 0.0254 -0.1215 0.9923
vn 0.0276 -0.1118 0.9933
vn 0.2517 -0.1493 0.9562
vn 0.0634 0.6084 0.7911
vn 0.2963 0.8717 0.3904
vn -0.0634 0.6084 -0.7911
vn -0.2963 0.8717 -0.3904
vn 0.0625 -0.1091 -0.9921
vn 0.2133 -0.0460 -0.9759
vn -0.2334 0.0656 -0.9702
vn 0.2131 -0.0538 0.9756
vn -0.2337 0.0464 0.9712
vn -0.2362 0.0644 0.9696
vn 0.2365 -0.0361 0.9710
vn 0.7820 -0.4154 -0.4648
vn 0.7904 -0.4680 0.3952
vn 0.8491 -0.1969 0.4901
vn 0.8539 -0.1941 -0.4829
vn -0.2130 -0.0481 -0.9759
vn 0.2337 0.0388 -0.9715
vn 0.2361 0.0524 -0.9703
vn -0.2363 -0.0322 -0.9711
vn -0.0613 -0.1096 0.9921
vn -0.2132 -0.0430 0.9761
vn 0.2336 0.0536 0.9709
vn -0.7848 -0.4062 0.4681
vn -0.7925 -0.4551 -0.4060
vn -0.8525 -0.1747 -0.4927
vn -0.8573 -0.1716 0.4854
vn 0.1612 0.0541 0.9854
vn 0.0170 0.0170 0.9997
vn 0.0152 -0.1087 0.9940
vn 0.0228 -0.1275 0.9916
vn -0.1576 0.0543 -0.9860
vn -0.0166 0.0170 -0.9997
vn -0.0148 -0.1087 -0.9940
vn -0.0169 -0.1272 -0.9917
vn 0.6248 -0.7394 -0.2509
vn 0.5541 -0.8125 0.1811
vn 0.9285 -0.2980 0.2217
vn 0.9285 -0.2254 -0.2951
vn -0.1788 -0.2751 -0.9446
vn 0.3678 0.1785 -0.9126
vn 0.4358 0.1097 -0.8933
vn -0.4565 -0.2400 -0.8568
vn 0.0093 0.0353 -0.9993
vn 0.1140 0.2161 -0.9697
vn 0.1076 -0.3506 -0.9303
vn 0.0047 -0.1248 -0.9922
vn -0.0087 0.0359 0.9993
vn -0.1092 0.2215 0.9690
vn -0.1036 -0.3557 0.9289
vn -0.0040 -0.1252 0.9921
vn 0.1968 -0.2736 0.9415
vn -0.3545 0.1850 0.9166
vn -0.4292 0.1225 0.8949
vn 0.4642 -0.2374 0.8533
vn -0.3643 0.2068 -0.9080
vn 0.2169 -0.5020 -0.8372
vn 0.4379 -0.2044 -0.8755
vn -0.3808 0.0631 -0.9225
vn -0.7996 0.5507 0.2396
vn -0.7689 0.5645 -0.3003
vn -0.9072 0.3489 -0.2349
vn -0.8931 0.3624 0.2666
vn -0.6335 -0.7302 0.2559
vn -0.5584 -0.8097 -0.1804
vn -0.9314 -0.2890 -0.2212
vn -0.9304 -0.2126 0.2987
vn 0.8057 0.5403 -0.2426
vn 0.7763 0.5536 0.3013
vn 0.9122 0.3352 0.2357
vn 0.8970 0.3489 -0.2714
vn 0.3724 0.1896 0.9085
vn -0.2015 -0.5002 0.8421
vn -0.4315 -0.2021 0.8792
vn 0.3799 0.0495 0.9237
vn -0.2335 0.1647 -0.9583
vn 0.2365 0.0410 -0.9708
vn 0.8599 -0.1190 -0.4964
vn 0.8680 -0.1039 0.4855
vn -0.8368 0.2842 0.4680
vn -0.8268 0.2976 -0.4773
vn 0.2435 0.0518 0.9685
vn -0.2409 0.1544 0.9582
vn 0.2345 0.1273 0.9637
vn -0.2364 0.0238 0.9714
vn -0.8600 -0.1158 0.4970
vn -0.8677 -0.1015 -0.4866
vn 0.8510 0.2193 -0.4772
vn 0.8420 0.2328 0.4866
vn -0.2431 0.0341 -0.9694
vn 0.2415 0.1173 -0.9633
vn -0.4196 -0.1193 -0.8998
vn 0.3383 0.1328 -0.9316
vn 0.8831 0.3710 -0.2872
vn 0.8946 0.3551 0.2712
vn -0.9544 -0.0462 0.2949
vn -0.9461 -0.1273 -0.2978
vn 0.3635 0.1243 0.9233
vn -0.4679 -0.0441 0.8827
vn 0.4209 -0.1408 0.8961
vn -0.3420 0.1227 0.9316
vn -0.8858 0.3663 0.2850
vn -0.9012 0.3407 -0.2677
vn 0.9404 -0.0831 -0.3299
vn 0.9327 -0.1508 0.3276
vn -0.3779 0.0786 -0.9225
vn 0.4605 -0.1032 -0.8816
vn -0.9139 0.2433 0.3250
vn -0.3044 0.9478 0.0954
vn -0.3546 0.9222 -0.1543
vn -0.9088 0.2168 -0.3566
vn -0.3395 0.2059 -0.9178
vn -0.3418 0.2131 -0.9153
vn -0.3389 0.2039 -0.9185
vn -0.1342 0.9183 -0.3725
vn 0.1342 0.9183 -0.3725
vn 0.3418 0.2131 -0.9153
vn 0.3395 0.2059 -0.9178
vn 0.3389 0.2039 -0.9185
vn 0.9088 0.2168 -0.3566
vn 0.3546 0.9222 -0.1543
vn 0.3044 0.9478 0.0954
vn 0.9139 0.2433 0.3250
vn 0.3396 0.2939 0.8935
vn 0.3424 0.2868 0.8947
vn 0.3435 0.2841 0.8952
vn 0.1159 0.9514 0.2854
vn -0.1159 0.9514 0.2854
vn -0.3424 0.2868 0.8947
vn -0.3396 0.2939 0.8935
vn -0.3435 0.2841 0.8952
vn -0.9187 -0.2890 0.2693
vn -0.9665 -0.1818 -0.1813
vn -0.8401 -0.5061 -0.1951
vn -0.8396 -0.5068 -0.1953
vn -0.8346 -0.5134 -0.1994
vn -0.8214 -0.4232 0.3822
vn 0.0265 0.9991 -0.0341
vn 0.0286 0.9991 -0.0320
vn -0.0265 0.9991 -0.0341
vn -0.0244 0.9990 -0.0362
vn -0.0250 0.9995 0.0174
vn -0.0214 0.9996 0.0210
vn 0.0250 0.9995 0.0174
vn 0.0286 0.9995 0.0138
vn -0.9996 -0.0129 0.0244
vn -0.9996 -0.0120 0.0247
vn -0.9996 -0.0133 0.0242
vn -0.9996 -0.0153 -0.0225
vn -0.9996 -0.0116 -0.0239
vn -0.9996 -0.0101 -0.0245
vn -0.9242 -0.3816 -0.0145
vn -0.9638 -0.2654 0.0271
vn 0.1384 -0.0250 -0.9901
vn 0.1380 -0.0254 -0.9901
vn 0.1221 -0.0223 0.9923
vn 0.1221 -0.0216 0.9923
vn 0.1221 -0.0226 0.9923
vn 0.0951 -0.6227 0.7766
vn 0.1557 -0.6969 -0.7001
vn 0.9996 -0.0153 -0.0226
vn 0.9996 -0.0116 -0.0240
vn 0.9996 -0.0168 -0.0220
vn 0.9996 -0.0129 0.0244
vn 0.9996 -0.0119 0.0247
vn 0.9996 -0.0115 0.0248
vn 0.9279 -0.3726 0.0159
vn 0.9441 -0.3292 -0.0191
vn 0.3699 -0.7838 -0.4988
vn -0.2101 -0.4727 -0.8558
vn -0.1648 -0.8019 0.5743
vn -0.2851 0.9346 0.2127
vn 0.2693 -0.9064 0.3255
vn -0.2274 -0.9028 0.3650
vn -0.2034 -0.9619 -0.1827
vn 0.2834 -0.9538 -0.0994
vn 0.9076 -0.3280 -0.2619
vn 0.9155 -0.1799 0.3598
vn 0.8075 -0.4991 0.3146
vn 0.8401 -0.5061 -0.1951
vn 0.8396 -0.5068 -0.1953
vn 0.8404 -0.5058 -0.1945
vn -0.3346 -0.3187 -0.8868
vn 0.3504 -0.2922 -0.8898
vn 0.2590 -0.6187 -0.7417
vn -0.3333 -0.5382 -0.7741
vn 0.1712 -0.2619 0.9498
vn -0.3204 -0.1465 0.9359
vn -0.2509 -0.4330 0.8658
vn 0.2849 -0.4046 0.8690
vn 0.3594 0.1471 0.9215
vn 0.3566 0.1541 0.9214
vn 0.3593 0.1430 0.9222
vn 0.3592 0.1409 0.9226
vn 0.3553 0.1362 0.9248
vn -0.3552 0.1875 0.9158
vn 0.9213 0.1101 -0.3730
vn 0.9210 0.1118 -0.3733
vn 0.9195 0.1190 -0.3746
vn 0.9245 0.1097 -0.3650
vn 0.9356 0.1258 0.3298
vn 0.9388 0.1261 0.3205
vn -0.3408 0.1045 -0.9343
vn -0.3422 0.1075 -0.9334
vn -0.3406 0.1042 -0.9344
vn -0.3452 0.1052 -0.9326
vn -0.3461 0.1084 -0.9319
vn 0.3461 0.1084 -0.9319
vn 0.3452 0.1052 -0.9326
vn 0.3422 0.1076 -0.9334
vn 0.3408 0.1045 -0.9343
vn 0.3406 0.1042 -0.9344
vn -0.9388 0.1261 0.3205
vn -0.9356 0.1258 0.3298
vn -0.9245 0.1097 -0.3650
vn -0.9210 0.1118 -0.3733
vn -0.9213 0.1101 -0.3730
vn -0.9195 0.1190 -0.3746
vn -0.9659 0.1416 0.2169
vn -0.9436 0.1183 0.3091
vn -0.9160 0.1538 -0.3706
vn -0.9162 0.1528 -0.3704
vn -0.9153 0.1564 -0.3711
vn -0.8210 0.4725 -0.3204
vn -0.1553 0.4121 -0.8978
vn -0.3242 0.1029 -0.9404
vn 0.3242 0.1029 -0.9404
vn 0.1552 0.4123 -0.8977
vn 0.8208 0.4727 -0.3206
vn 0.9162 0.1528 -0.3704
vn 0.9160 0.1538 -0.3706
vn 0.9153 0.1564 -0.3711
vn 0.9436 0.1183 0.3091
vn 0.9658 0.1419 0.2168
vn 0.3313 0.4069 0.8513
vn 0.3540 0.1637 0.9208
vn -0.3540 0.1636 0.9208
vn -0.3315 0.4057 0.8518
vn 0.0070 -0.9932 0.1163
vn -0.0057 -0.9898 0.1420
vn 0.0000 -0.9899 0.1420
vn 0.0000 -0.9899 -0.1420
vn -0.0055 -0.9898 -0.1420
vn 0.0070 -0.9937 -0.1117
vn -0.1221 -0.0223 0.9923
vn -0.1221 -0.0216 0.9923
vn -0.1221 -0.0215 0.9923
vn -0.1384 -0.0250 -0.9901
vn -0.1389 -0.0246 -0.9900
vn -0.1021 -0.6684 -0.7368
vn -0.1482 -0.6297 0.7626
vn -0.0180 -0.0087 -0.9998
vn -0.0180 -0.0089 -0.9998
vn 0.0180 -0.0087 -0.9998
vn 0.0180 -0.0089 -0.9998
vn 0.0181 -0.0087 -0.9998
vn 0.0113 -0.3063 -0.9519
vn -0.0176 -0.2337 -0.9721
vn 0.0189 -0.0087 0.9998
vn 0.0189 -0.0088 0.9998
vn 0.0189 -0.0172 0.9997
vn -0.0189 -0.0087 0.9998
vn -0.0189 -0.0088 0.9998
vn -0.0117 -0.3063 0.9519
vn 0.0185 -0.2307 0.9728
vn -0.1032 -0.9946 0.0089
vn -0.1137 -0.9935 -0.0045
vn -0.1136 -0.9935 0.0018
vn 0.1136 -0.9935 0.0017
vn 0.1137 -0.9935 -0.0043
vn 0.0973 -0.9952 0.0089
vn -0.9850 -0.0576 -0.1624
vn 0.9809 -0.0827 -0.1759
vn 0.5782 -0.8096 -0.1012
vn -0.6193 -0.7683 -0.1620
vn -0.9995 -0.0159 0.0259
vn -0.9996 -0.0132 0.0258
vn -0.9993 -0.0246 0.0266
vn -0.9996 -0.0153 -0.0240
vn -0.9996 -0.0115 -0.0255
vn -0.9996 -0.0101 -0.0261
vn -0.9282 -0.3718 -0.0153
vn -0.9667 -0.2543 0.0290
vn 0.9795 -0.0585 0.1927
vn 0.9803 -0.0610 0.1880
vn 0.9794 -0.0581 0.1932
vn -0.9854 -0.0480 0.1634
vn -0.9857 -0.0497 0.1612
vn -0.9860 -0.0516 0.1583
vn -0.7512 -0.6468 0.1317
vn 0.6422 -0.7384 0.2056
vn 0.0748 -0.9972 -0.0061
vn 0.0984 -0.9951 0.0072
vn 0.0943 -0.9955 0.0075
vn 0.1011 -0.9949 0.0070
vn -0.1011 -0.9949 0.0013
vn -0.1011 -0.9949 0.0067
vn -0.0707 -0.9975 -0.0061
vn -0.9790 -0.0702 -0.1915
vn 0.9861 -0.0712 -0.1501
vn 0.9861 -0.0706 -0.1501
vn 0.9853 -0.0723 -0.1545
vn 0.6252 -0.7747 -0.0941
vn -0.5099 -0.8448 -0.1621
vn 0.9996 -0.0153 -0.0241
vn 0.9996 -0.0116 -0.0256
vn 0.9996 -0.0168 -0.0235
vn 0.9996 -0.0129 0.0259
vn 0.9996 -0.0120 0.0263
vn 0.9996 -0.0116 0.0264
vn 0.9239 -0.3824 0.0163
vn 0.9428 -0.3327 -0.0205
vn 0.9854 -0.0481 0.1634
vn 0.9861 -0.0511 0.1582
vn 0.9853 -0.0481 0.1638
vn -0.9795 -0.0587 0.1927
vn -0.9802 -0.0612 0.1881
vn -0.9803 -0.0614 0.1877
vn -0.6782 -0.7209 0.1425
vn 0.7242 -0.6621 0.1929
vn 0.9287 -0.3483 0.1271
vn -0.7760 0.2861 0.5621
vn -0.9746 0.0275 0.2221
vn 0.9837 -0.0816 0.1601
vn 0.9006 -0.4267 0.0832
vn 0.9946 -0.1029 0.0134
vn 0.9993 -0.0261 0.0267
vn 0.9986 -0.0483 -0.0210
vn -0.8281 0.5559 -0.0730
vn 0.9266 -0.3712 -0.0608
vn 0.9858 -0.0743 -0.1503
vn 0.9852 -0.0717 -0.1557
vn -0.9831 -0.0021 -0.1830
vn -0.9336 0.3279 0.1449
vn -0.9331 0.3247 0.1547
vn -0.9332 0.3250 0.1535
vn -0.9948 0.0913 -0.0461
vn -0.9993 0.0203 -0.0319
vn -0.9981 0.0460 0.0400
vn 0.9329 0.3259 0.1531
vn 0.9329 0.3252 0.1550
vn 0.9329 0.3255 0.1542
vn -0.8561 -0.3842 -0.3458
vn -0.9896 -0.0971 0.1062
vn 0.9832 0.0195 0.1815
vn -0.9448 -0.2942 -0.1444
vn -0.9761 -0.1033 0.1911
vn -0.9996 -0.0252 -0.0096
vn -0.9984 -0.0557 0.0043
vn -0.8686 -0.4904 -0.0717
vn 0.9765 0.1278 -0.1736
vn 0.9905 -0.0184 -0.1362
vn -0.9859 -0.0744 -0.1501
vn -0.9854 -0.0724 -0.1544
vn -0.9862 -0.0711 -0.1498
vn 0.8740 0.3836 -0.2983
vn 0.9954 0.0903 0.0313
vn 0.9996 0.0190 0.0218
vn 0.9991 0.0344 -0.0257
vn -0.1708 -0.2404 0.9555
vn -0.0078 -0.0783 0.9969
vn -0.0189 -0.0187 0.9996
vn -0.0189 -0.0172 0.9997
vn 0.0086 -0.0319 0.9995
vn -0.1737 0.2644 -0.9486
vn 0.0281 0.0660 -0.9974
vn 0.0180 0.0137 -0.9997
vn -0.0282 0.0281 -0.9992
vn -0.3019 -0.3057 0.9030
vn -0.1344 0.1449 -0.9803
vn -0.1373 0.0232 -0.9903
vn -0.1308 0.0203 -0.9912
vn -0.1290 0.0195 -0.9914
vn -0.1417 -0.0351 0.9893
vn -0.1894 0.3513 -0.9169
vn 0.1268 -0.1687 0.9775
vn 0.1221 -0.0236 0.9922
vn 0.1373 0.0232 -0.9903
vn 0.1308 0.0203 -0.9912
vn 0.1389 0.0240 -0.9900
vn -0.8997 0.2826 0.3326
vn -0.2686 0.9610 0.0661
vn -0.2682 0.9597 -0.0835
vn -0.9065 0.2413 -0.3464
vn -0.3425 0.2154 -0.9145
vn -0.0842 0.9460 -0.3131
vn 0.0842 0.9460 -0.3131
vn 0.3425 0.2154 -0.9145
vn 0.9065 0.2413 -0.3464
vn 0.2682 0.9597 -0.0835
vn 0.2686 0.9610 0.0661
vn 0.8997 0.2826 0.3326
vn 0.3385 0.2968 0.8929
vn 0.0649 0.9729 0.2217
vn -0.0649 0.9729 0.2217
vn -0.3385 0.2968 0.8929
vn -0.9155 -0.1799 0.3598
vn -0.9076 -0.3282 -0.2618
vn -0.8404 -0.5059 -0.1945
vn -0.8074 -0.4991 0.3146
vn 0.0244 0.9990 -0.0362
vn -0.0286 0.9991 -0.0320
vn -0.0286 0.9995 0.0138
vn 0.0214 0.9996 0.0210
vn -0.9996 -0.0116 0.0248
vn -0.9996 -0.0168 -0.0220
vn -0.9412 -0.3372 -0.0191
vn -0.9239 -0.3823 0.0155
vn 0.1389 -0.0246 -0.9900
vn 0.1221 -0.0215 0.9923
vn 0.1482 -0.6297 0.7626
vn 0.1021 -0.6684 -0.7368
vn 0.9996 -0.0101 -0.0245
vn 0.9996 -0.0132 0.0242
vn 0.9654 -0.2592 0.0272
vn 0.9282 -0.3719 -0.0146
vn 0.2107 -0.4727 -0.8557
vn -0.3694 -0.7844 -0.4983
vn 0.2843 0.9352 0.2110
vn 0.1651 -0.8017 0.5745
vn 0.2274 -0.9028 0.3650
vn -0.2693 -0.9064 0.3255
vn -0.2834 -0.9538 -0.0994
vn 0.2034 -0.9619 -0.1827
vn 0.9665 -0.1816 -0.1813
vn 0.9187 -0.2889 0.2692
vn 0.8215 -0.4232 0.3822
vn 0.8347 -0.5134 -0.1994
vn -0.3504 -0.2922 -0.8898
vn 0.3349 -0.3184 -0.8869
vn 0.3334 -0.5382 -0.7741
vn -0.2590 -0.6187 -0.7417
vn 0.3204 -0.1465 0.9359
vn -0.1712 -0.2619 0.9498
vn -0.2849 -0.4046 0.8690
vn 0.2509 -0.4330 0.8658
vn 0.3475 0.1517 0.9253
vn 0.3548 0.1564 0.9218
vn 0.3477 0.1521 0.9252
vn 0.3505 0.1562 0.9234
vn 0.3505 0.1563 0.9234
vn 0.9221 0.1239 -0.3665
vn 0.9260 0.1245 -0.3563
vn 0.9298 0.1458 0.3380
vn 0.9342 0.1448 0.3261
vn -0.3464 0.1088 -0.9317
vn 0.3464 0.1088 -0.9317
vn -0.9342 0.1448 0.3261
vn -0.9298 0.1458 0.3380
vn -0.9260 0.1245 -0.3563
vn -0.9221 0.1239 -0.3665
vn -0.8745 0.4484 0.1850
vn -0.9361 0.1680 0.3090
vn -0.9190 0.1214 -0.3750
vn -0.9151 0.1574 -0.3713
vn -0.3212 0.1253 -0.9387
vn -0.3350 0.1484 -0.9305
vn 0.3350 0.1483 -0.9305
vn 0.3212 0.1253 -0.9387
vn 0.9151 0.1574 -0.3713
vn 0.9190 0.1214 -0.3750
vn 0.9361 0.1680 0.3090
vn 0.8742 0.4491 0.1847
vn 0.3546 0.1776 0.9180
vn 0.3591 0.1389 0.9229
vn -0.3591 0.1389 0.9229
vn -0.3593 0.1430 0.9222
vn -0.3592 0.1409 0.9226
vn -0.3546 0.1776 0.9180
vn 0.0057 -0.9898 0.1420
vn -0.0070 -0.9932 0.1163
vn -0.0070 -0.9937 -0.1117
vn 0.0055 -0.9898 -0.1420
vn -0.1221 -0.0226 0.9923
vn -0.1380 -0.0254 -0.9901
vn -0.1557 -0.6969 -0.7001
vn -0.0951 -0.6227 0.7766
vn -0.0181 -0.0087 -0.9998
vn 0.0176 -0.2337 -0.9721
vn -0.0113 -0.3063 -0.9519
vn -0.0185 -0.2307 0.9728
vn 0.0117 -0.3063 0.9519
vn -0.1136 -0.9935 0.0082
vn -0.0841 -0.9964 -0.0066
vn 0.0796 -0.9968 -0.0066
vn 0.1136 -0.9935 0.0078
vn -0.9862 -0.0705 -0.1499
vn 0.9790 -0.0702 -0.1913
vn 0.5223 -0.8367 -0.1644
vn -0.6369 -0.7650 -0.0956
vn -0.9996 -0.0116 0.0264
vn -0.9996 -0.0167 -0.0234
vn -0.9455 -0.3248 -0.0204
vn -0.9278 -0.3726 0.0166
vn 0.9803 -0.0612 0.1876
vn -0.9853 -0.0479 0.1638
vn -0.7335 -0.6513 0.1944
vn 0.6884 -0.7108 0.1447
vn 0.1011 -0.9949 -0.0043
vn 0.0918 -0.9958 0.0077
vn -0.0867 -0.9962 0.0077
vn -0.1011 -0.9949 -0.0041
vn -0.9809 -0.0828 -0.1761
vn 0.9850 -0.0577 -0.1625
vn 0.6077 -0.7779 -0.1602
vn -0.5661 -0.8183 -0.0994
vn 0.9996 -0.0101 -0.0261
vn 0.9996 -0.0133 0.0258
vn 0.9651 -0.2604 0.0289
vn 0.9242 -0.3816 -0.0152
vn 0.9860 -0.0518 0.1584
vn -0.9794 -0.0584 0.1933
vn -0.6312 -0.7484 0.2034
vn 0.7420 -0.6577 0.1300
vn 0.8565 -0.3833 -0.3457
vn -0.9331 0.3243 0.1555
vn -0.9832 0.0193 0.1817
vn 0.9896 -0.0970 0.1062
vn 0.9761 -0.1032 0.1910
vn 0.9449 -0.2936 -0.1446
vn 0.9984 -0.0556 0.0043
vn 0.9996 -0.0252 -0.0096
vn -0.9766 0.1273 -0.1735
vn 0.8688 -0.4899 -0.0726
vn -0.9905 -0.0184 -0.1363
vn -0.9954 0.0901 0.0314
vn -0.8744 0.3829 -0.2981
vn -0.9991 0.0344 -0.0257
vn -0.9996 0.0189 0.0219
vn 0.7760 0.2874 0.5615
vn -0.9285 -0.3488 0.1273
vn -0.9837 -0.0816 0.1601
vn 0.9747 0.0278 0.2219
vn -0.9946 -0.1031 0.0134
vn -0.9003 -0.4272 0.0835
vn -0.9986 -0.0483 -0.0210
vn -0.9993 -0.0261 0.0268
vn -0.9261 -0.3724 -0.0602
vn 0.8276 0.5564 -0.0740
vn 0.9831 -0.0022 -0.1829
vn -0.9852 -0.0718 -0.1556
vn 0.9947 0.0915 -0.0461
vn 0.9333 0.3287 0.1445
vn 0.9981 0.0461 0.0400
vn 0.9993 0.0203 -0.0319
vn 0.0078 -0.0783 0.9969
vn 0.1709 -0.2404 0.9555
vn -0.0086 -0.0319 0.9995
vn 0.0189 -0.0187 0.9996
vn -0.0281 0.0660 -0.9974
vn 0.1737 0.2644 -0.9486
vn 0.0282 0.0281 -0.9992
vn -0.0180 0.0137 -0.9997
vn -0.1268 -0.1687 0.9775
vn 0.1891 0.3513 -0.9170
vn -0.1389 0.0240 -0.9900
vn -0.1221 -0.0236 0.9922
vn 0.1343 0.1449 -0.9803
vn 0.3021 -0.3056 0.9029
vn 0.1417 -0.0351 0.9893
vn 0.1290 0.0195 -0.9914
vn -0.3569 0.1542 0.9213
vn -0.3594 0.1471 0.9215
vn -0.3632 0.0784 0.9284
vn 0.3522 0.1822 0.9180
vn 0.3750 0.1489 0.9150
vn -0.3505 0.1563 0.9234
vn -0.3505 0.1562 0.9234
vn -0.3816 0.1483 0.9124
vn -0.2625 0.1756 0.9488
vn 0.3574 0.1515 0.9216
vn 0.3554 0.1558 0.9216
vn 0.3609 0.1398 0.9221
vn -0.3601 0.1390 0.9225
vn 0.3590 0.1391 0.9229
vn -0.3593 0.1472 0.9215
vn -0.3574 0.1515 0.9216
vn -0.3554 0.1557 0.9216
vn -0.3554 0.1558 0.9217
vn -0.3555 0.1558 0.9216
vn -0.3554 0.1558 0.9216
vn 0.3553 0.1558 0.9217
vn 0.8535 0.1440 -0.5007
vn 0.8535 0.1440 -0.5008
vn 0.8535 0.1440 0.5007
vn 0.8535 0.1439 0.5007
vn -0.8524 0.1527 0.5001
vn -0.8524 0.1527 -0.5001
vn -0.0278 0.0018 0.9996
vn -0.2534 0.0573 0.9657
vn -0.2515 0.0631 0.9658
vn -0.2542 0.0548 0.9656
vn 0.0278 0.0015 -0.9996
vn 0.2534 0.0547 -0.9658
vn 0.2516 0.0606 -0.9659
vn 0.2542 0.0522 -0.9657
vn -0.2534 0.0573 -0.9657
vn -0.2515 0.0631 -0.9658
vn -0.2507 0.0656 -0.9658
vn -0.0214 0.0296 -0.9993
vn 0.2534 0.0547 0.9658
vn 0.2516 0.0606 0.9659
vn 0.2508 0.0631 0.9660
vn 0.0213 0.0295 0.9993
vn -0.0631 0.9700 -0.2347
vn 0.0550 0.9760 -0.2108
vn -0.2599 -0.0300 0.9652
vn -0.2612 -0.0278 0.9649
vn -0.2615 -0.0273 0.9648
vn 0.2599 -0.0300 0.9652
vn 0.2612 -0.0277 0.9649
vn 0.2596 -0.0304 0.9652
vn -0.0387 0.9888 -0.1443
vn 0.0321 0.9919 -0.1233
vn 0.2592 -0.0475 -0.9647
vn 0.2611 -0.0448 -0.9643
vn 0.2613 -0.0444 -0.9642
vn -0.2592 -0.0476 -0.9647
vn -0.2611 -0.0448 -0.9643
vn -0.2589 -0.0478 -0.9647
vn 0.3219 -0.1935 0.9268
vn -0.3030 -0.2352 0.9235
vn -0.1747 -0.2317 0.9570
vn 0.1834 -0.1668 0.9688
vn 0.1855 -0.1591 0.9697
vn 0.1849 -0.1588 0.9698
vn -0.3333 -0.2170 -0.9175
vn 0.3186 -0.2502 -0.9143
vn 0.1911 -0.2545 -0.9480
vn -0.1951 -0.1939 -0.9614
vn -0.1933 -0.1986 -0.9608
vn -0.1942 -0.1964 -0.9611
vn 0.8787 -0.1012 -0.4665
vn 0.8816 -0.0984 -0.4617
vn 0.8777 -0.1006 -0.4684
vn 0.8836 -0.0947 0.4585
vn 0.8883 -0.0834 0.4517
vn 0.8883 -0.0830 0.4516
vn 0.8877 -0.0907 0.4513
vn 0.8779 -0.0991 -0.4685
vn 0.2083 0.9716 -0.1122
vn 0.2451 0.9610 0.1282
vn -0.8852 -0.0491 -0.4625
vn -0.8866 -0.0458 -0.4602
vn -0.8851 -0.0493 -0.4629
vn -0.8852 -0.0491 0.4625
vn -0.8866 -0.0458 0.4602
vn -0.8867 -0.0454 0.4601
vn -0.2083 0.9716 0.1122
vn -0.2451 0.9610 -0.1282
vn 0.8852 -0.0491 0.4625
vn 0.8867 -0.0457 0.4602
vn 0.8851 -0.0493 0.4629
vn 0.8852 -0.0491 -0.4625
vn 0.8867 -0.0457 -0.4602
vn 0.8867 -0.0454 -0.4601
vn 0.0631 0.9700 0.2347
vn -0.0550 0.9760 0.2108
vn 0.2599 -0.0300 -0.9652
vn 0.2612 -0.0277 -0.9649
vn 0.2614 -0.0273 -0.9648
vn -0.2599 -0.0300 -0.9652
vn -0.2612 -0.0278 -0.9649
vn -0.2596 -0.0304 -0.9652
vn 0.1991 0.6976 0.6883
vn -0.4034 0.4781 0.7802
vn -0.2747 0.8474 0.4544
vn 0.2021 0.8987 0.3892
vn -0.2547 -0.0896 -0.9629
vn -0.2589 -0.0877 -0.9619
vn -0.2606 -0.0863 -0.9616
vn 0.2547 -0.0896 -0.9629
vn 0.2589 -0.0877 -0.9619
vn 0.2452 -0.0884 -0.9654
vn 0.2514 -0.0855 -0.9641
vn 0.2410 -0.0897 -0.9664
vn -0.2452 -0.0884 -0.9654
vn -0.2514 -0.0855 -0.9641
vn 0.2570 -0.0737 0.9636
vn 0.2603 -0.0719 0.9629
vn 0.2609 -0.0715 0.9627
vn -0.2570 -0.0737 0.9636
vn -0.2603 -0.0719 0.9629
vn -0.2563 -0.0741 0.9638
vn -0.2503 0.0285 0.9677
vn -0.2574 0.0247 0.9660
vn -0.2596 0.0235 0.9654
vn 0.2503 0.0285 0.9677
vn 0.2574 0.0247 0.9660
vn 0.2483 0.0296 0.9682
vn -0.8869 -0.0919 0.4526
vn -0.8844 -0.0941 0.4572
vn -0.8877 -0.0912 0.4512
vn -0.8787 -0.1012 -0.4664
vn -0.8816 -0.0984 -0.4617
vn -0.8834 -0.0972 -0.4584
vn -0.8669 -0.0911 -0.4901
vn -0.8669 -0.0908 -0.4901
vn -0.8669 -0.0909 -0.4901
vn -0.9568 -0.0285 0.2892
vn -0.3028 -0.8693 -0.3908
vn 0.2373 -0.8546 -0.4620
vn 0.3223 -0.9458 -0.0405
vn 0.3267 -0.9441 -0.0445
vn 0.3220 -0.9459 -0.0403
vn -0.3223 -0.9458 -0.0405
vn -0.3266 -0.9441 -0.0444
vn -0.3269 -0.9440 -0.0448
vn -0.9952 0.0968 -0.0129
vn -0.8541 -0.0791 -0.5140
vn -0.8372 -0.3585 -0.4129
vn -0.9232 -0.3822 -0.0394
vn -0.9243 -0.3794 -0.0424
vn -0.9254 -0.3762 -0.0457
vn 0.8669 -0.0909 -0.4902
vn 0.8669 -0.0906 -0.4902
vn 0.8669 -0.0908 -0.4902
vn 0.9572 -0.0747 0.2795
vn 0.9232 -0.3822 -0.0394
vn 0.9243 -0.3794 -0.0424
vn 0.9232 -0.3824 -0.0393
vn 0.8168 -0.2865 -0.5007
vn -0.2364 -0.0761 -0.9687
vn -0.2405 -0.0740 -0.9678
vn -0.2414 -0.0735 -0.9676
vn 0.2364 -0.0761 -0.9687
vn 0.2405 -0.0740 -0.9678
vn 0.2354 -0.0766 -0.9689
vn 0.1845 -0.2554 -0.9491
vn -0.2327 -0.2139 -0.9488
vn -0.8873 -0.0927 0.4518
vn -0.8844 -0.0949 0.4570
vn -0.8882 -0.0919 0.4501
vn -0.8792 -0.1011 -0.4657
vn -0.8818 -0.0984 -0.4613
vn -0.8833 -0.0979 -0.4585
vn -0.8685 -0.0898 -0.4876
vn -0.8685 -0.0896 -0.4875
vn -0.8688 -0.0867 -0.4875
vn -0.9586 -0.0322 0.2830
vn 0.1450 0.9865 -0.0760
vn 0.1901 0.9764 0.1027
vn 0.8834 -0.0723 0.4629
vn 0.8854 -0.0684 0.4598
vn 0.8834 -0.0726 0.4629
vn 0.8834 -0.0723 -0.4629
vn 0.8854 -0.0684 -0.4598
vn 0.8855 -0.0683 -0.4596
vn -0.1450 0.9865 0.0760
vn -0.1901 0.9764 -0.1027
vn -0.8835 -0.0724 -0.4629
vn -0.8854 -0.0684 -0.4598
vn -0.8834 -0.0726 -0.4629
vn -0.8835 -0.0724 0.4629
vn -0.8854 -0.0684 0.4598
vn -0.8855 -0.0683 0.4596
vn 0.0387 0.9888 0.1443
vn -0.0321 0.9919 0.1233
vn -0.2592 -0.0475 0.9647
vn -0.2610 -0.0448 0.9643
vn -0.2613 -0.0444 0.9642
vn 0.2592 -0.0475 0.9647
vn 0.2610 -0.0448 0.9643
vn 0.2589 -0.0478 0.9647
vn -0.2368 -0.0724 -0.9689
vn -0.2408 -0.0706 -0.9680
vn -0.2418 -0.0701 -0.9678
vn 0.2368 -0.0724 -0.9689
vn 0.2408 -0.0706 -0.9680
vn 0.2356 -0.0729 -0.9691
vn 0.1855 -0.2330 -0.9546
vn -0.2337 -0.1950 -0.9526
vn 0.2583 -0.0726 0.9633
vn 0.2604 -0.0715 0.9629
vn 0.2608 -0.0712 0.9628
vn -0.2583 -0.0726 0.9633
vn -0.2605 -0.0715 0.9628
vn -0.2577 -0.0728 0.9635
vn -0.2577 0.0266 0.9659
vn -0.2604 0.0253 0.9652
vn -0.2613 0.0249 0.9649
vn 0.2577 0.0266 0.9658
vn 0.2604 0.0253 0.9652
vn 0.2569 0.0270 0.9661
vn -0.2552 -0.0879 -0.9629
vn -0.2591 -0.0862 -0.9620
vn -0.2606 -0.0852 -0.9617
vn 0.2552 -0.0879 -0.9629
vn 0.2591 -0.0862 -0.9620
vn 0.2456 -0.0851 -0.9656
vn 0.2517 -0.0824 -0.9643
vn 0.2415 -0.0861 -0.9666
vn -0.2456 -0.0851 -0.9656
vn -0.2517 -0.0824 -0.9643
vn 0.8791 -0.1011 -0.4657
vn 0.8818 -0.0984 -0.4613
vn 0.8783 -0.0991 -0.4677
vn 0.8835 -0.0956 0.4586
vn 0.8889 -0.0823 0.4507
vn 0.8890 -0.0819 0.4506
vn 0.8882 -0.0914 0.4503
vn 0.8786 -0.0963 -0.4678
vn -0.3255 -0.8511 -0.4120
vn 0.2538 -0.8355 -0.4874
vn 0.3503 -0.9357 -0.0414
vn 0.3550 -0.9338 -0.0454
vn 0.3500 -0.9359 -0.0410
vn -0.3503 -0.9357 -0.0414
vn -0.3550 -0.9338 -0.0454
vn -0.3555 -0.9336 -0.0457
vn 0.8688 -0.0867 -0.4875
vn 0.8688 -0.0865 -0.4876
vn 0.8685 -0.0896 -0.4875
vn 0.9592 -0.0725 0.2733
vn 0.9364 -0.3487 -0.0406
vn 0.9363 -0.3488 -0.0406
vn 0.9355 -0.3514 -0.0378
vn 0.8259 -0.2619 -0.4993
vn -0.9966 0.0816 -0.0115
vn -0.8573 -0.0772 -0.5090
vn -0.8498 -0.3306 -0.4104
vn -0.9363 -0.3487 -0.0406
vn -0.9363 -0.3488 -0.0406
vn -0.9372 -0.3462 -0.0433
vn -0.9555 0.0933 0.2800
vn -0.9387 -0.3435 0.0285
vn -0.9402 -0.3396 0.0254
vn -0.9404 -0.3391 0.0249
vn -0.9247 -0.2429 0.2932
vn -0.8484 0.4020 0.3443
vn 0.1880 0.6526 0.7340
vn -0.2740 0.7032 0.6560
vn -0.3556 0.1085 0.9283
vn 0.3877 0.1516 0.9092
vn 0.2096 0.6637 0.7180
vn -0.3033 0.7092 0.6364
vn -0.3983 0.1108 0.9106
vn 0.4325 0.1541 0.8884
vn 0.9272 -0.3732 0.0315
vn 0.9288 -0.3695 0.0285
vn 0.9270 -0.3738 0.0319
vn 0.9264 0.3656 0.0897
vn 0.8205 0.4701 0.3253
vn 0.9562 -0.1733 0.2357
vn -0.3517 -0.9357 0.0262
vn -0.3530 -0.9353 0.0254
vn -0.3532 -0.9352 0.0252
vn 0.3517 -0.9357 0.0262
vn 0.3529 -0.9353 0.0254
vn 0.3515 -0.9358 0.0263
vn 0.3219 -0.9068 0.2720
vn -0.3737 -0.8996 0.2260
vn 0.9387 -0.3435 0.0284
vn 0.9402 -0.3396 0.0253
vn 0.9385 -0.3441 0.0289
vn 0.9380 0.3363 0.0834
vn 0.8460 0.4434 0.2960
vn 0.9648 -0.1591 0.2093
vn 0.2109 0.6862 0.6961
vn -0.4295 0.4672 0.7728
vn -0.3010 0.8442 0.4435
vn 0.2220 0.8971 0.3819
vn -0.9473 0.1061 0.3022
vn -0.9272 -0.3732 0.0315
vn -0.9288 -0.3696 0.0285
vn -0.9290 -0.3690 0.0281
vn -0.9076 -0.2625 0.3276
vn -0.8221 0.4279 0.3757
vn -0.3236 -0.9458 0.0270
vn -0.3247 -0.9454 0.0262
vn -0.3249 -0.9454 0.0261
vn 0.3236 -0.9458 0.0270
vn 0.3247 -0.9454 0.0262
vn 0.3234 -0.9459 0.0271
vn 0.2946 -0.9125 0.2837
vn -0.3436 -0.9088 0.2366
vn -0.9619 0.1713 0.2132
vn -0.8321 -0.0381 -0.5533
vn -0.9385 0.2289 -0.2585
vn -0.9304 0.3414 0.1334
vn 0.9329 -0.1671 -0.3190
vn 0.9179 -0.1343 0.3735
vn 0.8462 -0.1259 0.5177
vn 0.9118 -0.1764 -0.3708
vn -0.9221 -0.1697 0.3477
vn -0.9033 -0.1484 -0.4026
vn -0.9033 -0.1480 -0.4026
vn -0.9049 -0.1352 -0.4036
vn -0.9049 -0.1349 -0.4036
vn -0.8686 -0.1545 0.4708
vn 0.2747 -0.2135 0.9375
vn 0.2747 -0.2133 0.9376
vn -0.3884 -0.2347 0.8911
vn -0.3309 -0.2364 0.9136
vn 0.2747 -0.2132 0.9376
vn 0.0355 -0.0519 0.9980
vn -0.1229 -0.1624 0.9790
vn -0.1071 0.0280 0.9938
vn 0.0563 0.0175 0.9983
vn -0.9277 -0.1699 0.3325
vn -0.9084 -0.1451 -0.3921
vn -0.8294 -0.1310 -0.5431
vn -0.9042 -0.1734 0.3904
vn 0.9187 -0.1615 -0.3603
vn 0.8974 -0.1262 0.4228
vn 0.8998 -0.0995 0.4248
vn 0.8508 -0.1368 -0.5074
vn -0.2560 -0.2237 -0.9404
vn -0.2560 -0.2234 -0.9405
vn -0.2566 -0.2132 -0.9427
vn 0.3782 -0.2388 -0.8944
vn 0.3191 -0.2304 -0.9193
vn -0.2566 -0.2130 -0.9428
vn 0.1302 -0.1291 0.9831
vn 0.1301 -0.1292 0.9831
vn 0.1314 -0.1280 0.9830
vn -0.1013 -0.1314 0.9861
vn -0.1013 -0.1315 0.9861
vn -0.1008 -0.1319 0.9861
vn -0.0723 -0.3970 0.9150
vn 0.1254 -0.3631 0.9233
vn -0.6907 -0.1474 0.7080
vn -0.6958 -0.0864 -0.7130
vn -0.6960 -0.0869 -0.7127
vn -0.6952 -0.0978 -0.7121
vn -0.6587 -0.0806 -0.7481
vn -0.6610 0.0156 0.7502
vn -0.0548 -0.1066 -0.9928
vn 0.1126 0.1148 -0.9870
vn 0.3799 0.1760 -0.9081
vn 0.2856 -0.0462 -0.9572
vn -0.1743 -0.1578 -0.9720
vn 0.1835 -0.1783 -0.9667
vn 0.0275 -0.1253 -0.9917
vn -0.1235 -0.1152 -0.9856
vn -0.1351 -0.8079 0.5736
vn -0.2576 -0.7216 -0.6426
vn 0.2606 -0.6941 -0.6711
vn 0.1546 -0.8051 0.5727
vn -0.6555 -0.1253 0.7447
vn -0.6556 -0.1254 0.7447
vn -0.6561 0.0461 -0.7532
vn -0.6595 0.0477 -0.7502
vn -0.6604 0.0481 -0.7493
vn -0.6440 -0.1502 -0.7501
vn -0.5848 -0.4438 0.6790
vn 0.6220 0.0590 -0.7808
vn 0.6244 0.0600 -0.7788
vn 0.6213 0.0586 -0.7814
vn 0.6241 -0.1197 0.7721
vn 0.6228 -0.1191 0.7733
vn 0.6245 -0.1199 0.7718
vn 0.6223 -0.4897 0.6107
vn 0.7159 -0.1141 -0.6888
vn -0.1035 0.0945 -0.9901
vn 0.1329 0.0980 -0.9863
vn 0.1318 0.0977 -0.9865
vn 0.1327 0.0986 -0.9862
vn 0.1116 0.0949 -0.9892
vn -0.1068 0.1078 -0.9884
vn -0.1068 0.1096 -0.9882
vn -0.1069 0.0987 -0.9894
vn -0.1417 0.0899 -0.9858
vn -0.1397 0.0883 -0.9862
vn -0.1396 0.0883 -0.9863
vn 0.1104 0.0942 -0.9894
vn 0.1085 0.0921 -0.9898
vn 0.1105 0.1013 -0.9887
vn 0.0967 0.0869 -0.9915
vn -0.1416 0.1073 -0.9841
vn 0.1898 -0.1520 0.9700
vn -0.1960 -0.1810 0.9637
vn -0.1967 -0.1793 0.9639
vn -0.1968 -0.1796 0.9639
vn -0.0497 0.0270 0.9984
vn 0.1286 0.0409 0.9909
vn -0.0347 -0.0837 -0.9959
vn 0.1348 -0.1988 -0.9707
vn 0.1181 -0.1358 -0.9837
vn -0.0525 -0.1621 -0.9854
vn 0.8435 -0.1503 -0.5158
vn 0.8495 -0.0894 0.5200
vn 0.7177 0.0446 0.6949
vn 0.7166 -0.0916 -0.6914
vn 0.7164 -0.0919 -0.6916
vn 0.7169 -0.0876 -0.6916
vn 0.2069 -0.6035 -0.7701
vn 0.2284 -0.8344 0.5017
vn -0.1970 -0.8306 0.5209
vn -0.2026 -0.6080 -0.7676
vn 0.6748 0.0558 -0.7359
vn 0.6779 0.0572 -0.7329
vn 0.6737 0.0553 -0.7369
vn 0.6778 -0.1029 0.7280
vn 0.6687 -0.4618 0.5827
vn 0.7519 -0.1240 -0.6475
vn -0.6418 -0.1252 0.7566
vn -0.6406 -0.1246 0.7577
vn -0.6402 -0.1244 0.7581
vn -0.6432 0.0404 -0.7646
vn -0.6455 0.0413 -0.7626
vn -0.6462 0.0416 -0.7621
vn -0.6320 -0.1319 -0.7637
vn -0.5787 -0.4181 0.7002
vn 0.1096 -0.1227 0.9864
vn 0.1095 -0.1228 0.9864
vn 0.1100 -0.1223 0.9864
vn -0.1333 -0.1265 0.9830
vn -0.1356 -0.1246 0.9829
vn -0.1331 -0.1266 0.9830
vn -0.0916 -0.3828 0.9193
vn 0.1097 -0.3563 0.9279
vn 0.8998 0.2618 -0.3490
vn 0.9128 0.3207 0.2527
vn 0.8848 0.2380 0.4005
vn 0.9191 0.1342 -0.3705
vn 0.2951 -0.0736 0.9526
vn 0.0816 0.0206 0.9965
vn 0.3706 0.1488 0.9168
vn 0.4891 0.1502 0.8592
vn 0.2670 0.2576 0.9287
vn -0.2539 0.1516 0.9553
vn -0.2766 0.0793 0.9577
vn 0.2730 0.1590 0.9488
vn 0.2728 0.1591 0.9488
vn 0.2727 0.1591 0.9488
vn 0.9119 0.2583 -0.3190
vn 0.7760 0.0486 0.6288
vn 0.8234 0.3778 0.4234
vn 0.8199 0.4925 -0.2919
vn -0.2823 0.0856 -0.9555
vn -0.2780 0.0843 -0.9569
vn -0.2765 0.0839 -0.9573
vn 0.2796 0.1198 -0.9526
vn 0.2757 0.1212 -0.9536
vn 0.2744 0.1217 -0.9539
vn 0.2424 0.1179 -0.9630
vn -0.2816 0.1256 -0.9513
vn -0.8540 -0.4737 0.2151
vn -0.7891 -0.4788 -0.3848
vn -0.8813 -0.1955 -0.4303
vn -0.8943 -0.0998 0.4363
vn -0.0027 -0.3103 -0.9506
vn 0.2754 -0.1618 -0.9476
vn 0.2764 -0.1620 -0.9473
vn 0.2767 -0.1621 -0.9472
vn 0.2774 -0.0823 -0.9572
vn 0.2773 -0.0824 -0.9572
vn 0.2776 -0.0824 -0.9572
vn -0.2415 -0.1706 -0.9553
vn 0.9056 0.0733 -0.4178
vn 0.8801 0.2600 0.3973
vn 0.8842 0.1805 0.4309
vn 0.8849 0.1810 0.4291
vn 0.8852 0.1811 0.4285
vn 0.8967 0.0729 -0.4366
vn 0.8973 0.0724 -0.4355
vn 0.8975 0.0733 -0.4349
vn -0.3519 -0.8134 0.4633
vn -0.5224 -0.5107 -0.6829
vn 0.5279 -0.5050 -0.6829
vn 0.3607 -0.8095 0.4633
vn -0.8909 -0.1312 0.4349
vn -0.8907 -0.1311 0.4352
vn -0.8909 -0.1313 0.4348
vn -0.8961 -0.0228 -0.4432
vn -0.8979 -0.0222 -0.4397
vn -0.8986 -0.0219 -0.4382
vn -0.8917 -0.0796 -0.4455
vn -0.8580 -0.2864 0.4265
vn 0.2719 -0.1171 0.9552
vn 0.2748 -0.1179 0.9543
vn 0.2709 -0.1168 0.9555
vn -0.2700 -0.1524 0.9507
vn -0.2724 -0.1516 0.9502
vn -0.2692 -0.1527 0.9509
vn -0.1962 -0.4016 0.8946
vn 0.2631 -0.3625 0.8941
vn 0.8938 0.0923 -0.4388
vn 0.8946 0.0926 -0.4372
vn 0.8935 0.0921 -0.4395
vn 0.8999 -0.0164 0.4359
vn 0.8991 -0.0161 0.4375
vn 0.9002 -0.0166 0.4352
vn 0.8977 -0.2726 0.3462
vn 0.9348 -0.0402 -0.3528
vn -0.9470 0.2559 0.1941
vn -0.9519 0.2817 -0.1208
vn -0.9458 0.1886 -0.2643
vn -0.9534 0.2266 0.1991
vn -0.3455 -0.1157 -0.9312
vn -0.0381 -0.1641 -0.9857
vn -0.4723 -0.0265 -0.8811
vn -0.6974 0.1157 -0.7073
vn 0.0883 0.1029 0.9908
vn 0.0883 0.1025 0.9908
vn 0.0895 0.1077 0.9901
vn -0.1660 0.1715 0.9711
vn -0.5852 0.2655 0.7662
vn -0.4227 0.2166 0.8800
vn -0.4024 -0.1238 -0.9070
vn -0.4034 -0.1238 -0.9066
vn -0.4020 -0.1237 -0.9073
vn 0.3430 -0.2753 -0.8981
vn 0.4031 -0.1698 -0.8993
vn -0.4057 -0.0534 -0.9124
vn -0.4055 -0.0533 -0.9125
vn -0.4054 -0.0533 -0.9126
vn 0.9517 -0.0278 -0.3056
vn 0.9525 -0.0274 -0.3033
vn 0.9513 -0.0281 -0.3070
vn 0.9486 -0.1000 0.3004
vn 0.9488 -0.1001 0.2996
vn 0.9485 -0.0999 0.3007
vn 0.9486 -0.1972 0.2474
vn 0.8452 -0.5165 -0.1374
vn 0.8981 -0.3371 0.2826
vn 0.9551 -0.1190 0.2713
vn 0.9454 -0.1913 -0.2638
vn 0.0896 0.1081 0.9901
vn -0.4220 0.2685 0.8659
vn -0.4031 0.1667 0.8998
vn -0.4032 0.1667 0.8998
vn -0.4031 0.1668 0.8999
vn 0.3637 0.0469 0.9303
vn -0.9258 0.2465 0.2866
vn -0.9469 0.1289 -0.2946
vn -0.9492 0.0994 -0.2984
vn -0.9498 0.0992 -0.2966
vn -0.9490 0.0995 -0.2993
vn -0.9402 0.1698 0.2952
vn -0.9408 0.1702 0.2932
vn -0.9400 0.1696 0.2961
vn 0.6282 -0.5775 -0.5214
vn 0.5807 -0.6573 0.4803
vn -0.5595 -0.6754 0.4803
vn -0.6095 -0.5972 -0.5214
vn 0.4008 -0.1460 0.9044
vn 0.4033 -0.1453 0.9035
vn 0.4044 -0.1450 0.9030
vn -0.3979 -0.1036 0.9116
vn -0.4015 -0.1042 0.9099
vn -0.4031 -0.1045 0.9092
vn -0.2896 -0.3859 0.8759
vn 0.3904 -0.3464 0.8530
vn -0.9544 0.0010 0.2986
vn -0.9538 0.0012 0.3004
vn -0.9536 0.0014 0.3012
vn -0.9509 0.0734 -0.3006
vn -0.9510 0.0734 -0.3003
vn -0.9511 0.0735 -0.3001
vn -0.9662 -0.0671 -0.2490
vn -0.9350 -0.1886 0.3004
vn -0.4113 0.1163 -0.9041
vn -0.4084 0.1158 -0.9054
vn -0.4056 0.1147 -0.9068
vn 0.4123 0.0730 -0.9081
vn 0.4071 0.0721 -0.9105
vn 0.4147 0.0736 -0.9070
vn 0.3637 0.1037 -0.9257
vn -0.4131 0.1177 -0.9031
vn -0.4130 0.1187 -0.9030
vn 0.1041 0.1847 0.9773
vn 0.1052 0.1855 0.9770
vn 0.1065 0.1866 0.9766
vn -0.1340 0.1752 0.9754
vn -0.1392 0.1025 0.9850
vn -0.1329 0.0975 0.9863
vn -0.1397 0.1027 0.9849
vn 0.1067 0.1086 0.9883
vn 0.1068 0.1087 0.9883
vn -0.7366 -0.1311 0.6635
vn -0.6224 -0.2995 -0.7231
vn -0.6419 -0.1032 -0.7598
vn -0.6460 0.0516 0.7616
vn 0.6761 -0.1267 -0.7259
vn 0.6717 0.1481 0.7259
vn 0.6770 0.0899 0.7305
vn 0.6795 -0.0683 -0.7305
vn -0.0362 -0.2658 -0.9633
vn 0.1117 -0.1836 -0.9766
vn 0.1182 -0.1888 -0.9749
vn 0.1186 -0.1890 -0.9748
vn 0.1107 -0.1058 -0.9882
vn 0.1110 -0.1062 -0.9881
vn 0.1112 -0.1063 -0.9881
vn -0.1355 -0.1182 -0.9837
vn -0.1281 -0.1116 -0.9855
vn -0.1360 -0.1187 -0.9836
vn -0.1029 -0.1859 -0.9772
vn -0.1092 -0.1912 -0.9755
vn -0.1021 -0.1862 -0.9772
vn 0.1198 -0.1961 -0.9732
vn 0.1310 -0.1217 -0.9839
vn 0.1229 -0.1145 -0.9858
vn 0.1229 -0.1139 -0.9859
vn -0.1028 -0.1133 -0.9882
vn -0.1027 -0.1132 -0.9882
vn -0.1022 -0.1127 -0.9884
vn 0.6751 -0.3906 -0.6259
vn 0.6381 0.0366 0.7691
vn 0.6390 0.0762 0.7654
vn 0.6454 -0.1072 -0.7563
vn -0.6552 0.1376 0.7428
vn -0.6537 -0.1447 -0.7428
vn -0.6582 -0.0884 -0.7476
vn -0.6591 0.0813 0.7476
vn 0.0705 0.1327 0.9886
vn -0.1033 0.1844 0.9774
vn -0.1032 0.1843 0.9774
vn -0.1024 0.1836 0.9776
vn -0.1034 0.1116 0.9884
vn 0.1299 0.1109 0.9853
vn 0.1239 0.1057 0.9866
vn 0.1240 0.1052 0.9867
vn 0.1642 0.8558 0.4906
vn 0.1628 0.8576 0.4879
vn 0.1620 0.8586 0.4864
vn -0.2465 0.8281 0.5036
vn -0.2478 0.8253 0.5074
vn -0.2486 0.8236 0.5098
vn -0.4116 -0.1635 0.8966
vn 0.3242 -0.1376 0.9359
vn -0.5768 0.7917 0.2014
vn -0.5803 0.7887 0.2031
vn -0.5823 0.7870 0.2040
vn -0.6108 0.7624 -0.2138
vn -0.6069 0.7658 -0.2128
vn -0.6044 0.7679 -0.2121
vn -0.9316 -0.0957 -0.3508
vn -0.9356 -0.1091 0.3357
vn 0.5195 0.8366 -0.1735
vn 0.5161 0.8389 -0.1728
vn 0.5217 0.8352 -0.1740
vn 0.4922 0.8547 0.1647
vn 0.4952 0.8528 0.1660
vn 0.4904 0.8560 0.1639
vn 0.9442 -0.0619 0.3235
vn 0.9465 -0.0945 -0.3087
vn -0.2794 0.7682 -0.5760
vn 0.1917 0.8029 -0.5645
vn 0.1901 0.8056 -0.5612
vn 0.1928 0.8012 -0.5665
vn 0.3364 -0.1852 -0.9233
vn -0.3953 -0.1624 -0.9041
vn -0.3040 0.4072 -0.8613
vn 0.3899 0.3376 -0.8568
vn 0.4004 -0.2134 -0.8911
vn -0.3057 -0.1990 -0.9311
vn 0.7290 0.6312 -0.2650
vn 0.6467 0.7255 0.2354
vn 0.9278 -0.0816 0.3640
vn 0.9313 -0.1213 -0.3436
vn -0.7405 0.6246 0.2483
vn -0.7290 0.6394 -0.2444
vn -0.9363 -0.1043 -0.3355
vn -0.9403 -0.1241 0.3169
vn 0.3174 0.6220 0.7158
vn -0.2894 0.5233 0.8015
vn -0.3231 -0.1985 0.9253
vn 0.3843 -0.1555 0.9100
vn -0.0933 0.9292 0.3575
vn 0.0923 0.9308 0.3538
vn -0.4629 0.8478 -0.2589
vn -0.3973 0.8924 0.2141
vn 0.3066 0.9374 0.1652
vn 0.2706 0.9507 -0.1513
vn 0.0813 0.9427 -0.3236
vn -0.0998 0.9125 -0.3968
vn 0.0513 0.9790 -0.1971
vn -0.0517 0.9787 -0.1985
vn 0.3556 0.9131 0.1994
vn 0.2650 0.9535 -0.1432
vn -0.1888 0.9767 -0.1020
vn -0.1566 0.9837 0.0878
vn -0.0438 0.9837 0.1747
vn 0.0575 0.9717 0.2293
vn 0.1073 0.9166 -0.3852
vn -0.1571 0.9536 -0.2568
vn 0.4166 0.8976 0.1442
vn 0.4023 0.9048 -0.1397
vn -0.2270 0.9716 -0.0668
vn -0.3138 0.9435 0.1065
vn -0.2064 0.8863 0.4146
vn 0.1471 0.8838 0.4441
vn -0.2023 0.7875 0.5822
vn 0.2071 0.8892 0.4080
vn -0.5637 0.8052 -0.1844
vn -0.5626 0.8060 -0.1842
vn -0.5619 0.8065 -0.1840
vn -0.5456 0.8188 0.1786
vn 0.3007 0.9485 0.1000
vn 0.5045 0.8461 -0.1720
vn 0.3608 0.4879 -0.7948
vn -0.2608 0.6433 -0.7198
vn 0.2133 0.5457 0.8104
vn 0.2133 0.5459 0.8103
vn 0.0249 0.4453 0.8950
vn 0.0249 0.4455 0.8949
vn -0.0250 0.4372 -0.8990
vn -0.0250 0.4371 -0.8991
vn -0.2148 0.5367 -0.8160
vn -0.2147 0.5368 -0.8159
vn -0.2133 0.5457 -0.8104
vn -0.2133 0.5458 -0.8103
vn -0.0249 0.4455 -0.8949
vn 0.0250 0.4371 0.8991
vn 0.2148 0.5367 0.8160
vn 0.0249 0.4455 -0.8949
vn 0.2133 0.5457 -0.8104
vn 0.2133 0.5458 -0.8103
vn -0.2148 0.5367 0.8160
vn -0.0250 0.4371 0.8991
vn -0.0249 0.4453 0.8950
vn -0.0249 0.4455 0.8949
vn -0.2133 0.5457 0.8104
vn -0.2133 0.5459 0.8103
vn -0.2133 0.5456 0.8105
vn 0.2148 0.5367 -0.8160
vn 0.2147 0.5368 -0.8159
vn 0.0250 0.4372 -0.8990
vn 0.0250 0.4371 -0.8991
vn -0.5290 0.7898 0.3104
vn -0.5291 0.7898 0.3104
vn -0.5290 0.7898 -0.3104
vn -0.5291 0.7898 -0.3104
vn 0.5369 0.7827 0.3150
vn 0.5369 0.7826 0.3150
vn 0.5369 0.7827 -0.3150
vn 0.5369 0.7826 -0.3150
vn 0.5290 0.7898 -0.3104
vn 0.5291 0.7898 -0.3104
vn 0.5290 0.7898 0.3104
vn 0.5291 0.7898 0.3104
vn -0.5369 0.7827 -0.3150
vn -0.5369 0.7826 -0.3150
vn -0.5369 0.7827 0.3150
vn -0.5369 0.7826 0.3150
vn 0.8535 0.1439 -0.5007
vn 0.8535 0.1440 0.5008
vn -0.0214 0.0296 0.9993
vn -0.2507 0.0656 0.9658
vn 0.0213 0.0295 -0.9993
vn 0.2508 0.0631 -0.9660
vn -0.2542 0.0548 -0.9656
vn -0.0278 0.0018 -0.9996
vn 0.2542 0.0522 0.9657
vn 0.0278 0.0015 0.9996
vn -0.0550 0.9760 -0.2108
vn 0.0631 0.9700 -0.2347
vn -0.2596 -0.0304 0.9652
vn 0.2614 -0.0273 0.9648
vn -0.0321 0.9919 -0.1233
vn 0.0387 0.9888 -0.1443
vn 0.2589 -0.0478 -0.9647
vn -0.2613 -0.0444 -0.9642
vn 0.3794 -0.2257 0.8973
vn -0.2569 -0.2098 0.9434
vn -0.2578 -0.2023 0.9448
vn -0.2573 -0.2095 0.9433
vn -0.2573 -0.2021 0.9450
vn 0.3198 -0.2198 0.9216
vn -0.3870 -0.2474 -0.8883
vn 0.2741 -0.2269 -0.9346
vn 0.2741 -0.2254 -0.9349
vn 0.2741 -0.2253 -0.9349
vn 0.2742 -0.2238 -0.9353
vn -0.3299 -0.2467 -0.9112
vn 0.8834 -0.0972 -0.4584
vn 0.8877 -0.0912 0.4512
vn 0.9568 -0.0285 0.2892
vn 0.8669 -0.0911 -0.4902
vn 0.2451 0.9610 -0.1282
vn 0.2083 0.9716 0.1122
vn -0.8867 -0.0454 -0.4601
vn -0.8851 -0.0493 0.4629
vn -0.2451 0.9610 0.1282
vn -0.2083 0.9716 -0.1122
vn 0.8867 -0.0454 0.4601
vn 0.8851 -0.0493 -0.4629
vn 0.0550 0.9760 0.2108
vn -0.0631 0.9700 0.2347
vn 0.2596 -0.0304 -0.9652
vn -0.2615 -0.0273 -0.9648
vn 0.4034 0.4781 0.7802
vn -0.1991 0.6976 0.6883
vn -0.2021 0.8987 0.3892
vn 0.2747 0.8474 0.4544
vn 0.2606 -0.0863 -0.9616
vn -0.2410 -0.0897 -0.9664
vn 0.2563 -0.0741 0.9638
vn -0.2609 -0.0715 0.9627
vn -0.2483 0.0296 0.9682
vn 0.2596 0.0235 0.9654
vn -0.8836 -0.0947 0.4585
vn -0.8778 -0.1006 -0.4684
vn -0.8779 -0.0991 -0.4685
vn -0.8883 -0.0830 0.4516
vn -0.2373 -0.8546 -0.4620
vn 0.3027 -0.8693 -0.3908
vn 0.3269 -0.9440 -0.0448
vn -0.3220 -0.9459 -0.0403
vn -0.9572 -0.0747 0.2795
vn -0.8669 -0.0906 -0.4902
vn -0.8168 -0.2865 -0.5007
vn -0.9232 -0.3824 -0.0393
vn 0.8541 -0.0791 -0.5140
vn 0.9952 0.0968 -0.0130
vn 0.9254 -0.3762 -0.0457
vn 0.8373 -0.3585 -0.4129
vn -0.2354 -0.0766 -0.9689
vn 0.2414 -0.0735 -0.9676
vn 0.2327 -0.2139 -0.9488
vn -0.1845 -0.2554 -0.9491
vn -0.8835 -0.0956 0.4586
vn -0.8783 -0.0991 -0.4677
vn -0.8786 -0.0963 -0.4678
vn -0.8890 -0.0819 0.4506
vn 0.1901 0.9764 -0.1027
vn 0.1450 0.9865 0.0760
vn 0.8855 -0.0683 0.4596
vn 0.8834 -0.0726 -0.4629
vn -0.1901 0.9764 0.1027
vn -0.1450 0.9865 -0.0760
vn -0.8855 -0.0683 -0.4596
vn -0.8834 -0.0726 0.4629
vn 0.0321 0.9919 0.1233
vn -0.0387 0.9888 0.1443
vn -0.2589 -0.0478 0.9647
vn 0.2613 -0.0444 0.9642
vn -0.2356 -0.0729 -0.9691
vn 0.2418 -0.0701 -0.9678
vn 0.2337 -0.1950 -0.9526
vn -0.1855 -0.2330 -0.9546
vn 0.2577 -0.0728 0.9635
vn -0.2608 -0.0712 0.9628
vn -0.2569 0.0270 0.9661
vn 0.2613 0.0249 0.9649
vn 0.2606 -0.0852 -0.9617
vn -0.2415 -0.0861 -0.9666
vn 0.8833 -0.0979 -0.4585
vn 0.8882 -0.0919 0.4501
vn 0.9586 -0.0322 0.2829
vn 0.8685 -0.0898 -0.4876
vn -0.2538 -0.8355 -0.4874
vn 0.3255 -0.8510 -0.4120
vn 0.3555 -0.9336 -0.0457
vn -0.3500 -0.9358 -0.0410
vn 0.8573 -0.0772 -0.5090
vn 0.9966 0.0815 -0.0115
vn 0.9372 -0.3462 -0.0433
vn 0.8498 -0.3306 -0.4104
vn -0.9592 -0.0725 0.2733
vn -0.8688 -0.0865 -0.4876
vn -0.8259 -0.2619 -0.4993
vn -0.9355 -0.3514 -0.0378
vn -0.9380 0.3363 0.0834
vn -0.9385 -0.3441 0.0289
vn -0.9648 -0.1591 0.2093
vn -0.8460 0.4434 0.2960
vn 0.2740 0.7032 0.6561
vn -0.1880 0.6526 0.7340
vn -0.3877 0.1516 0.9092
vn 0.3556 0.1085 0.9283
vn 0.3033 0.7092 0.6364
vn -0.2096 0.6637 0.7180
vn -0.4325 0.1542 0.8883
vn 0.3983 0.1108 0.9106
vn 0.9290 -0.3691 0.0281
vn 0.9473 0.1061 0.3022
vn 0.8221 0.4279 0.3757
vn 0.9076 -0.2625 0.3276
vn -0.3515 -0.9358 0.0263
vn 0.3532 -0.9352 0.0252
vn 0.3737 -0.8996 0.2260
vn -0.3219 -0.9068 0.2720
vn 0.9404 -0.3391 0.0249
vn 0.9555 0.0932 0.2800
vn 0.8484 0.4020 0.3443
vn 0.9247 -0.2429 0.2932
vn 0.4295 0.4672 0.7728
vn -0.2109 0.6862 0.6961
vn -0.2220 0.8971 0.3819
vn 0.3010 0.8442 0.4435
vn -0.9264 0.3656 0.0897
vn -0.9270 -0.3737 0.0319
vn -0.9562 -0.1733 0.2357
vn -0.8205 0.4701 0.3253
vn -0.3234 -0.9459 0.0271
vn 0.3249 -0.9454 0.0261
vn 0.3436 -0.9088 0.2366
vn -0.2946 -0.9125 0.2837
vn -0.8320 -0.0322 0.5539
vn -0.9624 0.1695 -0.2123
vn -0.9306 0.3409 -0.1333
vn -0.9382 0.2299 0.2586
vn 0.9172 -0.1399 -0.3732
vn 0.9336 -0.1624 0.3193
vn 0.9125 -0.1721 0.3711
vn 0.8456 -0.1320 -0.5173
vn -0.9041 -0.1424 0.4030
vn -0.9053 -0.1304 0.4042
vn -0.9040 -0.1420 0.4033
vn -0.9213 -0.1748 -0.3474
vn -0.8683 -0.1599 -0.4696
vn -0.9055 -0.1300 0.4039
vn 0.3195 -0.2371 0.9174
vn -0.3345 -0.2037 0.9201
vn -0.1954 -0.1828 0.9635
vn 0.1915 -0.2439 0.9507
vn 0.1859 -0.1589 0.9696
vn -0.1747 -0.1381 0.9749
vn -0.1218 0.0398 0.9918
vn 0.0436 0.0301 0.9986
vn -0.9092 -0.1391 0.3925
vn -0.9268 -0.1749 -0.3322
vn -0.9034 -0.1780 -0.3901
vn -0.8301 -0.1245 0.5436
vn 0.8967 -0.1327 -0.4224
vn 0.9196 -0.1561 0.3606
vn 0.8508 -0.1309 0.5089
vn 0.8993 -0.1048 -0.4245
vn -0.3019 -0.2487 -0.9203
vn 0.3211 -0.2073 -0.9241
vn 0.1836 -0.1783 -0.9667
vn -0.1741 -0.2426 -0.9544
vn 0.1289 -0.1303 0.9831
vn -0.1018 -0.1310 0.9861
vn -0.0961 -0.3729 0.9229
vn 0.0941 -0.3955 0.9136
vn -0.8333 -0.0890 0.5456
vn -0.8272 -0.1490 -0.5418
vn -0.6950 -0.0986 -0.7122
vn -0.6984 0.0329 0.7149
vn 0.0345 -0.1509 -0.9880
vn 0.2742 -0.0913 -0.9573
vn 0.4554 0.1189 -0.8823
vn 0.3082 -0.0530 -0.9499
vn -0.1231 -0.1819 -0.9756
vn 0.0330 -0.0718 -0.9969
vn 0.0516 -0.1487 -0.9875
vn -0.1095 -0.1263 -0.9859
vn -0.1953 -0.8488 0.4913
vn -0.1829 -0.6159 -0.7663
vn 0.2038 -0.6120 -0.7641
vn 0.1998 -0.8365 0.5103
vn -0.6556 -0.1254 0.7446
vn -0.6552 0.0457 -0.7541
vn -0.7314 -0.1433 -0.6667
vn -0.6335 -0.5000 0.5905
vn 0.6251 0.0603 -0.7782
vn 0.6224 -0.1188 0.7736
vn 0.5634 -0.4266 0.7075
vn 0.6148 -0.1192 -0.7796
vn -0.1070 0.0977 -0.9894
vn 0.1307 0.0967 -0.9867
vn 0.1320 0.1199 -0.9840
vn -0.0936 0.0940 -0.9912
vn -0.1418 0.0900 -0.9858
vn 0.1070 0.0912 -0.9901
vn 0.1104 0.1025 -0.9886
vn -0.1193 0.0833 -0.9894
vn 0.1342 -0.1791 0.9746
vn -0.0380 -0.0631 0.9973
vn -0.0606 0.0159 0.9980
vn 0.1127 0.0273 0.9933
vn -0.1932 -0.1989 -0.9608
vn 0.1898 -0.1719 -0.9666
vn 0.1337 -0.1225 -0.9834
vn -0.0276 -0.1371 -0.9902
vn 0.7167 -0.0873 -0.6919
vn 0.7115 -0.1530 0.6858
vn 0.6800 0.0248 0.7327
vn 0.6793 -0.0728 -0.7303
vn 0.2888 -0.7056 -0.6471
vn 0.1626 -0.7942 0.5855
vn -0.1489 -0.7977 0.5844
vn -0.2614 -0.6898 -0.6752
vn 0.6789 0.0577 -0.7320
vn 0.6182 -0.4093 0.6711
vn 0.6665 -0.1338 -0.7334
vn -0.6422 -0.1254 0.7562
vn -0.6424 0.0402 -0.7653
vn -0.7316 -0.1276 -0.6697
vn -0.6373 -0.4796 0.6032
vn 0.1090 -0.1232 0.9864
vn -0.1358 -0.1244 0.9829
vn -0.1252 -0.3514 0.9278
vn 0.0851 -0.3806 0.9208
vn 0.9170 0.3106 -0.2502
vn 0.8959 0.2794 0.3455
vn 0.9082 0.2186 0.3570
vn 0.9000 0.1427 -0.4120
vn 0.1189 0.1514 0.9813
vn -0.0707 0.0970 0.9928
vn 0.2869 0.1797 0.9409
vn 0.3913 0.2263 0.8920
vn 0.2857 0.2522 0.9245
vn -0.0761 0.1200 0.9899
vn -0.2515 0.0739 0.9650
vn 0.2731 0.1590 0.9488
vn 0.7769 0.0419 -0.6283
vn 0.9107 0.2608 0.3204
vn 0.8193 0.4935 0.2918
vn 0.8241 0.3764 -0.4233
vn -0.2838 0.0860 -0.9550
vn 0.2809 0.1193 -0.9523
vn 0.2797 0.1364 -0.9504
vn -0.2461 0.1095 -0.9630
vn -0.8656 -0.2838 0.4125
vn -0.8011 -0.5527 -0.2299
vn -0.8957 -0.2063 -0.3940
vn -0.9089 -0.0952 0.4060
vn -0.2312 -0.2607 -0.9373
vn 0.2751 -0.1618 -0.9477
vn 0.2765 -0.0822 -0.9575
vn -0.2726 -0.1622 -0.9484
vn 0.8974 0.0743 -0.4348
vn 0.8704 0.2550 0.4211
vn 0.8839 0.1803 0.4315
vn 0.8964 0.0727 -0.4373
vn -0.4064 -0.7416 0.5337
vn -0.4541 -0.6630 -0.5952
vn 0.4613 -0.6580 -0.5952
vn 0.4144 -0.7372 0.5337
vn -0.8907 -0.1311 0.4354
vn -0.8954 -0.0231 -0.4448
vn -0.9279 -0.0730 -0.3657
vn -0.8849 -0.3033 0.3536
vn 0.2757 -0.1182 0.9539
vn -0.2732 -0.1513 0.9500
vn -0.2586 -0.3716 0.8916
vn 0.1990 -0.3957 0.8966
vn 0.8949 0.0928 -0.4366
vn 0.8987 -0.0160 0.4382
vn 0.8669 -0.2547 0.4285
vn 0.8940 -0.0492 -0.4454
vn -0.9500 0.2876 0.1220
vn -0.9496 0.2445 -0.1961
vn -0.9624 0.1756 -0.2072
vn -0.9322 0.2549 0.2569
vn -0.9327 0.2531 0.2571
vn -0.9324 0.2546 0.2564
vn -0.1555 0.1308 -0.9791
vn 0.0746 -0.1186 -0.9901
vn -0.4169 -0.0173 -0.9088
vn -0.5717 0.2165 -0.7914
vn -0.1085 0.0222 0.9939
vn -0.3730 -0.0987 0.9226
vn -0.7299 0.1404 0.6690
vn -0.5559 0.1762 0.8124
vn -0.4040 -0.1238 -0.9064
vn 0.0219 -0.3129 -0.9495
vn 0.3564 -0.1780 -0.9172
vn -0.4058 -0.0534 -0.9124
vn 0.9532 -0.0270 -0.3010
vn 0.9489 -0.1002 0.2992
vn 0.9351 -0.1889 0.2998
vn 0.9631 -0.0589 -0.2627
vn 0.8445 -0.4628 -0.2695
vn 0.8740 -0.4686 0.1283
vn 0.9465 -0.1229 0.2984
vn 0.9376 -0.1839 -0.2953
vn 0.3652 0.1189 0.9233
vn -0.3952 0.2740 0.8768
vn 0.4056 0.0503 0.9127
vn -0.9331 0.2511 0.2573
vn -0.9544 0.1277 -0.2700
vn -0.9501 0.0991 -0.2959
vn -0.9410 0.1704 0.2922
vn 0.6942 -0.4277 -0.5790
vn 0.5183 -0.7411 0.4267
vn -0.4945 -0.7572 0.4267
vn -0.6802 -0.4495 -0.5790
vn 0.3997 -0.1463 0.9049
vn -0.3962 -0.1033 0.9123
vn -0.3806 -0.3476 0.8570
vn 0.3058 -0.3829 0.8717
vn -0.9546 0.0008 0.2977
vn -0.9508 0.0733 -0.3010
vn -0.9516 -0.0273 -0.3061
vn -0.9513 -0.1988 0.2356
vn 0.4048 0.0718 -0.9116
vn 0.4104 0.1184 -0.9042
vn -0.3609 0.1025 -0.9270
vn 0.1041 0.1845 0.9773
vn -0.0759 0.1284 0.9888
vn -0.1325 0.0971 0.9864
vn 0.1066 0.1086 0.9884
vn -0.6561 0.0105 0.7546
vn -0.6782 -0.3808 -0.6285
vn -0.6616 -0.1134 -0.7413
vn -0.6583 0.0567 0.7506
vn -0.1227 -0.1976 -0.9726
vn 0.1114 -0.1832 -0.9767
vn 0.1100 -0.1053 -0.9883
vn -0.1277 -0.1113 -0.9856
vn -0.1088 -0.1922 -0.9753
vn 0.0347 -0.2680 -0.9628
vn 0.1315 -0.1218 -0.9838
vn -0.1034 -0.1138 -0.9881
vn 0.6093 -0.2947 -0.7361
vn 0.7396 -0.1414 0.6580
vn 0.6247 0.0697 0.7777
vn 0.6239 -0.0961 -0.7756
vn 0.1240 0.1790 0.9760
vn -0.1041 0.1851 0.9772
vn 0.1304 0.1109 0.9852
vn 0.1650 0.8547 0.4923
vn -0.2457 0.8298 0.5011
vn -0.3972 -0.1366 0.9075
vn 0.3376 -0.1591 0.9277
vn -0.5747 0.7935 0.2004
vn -0.6133 0.7602 -0.2144
vn -0.9346 -0.1187 -0.3354
vn -0.9324 -0.0855 0.3510
vn 0.5140 0.8403 -0.1723
vn 0.4971 0.8515 0.1668
vn 0.9472 -0.0856 0.3090
vn 0.9436 -0.0713 -0.3232
vn -0.2830 0.7589 -0.5865
vn 0.1891 0.8072 -0.5592
vn 0.3233 -0.1642 -0.9320
vn -0.4093 -0.1888 -0.8926
vn -0.3218 0.3071 -0.8956
vn 0.3621 0.4547 -0.8137
vn 0.3827 -0.1818 -0.9058
vn -0.3211 -0.2248 -0.9200
vn 0.6816 0.6866 -0.2530
vn 0.6894 0.6777 0.2559
vn 0.9324 -0.1112 0.3440
vn 0.9269 -0.0924 -0.3637
vn -0.6956 0.6812 0.2284
vn -0.7777 0.5742 -0.2557
vn -0.9392 -0.1334 -0.3165
vn -0.9372 -0.0943 0.3358
vn 0.3476 0.5398 0.7667
vn -0.2689 0.5936 0.7585
vn -0.3075 -0.1721 0.9359
vn 0.4025 -0.1879 0.8959
vn -0.0998 0.9125 0.3968
vn 0.0813 0.9427 0.3236
vn -0.3973 0.8924 -0.2141
vn -0.4629 0.8478 0.2589
vn 0.2706 0.9507 0.1513
vn 0.3066 0.9374 -0.1652
vn 0.0923 0.9308 -0.3538
vn -0.0933 0.9292 -0.3575
vn 0.0575 0.9717 -0.2293
vn -0.0438 0.9837 -0.1747
vn 0.2650 0.9535 0.1432
vn 0.3556 0.9131 -0.1994
vn -0.1566 0.9837 -0.0878
vn -0.1888 0.9767 0.1020
vn -0.0517 0.9787 0.1985
vn 0.0513 0.9790 0.1971
vn 0.1644 0.8557 -0.4907
vn -0.2344 0.8475 -0.4762
vn 0.3919 0.9105 0.1322
vn 0.4293 0.8916 -0.1442
vn -0.3348 0.9354 -0.1141
vn -0.2147 0.9747 0.0624
vn -0.1399 0.9655 0.2196
vn 0.0908 0.9352 0.3424
vn -0.2350 0.7259 0.6464
vn 0.3132 0.6497 0.6927
vn -0.5643 0.8047 -0.1845
vn -0.5452 0.8191 0.1785
vn 0.4585 0.8728 0.1676
vn 0.3247 0.9383 -0.1194
vn 0.2544 0.8213 -0.5107
vn -0.2383 0.6976 -0.6758
vn 0.2133 0.5456 0.8105
vn -0.3593 0.1456 0.9218
vn -0.3586 0.1269 0.9248
vn 0.3586 0.1487 0.9216
usemtl Material.004
s 1
f 1/1/1 2/2/1 3/3/1 4/4/1 5/5/1 6/6/1 7/7/1 8/8/1
f 9/9/1 10/10/1 11/11/1 12/12/1
f 13/13/1 14/14/1 15/15/1 16/16/1
f 17/17/1 18/18/1 19/19/1
f 19/19/1 20/20/1 21/21/1 22/22/1 17/17/1
usemtl Material.001
f 23/23/2 24/24/3 25/25/4
f 26/26/5 24/24/5 27/27/5
f 24/24/6 28/28/6 29/29/6
f 24/24/7 30/30/8 25/25/9
f 31/31/10 32/32/11 33/33/12
f 31/31/13 34/34/14 35/35/15
f 35/35/16 36/36/16 37/37/16
f 35/35/17 38/38/18 32/32/19
f 38/38/20 39/39/21 40/40/22
f 36/36/23 39/39/23 37/37/23
f 39/39/24 41/41/24 42/42/24
f 39/39/25 43/43/26 40/40/27
f 44/44/28 45/45/29 46/46/30
f 44/44/31 47/47/32 48/48/33
f 48/48/34 26/49/34 27/50/34
f 48/48/35 23/51/36 45/45/37
f 46/46/38 49/52/39 50/53/39
f 23/51/40 49/52/40 45/45/40
f 51/54/41 52/55/41 49/52/41
f 50/53/42 52/55/42 53/56/42
f 54/57/43 55/58/44 56/59/45
f 28/60/46 57/61/46 54/57/46
f 57/61/47 26/62/47 47/63/47
f 55/58/48 47/63/49 58/64/50
f 53/56/51 59/65/51 60/66/51
f 61/67/52 59/65/52 52/55/52
f 62/68/53 63/69/53 59/65/53
f 60/66/54 63/69/54 64/70/54
f 33/33/55 65/71/56 66/72/56
f 38/38/57 65/71/57 32/32/57
f 67/73/58 68/74/58 65/71/58
f 66/72/59 68/74/59 69/75/59
f 25/25/60 51/76/60 23/23/60
f 25/25/61 70/77/61 71/78/61
f 71/78/62 72/79/62 73/80/62
f 71/78/63 61/81/63 51/76/63
f 40/40/64 67/73/64 38/38/64
f 40/40/65 74/82/65 75/83/65
f 75/83/66 76/84/66 77/85/66
f 75/83/67 78/86/67 67/73/67
f 79/87/68 80/88/68 81/89/68
f 82/90/69 83/91/69 79/87/69
f 69/75/70 84/92/70 85/93/70
f 78/86/71 84/92/71 68/74/71
f 86/94/72 79/87/72 84/92/72
f 85/93/73 79/87/73 81/89/73
f 77/85/74 86/94/74 78/86/74
f 77/85/75 87/95/75 88/96/75
f 88/96/76 89/97/76 90/98/76
f 88/96/77 82/90/77 86/94/77
f 73/80/78 62/99/78 61/81/78
f 73/80/79 91/100/79 92/101/79
f 92/101/80 93/102/80 94/103/80
f 92/101/81 95/104/81 62/99/81
f 90/98/82 96/105/82 82/90/82
f 90/98/83 97/106/83 98/107/83
f 94/103/84 99/108/84 95/104/84
f 94/103/85 100/109/85 101/110/85
f 63/69/86 102/111/86 64/70/86
f 95/112/87 103/113/87 63/69/87
f 89/97/88 104/114/88 97/106/88
f 105/115/89 102/111/89 104/114/89
f 72/79/90 106/116/90 91/100/90
f 69/75/91 106/116/91 107/117/91
f 85/93/92 108/118/92 106/116/92
f 91/100/93 108/118/93 93/102/93
f 93/102/94 109/119/94 100/109/94
f 108/118/95 80/88/95 109/119/95
f 30/30/96 110/120/96 70/77/96
f 33/33/97 110/120/98 111/121/97
f 66/72/99 107/117/99 110/120/99
f 70/77/100 107/117/100 72/79/100
f 76/84/101 112/122/101 87/95/101
f 53/56/102 112/122/102 113/123/102
f 60/66/103 105/115/103 112/122/103
f 87/95/104 105/115/104 89/97/104
f 36/36/105 114/124/105 115/125/105
f 34/126/106 55/58/107 114/124/108
f 55/58/109 116/127/110 114/124/111
f 114/124/112 41/41/112 115/125/112
f 43/43/113 117/128/113 74/82/113
f 46/46/114 117/128/115 118/129/114
f 50/53/116 113/123/116 117/128/116
f 74/82/117 113/123/117 76/84/117
f 43/43/118 119/130/119 118/129/120
f 41/41/121 119/130/121 42/42/121
f 116/131/122 44/44/123 119/130/124
f 118/129/125 44/44/126 46/46/127
f 30/30/128 120/132/129 111/121/130
f 28/28/131 120/132/131 29/29/131
f 54/133/132 31/31/133 120/132/134
f 111/121/135 31/31/136 33/33/137
f 23/23/2 27/27/138 24/24/3
f 26/26/139 121/134/139 24/24/139
f 24/24/140 121/134/140 28/28/140
f 24/24/7 29/29/141 30/30/8
f 31/31/10 35/35/142 32/32/11
f 31/31/13 56/135/143 34/34/14
f 35/35/144 34/34/144 36/36/144
f 35/35/17 37/37/145 38/38/18
f 38/38/20 37/37/146 39/39/21
f 36/36/147 115/125/147 39/39/147
f 39/39/148 115/125/148 41/41/148
f 39/39/25 42/42/149 43/43/26
f 44/44/28 48/48/150 45/45/29
f 44/44/31 58/136/151 47/47/32
f 48/48/152 47/47/152 26/49/152
f 48/48/35 27/50/153 23/51/36
f 46/46/38 45/45/38 49/52/39
f 23/51/40 51/54/40 49/52/40
f 51/54/41 61/67/41 52/55/41
f 50/53/42 49/52/42 52/55/42
f 54/57/43 57/61/154 55/58/44
f 28/60/155 121/137/155 57/61/155
f 57/61/156 121/137/156 26/62/156
f 55/58/48 57/61/157 47/63/49
f 53/56/51 52/55/51 59/65/51
f 61/67/52 62/68/158 59/65/52
f 62/68/53 95/112/53 63/69/53
f 60/66/54 59/65/54 63/69/54
f 33/33/55 32/32/55 65/71/56
f 38/38/57 67/73/57 65/71/57
f 67/73/58 78/86/58 68/74/58
f 66/72/59 65/71/59 68/74/59
f 25/25/60 71/78/60 51/76/60
f 25/25/61 30/30/61 70/77/61
f 71/78/62 70/77/62 72/79/62
f 71/78/63 73/80/63 61/81/63
f 40/40/64 75/83/64 67/73/64
f 40/40/65 43/43/65 74/82/65
f 75/83/66 74/82/66 76/84/66
f 75/83/67 77/85/67 78/86/67
f 79/87/159 83/91/159 80/88/159
f 82/90/160 96/105/160 83/91/160
f 69/75/70 68/74/70 84/92/70
f 78/86/71 86/94/161 84/92/71
f 86/94/72 82/90/72 79/87/72
f 85/93/73 84/92/73 79/87/73
f 77/85/74 88/96/74 86/94/74
f 77/85/75 76/84/75 87/95/75
f 88/96/76 87/95/76 89/97/76
f 88/96/77 90/98/77 82/90/77
f 73/80/78 92/101/78 62/99/78
f 73/80/79 72/79/79 91/100/79
f 92/101/80 91/100/80 93/102/80
f 92/101/81 94/103/81 95/104/81
f 90/98/162 98/107/162 96/105/162
f 90/98/163 89/97/163 97/106/163
f 94/103/164 101/110/164 99/108/164
f 94/103/165 93/102/165 100/109/165
f 63/69/166 103/113/166 102/111/166
f 95/112/167 99/138/167 103/113/167
f 89/97/168 105/115/168 104/114/168
f 105/115/169 64/70/169 102/111/169
f 72/79/90 107/117/90 106/116/90
f 69/75/91 85/93/170 106/116/91
f 85/93/92 81/89/92 108/118/92
f 91/100/93 106/116/93 108/118/93
f 93/102/171 108/118/171 109/119/171
f 108/118/172 81/89/172 80/88/172
f 30/30/96 111/121/96 110/120/96
f 33/33/97 66/72/98 110/120/98
f 66/72/99 69/75/99 107/117/99
f 70/77/100 110/120/100 107/117/100
f 76/84/101 113/123/101 112/122/101
f 53/56/102 60/66/173 112/122/102
f 60/66/103 64/70/103 105/115/103
f 87/95/104 112/122/104 105/115/104
f 36/36/174 34/126/174 114/124/174
f 34/126/106 56/59/175 55/58/107
f 55/58/109 58/64/176 116/127/110
f 114/124/177 116/127/177 41/41/177
f 43/43/113 118/129/113 117/128/113
f 46/46/114 50/53/115 117/128/115
f 50/53/116 53/56/116 113/123/116
f 74/82/117 117/128/117 113/123/117
f 43/43/118 42/42/178 119/130/119
f 41/41/179 116/131/179 119/130/179
f 116/131/122 58/136/180 44/44/123
f 118/129/125 119/130/181 44/44/126
f 30/30/128 29/29/182 120/132/129
f 28/28/183 54/133/183 120/132/183
f 54/133/132 56/135/184 31/31/133
f 111/121/135 120/132/185 31/31/136
usemtl Material.002
f 96/105/186 122/139/186 83/91/186
f 83/91/187 123/140/187 80/88/187
f 124/141/188 125/142/188 126/143/188
f 124/141/189 127/144/189 128/145/189
f 128/145/190 129/146/191 130/147/192
f 128/145/193 131/148/194 125/142/195
f 98/107/196 132/149/196 124/141/196
f 98/107/197 126/143/197 96/105/197
f 101/110/198 133/150/198 134/151/198
f 101/110/199 135/152/199 99/108/199
f 99/138/200 136/153/200 103/113/200
f 103/113/201 137/154/201 102/111/201
f 138/155/202 139/156/203 140/157/204
f 141/158/205 142/159/205 139/156/205
f 139/156/206 143/160/206 144/161/206
f 140/157/204 144/161/207 145/162/208
f 134/151/209 146/163/209 135/152/209
f 134/151/210 147/164/210 148/165/210
f 148/165/211 149/166/212 150/167/213
f 148/165/214 151/168/215 146/163/216
f 136/153/217 152/169/218 137/154/219
f 135/170/220 153/171/220 136/153/220
f 146/172/221 154/173/221 153/171/221
f 153/171/222 155/174/222 152/169/222
f 122/139/223 156/175/224 123/140/225
f 126/143/226 157/176/226 122/139/226
f 125/142/227 158/177/227 157/176/227
f 157/176/228 159/178/228 156/175/228
f 160/179/229 161/180/229 162/181/229
f 160/179/230 163/182/230 164/183/230
f 165/184/231 166/185/232 167/186/233
f 168/187/234 169/188/234 166/185/234
f 166/185/235 170/189/235 171/190/235
f 167/186/233 171/190/236 172/191/237
f 173/192/238 169/188/238 174/193/238
f 173/192/239 175/194/239 176/195/239
f 175/194/240 177/196/241 176/195/242
f 169/188/243 177/196/244 170/189/245
f 178/197/246 142/198/246 179/199/246
f 178/197/247 180/200/247 181/201/247
f 180/200/248 182/202/249 181/201/250
f 142/198/251 182/202/252 143/203/253
f 162/181/254 183/204/254 163/182/255
f 162/181/256 184/205/256 185/206/257
f 185/206/258 186/207/259 187/208/260
f 185/206/261 188/209/262 183/204/263
f 189/210/264 190/211/264 191/212/265
f 189/210/266 192/213/266 193/214/266
f 193/215/267 194/216/267 195/217/267
f 195/217/268 196/218/268 197/219/268
f 164/183/269 198/220/269 199/221/269
f 200/222/270 198/220/270 201/223/270
f 202/224/271 201/223/271 203/225/271
f 204/226/272 203/225/273 190/211/274
f 197/219/275 205/227/275 206/228/275
f 207/229/276 205/227/277 161/180/278
f 191/212/279 208/230/280 192/213/281
f 191/212/282 209/231/283 210/232/284
f 210/232/285 211/233/286 212/234/287
f 210/232/288 213/235/289 208/230/290
f 214/236/291 180/200/291 215/237/291
f 165/184/292 216/238/292 214/236/292
f 167/186/293 217/239/294 216/238/295
f 216/238/296 218/240/296 180/200/296
f 133/150/297 219/241/297 147/164/297
f 220/242/298 156/175/298 219/241/298
f 219/241/299 159/178/299 221/243/299
f 147/164/300 221/243/300 149/166/300
f 132/149/301 222/244/301 127/144/301
f 223/245/302 152/169/302 222/244/302
f 222/244/303 155/174/303 224/246/303
f 127/144/304 224/246/304 129/146/304
f 225/247/305 175/194/305 226/248/305
f 138/155/306 227/249/306 225/247/306
f 140/157/307 228/250/308 227/249/309
f 227/249/310 229/251/310 175/194/310
f 104/114/311 137/154/312 223/245/313
f 97/106/314 223/245/314 132/149/314
f 109/119/315 123/140/316 220/242/317
f 100/109/318 220/242/318 133/150/318
f 190/211/274 230/252/319 209/231/320
f 203/225/321 231/253/322 230/252/323
f 230/252/324 232/254/324 233/255/324
f 209/231/325 233/255/326 211/233/327
f 194/216/328 234/256/328 196/218/328
f 192/257/329 235/258/330 194/216/331
f 208/259/332 236/260/333 235/258/334
f 235/258/335 237/261/336 234/256/337
f 238/262/338 231/263/338 201/264/338
f 238/262/339 234/265/339 239/266/339
f 234/265/340 240/267/341 239/266/342
f 231/263/343 240/267/344 232/268/345
f 198/220/346 241/269/346 201/223/346
f 163/182/347 242/270/348 198/220/349
f 183/204/350 243/271/351 242/270/352
f 242/270/353 244/272/354 241/269/355
f 161/180/278 245/273/356 184/205/357
f 205/227/358 246/274/359 245/273/360
f 245/273/361 247/275/361 248/276/361
f 184/205/362 248/276/363 186/207/364
f 238/262/365 246/277/365 196/278/365
f 238/262/366 241/279/366 249/280/366
f 241/279/367 250/281/368 249/280/369
f 246/277/370 250/281/371 247/282/372
f 129/146/373 251/283/373 252/284/373
f 224/246/374 253/285/374 251/283/374
f 253/285/375 225/247/375 251/283/375
f 252/284/376 225/247/376 226/248/376
f 149/166/377 254/286/377 255/287/377
f 221/243/378 256/288/378 254/286/378
f 256/288/379 214/236/380 254/286/381
f 255/287/382 214/236/382 215/237/382
f 178/197/383 257/289/383 215/237/383
f 178/197/384 258/290/384 259/291/384
f 259/291/385 260/292/385 261/293/385
f 259/291/386 262/294/386 257/289/386
f 174/193/387 263/295/387 264/296/387
f 265/297/388 266/298/389 263/295/390
f 263/295/391 267/299/391 268/300/391
f 264/296/392 268/300/392 269/301/392
f 158/177/393 256/288/393 159/178/393
f 131/148/394 270/302/394 158/177/394
f 265/297/395 168/187/395 270/302/395
f 256/288/396 168/187/396 165/184/396
f 154/173/397 253/285/397 155/174/397
f 151/303/398 271/304/398 154/173/398
f 272/305/399 141/158/400 271/304/401
f 253/285/402 141/158/402 138/155/402
f 179/306/403 273/307/403 258/308/403
f 272/305/404 274/309/404 273/307/404
f 273/307/405 275/310/405 276/311/405
f 258/308/406 276/311/406 260/312/406
f 255/287/407 277/313/407 149/166/407
f 215/237/408 278/314/408 255/287/408
f 257/289/409 279/315/409 278/314/409
f 278/314/410 280/316/410 277/313/410
f 150/167/411 274/317/411 151/168/411
f 150/167/412 277/313/412 281/318/412
f 281/318/413 280/316/413 282/319/413
f 281/318/414 275/320/414 274/317/414
f 173/192/415 283/321/415 226/248/415
f 173/192/416 264/296/416 284/322/416
f 284/322/417 269/301/417 285/323/417
f 284/322/418 286/324/418 283/321/418
f 130/147/419 266/298/419 131/148/419
f 130/147/420 287/325/420 288/326/420
f 288/326/421 289/327/422 290/328/423
f 288/326/424 267/299/424 266/298/424
f 252/284/425 287/325/426 129/146/427
f 226/248/428 291/329/428 252/284/428
f 283/321/429 292/330/429 291/329/429
f 291/329/430 289/327/430 287/325/430
f 211/233/431 293/331/432 294/332/433
f 233/255/434 295/333/435 293/331/436
f 232/268/437 296/334/437 295/335/437
f 237/336/438 296/334/438 240/267/438
f 212/234/439 297/337/439 213/235/439
f 212/234/440 294/332/440 298/338/440
f 236/260/441 299/339/442 237/261/443
f 213/340/444 300/341/445 236/260/446
f 186/207/447 301/342/448 302/343/449
f 248/276/450 303/344/451 301/342/452
f 247/282/453 304/345/453 303/346/453
f 244/347/454 304/345/454 250/281/454
f 187/208/455 305/348/455 188/209/455
f 187/208/456 302/343/456 306/349/456
f 243/271/457 307/350/458 244/272/459
f 188/209/460 308/351/461 243/271/462
f 268/300/463 309/352/463 269/301/463
f 267/299/464 310/353/464 268/300/464
f 290/328/465 311/354/466 267/299/467
f 290/328/468 312/355/468 313/356/468
f 286/324/469 314/357/469 315/358/469
f 285/323/470 309/352/470 314/357/470
f 289/327/471 316/359/471 312/355/471
f 292/330/472 315/358/472 316/359/472
f 276/311/473 317/360/473 260/312/473
f 275/310/474 318/361/474 276/311/474
f 282/319/475 319/362/475 275/320/475
f 282/319/476 320/363/476 321/364/476
f 261/293/477 322/365/477 262/294/477
f 260/292/478 323/366/478 261/293/478
f 280/316/479 324/367/479 320/363/479
f 279/315/480 322/365/480 324/367/480
f 170/189/481 325/368/481 326/369/481
f 229/251/482 325/368/482 177/196/482
f 327/370/483 328/371/483 325/368/483
f 326/369/484 328/371/484 329/372/484
f 143/203/485 330/373/485 331/374/485
f 218/240/486 330/373/486 182/202/486
f 332/375/487 333/376/487 330/373/487
f 331/374/488 333/376/488 334/377/488
f 145/162/489 335/378/489 336/379/489
f 144/161/490 331/380/490 335/378/490
f 335/378/491 334/381/491 337/382/491
f 336/379/492 337/382/492 338/383/492
f 172/191/493 339/384/493 340/385/493
f 171/190/494 326/369/494 339/384/494
f 339/384/495 329/372/495 341/386/495
f 340/385/496 341/386/496 342/387/496
f 217/239/497 332/375/497 218/240/497
f 172/191/498 343/388/498 217/239/498
f 340/385/499 344/389/499 343/388/499
f 343/388/500 345/390/500 332/375/500
f 228/250/501 327/370/501 229/251/501
f 145/162/502 346/391/502 228/250/502
f 336/379/503 347/392/503 346/391/503
f 346/391/504 348/393/504 327/370/504
f 96/105/505 126/143/505 122/139/505
f 83/91/506 122/139/223 123/140/225
f 124/141/507 128/145/507 125/142/507
f 124/141/508 132/149/508 127/144/508
f 128/145/190 127/144/509 129/146/191
f 128/145/193 130/147/510 131/148/194
f 98/107/511 97/106/511 132/149/511
f 98/107/512 124/141/512 126/143/512
f 101/110/513 100/109/513 133/150/513
f 101/110/514 134/151/514 135/152/514
f 99/138/515 135/170/515 136/153/515
f 103/113/516 136/153/217 137/154/219
f 138/155/517 141/158/517 139/156/517
f 141/158/518 179/306/518 142/159/518
f 139/156/519 142/159/519 143/160/519
f 140/157/204 139/156/203 144/161/207
f 134/151/520 148/165/520 146/163/520
f 134/151/521 133/150/521 147/164/521
f 148/165/211 147/164/522 149/166/212
f 148/165/214 150/167/523 151/168/215
f 136/153/524 153/171/524 152/169/524
f 135/170/525 146/172/525 153/171/525
f 146/172/526 151/303/526 154/173/526
f 153/171/527 154/173/527 155/174/527
f 122/139/528 157/176/528 156/175/528
f 126/143/529 125/142/529 157/176/529
f 125/142/530 131/148/530 158/177/530
f 157/176/531 158/177/531 159/178/531
f 160/179/229 207/229/229 161/180/229
f 160/179/230 162/181/230 163/182/230
f 165/184/532 168/187/532 166/185/532
f 168/187/533 174/193/533 169/188/533
f 166/185/534 169/188/534 170/189/534
f 167/186/233 166/185/232 171/190/236
f 173/192/535 176/195/535 169/188/535
f 173/192/536 226/248/536 175/194/536
f 175/194/240 229/251/537 177/196/241
f 169/188/243 176/195/538 177/196/244
f 178/197/539 181/201/539 142/198/539
f 178/197/540 215/237/540 180/200/540
f 180/200/248 218/240/541 182/202/249
f 142/198/251 181/201/542 182/202/252
f 162/181/254 185/206/543 183/204/254
f 162/181/256 161/180/544 184/205/256
f 185/206/258 184/205/545 186/207/259
f 185/206/261 187/208/546 188/209/262
f 189/210/264 204/226/264 190/211/264
f 189/210/266 191/212/266 192/213/266
f 193/215/547 192/257/329 194/216/331
f 195/217/548 194/216/548 196/218/548
f 164/183/549 163/182/347 198/220/349
f 200/222/550 199/221/550 198/220/550
f 202/224/551 200/222/551 201/223/551
f 204/226/552 202/224/552 203/225/552
f 197/219/553 196/218/553 205/227/553
f 207/229/554 206/228/554 205/227/554
f 191/212/279 210/232/555 208/230/280
f 191/212/282 190/211/556 209/231/283
f 210/232/285 209/231/557 211/233/286
f 210/232/288 212/234/558 213/235/289
f 214/236/559 216/238/559 180/200/559
f 165/184/560 167/186/293 216/238/295
f 167/186/293 172/191/561 217/239/294
f 216/238/562 217/239/562 218/240/562
f 133/150/563 220/242/563 219/241/563
f 220/242/317 123/140/316 156/175/564
f 219/241/565 156/175/565 159/178/565
f 147/164/566 219/241/566 221/243/566
f 132/149/567 223/245/567 222/244/567
f 223/245/313 137/154/312 152/169/568
f 222/244/569 152/169/569 155/174/569
f 127/144/570 222/244/570 224/246/570
f 225/247/571 227/249/571 175/194/571
f 138/155/572 140/157/307 227/249/309
f 140/157/307 145/162/573 228/250/308
f 227/249/574 228/250/574 229/251/574
f 104/114/575 102/111/575 137/154/575
f 97/106/576 104/114/576 223/245/576
f 109/119/577 80/88/577 123/140/577
f 100/109/578 109/119/578 220/242/578
f 190/211/274 203/225/273 230/252/319
f 203/225/579 201/223/579 231/253/579
f 230/252/323 231/253/322 232/254/580
f 209/231/325 230/252/581 233/255/326
f 194/216/582 235/258/335 234/256/337
f 192/257/329 208/259/583 235/258/330
f 208/259/332 213/340/584 236/260/333
f 235/258/585 236/260/585 237/261/585
f 238/262/586 239/266/586 231/263/586
f 238/262/587 196/278/587 234/265/587
f 234/265/340 237/336/588 240/267/341
f 231/263/343 239/266/589 240/267/344
f 198/220/590 242/270/353 241/269/355
f 163/182/347 183/204/591 242/270/348
f 183/204/350 188/209/592 243/271/351
f 242/270/593 243/271/593 244/272/593
f 161/180/278 205/227/277 245/273/356
f 205/227/594 196/218/594 246/274/594
f 245/273/360 246/274/359 247/275/595
f 184/205/362 245/273/596 248/276/363
f 238/262/597 249/280/597 246/277/597
f 238/262/598 201/264/598 241/279/598
f 241/279/367 244/347/599 250/281/368
f 246/277/370 249/280/600 250/281/371
f 129/146/601 224/246/601 251/283/601
f 224/246/602 155/174/602 253/285/602
f 253/285/603 138/155/603 225/247/603
f 252/284/604 251/283/604 225/247/604
f 149/166/605 221/243/605 254/286/605
f 221/243/606 159/178/606 256/288/606
f 256/288/607 165/184/607 214/236/607
f 255/287/608 254/286/381 214/236/380
f 178/197/609 259/291/609 257/289/609
f 178/197/610 179/199/610 258/290/610
f 259/291/611 258/290/611 260/292/611
f 259/291/612 261/293/612 262/294/612
f 174/193/613 265/297/613 263/295/613
f 265/297/388 131/148/614 266/298/389
f 263/295/615 266/298/615 267/299/615
f 264/296/616 263/295/616 268/300/616
f 158/177/617 270/302/617 256/288/617
f 131/148/618 265/297/618 270/302/618
f 265/297/619 174/193/619 168/187/619
f 256/288/620 270/302/620 168/187/620
f 154/173/621 271/304/621 253/285/621
f 151/303/622 272/305/622 271/304/622
f 272/305/623 179/306/623 141/158/623
f 253/285/624 271/304/401 141/158/400
f 179/306/625 272/305/625 273/307/625
f 272/305/626 151/303/626 274/309/626
f 273/307/627 274/309/627 275/310/627
f 258/308/628 273/307/628 276/311/628
f 255/287/629 278/314/629 277/313/629
f 215/237/630 257/289/630 278/314/630
f 257/289/631 262/294/631 279/315/631
f 278/314/632 279/315/632 280/316/632
f 150/167/633 281/318/633 274/317/633
f 150/167/634 149/166/634 277/313/634
f 281/318/635 277/313/635 280/316/635
f 281/318/636 282/319/636 275/320/636
f 173/192/637 284/322/637 283/321/637
f 173/192/638 174/193/638 264/296/638
f 284/322/639 264/296/639 269/301/639
f 284/322/640 285/323/640 286/324/640
f 130/147/641 288/326/641 266/298/641
f 130/147/642 129/146/642 287/325/642
f 288/326/643 287/325/643 289/327/643
f 288/326/644 290/328/465 267/299/467
f 252/284/425 291/329/645 287/325/426
f 226/248/646 283/321/646 291/329/646
f 283/321/647 286/324/647 292/330/647
f 291/329/648 292/330/648 289/327/648
f 211/233/431 233/255/649 293/331/432
f 233/255/434 232/254/650 295/333/435
f 232/268/651 240/267/651 296/334/651
f 237/336/652 299/394/652 296/334/652
f 212/234/653 298/338/653 297/337/653
f 212/234/654 211/233/654 294/332/654
f 236/260/441 300/341/655 299/339/442
f 213/340/444 297/395/656 300/341/445
f 186/207/447 248/276/657 301/342/448
f 248/276/450 247/275/658 303/344/451
f 247/282/659 250/281/659 304/345/659
f 244/347/660 307/396/660 304/345/660
f 187/208/661 306/349/661 305/348/661
f 187/208/662 186/207/662 302/343/662
f 243/271/457 308/351/663 307/350/458
f 188/209/460 305/348/664 308/351/461
f 268/300/665 310/353/665 309/352/665
f 267/299/666 311/354/666 310/353/666
f 290/328/667 313/356/667 311/354/667
f 290/328/423 289/327/422 312/355/668
f 286/324/669 285/323/669 314/357/669
f 285/323/670 269/301/670 309/352/670
f 289/327/671 292/330/671 316/359/671
f 292/330/672 286/324/672 315/358/672
f 276/311/673 318/361/673 317/360/673
f 275/310/674 319/397/674 318/361/674
f 282/319/675 321/364/675 319/362/675
f 282/319/676 280/316/676 320/363/676
f 261/293/677 323/366/677 322/365/677
f 260/292/678 317/398/678 323/366/678
f 280/316/679 279/315/679 324/367/679
f 279/315/680 262/294/680 322/365/680
f 170/189/481 177/196/481 325/368/481
f 229/251/482 327/370/482 325/368/482
f 327/370/483 348/393/483 328/371/483
f 326/369/484 325/368/484 328/371/484
f 143/203/485 182/202/485 330/373/485
f 218/240/486 332/375/486 330/373/486
f 332/375/487 345/390/487 333/376/487
f 331/374/488 330/373/488 333/376/488
f 145/162/489 144/161/489 335/378/489
f 144/161/490 143/160/490 331/380/490
f 335/378/491 331/380/491 334/381/491
f 336/379/492 335/378/492 337/382/492
f 172/191/493 171/190/493 339/384/493
f 171/190/494 170/189/494 326/369/494
f 339/384/495 326/369/495 329/372/495
f 340/385/496 339/384/496 341/386/496
f 217/239/497 343/388/497 332/375/497
f 172/191/498 340/385/498 343/388/498
f 340/385/499 342/387/499 344/389/499
f 343/388/500 344/389/500 345/390/500
f 228/250/501 346/391/501 327/370/501
f 145/162/502 336/379/502 346/391/502
f 336/379/503 338/383/503 347/392/503
f 346/391/504 347/392/504 348/393/504
f 349/399/681 350/400/681 351/401/681
f 352/402/682 350/400/682 353/403/682
f 350/400/683 354/404/683 355/405/683
f 351/401/684 355/405/684 356/406/684
f 356/406/685 357/407/686 358/408/687
f 354/404/688 357/407/688 355/405/688
f 357/407/689 359/409/689 360/410/689
f 357/407/690 361/411/691 358/408/692
f 360/410/693 362/412/693 361/411/693
f 359/409/694 363/413/694 360/410/694
f 363/413/695 364/414/695 365/415/695
f 363/413/696 366/416/696 362/412/696
f 365/415/697 367/417/698 366/416/699
f 364/414/700 368/418/700 365/415/700
f 368/418/701 352/419/701 353/420/701
f 367/417/702 353/420/703 349/421/704
f 369/422/705 370/423/705 371/424/705
f 372/425/706 373/426/706 369/422/706
f 374/427/707 375/428/708 373/426/709
f 373/426/710 376/429/710 370/423/710
f 359/409/711 377/430/711 378/431/712
f 354/432/713 377/430/713 379/433/714
f 377/430/715 352/434/715 380/435/716
f 377/430/717 364/414/717 378/431/718
f 381/436/719 382/437/720 383/438/721
f 381/436/722 384/439/723 385/440/724
f 385/440/725 386/441/725 387/442/725
f 385/440/726 388/443/726 382/437/726
f 389/444/727 390/445/727 391/446/728
f 392/447/729 390/445/730 393/448/731
f 394/449/732 395/450/732 390/445/732
f 391/446/733 395/450/733 396/451/733
f 397/452/734 398/453/735 399/454/736
f 397/452/737 400/455/738 401/456/739
f 401/456/740 402/457/740 403/458/740
f 401/456/741 404/459/741 398/453/741
f 405/460/742 406/461/742 407/462/742
f 405/460/743 408/463/743 409/464/743
f 408/463/744 410/465/744 409/464/744
f 406/461/745 410/465/745 411/466/745
f 412/467/746 413/468/746 414/469/746
f 376/429/747 413/468/747 415/470/747
f 413/468/748 416/471/748 417/472/748
f 413/468/749 418/473/749 414/469/749
f 407/462/750 419/474/750 420/475/750
f 421/476/751 422/477/751 419/474/751
f 419/474/752 412/467/752 414/469/752
f 420/475/753 414/469/754 418/473/755
f 405/460/756 374/427/756 372/425/756
f 405/460/757 420/475/757 423/478/757
f 423/478/758 418/473/758 417/472/758
f 423/478/759 416/471/759 374/427/759
f 424/479/760 422/477/760 425/480/760
f 424/479/761 370/423/761 426/481/761
f 426/481/762 376/429/762 415/470/762
f 426/481/763 412/467/763 422/477/763
f 427/482/764 428/483/765 429/484/766 430/485/767
f 366/416/768 431/486/768 432/487/768 427/482/768
f 431/486/769 349/421/769 433/488/769 434/489/769
f 435/490/770 436/491/771 437/492/772
f 361/411/773 438/493/773 435/490/773
f 362/412/774 427/482/774 438/493/774
f 438/493/775 430/485/775 436/491/775
f 439/494/776 440/495/777 441/496/778
f 442/497/779 358/408/780 440/495/777
f 358/408/781 435/490/782 440/495/783
f 440/495/783 437/492/784 441/496/785
f 443/498/786 444/499/786 445/500/786
f 433/501/787 351/401/787 444/499/787
f 444/499/788 356/406/788 442/497/788
f 445/500/789 442/497/790 439/494/791
f 411/502/792 446/503/792 447/504/792
f 448/505/793 445/500/793 446/503/793
f 446/503/794 439/494/795 449/506/796
f 447/504/797 449/506/797 450/507/797
f 449/506/798 451/508/798 450/507/798
f 449/506/799 441/496/799 452/509/799
f 441/496/800 453/510/800 452/509/800
f 451/508/801 453/510/801 454/511/801
f 453/510/802 455/512/802 454/511/802
f 437/492/803 456/513/804 453/510/805
f 436/491/806 457/514/806 456/513/806
f 456/513/807 458/515/807 455/512/807
f 457/514/808 410/516/808 458/515/808
f 430/485/809 459/517/809 457/514/809
f 459/517/810 443/518/810 448/519/810
f 410/516/811 448/519/811 411/520/811
f 460/521/812 461/522/812 395/450/812
f 462/523/813 461/522/814 463/524/814
f 461/522/815 464/525/816 465/526/815
f 461/522/817 396/451/817 395/450/817
f 466/527/818 467/528/819 468/529/820
f 469/530/821 467/528/821 470/531/822
f 471/532/823 472/533/823 467/528/823
f 468/529/824 472/533/824 462/523/824
f 473/534/825 471/535/826 469/536/826
f 473/534/827 391/446/828 474/537/829
f 474/537/830 396/451/830 465/538/830
f 474/537/831 464/539/831 471/535/831
f 475/540/832 394/449/833 392/447/834
f 475/540/835 468/529/836 476/541/835
f 476/541/837 462/523/837 463/524/837
f 476/541/838 460/521/838 394/449/838
f 477/542/839 478/543/839 479/544/839
f 480/545/840 478/543/841 481/546/841
f 478/543/842 404/459/843 403/458/842
f 478/543/844 402/457/844 479/544/844
f 482/547/845 483/548/845 484/549/845
f 399/454/846 483/548/846 485/550/846
f 398/453/847 486/551/847 483/548/847
f 484/549/848 486/551/848 480/545/848
f 487/552/849 488/553/850 489/554/851
f 487/552/852 484/549/853 490/555/854
f 490/555/855 480/545/855 481/546/855
f 490/555/856 477/542/856 488/553/856
f 491/556/857 492/557/858 400/455/859
f 489/554/860 492/557/861 493/558/862
f 488/553/863 479/544/863 492/557/863
f 400/455/864 479/544/864 402/457/864
f 494/559/865 495/560/865 496/561/865
f 497/562/866 495/560/867 498/563/868
f 495/560/869 388/564/870 387/565/869
f 495/560/871 386/566/871 496/561/871
f 499/567/872 500/568/872 384/569/872
f 501/570/873 500/568/874 502/571/875
f 503/572/876 496/561/876 500/568/876
f 384/569/877 496/561/877 386/566/877
f 504/573/878 503/572/879 501/570/880
f 504/573/881 505/574/882 506/575/883
f 506/575/884 497/562/884 498/563/884
f 506/575/885 494/559/885 503/572/885
f 507/576/886 508/577/887 505/574/888
f 383/578/889 508/577/890 509/579/891
f 382/580/892 510/581/892 508/577/892
f 505/574/893 510/581/893 497/562/893
f 407/462/894 511/582/894 512/583/894
f 411/466/895 511/582/895 406/461/895
f 513/584/896 509/579/896 511/582/896
f 512/583/897 509/579/897 507/576/897
f 425/480/898 514/585/898 515/586/898
f 421/476/899 512/583/899 514/585/899
f 514/585/900 507/576/900 504/573/900
f 515/586/901 504/573/901 501/570/901
f 516/587/902 517/588/902 450/589/902
f 516/587/903 515/586/903 518/590/903
f 515/586/904 502/571/875 518/590/905
f 517/588/906 502/571/906 499/567/906
f 447/504/907 513/591/908 411/502/909
f 447/504/910 517/592/910 519/593/910
f 517/592/911 381/436/911 519/593/911
f 519/593/912 383/438/912 513/591/912
f 458/515/913 520/594/914 521/595/915
f 372/425/916 520/594/916 408/463/916
f 522/596/917 493/558/917 520/594/917
f 521/595/918 493/558/918 491/556/918
f 369/422/919 522/596/919 372/425/919
f 371/424/920 523/597/920 369/422/920
f 524/598/921 487/552/921 523/597/921
f 523/597/922 489/554/922 522/596/922
f 525/599/923 524/598/923 371/424/923
f 525/599/924 526/600/924 527/601/924
f 526/600/925 485/550/925 527/601/925
f 524/598/926 485/550/927 482/547/928
f 455/512/929 526/600/929 454/511/929
f 455/512/930 521/595/930 528/602/930
f 528/602/931 491/556/931 397/452/931
f 526/600/932 397/452/932 399/454/932
f 424/479/933 529/603/933 371/424/933
f 424/479/934 530/604/934 531/605/934
f 531/605/935 466/527/936 475/540/835
f 531/605/937 392/447/937 529/603/937
f 451/508/938 532/606/938 450/507/938
f 451/508/939 533/607/939 534/608/939
f 534/608/940 389/444/940 473/534/940
f 534/608/941 469/536/941 532/606/941
f 516/587/942 530/604/942 425/480/942
f 516/587/943 532/609/943 535/610/943
f 532/609/944 470/531/945 535/610/946
f 535/610/947 466/527/947 530/604/947
f 525/599/948 533/607/948 454/511/948
f 525/599/949 529/603/949 536/611/949
f 536/611/950 392/447/729 393/448/731
f 533/607/951 393/448/952 389/444/953
f 349/399/954 353/403/954 350/400/954
f 352/402/955 537/612/955 350/400/955
f 350/400/956 537/612/956 354/404/956
f 351/401/957 350/400/957 355/405/957
f 356/406/685 355/405/958 357/407/686
f 354/404/959 379/613/959 357/407/959
f 357/407/960 379/613/960 359/409/960
f 357/407/690 360/410/961 361/411/691
f 360/410/962 363/413/962 362/412/962
f 359/409/963 378/431/963 363/413/963
f 363/413/964 378/431/964 364/414/964
f 363/413/965 365/415/965 366/416/965
f 365/415/697 368/418/966 367/417/698
f 364/414/967 380/614/967 368/418/967
f 368/418/968 380/614/968 352/419/968
f 367/417/702 368/418/969 353/420/703
f 369/422/970 373/426/970 370/423/970
f 372/425/971 374/427/971 373/426/971
f 374/427/707 416/471/972 375/428/708
f 373/426/973 375/428/973 376/429/973
f 359/409/711 379/433/974 377/430/711
f 354/432/713 537/615/975 377/430/713
f 377/430/715 537/615/976 352/434/715
f 377/430/717 380/435/977 364/414/717
f 381/436/719 385/440/978 382/437/720
f 381/436/722 499/616/979 384/439/723
f 385/440/980 384/439/980 386/441/980
f 385/440/981 387/442/981 388/443/981
f 389/444/727 393/448/982 390/445/727
f 392/447/729 394/449/983 390/445/730
f 394/449/984 460/521/984 395/450/984
f 391/446/985 390/445/985 395/450/985
f 397/452/734 401/456/986 398/453/735
f 397/452/737 491/556/987 400/455/738
f 401/456/988 400/455/988 402/457/988
f 401/456/989 403/458/989 404/459/989
f 405/460/990 409/464/990 406/461/990
f 405/460/991 372/425/991 408/463/991
f 408/463/992 458/515/992 410/465/992
f 406/461/993 409/464/993 410/465/993
f 412/467/994 415/470/994 413/468/994
f 376/429/995 375/428/995 413/468/995
f 413/468/996 375/428/996 416/471/996
f 413/468/997 417/472/997 418/473/997
f 407/462/998 421/476/998 419/474/998
f 421/476/999 425/480/999 422/477/999
f 419/474/1000 422/477/1000 412/467/1000
f 420/475/753 419/474/1001 414/469/754
f 405/460/1002 423/478/1002 374/427/1002
f 405/460/1003 407/462/1003 420/475/1003
f 423/478/1004 420/475/1004 418/473/1004
f 423/478/1005 417/472/1005 416/471/1005
f 424/479/1006 426/481/1006 422/477/1006
f 424/479/1007 371/424/1007 370/423/1007
f 426/481/1008 370/423/1008 376/429/1008
f 426/481/1009 415/470/1009 412/467/1009
f 427/482/1010 432/487/1011 538/617/1012
f 366/416/1013 367/417/1013 539/618/1013 540/619/1014 431/486/1014
f 435/490/1015 438/493/1015 436/491/1015
f 361/411/1016 362/412/1016 438/493/1016
f 362/412/1017 366/416/1017 427/482/1017
f 438/493/1018 427/482/1018 430/485/1018
f 439/494/776 442/497/779 440/495/777
f 442/497/779 356/406/1019 358/408/780
f 358/408/781 361/411/1020 435/490/782
f 440/495/783 435/490/782 437/492/784
f 443/498/1021 433/501/1021 444/499/1021
f 433/501/1022 349/399/1022 351/401/1022
f 444/499/1023 351/401/1023 356/406/1023
f 445/500/1024 444/499/1024 442/497/1024
f 411/502/1025 448/505/1025 446/503/1025
f 448/505/1026 443/498/1026 445/500/1026
f 446/503/1027 445/500/789 439/494/791
f 447/504/1028 446/503/794 449/506/796
f 449/506/1029 452/509/1029 451/508/1029
f 449/506/1030 439/494/1030 441/496/1030
f 441/496/1031 437/492/1031 453/510/1031
f 451/508/1032 452/509/1032 453/510/1032
f 453/510/805 456/513/804 455/512/1033
f 437/492/772 436/491/771 456/513/1034
f 436/491/1035 430/485/1035 457/514/1035
f 456/513/1036 457/514/1036 458/515/1036
f 457/514/1037 459/517/1037 410/516/1037
f 430/485/767 429/484/766 541/620/1038 542/621/1038 543/622/1038 459/517/1038
f 459/517/1039 543/622/1039 544/623/1039 545/624/1039 546/625/1040 443/518/1041
f 410/516/1042 459/517/1042 448/519/1042
f 460/521/1043 463/524/814 461/522/814
f 462/523/1044 472/533/1044 461/522/1044
f 461/522/1045 472/533/1045 464/525/1045
f 461/522/815 465/526/815 396/451/1046
f 466/527/818 470/531/1047 467/528/819
f 469/530/821 471/532/1048 467/528/821
f 471/532/1049 464/525/1049 472/533/1049
f 468/529/1050 467/528/1050 472/533/1050
f 473/534/825 474/537/1051 471/535/826
f 473/534/827 389/444/828 391/446/828
f 474/537/1052 391/446/1052 396/451/1052
f 474/537/1053 465/538/1053 464/539/1053
f 475/540/832 476/541/832 394/449/833
f 475/540/835 466/527/936 468/529/836
f 476/541/1054 468/529/1054 462/523/1054
f 476/541/1055 463/524/1055 460/521/1055
f 477/542/1056 481/546/841 478/543/841
f 480/545/1057 486/551/1057 478/543/1057
f 478/543/1058 486/551/1058 404/459/1058
f 478/543/842 403/458/842 402/457/1059
f 482/547/928 485/550/927 483/548/1060
f 399/454/1061 398/453/1061 483/548/1061
f 398/453/1062 404/459/1062 486/551/1062
f 484/549/1063 483/548/1063 486/551/1063
f 487/552/1064 490/555/1064 488/553/1064
f 487/552/852 482/547/1065 484/549/853
f 490/555/1066 484/549/1066 480/545/1066
f 490/555/1067 481/546/1067 477/542/1067
f 491/556/857 493/558/1068 492/557/858
f 489/554/860 488/553/1069 492/557/861
f 488/553/1070 477/542/1070 479/544/1070
f 400/455/1071 492/557/1071 479/544/1071
f 494/559/1072 498/563/1072 495/560/1072
f 497/562/866 510/581/1073 495/560/867
f 495/560/1074 510/581/1074 388/564/1074
f 495/560/869 387/565/869 386/566/1075
f 499/567/1076 502/571/1076 500/568/1076
f 501/570/1077 503/572/1077 500/568/1077
f 503/572/1078 494/559/1078 496/561/1078
f 384/569/1079 500/568/1079 496/561/1079
f 504/573/878 506/575/1080 503/572/879
f 504/573/881 507/576/1081 505/574/882
f 506/575/1082 505/574/1082 497/562/1082
f 506/575/1083 498/563/1083 494/559/1083
f 507/576/886 509/579/1084 508/577/887
f 383/578/889 382/580/1085 508/577/890
f 382/580/1086 388/564/1086 510/581/1086
f 505/574/1087 508/577/1087 510/581/1087
f 407/462/1088 406/461/1088 511/582/1088
f 411/466/909 513/584/908 511/582/1089
f 513/584/1090 383/578/1090 509/579/1090
f 512/583/1091 511/582/1091 509/579/1091
f 425/480/1092 421/476/1092 514/585/1092
f 421/476/1093 407/462/1093 512/583/1093
f 514/585/1094 512/583/1094 507/576/1094
f 515/586/1095 514/585/1095 504/573/1095
f 516/587/1096 518/590/1096 517/588/1096
f 516/587/1097 425/480/1097 515/586/1097
f 515/586/904 501/570/873 502/571/875
f 517/588/1098 518/590/1098 502/571/1098
f 447/504/1099 519/593/1099 513/591/1099
f 447/504/1100 450/507/1100 517/592/1100
f 517/592/1101 499/616/1101 381/436/1101
f 519/593/1102 381/436/1102 383/438/1102
f 458/515/1103 408/463/1103 520/594/1103
f 372/425/1104 522/596/1104 520/594/1104
f 522/596/1105 489/554/1105 493/558/1105
f 521/595/1106 520/594/1106 493/558/1106
f 369/422/1107 523/597/1107 522/596/1107
f 371/424/1108 524/598/1108 523/597/1108
f 524/598/1109 482/547/1109 487/552/1109
f 523/597/1110 487/552/849 489/554/851
f 525/599/1111 527/601/1111 524/598/1111
f 525/599/1112 454/511/1112 526/600/1112
f 526/600/1113 399/454/1113 485/550/1113
f 524/598/926 527/601/1114 485/550/927
f 455/512/1115 528/602/1115 526/600/1115
f 455/512/1116 458/515/913 521/595/915
f 528/602/1117 521/595/1117 491/556/1117
f 526/600/1118 528/602/1118 397/452/1118
f 424/479/1119 531/605/1119 529/603/1119
f 424/479/1120 425/480/1120 530/604/1120
f 531/605/1121 530/604/1121 466/527/1121
f 531/605/1122 475/540/832 392/447/834
f 451/508/1123 534/608/1123 532/606/1123
f 451/508/1124 454/511/1124 533/607/1124
f 534/608/1125 533/607/1125 389/444/1125
f 534/608/1126 473/534/1126 469/536/1126
f 516/587/1127 535/610/1127 530/604/1127
f 516/587/1128 450/589/1128 532/609/1128
f 532/609/944 469/530/1129 470/531/945
f 535/610/1130 470/531/1047 466/527/818
f 525/599/1131 536/611/1131 533/607/1131
f 525/599/1132 371/424/1132 529/603/1132
f 536/611/1133 529/603/1133 392/447/1133
f 533/607/951 536/611/1134 393/448/952
f 546/625/1040 547/626/1135 433/488/1136 443/518/1041
f 547/626/1137 548/627/1137 549/628/1137 550/629/1137 551/630/1137 433/488/1137
f 552/631/1138 553/632/1138 548/627/1138 428/483/1138 427/482/1138 538/617/1138
f 548/627/1139 553/632/1139 432/487/1139 431/486/1139
f 554/633/1140 539/618/1141 367/417/1141 349/421/1141 431/486/1140
f 433/488/1142 551/630/1142 434/489/1142
f 434/489/1143 549/628/1143 548/627/1143 431/486/1143
f 555/634/1144 556/635/1145 557/636/1145 558/637/1145 559/638/1145 560/639/1145 561/640/1144
f 562/641/766 563/642/764 564/643/764 565/644/1144 566/645/1144 567/646/1146
f 568/647/1040 569/648/1039 570/649/1039 571/650/1039 572/651/1147
f 573/652/1038 574/653/1038 575/654/1038 562/641/766 567/646/1146 576/655/1148 577/656/1038 578/657/1038 579/658/1038 580/659/1038 581/660/1038
f 581/660/1039 582/661/1039 583/662/1039 569/648/1039 584/663/1039 585/664/1039 573/652/1039
f 572/651/1147 586/665/1149 587/666/1150 588/667/1150 568/647/1040
f 587/666/1150 589/668/1151 590/669/1151 591/670/1152 588/667/1150
f 590/669/1151 589/668/1151 558/637/1153 557/636/1151
f 558/637/1153 592/671/1154 593/672/1154 559/638/1154
f 565/644/1144 594/673/1155 566/645/1144
f 561/640/1144 563/642/764 555/634/1144
usemtl Material.003
f 595/674/1156 164/183/1156 596/675/1157
f 595/674/1158 207/229/1158 160/179/1159
f 597/676/1160 193/214/1160 598/677/1160
f 597/676/1161 204/226/1161 189/210/1161
f 599/678/1162 197/219/1162 600/679/1162
f 598/680/1163 195/217/1164 599/678/1165
f 601/681/1166 200/222/1166 602/682/1166
f 596/675/1167 199/221/1168 601/681/1169
f 603/683/1170 202/224/1171 204/226/1172
f 604/684/1173 200/222/1173 202/224/1173
f 605/685/1174 206/228/1175 207/229/1176
f 606/686/1177 197/219/1177 206/228/1177
f 607/687/1178 608/688/1178 609/689/1178
f 610/690/1179 608/688/1179 611/691/1179
f 608/688/1180 612/692/1181 613/693/1182
f 608/688/1183 614/694/1184 609/689/1185
f 615/695/1186 616/696/1186 617/697/1186
f 618/698/1187 616/696/1187 619/699/1187
f 616/696/1188 620/700/1189 621/701/1190
f 616/696/1191 622/702/1192 617/697/1193
f 623/703/1194 624/704/1194 625/705/1194
f 626/706/1195 624/704/1195 627/707/1195
f 624/704/1196 628/708/1196 629/709/1196
f 625/705/1197 629/709/1198 630/710/1199
f 631/711/1200 632/712/1200 633/713/1200
f 634/714/1201 632/712/1201 635/715/1201
f 632/712/1202 636/716/1202 637/717/1202
f 633/713/1203 637/717/1204 638/718/1205
f 639/719/1206 640/720/1207 641/721/1208
f 614/722/1209 640/720/1209 642/723/1209
f 643/724/1210 644/725/1211 640/720/1212
f 640/720/1207 645/726/1213 641/721/1208
f 646/727/1214 647/728/1214 610/729/1214
f 646/727/1215 648/730/1215 649/731/1215
f 648/730/1216 650/732/1217 649/731/1218
f 647/728/1219 650/732/1220 612/733/1221
f 651/734/1222 652/735/1222 653/736/1222
f 651/734/1223 609/737/1223 654/738/1223
f 609/737/1224 642/723/1225 654/738/1226
f 652/735/1227 642/723/1228 639/719/1229
f 655/739/1230 656/740/1230 648/730/1230
f 653/741/1231 656/740/1231 657/742/1231
f 656/740/1232 639/743/1233 658/744/1234
f 656/740/1235 659/745/1236 648/730/1237
f 660/746/1238 661/747/1238 662/748/1238
f 663/749/1239 661/747/1239 664/750/1239
f 665/751/1240 666/752/1240 661/747/1240
f 662/748/1241 666/752/1241 667/753/1241
f 658/744/1242 668/754/1243 659/745/1244
f 658/744/1245 641/755/1246 669/756/1247
f 669/756/1247 645/757/1248 670/758/1249
f 669/756/1250 671/759/1251 668/754/1243
f 613/693/1252 643/760/1253 614/694/1254
f 613/693/1255 672/761/1256 673/762/1257
f 672/761/1258 664/750/1259 673/762/1260
f 643/760/1261 664/750/1262 660/746/1263
f 612/733/1264 674/763/1265 672/764/1266
f 659/745/1267 674/763/1268 650/732/1269
f 674/763/1270 671/759/1271 675/765/1272
f 672/764/1273 675/765/1273 663/766/1273
f 676/767/1274 677/768/1274 678/769/1274
f 679/770/1275 677/768/1275 680/771/1275
f 677/768/1276 681/772/1277 682/773/1278
f 677/768/1279 683/774/1280 678/769/1281
f 663/766/1282 684/775/1282 685/776/1282
f 675/765/1283 686/777/1283 684/775/1283
f 684/775/1284 676/778/1284 678/779/1284
f 685/776/1285 678/779/1286 683/780/1287
f 644/725/1288 687/781/1289 645/726/1290
f 660/782/1291 688/783/1291 644/725/1291
f 689/784/1292 690/785/1293 688/783/1294
f 688/783/1295 679/770/1295 687/781/1295
f 670/758/1296 686/777/1297 671/759/1298
f 670/758/1299 687/786/1300 691/787/1301
f 691/787/1302 679/788/1302 680/789/1302
f 691/787/1303 676/778/1303 686/777/1303
f 692/790/1304 693/791/1305 694/792/1306
f 622/793/1307 693/791/1308 695/794/1309
f 693/791/1310 696/795/1311 697/796/1312
f 694/792/1313 697/796/1313 698/797/1313
f 618/698/1314 699/798/1314 700/799/1314
f 701/800/1315 699/798/1315 702/801/1315
f 703/802/1316 704/803/1317 699/798/1318
f 700/799/1319 704/803/1320 620/700/1321
f 705/804/1322 706/805/1322 707/806/1322
f 615/807/1323 706/805/1323 708/808/1323
f 617/809/1324 695/794/1325 706/805/1326
f 707/806/1327 695/794/1328 692/790/1329
f 701/800/1330 709/810/1330 703/802/1330
f 705/811/1331 709/810/1331 710/812/1331
f 709/810/1332 692/813/1333 711/814/1334
f 709/810/1335 712/815/1336 703/802/1337
f 713/816/1338 714/817/1339 696/818/1340
f 713/816/1341 715/819/1342 716/820/1343
f 716/820/1344 717/821/1344 718/822/1344
f 716/820/1345 719/823/1345 714/817/1345
f 711/814/1346 720/824/1347 712/815/1348
f 711/814/1349 694/825/1350 721/826/1351
f 694/825/1352 722/827/1353 721/826/1354
f 720/824/1355 722/827/1356 723/828/1357
f 621/701/1358 724/829/1359 622/702/1360
f 621/701/1361 725/830/1362 726/831/1363
f 726/831/1363 727/832/1364 713/816/1365
f 726/831/1366 696/818/1367 724/829/1359
f 620/700/1368 728/833/1369 725/830/1370
f 712/815/1371 728/833/1371 704/803/1371
f 720/824/1372 729/834/1373 728/833/1374
f 728/833/1369 727/832/1375 725/830/1370
f 719/835/1376 730/836/1376 731/837/1376
f 717/821/1377 730/836/1377 718/838/1377
f 730/836/1378 732/839/1379 733/840/1380
f 730/836/1381 734/841/1382 731/837/1383
f 729/834/1384 715/819/1385 727/832/1386
f 723/828/1387 735/842/1387 729/834/1387
f 736/843/1388 737/844/1389 735/842/1390
f 735/842/1391 717/821/1391 715/819/1391
f 698/797/1392 738/845/1392 739/846/1392
f 697/796/1393 714/847/1393 738/845/1393
f 738/845/1394 719/835/1394 731/837/1394
f 739/846/1395 731/837/1396 734/841/1397
f 739/846/1398 740/848/1398 698/797/1398
f 734/841/1399 741/849/1400 739/846/1401
f 742/850/1402 743/851/1402 741/849/1402
f 741/849/1403 744/852/1403 740/848/1403
f 666/752/1404 745/853/1404 667/753/1404
f 666/752/1405 746/854/1405 747/855/1405
f 747/855/1406 748/856/1406 749/857/1406
f 747/855/1407 750/858/1407 745/853/1407
f 751/859/1408 752/860/1408 753/861/1408
f 751/859/1409 743/862/1409 754/863/1409
f 754/863/1410 755/864/1410 756/865/1410
f 754/863/1411 757/866/1411 752/860/1411
f 681/772/1412 758/867/1413 759/868/1414
f 689/784/1415 662/869/1415 758/867/1415
f 758/867/1416 667/870/1416 745/871/1416
f 759/868/1417 745/871/1417 750/872/1417
f 733/840/1418 742/850/1419 734/841/1420
f 733/840/1421 760/873/1422 761/874/1423
f 761/874/1424 757/866/1424 756/875/1424
f 761/874/1425 755/876/1425 742/850/1425
f 732/839/1426 762/877/1427 760/873/1428
f 736/843/1429 763/878/1429 762/877/1429
f 762/877/1430 753/861/1430 752/860/1430
f 760/873/1431 752/860/1431 757/866/1431
f 723/828/1432 764/879/1432 763/878/1432
f 698/880/1433 764/879/1433 722/827/1433
f 740/881/1434 751/859/1434 764/879/1434
f 763/878/1435 751/859/1435 753/861/1435
f 685/776/1436 665/882/1436 663/766/1436
f 683/780/1437 765/883/1438 685/776/1439
f 766/884/1440 746/885/1440 765/883/1440
f 765/883/1441 767/886/1441 665/882/1441
f 682/773/1442 766/887/1443 683/774/1444
f 682/773/1445 759/868/1446 768/888/1447
f 768/888/1448 750/872/1448 749/889/1448
f 768/888/1449 748/890/1449 766/887/1449
f 769/891/1450 770/892/1450 771/893/1450
f 638/718/1451 770/892/1451 772/894/1451
f 773/895/1452 774/896/1452 770/892/1452
f 771/893/1453 774/896/1453 775/897/1453
f 776/898/1454 777/899/1454 634/714/1454
f 776/898/1455 778/900/1455 779/901/1455
f 779/901/1456 780/902/1456 781/903/1456
f 779/901/1457 636/716/1457 777/899/1457
f 782/904/1458 783/905/1458 784/906/1458
f 782/904/1459 633/713/1460 785/907/1461
f 633/713/1460 772/894/1462 785/907/1461
f 783/905/1463 772/894/1463 769/891/1463
f 786/908/1464 787/909/1465 778/900/1465
f 784/906/1466 787/909/1466 788/910/1466
f 783/905/1467 789/911/1467 787/909/1467
f 787/909/1465 780/902/1468 778/900/1465
f 630/710/1469 790/912/1469 791/913/1469
f 629/709/1470 792/914/1470 790/912/1470
f 790/912/1471 793/915/1471 794/916/1471
f 791/913/1472 794/916/1472 795/917/1472
f 796/918/1473 797/919/1473 626/920/1473
f 796/918/1474 798/921/1474 799/922/1474
f 799/922/1475 800/923/1475 801/924/1475
f 799/922/1476 628/925/1476 797/919/1476
f 802/926/1477 803/927/1477 804/928/1477
f 802/926/1478 625/929/1478 805/930/1478
f 625/929/1479 806/931/1479 805/930/1479
f 803/927/1480 806/931/1480 807/932/1480
f 808/933/1481 809/934/1482 798/921/1483
f 804/928/1484 809/934/1484 810/935/1484
f 803/927/1485 811/936/1485 809/934/1485
f 809/934/1482 800/923/1486 798/921/1483
f 812/937/1487 813/938/1488 814/939/1489
f 812/937/1490 815/940/1491 816/941/1492
f 816/941/1493 817/942/1493 818/943/1493
f 816/941/1494 819/944/1494 813/938/1494
f 628/925/1495 820/945/1495 792/946/1495
f 801/924/1496 821/947/1497 820/945/1498
f 820/945/1499 822/948/1499 823/949/1499
f 792/946/1500 823/949/1500 793/950/1500
f 824/951/1501 825/952/1501 826/953/1501
f 827/954/1502 828/955/1502 825/952/1502
f 825/952/1503 829/956/1503 830/957/1503
f 826/953/1504 830/957/1504 831/958/1504
f 811/936/1505 821/947/1505 800/923/1505
f 807/932/1506 832/959/1506 811/936/1506
f 827/954/1507 833/960/1507 832/959/1507
f 832/959/1508 822/948/1508 821/947/1508
f 817/961/1509 834/962/1509 818/963/1509
f 835/964/1510 834/962/1510 836/965/1510
f 834/962/1511 837/966/1511 838/967/1511
f 834/962/1512 819/968/1512 818/963/1512
f 839/969/1513 815/970/1514 840/971/1513
f 841/972/1515 842/973/1516 839/969/1517
f 843/974/1518 836/965/1518 842/973/1518
f 842/973/1519 817/961/1519 815/970/1519
f 844/975/1520 845/976/1521 846/977/1522
f 847/978/1523 813/979/1524 845/976/1525
f 845/976/1526 819/968/1526 838/967/1526
f 846/977/1527 838/967/1527 837/966/1527
f 848/980/1528 843/974/1528 841/972/1528
f 848/980/1529 846/977/1530 849/981/1531
f 849/981/1532 837/966/1532 850/982/1532
f 849/981/1533 835/964/1534 843/974/1535
f 851/983/1536 852/984/1537 853/985/1538
f 851/983/1539 854/986/1540 855/987/1541
f 855/987/1542 856/988/1542 857/989/1542
f 855/987/1543 858/990/1543 852/984/1543
f 789/911/1544 859/991/1544 780/902/1544
f 769/891/1545 860/992/1546 789/911/1547
f 861/993/1548 862/994/1548 860/992/1548
f 860/992/1549 863/995/1549 859/991/1549
f 638/718/1550 864/996/1550 865/997/1550
f 637/717/1551 866/998/1551 864/996/1551
f 864/996/1552 867/999/1552 868/1000/1552
f 865/997/1553 868/1000/1553 869/1001/1553
f 781/903/1554 866/998/1554 636/716/1554
f 780/902/1555 870/1002/1555 781/903/1555
f 859/991/1556 871/1003/1556 870/1002/1556
f 870/1002/1557 867/999/1558 866/998/1559
f 856/988/1560 872/1004/1560 857/989/1560
f 873/1005/1561 872/1004/1561 874/1006/1561
f 872/1004/1562 875/1007/1562 876/1008/1562
f 872/1004/1563 858/990/1563 857/989/1563
f 877/1009/1564 878/1010/1565 854/986/1566
f 879/1011/1567 880/1012/1567 878/1010/1567
f 878/1010/1568 873/1005/1568 874/1006/1568
f 854/986/1569 874/1006/1569 856/988/1569
f 881/1013/1570 882/1014/1571 883/1015/1572
f 853/985/1573 884/1016/1574 881/1013/1575
f 852/984/1576 876/1008/1576 884/1016/1576
f 884/1016/1577 875/1007/1577 882/1014/1577
f 885/1017/1578 880/1012/1579 886/1018/1580
f 885/1017/1581 882/1014/1582 887/1019/1583
f 887/1019/1584 875/1007/1584 888/1020/1584
f 887/1019/1585 873/1005/1585 880/1012/1585
f 829/956/1586 889/1021/1586 830/957/1586
f 890/1022/1587 889/1021/1587 891/1023/1587
f 889/1021/1588 892/1024/1588 893/1025/1588
f 889/1021/1589 831/958/1589 830/957/1589
f 791/913/1590 894/1026/1590 630/710/1590
f 795/917/1591 895/1027/1591 791/913/1591
f 896/1028/1592 897/1029/1592 895/1027/1592
f 895/1027/1593 890/1030/1593 894/1026/1593
f 892/1031/1594 898/1032/1594 899/1033/1594
f 896/1028/1595 900/1034/1595 898/1032/1595
f 898/1032/1596 901/1035/1596 902/1036/1596
f 899/1033/1597 902/1036/1598 903/1037/1599
f 807/932/1600 904/1038/1600 828/955/1600
f 630/1039/1601 904/1038/1601 806/931/1601
f 894/1040/1602 891/1023/1602 904/1038/1602
f 828/955/1603 891/1023/1603 829/956/1603
f 905/1041/1604 906/1042/1605 907/1043/1606
f 908/1044/1607 909/1045/1608 905/1041/1609
f 909/1045/1610 910/1046/1610 911/1047/1610
f 909/1045/1611 912/1048/1611 906/1042/1611
f 913/1049/1612 900/1050/1612 795/1051/1612
f 913/1049/1613 914/1052/1613 915/1053/1613
f 915/1053/1614 907/1043/1614 916/1054/1614
f 900/1050/1615 916/1054/1615 901/1055/1615
f 826/953/1616 914/1052/1616 824/951/1616
f 831/958/1617 917/1056/1618 826/953/1619
f 918/1057/1620 905/1041/1621 917/1056/1622
f 917/1056/1623 907/1043/1623 914/1052/1623
f 893/1025/1624 918/1057/1624 831/958/1624
f 892/1024/1625 919/1058/1625 893/1025/1625
f 899/1059/1626 920/1060/1627 919/1058/1628
f 919/1058/1629 908/1044/1630 918/1057/1631
f 921/1061/1632 922/1062/1632 923/1063/1632
f 921/1061/1633 911/1047/1633 924/1064/1633
f 911/1047/1634 925/1065/1634 924/1064/1634
f 922/1062/1635 925/1065/1635 926/1066/1635
f 916/1054/1636 927/1067/1637 901/1055/1638
f 907/1043/1639 928/1068/1640 916/1054/1641
f 906/1042/1642 921/1061/1642 928/1068/1642
f 928/1068/1643 923/1063/1643 927/1067/1643
f 903/1037/1644 929/1069/1645 930/1070/1646
f 902/1036/1647 927/1071/1648 929/1069/1649
f 929/1069/1650 923/1072/1650 922/1073/1650
f 929/1069/1651 926/1074/1651 930/1070/1651
f 908/1044/1652 931/1075/1653 932/1076/1654
f 920/1060/1655 930/1077/1656 931/1075/1657
f 931/1075/1658 926/1066/1658 925/1065/1658
f 932/1076/1659 925/1065/1659 910/1046/1659
f 775/897/1660 933/1078/1660 934/1079/1660
f 935/1080/1661 933/1078/1661 774/896/1661
f 933/1078/1662 936/1081/1662 937/1082/1662
f 933/1078/1663 938/1083/1663 934/1079/1663
f 865/997/1664 773/895/1664 638/718/1664
f 869/1001/1665 939/1084/1665 865/997/1665
f 940/1085/1666 941/1086/1666 939/1084/1666
f 939/1084/1667 935/1080/1667 773/895/1667
f 942/1087/1668 943/1088/1669 944/1089/1670
f 861/993/1671 771/893/1671 943/1088/1671
f 943/1088/1672 775/897/1672 934/1079/1672
f 944/1089/1673 934/1079/1673 938/1083/1673
f 936/1081/1674 945/1090/1675 946/1091/1676
f 940/1085/1677 947/1092/1677 945/1090/1677
f 945/1090/1678 948/1093/1678 949/1094/1678
f 946/1091/1679 949/1094/1680 950/1095/1681
f 948/1093/1682 951/1096/1683 952/1097/1684
f 953/1098/1685 954/1099/1686 951/1096/1687
f 951/1096/1688 955/1100/1688 956/1101/1688
f 951/1096/1683 957/1102/1684 952/1097/1684
f 958/1103/1689 947/1092/1689 869/1001/1689
f 958/1103/1690 959/1104/1690 960/1105/1690
f 959/1104/1691 953/1098/1691 960/1105/1691
f 960/1105/1692 948/1093/1692 947/1092/1692
f 944/1089/1670 959/1104/1693 942/1087/1668
f 938/1083/1694 961/1106/1694 944/1089/1694
f 962/1107/1695 963/1108/1696 961/1106/1697
f 961/1106/1698 964/1109/1698 959/1104/1698
f 938/1083/1699 965/1110/1699 962/1107/1699
f 937/1082/1700 946/1091/1700 965/1110/1700
f 965/1110/1701 950/1095/1702 966/1111/1703
f 962/1107/1704 966/1111/1705 967/1112/1706
f 956/1101/1707 968/1113/1707 957/1102/1707
f 956/1101/1708 969/1114/1708 970/1115/1708
f 969/1114/1709 971/1116/1709 970/1115/1709
f 968/1113/1710 971/1116/1710 972/1117/1710
f 963/1108/1711 954/1099/1712 964/1109/1713
f 967/1112/1714 973/1118/1715 963/1108/1716
f 973/1118/1717 974/1119/1717 969/1114/1717
f 973/1118/1718 955/1100/1718 954/1099/1718
f 966/1111/1719 975/1120/1720 967/1112/1721
f 950/1095/1722 976/1121/1723 966/1111/1724
f 976/1121/1725 972/1117/1725 971/1116/1725
f 976/1121/1726 974/1119/1726 975/1120/1726
f 949/1094/1727 977/1122/1728 950/1095/1729
f 949/1094/1730 952/1097/1731 978/1123/1732
f 978/1123/1733 957/1102/1733 968/1113/1733
f 978/1123/1734 972/1117/1735 977/1122/1728
f 862/994/1736 979/1124/1737 863/995/1738
f 862/994/1739 980/1125/1739 981/1126/1739
f 981/1126/1740 883/1015/1741 885/1017/1742
f 981/1126/1743 886/1018/1743 979/1124/1744
f 958/1103/1745 980/1125/1745 942/1087/1745
f 958/1103/1746 982/1127/1746 983/1128/1746
f 983/1128/1747 853/985/1747 881/1013/1747
f 980/1125/1748 881/1013/1748 883/1015/1748
f 871/1003/1749 984/1129/1749 867/999/1749
f 863/995/1750 985/1130/1750 871/1003/1750
f 979/1124/1751 879/1011/1751 985/1130/1751
f 985/1130/1752 877/1009/1752 984/1129/1752
f 868/1000/1753 982/1127/1753 869/1001/1753
f 867/999/1754 986/1131/1755 868/1000/1756
f 984/1129/1757 851/983/1758 986/1131/1759
f 982/1127/1760 851/983/1761 853/985/1762
f 822/948/1763 987/1132/1764 988/1133/1765
f 833/960/1766 989/1134/1766 987/1132/1766
f 989/1134/1767 848/980/1768 987/1132/1769
f 988/1133/1770 848/980/1771 841/972/1772
f 913/1049/1773 989/1134/1773 824/951/1773
f 913/1049/1774 990/1135/1774 991/1136/1774
f 990/1135/1775 847/978/1775 991/1136/1775
f 991/1136/1776 844/975/1776 989/1134/1776
f 793/950/1777 992/1137/1777 993/1138/1777
f 823/949/1778 988/1133/1778 992/1137/1778
f 992/1137/1779 841/972/1779 839/969/1779
f 993/1138/1780 839/969/1780 840/971/1780
f 794/916/1781 990/1139/1781 795/917/1781
f 794/916/1782 993/1140/1783 994/1141/1784
f 994/1141/1785 840/1142/1785 812/937/1785
f 994/1141/1786 814/939/1787 990/1139/1788
f 995/1143/1789 996/1144/1790 997/1145/1791
f 998/1146/1792 999/1147/1793 996/1144/1794
f 999/1147/1795 788/910/1795 996/1144/1795
f 997/1145/1796 788/910/1796 786/908/1796
f 1000/1148/1797 1001/1149/1798 999/1147/1799
f 1002/1150/1800 1003/1151/1801 1001/1149/1802
f 1001/1149/1803 631/711/1803 782/904/1803
f 1001/1149/1804 784/906/1804 999/1147/1804
f 1004/1152/1805 1005/1153/1806 1006/1154/1807
f 995/1143/1808 1007/1155/1809 1004/1152/1810
f 1007/1155/1811 786/908/1811 776/898/1811
f 1007/1155/1812 634/714/1812 1005/1153/1812
f 1008/1156/1813 1003/1151/1813 1009/1157/1813
f 1006/1154/1814 1010/1158/1815 1008/1156/1816
f 1005/1153/1817 635/715/1817 1010/1158/1817
f 1003/1151/1818 635/715/1818 631/711/1818
f 1011/1159/1819 1012/1160/1819 1013/1161/1819
f 1014/1162/1820 1012/1160/1820 1015/1163/1820
f 1016/1164/1821 810/935/1821 1012/1160/1821
f 1013/1161/1822 810/935/1822 808/933/1822
f 1017/1165/1823 1016/1164/1823 1014/1162/1823
f 1018/1166/1824 1019/1167/1824 1017/1165/1824
f 1019/1167/1825 623/1168/1825 802/926/1825
f 1019/1167/1826 804/928/1826 1016/1164/1826
f 1020/1169/1827 1021/1170/1827 1022/1171/1827
f 1023/1172/1828 1013/1161/1828 1021/1170/1828
f 1021/1170/1829 808/933/1829 796/918/1829
f 1021/1170/1830 626/920/1830 1022/1171/1830
f 1018/1173/1831 1024/1174/1831 1025/1175/1831
f 1020/1176/1832 1024/1174/1832 1026/1177/1832
f 1022/1178/1833 627/707/1833 1024/1174/1833
f 1025/1175/1834 627/707/1834 623/703/1834
f 293/331/1835 653/741/1835 657/742/1835
f 294/332/1836 657/742/1836 655/739/1836
f 299/394/1837 651/734/1837 296/334/1837
f 295/335/1838 651/734/1838 653/736/1838
f 298/338/1839 655/739/1839 646/727/1839
f 298/338/1840 610/729/1840 297/337/1840
f 297/395/1841 611/691/1841 300/341/1841
f 300/341/1842 607/687/1842 299/339/1842
f 301/342/1843 705/811/1843 710/812/1843
f 302/343/1844 710/812/1844 701/800/1844
f 307/396/1845 708/808/1845 304/345/1845
f 303/346/1846 708/808/1846 705/804/1846
f 306/349/1847 701/800/1847 702/801/1847
f 306/349/1848 618/698/1848 305/348/1848
f 305/348/1849 619/699/1849 308/351/1849
f 308/351/1850 615/695/1850 307/350/1850
f 311/354/1851 1008/1156/1851 310/353/1851
f 310/353/1852 1009/1157/1852 309/352/1852
f 312/355/1853 1004/1152/1853 313/356/1853
f 313/356/1854 1006/1154/1854 311/354/1854
f 309/352/1855 1002/1150/1855 314/357/1855
f 315/358/1856 1002/1150/1856 1000/1148/1856
f 316/359/1857 1000/1148/1857 998/1146/1857
f 312/355/1858 998/1146/1858 995/1143/1858
f 319/397/1859 1026/1177/1859 318/361/1859
f 318/361/1860 1018/1173/1860 317/360/1860
f 321/364/1861 1011/1159/1862 1023/1172/1863
f 321/364/1864 1020/1169/1864 319/362/1864
f 317/398/1865 1017/1165/1865 323/366/1865
f 323/366/1866 1014/1162/1866 322/365/1866
f 324/367/1867 1014/1162/1867 1015/1163/1867
f 320/363/1868 1015/1163/1868 1011/1159/1868
f 348/393/1869 1027/1179/1870 1028/1180/1869
f 347/392/1871 1029/1181/1872 1027/1179/1871
f 1027/1179/1873 600/679/1874 606/686/1873
f 1028/1180/1875 606/686/1876 605/685/1875
f 345/390/1877 1030/1182/1878 1031/1183/1877
f 344/389/1879 1032/1184/1879 1030/1182/1879
f 1030/1182/1880 602/682/1880 604/684/1880
f 1031/1183/1881 604/684/1881 603/683/1881
f 341/386/1882 1032/1184/1882 342/387/1882
f 329/372/1883 1033/1185/1884 341/386/1884
f 1034/1186/1885 601/681/1885 1033/1185/1885
f 1033/1185/1886 602/682/1886 1032/1184/1886
f 337/382/1887 1029/1181/1888 338/383/1888
f 334/381/1889 1035/1187/1890 337/382/1891
f 1036/1188/1892 599/678/1893 1035/1187/1893
f 1035/1187/1894 600/679/1895 1029/1181/1895
f 333/376/1896 1036/1189/1897 334/377/1897
f 333/376/1898 1031/1183/1899 1037/1190/1898
f 1037/1190/1900 603/683/1901 597/676/1900
f 1037/1190/1902 598/677/1903 1036/1189/1903
f 328/371/1904 1034/1186/1905 329/372/1905
f 328/371/1906 1028/1180/1907 1038/1191/1906
f 1038/1191/1908 605/685/1909 595/674/1908
f 1038/1191/1910 596/675/1911 1034/1186/1911
f 595/674/1156 160/179/1912 164/183/1156
f 595/674/1158 605/685/1913 207/229/1158
f 597/676/1160 189/210/1160 193/214/1160
f 597/676/1161 603/683/1161 204/226/1161
f 599/678/1914 195/217/1914 197/219/1914
f 598/680/1163 193/215/1915 195/217/1164
f 601/681/1916 199/221/1916 200/222/1916
f 596/675/1167 164/183/1917 199/221/1168
f 603/683/1170 604/684/1918 202/224/1171
f 604/684/1919 602/682/1919 200/222/1919
f 605/685/1174 606/686/1920 206/228/1175
f 606/686/1921 600/679/1921 197/219/1921
f 607/687/1922 611/691/1922 608/688/1922
f 610/690/1923 647/1192/1923 608/688/1923
f 608/688/1180 647/1192/1924 612/692/1181
f 608/688/1183 613/693/1925 614/694/1184
f 615/695/1926 619/699/1926 616/696/1926
f 618/698/1927 700/799/1927 616/696/1927
f 616/696/1188 700/799/1928 620/700/1189
f 616/696/1191 621/701/1929 622/702/1192
f 623/703/1930 627/707/1930 624/704/1930
f 626/706/1931 797/1193/1932 624/704/1933
f 624/704/1933 797/1193/1932 628/708/1934
f 625/705/1935 624/704/1935 629/709/1935
f 631/711/1936 635/715/1936 632/712/1936
f 634/714/1937 777/899/1938 632/712/1939
f 632/712/1939 777/899/1938 636/716/1940
f 633/713/1941 632/712/1941 637/717/1941
f 639/719/1206 642/723/1942 640/720/1207
f 614/722/1943 643/724/1210 640/720/1212
f 643/724/1944 660/782/1944 644/725/1944
f 640/720/1945 644/725/1288 645/726/1290
f 646/727/1946 649/731/1946 647/728/1946
f 646/727/1947 655/739/1947 648/730/1947
f 648/730/1216 659/745/1948 650/732/1217
f 647/728/1219 649/731/1949 650/732/1220
f 651/734/1950 654/738/1950 652/735/1950
f 651/734/1951 607/1194/1951 609/737/1951
f 609/737/1224 614/722/1952 642/723/1225
f 652/735/1227 654/738/1953 642/723/1228
f 655/739/1954 657/742/1954 656/740/1954
f 653/741/1955 652/1195/1955 656/740/1955
f 656/740/1232 652/1195/1956 639/743/1233
f 656/740/1235 658/744/1957 659/745/1236
f 660/746/1958 664/750/1958 661/747/1958
f 663/749/1959 665/751/1959 661/747/1959
f 665/751/1960 767/1196/1960 666/752/1960
f 662/748/1961 661/747/1961 666/752/1961
f 658/744/1242 669/756/1250 668/754/1243
f 658/744/1245 639/743/1962 641/755/1246
f 669/756/1247 641/755/1246 645/757/1248
f 669/756/1250 670/758/1963 671/759/1251
f 613/693/1252 673/762/1964 643/760/1253
f 613/693/1255 612/692/1965 672/761/1256
f 672/761/1258 663/749/1966 664/750/1259
f 643/760/1261 673/762/1967 664/750/1262
f 612/733/1264 650/732/1968 674/763/1265
f 659/745/1267 668/754/1969 674/763/1268
f 674/763/1268 668/754/1969 671/759/1970
f 672/764/1971 674/763/1971 675/765/1971
f 676/767/1972 680/771/1972 677/768/1972
f 679/770/1973 690/785/1973 677/768/1973
f 677/768/1276 690/785/1974 681/772/1277
f 677/768/1279 682/773/1975 683/774/1280
f 663/766/1976 675/765/1976 684/775/1976
f 675/765/1272 671/759/1271 686/777/1977
f 684/775/1978 686/777/1978 676/778/1978
f 685/776/1285 684/775/1979 678/779/1286
f 644/725/1980 688/783/1980 687/781/1980
f 660/782/1981 689/784/1981 688/783/1981
f 689/784/1292 681/772/1982 690/785/1293
f 688/783/1983 690/785/1983 679/770/1983
f 670/758/1296 691/787/1984 686/777/1297
f 670/758/1299 645/757/1985 687/786/1300
f 691/787/1986 687/786/1986 679/788/1986
f 691/787/1987 680/789/1987 676/778/1987
f 692/790/1304 695/794/1988 693/791/1305
f 622/793/1307 724/1197/1989 693/791/1308
f 693/791/1308 724/1197/1989 696/795/1990
f 694/792/1991 693/791/1991 697/796/1991
f 618/698/1992 702/801/1992 699/798/1992
f 701/800/1993 703/802/1993 699/798/1993
f 703/802/1316 712/815/1994 704/803/1317
f 700/799/1319 699/798/1995 704/803/1320
f 705/804/1996 708/808/1996 706/805/1996
f 615/807/1997 617/809/1997 706/805/1997
f 617/809/1324 622/793/1998 695/794/1325
f 707/806/1327 706/805/1999 695/794/1328
f 701/800/2000 710/812/2000 709/810/2000
f 705/811/2001 707/1198/2001 709/810/2001
f 709/810/1332 707/1198/2002 692/813/1333
f 709/810/1335 711/814/2003 712/815/1336
f 713/816/1338 716/820/2004 714/817/1339
f 713/816/1341 727/832/2005 715/819/1342
f 716/820/2006 715/819/2006 717/821/2006
f 716/820/2007 718/822/2007 719/823/2007
f 711/814/1346 721/826/2008 720/824/1347
f 711/814/1349 692/813/2009 694/825/1350
f 694/825/1352 698/880/2010 722/827/1353
f 720/824/1355 721/826/2011 722/827/1356
f 621/701/1358 726/831/1366 724/829/1359
f 621/701/1361 620/700/2012 725/830/1362
f 726/831/1363 725/830/1362 727/832/1364
f 726/831/1366 713/816/2013 696/818/1367
f 620/700/1368 704/803/2014 728/833/1369
f 712/815/2015 720/824/1372 728/833/1374
f 720/824/2016 723/828/2016 729/834/2016
f 728/833/2017 729/834/1384 727/832/1386
f 719/835/2018 718/838/2018 730/836/2018
f 717/821/2019 737/844/2019 730/836/2019
f 730/836/1378 737/844/2020 732/839/1379
f 730/836/1381 733/840/2021 734/841/1382
f 729/834/2022 735/842/2022 715/819/2022
f 723/828/2023 736/843/2023 735/842/2023
f 736/843/1388 732/839/2024 737/844/1389
f 735/842/2025 737/844/2025 717/821/2025
f 698/797/2026 697/796/2026 738/845/2026
f 697/796/1312 696/795/1311 714/847/2027
f 738/845/2028 714/847/2028 719/835/2028
f 739/846/1395 738/845/2029 731/837/1396
f 739/846/2030 741/849/2030 740/848/2030
f 734/841/1399 742/850/2031 741/849/1400
f 742/850/2032 755/876/2032 743/851/2032
f 741/849/2033 743/851/2033 744/852/2033
f 666/752/2034 747/855/2034 745/853/2034
f 666/752/2035 767/1196/2035 746/854/2035
f 747/855/2036 746/854/2036 748/856/2036
f 747/855/2037 749/857/2037 750/858/2037
f 751/859/2038 754/863/2038 752/860/2038
f 751/859/2039 744/1199/2039 743/862/2039
f 754/863/2040 743/862/2040 755/864/2040
f 754/863/2041 756/865/2041 757/866/2041
f 681/772/1412 689/784/2042 758/867/1413
f 689/784/2043 660/782/2043 662/869/2043
f 758/867/2044 662/869/2044 667/870/2044
f 759/868/2045 758/867/2045 745/871/2045
f 733/840/1418 761/874/2046 742/850/1419
f 733/840/1421 732/839/2047 760/873/1422
f 761/874/2048 760/873/2048 757/866/2048
f 761/874/2049 756/875/2049 755/876/2049
f 732/839/1426 736/843/2050 762/877/1427
f 736/843/2051 723/828/2051 763/878/2051
f 762/877/2052 763/878/2052 753/861/2052
f 760/873/2053 762/877/2053 752/860/2053
f 723/828/2054 722/827/2054 764/879/2054
f 698/880/2055 740/881/2055 764/879/2055
f 740/881/2056 744/1199/2056 751/859/2056
f 763/878/2057 764/879/2057 751/859/2057
f 685/776/2058 765/883/2058 665/882/2058
f 683/780/1437 766/884/2059 765/883/1438
f 766/884/2060 748/1200/2060 746/885/2060
f 765/883/2061 746/885/2061 767/886/2061
f 682/773/1442 768/888/2062 766/887/1443
f 682/773/1445 681/772/2063 759/868/1446
f 768/888/2064 759/868/2064 750/872/2064
f 768/888/2065 749/889/2065 748/890/2065
f 769/891/2066 772/894/2066 770/892/2066
f 638/718/2067 773/895/2067 770/892/2067
f 773/895/2068 935/1080/2068 774/896/2068
f 771/893/2069 770/892/2069 774/896/2069
f 776/898/2070 779/901/2070 777/899/2070
f 776/898/2071 786/908/2071 778/900/2071
f 779/901/2072 778/900/2072 780/902/2072
f 779/901/2073 781/903/2073 636/716/2073
f 782/904/2074 785/907/2075 783/905/2076
f 782/904/2077 631/711/2077 633/713/2077
f 633/713/2078 638/718/2078 772/894/2078
f 783/905/2076 785/907/2075 772/894/2079
f 786/908/2080 788/910/2080 787/909/2080
f 784/906/2081 783/905/2081 787/909/2081
f 783/905/2082 769/891/1545 789/911/1547
f 787/909/2083 789/911/2083 780/902/2083
f 630/710/1199 629/709/1198 790/912/2084
f 629/709/2085 628/708/2085 792/914/2085
f 790/912/2086 792/914/2086 793/915/2086
f 791/913/2087 790/912/2087 794/916/2087
f 796/918/2088 799/922/2088 797/919/2088
f 796/918/2089 808/933/2089 798/921/2089
f 799/922/2090 798/921/2090 800/923/2090
f 799/922/2091 801/924/2091 628/925/2091
f 802/926/2092 805/930/2092 803/927/2092
f 802/926/2093 623/1168/2093 625/929/2093
f 625/929/2094 630/1039/2094 806/931/2094
f 803/927/2095 805/930/2095 806/931/2095
f 808/933/2096 810/935/2096 809/934/2096
f 804/928/2097 803/927/2097 809/934/2097
f 803/927/2098 807/932/1506 811/936/1506
f 809/934/2099 811/936/2099 800/923/2099
f 812/937/1487 816/941/2100 813/938/1488
f 812/937/1490 840/1142/2101 815/940/1491
f 816/941/2102 815/940/2102 817/942/2102
f 816/941/2103 818/943/2103 819/944/2103
f 628/925/2104 801/924/2104 820/945/2104
f 801/924/2105 800/923/2105 821/947/2105
f 820/945/1498 821/947/1497 822/948/2106
f 792/946/2107 820/945/2107 823/949/2107
f 824/951/2108 827/954/2108 825/952/2108
f 827/954/2109 807/932/2109 828/955/2109
f 825/952/2110 828/955/2110 829/956/2110
f 826/953/2111 825/952/2111 830/957/2111
f 811/936/2112 832/959/2112 821/947/2112
f 807/932/2113 827/954/2113 832/959/2113
f 827/954/2114 824/951/2114 833/960/2114
f 832/959/2115 833/960/2115 822/948/2115
f 817/961/2116 836/965/2116 834/962/2116
f 835/964/2117 850/982/2117 834/962/2117
f 834/962/2118 850/982/2118 837/966/2118
f 834/962/2119 838/967/2119 819/968/2119
f 839/969/1513 842/973/2120 815/970/1514
f 841/972/1515 843/974/2121 842/973/1516
f 843/974/2122 835/964/2122 836/965/2122
f 842/973/2123 836/965/2123 817/961/2123
f 844/975/1520 847/978/2124 845/976/1521
f 847/978/1523 814/1201/2125 813/979/1524
f 845/976/2126 813/979/2126 819/968/2126
f 846/977/2127 845/976/2127 838/967/2127
f 848/980/2128 849/981/1533 843/974/1535
f 848/980/1529 844/975/2129 846/977/1530
f 849/981/2130 846/977/2130 837/966/2130
f 849/981/2131 850/982/2131 835/964/2131
f 851/983/1536 855/987/2132 852/984/1537
f 851/983/1539 877/1009/2133 854/986/1540
f 855/987/1541 854/986/1540 856/988/2134
f 855/987/2135 857/989/2135 858/990/2135
f 789/911/2136 860/992/2136 859/991/2136
f 769/891/2137 861/993/2137 860/992/2137
f 861/993/2138 942/1087/2138 862/994/2138
f 860/992/2139 862/994/2139 863/995/2139
f 638/718/1205 637/717/1204 864/996/2140
f 637/717/2141 636/716/2141 866/998/2141
f 864/996/2142 866/998/2142 867/999/2142
f 865/997/2143 864/996/2143 868/1000/2143
f 781/903/2144 870/1002/1557 866/998/1559
f 780/902/2145 859/991/2145 870/1002/2145
f 859/991/2146 863/995/2146 871/1003/2146
f 870/1002/2147 871/1003/2147 867/999/2147
f 856/988/2148 874/1006/2148 872/1004/2148
f 873/1005/2149 888/1020/2149 872/1004/2149
f 872/1004/2150 888/1020/2150 875/1007/2150
f 872/1004/2151 876/1008/2151 858/990/2151
f 877/1009/1564 879/1011/2152 878/1010/1565
f 879/1011/1567 886/1018/1567 880/1012/1567
f 878/1010/2153 880/1012/2153 873/1005/2153
f 854/986/2154 878/1010/2154 874/1006/2154
f 881/1013/1570 884/1016/2155 882/1014/1571
f 853/985/1573 852/984/2156 884/1016/1574
f 852/984/2157 858/990/2157 876/1008/2157
f 884/1016/2158 876/1008/2158 875/1007/2158
f 885/1017/1578 887/1019/2159 880/1012/1579
f 885/1017/1581 883/1015/2160 882/1014/1582
f 887/1019/2161 882/1014/2161 875/1007/2161
f 887/1019/2162 888/1020/2162 873/1005/2162
f 829/956/2163 891/1023/2163 889/1021/2163
f 890/1022/2164 897/1202/2164 889/1021/2164
f 889/1021/2165 897/1202/2165 892/1024/2165
f 889/1021/2166 893/1025/2166 831/958/2166
f 791/913/2167 895/1027/2167 894/1026/2167
f 795/917/2168 896/1028/2168 895/1027/2168
f 896/1028/2169 892/1031/2169 897/1029/2169
f 895/1027/2170 897/1029/2170 890/1030/2170
f 892/1031/2171 896/1028/2171 898/1032/2171
f 896/1028/2172 795/917/2172 900/1034/2172
f 898/1032/2173 900/1034/2173 901/1035/2173
f 899/1033/1597 898/1032/2174 902/1036/1598
f 807/932/2175 806/931/2175 904/1038/2175
f 630/1039/2176 894/1040/2176 904/1038/2176
f 894/1040/2177 890/1022/2177 891/1023/2177
f 828/955/2178 904/1038/2178 891/1023/2178
f 905/1041/1604 909/1045/2179 906/1042/1605
f 908/1044/1607 932/1076/2180 909/1045/1608
f 909/1045/2181 932/1076/2181 910/1046/2181
f 909/1045/2182 911/1047/2182 912/1048/2182
f 913/1049/2183 915/1053/2183 900/1050/2183
f 913/1049/2184 824/951/2184 914/1052/2184
f 915/1053/2185 914/1052/2185 907/1043/2185
f 900/1050/2186 915/1053/2186 916/1054/2186
f 826/953/2187 917/1056/2187 914/1052/2187
f 831/958/1617 918/1057/2188 917/1056/1618
f 918/1057/1620 908/1044/2189 905/1041/1621
f 917/1056/2190 905/1041/2190 907/1043/2190
f 893/1025/2191 919/1058/1629 918/1057/1631
f 892/1024/2192 899/1059/2192 919/1058/2192
f 899/1059/1626 903/1203/2193 920/1060/1627
f 919/1058/1629 920/1060/2194 908/1044/1630
f 921/1061/2195 924/1064/2195 922/1062/2195
f 921/1061/2196 912/1048/2196 911/1047/2196
f 911/1047/2197 910/1046/2197 925/1065/2197
f 922/1062/2198 924/1064/2198 925/1065/2198
f 916/1054/1636 928/1068/2199 927/1067/1637
f 907/1043/1639 906/1042/2200 928/1068/1640
f 906/1042/2201 912/1048/2201 921/1061/2201
f 928/1068/2202 921/1061/2202 923/1063/2202
f 903/1037/1644 902/1036/2203 929/1069/1645
f 902/1036/1647 901/1035/2204 927/1071/1648
f 929/1069/2205 927/1071/2205 923/1072/2205
f 929/1069/2206 922/1073/2206 926/1074/2206
f 908/1044/1652 920/1060/2207 931/1075/1653
f 920/1060/1655 903/1203/2208 930/1077/1656
f 931/1075/2209 930/1077/2209 926/1066/2209
f 932/1076/2210 931/1075/2210 925/1065/2210
f 775/897/2211 774/896/2211 933/1078/2211
f 935/1080/2212 941/1086/2212 933/1078/2212
f 933/1078/2213 941/1086/2213 936/1081/2213
f 933/1078/2214 937/1082/2215 938/1083/2216
f 865/997/2217 939/1084/2217 773/895/2217
f 869/1001/2218 940/1085/2218 939/1084/2218
f 940/1085/2219 936/1081/2219 941/1086/2219
f 939/1084/2220 941/1086/2220 935/1080/2220
f 942/1087/2221 861/993/2221 943/1088/2221
f 861/993/2222 769/891/2222 771/893/2222
f 943/1088/2223 771/893/2223 775/897/2223
f 944/1089/2224 943/1088/2224 934/1079/2224
f 936/1081/1674 940/1085/2225 945/1090/1675
f 940/1085/2226 869/1001/2226 947/1092/2226
f 945/1090/2227 947/1092/2227 948/1093/2227
f 946/1091/1679 945/1090/2228 949/1094/1680
f 948/1093/1682 953/1098/2229 951/1096/1683
f 953/1098/1685 964/1109/2230 954/1099/1686
f 951/1096/2231 954/1099/2231 955/1100/2231
f 951/1096/2232 956/1101/2232 957/1102/2232
f 958/1103/2233 960/1105/2233 947/1092/2233
f 958/1103/2234 942/1087/2234 959/1104/2234
f 959/1104/2235 964/1109/2235 953/1098/2235
f 960/1105/2236 953/1098/2236 948/1093/2236
f 944/1089/2237 961/1106/2237 959/1104/2237
f 938/1083/2238 962/1107/2238 961/1106/2238
f 962/1107/1695 967/1112/1696 963/1108/1696
f 961/1106/2239 963/1108/2239 964/1109/2239
f 938/1083/2216 937/1082/2215 965/1110/2240
f 937/1082/2241 936/1081/2241 946/1091/2241
f 965/1110/1701 946/1091/2242 950/1095/1702
f 962/1107/1704 965/1110/2243 966/1111/1705
f 956/1101/2244 970/1115/2244 968/1113/2244
f 956/1101/2245 955/1100/2245 969/1114/2245
f 969/1114/2246 974/1119/2246 971/1116/2246
f 968/1113/2247 970/1115/2247 971/1116/2247
f 963/1108/1711 973/1118/2248 954/1099/1712
f 967/1112/1714 975/1120/2249 973/1118/1715
f 973/1118/2250 975/1120/2250 974/1119/2250
f 973/1118/2251 969/1114/2251 955/1100/2251
f 966/1111/1719 976/1121/2252 975/1120/1720
f 950/1095/1722 977/1122/2253 976/1121/1723
f 976/1121/2254 977/1122/2254 972/1117/2254
f 976/1121/2255 971/1116/2255 974/1119/2255
f 949/1094/1727 978/1123/1734 977/1122/1728
f 949/1094/1730 948/1093/2256 952/1097/1731
f 978/1123/2257 952/1097/2257 957/1102/2257
f 978/1123/2258 968/1113/2258 972/1117/2258
f 862/994/1736 981/1126/2259 979/1124/1737
f 862/994/2260 942/1087/2260 980/1125/2260
f 981/1126/1740 980/1125/2261 883/1015/1741
f 981/1126/1743 885/1017/2262 886/1018/1743
f 958/1103/2263 983/1128/2263 980/1125/2263
f 958/1103/2264 869/1001/2264 982/1127/2264
f 983/1128/2265 982/1127/2265 853/985/2265
f 980/1125/2266 983/1128/2266 881/1013/2266
f 871/1003/1749 985/1130/1749 984/1129/1749
f 863/995/1750 979/1124/1750 985/1130/1750
f 979/1124/1751 886/1018/1751 879/1011/1751
f 985/1130/1752 879/1011/1752 877/1009/1752
f 868/1000/2267 986/1131/2267 982/1127/2267
f 867/999/1754 984/1129/2268 986/1131/1755
f 984/1129/1757 877/1009/2269 851/983/1758
f 982/1127/1760 986/1131/2270 851/983/1761
f 822/948/1763 833/960/2271 987/1132/1764
f 833/960/2272 824/951/2272 989/1134/2272
f 989/1134/1767 844/975/2273 848/980/1768
f 988/1133/1770 987/1132/2274 848/980/1771
f 913/1049/2275 991/1136/2275 989/1134/2275
f 913/1049/2276 795/1051/2276 990/1135/2276
f 990/1135/2277 814/1201/2277 847/978/2277
f 991/1136/2278 847/978/2278 844/975/2278
f 793/950/1777 823/949/1777 992/1137/1777
f 823/949/1778 822/948/1778 988/1133/1778
f 992/1137/1779 988/1133/1779 841/972/1779
f 993/1138/1780 992/1137/1780 839/969/1780
f 794/916/2279 994/1141/2279 990/1139/2279
f 794/916/1782 793/915/2280 993/1140/1783
f 994/1141/1785 993/1140/1785 840/1142/1785
f 994/1141/1786 812/937/2281 814/939/1787
f 995/1143/1789 998/1146/2282 996/1144/1790
f 998/1146/1792 1000/1148/2283 999/1147/1793
f 999/1147/2284 784/906/2284 788/910/2284
f 997/1145/2285 996/1144/2285 788/910/2285
f 1000/1148/1797 1002/1150/2286 1001/1149/1798
f 1002/1150/1800 1009/1157/2287 1003/1151/1801
f 1001/1149/2288 1003/1151/2288 631/711/2288
f 1001/1149/2289 782/904/2289 784/906/2289
f 1004/1152/1805 1007/1155/2290 1005/1153/1806
f 995/1143/1808 997/1145/2291 1007/1155/1809
f 1007/1155/2292 997/1145/2292 786/908/2292
f 1007/1155/2293 776/898/2293 634/714/2293
f 1008/1156/2294 1010/1158/2294 1003/1151/2294
f 1006/1154/1814 1005/1153/2295 1010/1158/1815
f 1005/1153/2296 634/714/2296 635/715/2296
f 1003/1151/2297 1010/1158/2297 635/715/2297
f 1011/1159/2298 1015/1163/2298 1012/1160/2298
f 1014/1162/2299 1016/1164/2299 1012/1160/2299
f 1016/1164/2300 804/928/2300 810/935/2300
f 1013/1161/2301 1012/1160/2301 810/935/2301
f 1017/1165/2302 1019/1167/2302 1016/1164/2302
f 1018/1166/2303 1025/1204/2303 1019/1167/2303
f 1019/1167/2304 1025/1204/2304 623/1168/2304
f 1019/1167/2305 802/926/2305 804/928/2305
f 1020/1169/2306 1023/1172/2306 1021/1170/2306
f 1023/1172/2307 1011/1159/2307 1013/1161/2307
f 1021/1170/2308 1013/1161/2308 808/933/2308
f 1021/1170/2309 796/918/2309 626/920/2309
f 1018/1173/2310 1026/1177/2310 1024/1174/2310
f 1020/1176/2311 1022/1178/2311 1024/1174/2311
f 1022/1178/2312 626/706/2312 627/707/2312
f 1025/1175/2313 1024/1174/2313 627/707/2313
f 293/331/2314 295/333/2314 653/741/2314
f 294/332/2315 293/331/2315 657/742/2315
f 299/394/2316 607/1194/2316 651/734/2316
f 295/335/2317 296/334/2317 651/734/2317
f 298/338/2318 294/332/2318 655/739/2318
f 298/338/2319 646/727/2319 610/729/2319
f 297/395/2320 610/690/2320 611/691/2320
f 300/341/2321 611/691/2321 607/687/2321
f 301/342/2322 303/344/2322 705/811/2322
f 302/343/2323 301/342/2323 710/812/2323
f 307/396/2324 615/807/2324 708/808/2324
f 303/346/2325 304/345/2325 708/808/2325
f 306/349/2326 302/343/2326 701/800/2326
f 306/349/2327 702/801/2327 618/698/2327
f 305/348/2328 618/698/2328 619/699/2328
f 308/351/2329 619/699/2329 615/695/2329
f 311/354/2330 1006/1154/2330 1008/1156/2330
f 310/353/2331 1008/1156/2331 1009/1157/2331
f 312/355/2332 995/1143/2332 1004/1152/2332
f 313/356/2333 1004/1152/2333 1006/1154/2333
f 309/352/2334 1009/1157/2334 1002/1150/2334
f 315/358/2335 314/357/2335 1002/1150/2335
f 316/359/2336 315/358/2336 1000/1148/2336
f 312/355/2337 316/359/2337 998/1146/2337
f 319/397/2338 1020/1176/2338 1026/1177/2338
f 318/361/2339 1026/1177/2339 1018/1173/2339
f 321/364/1861 320/363/2340 1011/1159/1862
f 321/364/1864 1023/1172/2341 1020/1169/1864
f 317/398/2342 1018/1166/2342 1017/1165/2342
f 323/366/2343 1017/1165/2343 1014/1162/2343
f 324/367/2344 322/365/2344 1014/1162/2344
f 320/363/2345 324/367/2345 1015/1163/2345
f 348/393/1869 347/392/2346 1027/1179/1870
f 347/392/1871 338/383/1872 1029/1181/1872
f 1027/1179/1873 1029/1181/1874 600/679/1874
f 1028/1180/1875 1027/1179/1876 606/686/1876
f 345/390/1877 344/389/1878 1030/1182/1878
f 344/389/1879 342/387/1879 1032/1184/1879
f 1030/1182/1880 1032/1184/1880 602/682/1880
f 1031/1183/1881 1030/1182/1881 604/684/1881
f 341/386/1882 1033/1185/1882 1032/1184/1882
f 329/372/1883 1034/1186/1883 1033/1185/1884
f 1034/1186/1885 596/675/1885 601/681/1885
f 1033/1185/1886 601/681/1886 602/682/1886
f 337/382/1887 1035/1187/1887 1029/1181/1888
f 334/381/1889 1036/1188/1889 1035/1187/1890
f 1036/1188/1892 598/680/1892 599/678/1893
f 1035/1187/1894 599/678/1894 600/679/1895
f 333/376/1896 1037/1190/1896 1036/1189/1897
f 333/376/1898 345/390/1899 1031/1183/1899
f 1037/1190/1900 1031/1183/1901 603/683/1901
f 1037/1190/1902 597/676/1902 598/677/1903
f 328/371/1904 1038/1191/1904 1034/1186/1905
f 328/371/1906 348/393/1907 1028/1180/1907
f 1038/1191/1908 1028/1180/1909 605/685/1909
f 1038/1191/1910 595/674/1910 596/675/1911
f 1039/1205/2347 587/666/1150 586/665/1149 572/651/1147
f 431/486/1140 539/618/1141 554/633/1140
f 1039/1205/1153 559/638/1154 593/672/1154 592/671/1154 558/637/1153 589/668/1151 587/666/1150
f 543/622/1038 542/621/1038 541/620/1038 429/484/766 562/641/766 575/654/1038 574/653/1038 573/652/1038
f 546/625/1040 545/624/1039 544/623/1039 543/622/1039 573/652/1039 585/664/1039 584/663/1039 569/648/1039 568/647/1040
f 428/483/765 548/627/1145 557/636/1145 556/635/1145 555/634/1144
f 429/484/766 428/483/765 555/634/1144 563/642/764 562/641/766
f 538/617/1012 432/487/1011 553/632/1145 552/631/1145
f 431/486/1014 540/619/1014 539/618/1013
f 434/489/2348 551/630/2348 550/629/2348 549/628/2348
f 568/647/1040 588/667/1150 547/626/1135 546/625/1040
f 588/667/1150 591/670/1152 590/669/1151 557/636/1151 548/627/1154 547/626/1135
f 572/651/1147 571/650/1039 570/649/1039 569/648/1039 583/662/1039 582/661/1039 581/660/1039 576/655/1039 1039/1205/2347
f 561/640/1144 560/639/1145 559/638/1145 1039/1205/2349 566/645/1144 594/673/1155 565/644/1144
f 567/646/1146 566/645/1144 1039/1205/2349
f 565/644/1144 564/643/764 563/642/764 561/640/1144
f 581/660/1038 580/659/1038 579/658/1038 578/657/1038 577/656/1038 576/655/1148
f 576/655/1148 567/646/1146 1039/1205/1038
