Log file open, 04/28/26 08:51:20
LogWindows: Failed to load 'aqProf.dll' (GetLastError=126)
LogWindows: File 'aqProf.dll' does not exist
LogWindows: Failed to load 'VtuneApi.dll' (GetLastError=126)
LogWindows: File 'VtuneApi.dll' does not exist
LogWindows: Failed to load 'VtuneApi32e.dll' (GetLastError=126)
LogWindows: File 'VtuneApi32e.dll' does not exist
LogConsoleResponse: Display: Failed to find resolution value strings in scalability ini. Falling back to default.
LogConsoleResponse: Display: Failed to find resolution value strings in scalability ini. Falling back to default.
LogInit: Display: Running engine for game: UnauticnaCastle
LogPlatformFile: Not using cached read wrapper
LogTaskGraph: Started task graph with 5 named threads and 71 total threads with 3 sets of task threads.
LogStats: Stats thread started at 0.882157
LogICUInternationalization: ICU TimeZone Detection - Raw Offset: +5:00, Platform Override: ''
LogInit: Display: Loading text-based GConfig....
LogPluginManager: Mounting plugin MeshPainting
LogPluginManager: Mounting plugin XGEController
LogPluginManager: Mounting plugin Paper2D
LogPluginManager: Mounting plugin LiveLink
LogPluginManager: Mounting plugin AISupport
LogPluginManager: Mounting plugin EnvironmentQueryEditor
LogPluginManager: Mounting plugin LightPropagationVolume
LogPluginManager: Mounting plugin GameplayCameras
LogPluginManager: Mounting plugin CameraShakePreviewer
LogPluginManager: Mounting plugin OodleData
LogPluginManager: Mounting plugin AnimationSharing
LogPluginManager: Mounting plugin OodleNetwork
LogPluginManager: Mounting plugin CodeLiteSourceCodeAccess
LogPluginManager: Mounting plugin CLionSourceCodeAccess
LogPluginManager: Mounting plugin GitSourceControl
LogPluginManager: Mounting plugin NullSourceCodeAccess
LogPluginManager: Mounting plugin PerforceSourceControl
LogPluginManager: Mounting plugin KDevelopSourceCodeAccess
LogPluginManager: Mounting plugin PlasticSourceControl
LogPluginManager: Mounting plugin PluginUtils
LogPluginManager: Mounting plugin PropertyAccessNode
LogPluginManager: Mounting plugin SubversionSourceControl
LogPluginManager: Mounting plugin AssetManagerEditor
LogPluginManager: Mounting plugin RiderSourceCodeAccess
LogPluginManager: Mounting plugin TextureFormatOodle
LogPluginManager: Mounting plugin PixWinPlugin
LogPluginManager: Mounting plugin DataValidation
LogPluginManager: Mounting plugin UObjectPlugin
LogPluginManager: Mounting plugin CryptoKeys
LogPluginManager: Mounting plugin FacialAnimation
LogPluginManager: Mounting plugin GameplayTagsEditor
LogPluginManager: Mounting plugin GeometryMode
LogPluginManager: Mounting plugin CurveEditorTools
LogPluginManager: Mounting plugin MaterialAnalyzer
LogPluginManager: Mounting plugin MacGraphicsSwitching
LogPluginManager: Mounting plugin MobileLauncherProfileWizard
LogPluginManager: Mounting plugin VisualStudioCodeSourceCodeAccess
LogPluginManager: Mounting plugin VisualStudioSourceCodeAccess
LogPluginManager: Mounting plugin XCodeSourceCodeAccess
LogPluginManager: Mounting plugin PluginBrowser
LogPluginManager: Mounting plugin SpeedTreeImporter
LogPluginManager: Mounting plugin DatasmithContent
LogPluginManager: Mounting plugin VariantManagerContent
LogPluginManager: Mounting plugin Niagara
LogPluginManager: Mounting plugin AlembicImporter
LogPluginManager: Mounting plugin AutomationUtils
LogPluginManager: Mounting plugin BackChannel
LogPluginManager: Mounting plugin ChaosCloth
LogPluginManager: Mounting plugin ChaosClothEditor
LogPluginManager: Mounting plugin ChaosNiagara
LogPluginManager: Mounting plugin MagicLeap
LogPluginManager: Mounting plugin MagicLeapLightEstimation
LogPluginManager: Mounting plugin ChaosEditor
LogPluginManager: Mounting plugin MagicLeapMedia
LogPluginManager: Mounting plugin LuminPlatformFeatures
LogPluginManager: Mounting plugin CharacterAI
LogPluginManager: Mounting plugin MagicLeapPassableWorld
LogPluginManager: Mounting plugin GeometryCache
LogPluginManager: Mounting plugin MLSDK
LogPluginManager: Mounting plugin GeometryCollectionPlugin
LogPluginManager: Mounting plugin AndroidMedia
LogPluginManager: Mounting plugin AvfMedia
LogPluginManager: Mounting plugin ChaosSolverPlugin
LogPluginManager: Mounting plugin ImgMedia
LogPluginManager: Mounting plugin MediaCompositing
LogPluginManager: Mounting plugin WebMMedia
LogPluginManager: Mounting plugin MediaPlayerEditor
LogPluginManager: Mounting plugin WmfMedia
LogPluginManager: Mounting plugin GeometryProcessing
LogPluginManager: Mounting plugin PlanarCut
LogPluginManager: Mounting plugin OpenImageDenoise
LogPluginManager: Mounting plugin MotoSynth
LogPluginManager: Mounting plugin ProxyLODPlugin
LogPluginManager: Mounting plugin PythonScriptPlugin
LogPluginManager: Mounting plugin PlatformCrypto
LogPluginManager: Mounting plugin SkeletalReduction
LogPluginManager: Mounting plugin UdpMessaging
LogPluginManager: Mounting plugin ActorSequence
LogPluginManager: Mounting plugin TcpMessaging
LogPluginManager: Mounting plugin LevelSequenceEditor
LogPluginManager: Mounting plugin MatineeToLevelSequence
LogPluginManager: Mounting plugin TemplateSequence
LogPluginManager: Mounting plugin OnlineSubsystem
LogPluginManager: Mounting plugin OnlineSubsystemNull
LogPluginManager: Mounting plugin LauncherChunkInstaller
LogPluginManager: Mounting plugin OnlineSubsystemUtils
LogPluginManager: Mounting plugin ActorLayerUtilities
LogPluginManager: Mounting plugin AndroidDeviceProfileSelector
LogPluginManager: Mounting plugin AndroidMoviePlayer
LogPluginManager: Mounting plugin AndroidPermission
LogPluginManager: Mounting plugin AppleMoviePlayer
LogPluginManager: Mounting plugin AppleImageUtils
LogPluginManager: Mounting plugin AudioCapture
LogPluginManager: Mounting plugin AssetTags
LogPluginManager: Mounting plugin AudioSynesthesia
LogPluginManager: Mounting plugin ArchVisCharacter
LogPluginManager: Mounting plugin CustomMeshComponent
LogPluginManager: Mounting plugin EditableMesh
LogPluginManager: Mounting plugin CableComponent
LogPluginManager: Mounting plugin ExampleDeviceProfileSelector
LogPluginManager: Mounting plugin GoogleCloudMessaging
LogPluginManager: Mounting plugin GooglePAD
LogPluginManager: Mounting plugin ChunkDownloader
LogPluginManager: Mounting plugin ScreenshotTools
LogPluginManager: Mounting plugin IOSDeviceProfileSelector
LogPluginManager: Mounting plugin LocationServicesBPLibrary
LogPluginManager: Mounting plugin LinuxDeviceProfileSelector
LogPluginManager: Mounting plugin MobilePatchingUtils
LogPluginManager: Mounting plugin OpenXREyeTracker
LogPluginManager: Mounting plugin OpenXRHandTracking
LogPluginManager: Mounting plugin OpenXR
LogPluginManager: Mounting plugin PhysXVehicles
LogPluginManager: Mounting plugin PostSplashScreen
LogPluginManager: Mounting plugin ProceduralMeshComponent
LogPluginManager: Mounting plugin PropertyAccessEditor
LogPluginManager: Mounting plugin SignificanceManager
LogPluginManager: Mounting plugin Takes
LogPluginManager: Mounting plugin RuntimePhysXCooking
LogPluginManager: Mounting plugin Synthesis
LogPluginManager: Mounting plugin WebMMoviePlayer
LogPluginManager: Mounting plugin SoundFields
LogPluginManager: Mounting plugin WindowsMoviePlayer
LogPluginManager: Mounting plugin ContentBrowserClassDataSource
LogPluginManager: Mounting plugin ContentBrowserAssetDataSource
LogPluginManager: Mounting plugin ContentBrowserFileDataSource
LogPluginManager: Mounting plugin OnlineSubsystemIOS
LogPluginManager: Mounting plugin OnlineSubsystemGooglePlay
LogPluginManager: Mounting plugin OculusVR
LogPluginManager: Mounting plugin SteamVR
PixWinPlugin: PIX capture plugin failed to initialize! Check that the process is launched from PIX.
LogLuminAPIImpl: Warning: MLSDK not found.  This likely means the MLSDK environment variable is not set.
LogInit: Using libcurl 7.55.1-DEV
LogInit:  - built for x86_64-pc-win32
LogInit:  - supports SSL with OpenSSL/1.1.1
LogInit:  - supports HTTP deflate (compression) using libz 1.2.8
LogInit:  - other features:
LogInit:      CURL_VERSION_SSL
LogInit:      CURL_VERSION_LIBZ
LogInit:      CURL_VERSION_IPV6
LogInit:      CURL_VERSION_ASYNCHDNS
LogInit:      CURL_VERSION_LARGEFILE
LogInit:      CURL_VERSION_IDN
LogInit:  CurlRequestOptions (configurable via config and command line):
LogInit:  - bVerifyPeer = true  - Libcurl will verify peer certificate
LogInit:  - bUseHttpProxy = false  - Libcurl will NOT use HTTP proxy
LogInit:  - bDontReuseConnections = false  - Libcurl will reuse connections
LogInit:  - MaxHostConnections = 16  - Libcurl will limit the number of connections to a host
LogInit:  - LocalHostAddr = Default
LogInit:  - BufferSize = 65536
LogOnline: OSS: Creating online subsystem instance for: NULL
LogInit: WinSock: version 1.1 (2.2), MaxSocks=32767, MaxUdp=65467
LogOnline: OSS: TryLoadSubsystemAndSetDefault: Loaded subsystem for module [NULL]
LogOculusPluginWrapper: OculusPlugin initialized successfully
LogHMD: Failed initializing OVRPlugin 1.59.0
LogInit: Build: ++UE4+Release-4.27-CL-18319896
LogInit: Engine Version: 4.27.2-18319896+++UE4+Release-4.27
LogInit: Compatible Engine Version: 4.27.0-17155196+++UE4+Release-4.27
LogInit: Net CL: 17155196
LogInit: OS: Windows 10 (Release 2009) (), CPU: Intel(R) Xeon(R) CPU E5-2680 v3 @ 2.50GHz, GPU: AMD Radeon (TM) R9 200 Series
LogInit: Compiled (64-bit): Nov 30 2021 07:12:08
LogInit: Compiled with Visual C++: 19.24.28315.00
LogInit: Build Configuration: Development
LogInit: Branch Name: ++UE4+Release-4.27
LogInit: Command Line: 
LogInit: Base Directory: D:/Games/New Folder/UE_4.27/Engine/Binaries/Win64/
LogInit: Allocator: TBB
LogInit: Installed Engine Build: 1
LogDevObjectVersion: Number of dev versions registered: 29
LogDevObjectVersion:   Dev-Blueprints (B0D832E4-1F89-4F0D-ACCF-7EB736FD4AA2): 10
LogDevObjectVersion:   Dev-Build (E1C64328-A22C-4D53-A36C-8E866417BD8C): 0
LogDevObjectVersion:   Dev-Core (375EC13C-06E4-48FB-B500-84F0262A717E): 4
LogDevObjectVersion:   Dev-Editor (E4B068ED-F494-42E9-A231-DA0B2E46BB41): 40
LogDevObjectVersion:   Dev-Framework (CFFC743F-43B0-4480-9391-14DF171D2073): 37
LogDevObjectVersion:   Dev-Mobile (B02B49B5-BB20-44E9-A304-32B752E40360): 3
LogDevObjectVersion:   Dev-Networking (A4E4105C-59A1-49B5-A7C5-40C4547EDFEE): 0
LogDevObjectVersion:   Dev-Online (39C831C9-5AE6-47DC-9A44-9C173E1C8E7C): 0
LogDevObjectVersion:   Dev-Physics (78F01B33-EBEA-4F98-B9B4-84EACCB95AA2): 14
LogDevObjectVersion:   Dev-Platform (6631380F-2D4D-43E0-8009-CF276956A95A): 0
LogDevObjectVersion:   Dev-Rendering (12F88B9F-8875-4AFC-A67C-D90C383ABD29): 45
LogDevObjectVersion:   Dev-Sequencer (7B5AE74C-D270-4C10-A958-57980B212A5A): 13
LogDevObjectVersion:   Dev-VR (D7296918-1DD6-4BDD-9DE2-64A83CC13884): 3
LogDevObjectVersion:   Dev-LoadTimes (C2A15278-BFE7-4AFE-6C17-90FF531DF755): 1
LogDevObjectVersion:   Private-Geometry (6EACA3D4-40EC-4CC1-B786-8BED09428FC5): 3
LogDevObjectVersion:   Dev-AnimPhys (29E575DD-E0A3-4627-9D10-D276232CDCEA): 17
LogDevObjectVersion:   Dev-Anim (AF43A65D-7FD3-4947-9873-3E8ED9C1BB05): 15
LogDevObjectVersion:   Dev-ReflectionCapture (6B266CEC-1EC7-4B8F-A30B-E4D90942FC07): 1
LogDevObjectVersion:   Dev-Automation (0DF73D61-A23F-47EA-B727-89E90C41499A): 1
LogDevObjectVersion:   FortniteMain (601D1886-AC64-4F84-AA16-D3DE0DEAC7D6): 47
LogDevObjectVersion:   FortniteRelease (E7086368-6B23-4C58-8439-1B7016265E91): 1
LogDevObjectVersion:   Dev-Enterprise (9DFFBCD6-494F-0158-E221-12823C92A888): 10
LogDevObjectVersion:   Dev-Niagara (F2AED0AC-9AFE-416F-8664-AA7FFA26D6FC): 1
LogDevObjectVersion:   Dev-Destruction (174F1F0B-B4C6-45A5-B13F-2EE8D0FB917D): 10
LogDevObjectVersion:   Dev-Physics-Ext (35F94A83-E258-406C-A318-09F59610247C): 41
LogDevObjectVersion:   Dev-PhysicsMaterial-Chaos (B68FC16E-8B1B-42E2-B453-215C058844FE): 1
LogDevObjectVersion:   Dev-CineCamera (B2E18506-4273-CFC2-A54E-F4BB758BBA07): 1
LogDevObjectVersion:   Dev-VirtualProduction (64F58936-FD1B-42BA-BA96-7289D5D0FA4E): 1
LogDevObjectVersion:   Dev-MediaFramework (6F0ED827-A609-4895-9C91-998D90180EA4): 2
LogInit: Presizing for max 25165824 objects, including 0 objects not considered by GC, pre-allocating 0 bytes for permanent pool.
LogConfig: Applying CVar settings from Section [/Script/Engine.StreamingSettings] File [D:/Users/User/Documents/Unreal Projects/UnauticnaCastle/Saved/Config/Windows/Engine.ini]
LogConfig: Setting CVar [[s.MinBulkDataSizeForAsyncLoading:131072]]
LogConfig: Setting CVar [[s.AsyncLoadingThreadEnabled:0]]
LogConfig: Setting CVar [[s.EventDrivenLoaderEnabled:1]]
LogConfig: Setting CVar [[s.WarnIfTimeLimitExceeded:0]]
LogConfig: Setting CVar [[s.TimeLimitExceededMultiplier:1.5]]
LogConfig: Setting CVar [[s.TimeLimitExceededMinTime:0.005]]
LogConfig: Setting CVar [[s.UseBackgroundLevelStreaming:1]]
LogConfig: Setting CVar [[s.PriorityAsyncLoadingExtraTime:15.0]]
LogConfig: Setting CVar [[s.LevelStreamingActorsUpdateTimeLimit:5.0]]
LogConfig: Setting CVar [[s.PriorityLevelStreamingActorsUpdateExtraTime:5.0]]
LogConfig: Setting CVar [[s.LevelStreamingComponentsRegistrationGranularity:10]]
LogConfig: Setting CVar [[s.UnregisterComponentsTimeLimit:1.0]]
LogConfig: Setting CVar [[s.LevelStreamingComponentsUnregistrationGranularity:5]]
LogConfig: Setting CVar [[s.FlushStreamingOnExit:1]]
LogInit: Object subsystem initialized
LogConfig: Setting CVar [[con.DebugEarlyDefault:1]]
LogConfig: Setting CVar [[r.setres:1280x720]]
[2026.04.28-03.51.22:317][  0]LogConfig: Setting CVar [[r.VSync:0]]
[2026.04.28-03.51.22:317][  0]LogConfig: Setting CVar [[r.RHICmdBypass:0]]
[2026.04.28-03.51.22:317][  0]LogConfig: Applying CVar settings from Section [/Script/Engine.RendererSettings] File [D:/Users/User/Documents/Unreal Projects/UnauticnaCastle/Saved/Config/Windows/Engine.ini]
[2026.04.28-03.51.22:318][  0]LogConfig: Setting CVar [[r.GPUCrashDebugging:0]]
[2026.04.28-03.51.22:318][  0]LogConfig: Setting CVar [[r.SkinCache.CompileShaders:1]]
[2026.04.28-03.51.22:318][  0]LogConfig: Setting CVar [[r.RayTracing:1]]
[2026.04.28-03.51.22:318][  0]LogConfig: Applying CVar settings from Section [/Script/Engine.RendererOverrideSettings] File [D:/Users/User/Documents/Unreal Projects/UnauticnaCastle/Saved/Config/Windows/Engine.ini]
[2026.04.28-03.51.22:318][  0]LogConfig: Applying CVar settings from Section [/Script/Engine.StreamingSettings] File [D:/Users/User/Documents/Unreal Projects/UnauticnaCastle/Saved/Config/Windows/Engine.ini]
[2026.04.28-03.51.22:318][  0]LogConfig: Setting CVar [[s.MinBulkDataSizeForAsyncLoading:131072]]
[2026.04.28-03.51.22:318][  0]LogConfig: Setting CVar [[s.AsyncLoadingThreadEnabled:0]]
[2026.04.28-03.51.22:318][  0]LogConfig: Setting CVar [[s.EventDrivenLoaderEnabled:1]]
[2026.04.28-03.51.22:318][  0]LogConfig: Setting CVar [[s.WarnIfTimeLimitExceeded:0]]
[2026.04.28-03.51.22:318][  0]LogConfig: Setting CVar [[s.TimeLimitExceededMultiplier:1.5]]
[2026.04.28-03.51.22:318][  0]LogConfig: Setting CVar [[s.TimeLimitExceededMinTime:0.005]]
[2026.04.28-03.51.22:318][  0]LogConfig: Setting CVar [[s.UseBackgroundLevelStreaming:1]]
[2026.04.28-03.51.22:318][  0]LogConfig: Setting CVar [[s.PriorityAsyncLoadingExtraTime:15.0]]
[2026.04.28-03.51.22:318][  0]LogConfig: Setting CVar [[s.LevelStreamingActorsUpdateTimeLimit:5.0]]
[2026.04.28-03.51.22:318][  0]LogConfig: Setting CVar [[s.PriorityLevelStreamingActorsUpdateExtraTime:5.0]]
[2026.04.28-03.51.22:318][  0]LogConfig: Setting CVar [[s.LevelStreamingComponentsRegistrationGranularity:10]]
[2026.04.28-03.51.22:318][  0]LogConfig: Setting CVar [[s.UnregisterComponentsTimeLimit:1.0]]
[2026.04.28-03.51.22:318][  0]LogConfig: Setting CVar [[s.LevelStreamingComponentsUnregistrationGranularity:5]]
[2026.04.28-03.51.22:318][  0]LogConfig: Setting CVar [[s.FlushStreamingOnExit:1]]
[2026.04.28-03.51.22:318][  0]LogConfig: Applying CVar settings from Section [/Script/Engine.GarbageCollectionSettings] File [D:/Users/User/Documents/Unreal Projects/UnauticnaCastle/Saved/Config/Windows/Engine.ini]
[2026.04.28-03.51.22:318][  0]LogConfig: Setting CVar [[gc.MaxObjectsNotConsideredByGC:1]]
[2026.04.28-03.51.22:318][  0]LogConfig: Setting CVar [[gc.SizeOfPermanentObjectPool:0]]
[2026.04.28-03.51.22:318][  0]LogConfig: Setting CVar [[gc.FlushStreamingOnGC:0]]
[2026.04.28-03.51.22:318][  0]LogConfig: Setting CVar [[gc.NumRetriesBeforeForcingGC:10]]
[2026.04.28-03.51.22:318][  0]LogConfig: Setting CVar [[gc.AllowParallelGC:1]]
[2026.04.28-03.51.22:318][  0]LogConfig: Setting CVar [[gc.TimeBetweenPurgingPendingKillObjects:61.1]]
[2026.04.28-03.51.22:318][  0]LogConfig: Setting CVar [[gc.MaxObjectsInEditor:25165824]]
[2026.04.28-03.51.22:318][  0]LogConfig: Setting CVar [[gc.IncrementalBeginDestroyEnabled:1]]
[2026.04.28-03.51.22:318][  0]LogConfig: Setting CVar [[gc.CreateGCClusters:1]]
[2026.04.28-03.51.22:318][  0]LogConfig: Setting CVar [[gc.MinGCClusterSize:5]]
[2026.04.28-03.51.22:318][  0]LogConfig: Setting CVar [[gc.ActorClusteringEnabled:0]]
[2026.04.28-03.51.22:318][  0]LogConfig: Setting CVar [[gc.BlueprintClusteringEnabled:0]]
[2026.04.28-03.51.22:318][  0]LogConfig: Setting CVar [[gc.UseDisregardForGCOnDedicatedServers:0]]
[2026.04.28-03.51.22:318][  0]LogConfig: Setting CVar [[gc.MultithreadedDestructionEnabled:1]]
[2026.04.28-03.51.22:318][  0]LogConfig: Applying CVar settings from Section [/Script/Engine.NetworkSettings] File [D:/Users/User/Documents/Unreal Projects/UnauticnaCastle/Saved/Config/Windows/Engine.ini]
[2026.04.28-03.51.22:318][  0]LogConfig: Applying CVar settings from Section [/Script/UnrealEd.CookerSettings] File [D:/Users/User/Documents/Unreal Projects/UnauticnaCastle/Saved/Config/Windows/Engine.ini]
[2026.04.28-03.51.22:338][  0]LogConfig: Applying CVar settings from Section [ViewDistanceQuality@3] File [D:/Users/User/Documents/Unreal Projects/UnauticnaCastle/Saved/Config/Windows/Scalability.ini]
[2026.04.28-03.51.22:338][  0]LogConfig: Setting CVar [[r.SkeletalMeshLODBias:0]]
[2026.04.28-03.51.22:338][  0]LogConfig: Setting CVar [[r.ViewDistanceScale:1.0]]
[2026.04.28-03.51.22:338][  0]LogConfig: Applying CVar settings from Section [AntiAliasingQuality@3] File [D:/Users/User/Documents/Unreal Projects/UnauticnaCastle/Saved/Config/Windows/Scalability.ini]
[2026.04.28-03.51.22:338][  0]LogConfig: Setting CVar [[r.PostProcessAAQuality:4]]
[2026.04.28-03.51.22:338][  0]LogConfig: Applying CVar settings from Section [ShadowQuality@3] File [D:/Users/User/Documents/Unreal Projects/UnauticnaCastle/Saved/Config/Windows/Scalability.ini]
[2026.04.28-03.51.22:338][  0]LogConfig: Setting CVar [[r.LightFunctionQuality:1]]
[2026.04.28-03.51.22:338][  0]LogConfig: Setting CVar [[r.ShadowQuality:5]]
[2026.04.28-03.51.22:338][  0]LogConfig: Setting CVar [[r.Shadow.CSM.MaxCascades:10]]
[2026.04.28-03.51.22:338][  0]LogConfig: Setting CVar [[r.Shadow.MaxResolution:2048]]
[2026.04.28-03.51.22:338][  0]LogConfig: Setting CVar [[r.Shadow.MaxCSMResolution:2048]]
[2026.04.28-03.51.22:338][  0]LogConfig: Setting CVar [[r.Shadow.RadiusThreshold:0.01]]
[2026.04.28-03.51.22:338][  0]LogConfig: Setting CVar [[r.Shadow.DistanceScale:1.0]]
[2026.04.28-03.51.22:338][  0]LogConfig: Setting CVar [[r.Shadow.CSM.TransitionScale:1.0]]
[2026.04.28-03.51.22:338][  0]LogConfig: Setting CVar [[r.Shadow.PreShadowResolutionFactor:1.0]]
[2026.04.28-03.51.22:338][  0]LogConfig: Setting CVar [[r.DistanceFieldShadowing:1]]
[2026.04.28-03.51.22:338][  0]LogConfig: Setting CVar [[r.DistanceFieldAO:1]]
[2026.04.28-03.51.22:338][  0]LogConfig: Setting CVar [[r.AOQuality:2]]
[2026.04.28-03.51.22:338][  0]LogConfig: Setting CVar [[r.VolumetricFog:1]]
[2026.04.28-03.51.22:338][  0]LogConfig: Setting CVar [[r.VolumetricFog.GridPixelSize:8]]
[2026.04.28-03.51.22:338][  0]LogConfig: Setting CVar [[r.VolumetricFog.GridSizeZ:128]]
[2026.04.28-03.51.22:338][  0]LogConfig: Setting CVar [[r.VolumetricFog.HistoryMissSupersampleCount:4]]
[2026.04.28-03.51.22:338][  0]LogConfig: Setting CVar [[r.LightMaxDrawDistanceScale:1]]
[2026.04.28-03.51.22:338][  0]LogConfig: Setting CVar [[r.CapsuleShadows:1]]
[2026.04.28-03.51.22:338][  0]LogConfig: Applying CVar settings from Section [PostProcessQuality@3] File [D:/Users/User/Documents/Unreal Projects/UnauticnaCastle/Saved/Config/Windows/Scalability.ini]
[2026.04.28-03.51.22:338][  0]LogConfig: Setting CVar [[r.MotionBlurQuality:4]]
[2026.04.28-03.51.22:339][  0]LogConfig: Setting CVar [[r.AmbientOcclusionMipLevelFactor:0.4]]
[2026.04.28-03.51.22:339][  0]LogConfig: Setting CVar [[r.AmbientOcclusionMaxQuality:100]]
[2026.04.28-03.51.22:339][  0]LogConfig: Setting CVar [[r.AmbientOcclusionLevels:-1]]
[2026.04.28-03.51.22:339][  0]LogConfig: Setting CVar [[r.AmbientOcclusionRadiusScale:1.0]]
[2026.04.28-03.51.22:339][  0]LogConfig: Setting CVar [[r.DepthOfFieldQuality:2]]
[2026.04.28-03.51.22:339][  0]LogConfig: Setting CVar [[r.RenderTargetPoolMin:400]]
[2026.04.28-03.51.22:339][  0]LogConfig: Setting CVar [[r.LensFlareQuality:2]]
[2026.04.28-03.51.22:339][  0]LogConfig: Setting CVar [[r.SceneColorFringeQuality:1]]
[2026.04.28-03.51.22:339][  0]LogConfig: Setting CVar [[r.EyeAdaptationQuality:2]]
[2026.04.28-03.51.22:339][  0]LogConfig: Setting CVar [[r.BloomQuality:5]]
[2026.04.28-03.51.22:339][  0]LogConfig: Setting CVar [[r.FastBlurThreshold:100]]
[2026.04.28-03.51.22:339][  0]LogConfig: Setting CVar [[r.Upscale.Quality:3]]
[2026.04.28-03.51.22:339][  0]LogConfig: Setting CVar [[r.Tonemapper.GrainQuantization:1]]
[2026.04.28-03.51.22:339][  0]LogConfig: Setting CVar [[r.LightShaftQuality:1]]
[2026.04.28-03.51.22:339][  0]LogConfig: Setting CVar [[r.Filter.SizeScale:1]]
[2026.04.28-03.51.22:339][  0]LogConfig: Setting CVar [[r.Tonemapper.Quality:5]]
[2026.04.28-03.51.22:339][  0]LogConfig: Setting CVar [[r.DOF.Gather.AccumulatorQuality:1        ; higher gathering accumulator quality]]
[2026.04.28-03.51.22:339][  0]LogConfig: Setting CVar [[r.DOF.Gather.PostfilterMethod:1          ; Median3x3 postfilering method]]
[2026.04.28-03.51.22:339][  0]LogConfig: Setting CVar [[r.DOF.Gather.EnableBokehSettings:0       ; no bokeh simulation when gathering]]
[2026.04.28-03.51.22:339][  0]LogConfig: Setting CVar [[r.DOF.Gather.RingCount:4                 ; medium number of samples when gathering]]
[2026.04.28-03.51.22:339][  0]LogConfig: Setting CVar [[r.DOF.Scatter.ForegroundCompositing:1    ; additive foreground scattering]]
[2026.04.28-03.51.22:339][  0]LogConfig: Setting CVar [[r.DOF.Scatter.BackgroundCompositing:2    ; additive background scattering]]
[2026.04.28-03.51.22:339][  0]LogConfig: Setting CVar [[r.DOF.Scatter.EnableBokehSettings:1      ; bokeh simulation when scattering]]
[2026.04.28-03.51.22:339][  0]LogConfig: Setting CVar [[r.DOF.Scatter.MaxSpriteRatio:0.1         ; only a maximum of 10% of scattered bokeh]]
[2026.04.28-03.51.22:339][  0]LogConfig: Setting CVar [[r.DOF.Recombine.Quality:1                ; cheap slight out of focus]]
[2026.04.28-03.51.22:339][  0]LogConfig: Setting CVar [[r.DOF.Recombine.EnableBokehSettings:0    ; no bokeh simulation on slight out of focus]]
[2026.04.28-03.51.22:339][  0]LogConfig: Setting CVar [[r.DOF.TemporalAAQuality:1                ; more stable temporal accumulation]]
[2026.04.28-03.51.22:339][  0]LogConfig: Setting CVar [[r.DOF.Kernel.MaxForegroundRadius:0.025]]
[2026.04.28-03.51.22:339][  0]LogConfig: Setting CVar [[r.DOF.Kernel.MaxBackgroundRadius:0.025]]
[2026.04.28-03.51.22:339][  0]LogConfig: Applying CVar settings from Section [TextureQuality@3] File [D:/Users/User/Documents/Unreal Projects/UnauticnaCastle/Saved/Config/Windows/Scalability.ini]
[2026.04.28-03.51.22:339][  0]LogConfig: Setting CVar [[r.Streaming.MipBias:0]]
[2026.04.28-03.51.22:339][  0]LogConfig: Setting CVar [[r.Streaming.AmortizeCPUToGPUCopy:0]]
[2026.04.28-03.51.22:339][  0]LogConfig: Setting CVar [[r.Streaming.MaxNumTexturesToStreamPerFrame:0]]
[2026.04.28-03.51.22:339][  0]LogConfig: Setting CVar [[r.Streaming.Boost:1]]
[2026.04.28-03.51.22:339][  0]LogConfig: Setting CVar [[r.MaxAnisotropy:8]]
[2026.04.28-03.51.22:339][  0]LogConfig: Setting CVar [[r.VT.MaxAnisotropy:8]]
[2026.04.28-03.51.22:339][  0]LogConfig: Setting CVar [[r.Streaming.LimitPoolSizeToVRAM:0]]
[2026.04.28-03.51.22:339][  0]LogConfig: Setting CVar [[r.Streaming.PoolSize:1000]]
[2026.04.28-03.51.22:339][  0]LogConfig: Setting CVar [[r.Streaming.MaxEffectiveScreenSize:0]]
[2026.04.28-03.51.22:339][  0]LogConfig: Applying CVar settings from Section [EffectsQuality@3] File [D:/Users/User/Documents/Unreal Projects/UnauticnaCastle/Saved/Config/Windows/Scalability.ini]
[2026.04.28-03.51.22:339][  0]LogConfig: Setting CVar [[r.TranslucencyLightingVolumeDim:64]]
[2026.04.28-03.51.22:339][  0]LogConfig: Setting CVar [[r.RefractionQuality:2]]
[2026.04.28-03.51.22:340][  0]LogConfig: Setting CVar [[r.SSR.Quality:3]]
[2026.04.28-03.51.22:340][  0]LogConfig: Setting CVar [[r.SSR.HalfResSceneColor:0]]
[2026.04.28-03.51.22:340][  0]LogConfig: Setting CVar [[r.SceneColorFormat:4]]
[2026.04.28-03.51.22:340][  0]LogConfig: Setting CVar [[r.DetailMode:2]]
[2026.04.28-03.51.22:340][  0]LogConfig: Setting CVar [[r.TranslucencyVolumeBlur:1]]
[2026.04.28-03.51.22:340][  0]LogConfig: Setting CVar [[r.MaterialQualityLevel:1 ; High quality]]
[2026.04.28-03.51.22:340][  0]LogConfig: Setting CVar [[r.AnisotropicMaterials:1]]
[2026.04.28-03.51.22:340][  0]LogConfig: Setting CVar [[r.SSS.Scale:1]]
[2026.04.28-03.51.22:340][  0]LogConfig: Setting CVar [[r.SSS.SampleSet:2]]
[2026.04.28-03.51.22:340][  0]LogConfig: Setting CVar [[r.SSS.Quality:1]]
[2026.04.28-03.51.22:340][  0]LogConfig: Setting CVar [[r.SSS.HalfRes:0]]
[2026.04.28-03.51.22:340][  0]LogConfig: Setting CVar [[r.SSGI.Quality:3]]
[2026.04.28-03.51.22:340][  0]LogConfig: Setting CVar [[r.EmitterSpawnRateScale:1.0]]
[2026.04.28-03.51.22:340][  0]LogConfig: Setting CVar [[r.ParticleLightQuality:2]]
[2026.04.28-03.51.22:340][  0]LogConfig: Setting CVar [[r.SkyAtmosphere.AerialPerspectiveLUT.FastApplyOnOpaque:1 ; Always have FastSkyLUT 1 in this case to avoid wrong sky]]
[2026.04.28-03.51.22:340][  0]LogConfig: Setting CVar [[r.SkyAtmosphere.AerialPerspectiveLUT.SampleCountMaxPerSlice:4]]
[2026.04.28-03.51.22:340][  0]LogConfig: Setting CVar [[r.SkyAtmosphere.AerialPerspectiveLUT.DepthResolution:16.0]]
[2026.04.28-03.51.22:340][  0]LogConfig: Setting CVar [[r.SkyAtmosphere.FastSkyLUT:1]]
[2026.04.28-03.51.22:340][  0]LogConfig: Setting CVar [[r.SkyAtmosphere.FastSkyLUT.SampleCountMin:4.0]]
[2026.04.28-03.51.22:340][  0]LogConfig: Setting CVar [[r.SkyAtmosphere.FastSkyLUT.SampleCountMax:128.0]]
[2026.04.28-03.51.22:340][  0]LogConfig: Setting CVar [[r.SkyAtmosphere.SampleCountMin:4.0]]
[2026.04.28-03.51.22:340][  0]LogConfig: Setting CVar [[r.SkyAtmosphere.SampleCountMax:128.0]]
[2026.04.28-03.51.22:340][  0]LogConfig: Setting CVar [[r.SkyAtmosphere.TransmittanceLUT.UseSmallFormat:0]]
[2026.04.28-03.51.22:340][  0]LogConfig: Setting CVar [[r.SkyAtmosphere.TransmittanceLUT.SampleCount:10.0]]
[2026.04.28-03.51.22:340][  0]LogConfig: Setting CVar [[r.SkyAtmosphere.MultiScatteringLUT.SampleCount:15.0]]
[2026.04.28-03.51.22:340][  0]LogConfig: Setting CVar [[r.SkyLight.RealTimeReflectionCapture:1]]
[2026.04.28-03.51.22:340][  0]LogConfig: Applying CVar settings from Section [FoliageQuality@3] File [D:/Users/User/Documents/Unreal Projects/UnauticnaCastle/Saved/Config/Windows/Scalability.ini]
[2026.04.28-03.51.22:340][  0]LogConfig: Setting CVar [[foliage.DensityScale:1.0]]
[2026.04.28-03.51.22:340][  0]LogConfig: Setting CVar [[grass.DensityScale:1.0]]
[2026.04.28-03.51.22:340][  0]LogConfig: Applying CVar settings from Section [ShadingQuality@3] File [D:/Users/User/Documents/Unreal Projects/UnauticnaCastle/Saved/Config/Windows/Scalability.ini]
[2026.04.28-03.51.22:340][  0]LogConfig: Setting CVar [[r.HairStrands.SkyLighting.IntegrationType:2]]
[2026.04.28-03.51.22:340][  0]LogConfig: Setting CVar [[r.HairStrands.SkyAO.SampleCount:4]]
[2026.04.28-03.51.22:340][  0]LogConfig: Setting CVar [[r.HairStrands.Visibility.MSAA.SamplePerPixel:4]]
[2026.04.28-03.51.22:340][  0]LogInit: Selected Device Profile: [Windows]
[2026.04.28-03.51.22:340][  0]LogInit: Applying CVar settings loaded from the selected device profile: [Windows]
[2026.04.28-03.51.22:340][  0]LogHAL: Display: Platform has ~ 32 GB [34260234240 / 34359738368 / 32], which maps to Largest [LargestMinGB=32, LargerMinGB=12, DefaultMinGB=8, SmallerMinGB=6, SmallestMinGB=0)
[2026.04.28-03.51.22:341][  0]LogInit: Going up to parent DeviceProfile []
[2026.04.28-03.51.22:341][  0]LogConfig: Applying CVar settings from Section [ViewDistanceQuality@3] File [D:/Users/User/Documents/Unreal Projects/UnauticnaCastle/Saved/Config/Windows/Scalability.ini]
[2026.04.28-03.51.22:341][  0]LogConfig: Setting CVar [[r.SkeletalMeshLODBias:0]]
[2026.04.28-03.51.22:341][  0]LogConfig: Setting CVar [[r.ViewDistanceScale:1.0]]
[2026.04.28-03.51.22:341][  0]LogConfig: Applying CVar settings from Section [AntiAliasingQuality@3] File [D:/Users/User/Documents/Unreal Projects/UnauticnaCastle/Saved/Config/Windows/Scalability.ini]
[2026.04.28-03.51.22:341][  0]LogConfig: Setting CVar [[r.PostProcessAAQuality:4]]
[2026.04.28-03.51.22:341][  0]LogConfig: Applying CVar settings from Section [ShadowQuality@3] File [D:/Users/User/Documents/Unreal Projects/UnauticnaCastle/Saved/Config/Windows/Scalability.ini]
[2026.04.28-03.51.22:341][  0]LogConfig: Setting CVar [[r.LightFunctionQuality:1]]
[2026.04.28-03.51.22:341][  0]LogConfig: Setting CVar [[r.ShadowQuality:5]]
[2026.04.28-03.51.22:341][  0]LogConfig: Setting CVar [[r.Shadow.CSM.MaxCascades:10]]
[2026.04.28-03.51.22:341][  0]LogConfig: Setting CVar [[r.Shadow.MaxResolution:2048]]
[2026.04.28-03.51.22:341][  0]LogConfig: Setting CVar [[r.Shadow.MaxCSMResolution:2048]]
[2026.04.28-03.51.22:341][  0]LogConfig: Setting CVar [[r.Shadow.RadiusThreshold:0.01]]
[2026.04.28-03.51.22:341][  0]LogConfig: Setting CVar [[r.Shadow.DistanceScale:1.0]]
[2026.04.28-03.51.22:341][  0]LogConfig: Setting CVar [[r.Shadow.CSM.TransitionScale:1.0]]
[2026.04.28-03.51.22:341][  0]LogConfig: Setting CVar [[r.Shadow.PreShadowResolutionFactor:1.0]]
[2026.04.28-03.51.22:341][  0]LogConfig: Setting CVar [[r.DistanceFieldShadowing:1]]
[2026.04.28-03.51.22:341][  0]LogConfig: Setting CVar [[r.DistanceFieldAO:1]]
[2026.04.28-03.51.22:341][  0]LogConfig: Setting CVar [[r.AOQuality:2]]
[2026.04.28-03.51.22:341][  0]LogConfig: Setting CVar [[r.VolumetricFog:1]]
[2026.04.28-03.51.22:341][  0]LogConfig: Setting CVar [[r.VolumetricFog.GridPixelSize:8]]
[2026.04.28-03.51.22:341][  0]LogConfig: Setting CVar [[r.VolumetricFog.GridSizeZ:128]]
[2026.04.28-03.51.22:341][  0]LogConfig: Setting CVar [[r.VolumetricFog.HistoryMissSupersampleCount:4]]
[2026.04.28-03.51.22:341][  0]LogConfig: Setting CVar [[r.LightMaxDrawDistanceScale:1]]
[2026.04.28-03.51.22:341][  0]LogConfig: Setting CVar [[r.CapsuleShadows:1]]
[2026.04.28-03.51.22:341][  0]LogConfig: Applying CVar settings from Section [PostProcessQuality@3] File [D:/Users/User/Documents/Unreal Projects/UnauticnaCastle/Saved/Config/Windows/Scalability.ini]
[2026.04.28-03.51.22:341][  0]LogConfig: Setting CVar [[r.MotionBlurQuality:4]]
[2026.04.28-03.51.22:341][  0]LogConfig: Setting CVar [[r.AmbientOcclusionMipLevelFactor:0.4]]
[2026.04.28-03.51.22:341][  0]LogConfig: Setting CVar [[r.AmbientOcclusionMaxQuality:100]]
[2026.04.28-03.51.22:341][  0]LogConfig: Setting CVar [[r.AmbientOcclusionLevels:-1]]
[2026.04.28-03.51.22:341][  0]LogConfig: Setting CVar [[r.AmbientOcclusionRadiusScale:1.0]]
[2026.04.28-03.51.22:341][  0]LogConfig: Setting CVar [[r.DepthOfFieldQuality:2]]
[2026.04.28-03.51.22:341][  0]LogConfig: Setting CVar [[r.RenderTargetPoolMin:400]]
[2026.04.28-03.51.22:341][  0]LogConfig: Setting CVar [[r.LensFlareQuality:2]]
[2026.04.28-03.51.22:341][  0]LogConfig: Setting CVar [[r.SceneColorFringeQuality:1]]
[2026.04.28-03.51.22:341][  0]LogConfig: Setting CVar [[r.EyeAdaptationQuality:2]]
[2026.04.28-03.51.22:342][  0]LogConfig: Setting CVar [[r.BloomQuality:5]]
[2026.04.28-03.51.22:342][  0]LogConfig: Setting CVar [[r.FastBlurThreshold:100]]
[2026.04.28-03.51.22:342][  0]LogConfig: Setting CVar [[r.Upscale.Quality:3]]
[2026.04.28-03.51.22:342][  0]LogConfig: Setting CVar [[r.Tonemapper.GrainQuantization:1]]
[2026.04.28-03.51.22:342][  0]LogConfig: Setting CVar [[r.LightShaftQuality:1]]
[2026.04.28-03.51.22:342][  0]LogConfig: Setting CVar [[r.Filter.SizeScale:1]]
[2026.04.28-03.51.22:342][  0]LogConfig: Setting CVar [[r.Tonemapper.Quality:5]]
[2026.04.28-03.51.22:342][  0]LogConfig: Setting CVar [[r.DOF.Gather.AccumulatorQuality:1        ; higher gathering accumulator quality]]
[2026.04.28-03.51.22:342][  0]LogConfig: Setting CVar [[r.DOF.Gather.PostfilterMethod:1          ; Median3x3 postfilering method]]
[2026.04.28-03.51.22:342][  0]LogConfig: Setting CVar [[r.DOF.Gather.EnableBokehSettings:0       ; no bokeh simulation when gathering]]
[2026.04.28-03.51.22:342][  0]LogConfig: Setting CVar [[r.DOF.Gather.RingCount:4                 ; medium number of samples when gathering]]
[2026.04.28-03.51.22:342][  0]LogConfig: Setting CVar [[r.DOF.Scatter.ForegroundCompositing:1    ; additive foreground scattering]]
[2026.04.28-03.51.22:342][  0]LogConfig: Setting CVar [[r.DOF.Scatter.BackgroundCompositing:2    ; additive background scattering]]
[2026.04.28-03.51.22:342][  0]LogConfig: Setting CVar [[r.DOF.Scatter.EnableBokehSettings:1      ; bokeh simulation when scattering]]
[2026.04.28-03.51.22:342][  0]LogConfig: Setting CVar [[r.DOF.Scatter.MaxSpriteRatio:0.1         ; only a maximum of 10% of scattered bokeh]]
[2026.04.28-03.51.22:342][  0]LogConfig: Setting CVar [[r.DOF.Recombine.Quality:1                ; cheap slight out of focus]]
[2026.04.28-03.51.22:342][  0]LogConfig: Setting CVar [[r.DOF.Recombine.EnableBokehSettings:0    ; no bokeh simulation on slight out of focus]]
[2026.04.28-03.51.22:342][  0]LogConfig: Setting CVar [[r.DOF.TemporalAAQuality:1                ; more stable temporal accumulation]]
[2026.04.28-03.51.22:342][  0]LogConfig: Setting CVar [[r.DOF.Kernel.MaxForegroundRadius:0.025]]
[2026.04.28-03.51.22:342][  0]LogConfig: Setting CVar [[r.DOF.Kernel.MaxBackgroundRadius:0.025]]
[2026.04.28-03.51.22:342][  0]LogConfig: Applying CVar settings from Section [TextureQuality@3] File [D:/Users/User/Documents/Unreal Projects/UnauticnaCastle/Saved/Config/Windows/Scalability.ini]
[2026.04.28-03.51.22:342][  0]LogConfig: Setting CVar [[r.Streaming.MipBias:0]]
[2026.04.28-03.51.22:342][  0]LogConfig: Setting CVar [[r.Streaming.AmortizeCPUToGPUCopy:0]]
[2026.04.28-03.51.22:342][  0]LogConfig: Setting CVar [[r.Streaming.MaxNumTexturesToStreamPerFrame:0]]
[2026.04.28-03.51.22:342][  0]LogConfig: Setting CVar [[r.Streaming.Boost:1]]
[2026.04.28-03.51.22:342][  0]LogConfig: Setting CVar [[r.MaxAnisotropy:8]]
[2026.04.28-03.51.22:342][  0]LogConfig: Setting CVar [[r.VT.MaxAnisotropy:8]]
[2026.04.28-03.51.22:342][  0]LogConfig: Setting CVar [[r.Streaming.LimitPoolSizeToVRAM:0]]
[2026.04.28-03.51.22:342][  0]LogConfig: Setting CVar [[r.Streaming.PoolSize:1000]]
[2026.04.28-03.51.22:342][  0]LogConfig: Setting CVar [[r.Streaming.MaxEffectiveScreenSize:0]]
[2026.04.28-03.51.22:342][  0]LogConfig: Applying CVar settings from Section [EffectsQuality@3] File [D:/Users/User/Documents/Unreal Projects/UnauticnaCastle/Saved/Config/Windows/Scalability.ini]
[2026.04.28-03.51.22:342][  0]LogConfig: Setting CVar [[r.TranslucencyLightingVolumeDim:64]]
[2026.04.28-03.51.22:342][  0]LogConfig: Setting CVar [[r.RefractionQuality:2]]
[2026.04.28-03.51.22:342][  0]LogConfig: Setting CVar [[r.SSR.Quality:3]]
[2026.04.28-03.51.22:342][  0]LogConfig: Setting CVar [[r.SSR.HalfResSceneColor:0]]
[2026.04.28-03.51.22:342][  0]LogConfig: Setting CVar [[r.SceneColorFormat:4]]
[2026.04.28-03.51.22:342][  0]LogConfig: Setting CVar [[r.DetailMode:2]]
[2026.04.28-03.51.22:343][  0]LogConfig: Setting CVar [[r.TranslucencyVolumeBlur:1]]
[2026.04.28-03.51.22:343][  0]LogConfig: Setting CVar [[r.MaterialQualityLevel:1 ; High quality]]
[2026.04.28-03.51.22:343][  0]LogConfig: Setting CVar [[r.AnisotropicMaterials:1]]
[2026.04.28-03.51.22:343][  0]LogConfig: Setting CVar [[r.SSS.Scale:1]]
[2026.04.28-03.51.22:343][  0]LogConfig: Setting CVar [[r.SSS.SampleSet:2]]
[2026.04.28-03.51.22:343][  0]LogConfig: Setting CVar [[r.SSS.Quality:1]]
[2026.04.28-03.51.22:343][  0]LogConfig: Setting CVar [[r.SSS.HalfRes:0]]
[2026.04.28-03.51.22:343][  0]LogConfig: Setting CVar [[r.SSGI.Quality:3]]
[2026.04.28-03.51.22:343][  0]LogConfig: Setting CVar [[r.EmitterSpawnRateScale:1.0]]
[2026.04.28-03.51.22:343][  0]LogConfig: Setting CVar [[r.ParticleLightQuality:2]]
[2026.04.28-03.51.22:343][  0]LogConfig: Setting CVar [[r.SkyAtmosphere.AerialPerspectiveLUT.FastApplyOnOpaque:1 ; Always have FastSkyLUT 1 in this case to avoid wrong sky]]
[2026.04.28-03.51.22:343][  0]LogConfig: Setting CVar [[r.SkyAtmosphere.AerialPerspectiveLUT.SampleCountMaxPerSlice:4]]
[2026.04.28-03.51.22:343][  0]LogConfig: Setting CVar [[r.SkyAtmosphere.AerialPerspectiveLUT.DepthResolution:16.0]]
[2026.04.28-03.51.22:343][  0]LogConfig: Setting CVar [[r.SkyAtmosphere.FastSkyLUT:1]]
[2026.04.28-03.51.22:343][  0]LogConfig: Setting CVar [[r.SkyAtmosphere.FastSkyLUT.SampleCountMin:4.0]]
[2026.04.28-03.51.22:343][  0]LogConfig: Setting CVar [[r.SkyAtmosphere.FastSkyLUT.SampleCountMax:128.0]]
[2026.04.28-03.51.22:343][  0]LogConfig: Setting CVar [[r.SkyAtmosphere.SampleCountMin:4.0]]
[2026.04.28-03.51.22:343][  0]LogConfig: Setting CVar [[r.SkyAtmosphere.SampleCountMax:128.0]]
[2026.04.28-03.51.22:343][  0]LogConfig: Setting CVar [[r.SkyAtmosphere.TransmittanceLUT.UseSmallFormat:0]]
[2026.04.28-03.51.22:343][  0]LogConfig: Setting CVar [[r.SkyAtmosphere.TransmittanceLUT.SampleCount:10.0]]
[2026.04.28-03.51.22:343][  0]LogConfig: Setting CVar [[r.SkyAtmosphere.MultiScatteringLUT.SampleCount:15.0]]
[2026.04.28-03.51.22:343][  0]LogConfig: Setting CVar [[r.SkyLight.RealTimeReflectionCapture:1]]
[2026.04.28-03.51.22:343][  0]LogConfig: Applying CVar settings from Section [FoliageQuality@3] File [D:/Users/User/Documents/Unreal Projects/UnauticnaCastle/Saved/Config/Windows/Scalability.ini]
[2026.04.28-03.51.22:343][  0]LogConfig: Setting CVar [[foliage.DensityScale:1.0]]
[2026.04.28-03.51.22:343][  0]LogConfig: Setting CVar [[grass.DensityScale:1.0]]
[2026.04.28-03.51.22:343][  0]LogConfig: Applying CVar settings from Section [ShadingQuality@3] File [D:/Users/User/Documents/Unreal Projects/UnauticnaCastle/Saved/Config/Windows/Scalability.ini]
[2026.04.28-03.51.22:343][  0]LogConfig: Setting CVar [[r.HairStrands.SkyLighting.IntegrationType:2]]
[2026.04.28-03.51.22:343][  0]LogConfig: Setting CVar [[r.HairStrands.SkyAO.SampleCount:4]]
[2026.04.28-03.51.22:343][  0]LogConfig: Setting CVar [[r.HairStrands.Visibility.MSAA.SamplePerPixel:4]]
[2026.04.28-03.51.22:343][  0]LogConfig: Applying CVar settings from Section [Startup] File [../../../Engine/Config/ConsoleVariables.ini]
[2026.04.28-03.51.22:344][  0]LogConfig: Setting CVar [[net.UseAdaptiveNetUpdateFrequency:0]]
[2026.04.28-03.51.22:344][  0]LogConfig: Setting CVar [[p.chaos.AllowCreatePhysxBodies:1]]
[2026.04.28-03.51.22:344][  0]LogConfig: Setting CVar [[fx.SkipVectorVMBackendOptimizations:1]]
[2026.04.28-03.51.22:344][  0]LogConfig: Applying CVar settings from Section [ConsoleVariables] File [D:/Users/User/Documents/Unreal Projects/UnauticnaCastle/Saved/Config/Windows/Engine.ini]
[2026.04.28-03.51.22:344][  0]LogConfig: Applying CVar settings from Section [ConsoleVariables] File [D:/Users/User/Documents/Unreal Projects/UnauticnaCastle/Saved/Config/Windows/Editor.ini]
[2026.04.28-03.51.22:344][  0]LogInit: Computer: DESKTOP-VIF02FQ
[2026.04.28-03.51.22:344][  0]LogInit: User: User
[2026.04.28-03.51.22:344][  0]LogInit: CPU Page size=4096, Cores=12
[2026.04.28-03.51.22:344][  0]LogInit: High frequency timer resolution =10.000000 MHz
[2026.04.28-03.51.22:344][  0]LogMemory: Memory total: Physical=31.9GB (32GB approx)
[2026.04.28-03.51.22:344][  0]LogMemory: Platform Memory Stats for Windows
[2026.04.28-03.51.22:344][  0]LogMemory: Process Physical Memory: 151.05 MB used, 151.05 MB peak
[2026.04.28-03.51.22:344][  0]LogMemory: Process Virtual Memory: 127.00 MB used, 127.00 MB peak
[2026.04.28-03.51.22:344][  0]LogMemory: Physical Memory: 17738.12 MB used,  14934.99 MB free, 32673.11 MB total
[2026.04.28-03.51.22:344][  0]LogMemory: Virtual Memory: 134205504.00 MB used,  12225.56 MB free, 134217728.00 MB total
[2026.04.28-03.51.22:362][  0]LogWindows: WindowsPlatformFeatures enabled
[2026.04.28-03.51.22:435][  0]LogInit: Physics initialised using underlying interface: PhysX
[2026.04.28-03.51.22:437][  0]LogInit: Using OS detected language (ru-RU).
[2026.04.28-03.51.22:437][  0]LogInit: Using OS detected locale (ru-RU).
[2026.04.28-03.51.22:440][  0]LogTextLocalizationManager: No specific localization for 'ru-RU' exists, so the 'ru' localization will be used.
[2026.04.28-03.51.22:441][  0]LogTextLocalizationResource: LocRes '../../../Engine/Content/Localization/Editor/ru/Editor.locres' could not be opened for reading!
[2026.04.28-03.51.22:441][  0]LogTextLocalizationResource: LocRes '../../../Engine/Content/Localization/EditorTutorials/ru/EditorTutorials.locres' could not be opened for reading!
[2026.04.28-03.51.22:441][  0]LogTextLocalizationResource: LocRes '../../../Engine/Content/Localization/Keywords/ru/Keywords.locres' could not be opened for reading!
[2026.04.28-03.51.22:441][  0]LogTextLocalizationResource: LocRes '../../../Engine/Content/Localization/Category/ru/Category.locres' could not be opened for reading!
[2026.04.28-03.51.22:442][  0]LogTextLocalizationResource: LocRes '../../../Engine/Content/Localization/ToolTips/ru/ToolTips.locres' could not be opened for reading!
[2026.04.28-03.51.22:442][  0]LogTextLocalizationResource: LocRes '../../../Engine/Content/Localization/PropertyNames/ru/PropertyNames.locres' could not be opened for reading!
[2026.04.28-03.51.22:442][  0]LogTextLocalizationResource: LocRes '../../../Engine/Content/Localization/Engine/ru/Engine.locres' could not be opened for reading!
[2026.04.28-03.51.22:443][  0]LogInit: Setting process to per monitor DPI aware
[2026.04.28-03.51.22:466][  0]LogWindowsTextInputMethodSystem: Display: IME system deactivated.
[2026.04.28-03.51.22:493][  0]LogSlate: New Slate User Created.  User Index 0, Is Virtual User: 0
[2026.04.28-03.51.22:493][  0]LogSlate: Slate User Registered.  User Index 0, Is Virtual User: 0
[2026.04.28-03.51.22:742][  0]LogD3D12RHI: Aftermath initialized
[2026.04.28-03.51.22:742][  0]LogD3D12RHI: Loading WinPixEventRuntime.dll for PIX profiling (from ../../../Engine/Binaries/ThirdParty/Windows/WinPixEventRuntime/x64).
[2026.04.28-03.51.22:758][  0]LogHMD: Failed to initialize OpenVR with code 110
[2026.04.28-03.51.22:944][  0]LogD3D12RHI: Found D3D12 adapter 0: AMD Radeon (TM) R9 200 Series (Max supported Feature Level 11_1)
[2026.04.28-03.51.22:944][  0]LogD3D12RHI: Adapter has 2027MB of dedicated video memory, 0MB of dedicated system memory, and 16336MB of shared system memory, 1 output[s]
[2026.04.28-03.51.22:961][  0]LogD3D12RHI: Found D3D12 adapter 1: Microsoft Basic Render Driver (Max supported Feature Level 12_1)
[2026.04.28-03.51.22:961][  0]LogD3D12RHI: Adapter has 0MB of dedicated video memory, 0MB of dedicated system memory, and 16336MB of shared system memory, 0 output[s]
[2026.04.28-03.51.22:961][  0]LogD3D12RHI: Chosen D3D12 Adapter Id = 0
[2026.04.28-03.51.23:036][  0]LogD3D12RHI: InitD3DDevice: -D3DDebug = off -D3D12GPUValidation = off
[2026.04.28-03.51.23:036][  0]LogD3D12RHI: Emitting draw events for PIX profiling.
[2026.04.28-03.51.23:193][  0]LogD3D12RHI: The system supports ID3D12Device1.
[2026.04.28-03.51.23:193][  0]LogD3D12RHI: The system supports ID3D12Device2.
[2026.04.28-03.51.23:193][  0]LogD3D12RHI: The system supports ID3D12Device5.
[2026.04.28-03.51.23:193][  0]LogD3D12RHI: The system supports ID3D12Device7.
[2026.04.28-03.51.23:219][  0]LogD3D12RHI: [GPUBreadCrumb] Successfully setup breadcrumb resource for 3D Queue 0
[2026.04.28-03.51.23:221][  0]LogD3D12RHI: [GPUBreadCrumb] Successfully setup breadcrumb resource for Copy Queue 0
[2026.04.28-03.51.23:222][  0]LogD3D12RHI: [GPUBreadCrumb] Successfully setup breadcrumb resource for Compute Queue 0
[2026.04.28-03.51.23:242][  0]LogD3D12RHI: Display: Not using pipeline state disk cache per r.D3D12.PSO.DiskCache=0
[2026.04.28-03.51.23:242][  0]LogD3D12RHI: Display: Not using driver-optimized pipeline state disk cache per r.D3D12.PSO.DriverOptimizedDiskCache=0
[2026.04.28-03.51.23:447][  0]LogD3D12RHI:     GPU DeviceId: 0x6811 (for the marketing name, search the web for "GPU Device Id")
[2026.04.28-03.51.23:448][  0]LogWindows: EnumDisplayDevices:
[2026.04.28-03.51.23:448][  0]LogWindows:    0. 'AMD Radeon (TM) R9 200 Series' (P:1 D:1)
[2026.04.28-03.51.23:450][  0]LogWindows:    1. 'AMD Radeon (TM) R9 200 Series' (P:0 D:0)
[2026.04.28-03.51.23:451][  0]LogWindows:    2. 'AMD Radeon (TM) R9 200 Series' (P:0 D:0)
[2026.04.28-03.51.23:453][  0]LogWindows:    3. 'AMD Radeon (TM) R9 200 Series' (P:0 D:0)
[2026.04.28-03.51.23:455][  0]LogWindows:    4. 'AMD Radeon (TM) R9 200 Series' (P:0 D:0)
[2026.04.28-03.51.23:456][  0]LogWindows:    5. 'AMD Radeon (TM) R9 200 Series' (P:0 D:0)
[2026.04.28-03.51.23:458][  0]LogWindows:    6. 'AMD Radeon (TM) R9 200 Series' (P:0 D:0)
[2026.04.28-03.51.23:460][  0]LogWindows:    7. 'AMD Radeon (TM) R9 200 Series' (P:0 D:0)
[2026.04.28-03.51.23:461][  0]LogWindows: DebugString: FoundDriverCount:8 
[2026.04.28-03.51.23:461][  0]LogD3D12RHI:     Adapter Name: AMD Radeon (TM) R9 200 Series
[2026.04.28-03.51.23:461][  0]LogD3D12RHI:   Driver Version: Adrenalin 20.10.35.02 (internal:27.20.1034.6, unified:27.20.1034.6)
[2026.04.28-03.51.23:461][  0]LogD3D12RHI:      Driver Date: 8-21-2020
[2026.04.28-03.51.23:461][  0]LogRHI: Texture pool is 1085 MB (70% of 1551 MB)
[2026.04.28-03.51.23:461][  0]LogD3D12RHI: Async texture creation enabled
[2026.04.28-03.51.23:461][  0]LogD3D12RHI: RHI has support for 64 bit atomics
[2026.04.28-03.51.59:486][  0]LogTargetPlatformManager: Display: Loaded TargetPlatform 'AllDesktop'
[2026.04.28-03.51.59:547][  0]LogTargetPlatformManager: Display: Loaded TargetPlatform 'Android'
[2026.04.28-03.51.59:547][  0]LogTargetPlatformManager: Display: Loaded TargetPlatform 'Android_ASTC'
[2026.04.28-03.51.59:547][  0]LogTargetPlatformManager: Display: Loaded TargetPlatform 'Android_DXT'
[2026.04.28-03.51.59:547][  0]LogTargetPlatformManager: Display: Loaded TargetPlatform 'Android_ETC2'
[2026.04.28-03.51.59:547][  0]LogTargetPlatformManager: Display: Loaded TargetPlatform 'AndroidClient'
[2026.04.28-03.51.59:547][  0]LogTargetPlatformManager: Display: Loaded TargetPlatform 'Android_ASTCClient'
[2026.04.28-03.51.59:547][  0]LogTargetPlatformManager: Display: Loaded TargetPlatform 'Android_DXTClient'
[2026.04.28-03.51.59:547][  0]LogTargetPlatformManager: Display: Loaded TargetPlatform 'Android_ETC2Client'
[2026.04.28-03.51.59:547][  0]LogTargetPlatformManager: Display: Loaded TargetPlatform 'Android_Multi'
[2026.04.28-03.51.59:547][  0]LogTargetPlatformManager: Display: Loaded TargetPlatform 'Android_MultiClient'
[2026.04.28-03.51.59:595][  0]LogTargetPlatformManager: Display: Loaded TargetPlatform 'IOSClient'
[2026.04.28-03.51.59:595][  0]LogTargetPlatformManager: Display: Loaded TargetPlatform 'IOS'
[2026.04.28-03.51.59:621][  0]LogTargetPlatformManager: Display: Loaded TargetPlatform 'Linux'
[2026.04.28-03.51.59:635][  0]LogTargetPlatformManager: Display: Loaded TargetPlatform 'LinuxNoEditor'
[2026.04.28-03.51.59:649][  0]LogTargetPlatformManager: Display: Loaded TargetPlatform 'LinuxClient'
[2026.04.28-03.51.59:663][  0]LogTargetPlatformManager: Display: Loaded TargetPlatform 'LinuxServer'
[2026.04.28-03.51.59:689][  0]LogTargetPlatformManager: Display: Loaded TargetPlatform 'LinuxAArch64NoEditor'
[2026.04.28-03.51.59:702][  0]LogTargetPlatformManager: Display: Loaded TargetPlatform 'LinuxAArch64Client'
[2026.04.28-03.51.59:716][  0]LogTargetPlatformManager: Display: Loaded TargetPlatform 'LinuxAArch64Server'
[2026.04.28-03.51.59:788][  0]LogTargetPlatformManager: Display: Loaded TargetPlatform 'Lumin'
[2026.04.28-03.51.59:788][  0]LogTargetPlatformManager: Display: Loaded TargetPlatform 'LuminClient'
[2026.04.28-03.51.59:811][  0]LogTargetPlatformManager: Display: Loaded TargetPlatform 'MacNoEditor'
[2026.04.28-03.51.59:824][  0]LogTargetPlatformManager: Display: Loaded TargetPlatform 'Mac'
[2026.04.28-03.51.59:837][  0]LogTargetPlatformManager: Display: Loaded TargetPlatform 'MacClient'
[2026.04.28-03.51.59:849][  0]LogTargetPlatformManager: Display: Loaded TargetPlatform 'MacServer'
[2026.04.28-03.51.59:876][  0]LogTargetPlatformManager: Display: Loaded TargetPlatform 'TVOSClient'
[2026.04.28-03.51.59:876][  0]LogTargetPlatformManager: Display: Loaded TargetPlatform 'TVOS'
[2026.04.28-03.51.59:899][  0]LogTargetPlatformManager: Display: Loaded TargetPlatform 'WindowsNoEditor'
[2026.04.28-03.51.59:913][  0]LogTargetPlatformManager: Display: Loaded TargetPlatform 'Windows'
[2026.04.28-03.51.59:927][  0]LogTargetPlatformManager: Display: Loaded TargetPlatform 'WindowsClient'
[2026.04.28-03.51.59:940][  0]LogTargetPlatformManager: Display: Loaded TargetPlatform 'WindowsServer'
[2026.04.28-03.51.59:940][  0]LogTargetPlatformManager: Display: Building Assets For Windows
[2026.04.28-03.51.59:964][  0]LogAudioDebug: Display: Lib vorbis DLL was dynamically loaded.
[2026.04.28-03.52.00:065][  0]LogTextureFormatOodle: Display: Oodle Texture 2.9.0 init RDO Off
[2026.04.28-03.52.00:168][  0]LogRendererCore: Ray tracing is disabled. Reason: not supported by current RHI.
[2026.04.28-03.52.00:168][  0]LogShaderCompilers: Guid format shader working directory is -52 characters bigger than the processId version (../../../../../../Users/User/Documents/Unreal Projects/UnauticnaCastle/Intermediate/Shaders/WorkingDirectory/943032/).
[2026.04.28-03.52.00:169][  0]LogShaderCompilers: Cleaned the shader compiler working directory 'F:/Temp/UnrealShaderWorkingDir/A3E13F99422D82955C9DE5B4EB8F04FE/'.
[2026.04.28-03.52.00:170][  0]LogXGEController: Cannot use XGE Controller as Incredibuild is not installed on this machine.
[2026.04.28-03.52.00:170][  0]LogShaderCompilers: Cannot use XGE Shader Compiler as Incredibuild is not installed on this machine.
[2026.04.28-03.52.00:170][  0]LogShaderCompilers: Display: Using Local Shader Compiler.
[2026.04.28-03.52.02:067][  0]LogDerivedDataCache: Display: Max Cache Size: 512 MB
[2026.04.28-03.52.02:221][  0]LogDerivedDataCache: Loaded boot cache 0.15s 94MB C:/Users/User/AppData/Local/UnrealEngine/4.27/DerivedDataCache/Boot.ddc.
[2026.04.28-03.52.02:221][  0]LogDerivedDataCache: Display: Loaded Boot cache: C:/Users/User/AppData/Local/UnrealEngine/4.27/DerivedDataCache/Boot.ddc
[2026.04.28-03.52.02:221][  0]LogDerivedDataCache: FDerivedDataBackendGraph:  Pak pak cache file ../../../../../../Users/User/Documents/Unreal Projects/UnauticnaCastle/DerivedDataCache/DDC.ddp not found, will not use a pak cache.
[2026.04.28-03.52.02:221][  0]LogDerivedDataCache: Unable to find inner node Pak for hierarchical cache Hierarchy.
[2026.04.28-03.52.02:221][  0]LogDerivedDataCache: FDerivedDataBackendGraph:  CompressedPak pak cache file ../../../../../../Users/User/Documents/Unreal Projects/UnauticnaCastle/DerivedDataCache/Compressed.ddp not found, will not use a pak cache.
[2026.04.28-03.52.02:221][  0]LogDerivedDataCache: Unable to find inner node CompressedPak for hierarchical cache Hierarchy.
[2026.04.28-03.52.02:253][  0]LogDerivedDataCache: Display: Pak cache opened for reading ../../../Engine/DerivedDataCache/Compressed.ddp.
[2026.04.28-03.52.02:253][  0]LogDerivedDataCache: FDerivedDataBackendGraph:  EnterprisePak pak cache file ../../../Enterprise/DerivedDataCache/Compressed.ddp not found, will not use a pak cache.
[2026.04.28-03.52.02:253][  0]LogDerivedDataCache: Unable to find inner node EnterprisePak for hierarchical cache Hierarchy.
[2026.04.28-03.52.02:292][  0]LogDerivedDataCache: Speed tests for C:/Users/User/AppData/Local/UnrealEngine/Common/DerivedDataCache took 0.04 seconds
[2026.04.28-03.52.02:292][  0]LogDerivedDataCache: Display: Performance to C:/Users/User/AppData/Local/UnrealEngine/Common/DerivedDataCache: Latency=0.09ms. RandomReadSpeed=597.18MBs, RandomWriteSpeed=25.77MBs. Assigned SpeedClass 'Local'
[2026.04.28-03.52.02:294][  0]LogDerivedDataCache: Using Local data cache path C:/Users/User/AppData/Local/UnrealEngine/Common/DerivedDataCache: Writable
[2026.04.28-03.52.02:294][  0]LogDerivedDataCache: Shared data cache path not found in *engine.ini, will not use an Shared cache.
[2026.04.28-03.52.02:294][  0]LogDerivedDataCache: Unable to find inner node Shared for hierarchical cache Hierarchy.
[2026.04.28-03.52.05:551][  0]LogShaderCompilers: Display: Submitted 3049 shader compile jobs with 'High' priority
[2026.04.28-03.52.05:551][  0]LogSlate: Using FreeType 2.10.0
[2026.04.28-03.52.05:552][  0]LogSlate: SlateFontServices - WITH_FREETYPE: 1, WITH_HARFBUZZ: 1
[2026.04.28-03.52.05:612][  0]LogShaderCompilers: Display: Worker (1/21): shaders left to compile 3049
[2026.04.28-03.52.05:612][  0]LogShaderCompilers: Display: Worker (2/21): shaders left to compile 3039
[2026.04.28-03.52.05:612][  0]LogShaderCompilers: Display: Worker (3/21): shaders left to compile 3029
[2026.04.28-03.52.05:612][  0]LogShaderCompilers: Display: Worker (4/21): shaders left to compile 3019
[2026.04.28-03.52.05:612][  0]LogShaderCompilers: Display: Worker (5/21): shaders left to compile 3009
[2026.04.28-03.52.05:612][  0]LogShaderCompilers: Display: Worker (6/21): shaders left to compile 2999
[2026.04.28-03.52.05:612][  0]LogShaderCompilers: Display: Worker (7/21): shaders left to compile 2989
[2026.04.28-03.52.05:612][  0]LogShaderCompilers: Display: Worker (8/21): shaders left to compile 2979
[2026.04.28-03.52.05:612][  0]LogShaderCompilers: Display: Worker (9/21): shaders left to compile 2969
[2026.04.28-03.52.05:612][  0]LogShaderCompilers: Display: Worker (10/21): shaders left to compile 2959
[2026.04.28-03.52.05:612][  0]LogShaderCompilers: Display: Worker (11/21): shaders left to compile 2949
[2026.04.28-03.52.05:612][  0]LogShaderCompilers: Display: Worker (12/21): shaders left to compile 2939
[2026.04.28-03.52.05:612][  0]LogShaderCompilers: Display: Worker (13/21): shaders left to compile 2929
[2026.04.28-03.52.05:612][  0]LogShaderCompilers: Display: Worker (14/21): shaders left to compile 2919
[2026.04.28-03.52.05:612][  0]LogShaderCompilers: Display: Worker (15/21): shaders left to compile 2909
[2026.04.28-03.52.05:612][  0]LogShaderCompilers: Display: Worker (16/21): shaders left to compile 2899
[2026.04.28-03.52.05:612][  0]LogShaderCompilers: Display: Worker (17/21): shaders left to compile 2889
[2026.04.28-03.52.05:612][  0]LogShaderCompilers: Display: Worker (18/21): shaders left to compile 2879
[2026.04.28-03.52.05:612][  0]LogShaderCompilers: Display: Worker (19/21): shaders left to compile 2869
[2026.04.28-03.52.05:612][  0]LogShaderCompilers: Display: Worker (20/21): shaders left to compile 2859
[2026.04.28-03.52.05:612][  0]LogShaderCompilers: Display: Worker (21/21): shaders left to compile 2849
[2026.04.28-03.52.05:612][  0]LogShaderCompilers: Display: Started 210 'Local' shader compile jobs with 'High' priority
[2026.04.28-03.52.05:613][  0]LogAssetRegistry: FAssetRegistry took 0.0066 seconds to start up
[2026.04.28-03.52.06:199][  0]LogInit: Selected Device Profile: [Windows]
[2026.04.28-03.52.06:200][  0]LogInit: Active device profile: [000001BF9AC0CF00][000001BF9AAB7740 49] Windows
[2026.04.28-03.52.06:200][  0]LogInit: Profiles: [000001BF9AC0CF00][000001BF9AAB7740 49] Windows, [000001BF9ABCE400][000001BF9AABF8C0 49] WindowsNoEditor, [000001BF9AC0DF00][000001BF9AAC3A40 49] WindowsServer, [000001BF9ABCD600][000001BF9AAC7BC0 49] WindowsClient, [000001BF9AC0D000][000001BF9AACA1C0 49] IOS, [000001BF9ABCFA00][000001BF9AACE340 49] iPadAir, [000001BF9AC0F300][000001BF9AABA480 49] iPadAir2, [000001BF9AB6D300][000001BF9AAD66C0 49] IPadPro, [000001BF9AB6D400][000001BF9AAD2700 49] iPadAir3, [000001BF9ABCCB00][000001BF9AADA840 49] iPadAir4, [000001BF9AB6E100][000001BF9AAE29C0 49] iPadMini2, [000001BF9ABCF400][000001BF9AAE6B40 49] iPadMini3, [000001BF9AB6EC00][000001BF9AAEACC0 49] iPadMini4, [000001BF9ABCE700][000001BF9AAEEE40 49] iPadMini5, [000001BF9AB8CE00][000001BF9AAF7100 49] iPhone6, [000001BF9AB8CF00][000001BF9AAF3140 49] iPodTouch6, [000001BF9AC0E800][000001BF9AAFF400 49] iPhone7, [000001BF9AC0E900][000001BF9AAFB440 49] iPodTouch7, [000001BF9AB6CC00][000001BF9AB035C0 49] iPhone5S, [000001BF9AC0D300][000001BF9AB07740 49] iPhone6Plus, [000001BF9AB6EA00][000001BF9AB0B8C0 49] iPhone6S, [000001BF9AC0ED00][000001BF9AB0FA40 49] iPhone6SPlus, [000001BF9AB8C100][000001BF9AB13BC0 49] iPhone7Plus, [000001BF9AB6DD00][000001BF9AB161C0 49] iPhoneSE, [000001BF9AB8CC00][000001BF9AB1A340 49] iPhone8, [000001BF9AB6C400][000001BF9AB1E4C0 49] iPhone8Plus, [000001BF9AB8EA00][000001BF9AADE600 49] iPhoneX, [000001BF9AB6FC00][000001BF9AB22740 49] iPhoneXS, [000001BF9AB8E900][000001BF9AB26880 49] iPhoneXSMax, [000001BF9AB6CB00][000001BF9AB2A9C0 49] iPhoneXR, [000001BF9AC0F800][000001BF9AB32B40 49] iPhone11, [000001BF9AB6FD00][000001BF9AB36CC0 49] iPhone11Pro, [000001BF9AC0DC00][000001BF9AB3AE40 49] iPhone11ProMax, [000001BF9AB6D100][000001BF9BB50FC0 49] iPhoneSE2, [000001BF9AC0D200][000001BF9BB55140 49] iPhone12Mini, [000001BF9AB6F100][000001BF9BB592C0 49] iPhone12, [000001BF9AC0C900][000001BF9BB5D440 49] iPhone12Pro, [000001BF9AB6CD00][000001BF9BB615C0 49] iPhone12ProMax, [000001BF9AC0FC00][000001BF9BB65740 49] iPadPro105, [000001BF9AB6F700][000001BF9BB698C0 49] iPadPro129, [000001BF9AC0F000][000001BF9BB6DA40 49] iPadPro97, [000001BF9AB6CF00][000001BF9BB71BC0 49] iPadPro2_129, [000001BF9AC0CC00][000001BF9BB741C0 49] iPad5, [000001BF9AB6FB00][000001BF9BB78340 49] iPad6, [000001BF9AC0C400][000001BF9BB7C4C0 49] iPad7, [000001BF9AB6FE00][000001BF9BB80640 49] iPad8, [000001BF9AC0DB00][000001BF9BB847C0 49] iPadPro11, [000001BF9AB6E400][000001BF9AB2E900 49] iPadPro2_11, [000001BF9AC0C800][000001BF9BB88A40 49] iPadPro3_129, [000001BF9AB6E800][000001BF9BB8CB80 49] iPadPro4_129, [000001BF9AC0EF00][000001BF9BB94D00 49] AppleTV, [000001BF9AB6D200][000001BF9BB98E80 49] AppleTV4K, [000001BF9AC0D700][000001BF9BB9D000 49] TVOS, [000001BF9AB6F600][000001BF9BBA1180 49] Mac, [000001BF9AC0FA00][000001BF9BBA5300 49] MacClient, [000001BF9AB6E500][000001BF9BBA9480 49] MacNoEditor, [000001BF9AC0C500][000001BF9BBAD600 49] MacServer, [000001BF9AB6E000][000001BF9BBB1780 49] Linux, [000001BF9AC0FB00][000001BF9BBB5900 49] LinuxAArch64, [000001BF9AB6C300][000001BF9BBB9A80 49] LinuxNoEditor, [000001BF9AC0F700][000001BF9BC2DC00 49] LinuxAArch64NoEditor, [000001BF9AB6E600][000001BF9BC30200 49] LinuxClient, [000001BF9AC0E600][000001BF9BC3C380 49] LinuxAArch64Client, [000001BF9AB6DA00][000001BF97214500 49] LinuxServer, [000001BF9AC0C200][000001BF9726C680 49] LinuxAArch64Server, [000001BF9AB6D600][000001BF97274800 49] Android, [000001BF9AC0E100][000001BF97290980 49] Android_Low, [000001BF9AB6F800][000001BF9BB90AC0 49] Android_Mid, [000001BF9AC0C600][000001BF97294C00 49] Android_High, [000001BF9AB6E300][000001BF97298D40 49] Android_Default, [000001BF9AC0E300][000001BF948A0EC0 49] Android_Adreno4xx, [000001BF9AB6F000][000001BF948A5040 49] Android_Adreno5xx_Low, [000001BF9AC0EA00][000001BF948A91C0 49] Android_Adreno5xx, [000001BF9AB6C100][000001BF948AD340 49] Android_Adreno6xx, [000001BF9AC0CB00][000001BF948B14C0 49] Android_Adreno6xx_Vulkan, [000001BF9AB6CA00][000001BF948B5640 49] Android_Mali_T6xx, [000001BF9AC0C700][000001BF948B97C0 49] Android_Mali_T7xx, [000001BF9ABCDA00][000001BF948BD940 49] Android_Mali_T8xx, [000001BF9AB8C300][000001BF948C1AC0 49] Android_Mali_G71, [000001BF9ABCC600][000001BF948C40C0 49] Android_Mali_G72, [000001BF9AB8D200][000001BF948C8240 49] Android_Mali_G72_Vulkan, [000001BF9ABCFD00][000001BF948D03C0 49] Android_Mali_G76, [000001BF9AB8C700][000001BF986A2540 49] Android_Mali_G76_Vulkan, [000001BF9ABCFC00][000001BF986A66C0 49] Android_Mali_G77, [000001BF9AB8FB00][000001BF986AA840 49] Android_Mali_G77_Vulkan, [000001BF9ABCDB00][000001BF986AE9C0 49] Android_Mali_G78, [000001BF9AB8F100][000001BF986B2B40 49] Android_Mali_G78_Vulkan, [000001BF9ABCF900][000001BF9489CC80 49] Android_Mali_G710, [000001BF9AB8EC00][000001BF986B6DC0 49] Android_Mali_G710_Vulkan, [000001BF9ABCF600][000001BF986BAF00 49] Android_Vulkan_SM5, [000001BF9AB8F800][000001BF986BF040 49] Android_PowerVR_G6xxx, [000001BF9ABCD900][000001BF986C71C0 49] Android_PowerVR_GT7xxx, [000001BF9AB8DD00][000001BF986CB340 49] Android_PowerVR_GE8xxx, [000001BF9ABCED00][000001BF986CF4C0 49] Android_PowerVR_GM9xxx, [000001BF9AB8C800][000001BF948D5640 49] Android_PowerVR_GM9xxx_Vulkan, [000001BF9ABCDC00][000001BF948D97C0 49] Android_TegraK1, [000001BF9AB8D000][000001BF948DD940 49] Android_Unknown_Vulkan, [000001BF9ABCE300][000001BF948E1AC0 49] Lumin, [000001BF9AB8FE00][000001BF948E40C0 49] Lumin_Desktop, [000001BF9ABCEB00][000001BF948E8240 49] HoloLens, 
[2026.04.28-03.52.06:569][  0]LogMaterial: Display: Missing cached shadermap for MatineeCam_mat in PCD3D_SM5, Default, SM5 (DDC key hash: 906330A16A0920F3CEEE72E9E4FC85DC618E81E7), compiling. 
[2026.04.28-03.52.06:679][  0]LogShaderCompilers: Display: Submitted 22 shader compile jobs with 'Low' priority
[2026.04.28-03.52.06:762][  0]LogMeshReduction: Using QuadricMeshReduction for automatic static mesh reduction
[2026.04.28-03.52.06:763][  0]LogMeshReduction: Using SimplygonMeshReduction for automatic skeletal mesh reduction
[2026.04.28-03.52.06:763][  0]LogMeshReduction: Using ProxyLODMeshReduction for automatic mesh merging
[2026.04.28-03.52.06:763][  0]LogMeshReduction: No distributed automatic mesh merging module available
[2026.04.28-03.52.06:763][  0]LogMeshMerging: No distributed automatic mesh merging module available
[2026.04.28-03.52.06:802][  0]LogNetVersion: UnauticnaCastle 1.0.0, NetCL: 17155196, EngineNetVer: 17, GameNetVer: 0 (Checksum: 3203683996)
[2026.04.28-03.52.06:863][  0]LogMaterial: Display: Missing cached shadermap for HelpActorMaterial in PCD3D_SM5, Default, SM5 (DDC key hash: 6936827EDBF8EE7FD97228406EE73F39152E50C6), compiling. 
[2026.04.28-03.52.07:008][  0]LogShaderCompilers: Display: Submitted 82 shader compile jobs with 'Low' priority
[2026.04.28-03.52.07:084][  0]LogMaterial: Display: Missing cached shadermap for M_ChromeBall in PCD3D_SM5, Default, SM5 (DDC key hash: 29D60DA1D77C90920C3087DE25A0618A8C7D694F), compiling. 
[2026.04.28-03.52.07:234][  0]LogShaderCompilers: Display: Submitted 75 shader compile jobs with 'Low' priority
[2026.04.28-03.52.07:267][  0]LogMaterial: Display: Missing cached shadermap for DefaultTextMaterialOpaque in PCD3D_SM5, Default, SM5 (DDC key hash: BA14795A477D55A2868705BEC3F7181C887E7EB0), compiling. 
[2026.04.28-03.52.07:323][  0]LogShaderCompilers: Display: Submitted 44 shader compile jobs with 'Low' priority
[2026.04.28-03.52.07:357][  0]LogMaterial: Display: Missing cached shadermap for m_SimpleVolumetricCloud in PCD3D_SM5, Default, SM5 (DDC key hash: A774B03AA8FCB46B4CFBF573CADF73DEBFE62E5C), compiling. 
[2026.04.28-03.52.07:595][  0]LogShaderCompilers: Display: Submitted 64 shader compile jobs with 'Low' priority
[2026.04.28-03.52.07:631][  0]LogMaterial: Display: Missing cached shadermap for BaseFlattenMaterial in PCD3D_SM5, Default, SM5 (DDC key hash: 820834E25FA1C7F9F0AE1DF4B659B53919A2A405), compiling. 
[2026.04.28-03.52.07:736][  0]LogShaderCompilers: Display: Submitted 70 shader compile jobs with 'Low' priority
[2026.04.28-03.52.08:069][  0]LogMaterial: Display: Missing cached shadermap for Xray in PCD3D_SM5, Default, SM5 (DDC key hash: 83805F857AC84CAA42F07D03849003B125D99630), compiling. 
[2026.04.28-03.52.08:095][  0]LogShaderCompilers: Display: Submitted 22 shader compile jobs with 'Low' priority
[2026.04.28-03.52.08:097][  0]LogMaterial: Display: Missing cached shadermap for Main in PCD3D_SM5, Default, SM5 (DDC key hash: FB38E0C503F6D914F1D9B68D6C8997B2461D0C84), compiling. 
[2026.04.28-03.52.08:117][  0]LogShaderCompilers: Display: Submitted 16 shader compile jobs with 'Low' priority
[2026.04.28-03.52.08:127][  0]LogMaterial: Display: Missing cached shadermap for Widget3DPassThrough in PCD3D_SM5, Default, SM5 (DDC key hash: 314ED691D10413E6724BCA1F6D448A778FE08503), compiling. 
[2026.04.28-03.52.08:147][  0]LogShaderCompilers: Display: Submitted 16 shader compile jobs with 'Low' priority
[2026.04.28-03.52.08:150][  0]LogMaterial: Display: Missing cached shadermap for Widget3DPassThrough_Translucent in PCD3D_SM5, Default, SM5 (DDC key hash: 3F53DD42D82DDC668DF0F024E1DFABF304D9E5AE), compiling. 
[2026.04.28-03.52.08:179][  0]LogShaderCompilers: Display: Submitted 18 shader compile jobs with 'Low' priority
[2026.04.28-03.52.08:184][  0]LogMaterial: Display: Missing cached shadermap for Widget3DPassThrough_Opaque in PCD3D_SM5, Default, SM5 (DDC key hash: 508C76F67619BB16513E5E2B6D66295C76E3DECF), compiling. 
[2026.04.28-03.52.08:204][  0]LogShaderCompilers: Display: Submitted 15 shader compile jobs with 'Low' priority
[2026.04.28-03.52.08:208][  0]LogMaterial: Display: Missing cached shadermap for Widget3DPassThrough_Opaque_OneSided in PCD3D_SM5, Default, SM5 (DDC key hash: 05EE8EC5E4C700913E7734550CDCC8BE6C2CCC47), compiling. 
[2026.04.28-03.52.08:223][  0]LogShaderCompilers: Display: Submitted 10 shader compile jobs with 'Low' priority
[2026.04.28-03.52.08:227][  0]LogMaterial: Display: Missing cached shadermap for Widget3DPassThrough_Masked in PCD3D_SM5, Default, SM5 (DDC key hash: B504B90D2FCB5C46E7AFB9B2274C4F6F9321EC24), compiling. 
[2026.04.28-03.52.08:263][  0]LogShaderCompilers: Display: Submitted 30 shader compile jobs with 'Low' priority
[2026.04.28-03.52.08:267][  0]LogMaterial: Display: Missing cached shadermap for Widget3DPassThrough_Masked_OneSided in PCD3D_SM5, Default, SM5 (DDC key hash: 0749672640E26501629D6485CE30AD2BDDA06DC4), compiling. 
[2026.04.28-03.52.08:301][  0]LogShaderCompilers: Display: Submitted 30 shader compile jobs with 'Low' priority
[2026.04.28-03.52.08:310][  0]LogMaterial: Display: Missing cached shadermap for Widget3DCameraPassThrough_Opaque_OneSided in PCD3D_SM5, Default, SM5 (DDC key hash: 3895E9EB5D1A2D3A9EE818098353F6925C9FC984), compiling. 
[2026.04.28-03.52.08:326][  0]LogShaderCompilers: Display: Submitted 10 shader compile jobs with 'Low' priority
[2026.04.28-03.52.08:337][  0]LogMaterial: Display: Missing cached shadermap for TranslucentTransformGizmoMaterial in PCD3D_SM5, Default, SM5 (DDC key hash: 13A1EF2ED84950E7B995A7CD751ECA82592173B0), compiling. 
[2026.04.28-03.52.08:356][  0]LogShaderCompilers: Display: Submitted 16 shader compile jobs with 'Low' priority
[2026.04.28-03.52.08:359][  0]LogMaterial: Display: Missing cached shadermap for TransformGizmoMaterial in PCD3D_SM5, Default, SM5 (DDC key hash: 33B35AD4281F75B0B4D9F796B53C5DA7A1D93827), compiling. 
[2026.04.28-03.52.08:374][  0]LogShaderCompilers: Display: Submitted 10 shader compile jobs with 'Low' priority
[2026.04.28-03.52.08:389][  0]LogMaterial: Display: Missing cached shadermap for CineMat in PCD3D_SM5, Default, SM5 (DDC key hash: 26B8EC45948F14A8F6D481D7F77B777A914F08E0), compiling. 
[2026.04.28-03.52.08:439][  0]LogShaderCompilers: Display: Submitted 38 shader compile jobs with 'Low' priority
[2026.04.28-03.52.08:460][  0]LogMaterial: Display: Missing cached shadermap for M_SimpleOpaque in PCD3D_SM5, Default, SM5 (DDC key hash: EE9C2BD5848718EDA1EF4D9502329AB3DF0BAADA), compiling. 
[2026.04.28-03.52.08:487][  0]LogShaderCompilers: Display: Submitted 22 shader compile jobs with 'Low' priority
[2026.04.28-03.52.08:501][  0]LogMaterial: Display: Missing cached shadermap for M_SimpleUnlitTranslucent in PCD3D_SM5, Default, SM5 (DDC key hash: 5C7EAF5654A1AE96329A467636241ABCBD8FF7BC), compiling. 
[2026.04.28-03.52.08:521][  0]LogShaderCompilers: Display: Submitted 16 shader compile jobs with 'Low' priority
[2026.04.28-03.52.08:659][  0]LogMaterial: Display: Missing cached shadermap for SkySphereMaterial in PCD3D_SM5, Default, SM5 (DDC key hash: FB3E78004D8F0FC1B5846C12983A4BF44F1B8760), compiling. 
[2026.04.28-03.52.08:671][  0]LogShaderCompilers: Display: Submitted 10 shader compile jobs with 'Low' priority
[2026.04.28-03.52.08:680][  0]LogMaterial: Display: Missing cached shadermap for FloorPlaneMaterial in PCD3D_SM5, Default, SM5 (DDC key hash: F494B415C1EE88E5281BA8A2B1C85D4E02E24A97), compiling. 
[2026.04.28-03.52.08:723][  0]LogShaderCompilers: Display: Submitted 37 shader compile jobs with 'Low' priority
[2026.04.28-03.52.08:725][  0]LogTexture: Default maximum texture size for cubemaps generated from long-lat sources has been changed from 512 to unlimited. In order to preserve old behaiour for '/Engine/MapTemplates/Sky/DaylightAmbientCubemap.DaylightAmbientCubemap', its maximum texture size has been explicitly set to 512.
[2026.04.28-03.52.08:837][  0]LogMaterial: Display: Missing cached shadermap for LandscapeGizmo_Mat in PCD3D_SM5, Default, SM5 (DDC key hash: FC710020A17393B0D833C6618B23A9A2596231C2), compiling. 
[2026.04.28-03.52.08:875][  0]LogShaderCompilers: Display: Submitted 30 shader compile jobs with 'Low' priority
[2026.04.28-03.52.08:886][  0]LogMaterial: Display: Missing cached shadermap for LandscapeGizmoHeight_Mat in PCD3D_SM5, Default, SM5 (DDC key hash: B54416BE95FF27A55B3629FE44CD112008FC85EE), compiling. 
[2026.04.28-03.52.08:960][  0]LogShaderCompilers: Display: Submitted 67 shader compile jobs with 'Low' priority
[2026.04.28-03.52.08:971][  0]LogMaterial: Display: Missing cached shadermap for SplineEditorMeshMat in PCD3D_SM5, Default, SM5 (DDC key hash: 581C01938EE3B38210204ADFE416EFCD87E4393F), compiling. 
[2026.04.28-03.52.09:002][  0]LogShaderCompilers: Display: Submitted 26 shader compile jobs with 'Low' priority
[2026.04.28-03.52.09:021][  0]LogMaterial: Display: Missing cached shadermap for PokeAHoleMaterial in PCD3D_SM5, Default, SM5 (DDC key hash: 84AA3FFAB8BF0A41D3FBB937276BF107F0A6D360), compiling. 
[2026.04.28-03.52.09:040][  0]LogShaderCompilers: Display: Submitted 16 shader compile jobs with 'Low' priority
[2026.04.28-03.52.09:040][  0]LogHMD: PokeAHoleMaterial loaded successfully
[2026.04.28-03.52.09:059][  0]LogUObjectArray: 17178 objects as part of root set at end of initial load.
[2026.04.28-03.52.09:059][  0]LogUObjectAllocator: 4302048 out of 0 bytes used by permanent object pool.
[2026.04.28-03.52.09:059][  0]LogUObjectArray: CloseDisregardForGC: 0/0 objects in disregard for GC pool
[2026.04.28-03.52.37:446][  0]LogShaderCompilers: Display: Worker (13/21): shaders left to compile 2839
[2026.04.28-03.52.37:446][  0]LogShaderCompilers: Display: Started 10 'Local' shader compile jobs with 'High' priority
[2026.04.28-03.53.06:551][  0]LogShaderCompilers: Display: Worker (16/21): shaders left to compile 2829
[2026.04.28-03.53.06:551][  0]LogShaderCompilers: Display: Started 10 'Local' shader compile jobs with 'High' priority
[2026.04.28-03.53.06:551][  0]LogShaderCompilers: Display: Worker (17/21): shaders left to compile 2819
[2026.04.28-03.53.06:551][  0]LogShaderCompilers: Display: Started 10 'Local' shader compile jobs with 'High' priority
[2026.04.28-03.53.08:129][  0]LogShaderCompilers: Display: Worker (5/21): shaders left to compile 2809
[2026.04.28-03.53.08:129][  0]LogShaderCompilers: Display: Started 10 'Local' shader compile jobs with 'High' priority
[2026.04.28-03.53.10:498][  0]LogShaderCompilers: Display: Worker (13/21): shaders left to compile 2799
[2026.04.28-03.53.10:498][  0]LogShaderCompilers: Display: Started 10 'Local' shader compile jobs with 'High' priority
[2026.04.28-03.53.16:019][  0]LogShaderCompilers: Display: Worker (9/21): shaders left to compile 2789
[2026.04.28-03.53.16:019][  0]LogShaderCompilers: Display: Started 10 'Local' shader compile jobs with 'High' priority
[2026.04.28-03.53.18:388][  0]LogShaderCompilers: Display: Worker (4/21): shaders left to compile 2779
[2026.04.28-03.53.18:388][  0]LogShaderCompilers: Display: Started 10 'Local' shader compile jobs with 'High' priority
[2026.04.28-03.53.18:388][  0]LogShaderCompilers: Display: Worker (17/21): shaders left to compile 2769
[2026.04.28-03.53.18:388][  0]LogShaderCompilers: Display: Started 10 'Local' shader compile jobs with 'High' priority
[2026.04.28-03.53.18:388][  0]LogShaderCompilers: Display: Worker (13/21): shaders left to compile 2759
[2026.04.28-03.53.18:388][  0]LogShaderCompilers: Display: Started 10 'Local' shader compile jobs with 'High' priority
[2026.04.28-03.53.20:755][  0]LogShaderCompilers: Display: Worker (1/21): shaders left to compile 2749
[2026.04.28-03.53.20:755][  0]LogShaderCompilers: Display: Started 10 'Local' shader compile jobs with 'High' priority
[2026.04.28-03.53.21:544][  0]LogShaderCompilers: Display: Worker (5/21): shaders left to compile 2739
[2026.04.28-03.53.21:544][  0]LogShaderCompilers: Display: Started 10 'Local' shader compile jobs with 'High' priority
[2026.04.28-03.53.22:333][  0]LogShaderCompilers: Display: Worker (13/21): shaders left to compile 2729
[2026.04.28-03.53.22:333][  0]LogShaderCompilers: Display: Started 10 'Local' shader compile jobs with 'High' priority
[2026.04.28-03.53.23:914][  0]LogShaderCompilers: Display: Worker (2/21): shaders left to compile 2719
[2026.04.28-03.53.23:914][  0]LogShaderCompilers: Display: Started 10 'Local' shader compile jobs with 'High' priority
[2026.04.28-03.53.25:492][  0]LogShaderCompilers: Display: Worker (1/21): shaders left to compile 2709
[2026.04.28-03.53.25:492][  0]LogShaderCompilers: Display: Started 10 'Local' shader compile jobs with 'High' priority
[2026.04.28-03.53.25:492][  0]LogShaderCompilers: Display: Worker (17/21): shaders left to compile 2699
[2026.04.28-03.53.25:492][  0]LogShaderCompilers: Display: Started 10 'Local' shader compile jobs with 'High' priority
[2026.04.28-03.53.27:855][  0]LogShaderCompilers: Display: Worker (5/21): shaders left to compile 2689
[2026.04.28-03.53.27:855][  0]LogShaderCompilers: Display: Started 10 'Local' shader compile jobs with 'High' priority
[2026.04.28-03.53.28:645][  0]LogShaderCompilers: Display: Worker (17/21): shaders left to compile 2679
[2026.04.28-03.53.28:645][  0]LogShaderCompilers: Display: Started 10 'Local' shader compile jobs with 'High' priority
[2026.04.28-03.53.31:030][  0]LogShaderCompilers: Display: Worker (4/21): shaders left to compile 2669
[2026.04.28-03.53.31:030][  0]LogShaderCompilers: Display: Started 10 'Local' shader compile jobs with 'High' priority
[2026.04.28-03.53.32:608][  0]LogShaderCompilers: Display: Worker (2/21): shaders left to compile 2659
[2026.04.28-03.53.32:608][  0]LogShaderCompilers: Display: Started 10 'Local' shader compile jobs with 'High' priority
[2026.04.28-03.53.32:608][  0]LogShaderCompilers: Display: Worker (4/21): shaders left to compile 2649
[2026.04.28-03.53.32:608][  0]LogShaderCompilers: Display: Started 10 'Local' shader compile jobs with 'High' priority
[2026.04.28-03.53.32:608][  0]LogShaderCompilers: Display: Worker (13/21): shaders left to compile 2639
[2026.04.28-03.53.32:608][  0]LogShaderCompilers: Display: Started 10 'Local' shader compile jobs with 'High' priority
[2026.04.28-03.53.33:399][  0]LogShaderCompilers: Display: Worker (1/21): shaders left to compile 2629
[2026.04.28-03.53.33:399][  0]LogShaderCompilers: Display: Started 10 'Local' shader compile jobs with 'High' priority
[2026.04.28-03.53.34:192][  0]LogShaderCompilers: Display: Worker (5/21): shaders left to compile 2619
[2026.04.28-03.53.34:192][  0]LogShaderCompilers: Display: Started 10 'Local' shader compile jobs with 'High' priority
[2026.04.28-03.53.35:776][  0]LogShaderCompilers: Display: Worker (17/21): shaders left to compile 2609
[2026.04.28-03.53.35:776][  0]LogShaderCompilers: Display: Started 10 'Local' shader compile jobs with 'High' priority
[2026.04.28-03.53.38:150][  0]LogShaderCompilers: Display: Worker (7/21): shaders left to compile 2599
[2026.04.28-03.53.38:150][  0]LogShaderCompilers: Display: Started 10 'Local' shader compile jobs with 'High' priority
[2026.04.28-03.53.42:112][  0]LogShaderCompilers: Display: Worker (9/21): shaders left to compile 2589
[2026.04.28-03.53.42:112][  0]LogShaderCompilers: Display: Started 10 'Local' shader compile jobs with 'High' priority
[2026.04.28-03.53.43:694][  0]LogShaderCompilers: Display: Worker (2/21): shaders left to compile 2579
[2026.04.28-03.53.43:694][  0]LogShaderCompilers: Display: Started 10 'Local' shader compile jobs with 'High' priority
[2026.04.28-03.53.44:486][  0]LogShaderCompilers: Display: Worker (6/21): shaders left to compile 2569
[2026.04.28-03.53.44:486][  0]LogShaderCompilers: Display: Started 10 'Local' shader compile jobs with 'High' priority
[2026.04.28-03.53.50:805][  0]LogShaderCompilers: Display: Worker (12/21): shaders left to compile 2559
[2026.04.28-03.53.50:805][  0]LogShaderCompilers: Display: Started 10 'Local' shader compile jobs with 'High' priority
[2026.04.28-03.53.51:598][  0]LogShaderCompilers: Display: Worker (21/21): shaders left to compile 2549
[2026.04.28-03.53.51:598][  0]LogShaderCompilers: Display: Started 10 'Local' shader compile jobs with 'High' priority
[2026.04.28-03.53.57:924][  0]LogShaderCompilers: Display: Worker (20/21): shaders left to compile 2539
[2026.04.28-03.53.57:924][  0]LogShaderCompilers: Display: Started 10 'Local' shader compile jobs with 'High' priority
[2026.04.28-03.54.00:297][  0]LogShaderCompilers: Display: Worker (15/21): shaders left to compile 2529
[2026.04.28-03.54.00:297][  0]LogShaderCompilers: Display: Started 10 'Local' shader compile jobs with 'High' priority
[2026.04.28-03.54.04:244][  0]LogShaderCompilers: Display: Worker (14/21): shaders left to compile 2519
[2026.04.28-03.54.04:244][  0]LogShaderCompilers: Display: Started 10 'Local' shader compile jobs with 'High' priority
[2026.04.28-03.54.07:402][  0]LogShaderCompilers: Display: Worker (20/21): shaders left to compile 2509
[2026.04.28-03.54.07:402][  0]LogShaderCompilers: Display: Started 10 'Local' shader compile jobs with 'High' priority
[2026.04.28-03.54.08:194][  0]LogShaderCompilers: Display: Worker (10/21): shaders left to compile 2499
[2026.04.28-03.54.08:194][  0]LogShaderCompilers: Display: Started 10 'Local' shader compile jobs with 'High' priority
[2026.04.28-03.54.08:986][  0]LogShaderCompilers: Display: Worker (3/21): shaders left to compile 2489
[2026.04.28-03.54.08:986][  0]LogShaderCompilers: Display: Started 10 'Local' shader compile jobs with 'High' priority
[2026.04.28-03.54.10:567][  0]LogShaderCompilers: Display: Worker (8/21): shaders left to compile 2479
[2026.04.28-03.54.10:567][  0]LogShaderCompilers: Display: Started 10 'Local' shader compile jobs with 'High' priority
[2026.04.28-03.54.16:096][  0]LogShaderCompilers: Display: Worker (19/21): shaders left to compile 2469
[2026.04.28-03.54.16:096][  0]LogShaderCompilers: Display: Started 10 'Local' shader compile jobs with 'High' priority
[2026.04.28-03.54.19:247][  0]LogShaderCompilers: Display: Worker (4/21): shaders left to compile 2459
[2026.04.28-03.54.19:247][  0]LogShaderCompilers: Display: Started 10 'Local' shader compile jobs with 'High' priority
[2026.04.28-03.54.20:035][  0]LogShaderCompilers: Display: Worker (1/21): shaders left to compile 2449
[2026.04.28-03.54.20:035][  0]LogShaderCompilers: Display: Started 10 'Local' shader compile jobs with 'High' priority
[2026.04.28-03.54.20:827][  0]LogShaderCompilers: Display: Worker (11/21): shaders left to compile 2439
[2026.04.28-03.54.20:827][  0]LogShaderCompilers: Display: Started 10 'Local' shader compile jobs with 'High' priority
[2026.04.28-03.54.27:153][  0]LogShaderCompilers: Display: Worker (14/21): shaders left to compile 2429
[2026.04.28-03.54.27:153][  0]LogShaderCompilers: Display: Started 10 'Local' shader compile jobs with 'High' priority
[2026.04.28-03.54.29:529][  0]LogShaderCompilers: Display: Worker (18/21): shaders left to compile 2419
[2026.04.28-03.54.29:529][  0]LogShaderCompilers: Display: Started 10 'Local' shader compile jobs with 'High' priority
[2026.04.28-03.54.30:321][  0]LogShaderCompilers: Display: Worker (15/21): shaders left to compile 2409
[2026.04.28-03.54.30:321][  0]LogShaderCompilers: Display: Started 10 'Local' shader compile jobs with 'High' priority
[2026.04.28-03.54.32:697][  0]LogShaderCompilers: Display: Worker (17/21): shaders left to compile 2399
[2026.04.28-03.54.32:697][  0]LogShaderCompilers: Display: Started 10 'Local' shader compile jobs with 'High' priority
[2026.04.28-03.54.40:610][  0]LogShaderCompilers: Display: Worker (21/21): shaders left to compile 2389
[2026.04.28-03.54.40:610][  0]LogShaderCompilers: Display: Started 10 'Local' shader compile jobs with 'High' priority
[2026.04.28-03.54.41:404][  0]LogShaderCompilers: Display: Worker (3/21): shaders left to compile 2379
[2026.04.28-03.54.41:404][  0]LogShaderCompilers: Display: Started 10 'Local' shader compile jobs with 'High' priority
[2026.04.28-03.54.45:354][  0]LogShaderCompilers: Display: Worker (5/21): shaders left to compile 2369
[2026.04.28-03.54.45:354][  0]LogShaderCompilers: Display: Started 10 'Local' shader compile jobs with 'High' priority
[2026.04.28-03.54.47:727][  0]LogShaderCompilers: Display: Worker (8/21): shaders left to compile 2359
[2026.04.28-03.54.47:727][  0]LogShaderCompilers: Display: Started 10 'Local' shader compile jobs with 'High' priority
[2026.04.28-03.54.50:101][  0]LogShaderCompilers: Display: Worker (17/21): shaders left to compile 2349
[2026.04.28-03.54.50:101][  0]LogShaderCompilers: Display: Started 10 'Local' shader compile jobs with 'High' priority
[2026.04.28-03.54.53:265][  0]LogShaderCompilers: Display: Worker (21/21): shaders left to compile 2339
[2026.04.28-03.54.53:265][  0]LogShaderCompilers: Display: Started 10 'Local' shader compile jobs with 'High' priority
[2026.04.28-03.54.55:644][  0]LogShaderCompilers: Display: Worker (12/21): shaders left to compile 2329
[2026.04.28-03.54.55:644][  0]LogShaderCompilers: Display: Started 10 'Local' shader compile jobs with 'High' priority
[2026.04.28-03.54.55:644][  0]LogShaderCompilers: Display: Worker (10/21): shaders left to compile 2319
[2026.04.28-03.54.55:644][  0]LogShaderCompilers: Display: Started 10 'Local' shader compile jobs with 'High' priority
[2026.04.28-03.54.56:436][  0]LogShaderCompilers: Display: Worker (7/21): shaders left to compile 2309
[2026.04.28-03.54.56:436][  0]LogShaderCompilers: Display: Started 10 'Local' shader compile jobs with 'High' priority
[2026.04.28-03.54.56:436][  0]LogShaderCompilers: Display: Worker (13/21): shaders left to compile 2299
[2026.04.28-03.54.56:436][  0]LogShaderCompilers: Display: Started 10 'Local' shader compile jobs with 'High' priority
[2026.04.28-03.54.59:600][  0]LogShaderCompilers: Display: Worker (16/21): shaders left to compile 2289
[2026.04.28-03.54.59:600][  0]LogShaderCompilers: Display: Started 10 'Local' shader compile jobs with 'High' priority
[2026.04.28-03.54.59:600][  0]LogShaderCompilers: Display: Worker (20/21): shaders left to compile 2279
[2026.04.28-03.54.59:600][  0]LogShaderCompilers: Display: Started 10 'Local' shader compile jobs with 'High' priority
[2026.04.28-03.54.59:600][  0]LogShaderCompilers: Display: Worker (9/21): shaders left to compile 2269
[2026.04.28-03.54.59:600][  0]LogShaderCompilers: Display: Started 10 'Local' shader compile jobs with 'High' priority
[2026.04.28-03.55.01:184][  0]LogShaderCompilers: Display: Worker (6/21): shaders left to compile 2259
[2026.04.28-03.55.01:184][  0]LogShaderCompilers: Display: Started 10 'Local' shader compile jobs with 'High' priority
[2026.04.28-03.55.03:560][  0]LogShaderCompilers: Display: Worker (2/21): shaders left to compile 2249
[2026.04.28-03.55.03:560][  0]LogShaderCompilers: Display: Started 10 'Local' shader compile jobs with 'High' priority
[2026.04.28-03.55.03:560][  0]LogShaderCompilers: Display: Worker (9/21): shaders left to compile 2239
[2026.04.28-03.55.03:560][  0]LogShaderCompilers: Display: Started 10 'Local' shader compile jobs with 'High' priority
[2026.04.28-03.55.03:560][  0]LogShaderCompilers: Display: Worker (14/21): shaders left to compile 2229
[2026.04.28-03.55.03:560][  0]LogShaderCompilers: Display: Started 10 'Local' shader compile jobs with 'High' priority
[2026.04.28-03.55.06:729][  0]LogShaderCompilers: Display: Worker (18/21): shaders left to compile 2219
[2026.04.28-03.55.06:729][  0]LogShaderCompilers: Display: Started 10 'Local' shader compile jobs with 'High' priority
[2026.04.28-03.55.08:310][  0]LogShaderCompilers: Display: Worker (13/21): shaders left to compile 2209
[2026.04.28-03.55.08:310][  0]LogShaderCompilers: Display: Started 10 'Local' shader compile jobs with 'High' priority
[2026.04.28-03.55.08:310][  0]LogShaderCompilers: Display: Worker (5/21): shaders left to compile 2199
[2026.04.28-03.55.08:310][  0]LogShaderCompilers: Display: Started 10 'Local' shader compile jobs with 'High' priority
[2026.04.28-03.55.08:310][  0]LogShaderCompilers: Display: Worker (7/21): shaders left to compile 2189
[2026.04.28-03.55.08:310][  0]LogShaderCompilers: Display: Started 10 'Local' shader compile jobs with 'High' priority
[2026.04.28-03.55.09:894][  0]LogShaderCompilers: Display: Worker (20/21): shaders left to compile 2179
[2026.04.28-03.55.09:894][  0]LogShaderCompilers: Display: Started 10 'Local' shader compile jobs with 'High' priority
[2026.04.28-03.55.10:686][  0]LogShaderCompilers: Display: Worker (11/21): shaders left to compile 2169
[2026.04.28-03.55.10:686][  0]LogShaderCompilers: Display: Started 10 'Local' shader compile jobs with 'High' priority
[2026.04.28-03.55.11:476][  0]LogShaderCompilers: Display: Worker (19/21): shaders left to compile 2159
[2026.04.28-03.55.11:476][  0]LogShaderCompilers: Display: Started 10 'Local' shader compile jobs with 'High' priority
[2026.04.28-03.55.16:232][  0]LogShaderCompilers: Display: Worker (15/21): shaders left to compile 2149
[2026.04.28-03.55.16:232][  0]LogShaderCompilers: Display: Started 10 'Local' shader compile jobs with 'High' priority
[2026.04.28-03.55.16:232][  0]LogShaderCompilers: Display: Worker (20/21): shaders left to compile 2139
[2026.04.28-03.55.16:232][  0]LogShaderCompilers: Display: Started 10 'Local' shader compile jobs with 'High' priority
[2026.04.28-03.55.17:813][  0]LogShaderCompilers: Display: Worker (17/21): shaders left to compile 2129
[2026.04.28-03.55.17:813][  0]LogShaderCompilers: Display: Started 10 'Local' shader compile jobs with 'High' priority
[2026.04.28-03.55.18:604][  0]LogShaderCompilers: Display: Worker (1/21): shaders left to compile 2119
[2026.04.28-03.55.18:604][  0]LogShaderCompilers: Display: Started 10 'Local' shader compile jobs with 'High' priority
[2026.04.28-03.55.21:759][  0]LogShaderCompilers: Display: Worker (16/21): shaders left to compile 2109
[2026.04.28-03.55.21:759][  0]LogShaderCompilers: Display: Started 10 'Local' shader compile jobs with 'High' priority
[2026.04.28-03.55.22:549][  0]LogShaderCompilers: Display: Worker (1/21): shaders left to compile 2099
[2026.04.28-03.55.22:549][  0]LogShaderCompilers: Display: Started 10 'Local' shader compile jobs with 'High' priority
[2026.04.28-03.55.23:341][  0]LogShaderCompilers: Display: Worker (4/21): shaders left to compile 2089
[2026.04.28-03.55.23:341][  0]LogShaderCompilers: Display: Started 10 'Local' shader compile jobs with 'High' priority
[2026.04.28-03.55.24:916][  0]LogShaderCompilers: Display: Worker (7/21): shaders left to compile 2079
[2026.04.28-03.55.24:916][  0]LogShaderCompilers: Display: Started 10 'Local' shader compile jobs with 'High' priority
[2026.04.28-03.55.25:705][  0]LogShaderCompilers: Display: Worker (11/21): shaders left to compile 2069
[2026.04.28-03.55.25:705][  0]LogShaderCompilers: Display: Started 10 'Local' shader compile jobs with 'High' priority
[2026.04.28-03.55.26:491][  0]LogShaderCompilers: Display: Worker (20/21): shaders left to compile 2059
[2026.04.28-03.55.26:491][  0]LogShaderCompilers: Display: Started 10 'Local' shader compile jobs with 'High' priority
[2026.04.28-03.55.28:060][  0]LogShaderCompilers: Display: Worker (12/21): shaders left to compile 2049
[2026.04.28-03.55.28:060][  0]LogShaderCompilers: Display: Started 10 'Local' shader compile jobs with 'High' priority
[2026.04.28-03.55.28:060][  0]LogShaderCompilers: Display: Worker (4/21): shaders left to compile 2039
[2026.04.28-03.55.28:060][  0]LogShaderCompilers: Display: Started 10 'Local' shader compile jobs with 'High' priority
[2026.04.28-03.55.29:635][  0]LogShaderCompilers: Display: Worker (7/21): shaders left to compile 2029
[2026.04.28-03.55.29:635][  0]LogShaderCompilers: Display: Worker (11/21): shaders left to compile 2019
[2026.04.28-03.55.29:635][  0]LogShaderCompilers: Display: Started 20 'Local' shader compile jobs with 'High' priority
[2026.04.28-03.55.29:635][  0]LogShaderCompilers: Display: Worker (16/21): shaders left to compile 2009
[2026.04.28-03.55.29:635][  0]LogShaderCompilers: Display: Started 10 'Local' shader compile jobs with 'High' priority
[2026.04.28-03.55.30:427][  0]LogShaderCompilers: Display: Worker (1/21): shaders left to compile 1999
[2026.04.28-03.55.30:427][  0]LogShaderCompilers: Display: Started 10 'Local' shader compile jobs with 'High' priority
[2026.04.28-03.55.31:217][  0]LogShaderCompilers: Display: Worker (4/21): shaders left to compile 1989
[2026.04.28-03.55.31:217][  0]LogShaderCompilers: Display: Started 10 'Local' shader compile jobs with 'High' priority
[2026.04.28-03.55.32:008][  0]LogShaderCompilers: Display: Worker (15/21): shaders left to compile 1979
[2026.04.28-03.55.32:008][  0]LogShaderCompilers: Display: Started 10 'Local' shader compile jobs with 'High' priority
[2026.04.28-03.55.32:008][  0]LogShaderCompilers: Display: Worker (17/21): shaders left to compile 1969
[2026.04.28-03.55.32:008][  0]LogShaderCompilers: Display: Started 10 'Local' shader compile jobs with 'High' priority
[2026.04.28-03.55.32:799][  0]LogShaderCompilers: Display: Worker (13/21): shaders left to compile 1959
[2026.04.28-03.55.32:799][  0]LogShaderCompilers: Display: Started 10 'Local' shader compile jobs with 'High' priority
[2026.04.28-03.55.35:964][  0]LogShaderCompilers: Display: Worker (11/21): shaders left to compile 1949
[2026.04.28-03.55.35:964][  0]LogShaderCompilers: Display: Started 10 'Local' shader compile jobs with 'High' priority
[2026.04.28-03.55.37:547][  0]LogShaderCompilers: Display: Worker (10/21): shaders left to compile 1939
[2026.04.28-03.55.37:547][  0]LogShaderCompilers: Display: Started 10 'Local' shader compile jobs with 'High' priority
[2026.04.28-03.55.38:339][  0]LogShaderCompilers: Display: Worker (19/21): shaders left to compile 1929
[2026.04.28-03.55.38:339][  0]LogShaderCompilers: Display: Started 10 'Local' shader compile jobs with 'High' priority
[2026.04.28-03.55.42:300][  0]LogShaderCompilers: Display: Worker (20/21): shaders left to compile 1919
[2026.04.28-03.55.42:300][  0]LogShaderCompilers: Display: Started 10 'Local' shader compile jobs with 'High' priority
[2026.04.28-03.55.46:243][  0]LogShaderCompilers: Display: Worker (20/21): shaders left to compile 1909
[2026.04.28-03.55.46:243][  0]LogShaderCompilers: Display: Started 10 'Local' shader compile jobs with 'High' priority
[2026.04.28-03.55.46:243][  0]LogShaderCompilers: Display: Worker (17/21): shaders left to compile 1899
[2026.04.28-03.55.46:243][  0]LogShaderCompilers: Display: Started 10 'Local' shader compile jobs with 'High' priority
[2026.04.28-03.55.47:033][  0]LogShaderCompilers: Display: Worker (18/21): shaders left to compile 1889
[2026.04.28-03.55.47:033][  0]LogShaderCompilers: Display: Started 10 'Local' shader compile jobs with 'High' priority
[2026.04.28-03.55.47:824][  0]LogShaderCompilers: Display: Worker (3/21): shaders left to compile 1879
[2026.04.28-03.55.47:824][  0]LogShaderCompilers: Display: Started 10 'Local' shader compile jobs with 'High' priority
[2026.04.28-03.55.47:824][  0]LogShaderCompilers: Display: Worker (16/21): shaders left to compile 1869
[2026.04.28-03.55.47:824][  0]LogShaderCompilers: Display: Started 10 'Local' shader compile jobs with 'High' priority
[2026.04.28-03.55.48:614][  0]LogShaderCompilers: Display: Worker (10/21): shaders left to compile 1859
[2026.04.28-03.55.48:614][  0]LogShaderCompilers: Display: Started 10 'Local' shader compile jobs with 'High' priority
[2026.04.28-03.55.49:400][  0]LogShaderCompilers: Display: Worker (1/21): shaders left to compile 1849
[2026.04.28-03.55.49:400][  0]LogShaderCompilers: Display: Started 10 'Local' shader compile jobs with 'High' priority
[2026.04.28-03.55.49:400][  0]LogShaderCompilers: Display: Worker (5/21): shaders left to compile 1839
[2026.04.28-03.55.49:400][  0]LogShaderCompilers: Display: Started 10 'Local' shader compile jobs with 'High' priority
[2026.04.28-03.55.50:980][  0]LogShaderCompilers: Display: Worker (12/21): shaders left to compile 1829
[2026.04.28-03.55.50:980][  0]LogShaderCompilers: Display: Started 10 'Local' shader compile jobs with 'High' priority
[2026.04.28-03.55.51:769][  0]LogShaderCompilers: Display: Worker (11/21): shaders left to compile 1819
[2026.04.28-03.55.51:769][  0]LogShaderCompilers: Display: Started 10 'Local' shader compile jobs with 'High' priority
[2026.04.28-03.55.51:769][  0]LogShaderCompilers: Display: Worker (8/21): shaders left to compile 1809
[2026.04.28-03.55.51:769][  0]LogShaderCompilers: Display: Started 10 'Local' shader compile jobs with 'High' priority
[2026.04.28-03.55.52:560][  0]LogShaderCompilers: Display: Worker (7/21): shaders left to compile 1799
[2026.04.28-03.55.52:560][  0]LogShaderCompilers: Display: Started 10 'Local' shader compile jobs with 'High' priority
[2026.04.28-03.55.53:351][  0]LogShaderCompilers: Display: Worker (10/21): shaders left to compile 1789
[2026.04.28-03.55.53:351][  0]LogShaderCompilers: Display: Started 10 'Local' shader compile jobs with 'High' priority
[2026.04.28-03.55.54:140][  0]LogShaderCompilers: Display: Worker (5/21): shaders left to compile 1779
[2026.04.28-03.55.54:140][  0]LogShaderCompilers: Display: Started 10 'Local' shader compile jobs with 'High' priority
[2026.04.28-03.55.54:140][  0]LogShaderCompilers: Display: Worker (4/21): shaders left to compile 1769
[2026.04.28-03.55.54:140][  0]LogShaderCompilers: Display: Started 10 'Local' shader compile jobs with 'High' priority
[2026.04.28-03.55.54:140][  0]LogShaderCompilers: Display: Worker (1/21): shaders left to compile 1759
[2026.04.28-03.55.54:140][  0]LogShaderCompilers: Display: Started 10 'Local' shader compile jobs with 'High' priority
[2026.04.28-03.55.54:929][  0]LogShaderCompilers: Display: Worker (21/21): shaders left to compile 1749
[2026.04.28-03.55.54:929][  0]LogShaderCompilers: Display: Started 10 'Local' shader compile jobs with 'High' priority
[2026.04.28-03.55.54:929][  0]LogShaderCompilers: Display: Worker (12/21): shaders left to compile 1739
[2026.04.28-03.55.54:929][  0]LogShaderCompilers: Display: Started 10 'Local' shader compile jobs with 'High' priority
[2026.04.28-03.55.55:719][  0]LogShaderCompilers: Display: Worker (11/21): shaders left to compile 1729
[2026.04.28-03.55.55:719][  0]LogShaderCompilers: Display: Started 10 'Local' shader compile jobs with 'High' priority
[2026.04.28-03.55.56:510][  0]LogShaderCompilers: Display: Worker (7/21): shaders left to compile 1719
[2026.04.28-03.55.56:510][  0]LogShaderCompilers: Display: Started 10 'Local' shader compile jobs with 'High' priority
[2026.04.28-03.55.56:510][  0]LogShaderCompilers: Display: Worker (10/21): shaders left to compile 1709
[2026.04.28-03.55.56:510][  0]LogShaderCompilers: Display: Started 10 'Local' shader compile jobs with 'High' priority
[2026.04.28-03.55.57:304][  0]LogShaderCompilers: Display: Worker (8/21): shaders left to compile 1699
[2026.04.28-03.55.57:304][  0]LogShaderCompilers: Display: Started 10 'Local' shader compile jobs with 'High' priority
[2026.04.28-03.55.58:096][  0]LogShaderCompilers: Display: Worker (21/21): shaders left to compile 1689
[2026.04.28-03.55.58:096][  0]LogShaderCompilers: Display: Started 10 'Local' shader compile jobs with 'High' priority
[2026.04.28-03.55.58:096][  0]LogShaderCompilers: Display: Worker (5/21): shaders left to compile 1679
[2026.04.28-03.55.58:096][  0]LogShaderCompilers: Display: Started 10 'Local' shader compile jobs with 'High' priority
[2026.04.28-03.55.58:096][  0]LogShaderCompilers: Display: Worker (13/21): shaders left to compile 1669
[2026.04.28-03.55.58:096][  0]LogShaderCompilers: Display: Started 10 'Local' shader compile jobs with 'High' priority
[2026.04.28-03.55.58:886][  0]LogShaderCompilers: Display: Worker (4/21): shaders left to compile 1659
[2026.04.28-03.55.58:886][  0]LogShaderCompilers: Display: Started 10 'Local' shader compile jobs with 'High' priority
[2026.04.28-03.55.58:886][  0]LogShaderCompilers: Display: Worker (17/21): shaders left to compile 1649
[2026.04.28-03.55.58:886][  0]LogShaderCompilers: Display: Started 10 'Local' shader compile jobs with 'High' priority
[2026.04.28-03.55.58:886][  0]LogShaderCompilers: Display: Worker (11/21): shaders left to compile 1639
[2026.04.28-03.55.58:886][  0]LogShaderCompilers: Display: Started 10 'Local' shader compile jobs with 'High' priority
[2026.04.28-03.55.59:677][  0]LogShaderCompilers: Display: Worker (1/21): shaders left to compile 1629
[2026.04.28-03.55.59:677][  0]LogShaderCompilers: Display: Started 10 'Local' shader compile jobs with 'High' priority
[2026.04.28-03.56.00:470][  0]LogShaderCompilers: Display: Worker (12/21): shaders left to compile 1619
[2026.04.28-03.56.00:470][  0]LogShaderCompilers: Display: Started 10 'Local' shader compile jobs with 'High' priority
[2026.04.28-03.56.00:470][  0]LogShaderCompilers: Display: Worker (10/21): shaders left to compile 1609
[2026.04.28-03.56.00:470][  0]LogShaderCompilers: Display: Started 10 'Local' shader compile jobs with 'High' priority
[2026.04.28-03.56.00:470][  0]LogShaderCompilers: Display: Worker (8/21): shaders left to compile 1599
[2026.04.28-03.56.00:470][  0]LogShaderCompilers: Display: Started 10 'Local' shader compile jobs with 'High' priority
[2026.04.28-03.56.01:263][  0]LogShaderCompilers: Display: Worker (21/21): shaders left to compile 1589
[2026.04.28-03.56.01:263][  0]LogShaderCompilers: Display: Started 10 'Local' shader compile jobs with 'High' priority
[2026.04.28-03.56.02:054][  0]LogShaderCompilers: Display: Worker (7/21): shaders left to compile 1579
[2026.04.28-03.56.02:054][  0]LogShaderCompilers: Display: Started 10 'Local' shader compile jobs with 'High' priority
[2026.04.28-03.56.02:054][  0]LogShaderCompilers: Display: Worker (19/21): shaders left to compile 1569
[2026.04.28-03.56.02:054][  0]LogShaderCompilers: Display: Started 10 'Local' shader compile jobs with 'High' priority
[2026.04.28-03.56.02:054][  0]LogShaderCompilers: Display: Worker (16/21): shaders left to compile 1559
[2026.04.28-03.56.02:054][  0]LogShaderCompilers: Display: Started 10 'Local' shader compile jobs with 'High' priority
[2026.04.28-03.56.02:845][  0]LogShaderCompilers: Display: Worker (11/21): shaders left to compile 1549
[2026.04.28-03.56.02:845][  0]LogShaderCompilers: Display: Started 10 'Local' shader compile jobs with 'High' priority
[2026.04.28-03.56.02:845][  0]LogShaderCompilers: Display: Worker (5/21): shaders left to compile 1539
[2026.04.28-03.56.02:845][  0]LogShaderCompilers: Display: Started 10 'Local' shader compile jobs with 'High' priority
[2026.04.28-03.56.03:636][  0]LogShaderCompilers: Display: Worker (4/21): shaders left to compile 1529
[2026.04.28-03.56.03:636][  0]LogShaderCompilers: Display: Started 10 'Local' shader compile jobs with 'High' priority
[2026.04.28-03.56.03:636][  0]LogShaderCompilers: Display: Worker (13/21): shaders left to compile 1519
[2026.04.28-03.56.03:636][  0]LogShaderCompilers: Display: Started 10 'Local' shader compile jobs with 'High' priority
[2026.04.28-03.56.04:429][  0]LogShaderCompilers: Display: Worker (8/21): shaders left to compile 1509
[2026.04.28-03.56.04:429][  0]LogShaderCompilers: Display: Started 10 'Local' shader compile jobs with 'High' priority
[2026.04.28-03.56.04:429][  0]LogShaderCompilers: Display: Worker (1/21): shaders left to compile 1499
[2026.04.28-03.56.04:429][  0]LogShaderCompilers: Display: Started 10 'Local' shader compile jobs with 'High' priority
[2026.04.28-03.56.04:429][  0]LogShaderCompilers: Display: Worker (21/21): shaders left to compile 1489
[2026.04.28-03.56.04:429][  0]LogShaderCompilers: Display: Started 10 'Local' shader compile jobs with 'High' priority
[2026.04.28-03.56.04:429][  0]LogShaderCompilers: Display: Worker (17/21): shaders left to compile 1479
[2026.04.28-03.56.04:429][  0]LogShaderCompilers: Display: Started 10 'Local' shader compile jobs with 'High' priority
[2026.04.28-03.56.05:219][  0]LogShaderCompilers: Display: Worker (12/21): shaders left to compile 1469
[2026.04.28-03.56.05:219][  0]LogShaderCompilers: Display: Started 10 'Local' shader compile jobs with 'High' priority
[2026.04.28-03.56.05:219][  0]LogShaderCompilers: Display: Worker (15/21): shaders left to compile 1459
[2026.04.28-03.56.05:219][  0]LogShaderCompilers: Display: Started 10 'Local' shader compile jobs with 'High' priority
[2026.04.28-03.56.05:219][  0]LogShaderCompilers: Display: Worker (19/21): shaders left to compile 1449
[2026.04.28-03.56.05:219][  0]LogShaderCompilers: Display: Started 10 'Local' shader compile jobs with 'High' priority
[2026.04.28-03.56.06:012][  0]LogShaderCompilers: Display: Worker (10/21): shaders left to compile 1439
[2026.04.28-03.56.06:012][  0]LogShaderCompilers: Display: Started 10 'Local' shader compile jobs with 'High' priority
[2026.04.28-03.56.06:012][  0]LogShaderCompilers: Display: Worker (16/21): shaders left to compile 1429
[2026.04.28-03.56.06:012][  0]LogShaderCompilers: Display: Started 10 'Local' shader compile jobs with 'High' priority
[2026.04.28-03.56.06:798][  0]LogShaderCompilers: Display: Worker (5/21): shaders left to compile 1419
[2026.04.28-03.56.06:798][  0]LogShaderCompilers: Display: Started 10 'Local' shader compile jobs with 'High' priority
[2026.04.28-03.56.06:798][  0]LogShaderCompilers: Display: Worker (4/21): shaders left to compile 1409
[2026.04.28-03.56.06:798][  0]LogShaderCompilers: Display: Started 10 'Local' shader compile jobs with 'High' priority
[2026.04.28-03.56.06:798][  0]LogShaderCompilers: Display: Worker (11/21): shaders left to compile 1399
[2026.04.28-03.56.06:798][  0]LogShaderCompilers: Display: Started 10 'Local' shader compile jobs with 'High' priority
[2026.04.28-03.56.07:585][  0]LogShaderCompilers: Display: Worker (7/21): shaders left to compile 1389
[2026.04.28-03.56.07:585][  0]LogShaderCompilers: Display: Started 10 'Local' shader compile jobs with 'High' priority
[2026.04.28-03.56.07:585][  0]LogShaderCompilers: Display: Worker (15/21): shaders left to compile 1379
[2026.04.28-03.56.07:585][  0]LogShaderCompilers: Display: Started 10 'Local' shader compile jobs with 'High' priority
[2026.04.28-03.56.07:585][  0]LogShaderCompilers: Display: Worker (1/21): shaders left to compile 1369
[2026.04.28-03.56.07:585][  0]LogShaderCompilers: Display: Started 10 'Local' shader compile jobs with 'High' priority
[2026.04.28-03.56.07:585][  0]LogShaderCompilers: Display: Worker (18/21): shaders left to compile 1359
[2026.04.28-03.56.07:585][  0]LogShaderCompilers: Display: Started 10 'Local' shader compile jobs with 'High' priority
[2026.04.28-03.56.07:585][  0]LogShaderCompilers: Display: Worker (19/21): shaders left to compile 1349
[2026.04.28-03.56.07:585][  0]LogShaderCompilers: Display: Started 10 'Local' shader compile jobs with 'High' priority
[2026.04.28-03.56.08:373][  0]LogShaderCompilers: Display: Worker (13/21): shaders left to compile 1339
[2026.04.28-03.56.08:373][  0]LogShaderCompilers: Display: Started 10 'Local' shader compile jobs with 'High' priority
[2026.04.28-03.56.09:161][  0]LogShaderCompilers: Display: Worker (17/21): shaders left to compile 1329
[2026.04.28-03.56.09:161][  0]LogShaderCompilers: Display: Started 10 'Local' shader compile jobs with 'High' priority
[2026.04.28-03.56.09:161][  0]LogShaderCompilers: Display: Worker (21/21): shaders left to compile 1319
[2026.04.28-03.56.09:161][  0]LogShaderCompilers: Display: Started 10 'Local' shader compile jobs with 'High' priority
[2026.04.28-03.56.09:161][  0]LogShaderCompilers: Display: Worker (3/21): shaders left to compile 1309
[2026.04.28-03.56.09:161][  0]LogShaderCompilers: Display: Worker (20/21): shaders left to compile 1299
[2026.04.28-03.56.09:161][  0]LogShaderCompilers: Display: Started 20 'Local' shader compile jobs with 'High' priority
[2026.04.28-03.56.09:161][  0]LogShaderCompilers: Display: Worker (5/21): shaders left to compile 1289
[2026.04.28-03.56.09:161][  0]LogShaderCompilers: Display: Started 10 'Local' shader compile jobs with 'High' priority
[2026.04.28-03.56.09:161][  0]LogShaderCompilers: Display: Worker (8/21): shaders left to compile 1279
[2026.04.28-03.56.09:161][  0]LogShaderCompilers: Display: Started 10 'Local' shader compile jobs with 'High' priority
[2026.04.28-03.56.09:952][  0]LogShaderCompilers: Display: Worker (4/21): shaders left to compile 1269
[2026.04.28-03.56.09:952][  0]LogShaderCompilers: Display: Started 10 'Local' shader compile jobs with 'High' priority
[2026.04.28-03.56.09:952][  0]LogShaderCompilers: Display: Worker (16/21): shaders left to compile 1259
[2026.04.28-03.56.09:952][  0]LogShaderCompilers: Display: Started 10 'Local' shader compile jobs with 'High' priority
[2026.04.28-03.56.09:952][  0]LogShaderCompilers: Display: Worker (15/21): shaders left to compile 1249
[2026.04.28-03.56.09:952][  0]LogShaderCompilers: Display: Started 10 'Local' shader compile jobs with 'High' priority
[2026.04.28-03.56.09:952][  0]LogShaderCompilers: Display: Worker (18/21): shaders left to compile 1239
[2026.04.28-03.56.09:952][  0]LogShaderCompilers: Display: Started 10 'Local' shader compile jobs with 'High' priority
[2026.04.28-03.56.10:736][  0]LogShaderCompilers: Display: Worker (21/21): shaders left to compile 1229
[2026.04.28-03.56.10:736][  0]LogShaderCompilers: Display: Started 10 'Local' shader compile jobs with 'High' priority
[2026.04.28-03.56.10:736][  0]LogShaderCompilers: Display: Worker (10/21): shaders left to compile 1219
[2026.04.28-03.56.10:736][  0]LogShaderCompilers: Display: Started 10 'Local' shader compile jobs with 'High' priority
[2026.04.28-03.56.10:736][  0]LogShaderCompilers: Display: Worker (1/21): shaders left to compile 1209
[2026.04.28-03.56.10:736][  0]LogShaderCompilers: Display: Started 10 'Local' shader compile jobs with 'High' priority
[2026.04.28-03.56.10:736][  0]LogShaderCompilers: Display: Worker (13/21): shaders left to compile 1199
[2026.04.28-03.56.10:736][  0]LogShaderCompilers: Display: Started 10 'Local' shader compile jobs with 'High' priority
[2026.04.28-03.56.10:736][  0]LogShaderCompilers: Display: Worker (19/21): shaders left to compile 1189
[2026.04.28-03.56.10:736][  0]LogShaderCompilers: Display: Started 10 'Local' shader compile jobs with 'High' priority
[2026.04.28-03.56.11:524][  0]LogShaderCompilers: Display: Worker (11/21): shaders left to compile 1179
[2026.04.28-03.56.11:524][  0]LogShaderCompilers: Display: Started 10 'Local' shader compile jobs with 'High' priority
[2026.04.28-03.56.11:524][  0]LogShaderCompilers: Display: Worker (7/21): shaders left to compile 1169
[2026.04.28-03.56.11:524][  0]LogShaderCompilers: Display: Started 10 'Local' shader compile jobs with 'High' priority
[2026.04.28-03.56.12:316][  0]LogShaderCompilers: Display: Worker (8/21): shaders left to compile 1159
[2026.04.28-03.56.12:316][  0]LogShaderCompilers: Display: Started 10 'Local' shader compile jobs with 'High' priority
[2026.04.28-03.56.12:316][  0]LogShaderCompilers: Display: Worker (5/21): shaders left to compile 1149
[2026.04.28-03.56.12:316][  0]LogShaderCompilers: Display: Started 10 'Local' shader compile jobs with 'High' priority
[2026.04.28-03.56.12:316][  0]LogShaderCompilers: Display: Worker (3/21): shaders left to compile 1139
[2026.04.28-03.56.12:316][  0]LogShaderCompilers: Display: Started 10 'Local' shader compile jobs with 'High' priority
[2026.04.28-03.56.12:316][  0]LogShaderCompilers: Display: Worker (10/21): shaders left to compile 1129
[2026.04.28-03.56.12:316][  0]LogShaderCompilers: Display: Started 10 'Local' shader compile jobs with 'High' priority
[2026.04.28-03.56.12:316][  0]LogShaderCompilers: Display: Worker (18/21): shaders left to compile 1119
[2026.04.28-03.56.12:316][  0]LogShaderCompilers: Display: Started 10 'Local' shader compile jobs with 'High' priority
[2026.04.28-03.56.13:105][  0]LogShaderCompilers: Display: Worker (17/21): shaders left to compile 1109
[2026.04.28-03.56.13:105][  0]LogShaderCompilers: Display: Started 10 'Local' shader compile jobs with 'High' priority
[2026.04.28-03.56.13:105][  0]LogShaderCompilers: Display: Worker (15/21): shaders left to compile 1099
[2026.04.28-03.56.13:105][  0]LogShaderCompilers: Display: Started 10 'Local' shader compile jobs with 'High' priority
[2026.04.28-03.56.13:897][  0]LogShaderCompilers: Display: Worker (1/21): shaders left to compile 1089
[2026.04.28-03.56.13:897][  0]LogShaderCompilers: Display: Started 10 'Local' shader compile jobs with 'High' priority
[2026.04.28-03.56.13:897][  0]LogShaderCompilers: Display: Worker (13/21): shaders left to compile 1079
[2026.04.28-03.56.13:897][  0]LogShaderCompilers: Display: Started 10 'Local' shader compile jobs with 'High' priority
[2026.04.28-03.56.13:897][  0]LogShaderCompilers: Display: Worker (16/21): shaders left to compile 1069
[2026.04.28-03.56.13:897][  0]LogShaderCompilers: Display: Started 10 'Local' shader compile jobs with 'High' priority
[2026.04.28-03.56.14:683][  0]LogShaderCompilers: Display: Worker (11/21): shaders left to compile 1059
[2026.04.28-03.56.14:683][  0]LogShaderCompilers: Display: Started 10 'Local' shader compile jobs with 'High' priority
[2026.04.28-03.56.14:683][  0]LogShaderCompilers: Display: Worker (19/21): shaders left to compile 1049
[2026.04.28-03.56.14:683][  0]LogShaderCompilers: Display: Started 10 'Local' shader compile jobs with 'High' priority
[2026.04.28-03.56.15:473][  0]LogShaderCompilers: Display: Worker (21/21): shaders left to compile 1039
[2026.04.28-03.56.15:473][  0]LogShaderCompilers: Display: Started 10 'Local' shader compile jobs with 'High' priority
[2026.04.28-03.56.16:260][  0]LogShaderCompilers: Display: Worker (20/21): shaders left to compile 1029
[2026.04.28-03.56.16:260][  0]LogShaderCompilers: Display: Started 10 'Local' shader compile jobs with 'High' priority
[2026.04.28-03.56.16:260][  0]LogShaderCompilers: Display: Worker (4/21): shaders left to compile 1019
[2026.04.28-03.56.16:260][  0]LogShaderCompilers: Display: Started 10 'Local' shader compile jobs with 'High' priority
[2026.04.28-03.56.18:627][  0]LogShaderCompilers: Display: Worker (3/21): shaders left to compile 1009
[2026.04.28-03.56.18:627][  0]LogShaderCompilers: Display: Started 10 'Local' shader compile jobs with 'High' priority
[2026.04.28-03.56.20:204][  0]LogShaderCompilers: Display: Worker (7/21): shaders left to compile 999
[2026.04.28-03.56.20:204][  0]LogShaderCompilers: Display: Started 10 'Local' shader compile jobs with 'High' priority
[2026.04.28-03.56.24:144][  0]LogShaderCompilers: Display: Worker (8/21): shaders left to compile 989
[2026.04.28-03.56.24:144][  0]LogShaderCompilers: Display: Started 10 'Local' shader compile jobs with 'High' priority
[2026.04.28-03.56.24:144][  0]LogShaderCompilers: Display: Worker (18/21): shaders left to compile 979
[2026.04.28-03.56.24:144][  0]LogShaderCompilers: Display: Started 10 'Local' shader compile jobs with 'High' priority
[2026.04.28-03.56.24:929][  0]LogShaderCompilers: Display: Worker (10/21): shaders left to compile 969
[2026.04.28-03.56.24:929][  0]LogShaderCompilers: Display: Started 10 'Local' shader compile jobs with 'High' priority
[2026.04.28-03.56.26:505][  0]LogShaderCompilers: Display: Worker (5/21): shaders left to compile 959
[2026.04.28-03.56.26:505][  0]LogShaderCompilers: Display: Started 10 'Local' shader compile jobs with 'High' priority
[2026.04.28-03.56.29:659][  0]LogShaderCompilers: Display: Worker (12/21): shaders left to compile 949
[2026.04.28-03.56.29:659][  0]LogShaderCompilers: Display: Started 10 'Local' shader compile jobs with 'High' priority
[2026.04.28-03.56.41:498][  0]LogShaderCompilers: Display: Worker (9/21): shaders left to compile 939
[2026.04.28-03.56.41:498][  0]LogShaderCompilers: Display: Started 10 'Local' shader compile jobs with 'High' priority
[2026.04.28-03.56.47:002][  0]LogShaderCompilers: Display: Worker (1/21): shaders left to compile 929
[2026.04.28-03.56.47:002][  0]LogShaderCompilers: Display: Started 10 'Local' shader compile jobs with 'High' priority
[2026.04.28-03.56.47:002][  0]LogShaderCompilers: Display: Worker (5/21): shaders left to compile 919
[2026.04.28-03.56.47:002][  0]LogShaderCompilers: Display: Started 10 'Local' shader compile jobs with 'High' priority
[2026.04.28-03.56.53:319][  0]LogShaderCompilers: Display: Worker (12/21): shaders left to compile 909
[2026.04.28-03.56.53:319][  0]LogShaderCompilers: Display: Started 10 'Local' shader compile jobs with 'High' priority
[2026.04.28-03.56.57:260][  0]LogShaderCompilers: Display: Worker (15/21): shaders left to compile 899
[2026.04.28-03.56.57:260][  0]LogShaderCompilers: Display: Started 10 'Local' shader compile jobs with 'High' priority
[2026.04.28-03.57.05:947][  0]LogShaderCompilers: Display: Worker (9/21): shaders left to compile 889
[2026.04.28-03.57.05:947][  0]LogShaderCompilers: Display: Started 10 'Local' shader compile jobs with 'High' priority
[2026.04.28-03.57.09:119][  0]LogShaderCompilers: Display: Worker (5/21): shaders left to compile 879
[2026.04.28-03.57.09:119][  0]LogShaderCompilers: Display: Started 10 'Local' shader compile jobs with 'High' priority
[2026.04.28-03.57.09:119][  0]LogShaderCompilers: Display: Worker (1/21): shaders left to compile 869
[2026.04.28-03.57.09:119][  0]LogShaderCompilers: Display: Started 10 'Local' shader compile jobs with 'High' priority
[2026.04.28-03.57.12:279][  0]LogShaderCompilers: Display: Worker (13/21): shaders left to compile 859
[2026.04.28-03.57.12:279][  0]LogShaderCompilers: Display: Started 10 'Local' shader compile jobs with 'High' priority
[2026.04.28-03.57.19:415][  0]LogShaderCompilers: Display: Worker (15/21): shaders left to compile 849
[2026.04.28-03.57.19:415][  0]LogShaderCompilers: Display: Started 10 'Local' shader compile jobs with 'High' priority
[2026.04.28-03.57.19:415][  0]LogShaderCompilers: Display: Worker (17/21): shaders left to compile 839
[2026.04.28-03.57.19:415][  0]LogShaderCompilers: Display: Started 10 'Local' shader compile jobs with 'High' priority
[2026.04.28-03.57.21:792][  0]LogShaderCompilers: Display: Worker (12/21): shaders left to compile 829
[2026.04.28-03.57.21:792][  0]LogShaderCompilers: Display: Started 10 'Local' shader compile jobs with 'High' priority
[2026.04.28-03.57.25:760][  0]LogShaderCompilers: Display: Worker (9/21): shaders left to compile 819
[2026.04.28-03.57.25:760][  0]LogShaderCompilers: Display: Started 10 'Local' shader compile jobs with 'High' priority
[2026.04.28-03.57.27:345][  0]LogShaderCompilers: Display: Worker (5/21): shaders left to compile 809
[2026.04.28-03.57.27:345][  0]LogShaderCompilers: Display: Started 10 'Local' shader compile jobs with 'High' priority
[2026.04.28-03.57.29:712][  0]LogShaderCompilers: Display: Worker (1/21): shaders left to compile 799
[2026.04.28-03.57.29:712][  0]LogShaderCompilers: Display: Started 10 'Local' shader compile jobs with 'High' priority
[2026.04.28-03.57.29:712][  0]LogShaderCompilers: Display: Worker (10/21): shaders left to compile 789
[2026.04.28-03.57.29:712][  0]LogShaderCompilers: Display: Started 10 'Local' shader compile jobs with 'High' priority
[2026.04.28-03.57.31:307][  0]LogShaderCompilers: Display: Worker (6/21): shaders left to compile 779
[2026.04.28-03.57.31:307][  0]LogShaderCompilers: Display: Started 10 'Local' shader compile jobs with 'High' priority
[2026.04.28-03.57.35:278][  0]LogShaderCompilers: Display: Worker (15/21): shaders left to compile 769
[2026.04.28-03.57.35:278][  0]LogShaderCompilers: Display: Started 10 'Local' shader compile jobs with 'High' priority
[2026.04.28-03.57.39:250][  0]LogShaderCompilers: Display: Worker (17/21): shaders left to compile 759
[2026.04.28-03.57.39:250][  0]LogShaderCompilers: Display: Started 10 'Local' shader compile jobs with 'High' priority
[2026.04.28-03.57.40:837][  0]LogShaderCompilers: Display: Worker (13/21): shaders left to compile 749
[2026.04.28-03.57.40:837][  0]LogShaderCompilers: Display: Started 10 'Local' shader compile jobs with 'High' priority
[2026.04.28-03.57.42:417][  0]LogShaderCompilers: Display: Worker (12/21): shaders left to compile 739
[2026.04.28-03.57.42:417][  0]LogShaderCompilers: Display: Started 10 'Local' shader compile jobs with 'High' priority
[2026.04.28-03.57.43:211][  0]LogShaderCompilers: Display: Worker (17/21): shaders left to compile 729
[2026.04.28-03.57.43:211][  0]LogShaderCompilers: Display: Started 10 'Local' shader compile jobs with 'High' priority
[2026.04.28-03.57.44:807][  0]LogShaderCompilers: Display: Worker (12/21): shaders left to compile 719
[2026.04.28-03.57.44:807][  0]LogShaderCompilers: Display: Started 10 'Local' shader compile jobs with 'High' priority
[2026.04.28-03.57.45:599][  0]LogShaderCompilers: Display: Worker (9/21): shaders left to compile 709
[2026.04.28-03.57.45:599][  0]LogShaderCompilers: Display: Started 10 'Local' shader compile jobs with 'High' priority
[2026.04.28-03.57.45:599][  0]LogShaderCompilers: Display: Worker (13/21): shaders left to compile 699
[2026.04.28-03.57.45:599][  0]LogShaderCompilers: Display: Started 10 'Local' shader compile jobs with 'High' priority
[2026.04.28-03.57.46:381][  0]LogShaderCompilers: Display: Worker (10/21): shaders left to compile 689
[2026.04.28-03.57.46:381][  0]LogShaderCompilers: Display: Started 10 'Local' shader compile jobs with 'High' priority
[2026.04.28-03.57.47:966][  0]LogShaderCompilers: Display: Worker (1/21): shaders left to compile 679
[2026.04.28-03.57.47:966][  0]LogShaderCompilers: Display: Started 10 'Local' shader compile jobs with 'High' priority
[2026.04.28-03.57.48:758][  0]LogShaderCompilers: Display: Worker (12/21): shaders left to compile 669
[2026.04.28-03.57.48:758][  0]LogShaderCompilers: Display: Started 10 'Local' shader compile jobs with 'High' priority
[2026.04.28-03.57.49:566][  0]LogShaderCompilers: Display: Worker (17/21): shaders left to compile 659
[2026.04.28-03.57.49:566][  0]LogShaderCompilers: Display: Started 10 'Local' shader compile jobs with 'High' priority
[2026.04.28-03.57.49:566][  0]LogShaderCompilers: Display: Worker (5/21): shaders left to compile 649
[2026.04.28-03.57.49:566][  0]LogShaderCompilers: Display: Started 10 'Local' shader compile jobs with 'High' priority
[2026.04.28-03.57.54:319][  0]LogShaderCompilers: Display: Worker (17/21): shaders left to compile 639
[2026.04.28-03.57.54:319][  0]LogShaderCompilers: Display: Started 10 'Local' shader compile jobs with 'High' priority
[2026.04.28-03.57.54:319][  0]LogShaderCompilers: Display: Worker (5/21): shaders left to compile 629
[2026.04.28-03.57.54:319][  0]LogShaderCompilers: Display: Started 10 'Local' shader compile jobs with 'High' priority
[2026.04.28-03.57.57:505][  0]LogShaderCompilers: Display: Worker (17/21): shaders left to compile 619
[2026.04.28-03.57.57:505][  0]LogShaderCompilers: Display: Started 10 'Local' shader compile jobs with 'High' priority
[2026.04.28-03.57.59:914][  0]LogShaderCompilers: Display: Worker (5/21): shaders left to compile 609
[2026.04.28-03.57.59:914][  0]LogShaderCompilers: Display: Started 10 'Local' shader compile jobs with 'High' priority
[2026.04.28-03.58.02:296][  0]LogShaderCompilers: Display: Worker (17/21): shaders left to compile 599
[2026.04.28-03.58.02:296][  0]LogShaderCompilers: Display: Started 10 'Local' shader compile jobs with 'High' priority
[2026.04.28-03.58.03:880][  0]LogShaderCompilers: Display: Worker (5/21): shaders left to compile 589
[2026.04.28-03.58.03:880][  0]LogShaderCompilers: Display: Started 10 'Local' shader compile jobs with 'High' priority
[2026.04.28-03.58.06:255][  0]LogShaderCompilers: Display: Worker (3/21): shaders left to compile 579
[2026.04.28-03.58.06:255][  0]LogShaderCompilers: Display: Started 10 'Local' shader compile jobs with 'High' priority
[2026.04.28-03.58.07:839][  0]LogShaderCompilers: Display: Worker (17/21): shaders left to compile 569
[2026.04.28-03.58.07:839][  0]LogShaderCompilers: Display: Started 10 'Local' shader compile jobs with 'High' priority
[2026.04.28-03.58.11:011][  0]LogShaderCompilers: Display: Worker (6/21): shaders left to compile 559
[2026.04.28-03.58.11:011][  0]LogShaderCompilers: Display: Started 10 'Local' shader compile jobs with 'High' priority
[2026.04.28-03.58.11:011][  0]LogShaderCompilers: Display: Worker (3/21): shaders left to compile 549
[2026.04.28-03.58.11:011][  0]LogShaderCompilers: Display: Started 10 'Local' shader compile jobs with 'High' priority
[2026.04.28-03.58.14:182][  0]LogShaderCompilers: Display: Worker (5/21): shaders left to compile 539
[2026.04.28-03.58.14:182][  0]LogShaderCompilers: Display: Started 10 'Local' shader compile jobs with 'High' priority
[2026.04.28-03.58.14:182][  0]LogShaderCompilers: Display: Worker (11/21): shaders left to compile 529
[2026.04.28-03.58.14:182][  0]LogShaderCompilers: Display: Started 10 'Local' shader compile jobs with 'High' priority
[2026.04.28-03.58.14:182][  0]LogShaderCompilers: Display: Worker (15/21): shaders left to compile 519
[2026.04.28-03.58.14:182][  0]LogShaderCompilers: Display: Started 10 'Local' shader compile jobs with 'High' priority
[2026.04.28-03.58.17:338][  0]LogShaderCompilers: Display: Worker (17/21): shaders left to compile 509
[2026.04.28-03.58.17:338][  0]LogShaderCompilers: Display: Started 10 'Local' shader compile jobs with 'High' priority
[2026.04.28-03.58.18:129][  0]LogShaderCompilers: Display: Worker (6/21): shaders left to compile 499
[2026.04.28-03.58.18:129][  0]LogShaderCompilers: Display: Started 10 'Local' shader compile jobs with 'High' priority
[2026.04.28-03.58.22:886][  0]LogShaderCompilers: Display: Worker (15/21): shaders left to compile 489
[2026.04.28-03.58.22:886][  0]LogShaderCompilers: Display: Started 10 'Local' shader compile jobs with 'High' priority
[2026.04.28-03.58.24:483][  0]LogShaderCompilers: Display: Worker (12/21): shaders left to compile 479
[2026.04.28-03.58.24:483][  0]LogShaderCompilers: Display: Started 10 'Local' shader compile jobs with 'High' priority
[2026.04.28-03.58.26:859][  0]LogShaderCompilers: Display: Worker (5/21): shaders left to compile 469
[2026.04.28-03.58.26:859][  0]LogShaderCompilers: Display: Started 10 'Local' shader compile jobs with 'High' priority
[2026.04.28-03.58.29:236][  0]LogShaderCompilers: Display: Worker (11/21): shaders left to compile 459
[2026.04.28-03.58.29:236][  0]LogShaderCompilers: Display: Started 10 'Local' shader compile jobs with 'High' priority
[2026.04.28-03.58.30:837][  0]LogShaderCompilers: Display: Worker (6/21): shaders left to compile 449
[2026.04.28-03.58.30:837][  0]LogShaderCompilers: Display: Started 10 'Local' shader compile jobs with 'High' priority
[2026.04.28-03.58.32:421][  0]LogShaderCompilers: Display: Worker (17/21): shaders left to compile 439
[2026.04.28-03.58.32:421][  0]LogShaderCompilers: Display: Started 10 'Local' shader compile jobs with 'High' priority
[2026.04.28-03.58.33:211][  0]LogShaderCompilers: Display: Worker (3/21): shaders left to compile 429
[2026.04.28-03.58.33:211][  0]LogShaderCompilers: Display: Started 10 'Local' shader compile jobs with 'High' priority
[2026.04.28-03.58.33:211][  0]LogShaderCompilers: Display: Worker (15/21): shaders left to compile 419
[2026.04.28-03.58.33:211][  0]LogShaderCompilers: Display: Started 10 'Local' shader compile jobs with 'High' priority
[2026.04.28-03.58.35:581][  0]LogShaderCompilers: Display: Worker (12/21): shaders left to compile 409
[2026.04.28-03.58.35:581][  0]LogShaderCompilers: Display: Started 10 'Local' shader compile jobs with 'High' priority
[2026.04.28-03.58.38:729][  0]LogShaderCompilers: Display: Worker (5/21): shaders left to compile 399
[2026.04.28-03.58.38:729][  0]LogShaderCompilers: Display: Started 10 'Local' shader compile jobs with 'High' priority
[2026.04.28-03.58.41:098][  0]LogShaderCompilers: Display: Worker (11/21): shaders left to compile 389
[2026.04.28-03.58.41:098][  0]LogShaderCompilers: Display: Started 10 'Local' shader compile jobs with 'High' priority
[2026.04.28-03.58.41:887][  0]LogShaderCompilers: Display: Worker (12/21): shaders left to compile 379
[2026.04.28-03.58.41:887][  0]LogShaderCompilers: Display: Started 10 'Local' shader compile jobs with 'High' priority
[2026.04.28-03.58.42:683][  0]LogShaderCompilers: Display: Worker (19/21): shaders left to compile 369
[2026.04.28-03.58.42:683][  0]LogShaderCompilers: Display: Started 10 'Local' shader compile jobs with 'High' priority
[2026.04.28-03.58.43:476][  0]LogShaderCompilers: Display: Worker (6/21): shaders left to compile 359
[2026.04.28-03.58.43:476][  0]LogShaderCompilers: Display: Started 10 'Local' shader compile jobs with 'High' priority
[2026.04.28-03.58.49:022][  0]LogShaderCompilers: Display: Worker (3/21): shaders left to compile 349
[2026.04.28-03.58.49:022][  0]LogShaderCompilers: Display: Started 10 'Local' shader compile jobs with 'High' priority
[2026.04.28-03.58.55:376][  0]LogShaderCompilers: Display: Worker (11/21): shaders left to compile 339
[2026.04.28-03.58.55:376][  0]LogShaderCompilers: Display: Started 10 'Local' shader compile jobs with 'High' priority
[2026.04.28-03.58.56:170][  0]LogShaderCompilers: Display: Worker (5/21): shaders left to compile 329
[2026.04.28-03.58.56:170][  0]LogShaderCompilers: Display: Started 10 'Local' shader compile jobs with 'High' priority
[2026.04.28-03.58.59:337][  0]LogShaderCompilers: Display: Worker (17/21): shaders left to compile 319
[2026.04.28-03.58.59:337][  0]LogShaderCompilers: Display: Started 10 'Local' shader compile jobs with 'High' priority
[2026.04.28-03.59.00:127][  0]LogShaderCompilers: Display: Worker (12/21): shaders left to compile 309
[2026.04.28-03.59.00:127][  0]LogShaderCompilers: Display: Started 10 'Local' shader compile jobs with 'High' priority
[2026.04.28-03.59.03:289][  0]LogShaderCompilers: Display: Worker (13/21): shaders left to compile 299
[2026.04.28-03.59.03:289][  0]LogShaderCompilers: Display: Started 10 'Local' shader compile jobs with 'High' priority
[2026.04.28-03.59.07:251][  0]LogShaderCompilers: Display: Worker (10/21): shaders left to compile 289
[2026.04.28-03.59.07:251][  0]LogShaderCompilers: Display: Started 10 'Local' shader compile jobs with 'High' priority
[2026.04.28-03.59.12:002][  0]LogShaderCompilers: Display: Worker (6/21): shaders left to compile 279
[2026.04.28-03.59.12:002][  0]LogShaderCompilers: Display: Started 10 'Local' shader compile jobs with 'High' priority
[2026.04.28-03.59.15:958][  0]LogShaderCompilers: Display: Worker (3/21): shaders left to compile 269
[2026.04.28-03.59.15:958][  0]LogShaderCompilers: Display: Started 10 'Local' shader compile jobs with 'High' priority
[2026.04.28-03.59.19:127][  0]LogShaderCompilers: Display: Worker (19/21): shaders left to compile 259
[2026.04.28-03.59.19:127][  0]LogShaderCompilers: Display: Started 10 'Local' shader compile jobs with 'High' priority
[2026.04.28-03.59.25:463][  0]LogShaderCompilers: Display: Worker (12/21): shaders left to compile 249
[2026.04.28-03.59.25:463][  0]LogShaderCompilers: Display: Started 10 'Local' shader compile jobs with 'High' priority
[2026.04.28-03.59.26:256][  0]LogShaderCompilers: Display: Worker (5/21): shaders left to compile 239
[2026.04.28-03.59.26:256][  0]LogShaderCompilers: Display: Started 10 'Local' shader compile jobs with 'High' priority
[2026.04.28-03.59.31:002][  0]LogShaderCompilers: Display: Worker (17/21): shaders left to compile 229
[2026.04.28-03.59.31:002][  0]LogShaderCompilers: Display: Started 10 'Local' shader compile jobs with 'High' priority
[2026.04.28-03.59.33:376][  0]LogShaderCompilers: Display: Worker (5/21): shaders left to compile 219
[2026.04.28-03.59.33:376][  0]LogShaderCompilers: Display: Started 10 'Local' shader compile jobs with 'High' priority
[2026.04.28-03.59.34:963][  0]LogShaderCompilers: Display: Worker (11/21): shaders left to compile 209
[2026.04.28-03.59.34:963][  0]LogShaderCompilers: Display: Started 10 'Local' shader compile jobs with 'High' priority
[2026.04.28-03.59.37:343][  0]LogShaderCompilers: Display: Worker (17/21): shaders left to compile 199
[2026.04.28-03.59.37:343][  0]LogShaderCompilers: Display: Started 10 'Local' shader compile jobs with 'High' priority
[2026.04.28-03.59.38:929][  0]LogShaderCompilers: Display: Worker (11/21): shaders left to compile 189
[2026.04.28-03.59.38:929][  0]LogShaderCompilers: Display: Started 10 'Local' shader compile jobs with 'High' priority
[2026.04.28-03.59.40:514][  0]LogShaderCompilers: Display: Worker (13/21): shaders left to compile 179
[2026.04.28-03.59.40:514][  0]LogShaderCompilers: Display: Started 9 'Local' shader compile jobs with 'High' priority
[2026.04.28-03.59.40:514][  0]LogShaderCompilers: Display: Worker (17/21): shaders left to compile 170
[2026.04.28-03.59.40:514][  0]LogShaderCompilers: Display: Started 9 'Local' shader compile jobs with 'High' priority
[2026.04.28-03.59.42:890][  0]LogShaderCompilers: Display: Worker (11/21): shaders left to compile 161
[2026.04.28-03.59.42:890][  0]LogShaderCompilers: Display: Started 8 'Local' shader compile jobs with 'High' priority
[2026.04.28-03.59.43:679][  0]LogShaderCompilers: Display: Worker (5/21): shaders left to compile 153
[2026.04.28-03.59.43:679][  0]LogShaderCompilers: Display: Started 8 'Local' shader compile jobs with 'High' priority
[2026.04.28-03.59.45:262][  0]LogShaderCompilers: Display: Worker (17/21): shaders left to compile 145
[2026.04.28-03.59.45:262][  0]LogShaderCompilers: Display: Started 7 'Local' shader compile jobs with 'High' priority
[2026.04.28-03.59.45:262][  0]LogShaderCompilers: Display: Worker (11/21): shaders left to compile 138
[2026.04.28-03.59.45:262][  0]LogShaderCompilers: Display: Started 7 'Local' shader compile jobs with 'High' priority
[2026.04.28-03.59.46:056][  0]LogShaderCompilers: Display: Worker (6/21): shaders left to compile 131
[2026.04.28-03.59.46:056][  0]LogShaderCompilers: Display: Started 7 'Local' shader compile jobs with 'High' priority
[2026.04.28-03.59.47:640][  0]LogShaderCompilers: Display: Worker (5/21): shaders left to compile 124
[2026.04.28-03.59.47:640][  0]LogShaderCompilers: Display: Started 6 'Local' shader compile jobs with 'High' priority
[2026.04.28-03.59.47:640][  0]LogShaderCompilers: Display: Worker (3/21): shaders left to compile 118
[2026.04.28-03.59.47:640][  0]LogShaderCompilers: Display: Started 6 'Local' shader compile jobs with 'High' priority
[2026.04.28-03.59.48:432][  0]LogShaderCompilers: Display: Worker (10/21): shaders left to compile 112
[2026.04.28-03.59.48:432][  0]LogShaderCompilers: Display: Started 6 'Local' shader compile jobs with 'High' priority
[2026.04.28-03.59.50:808][  0]LogShaderCompilers: Display: Worker (13/21): shaders left to compile 106
[2026.04.28-03.59.50:808][  0]LogShaderCompilers: Display: Started 6 'Local' shader compile jobs with 'High' priority
[2026.04.28-03.59.52:392][  0]LogShaderCompilers: Display: Worker (19/21): shaders left to compile 100
[2026.04.28-03.59.52:392][  0]LogShaderCompilers: Display: Started 5 'Local' shader compile jobs with 'High' priority
[2026.04.28-03.59.53:977][  0]LogShaderCompilers: Display: Worker (19/21): shaders left to compile 95
[2026.04.28-03.59.53:977][  0]LogShaderCompilers: Display: Started 5 'Local' shader compile jobs with 'High' priority
[2026.04.28-03.59.54:767][  0]LogShaderCompilers: Display: Worker (3/21): shaders left to compile 90
[2026.04.28-03.59.54:767][  0]LogShaderCompilers: Display: Started 5 'Local' shader compile jobs with 'High' priority
[2026.04.28-03.59.54:767][  0]LogShaderCompilers: Display: Worker (1/21): shaders left to compile 85
[2026.04.28-03.59.54:767][  0]LogShaderCompilers: Display: Started 5 'Local' shader compile jobs with 'High' priority
[2026.04.28-03.59.55:559][  0]LogShaderCompilers: Display: Worker (19/21): shaders left to compile 80
[2026.04.28-03.59.55:559][  0]LogShaderCompilers: Display: Started 4 'Local' shader compile jobs with 'High' priority
[2026.04.28-03.59.56:353][  0]LogShaderCompilers: Display: Worker (1/21): shaders left to compile 76
[2026.04.28-03.59.56:353][  0]LogShaderCompilers: Display: Started 4 'Local' shader compile jobs with 'High' priority
[2026.04.28-03.59.57:145][  0]LogShaderCompilers: Display: Worker (12/21): shaders left to compile 72
[2026.04.28-03.59.57:145][  0]LogShaderCompilers: Display: Started 4 'Local' shader compile jobs with 'High' priority
[2026.04.28-03.59.57:145][  0]LogShaderCompilers: Display: Worker (11/21): shaders left to compile 68
[2026.04.28-03.59.57:145][  0]LogShaderCompilers: Display: Started 4 'Local' shader compile jobs with 'High' priority
[2026.04.28-03.59.57:939][  0]LogShaderCompilers: Display: Worker (1/21): shaders left to compile 64
[2026.04.28-03.59.57:939][  0]LogShaderCompilers: Display: Started 4 'Local' shader compile jobs with 'High' priority
[2026.04.28-03.59.57:939][  0]LogShaderCompilers: Display: Worker (10/21): shaders left to compile 60
[2026.04.28-03.59.57:939][  0]LogShaderCompilers: Display: Started 3 'Local' shader compile jobs with 'High' priority
[2026.04.28-03.59.58:732][  0]LogShaderCompilers: Display: Worker (19/21): shaders left to compile 57
[2026.04.28-03.59.58:732][  0]LogShaderCompilers: Display: Started 3 'Local' shader compile jobs with 'High' priority
[2026.04.28-03.59.59:523][  0]LogShaderCompilers: Display: Worker (3/21): shaders left to compile 54
[2026.04.28-03.59.59:523][  0]LogShaderCompilers: Display: Started 3 'Local' shader compile jobs with 'High' priority
[2026.04.28-03.59.59:523][  0]LogShaderCompilers: Display: Worker (17/21): shaders left to compile 51
[2026.04.28-03.59.59:523][  0]LogShaderCompilers: Display: Started 3 'Local' shader compile jobs with 'High' priority
[2026.04.28-04.00.00:316][  0]LogShaderCompilers: Display: Worker (12/21): shaders left to compile 48
[2026.04.28-04.00.00:316][  0]LogShaderCompilers: Display: Started 3 'Local' shader compile jobs with 'High' priority
[2026.04.28-04.00.00:316][  0]LogShaderCompilers: Display: Worker (3/21): shaders left to compile 45
[2026.04.28-04.00.00:316][  0]LogShaderCompilers: Display: Started 3 'Local' shader compile jobs with 'High' priority
[2026.04.28-04.00.01:109][  0]LogShaderCompilers: Display: Worker (13/21): shaders left to compile 42
[2026.04.28-04.00.01:109][  0]LogShaderCompilers: Display: Started 3 'Local' shader compile jobs with 'High' priority
[2026.04.28-04.00.01:109][  0]LogShaderCompilers: Display: Worker (17/21): shaders left to compile 39
[2026.04.28-04.00.01:109][  0]LogShaderCompilers: Display: Started 2 'Local' shader compile jobs with 'High' priority
[2026.04.28-04.00.01:109][  0]LogShaderCompilers: Display: Worker (14/21): shaders left to compile 37
[2026.04.28-04.00.01:109][  0]LogShaderCompilers: Display: Started 2 'Local' shader compile jobs with 'High' priority
[2026.04.28-04.00.01:900][  0]LogShaderCompilers: Display: Worker (7/21): shaders left to compile 35
[2026.04.28-04.00.01:900][  0]LogShaderCompilers: Display: Started 2 'Local' shader compile jobs with 'High' priority
[2026.04.28-04.00.01:900][  0]LogShaderCompilers: Display: Worker (10/21): shaders left to compile 33
[2026.04.28-04.00.01:900][  0]LogShaderCompilers: Display: Started 2 'Local' shader compile jobs with 'High' priority
[2026.04.28-04.00.01:900][  0]LogShaderCompilers: Display: Worker (3/21): shaders left to compile 31
[2026.04.28-04.00.01:900][  0]LogShaderCompilers: Display: Started 2 'Local' shader compile jobs with 'High' priority
[2026.04.28-04.00.01:900][  0]LogShaderCompilers: Display: Worker (12/21): shaders left to compile 29
[2026.04.28-04.00.01:900][  0]LogShaderCompilers: Display: Started 2 'Local' shader compile jobs with 'High' priority
[2026.04.28-04.00.01:900][  0]LogShaderCompilers: Display: Worker (11/21): shaders left to compile 27
[2026.04.28-04.00.01:900][  0]LogShaderCompilers: Display: Started 2 'Local' shader compile jobs with 'High' priority
[2026.04.28-04.00.02:695][  0]LogShaderCompilers: Display: Worker (6/21): shaders left to compile 25
[2026.04.28-04.00.02:695][  0]LogShaderCompilers: Display: Started 2 'Local' shader compile jobs with 'High' priority
[2026.04.28-04.00.03:487][  0]LogShaderCompilers: Display: Worker (1/21): shaders left to compile 23
[2026.04.28-04.00.03:487][  0]LogShaderCompilers: Display: Started 2 'Local' shader compile jobs with 'High' priority
[2026.04.28-04.00.04:278][  0]LogShaderCompilers: Display: Worker (19/21): shaders left to compile 21
[2026.04.28-04.00.04:278][  0]LogShaderCompilers: Display: Started 2 'Local' shader compile jobs with 'High' priority
[2026.04.28-04.00.04:278][  0]LogShaderCompilers: Display: Worker (10/21): shaders left to compile 19
[2026.04.28-04.00.04:278][  0]LogShaderCompilers: Display: Started 1 'Local' shader compile jobs with 'High' priority
[2026.04.28-04.00.04:278][  0]LogShaderCompilers: Display: Worker (17/21): shaders left to compile 18
[2026.04.28-04.00.04:278][  0]LogShaderCompilers: Display: Started 1 'Local' shader compile jobs with 'High' priority
[2026.04.28-04.00.05:070][  0]LogShaderCompilers: Display: Worker (6/21): shaders left to compile 17
[2026.04.28-04.00.05:070][  0]LogShaderCompilers: Display: Started 1 'Local' shader compile jobs with 'High' priority
[2026.04.28-04.00.05:070][  0]LogShaderCompilers: Display: Worker (1/21): shaders left to compile 16
[2026.04.28-04.00.05:070][  0]LogShaderCompilers: Display: Started 1 'Local' shader compile jobs with 'High' priority
[2026.04.28-04.00.05:070][  0]LogShaderCompilers: Display: Worker (3/21): shaders left to compile 15
[2026.04.28-04.00.05:070][  0]LogShaderCompilers: Display: Started 1 'Local' shader compile jobs with 'High' priority
[2026.04.28-04.00.05:070][  0]LogShaderCompilers: Display: Worker (14/21): shaders left to compile 14
[2026.04.28-04.00.05:070][  0]LogShaderCompilers: Display: Started 1 'Local' shader compile jobs with 'High' priority
[2026.04.28-04.00.05:862][  0]LogShaderCompilers: Display: Worker (12/21): shaders left to compile 13
[2026.04.28-04.00.05:862][  0]LogShaderCompilers: Display: Started 1 'Local' shader compile jobs with 'High' priority
[2026.04.28-04.00.05:862][  0]LogShaderCompilers: Display: Worker (6/21): shaders left to compile 12
[2026.04.28-04.00.05:862][  0]LogShaderCompilers: Display: Started 1 'Local' shader compile jobs with 'High' priority
[2026.04.28-04.00.05:862][  0]LogShaderCompilers: Display: Worker (11/21): shaders left to compile 11
[2026.04.28-04.00.05:862][  0]LogShaderCompilers: Display: Worker (17/21): shaders left to compile 10
[2026.04.28-04.00.05:862][  0]LogShaderCompilers: Display: Started 2 'Local' shader compile jobs with 'High' priority
[2026.04.28-04.00.06:656][  0]LogShaderCompilers: Display: Worker (7/21): shaders left to compile 9
[2026.04.28-04.00.06:656][  0]LogShaderCompilers: Display: Started 1 'Local' shader compile jobs with 'High' priority
[2026.04.28-04.00.06:656][  0]LogShaderCompilers: Display: Worker (10/21): shaders left to compile 8
[2026.04.28-04.00.06:656][  0]LogShaderCompilers: Display: Started 1 'Local' shader compile jobs with 'High' priority
[2026.04.28-04.00.06:656][  0]LogShaderCompilers: Display: Worker (3/21): shaders left to compile 7
[2026.04.28-04.00.06:656][  0]LogShaderCompilers: Display: Started 1 'Local' shader compile jobs with 'High' priority
[2026.04.28-04.00.07:450][  0]LogShaderCompilers: Display: Worker (13/21): shaders left to compile 6
[2026.04.28-04.00.07:450][  0]LogShaderCompilers: Display: Started 1 'Local' shader compile jobs with 'High' priority
[2026.04.28-04.00.07:450][  0]LogShaderCompilers: Display: Worker (12/21): shaders left to compile 5
[2026.04.28-04.00.07:450][  0]LogShaderCompilers: Display: Started 1 'Local' shader compile jobs with 'High' priority
[2026.04.28-04.00.07:450][  0]LogShaderCompilers: Display: Worker (10/21): shaders left to compile 4
[2026.04.28-04.00.07:450][  0]LogShaderCompilers: Display: Started 1 'Local' shader compile jobs with 'High' priority
[2026.04.28-04.00.07:450][  0]LogShaderCompilers: Display: Worker (7/21): shaders left to compile 3
[2026.04.28-04.00.07:450][  0]LogShaderCompilers: Display: Started 1 'Local' shader compile jobs with 'High' priority
[2026.04.28-04.00.07:450][  0]LogShaderCompilers: Display: Worker (1/21): shaders left to compile 2
[2026.04.28-04.00.07:450][  0]LogShaderCompilers: Display: Started 1 'Local' shader compile jobs with 'High' priority
[2026.04.28-04.00.07:450][  0]LogShaderCompilers: Display: Worker (19/21): shaders left to compile 1
[2026.04.28-04.00.07:450][  0]LogShaderCompilers: Display: Started 1 'Local' shader compile jobs with 'High' priority
[2026.04.28-04.00.08:243][  0]LogShaderCompilers: Display: Worker (11/21): shaders left to compile 812
[2026.04.28-04.00.08:243][  0]LogShaderCompilers: Display: Started 10 'Local' shader compile jobs with 'Low' priority
[2026.04.28-04.00.08:243][  0]LogShaderCompilers: Display: Worker (17/21): shaders left to compile 802
[2026.04.28-04.00.08:243][  0]LogShaderCompilers: Display: Started 10 'Local' shader compile jobs with 'Low' priority
[2026.04.28-04.00.08:243][  0]LogShaderCompilers: Display: Worker (14/21): shaders left to compile 792
[2026.04.28-04.00.08:243][  0]LogShaderCompilers: Display: Started 10 'Local' shader compile jobs with 'Low' priority
[2026.04.28-04.00.08:243][  0]LogShaderCompilers: Display: Worker (12/21): shaders left to compile 782
[2026.04.28-04.00.08:243][  0]LogShaderCompilers: Display: Started 10 'Local' shader compile jobs with 'Low' priority
[2026.04.28-04.00.08:243][  0]LogShaderCompilers: Display: Worker (3/21): shaders left to compile 772
[2026.04.28-04.00.08:243][  0]LogShaderCompilers: Display: Started 10 'Local' shader compile jobs with 'Low' priority
[2026.04.28-04.00.09:036][  0]LogShaderCompilers: Display: Worker (1/21): shaders left to compile 762
[2026.04.28-04.00.09:036][  0]LogShaderCompilers: Display: Started 10 'Local' shader compile jobs with 'Low' priority
[2026.04.28-04.00.09:036][  0]LogShaderCompilers: Display: Worker (6/21): shaders left to compile 752
[2026.04.28-04.00.09:036][  0]LogShaderCompilers: Display: Started 10 'Local' shader compile jobs with 'Low' priority
[2026.04.28-04.00.09:036][  0]LogShaderCompilers: Display: Worker (13/21): shaders left to compile 742
[2026.04.28-04.00.09:036][  0]LogShaderCompilers: Display: Started 10 'Local' shader compile jobs with 'Low' priority
[2026.04.28-04.00.09:036][  0]LogShaderCompilers: Display: Worker (19/21): shaders left to compile 732
[2026.04.28-04.00.09:036][  0]LogShaderCompilers: Display: Started 10 'Local' shader compile jobs with 'Low' priority
[2026.04.28-04.00.09:036][  0]LogShaderCompilers: Display: Worker (10/21): shaders left to compile 722
[2026.04.28-04.00.09:036][  0]LogShaderCompilers: Display: Started 10 'Local' shader compile jobs with 'Low' priority
[2026.04.28-04.00.09:827][  0]LogShaderCompilers: Display: Worker (7/21): shaders left to compile 712
[2026.04.28-04.00.09:827][  0]LogShaderCompilers: Display: Started 10 'Local' shader compile jobs with 'Low' priority
[2026.04.28-04.00.12:991][  0]LogShaderCompilers: Display: Worker (4/21): shaders left to compile 702
[2026.04.28-04.00.12:991][  0]LogShaderCompilers: Display: Started 10 'Local' shader compile jobs with 'Low' priority
[2026.04.28-04.00.16:945][  0]LogShaderCompilers: Display: Worker (6/21): shaders left to compile 692
[2026.04.28-04.00.16:945][  0]LogShaderCompilers: Display: Started 10 'Local' shader compile jobs with 'Low' priority
[2026.04.28-04.00.18:529][  0]LogShaderCompilers: Display: Worker (12/21): shaders left to compile 682
[2026.04.28-04.00.18:529][  0]LogShaderCompilers: Display: Started 10 'Local' shader compile jobs with 'Low' priority
[2026.04.28-04.00.22:476][  0]LogShaderCompilers: Display: Worker (4/21): shaders left to compile 672
[2026.04.28-04.00.22:476][  0]LogShaderCompilers: Display: Started 10 'Local' shader compile jobs with 'Low' priority
[2026.04.28-04.00.24:052][  0]LogShaderCompilers: Display: Worker (5/21): shaders left to compile 662
[2026.04.28-04.00.24:052][  0]LogShaderCompilers: Display: Started 10 'Local' shader compile jobs with 'Low' priority
[2026.04.28-04.00.25:626][  0]LogShaderCompilers: Display: Worker (7/21): shaders left to compile 652
[2026.04.28-04.00.25:626][  0]LogShaderCompilers: Display: Started 10 'Local' shader compile jobs with 'Low' priority
[2026.04.28-04.00.26:420][  0]LogShaderCompilers: Display: Worker (17/21): shaders left to compile 642
[2026.04.28-04.00.26:420][  0]LogShaderCompilers: Display: Started 10 'Local' shader compile jobs with 'Low' priority
[2026.04.28-04.00.29:590][  0]LogShaderCompilers: Display: Worker (3/21): shaders left to compile 632
[2026.04.28-04.00.29:590][  0]LogShaderCompilers: Display: Started 10 'Local' shader compile jobs with 'Low' priority
[2026.04.28-04.00.29:590][  0]LogShaderCompilers: Display: Worker (14/21): shaders left to compile 622
[2026.04.28-04.00.29:590][  0]LogShaderCompilers: Display: Started 10 'Local' shader compile jobs with 'Low' priority
[2026.04.28-04.00.31:177][  0]LogShaderCompilers: Display: Worker (1/21): shaders left to compile 612
[2026.04.28-04.00.31:177][  0]LogShaderCompilers: Display: Started 10 'Local' shader compile jobs with 'Low' priority
[2026.04.28-04.00.32:758][  0]LogShaderCompilers: Display: Worker (13/21): shaders left to compile 602
[2026.04.28-04.00.32:758][  0]LogShaderCompilers: Display: Started 10 'Local' shader compile jobs with 'Low' priority
[2026.04.28-04.00.32:758][  0]LogShaderCompilers: Display: Worker (6/21): shaders left to compile 592
[2026.04.28-04.00.32:758][  0]LogShaderCompilers: Display: Started 10 'Local' shader compile jobs with 'Low' priority
[2026.04.28-04.00.34:334][  0]LogShaderCompilers: Display: Worker (12/21): shaders left to compile 582
[2026.04.28-04.00.34:334][  0]LogShaderCompilers: Display: Started 10 'Local' shader compile jobs with 'Low' priority
[2026.04.28-04.00.35:912][  0]LogShaderCompilers: Display: Worker (10/21): shaders left to compile 572
[2026.04.28-04.00.35:912][  0]LogShaderCompilers: Display: Started 10 'Local' shader compile jobs with 'Low' priority
[2026.04.28-04.00.37:493][  0]LogShaderCompilers: Display: Worker (5/21): shaders left to compile 562
[2026.04.28-04.00.37:493][  0]LogShaderCompilers: Display: Started 10 'Local' shader compile jobs with 'Low' priority
[2026.04.28-04.00.40:661][  0]LogShaderCompilers: Display: Worker (4/21): shaders left to compile 552
[2026.04.28-04.00.40:661][  0]LogShaderCompilers: Display: Started 10 'Local' shader compile jobs with 'Low' priority
[2026.04.28-04.00.41:452][  0]LogShaderCompilers: Display: Worker (19/21): shaders left to compile 542
[2026.04.28-04.00.41:452][  0]LogShaderCompilers: Display: Started 10 'Local' shader compile jobs with 'Low' priority
[2026.04.28-04.00.43:034][  0]LogShaderCompilers: Display: Worker (11/21): shaders left to compile 532
[2026.04.28-04.00.43:034][  0]LogShaderCompilers: Display: Started 10 'Local' shader compile jobs with 'Low' priority
[2026.04.28-04.00.43:829][  0]LogShaderCompilers: Display: Worker (9/21): shaders left to compile 522
[2026.04.28-04.00.43:829][  0]LogShaderCompilers: Display: Started 10 'Local' shader compile jobs with 'Low' priority
[2026.04.28-04.00.46:206][  0]LogShaderCompilers: Display: Worker (16/21): shaders left to compile 512
[2026.04.28-04.00.46:206][  0]LogShaderCompilers: Display: Started 10 'Local' shader compile jobs with 'Low' priority
[2026.04.28-04.00.47:791][  0]LogShaderCompilers: Display: Worker (17/21): shaders left to compile 502
[2026.04.28-04.00.47:791][  0]LogShaderCompilers: Display: Started 10 'Local' shader compile jobs with 'Low' priority
[2026.04.28-04.00.49:377][  0]LogShaderCompilers: Display: Worker (3/21): shaders left to compile 492
[2026.04.28-04.00.49:377][  0]LogShaderCompilers: Display: Started 10 'Local' shader compile jobs with 'Low' priority
[2026.04.28-04.00.51:755][  0]LogShaderCompilers: Display: Worker (13/21): shaders left to compile 482
[2026.04.28-04.00.51:755][  0]LogShaderCompilers: Display: Started 10 'Local' shader compile jobs with 'Low' priority
[2026.04.28-04.00.51:755][  0]LogShaderCompilers: Display: Worker (7/21): shaders left to compile 472
[2026.04.28-04.00.51:755][  0]LogShaderCompilers: Display: Started 10 'Local' shader compile jobs with 'Low' priority
[2026.04.28-04.00.52:546][  0]LogShaderCompilers: Display: Worker (1/21): shaders left to compile 462
[2026.04.28-04.00.52:546][  0]LogShaderCompilers: Display: Started 10 'Local' shader compile jobs with 'Low' priority
[2026.04.28-04.00.54:127][  0]LogShaderCompilers: Display: Worker (6/21): shaders left to compile 452
[2026.04.28-04.00.54:127][  0]LogShaderCompilers: Display: Started 10 'Local' shader compile jobs with 'Low' priority
[2026.04.28-04.00.55:714][  0]LogShaderCompilers: Display: Worker (16/21): shaders left to compile 442
[2026.04.28-04.00.55:714][  0]LogShaderCompilers: Display: Started 10 'Local' shader compile jobs with 'Low' priority
[2026.04.28-04.00.56:508][  0]LogShaderCompilers: Display: Worker (12/21): shaders left to compile 432
[2026.04.28-04.00.56:508][  0]LogShaderCompilers: Display: Started 10 'Local' shader compile jobs with 'Low' priority
[2026.04.28-04.00.56:508][  0]LogShaderCompilers: Display: Worker (5/21): shaders left to compile 422
[2026.04.28-04.00.56:508][  0]LogShaderCompilers: Display: Started 10 'Local' shader compile jobs with 'Low' priority
[2026.04.28-04.00.57:302][  0]LogShaderCompilers: Display: Worker (14/21): shaders left to compile 412
[2026.04.28-04.00.57:302][  0]LogShaderCompilers: Display: Started 10 'Local' shader compile jobs with 'Low' priority
[2026.04.28-04.01.01:257][  0]LogShaderCompilers: Display: Worker (19/21): shaders left to compile 402
[2026.04.28-04.01.01:257][  0]LogShaderCompilers: Display: Started 10 'Local' shader compile jobs with 'Low' priority
[2026.04.28-04.01.01:257][  0]LogShaderCompilers: Display: Worker (11/21): shaders left to compile 392
[2026.04.28-04.01.01:257][  0]LogShaderCompilers: Display: Started 10 'Local' shader compile jobs with 'Low' priority
[2026.04.28-04.01.02:842][  0]LogShaderCompilers: Display: Worker (4/21): shaders left to compile 382
[2026.04.28-04.01.02:843][  0]LogShaderCompilers: Display: Started 10 'Local' shader compile jobs with 'Low' priority
[2026.04.28-04.01.02:843][  0]LogShaderCompilers: Display: Worker (3/21): shaders left to compile 372
[2026.04.28-04.01.02:843][  0]LogShaderCompilers: Display: Started 10 'Local' shader compile jobs with 'Low' priority
[2026.04.28-04.01.05:223][  0]LogShaderCompilers: Display: Worker (9/21): shaders left to compile 362
[2026.04.28-04.01.05:223][  0]LogShaderCompilers: Display: Started 10 'Local' shader compile jobs with 'Low' priority
[2026.04.28-04.01.06:808][  0]LogShaderCompilers: Display: Worker (16/21): shaders left to compile 352
[2026.04.28-04.01.06:808][  0]LogShaderCompilers: Display: Started 10 'Local' shader compile jobs with 'Low' priority
[2026.04.28-04.01.07:599][  0]LogShaderCompilers: Display: Worker (7/21): shaders left to compile 342
[2026.04.28-04.01.07:599][  0]LogShaderCompilers: Display: Started 10 'Local' shader compile jobs with 'Low' priority
[2026.04.28-04.01.09:182][  0]LogShaderCompilers: Display: Worker (17/21): shaders left to compile 332
[2026.04.28-04.01.09:182][  0]LogShaderCompilers: Display: Started 10 'Local' shader compile jobs with 'Low' priority
[2026.04.28-04.01.11:553][  0]LogShaderCompilers: Display: Worker (19/21): shaders left to compile 322
[2026.04.28-04.01.11:553][  0]LogShaderCompilers: Display: Started 10 'Local' shader compile jobs with 'Low' priority
[2026.04.28-04.01.11:553][  0]LogShaderCompilers: Display: Worker (1/21): shaders left to compile 312
[2026.04.28-04.01.11:553][  0]LogShaderCompilers: Display: Started 10 'Local' shader compile jobs with 'Low' priority
[2026.04.28-04.01.13:141][  0]LogShaderCompilers: Display: Worker (12/21): shaders left to compile 302
[2026.04.28-04.01.13:141][  0]LogShaderCompilers: Display: Started 10 'Local' shader compile jobs with 'Low' priority
[2026.04.28-04.01.13:932][  0]LogShaderCompilers: Display: Worker (10/21): shaders left to compile 292
[2026.04.28-04.01.13:932][  0]LogShaderCompilers: Display: Started 10 'Local' shader compile jobs with 'Low' priority
[2026.04.28-04.01.17:890][  0]LogShaderCompilers: Display: Worker (16/21): shaders left to compile 282
[2026.04.28-04.01.17:890][  0]LogShaderCompilers: Display: Started 10 'Local' shader compile jobs with 'Low' priority
[2026.04.28-04.01.20:272][  0]LogShaderCompilers: Display: Worker (5/21): shaders left to compile 272
[2026.04.28-04.01.20:272][  0]LogShaderCompilers: Display: Started 10 'Local' shader compile jobs with 'Low' priority
[2026.04.28-04.01.20:272][  0]LogShaderCompilers: Display: Worker (17/21): shaders left to compile 262
[2026.04.28-04.01.20:272][  0]LogShaderCompilers: Display: Started 10 'Local' shader compile jobs with 'Low' priority
[2026.04.28-04.01.21:065][  0]LogShaderCompilers: Display: Worker (6/21): shaders left to compile 252
[2026.04.28-04.01.21:065][  0]LogShaderCompilers: Display: Started 10 'Local' shader compile jobs with 'Low' priority
[2026.04.28-04.01.21:065][  0]LogShaderCompilers: Display: Worker (11/21): shaders left to compile 242
[2026.04.28-04.01.21:065][  0]LogShaderCompilers: Display: Started 10 'Local' shader compile jobs with 'Low' priority
[2026.04.28-04.01.21:065][  0]LogShaderCompilers: Display: Worker (4/21): shaders left to compile 232
[2026.04.28-04.01.21:065][  0]LogShaderCompilers: Display: Started 10 'Local' shader compile jobs with 'Low' priority
[2026.04.28-04.01.21:858][  0]LogShaderCompilers: Display: Worker (9/21): shaders left to compile 222
[2026.04.28-04.01.21:858][  0]LogShaderCompilers: Display: Started 10 'Local' shader compile jobs with 'Low' priority
[2026.04.28-04.01.22:651][  0]LogShaderCompilers: Display: Worker (2/21): shaders left to compile 212
[2026.04.28-04.01.22:651][  0]LogShaderCompilers: Display: Started 10 'Local' shader compile jobs with 'Low' priority
[2026.04.28-04.01.24:238][  0]LogShaderCompilers: Display: Worker (14/21): shaders left to compile 202
[2026.04.28-04.01.24:238][  0]LogShaderCompilers: Display: Started 10 'Local' shader compile jobs with 'Low' priority
[2026.04.28-04.01.25:031][  0]LogShaderCompilers: Display: Worker (13/21): shaders left to compile 192
[2026.04.28-04.01.25:031][  0]LogShaderCompilers: Display: Started 10 'Local' shader compile jobs with 'Low' priority
[2026.04.28-04.01.25:031][  0]LogShaderCompilers: Display: Worker (3/21): shaders left to compile 182
[2026.04.28-04.01.25:031][  0]LogShaderCompilers: Display: Started 9 'Local' shader compile jobs with 'Low' priority
[2026.04.28-04.01.25:821][  0]LogShaderCompilers: Display: Worker (12/21): shaders left to compile 173
[2026.04.28-04.01.25:821][  0]LogShaderCompilers: Display: Started 9 'Local' shader compile jobs with 'Low' priority
[2026.04.28-04.01.28:983][  0]LogShaderCompilers: Display: Worker (10/21): shaders left to compile 164
[2026.04.28-04.01.28:983][  0]LogShaderCompilers: Display: Started 8 'Local' shader compile jobs with 'Low' priority
[2026.04.28-04.01.33:731][  0]LogShaderCompilers: Display: Worker (7/21): shaders left to compile 156
[2026.04.28-04.01.33:731][  0]LogShaderCompilers: Display: Started 8 'Local' shader compile jobs with 'Low' priority
[2026.04.28-04.01.36:900][  0]LogShaderCompilers: Display: Worker (19/21): shaders left to compile 148
[2026.04.28-04.01.36:900][  0]LogShaderCompilers: Display: Started 8 'Local' shader compile jobs with 'Low' priority
[2026.04.28-04.01.38:483][  0]LogShaderCompilers: Display: Worker (17/21): shaders left to compile 140
[2026.04.28-04.01.38:483][  0]LogShaderCompilers: Display: Started 7 'Local' shader compile jobs with 'Low' priority
[2026.04.28-04.01.39:273][  0]LogShaderCompilers: Display: Worker (14/21): shaders left to compile 133
[2026.04.28-04.01.39:273][  0]LogShaderCompilers: Display: Started 7 'Local' shader compile jobs with 'Low' priority
[2026.04.28-04.01.40:066][  0]LogShaderCompilers: Display: Worker (9/21): shaders left to compile 126
[2026.04.28-04.01.40:066][  0]LogShaderCompilers: Display: Started 7 'Local' shader compile jobs with 'Low' priority
[2026.04.28-04.01.40:854][  0]LogShaderCompilers: Display: Worker (13/21): shaders left to compile 119
[2026.04.28-04.01.40:854][  0]LogShaderCompilers: Display: Started 6 'Local' shader compile jobs with 'Low' priority
[2026.04.28-04.01.42:438][  0]LogShaderCompilers: Display: Worker (1/21): shaders left to compile 113
[2026.04.28-04.01.42:438][  0]LogShaderCompilers: Display: Started 6 'Local' shader compile jobs with 'Low' priority
[2026.04.28-04.01.42:438][  0]LogShaderCompilers: Display: Worker (12/21): shaders left to compile 107
[2026.04.28-04.01.42:438][  0]LogShaderCompilers: Display: Started 6 'Local' shader compile jobs with 'Low' priority
[2026.04.28-04.01.44:023][  0]LogShaderCompilers: Display: Worker (10/21): shaders left to compile 101
[2026.04.28-04.01.44:023][  0]LogShaderCompilers: Display: Started 5 'Local' shader compile jobs with 'Low' priority
[2026.04.28-04.01.46:394][  0]LogShaderCompilers: Display: Worker (2/21): shaders left to compile 96
[2026.04.28-04.01.46:394][  0]LogShaderCompilers: Display: Started 5 'Local' shader compile jobs with 'Low' priority
[2026.04.28-04.01.50:349][  0]LogShaderCompilers: Display: Worker (2/21): shaders left to compile 91
[2026.04.28-04.01.50:349][  0]LogShaderCompilers: Display: Started 5 'Local' shader compile jobs with 'Low' priority
[2026.04.28-04.01.51:934][  0]LogShaderCompilers: Display: Worker (14/21): shaders left to compile 86
[2026.04.28-04.01.51:934][  0]LogShaderCompilers: Display: Started 5 'Local' shader compile jobs with 'Low' priority
[2026.04.28-04.01.51:934][  0]LogShaderCompilers: Display: Worker (13/21): shaders left to compile 81
[2026.04.28-04.01.51:934][  0]LogShaderCompilers: Display: Started 4 'Local' shader compile jobs with 'Low' priority
[2026.04.28-04.01.53:519][  0]LogShaderCompilers: Display: Worker (3/21): shaders left to compile 77
[2026.04.28-04.01.53:519][  0]LogShaderCompilers: Display: Started 4 'Local' shader compile jobs with 'Low' priority
[2026.04.28-04.01.53:519][  0]LogShaderCompilers: Display: Worker (12/21): shaders left to compile 73
[2026.04.28-04.01.53:519][  0]LogShaderCompilers: Display: Started 4 'Local' shader compile jobs with 'Low' priority
[2026.04.28-04.01.54:312][  0]LogShaderCompilers: Display: Worker (1/21): shaders left to compile 69
[2026.04.28-04.01.54:312][  0]LogShaderCompilers: Display: Started 4 'Local' shader compile jobs with 'Low' priority
[2026.04.28-04.01.55:105][  0]LogShaderCompilers: Display: Worker (10/21): shaders left to compile 65
[2026.04.28-04.01.55:105][  0]LogShaderCompilers: Display: Started 4 'Local' shader compile jobs with 'Low' priority
[2026.04.28-04.01.55:898][  0]LogShaderCompilers: Display: Worker (2/21): shaders left to compile 61
[2026.04.28-04.01.55:898][  0]LogShaderCompilers: Display: Started 3 'Local' shader compile jobs with 'Low' priority
[2026.04.28-04.01.57:481][  0]LogShaderCompilers: Display: Worker (19/21): shaders left to compile 58
[2026.04.28-04.01.57:481][  0]LogShaderCompilers: Display: Started 3 'Local' shader compile jobs with 'Low' priority
[2026.04.28-04.01.58:273][  0]LogShaderCompilers: Display: Worker (13/21): shaders left to compile 55
[2026.04.28-04.01.58:273][  0]LogShaderCompilers: Display: Started 3 'Local' shader compile jobs with 'Low' priority
[2026.04.28-04.01.58:273][  0]LogShaderCompilers: Display: Worker (2/21): shaders left to compile 52
[2026.04.28-04.01.58:273][  0]LogShaderCompilers: Display: Started 3 'Local' shader compile jobs with 'Low' priority
[2026.04.28-04.01.59:067][  0]LogShaderCompilers: Display: Worker (3/21): shaders left to compile 49
[2026.04.28-04.01.59:067][  0]LogShaderCompilers: Display: Started 3 'Local' shader compile jobs with 'Low' priority
[2026.04.28-04.01.59:859][  0]LogShaderCompilers: Display: Worker (17/21): shaders left to compile 46
[2026.04.28-04.01.59:859][  0]LogShaderCompilers: Display: Started 3 'Local' shader compile jobs with 'Low' priority
[2026.04.28-04.02.00:649][  0]LogShaderCompilers: Display: Worker (12/21): shaders left to compile 43
[2026.04.28-04.02.00:649][  0]LogShaderCompilers: Display: Started 3 'Local' shader compile jobs with 'Low' priority
[2026.04.28-04.02.00:649][  0]LogShaderCompilers: Display: Worker (13/21): shaders left to compile 40
[2026.04.28-04.02.00:649][  0]LogShaderCompilers: Display: Started 2 'Local' shader compile jobs with 'Low' priority
[2026.04.28-04.02.02:235][  0]LogShaderCompilers: Display: Worker (4/21): shaders left to compile 38
[2026.04.28-04.02.02:235][  0]LogShaderCompilers: Display: Started 2 'Local' shader compile jobs with 'Low' priority
[2026.04.28-04.02.02:235][  0]LogShaderCompilers: Display: Worker (10/21): shaders left to compile 36
[2026.04.28-04.02.02:235][  0]LogShaderCompilers: Display: Started 2 'Local' shader compile jobs with 'Low' priority
[2026.04.28-04.02.02:235][  0]LogShaderCompilers: Display: Worker (9/21): shaders left to compile 34
[2026.04.28-04.02.02:235][  0]LogShaderCompilers: Display: Started 2 'Local' shader compile jobs with 'Low' priority
[2026.04.28-04.02.02:235][  0]LogShaderCompilers: Display: Worker (7/21): shaders left to compile 32
[2026.04.28-04.02.02:235][  0]LogShaderCompilers: Display: Started 2 'Local' shader compile jobs with 'Low' priority
[2026.04.28-04.02.02:235][  0]LogShaderCompilers: Display: Worker (2/21): shaders left to compile 30
[2026.04.28-04.02.02:235][  0]LogShaderCompilers: Display: Started 2 'Local' shader compile jobs with 'Low' priority
[2026.04.28-04.02.03:028][  0]LogShaderCompilers: Display: Worker (13/21): shaders left to compile 28
[2026.04.28-04.02.03:028][  0]LogShaderCompilers: Display: Started 2 'Local' shader compile jobs with 'Low' priority
[2026.04.28-04.02.04:611][  0]LogShaderCompilers: Display: Worker (12/21): shaders left to compile 26
[2026.04.28-04.02.04:611][  0]LogShaderCompilers: Display: Started 2 'Local' shader compile jobs with 'Low' priority
[2026.04.28-04.02.04:611][  0]LogShaderCompilers: Display: Worker (4/21): shaders left to compile 24
[2026.04.28-04.02.04:611][  0]LogShaderCompilers: Display: Started 2 'Local' shader compile jobs with 'Low' priority
[2026.04.28-04.02.06:190][  0]LogShaderCompilers: Display: Worker (19/21): shaders left to compile 22
[2026.04.28-04.02.06:190][  0]LogShaderCompilers: Display: Started 2 'Local' shader compile jobs with 'Low' priority
[2026.04.28-04.02.06:190][  0]LogShaderCompilers: Display: Worker (1/21): shaders left to compile 20
[2026.04.28-04.02.06:190][  0]LogShaderCompilers: Display: Started 1 'Local' shader compile jobs with 'Low' priority
[2026.04.28-04.02.06:190][  0]LogShaderCompilers: Display: Worker (7/21): shaders left to compile 19
[2026.04.28-04.02.06:190][  0]LogShaderCompilers: Display: Started 1 'Local' shader compile jobs with 'Low' priority
[2026.04.28-04.02.06:190][  0]LogShaderCompilers: Display: Worker (17/21): shaders left to compile 18
[2026.04.28-04.02.06:190][  0]LogShaderCompilers: Display: Started 1 'Local' shader compile jobs with 'Low' priority
[2026.04.28-04.02.06:973][  0]LogShaderCompilers: Display: Worker (10/21): shaders left to compile 17
[2026.04.28-04.02.06:973][  0]LogShaderCompilers: Display: Started 1 'Local' shader compile jobs with 'Low' priority
[2026.04.28-04.02.07:761][  0]LogShaderCompilers: Display: Worker (1/21): shaders left to compile 16
[2026.04.28-04.02.07:761][  0]LogShaderCompilers: Display: Started 1 'Local' shader compile jobs with 'Low' priority
[2026.04.28-04.02.07:761][  0]LogShaderCompilers: Display: Worker (2/21): shaders left to compile 15
[2026.04.28-04.02.07:761][  0]LogShaderCompilers: Display: Started 1 'Local' shader compile jobs with 'Low' priority
[2026.04.28-04.02.07:761][  0]LogShaderCompilers: Display: Worker (5/21): shaders left to compile 14
[2026.04.28-04.02.07:761][  0]LogShaderCompilers: Display: Started 1 'Local' shader compile jobs with 'Low' priority
[2026.04.28-04.02.07:761][  0]LogShaderCompilers: Display: Worker (4/21): shaders left to compile 13
[2026.04.28-04.02.07:761][  0]LogShaderCompilers: Display: Started 1 'Local' shader compile jobs with 'Low' priority
[2026.04.28-04.02.07:761][  0]LogShaderCompilers: Display: Worker (14/21): shaders left to compile 12
[2026.04.28-04.02.07:761][  0]LogShaderCompilers: Display: Started 1 'Local' shader compile jobs with 'Low' priority
[2026.04.28-04.02.07:761][  0]LogShaderCompilers: Display: Worker (13/21): shaders left to compile 11
[2026.04.28-04.02.07:761][  0]LogShaderCompilers: Display: Started 1 'Local' shader compile jobs with 'Low' priority
[2026.04.28-04.02.07:761][  0]LogShaderCompilers: Display: Worker (3/21): shaders left to compile 10
[2026.04.28-04.02.07:761][  0]LogShaderCompilers: Display: Started 1 'Local' shader compile jobs with 'Low' priority
[2026.04.28-04.02.07:761][  0]LogShaderCompilers: Display: Worker (17/21): shaders left to compile 9
[2026.04.28-04.02.07:761][  0]LogShaderCompilers: Display: Started 1 'Local' shader compile jobs with 'Low' priority
[2026.04.28-04.02.08:553][  0]LogShaderCompilers: Display: Worker (9/21): shaders left to compile 8
[2026.04.28-04.02.08:553][  0]LogShaderCompilers: Display: Started 1 'Local' shader compile jobs with 'Low' priority
[2026.04.28-04.02.09:342][  0]LogShaderCompilers: Display: Worker (2/21): shaders left to compile 7
[2026.04.28-04.02.09:342][  0]LogShaderCompilers: Display: Started 1 'Local' shader compile jobs with 'Low' priority
[2026.04.28-04.02.09:342][  0]LogShaderCompilers: Display: Worker (5/21): shaders left to compile 6
[2026.04.28-04.02.09:342][  0]LogShaderCompilers: Display: Started 1 'Local' shader compile jobs with 'Low' priority
[2026.04.28-04.02.09:342][  0]LogShaderCompilers: Display: Worker (7/21): shaders left to compile 5
[2026.04.28-04.02.09:342][  0]LogShaderCompilers: Display: Started 1 'Local' shader compile jobs with 'Low' priority
[2026.04.28-04.02.10:129][  0]LogShaderCompilers: Display: Worker (9/21): shaders left to compile 4
[2026.04.28-04.02.10:129][  0]LogShaderCompilers: Display: Started 1 'Local' shader compile jobs with 'Low' priority
[2026.04.28-04.02.10:129][  0]LogShaderCompilers: Display: Worker (1/21): shaders left to compile 3
[2026.04.28-04.02.10:129][  0]LogShaderCompilers: Display: Started 1 'Local' shader compile jobs with 'Low' priority
[2026.04.28-04.02.10:129][  0]LogShaderCompilers: Display: Worker (17/21): shaders left to compile 2
[2026.04.28-04.02.10:129][  0]LogShaderCompilers: Display: Started 1 'Local' shader compile jobs with 'Low' priority
[2026.04.28-04.02.10:129][  0]LogShaderCompilers: Display: Worker (12/21): shaders left to compile 1
[2026.04.28-04.02.10:129][  0]LogShaderCompilers: Display: Started 1 'Local' shader compile jobs with 'Low' priority
[2026.04.28-04.04.44:723][  0]LogMaterial: Display: Missing cached shadermap for OpaqueUnlitSpriteMaterial in PCD3D_SM5, Default, SM5 (DDC key hash: 17053D280A95FB59B389762391DD1C4D2B6BAA73), compiling. 
[2026.04.28-04.04.44:782][  0]LogShaderCompilers: Display: Submitted 45 shader compile jobs with 'Low' priority
[2026.04.28-04.04.44:989][  0]LogShaderCompilers: Display: Worker (1/21): shaders left to compile 45
[2026.04.28-04.04.44:989][  0]LogShaderCompilers: Display: Worker (2/21): shaders left to compile 42
[2026.04.28-04.04.44:989][  0]LogShaderCompilers: Display: Worker (3/21): shaders left to compile 39
[2026.04.28-04.04.44:989][  0]LogShaderCompilers: Display: Worker (4/21): shaders left to compile 36
[2026.04.28-04.04.44:989][  0]LogShaderCompilers: Display: Worker (5/21): shaders left to compile 33
[2026.04.28-04.04.44:989][  0]LogShaderCompilers: Display: Worker (6/21): shaders left to compile 30
[2026.04.28-04.04.44:989][  0]LogShaderCompilers: Display: Worker (7/21): shaders left to compile 27
[2026.04.28-04.04.44:989][  0]LogShaderCompilers: Display: Worker (8/21): shaders left to compile 24
[2026.04.28-04.04.44:989][  0]LogShaderCompilers: Display: Worker (9/21): shaders left to compile 21
[2026.04.28-04.04.44:990][  0]LogShaderCompilers: Display: Worker (10/21): shaders left to compile 18
[2026.04.28-04.04.44:990][  0]LogShaderCompilers: Display: Worker (11/21): shaders left to compile 15
[2026.04.28-04.04.44:990][  0]LogShaderCompilers: Display: Worker (12/21): shaders left to compile 12
[2026.04.28-04.04.44:990][  0]LogShaderCompilers: Display: Worker (13/21): shaders left to compile 9
[2026.04.28-04.04.44:990][  0]LogShaderCompilers: Display: Worker (14/21): shaders left to compile 6
[2026.04.28-04.04.44:990][  0]LogShaderCompilers: Display: Worker (15/21): shaders left to compile 3
[2026.04.28-04.04.44:990][  0]LogShaderCompilers: Display: Started 45 'Local' shader compile jobs with 'Low' priority
[2026.04.28-04.04.44:990][  0]LogMaterial: Display: Missing cached shadermap for BaseColor in PCD3D_SM5, Default, SM5 (DDC key hash: BD69BD74F4F84E48B4FDECB0510D2B238FDDC0BC), compiling. 
[2026.04.28-04.04.45:018][  0]LogShaderCompilers: Display: Submitted 12 shader compile jobs with 'Low' priority
[2026.04.28-04.04.45:023][  0]LogMaterial: Display: Missing cached shadermap for CustomDepth in PCD3D_SM5, Default, SM5 (DDC key hash: DBEBA9127374660812AB4BA771213DE3AA0CA7BE), compiling. 
[2026.04.28-04.04.45:040][  0]LogShaderCompilers: Display: Submitted 12 shader compile jobs with 'Low' priority
[2026.04.28-04.04.45:058][  0]LogMaterial: Display: Missing cached shadermap for CustomStencil in PCD3D_SM5, Default, SM5 (DDC key hash: 9F3A000E1F4E555F31699A4338470513C90BFCDA), compiling. 
[2026.04.28-04.04.45:074][  0]LogShaderCompilers: Display: Submitted 12 shader compile jobs with 'Low' priority
[2026.04.28-04.04.45:079][  0]LogMaterial: Display: Missing cached shadermap for FinalImage in PCD3D_SM5, Default, SM5 (DDC key hash: 2E62ED5952C73F3AD108EFCE48895EF0912D86D3), compiling. 
[2026.04.28-04.04.45:096][  0]LogShaderCompilers: Display: Submitted 12 shader compile jobs with 'Low' priority
[2026.04.28-04.04.45:101][  0]LogMaterial: Display: Missing cached shadermap for LightingModel in PCD3D_SM5, Default, SM5 (DDC key hash: 051FBB8C2A5852E12574A71EA64434CA6794930C), compiling. 
[2026.04.28-04.04.45:120][  0]LogShaderCompilers: Display: Submitted 12 shader compile jobs with 'Low' priority
[2026.04.28-04.04.45:124][  0]LogMaterial: Display: Missing cached shadermap for MaterialAO in PCD3D_SM5, Default, SM5 (DDC key hash: 81ACA81C1A592C5B101327F2DF17FE610A1558D9), compiling. 
[2026.04.28-04.04.45:140][  0]LogShaderCompilers: Display: Submitted 12 shader compile jobs with 'Low' priority
[2026.04.28-04.04.45:144][  0]LogMaterial: Display: Missing cached shadermap for Metallic in PCD3D_SM5, Default, SM5 (DDC key hash: BAC3C4B4CDA7AB65CB927A8C08BAD3468732BEAC), compiling. 
[2026.04.28-04.04.45:163][  0]LogShaderCompilers: Display: Submitted 12 shader compile jobs with 'Low' priority
[2026.04.28-04.04.45:167][  0]LogMaterial: Display: Missing cached shadermap for Opacity in PCD3D_SM5, Default, SM5 (DDC key hash: B90401F1A13872B9B2C6523C67FB3CEC86FFA8E7), compiling. 
[2026.04.28-04.04.45:184][  0]LogShaderCompilers: Display: Submitted 12 shader compile jobs with 'Low' priority
[2026.04.28-04.04.45:187][  0]LogMaterial: Display: Missing cached shadermap for Roughness in PCD3D_SM5, Default, SM5 (DDC key hash: B5EB9C2E9C27E442E4DF578A33AAC6B3C3CB88B6), compiling. 
[2026.04.28-04.04.45:204][  0]LogShaderCompilers: Display: Submitted 12 shader compile jobs with 'Low' priority
[2026.04.28-04.04.45:213][  0]LogMaterial: Display: Missing cached shadermap for Anisotropy in PCD3D_SM5, Default, SM5 (DDC key hash: 7E5D130A8EF96F340B9AB7589C65AF79C883004E), compiling. 
[2026.04.28-04.04.45:232][  0]LogShaderCompilers: Display: Submitted 12 shader compile jobs with 'Low' priority
[2026.04.28-04.04.45:235][  0]LogMaterial: Display: Missing cached shadermap for SceneColor in PCD3D_SM5, Default, SM5 (DDC key hash: 991F5952AC08FE57FBF9588EA2154DFBA485B184), compiling. 
[2026.04.28-04.04.45:251][  0]LogShaderCompilers: Display: Submitted 12 shader compile jobs with 'Low' priority
[2026.04.28-04.04.45:255][  0]LogMaterial: Display: Missing cached shadermap for SceneDepth in PCD3D_SM5, Default, SM5 (DDC key hash: 77D6AE37217BB2DFDD05858802B1EA1039B8F462), compiling. 
[2026.04.28-04.04.45:270][  0]LogShaderCompilers: Display: Submitted 12 shader compile jobs with 'Low' priority
[2026.04.28-04.04.45:274][  0]LogMaterial: Display: Missing cached shadermap for SeparateTranslucencyRGB in PCD3D_SM5, Default, SM5 (DDC key hash: E1CA1F1ED9DDC429239662FDDF05BB15276DBE2E), compiling. 
[2026.04.28-04.04.45:292][  0]LogShaderCompilers: Display: Submitted 12 shader compile jobs with 'Low' priority
[2026.04.28-04.04.45:296][  0]LogMaterial: Display: Missing cached shadermap for SeparateTranslucencyA in PCD3D_SM5, Default, SM5 (DDC key hash: DFD941C10776DF4FEC44A70AB2EDCB94ED13CD48), compiling. 
[2026.04.28-04.04.45:314][  0]LogShaderCompilers: Display: Submitted 12 shader compile jobs with 'Low' priority
[2026.04.28-04.04.45:319][  0]LogMaterial: Display: Missing cached shadermap for Specular in PCD3D_SM5, Default, SM5 (DDC key hash: F4A27713E943D0505A98C0A4BEBF178C64CFE8CD), compiling. 
[2026.04.28-04.04.45:336][  0]LogShaderCompilers: Display: Submitted 12 shader compile jobs with 'Low' priority
[2026.04.28-04.04.45:341][  0]LogMaterial: Display: Missing cached shadermap for SubsurfaceColor in PCD3D_SM5, Default, SM5 (DDC key hash: 6DD73E55990302EF6A53A3F0C58F39D93087B1EA), compiling. 
[2026.04.28-04.04.45:359][  0]LogShaderCompilers: Display: Submitted 12 shader compile jobs with 'Low' priority
[2026.04.28-04.04.45:363][  0]LogMaterial: Display: Missing cached shadermap for WorldNormal in PCD3D_SM5, Default, SM5 (DDC key hash: B96E4474755DFC312FC0DD3FF47A83A66185D19A), compiling. 
[2026.04.28-04.04.45:382][  0]LogShaderCompilers: Display: Submitted 12 shader compile jobs with 'Low' priority
[2026.04.28-04.04.45:386][  0]LogMaterial: Display: Missing cached shadermap for WorldTangent in PCD3D_SM5, Default, SM5 (DDC key hash: ABE7C312296477F4703D64DF40D11A43DBE69AF2), compiling. 
[2026.04.28-04.04.45:403][  0]LogShaderCompilers: Display: Submitted 12 shader compile jobs with 'Low' priority
[2026.04.28-04.04.45:410][  0]LogMaterial: Display: Missing cached shadermap for AmbientOcclusion in PCD3D_SM5, Default, SM5 (DDC key hash: 45F2B8665C5A09F527A6055EF4F93B2EDA99CEAD), compiling. 
[2026.04.28-04.04.45:436][  0]LogShaderCompilers: Display: Submitted 18 shader compile jobs with 'Low' priority
[2026.04.28-04.04.45:443][  0]LogMaterial: Display: Missing cached shadermap for CustomDepthWorldUnits in PCD3D_SM5, Default, SM5 (DDC key hash: 3697A874511DC219B5C14C5F30919D931EA93B6A), compiling. 
[2026.04.28-04.04.45:459][  0]LogShaderCompilers: Display: Submitted 12 shader compile jobs with 'Low' priority
[2026.04.28-04.04.45:463][  0]LogMaterial: Display: Missing cached shadermap for SceneDepthWorldUnits in PCD3D_SM5, Default, SM5 (DDC key hash: 7A233B459388FE14F1D2FA7B9E730E85659C5081), compiling. 
[2026.04.28-04.04.45:482][  0]LogShaderCompilers: Display: Submitted 12 shader compile jobs with 'Low' priority
[2026.04.28-04.04.45:487][  0]LogMaterial: Display: Missing cached shadermap for Velocity in PCD3D_SM5, Default, SM5 (DDC key hash: 69FE89671B4894C1D94C462EA33399F9E793E4FE), compiling. 
[2026.04.28-04.04.45:504][  0]LogShaderCompilers: Display: Submitted 12 shader compile jobs with 'Low' priority
[2026.04.28-04.04.45:508][  0]LogMaterial: Display: Missing cached shadermap for PreTonemapHDRColor in PCD3D_SM5, Default, SM5 (DDC key hash: B7EFD141D8F7F73125EB2F443080847C648A048F), compiling. 
[2026.04.28-04.04.45:525][  0]LogShaderCompilers: Display: Submitted 12 shader compile jobs with 'Low' priority
[2026.04.28-04.04.45:530][  0]LogMaterial: Display: Missing cached shadermap for PostTonemapHDRColor in PCD3D_SM5, Default, SM5 (DDC key hash: 2D184FEE122C513F962B2A149D5BBD431C77F528), compiling. 
[2026.04.28-04.04.45:547][  0]LogShaderCompilers: Display: Submitted 12 shader compile jobs with 'Low' priority
[2026.04.28-04.04.45:739][  0]LogNiagaraDebuggerClient: Niagara Debugger Client Initialized | Session: 381336F54051D5B8AF0E8E927316DBAE | Instance: 0298AC4E47BCACE0598B0F8C3F4EF186 (DESKTOP-VIF02FQ-943032).
[2026.04.28-04.04.45:961][  0]LogMaterial: Display: Missing cached shadermap for DefaultMaterial in PCD3D_SM5, Default, SM5 (DDC key hash: A1A8BBA0A9356FEBB9CE49AE99F5B7169FC26D98), compiling. 
[2026.04.28-04.04.46:296][  0]LogShaderCompilers: Display: Submitted 261 shader compile jobs with 'Low' priority
[2026.04.28-04.04.46:300][  0]LogMaterial: Display: Missing cached shadermap for M_Emissive_Color in PCD3D_SM5, Default, SM5 (DDC key hash: 76387CC439D5FE6473098DBEB4881DB7E6AA78B1), compiling. 
[2026.04.28-04.04.46:318][  0]LogShaderCompilers: Display: Submitted 10 shader compile jobs with 'Low' priority
[2026.04.28-04.04.46:325][  0]LogMaterial: Display: Missing cached shadermap for VertexColorMaterial in PCD3D_SM5, Default, SM5 (DDC key hash: 50D3FBCF791ED9FFB1AB810EF1AD80A2764E20C5), compiling. 
[2026.04.28-04.04.46:502][  0]LogShaderCompilers: Display: Submitted 149 shader compile jobs with 'Low' priority
[2026.04.28-04.04.46:515][  0]LogMaterial: Display: Missing cached shadermap for WireframeMaterial in PCD3D_SM5, Default, SM5 (DDC key hash: 1A3F4BAF9DFC05903A270F2175D4CB6959CA9F01), compiling. Is special engine material.
[2026.04.28-04.04.47:469][  0]LogShaderCompilers: Display: Worker (16/21): shaders left to compile 714
[2026.04.28-04.04.47:469][  0]LogShaderCompilers: Display: Worker (17/21): shaders left to compile 704
[2026.04.28-04.04.47:469][  0]LogShaderCompilers: Display: Worker (18/21): shaders left to compile 694
[2026.04.28-04.04.47:469][  0]LogShaderCompilers: Display: Worker (19/21): shaders left to compile 684
[2026.04.28-04.04.47:469][  0]LogShaderCompilers: Display: Worker (20/21): shaders left to compile 674
[2026.04.28-04.04.47:469][  0]LogShaderCompilers: Display: Worker (21/21): shaders left to compile 664
[2026.04.28-04.04.47:469][  0]LogShaderCompilers: Display: Started 60 'Local' shader compile jobs with 'Low' priority
[2026.04.28-04.04.47:470][  0]LogShaderCompilers: Display: Submitted 798 shader compile jobs with 'Low' priority
[2026.04.28-04.04.47:621][  0]LogPython: Using Python 3.7.7
[2026.04.28-04.04.49:221][  0]LogShaderCompilers: Display: Worker (2/21): shaders left to compile 1452
[2026.04.28-04.04.49:221][  0]LogShaderCompilers: Display: Started 10 'Local' shader compile jobs with 'Low' priority
[2026.04.28-04.04.49:308][  0]LogUdpMessaging: Initializing bridge on interface 0.0.0.0:0 to multicast group 230.0.0.1:6666.
[2026.04.28-04.04.49:360][  0]LogTcpMessaging: Initializing TcpMessaging bridge
[2026.04.28-04.04.49:830][  0]SourceControl: Source control is disabled
[2026.04.28-04.04.49:831][  0]SourceControl: Source control is disabled
[2026.04.28-04.04.49:843][  0]SourceControl: Source control is disabled
[2026.04.28-04.04.49:855][  0]SourceControl: Source control is disabled
[2026.04.28-04.04.49:874][  0]SourceControl: Source control is disabled
[2026.04.28-04.04.49:980][  0]LogUProjectInfo: Found projects:
[2026.04.28-04.04.50:081][  0]LogMaterial: Display: Missing cached shadermap for SpeedTreeMaster in PCD3D_SM5, Default, SM5 (DDC key hash: 3AB7281B26E5E1F97B0E863A8BB94DE48F983682), compiling. 
[2026.04.28-04.04.50:254][  0]LogShaderCompilers: Display: Submitted 134 shader compile jobs with 'Low' priority
[2026.04.28-04.04.50:272][  0]LogMaterial: Display: Missing cached shadermap for SpeedTreeBillboardMaster in PCD3D_SM5, Default, SM5 (DDC key hash: FC6C8457691EEA6C998730097B6CFBE013833377), compiling. 
[2026.04.28-04.04.50:396][  0]LogShaderCompilers: Display: Submitted 96 shader compile jobs with 'Low' priority
[2026.04.28-04.04.50:819][  0]LogMaterial: Display: Missing cached shadermap for M_VolumeRenderSphereTracePP in PCD3D_SM5, Default, SM5 (DDC key hash: E839D612A51B025EC6670B264CBDBD0E15A6552A), compiling. 
[2026.04.28-04.04.50:837][  0]LogShaderCompilers: Display: Submitted 12 shader compile jobs with 'Low' priority
[2026.04.28-04.04.51:014][  0]LogOpenImageDenoise: OIDN starting up
[2026.04.28-04.04.51:091][  0]LogAndroidPermission: UAndroidPermissionCallbackProxy::GetInstance
[2026.04.28-04.04.51:139][  0]LogAudioCaptureCore: Display: No Audio Capture implementations found. Audio input will be silent.
[2026.04.28-04.04.51:139][  0]LogAudioCaptureCore: Display: No Audio Capture implementations found. Audio input will be silent.
[2026.04.28-04.04.51:294][  0]LogShaderCompilers: Display: Worker (1/21): shaders left to compile 1684
[2026.04.28-04.04.51:294][  0]LogShaderCompilers: Display: Started 10 'Local' shader compile jobs with 'Low' priority
[2026.04.28-04.04.51:340][  0]LogMaterial: Display: Missing cached shadermap for M_XRController in PCD3D_SM5, Default, SM5 (DDC key hash: 25F8B857F294993CF78CD96F9FCCFC5AD5015887), compiling. 
[2026.04.28-04.04.51:371][  0]LogShaderCompilers: Display: Submitted 22 shader compile jobs with 'Low' priority
[2026.04.28-04.04.51:375][  0]LogMaterial: Display: Missing cached shadermap for MI_GoogleDaydream in PCD3D_SM5, Default, SM5 (DDC key hash: EEF284E0E4348C39817B790FF2F36BF0CF5A9E13), compiling. 
[2026.04.28-04.04.51:409][  0]LogShaderCompilers: Display: Submitted 22 shader compile jobs with 'Low' priority
[2026.04.28-04.04.51:494][  0]LogMaterial: Display: Missing cached shadermap for MI_right_ValveIndex in PCD3D_SM5, Default, SM5 (DDC key hash: 4B507AE808E14FB7B9F0B516587B81F164E0CFBC), compiling. 
[2026.04.28-04.04.51:540][  0]LogShaderCompilers: Display: Submitted 22 shader compile jobs with 'Low' priority
[2026.04.28-04.04.51:727][  0]LogCollectionManager: Loaded 0 collections in 0.005898 seconds
[2026.04.28-04.04.51:802][  0]LogFileCache: Scanning file cache for directory 'D:/Users/User/Documents/Unreal Projects/UnauticnaCastle/Saved/Collections/' took 0.00s
[2026.04.28-04.04.51:802][  0]LogFileCache: Scanning file cache for directory 'D:/Users/User/Documents/Unreal Projects/UnauticnaCastle/Content/Developers/User/Collections/' took 0.00s
[2026.04.28-04.04.51:802][  0]LogFileCache: Scanning file cache for directory 'D:/Users/User/Documents/Unreal Projects/UnauticnaCastle/Content/Collections/' took 0.00s
[2026.04.28-04.04.51:802][  0]LogMaterial: Display: Missing cached shadermap for OculusMR_ChromaKey in PCD3D_SM5, Default, SM5 (DDC key hash: 6E16A9EB9CB92E8301CDDEDF0325795FF757BF16), compiling. 
[2026.04.28-04.04.51:834][  0]LogShaderCompilers: Display: Submitted 16 shader compile jobs with 'Low' priority
[2026.04.28-04.04.51:840][  0]LogMaterial: Display: Missing cached shadermap for OculusMR_OpaqueColoredMaterial in PCD3D_SM5, Default, SM5 (DDC key hash: 2F7FD6CF0EAB85C32D0C2C79854ECAFA04B3B929), compiling. 
[2026.04.28-04.04.51:857][  0]LogShaderCompilers: Display: Submitted 10 shader compile jobs with 'Low' priority
[2026.04.28-04.04.51:861][  0]LogOcInput: OculusInput pre-init called
[2026.04.28-04.04.51:909][  0]LogMaterial: Display: Missing cached shadermap for touchController_mat in PCD3D_SM5, Default, SM5 (DDC key hash: D23421F740D91AD81D4A5A880F1405DE872A053F), compiling. 
[2026.04.28-04.04.51:988][  0]LogShaderCompilers: Display: Submitted 60 shader compile jobs with 'Low' priority
[2026.04.28-04.04.52:004][  0]LogMaterial: Display: Missing cached shadermap for TouchForQuestRiftSControllerMaterial in PCD3D_SM5, Default, SM5 (DDC key hash: ED3235F819791B6F3E97772FE3770445C896C7D1), compiling. 
[2026.04.28-04.04.52:033][  0]LogShaderCompilers: Display: Submitted 22 shader compile jobs with 'Low' priority
[2026.04.28-04.04.52:506][  0]LogMaterial: Display: Missing cached shadermap for HighResScreenshot in PCD3D_SM5, Default, SM5 (DDC key hash: 2636C6E90CB330FBC3E9D543256837D1492C33A7), compiling. 
[2026.04.28-04.04.52:529][  0]LogShaderCompilers: Display: Submitted 18 shader compile jobs with 'Low' priority
[2026.04.28-04.04.52:534][  0]LogMaterial: Display: Missing cached shadermap for HighResScreenshotMask in PCD3D_SM5, Default, SM5 (DDC key hash: 1BDE782B4F5303DBD053B317D0ECF261A5C336A3), compiling. 
[2026.04.28-04.04.52:556][  0]LogShaderCompilers: Display: Submitted 18 shader compile jobs with 'Low' priority
[2026.04.28-04.04.52:565][  0]LogMaterial: Display: Missing cached shadermap for HighResScreenshotCaptureRegion in PCD3D_SM5, Default, SM5 (DDC key hash: AF83EBE88A23EC62AFFB81A345B21584B55DCC7B), compiling. 
[2026.04.28-04.04.52:580][  0]LogShaderCompilers: Display: Submitted 12 shader compile jobs with 'Low' priority
[2026.04.28-04.04.52:655][  0]LogEngine: Initializing Engine...
[2026.04.28-04.04.52:665][  0]LogHMD: Failed to enumerate extensions. Please check that you have a valid OpenXR runtime installed.
[2026.04.28-04.04.52:668][  0]LogHMD: Failed to initialize OpenVR with code 110
[2026.04.28-04.04.52:668][  0]LogMagicLeap: Warning: VR disabled because ZI is not enabled.  To enable, in the editor, Edit -> Project Settings -> Plugins -> Magic Leap Plugin -> Enable Zero Iteration
[2026.04.28-04.04.52:671][  0]LogStats: UGameplayTagsManager::InitializeManager -  0.000 s
[2026.04.28-04.04.52:685][  0]LogMaterial: Display: Missing cached shadermap for LevelColorationLitMaterial in PCD3D_SM5, Default, SM5 (DDC key hash: 0EAB2DE802F6B5A45533CE8D383EB9365408620A), compiling. Is special engine material.
[2026.04.28-04.04.54:033][  0]LogShaderCompilers: Display: Submitted 1173 shader compile jobs with 'Low' priority
[2026.04.28-04.04.54:428][  0]LogInit: Initializing FReadOnlyCVARCache
[2026.04.28-04.04.54:454][  0]LogAIModule: Creating AISystem for world Untitled
[2026.04.28-04.04.54:469][  0]LogAudio: Display: Initializing Audio Device Manager...
[2026.04.28-04.04.54:480][  0]LogAudio: Display: Loading Default Audio Settings Objects...
[2026.04.28-04.04.54:481][  0]LogAudio: Display: No default SoundConcurrencyObject specified (or failed to load).
[2026.04.28-04.04.54:482][  0]LogAudio: Display: Audio Device Manager Initialized
[2026.04.28-04.04.54:482][  0]LogAudio: Display: Creating Audio Device:                 Id: 1, Scope: Shared, Realtime: True
[2026.04.28-04.04.54:482][  0]LogAudioMixer: Display: Audio Mixer Platform Settings:
[2026.04.28-04.04.54:482][  0]LogAudioMixer: Display: 	Sample Rate:						  48000
[2026.04.28-04.04.54:482][  0]LogAudioMixer: Display: 	Callback Buffer Frame Size Requested: 1024
[2026.04.28-04.04.54:482][  0]LogAudioMixer: Display: 	Callback Buffer Frame Size To Use:	  1024
[2026.04.28-04.04.54:482][  0]LogAudioMixer: Display: 	Number of buffers to queue:			  2
[2026.04.28-04.04.54:482][  0]LogAudioMixer: Display: 	Max Channels (voices):				  32
[2026.04.28-04.04.54:482][  0]LogAudioMixer: Display: 	Number of Async Source Workers:		  0
[2026.04.28-04.04.54:483][  0]LogAudio: Display: AudioDevice MaxSources: 32
[2026.04.28-04.04.54:484][  0]LogAudio: Display: Audio Spatialization Plugin: None (built-in).
[2026.04.28-04.04.54:484][  0]LogAudio: Display: Audio Reverb Plugin: None (built-in).
[2026.04.28-04.04.54:484][  0]LogAudio: Display: Audio Occlusion Plugin: None (built-in).
[2026.04.28-04.04.54:484][  0]LogAudioMixer: Display: Initializing audio mixer.
[2026.04.28-04.04.54:534][  0]LogAudioMixer: Display: 0: FrontLeft
[2026.04.28-04.04.54:535][  0]LogAudioMixer: Display: 1: FrontRight
[2026.04.28-04.04.54:630][  0]LogAudioMixer: Display: Using Audio Device Динамики (Realtek High Definition Audio)
[2026.04.28-04.04.54:635][  0]LogAudioMixer: Display: Initializing Sound Submixes...
[2026.04.28-04.04.54:640][  0]LogAudioMixer: Display: Creating Master Submix 'MasterSubmixDefault'
[2026.04.28-04.04.54:640][  0]LogAudioMixer: Display: Creating Master Submix 'MasterReverbSubmixDefault'
[2026.04.28-04.04.54:643][  0]LogAudioMixer: Display: Creating Master Submix 'MasterEQSubmixDefault'
[2026.04.28-04.04.54:643][  0]LogAudioMixer: FMixerPlatformXAudio2::StartAudioStream() called
[2026.04.28-04.04.54:643][  0]LogAudioMixer: Display: Output buffers initialized: Frames=1024, Channels=2, Samples=2048
[2026.04.28-04.04.54:645][  0]LogAudioMixer: Display: Starting AudioMixerPlatformInterface::RunInternal()
[2026.04.28-04.04.54:645][  0]LogAudioMixer: Display: FMixerPlatformXAudio2::SubmitBuffer() called for the first time
[2026.04.28-04.04.54:645][  0]LogInit: FAudioDevice initialized.
[2026.04.28-04.04.54:646][  0]LogAudio: Display: Audio Device (ID: 1) registered with world 'Untitled'.
[2026.04.28-04.04.54:646][  0]LogNetVersion: Set ProjectVersion to 1.0.0.0. Version Checksum will be recalculated on next use.
[2026.04.28-04.04.54:884][  0]LogShaderCompilers: Display: Worker (2/21): shaders left to compile 3069
[2026.04.28-04.04.54:884][  0]LogShaderCompilers: Display: Started 10 'Local' shader compile jobs with 'Low' priority
[2026.04.28-04.04.54:884][  0]LogDerivedDataCache: Saved boot cache 0.24s 107MB C:/Users/User/AppData/Local/UnrealEngine/4.27/DerivedDataCache/Boot.ddc.
[2026.04.28-04.04.54:885][  0]LogInit: Texture streaming: Enabled
[2026.04.28-04.04.54:927][  0]LogAnalytics: Display: [UEEditor.Rocket.Release] APIServer = https://datarouter.ol.epicgames.com/. AppVersion = 4.27.2-18319896+++UE4+Release-4.27
[2026.04.28-04.04.54:942][  0]LogEngineSessionManager: EngineSessionManager initialized
[2026.04.28-04.04.54:942][  0]LogEditorSessionSummary: Verbose: Initializing EditorSessionSummaryWriter for editor session tracking
[2026.04.28-04.04.54:959][  0]LogEditorSessionSummary: EditorSessionSummaryWriter initialized
[2026.04.28-04.04.55:677][  0]LogLauncherPlatform: Warning: FPlatformProcess::LaunchURL had an error: Failed launching URL
[2026.04.28-04.04.55:684][  0]LogInit: Transaction tracking system initialized
[2026.04.28-04.04.55:767][  0]BlueprintLog: New page: Editor Load
[2026.04.28-04.04.55:999][  0]LocalizationService: Localization service is disabled
[2026.04.28-04.04.56:073][  0]TimingProfiler: Initialize
[2026.04.28-04.04.56:074][  0]TimingProfiler: OnSessionChanged
[2026.04.28-04.04.56:074][  0]LoadingProfiler: Initialize
[2026.04.28-04.04.56:074][  0]LoadingProfiler: OnSessionChanged
[2026.04.28-04.04.56:074][  0]NetworkingProfiler: Initialize
[2026.04.28-04.04.56:074][  0]NetworkingProfiler: OnSessionChanged
[2026.04.28-04.04.56:074][  0]MemoryProfiler: Initialize
[2026.04.28-04.04.56:074][  0]MemoryProfiler: OnSessionChanged
[2026.04.28-04.04.56:617][  0]LogCook: Display: CookSettings for Memory: MemoryMaxUsedVirtual 0MiB, MemoryMaxUsedPhysical 16384MiB, MemoryMinFreeVirtual 0MiB, MemoryMinFreePhysical 1024MiB
[2026.04.28-04.04.56:618][  0]LogCook: Display: Mobile HDR setting 1
[2026.04.28-04.04.56:836][  0]LogFileCache: Scanning file cache for directory 'D:/Users/User/Documents/Unreal Projects/UnauticnaCastle/Content/' took 0.01s
[2026.04.28-04.04.57:585][  0]LogInit: Display: Engine is initialized. Leaving FEngineLoop::Init()
[2026.04.28-04.04.57:604][  0]SourceControl: Source control is disabled
[2026.04.28-04.04.57:604][  0]LogUnrealEdMisc: Loading editor; pre map load, took 817.760
[2026.04.28-04.04.57:607][  0]LogFactory: FactoryCreateFile: PackFactory with PackFactory (0 0 D:/Games/New Folder/UE_4.27/FeaturePacks/StarterContent.upack)
[2026.04.28-04.04.57:607][  0]LogPakFile: PakFile PrimaryIndexSize=185
[2026.04.28-04.04.57:608][  0]LogPakFile: PakFile PathHashIndexSize=101
[2026.04.28-04.04.57:608][  0]LogPakFile: PakFile FullDirectoryIndexSize=148
[2026.04.28-04.04.57:625][  0]LogPackFactory: Finished extracting 8 files (including 0 errors).
[2026.04.28-04.04.57:629][  0]LogPackFactory: Copied "../../../Samples/StarterContent/Content/StarterContent/Architecture/Floor_400x400.uasset" to "../../../../../../Users/User/Documents/Unreal Projects/UnauticnaCastle/Content/StarterContent/Architecture/Floor_400x400.uasset"
[2026.04.28-04.04.57:632][  0]LogPackFactory: Copied "../../../Samples/StarterContent/Content/StarterContent/Architecture/Pillar_50x500.uasset" to "../../../../../../Users/User/Documents/Unreal Projects/UnauticnaCastle/Content/StarterContent/Architecture/Pillar_50x500.uasset"
[2026.04.28-04.04.57:637][  0]LogPackFactory: Copied "../../../Samples/StarterContent/Content/StarterContent/Architecture/SM_AssetPlatform.uasset" to "../../../../../../Users/User/Documents/Unreal Projects/UnauticnaCastle/Content/StarterContent/Architecture/SM_AssetPlatform.uasset"
[2026.04.28-04.04.57:640][  0]LogPackFactory: Copied "../../../Samples/StarterContent/Content/StarterContent/Architecture/Wall_400x200.uasset" to "../../../../../../Users/User/Documents/Unreal Projects/UnauticnaCastle/Content/StarterContent/Architecture/Wall_400x200.uasset"
[2026.04.28-04.04.57:644][  0]LogPackFactory: Copied "../../../Samples/StarterContent/Content/StarterContent/Architecture/Wall_400x300.uasset" to "../../../../../../Users/User/Documents/Unreal Projects/UnauticnaCastle/Content/StarterContent/Architecture/Wall_400x300.uasset"
[2026.04.28-04.04.57:647][  0]LogPackFactory: Copied "../../../Samples/StarterContent/Content/StarterContent/Architecture/Wall_400x400.uasset" to "../../../../../../Users/User/Documents/Unreal Projects/UnauticnaCastle/Content/StarterContent/Architecture/Wall_400x400.uasset"
[2026.04.28-04.04.57:651][  0]LogPackFactory: Copied "../../../Samples/StarterContent/Content/StarterContent/Architecture/Wall_500x500.uasset" to "../../../../../../Users/User/Documents/Unreal Projects/UnauticnaCastle/Content/StarterContent/Architecture/Wall_500x500.uasset"
[2026.04.28-04.04.57:678][  0]LogPackFactory: Copied "../../../Samples/StarterContent/Content/StarterContent/Architecture/Wall_Door_400x300.uasset" to "../../../../../../Users/User/Documents/Unreal Projects/UnauticnaCastle/Content/StarterContent/Architecture/Wall_Door_400x300.uasset"
[2026.04.28-04.04.57:681][  0]LogPackFactory: Copied "../../../Samples/StarterContent/Content/StarterContent/Architecture/Wall_Door_400x400.uasset" to "../../../../../../Users/User/Documents/Unreal Projects/UnauticnaCastle/Content/StarterContent/Architecture/Wall_Door_400x400.uasset"
[2026.04.28-04.04.57:684][  0]LogPackFactory: Copied "../../../Samples/StarterContent/Content/StarterContent/Architecture/Wall_Window_400x300.uasset" to "../../../../../../Users/User/Documents/Unreal Projects/UnauticnaCastle/Content/StarterContent/Architecture/Wall_Window_400x300.uasset"
[2026.04.28-04.04.57:688][  0]LogPackFactory: Copied "../../../Samples/StarterContent/Content/StarterContent/Architecture/Wall_Window_400x400.uasset" to "../../../../../../Users/User/Documents/Unreal Projects/UnauticnaCastle/Content/StarterContent/Architecture/Wall_Window_400x400.uasset"
[2026.04.28-04.04.57:691][  0]LogPackFactory: Copied "../../../Samples/StarterContent/Content/StarterContent/Audio/Collapse01.uasset" to "../../../../../../Users/User/Documents/Unreal Projects/UnauticnaCastle/Content/StarterContent/Audio/Collapse01.uasset"
[2026.04.28-04.04.57:695][  0]LogPackFactory: Copied "../../../Samples/StarterContent/Content/StarterContent/Audio/Collapse02.uasset" to "../../../../../../Users/User/Documents/Unreal Projects/UnauticnaCastle/Content/StarterContent/Audio/Collapse02.uasset"
[2026.04.28-04.04.57:698][  0]LogPackFactory: Copied "../../../Samples/StarterContent/Content/StarterContent/Audio/Collapse_Cue.uasset" to "../../../../../../Users/User/Documents/Unreal Projects/UnauticnaCastle/Content/StarterContent/Audio/Collapse_Cue.uasset"
[2026.04.28-04.04.57:701][  0]LogPackFactory: Copied "../../../Samples/StarterContent/Content/StarterContent/Audio/Explosion01.uasset" to "../../../../../../Users/User/Documents/Unreal Projects/UnauticnaCastle/Content/StarterContent/Audio/Explosion01.uasset"
[2026.04.28-04.04.57:705][  0]LogPackFactory: Copied "../../../Samples/StarterContent/Content/StarterContent/Audio/Explosion02.uasset" to "../../../../../../Users/User/Documents/Unreal Projects/UnauticnaCastle/Content/StarterContent/Audio/Explosion02.uasset"
[2026.04.28-04.04.57:708][  0]LogPackFactory: Copied "../../../Samples/StarterContent/Content/StarterContent/Audio/Explosion_Cue.uasset" to "../../../../../../Users/User/Documents/Unreal Projects/UnauticnaCastle/Content/StarterContent/Audio/Explosion_Cue.uasset"
[2026.04.28-04.04.57:712][  0]LogPackFactory: Copied "../../../Samples/StarterContent/Content/StarterContent/Audio/Fire01.uasset" to "../../../../../../Users/User/Documents/Unreal Projects/UnauticnaCastle/Content/StarterContent/Audio/Fire01.uasset"
[2026.04.28-04.04.57:715][  0]LogPackFactory: Copied "../../../Samples/StarterContent/Content/StarterContent/Audio/Fire01_Cue.uasset" to "../../../../../../Users/User/Documents/Unreal Projects/UnauticnaCastle/Content/StarterContent/Audio/Fire01_Cue.uasset"
[2026.04.28-04.04.57:720][  0]LogPackFactory: Copied "../../../Samples/StarterContent/Content/StarterContent/Audio/Fire_Sparks01.uasset" to "../../../../../../Users/User/Documents/Unreal Projects/UnauticnaCastle/Content/StarterContent/Audio/Fire_Sparks01.uasset"
[2026.04.28-04.04.57:723][  0]LogPackFactory: Copied "../../../Samples/StarterContent/Content/StarterContent/Audio/Fire_Sparks01_Cue.uasset" to "../../../../../../Users/User/Documents/Unreal Projects/UnauticnaCastle/Content/StarterContent/Audio/Fire_Sparks01_Cue.uasset"
[2026.04.28-04.04.57:729][  0]LogPackFactory: Copied "../../../Samples/StarterContent/Content/StarterContent/Audio/Light01.uasset" to "../../../../../../Users/User/Documents/Unreal Projects/UnauticnaCastle/Content/StarterContent/Audio/Light01.uasset"
[2026.04.28-04.04.57:733][  0]LogPackFactory: Copied "../../../Samples/StarterContent/Content/StarterContent/Audio/Light01_Cue.uasset" to "../../../../../../Users/User/Documents/Unreal Projects/UnauticnaCastle/Content/StarterContent/Audio/Light01_Cue.uasset"
[2026.04.28-04.04.57:737][  0]LogPackFactory: Copied "../../../Samples/StarterContent/Content/StarterContent/Audio/Light02.uasset" to "../../../../../../Users/User/Documents/Unreal Projects/UnauticnaCastle/Content/StarterContent/Audio/Light02.uasset"
[2026.04.28-04.04.57:740][  0]LogPackFactory: Copied "../../../Samples/StarterContent/Content/StarterContent/Audio/Light02_Cue.uasset" to "../../../../../../Users/User/Documents/Unreal Projects/UnauticnaCastle/Content/StarterContent/Audio/Light02_Cue.uasset"
[2026.04.28-04.04.57:745][  0]LogPackFactory: Copied "../../../Samples/StarterContent/Content/StarterContent/Audio/Smoke01.uasset" to "../../../../../../Users/User/Documents/Unreal Projects/UnauticnaCastle/Content/StarterContent/Audio/Smoke01.uasset"
[2026.04.28-04.04.57:748][  0]LogPackFactory: Copied "../../../Samples/StarterContent/Content/StarterContent/Audio/Smoke01_Cue.uasset" to "../../../../../../Users/User/Documents/Unreal Projects/UnauticnaCastle/Content/StarterContent/Audio/Smoke01_Cue.uasset"
[2026.04.28-04.04.57:751][  0]LogPackFactory: Copied "../../../Samples/StarterContent/Content/StarterContent/Audio/Starter_Background_Cue.uasset" to "../../../../../../Users/User/Documents/Unreal Projects/UnauticnaCastle/Content/StarterContent/Audio/Starter_Background_Cue.uasset"
[2026.04.28-04.04.57:761][  0]LogPackFactory: Copied "../../../Samples/StarterContent/Content/StarterContent/Audio/Starter_Birds01.uasset" to "../../../../../../Users/User/Documents/Unreal Projects/UnauticnaCastle/Content/StarterContent/Audio/Starter_Birds01.uasset"
[2026.04.28-04.04.57:779][  0]LogPackFactory: Copied "../../../Samples/StarterContent/Content/StarterContent/Audio/Starter_Music01.uasset" to "../../../../../../Users/User/Documents/Unreal Projects/UnauticnaCastle/Content/StarterContent/Audio/Starter_Music01.uasset"
[2026.04.28-04.04.57:782][  0]LogPackFactory: Copied "../../../Samples/StarterContent/Content/StarterContent/Audio/Starter_Music_Cue.uasset" to "../../../../../../Users/User/Documents/Unreal Projects/UnauticnaCastle/Content/StarterContent/Audio/Starter_Music_Cue.uasset"
[2026.04.28-04.04.57:789][  0]LogPackFactory: Copied "../../../Samples/StarterContent/Content/StarterContent/Audio/Starter_Wind05.uasset" to "../../../../../../Users/User/Documents/Unreal Projects/UnauticnaCastle/Content/StarterContent/Audio/Starter_Wind05.uasset"
[2026.04.28-04.04.57:797][  0]LogPackFactory: Copied "../../../Samples/StarterContent/Content/StarterContent/Audio/Starter_Wind06.uasset" to "../../../../../../Users/User/Documents/Unreal Projects/UnauticnaCastle/Content/StarterContent/Audio/Starter_Wind06.uasset"
[2026.04.28-04.04.57:801][  0]LogPackFactory: Copied "../../../Samples/StarterContent/Content/StarterContent/Audio/Steam01.uasset" to "../../../../../../Users/User/Documents/Unreal Projects/UnauticnaCastle/Content/StarterContent/Audio/Steam01.uasset"
[2026.04.28-04.04.57:804][  0]LogPackFactory: Copied "../../../Samples/StarterContent/Content/StarterContent/Audio/Steam01_Cue.uasset" to "../../../../../../Users/User/Documents/Unreal Projects/UnauticnaCastle/Content/StarterContent/Audio/Steam01_Cue.uasset"
[2026.04.28-04.04.57:807][  0]LogPackFactory: Copied "../../../Samples/StarterContent/Content/StarterContent/Blueprints/Blueprint_CeilingLight.uasset" to "../../../../../../Users/User/Documents/Unreal Projects/UnauticnaCastle/Content/StarterContent/Blueprints/Blueprint_CeilingLight.uasset"
[2026.04.28-04.04.57:836][  0]LogPackFactory: Copied "../../../Samples/StarterContent/Content/StarterContent/Blueprints/Blueprint_Effect_Explosion.uasset" to "../../../../../../Users/User/Documents/Unreal Projects/UnauticnaCastle/Content/StarterContent/Blueprints/Blueprint_Effect_Explosion.uasset"
[2026.04.28-04.04.57:839][  0]LogPackFactory: Copied "../../../Samples/StarterContent/Content/StarterContent/Blueprints/Blueprint_Effect_Fire.uasset" to "../../../../../../Users/User/Documents/Unreal Projects/UnauticnaCastle/Content/StarterContent/Blueprints/Blueprint_Effect_Fire.uasset"
[2026.04.28-04.04.57:843][  0]LogPackFactory: Copied "../../../Samples/StarterContent/Content/StarterContent/Blueprints/Blueprint_Effect_Smoke.uasset" to "../../../../../../Users/User/Documents/Unreal Projects/UnauticnaCastle/Content/StarterContent/Blueprints/Blueprint_Effect_Smoke.uasset"
[2026.04.28-04.04.57:846][  0]LogPackFactory: Copied "../../../Samples/StarterContent/Content/StarterContent/Blueprints/Blueprint_Effect_Sparks.uasset" to "../../../../../../Users/User/Documents/Unreal Projects/UnauticnaCastle/Content/StarterContent/Blueprints/Blueprint_Effect_Sparks.uasset"
[2026.04.28-04.04.57:849][  0]LogPackFactory: Copied "../../../Samples/StarterContent/Content/StarterContent/Blueprints/Blueprint_Effect_Steam.uasset" to "../../../../../../Users/User/Documents/Unreal Projects/UnauticnaCastle/Content/StarterContent/Blueprints/Blueprint_Effect_Steam.uasset"
[2026.04.28-04.04.57:853][  0]LogPackFactory: Copied "../../../Samples/StarterContent/Content/StarterContent/Blueprints/Blueprint_WallSconce.uasset" to "../../../../../../Users/User/Documents/Unreal Projects/UnauticnaCastle/Content/StarterContent/Blueprints/Blueprint_WallSconce.uasset"
[2026.04.28-04.04.57:857][  0]LogPackFactory: Copied "../../../Samples/StarterContent/Content/StarterContent/Blueprints/BP_LightStudio.uasset" to "../../../../../../Users/User/Documents/Unreal Projects/UnauticnaCastle/Content/StarterContent/Blueprints/BP_LightStudio.uasset"
[2026.04.28-04.04.57:861][  0]LogPackFactory: Copied "../../../Samples/StarterContent/Content/StarterContent/Blueprints/Assets/FogBrightnessLUT.uasset" to "../../../../../../Users/User/Documents/Unreal Projects/UnauticnaCastle/Content/StarterContent/Blueprints/Assets/FogBrightnessLUT.uasset"
[2026.04.28-04.04.57:864][  0]LogPackFactory: Copied "../../../Samples/StarterContent/Content/StarterContent/Blueprints/Assets/M_LightStage_Arrows.uasset" to "../../../../../../Users/User/Documents/Unreal Projects/UnauticnaCastle/Content/StarterContent/Blueprints/Assets/M_LightStage_Arrows.uasset"
[2026.04.28-04.04.57:867][  0]LogPackFactory: Copied "../../../Samples/StarterContent/Content/StarterContent/Blueprints/Assets/M_LightStage_Skybox_Black.uasset" to "../../../../../../Users/User/Documents/Unreal Projects/UnauticnaCastle/Content/StarterContent/Blueprints/Assets/M_LightStage_Skybox_Black.uasset"
[2026.04.28-04.04.57:870][  0]LogPackFactory: Copied "../../../Samples/StarterContent/Content/StarterContent/Blueprints/Assets/M_LightStage_Skybox_HDRI.uasset" to "../../../../../../Users/User/Documents/Unreal Projects/UnauticnaCastle/Content/StarterContent/Blueprints/Assets/M_LightStage_Skybox_HDRI.uasset"
[2026.04.28-04.04.57:873][  0]LogPackFactory: Copied "../../../Samples/StarterContent/Content/StarterContent/Blueprints/Assets/M_LightStage_Skybox_Master.uasset" to "../../../../../../Users/User/Documents/Unreal Projects/UnauticnaCastle/Content/StarterContent/Blueprints/Assets/M_LightStage_Skybox_Master.uasset"
[2026.04.28-04.04.57:878][  0]LogPackFactory: Copied "../../../Samples/StarterContent/Content/StarterContent/Blueprints/Assets/Skybox.uasset" to "../../../../../../Users/User/Documents/Unreal Projects/UnauticnaCastle/Content/StarterContent/Blueprints/Assets/Skybox.uasset"
[2026.04.28-04.04.57:882][  0]LogPackFactory: Copied "../../../Samples/StarterContent/Content/StarterContent/Blueprints/Assets/SM_Arrows.uasset" to "../../../../../../Users/User/Documents/Unreal Projects/UnauticnaCastle/Content/StarterContent/Blueprints/Assets/SM_Arrows.uasset"
[2026.04.28-04.04.57:885][  0]LogPackFactory: Copied "../../../Samples/StarterContent/Content/StarterContent/Blueprints/Assets/SunlightColorLUT.uasset" to "../../../../../../Users/User/Documents/Unreal Projects/UnauticnaCastle/Content/StarterContent/Blueprints/Assets/SunlightColorLUT.uasset"
[2026.04.28-04.04.58:013][  0]LogPackFactory: Copied "../../../Samples/StarterContent/Content/StarterContent/HDRI/HDRI_Epic_Courtyard_Daylight.uasset" to "../../../../../../Users/User/Documents/Unreal Projects/UnauticnaCastle/Content/StarterContent/HDRI/HDRI_Epic_Courtyard_Daylight.uasset"
[2026.04.28-04.04.58:017][  0]LogPackFactory: Copied "../../../Samples/StarterContent/Content/StarterContent/Maps/Advanced_Lighting.umap" to "../../../../../../Users/User/Documents/Unreal Projects/UnauticnaCastle/Content/StarterContent/Maps/Advanced_Lighting.umap"
[2026.04.28-04.04.58:022][  0]LogPackFactory: Copied "../../../Samples/StarterContent/Content/StarterContent/Maps/Advanced_Lighting_BuiltData.uasset" to "../../../../../../Users/User/Documents/Unreal Projects/UnauticnaCastle/Content/StarterContent/Maps/Advanced_Lighting_BuiltData.uasset"
[2026.04.28-04.04.58:027][  0]LogPackFactory: Copied "../../../Samples/StarterContent/Content/StarterContent/Maps/Minimal_Default.umap" to "../../../../../../Users/User/Documents/Unreal Projects/UnauticnaCastle/Content/StarterContent/Maps/Minimal_Default.umap"
[2026.04.28-04.04.58:036][  0]LogPackFactory: Copied "../../../Samples/StarterContent/Content/StarterContent/Maps/Minimal_Default_BuiltData.uasset" to "../../../../../../Users/User/Documents/Unreal Projects/UnauticnaCastle/Content/StarterContent/Maps/Minimal_Default_BuiltData.uasset"
[2026.04.28-04.04.58:040][  0]LogPackFactory: Copied "../../../Samples/StarterContent/Content/StarterContent/Maps/StarterMap.umap" to "../../../../../../Users/User/Documents/Unreal Projects/UnauticnaCastle/Content/StarterContent/Maps/StarterMap.umap"
[2026.04.28-04.04.58:095][  0]LogPackFactory: Copied "../../../Samples/StarterContent/Content/StarterContent/Maps/StarterMap_BuiltData.uasset" to "../../../../../../Users/User/Documents/Unreal Projects/UnauticnaCastle/Content/StarterContent/Maps/StarterMap_BuiltData.uasset"
[2026.04.28-04.04.58:098][  0]LogPackFactory: Copied "../../../Samples/StarterContent/Content/StarterContent/Materials/M_AssetPlatform.uasset" to "../../../../../../Users/User/Documents/Unreal Projects/UnauticnaCastle/Content/StarterContent/Materials/M_AssetPlatform.uasset"
[2026.04.28-04.04.58:101][  0]LogPackFactory: Error: Unable to copy file "../../../Samples/StarterContent/Content/StarterContent/Materials/M_Basic_Floor.uasset" to "../../../../../../Users/User/Documents/Unreal Projects/UnauticnaCastle/Content/StarterContent/Materials/M_Basic_Floor.uasset".
[2026.04.28-04.04.58:104][  0]LogPackFactory: Copied "../../../Samples/StarterContent/Content/StarterContent/Materials/M_Basic_Wall.uasset" to "../../../../../../Users/User/Documents/Unreal Projects/UnauticnaCastle/Content/StarterContent/Materials/M_Basic_Wall.uasset"
[2026.04.28-04.04.58:108][  0]LogPackFactory: Copied "../../../Samples/StarterContent/Content/StarterContent/Materials/M_Brick_Clay_Beveled.uasset" to "../../../../../../Users/User/Documents/Unreal Projects/UnauticnaCastle/Content/StarterContent/Materials/M_Brick_Clay_Beveled.uasset"
[2026.04.28-04.04.58:111][  0]LogPackFactory: Copied "../../../Samples/StarterContent/Content/StarterContent/Materials/M_Brick_Clay_New.uasset" to "../../../../../../Users/User/Documents/Unreal Projects/UnauticnaCastle/Content/StarterContent/Materials/M_Brick_Clay_New.uasset"
[2026.04.28-04.04.58:115][  0]LogPackFactory: Copied "../../../Samples/StarterContent/Content/StarterContent/Materials/M_Brick_Clay_Old.uasset" to "../../../../../../Users/User/Documents/Unreal Projects/UnauticnaCastle/Content/StarterContent/Materials/M_Brick_Clay_Old.uasset"
[2026.04.28-04.04.58:118][  0]LogPackFactory: Copied "../../../Samples/StarterContent/Content/StarterContent/Materials/M_Brick_Cut_Stone.uasset" to "../../../../../../Users/User/Documents/Unreal Projects/UnauticnaCastle/Content/StarterContent/Materials/M_Brick_Cut_Stone.uasset"
[2026.04.28-04.04.58:122][  0]LogPackFactory: Copied "../../../Samples/StarterContent/Content/StarterContent/Materials/M_Brick_Hewn_Stone.uasset" to "../../../../../../Users/User/Documents/Unreal Projects/UnauticnaCastle/Content/StarterContent/Materials/M_Brick_Hewn_Stone.uasset"
[2026.04.28-04.04.58:126][  0]LogPackFactory: Copied "../../../Samples/StarterContent/Content/StarterContent/Materials/M_Ceramic_Tile_Checker.uasset" to "../../../../../../Users/User/Documents/Unreal Projects/UnauticnaCastle/Content/StarterContent/Materials/M_Ceramic_Tile_Checker.uasset"
[2026.04.28-04.04.58:130][  0]LogPackFactory: Copied "../../../Samples/StarterContent/Content/StarterContent/Materials/M_CobbleStone_Pebble.uasset" to "../../../../../../Users/User/Documents/Unreal Projects/UnauticnaCastle/Content/StarterContent/Materials/M_CobbleStone_Pebble.uasset"
[2026.04.28-04.04.58:133][  0]LogPackFactory: Copied "../../../Samples/StarterContent/Content/StarterContent/Materials/M_CobbleStone_Rough.uasset" to "../../../../../../Users/User/Documents/Unreal Projects/UnauticnaCastle/Content/StarterContent/Materials/M_CobbleStone_Rough.uasset"
[2026.04.28-04.04.58:137][  0]LogPackFactory: Copied "../../../Samples/StarterContent/Content/StarterContent/Materials/M_CobbleStone_Smooth.uasset" to "../../../../../../Users/User/Documents/Unreal Projects/UnauticnaCastle/Content/StarterContent/Materials/M_CobbleStone_Smooth.uasset"
[2026.04.28-04.04.58:140][  0]LogPackFactory: Copied "../../../Samples/StarterContent/Content/StarterContent/Materials/M_ColorGrid_LowSpec.uasset" to "../../../../../../Users/User/Documents/Unreal Projects/UnauticnaCastle/Content/StarterContent/Materials/M_ColorGrid_LowSpec.uasset"
[2026.04.28-04.04.58:145][  0]LogPackFactory: Copied "../../../Samples/StarterContent/Content/StarterContent/Materials/M_Concrete_Grime.uasset" to "../../../../../../Users/User/Documents/Unreal Projects/UnauticnaCastle/Content/StarterContent/Materials/M_Concrete_Grime.uasset"
[2026.04.28-04.04.58:148][  0]LogPackFactory: Copied "../../../Samples/StarterContent/Content/StarterContent/Materials/M_Concrete_Panels.uasset" to "../../../../../../Users/User/Documents/Unreal Projects/UnauticnaCastle/Content/StarterContent/Materials/M_Concrete_Panels.uasset"
[2026.04.28-04.04.58:152][  0]LogPackFactory: Copied "../../../Samples/StarterContent/Content/StarterContent/Materials/M_Concrete_Poured.uasset" to "../../../../../../Users/User/Documents/Unreal Projects/UnauticnaCastle/Content/StarterContent/Materials/M_Concrete_Poured.uasset"
[2026.04.28-04.04.58:156][  0]LogPackFactory: Copied "../../../Samples/StarterContent/Content/StarterContent/Materials/M_Concrete_Tiles.uasset" to "../../../../../../Users/User/Documents/Unreal Projects/UnauticnaCastle/Content/StarterContent/Materials/M_Concrete_Tiles.uasset"
[2026.04.28-04.04.58:159][  0]LogPackFactory: Copied "../../../Samples/StarterContent/Content/StarterContent/Materials/M_Glass.uasset" to "../../../../../../Users/User/Documents/Unreal Projects/UnauticnaCastle/Content/StarterContent/Materials/M_Glass.uasset"
[2026.04.28-04.04.58:162][  0]LogPackFactory: Copied "../../../Samples/StarterContent/Content/StarterContent/Materials/M_Ground_Grass.uasset" to "../../../../../../Users/User/Documents/Unreal Projects/UnauticnaCastle/Content/StarterContent/Materials/M_Ground_Grass.uasset"
[2026.04.28-04.04.58:166][  0]LogPackFactory: Copied "../../../Samples/StarterContent/Content/StarterContent/Materials/M_Ground_Gravel.uasset" to "../../../../../../Users/User/Documents/Unreal Projects/UnauticnaCastle/Content/StarterContent/Materials/M_Ground_Gravel.uasset"
[2026.04.28-04.04.58:169][  0]LogPackFactory: Copied "../../../Samples/StarterContent/Content/StarterContent/Materials/M_Ground_Moss.uasset" to "../../../../../../Users/User/Documents/Unreal Projects/UnauticnaCastle/Content/StarterContent/Materials/M_Ground_Moss.uasset"
[2026.04.28-04.04.58:172][  0]LogPackFactory: Copied "../../../Samples/StarterContent/Content/StarterContent/Materials/M_Metal_Brushed_Nickel.uasset" to "../../../../../../Users/User/Documents/Unreal Projects/UnauticnaCastle/Content/StarterContent/Materials/M_Metal_Brushed_Nickel.uasset"
[2026.04.28-04.04.58:176][  0]LogPackFactory: Copied "../../../Samples/StarterContent/Content/StarterContent/Materials/M_Metal_Burnished_Steel.uasset" to "../../../../../../Users/User/Documents/Unreal Projects/UnauticnaCastle/Content/StarterContent/Materials/M_Metal_Burnished_Steel.uasset"
[2026.04.28-04.04.58:179][  0]LogPackFactory: Copied "../../../Samples/StarterContent/Content/StarterContent/Materials/M_Metal_Chrome.uasset" to "../../../../../../Users/User/Documents/Unreal Projects/UnauticnaCastle/Content/StarterContent/Materials/M_Metal_Chrome.uasset"
[2026.04.28-04.04.58:182][  0]LogPackFactory: Copied "../../../Samples/StarterContent/Content/StarterContent/Materials/M_Metal_Copper.uasset" to "../../../../../../Users/User/Documents/Unreal Projects/UnauticnaCastle/Content/StarterContent/Materials/M_Metal_Copper.uasset"
[2026.04.28-04.04.58:186][  0]LogPackFactory: Copied "../../../Samples/StarterContent/Content/StarterContent/Materials/M_Metal_Gold.uasset" to "../../../../../../Users/User/Documents/Unreal Projects/UnauticnaCastle/Content/StarterContent/Materials/M_Metal_Gold.uasset"
[2026.04.28-04.04.58:189][  0]LogPackFactory: Copied "../../../Samples/StarterContent/Content/StarterContent/Materials/M_Metal_Rust.uasset" to "../../../../../../Users/User/Documents/Unreal Projects/UnauticnaCastle/Content/StarterContent/Materials/M_Metal_Rust.uasset"
[2026.04.28-04.04.58:193][  0]LogPackFactory: Copied "../../../Samples/StarterContent/Content/StarterContent/Materials/M_Metal_Steel.uasset" to "../../../../../../Users/User/Documents/Unreal Projects/UnauticnaCastle/Content/StarterContent/Materials/M_Metal_Steel.uasset"
[2026.04.28-04.04.58:198][  0]LogPackFactory: Copied "../../../Samples/StarterContent/Content/StarterContent/Materials/M_Rock_Basalt.uasset" to "../../../../../../Users/User/Documents/Unreal Projects/UnauticnaCastle/Content/StarterContent/Materials/M_Rock_Basalt.uasset"
[2026.04.28-04.04.58:201][  0]LogPackFactory: Copied "../../../Samples/StarterContent/Content/StarterContent/Materials/M_Rock_Marble_Polished.uasset" to "../../../../../../Users/User/Documents/Unreal Projects/UnauticnaCastle/Content/StarterContent/Materials/M_Rock_Marble_Polished.uasset"
[2026.04.28-04.04.58:204][  0]LogPackFactory: Copied "../../../Samples/StarterContent/Content/StarterContent/Materials/M_Rock_Sandstone.uasset" to "../../../../../../Users/User/Documents/Unreal Projects/UnauticnaCastle/Content/StarterContent/Materials/M_Rock_Sandstone.uasset"
[2026.04.28-04.04.58:207][  0]LogPackFactory: Copied "../../../Samples/StarterContent/Content/StarterContent/Materials/M_Rock_Slate.uasset" to "../../../../../../Users/User/Documents/Unreal Projects/UnauticnaCastle/Content/StarterContent/Materials/M_Rock_Slate.uasset"
[2026.04.28-04.04.58:211][  0]LogPackFactory: Copied "../../../Samples/StarterContent/Content/StarterContent/Materials/M_Tech_Checker_Dot.uasset" to "../../../../../../Users/User/Documents/Unreal Projects/UnauticnaCastle/Content/StarterContent/Materials/M_Tech_Checker_Dot.uasset"
[2026.04.28-04.04.58:215][  0]LogPackFactory: Copied "../../../Samples/StarterContent/Content/StarterContent/Materials/M_Tech_Hex_Tile.uasset" to "../../../../../../Users/User/Documents/Unreal Projects/UnauticnaCastle/Content/StarterContent/Materials/M_Tech_Hex_Tile.uasset"
[2026.04.28-04.04.58:218][  0]LogPackFactory: Copied "../../../Samples/StarterContent/Content/StarterContent/Materials/M_Tech_Hex_Tile_Pulse.uasset" to "../../../../../../Users/User/Documents/Unreal Projects/UnauticnaCastle/Content/StarterContent/Materials/M_Tech_Hex_Tile_Pulse.uasset"
[2026.04.28-04.04.58:221][  0]LogPackFactory: Copied "../../../Samples/StarterContent/Content/StarterContent/Materials/M_Tech_Panel.uasset" to "../../../../../../Users/User/Documents/Unreal Projects/UnauticnaCastle/Content/StarterContent/Materials/M_Tech_Panel.uasset"
[2026.04.28-04.04.58:225][  0]LogPackFactory: Copied "../../../Samples/StarterContent/Content/StarterContent/Materials/M_Water_Lake.uasset" to "../../../../../../Users/User/Documents/Unreal Projects/UnauticnaCastle/Content/StarterContent/Materials/M_Water_Lake.uasset"
[2026.04.28-04.04.58:228][  0]LogPackFactory: Copied "../../../Samples/StarterContent/Content/StarterContent/Materials/M_Water_Ocean.uasset" to "../../../../../../Users/User/Documents/Unreal Projects/UnauticnaCastle/Content/StarterContent/Materials/M_Water_Ocean.uasset"
[2026.04.28-04.04.58:232][  0]LogPackFactory: Copied "../../../Samples/StarterContent/Content/StarterContent/Materials/M_Wood_Floor_Walnut_Polished.uasset" to "../../../../../../Users/User/Documents/Unreal Projects/UnauticnaCastle/Content/StarterContent/Materials/M_Wood_Floor_Walnut_Polished.uasset"
[2026.04.28-04.04.58:239][  0]LogPackFactory: Copied "../../../Samples/StarterContent/Content/StarterContent/Materials/M_Wood_Floor_Walnut_Worn.uasset" to "../../../../../../Users/User/Documents/Unreal Projects/UnauticnaCastle/Content/StarterContent/Materials/M_Wood_Floor_Walnut_Worn.uasset"
[2026.04.28-04.04.58:242][  0]LogPackFactory: Copied "../../../Samples/StarterContent/Content/StarterContent/Materials/M_Wood_Oak.uasset" to "../../../../../../Users/User/Documents/Unreal Projects/UnauticnaCastle/Content/StarterContent/Materials/M_Wood_Oak.uasset"
[2026.04.28-04.04.58:245][  0]LogPackFactory: Copied "../../../Samples/StarterContent/Content/StarterContent/Materials/M_Wood_Pine.uasset" to "../../../../../../Users/User/Documents/Unreal Projects/UnauticnaCastle/Content/StarterContent/Materials/M_Wood_Pine.uasset"
[2026.04.28-04.04.58:249][  0]LogPackFactory: Copied "../../../Samples/StarterContent/Content/StarterContent/Materials/M_Wood_Walnut.uasset" to "../../../../../../Users/User/Documents/Unreal Projects/UnauticnaCastle/Content/StarterContent/Materials/M_Wood_Walnut.uasset"
[2026.04.28-04.04.58:252][  0]LogPackFactory: Copied "../../../Samples/StarterContent/Content/StarterContent/Particles/P_Ambient_Dust.uasset" to "../../../../../../Users/User/Documents/Unreal Projects/UnauticnaCastle/Content/StarterContent/Particles/P_Ambient_Dust.uasset"
[2026.04.28-04.04.58:255][  0]LogPackFactory: Copied "../../../Samples/StarterContent/Content/StarterContent/Particles/P_Explosion.uasset" to "../../../../../../Users/User/Documents/Unreal Projects/UnauticnaCastle/Content/StarterContent/Particles/P_Explosion.uasset"
[2026.04.28-04.04.58:259][  0]LogPackFactory: Copied "../../../Samples/StarterContent/Content/StarterContent/Particles/P_Fire.uasset" to "../../../../../../Users/User/Documents/Unreal Projects/UnauticnaCastle/Content/StarterContent/Particles/P_Fire.uasset"
[2026.04.28-04.04.58:263][  0]LogPackFactory: Copied "../../../Samples/StarterContent/Content/StarterContent/Particles/P_Smoke.uasset" to "../../../../../../Users/User/Documents/Unreal Projects/UnauticnaCastle/Content/StarterContent/Particles/P_Smoke.uasset"
[2026.04.28-04.04.58:266][  0]LogPackFactory: Copied "../../../Samples/StarterContent/Content/StarterContent/Particles/P_Sparks.uasset" to "../../../../../../Users/User/Documents/Unreal Projects/UnauticnaCastle/Content/StarterContent/Particles/P_Sparks.uasset"
[2026.04.28-04.04.58:269][  0]LogPackFactory: Copied "../../../Samples/StarterContent/Content/StarterContent/Particles/P_Steam_Lit.uasset" to "../../../../../../Users/User/Documents/Unreal Projects/UnauticnaCastle/Content/StarterContent/Particles/P_Steam_Lit.uasset"
[2026.04.28-04.04.58:272][  0]LogPackFactory: Copied "../../../Samples/StarterContent/Content/StarterContent/Particles/Materials/M_Burst.uasset" to "../../../../../../Users/User/Documents/Unreal Projects/UnauticnaCastle/Content/StarterContent/Particles/Materials/M_Burst.uasset"
[2026.04.28-04.04.58:276][  0]LogPackFactory: Copied "../../../Samples/StarterContent/Content/StarterContent/Particles/Materials/M_Dust_Particle.uasset" to "../../../../../../Users/User/Documents/Unreal Projects/UnauticnaCastle/Content/StarterContent/Particles/Materials/M_Dust_Particle.uasset"
[2026.04.28-04.04.58:279][  0]LogPackFactory: Copied "../../../Samples/StarterContent/Content/StarterContent/Particles/Materials/M_explosion_subUV.uasset" to "../../../../../../Users/User/Documents/Unreal Projects/UnauticnaCastle/Content/StarterContent/Particles/Materials/M_explosion_subUV.uasset"
[2026.04.28-04.04.58:282][  0]LogPackFactory: Copied "../../../Samples/StarterContent/Content/StarterContent/Particles/Materials/M_Fire_SubUV.uasset" to "../../../../../../Users/User/Documents/Unreal Projects/UnauticnaCastle/Content/StarterContent/Particles/Materials/M_Fire_SubUV.uasset"
[2026.04.28-04.04.58:285][  0]LogPackFactory: Copied "../../../Samples/StarterContent/Content/StarterContent/Particles/Materials/m_flare_01.uasset" to "../../../../../../Users/User/Documents/Unreal Projects/UnauticnaCastle/Content/StarterContent/Particles/Materials/m_flare_01.uasset"
[2026.04.28-04.04.58:288][  0]LogPackFactory: Copied "../../../Samples/StarterContent/Content/StarterContent/Particles/Materials/M_Heat_Distortion.uasset" to "../../../../../../Users/User/Documents/Unreal Projects/UnauticnaCastle/Content/StarterContent/Particles/Materials/M_Heat_Distortion.uasset"
[2026.04.28-04.04.58:291][  0]LogPackFactory: Copied "../../../Samples/StarterContent/Content/StarterContent/Particles/Materials/M_Radial_Gradient.uasset" to "../../../../../../Users/User/Documents/Unreal Projects/UnauticnaCastle/Content/StarterContent/Particles/Materials/M_Radial_Gradient.uasset"
[2026.04.28-04.04.58:294][  0]LogPackFactory: Copied "../../../Samples/StarterContent/Content/StarterContent/Particles/Materials/M_radial_ramp.uasset" to "../../../../../../Users/User/Documents/Unreal Projects/UnauticnaCastle/Content/StarterContent/Particles/Materials/M_radial_ramp.uasset"
[2026.04.28-04.04.58:298][  0]LogPackFactory: Copied "../../../Samples/StarterContent/Content/StarterContent/Particles/Materials/M_smoke_subUV.uasset" to "../../../../../../Users/User/Documents/Unreal Projects/UnauticnaCastle/Content/StarterContent/Particles/Materials/M_smoke_subUV.uasset"
[2026.04.28-04.04.58:301][  0]LogPackFactory: Copied "../../../Samples/StarterContent/Content/StarterContent/Particles/Materials/M_Spark.uasset" to "../../../../../../Users/User/Documents/Unreal Projects/UnauticnaCastle/Content/StarterContent/Particles/Materials/M_Spark.uasset"
[2026.04.28-04.04.58:304][  0]LogPackFactory: Copied "../../../Samples/StarterContent/Content/StarterContent/Props/MaterialSphere.uasset" to "../../../../../../Users/User/Documents/Unreal Projects/UnauticnaCastle/Content/StarterContent/Props/MaterialSphere.uasset"
[2026.04.28-04.04.58:307][  0]LogPackFactory: Copied "../../../Samples/StarterContent/Content/StarterContent/Props/SM_Bush.uasset" to "../../../../../../Users/User/Documents/Unreal Projects/UnauticnaCastle/Content/StarterContent/Props/SM_Bush.uasset"
[2026.04.28-04.04.58:311][  0]LogPackFactory: Copied "../../../Samples/StarterContent/Content/StarterContent/Props/SM_Chair.uasset" to "../../../../../../Users/User/Documents/Unreal Projects/UnauticnaCastle/Content/StarterContent/Props/SM_Chair.uasset"
[2026.04.28-04.04.58:314][  0]LogPackFactory: Copied "../../../Samples/StarterContent/Content/StarterContent/Props/SM_CornerFrame.uasset" to "../../../../../../Users/User/Documents/Unreal Projects/UnauticnaCastle/Content/StarterContent/Props/SM_CornerFrame.uasset"
[2026.04.28-04.04.58:317][  0]LogPackFactory: Copied "../../../Samples/StarterContent/Content/StarterContent/Props/SM_Couch.uasset" to "../../../../../../Users/User/Documents/Unreal Projects/UnauticnaCastle/Content/StarterContent/Props/SM_Couch.uasset"
[2026.04.28-04.04.58:320][  0]LogPackFactory: Copied "../../../Samples/StarterContent/Content/StarterContent/Props/SM_Door.uasset" to "../../../../../../Users/User/Documents/Unreal Projects/UnauticnaCastle/Content/StarterContent/Props/SM_Door.uasset"
[2026.04.28-04.04.58:323][  0]LogPackFactory: Copied "../../../Samples/StarterContent/Content/StarterContent/Props/SM_DoorFrame.uasset" to "../../../../../../Users/User/Documents/Unreal Projects/UnauticnaCastle/Content/StarterContent/Props/SM_DoorFrame.uasset"
[2026.04.28-04.04.58:327][  0]LogPackFactory: Copied "../../../Samples/StarterContent/Content/StarterContent/Props/SM_GlassWindow.uasset" to "../../../../../../Users/User/Documents/Unreal Projects/UnauticnaCastle/Content/StarterContent/Props/SM_GlassWindow.uasset"
[2026.04.28-04.04.58:331][  0]LogPackFactory: Copied "../../../Samples/StarterContent/Content/StarterContent/Props/SM_Lamp_Ceiling.uasset" to "../../../../../../Users/User/Documents/Unreal Projects/UnauticnaCastle/Content/StarterContent/Props/SM_Lamp_Ceiling.uasset"
[2026.04.28-04.04.58:334][  0]LogPackFactory: Copied "../../../Samples/StarterContent/Content/StarterContent/Props/SM_Lamp_Wall.uasset" to "../../../../../../Users/User/Documents/Unreal Projects/UnauticnaCastle/Content/StarterContent/Props/SM_Lamp_Wall.uasset"
[2026.04.28-04.04.58:341][  0]LogPackFactory: Copied "../../../Samples/StarterContent/Content/StarterContent/Props/SM_MatPreviewMesh_02.uasset" to "../../../../../../Users/User/Documents/Unreal Projects/UnauticnaCastle/Content/StarterContent/Props/SM_MatPreviewMesh_02.uasset"
[2026.04.28-04.04.58:345][  0]LogPackFactory: Copied "../../../Samples/StarterContent/Content/StarterContent/Props/SM_PillarFrame.uasset" to "../../../../../../Users/User/Documents/Unreal Projects/UnauticnaCastle/Content/StarterContent/Props/SM_PillarFrame.uasset"
[2026.04.28-04.04.58:349][  0]LogPackFactory: Copied "../../../Samples/StarterContent/Content/StarterContent/Props/SM_PillarFrame300.uasset" to "../../../../../../Users/User/Documents/Unreal Projects/UnauticnaCastle/Content/StarterContent/Props/SM_PillarFrame300.uasset"
[2026.04.28-04.04.58:352][  0]LogPackFactory: Copied "../../../Samples/StarterContent/Content/StarterContent/Props/SM_Rock.uasset" to "../../../../../../Users/User/Documents/Unreal Projects/UnauticnaCastle/Content/StarterContent/Props/SM_Rock.uasset"
[2026.04.28-04.04.58:356][  0]LogPackFactory: Copied "../../../Samples/StarterContent/Content/StarterContent/Props/SM_Shelf.uasset" to "../../../../../../Users/User/Documents/Unreal Projects/UnauticnaCastle/Content/StarterContent/Props/SM_Shelf.uasset"
[2026.04.28-04.04.58:359][  0]LogPackFactory: Copied "../../../Samples/StarterContent/Content/StarterContent/Props/SM_Stairs.uasset" to "../../../../../../Users/User/Documents/Unreal Projects/UnauticnaCastle/Content/StarterContent/Props/SM_Stairs.uasset"
[2026.04.28-04.04.58:363][  0]LogPackFactory: Copied "../../../Samples/StarterContent/Content/StarterContent/Props/SM_Statue.uasset" to "../../../../../../Users/User/Documents/Unreal Projects/UnauticnaCastle/Content/StarterContent/Props/SM_Statue.uasset"
[2026.04.28-04.04.58:367][  0]LogPackFactory: Copied "../../../Samples/StarterContent/Content/StarterContent/Props/SM_TableRound.uasset" to "../../../../../../Users/User/Documents/Unreal Projects/UnauticnaCastle/Content/StarterContent/Props/SM_TableRound.uasset"
[2026.04.28-04.04.58:370][  0]LogPackFactory: Copied "../../../Samples/StarterContent/Content/StarterContent/Props/SM_WindowFrame.uasset" to "../../../../../../Users/User/Documents/Unreal Projects/UnauticnaCastle/Content/StarterContent/Props/SM_WindowFrame.uasset"
[2026.04.28-04.04.58:373][  0]LogPackFactory: Copied "../../../Samples/StarterContent/Content/StarterContent/Props/Materials/M_Bush.uasset" to "../../../../../../Users/User/Documents/Unreal Projects/UnauticnaCastle/Content/StarterContent/Props/Materials/M_Bush.uasset"
[2026.04.28-04.04.58:376][  0]LogPackFactory: Copied "../../../Samples/StarterContent/Content/StarterContent/Props/Materials/M_Chair.uasset" to "../../../../../../Users/User/Documents/Unreal Projects/UnauticnaCastle/Content/StarterContent/Props/Materials/M_Chair.uasset"
[2026.04.28-04.04.58:380][  0]LogPackFactory: Copied "../../../Samples/StarterContent/Content/StarterContent/Props/Materials/M_Door.uasset" to "../../../../../../Users/User/Documents/Unreal Projects/UnauticnaCastle/Content/StarterContent/Props/Materials/M_Door.uasset"
[2026.04.28-04.04.58:383][  0]LogPackFactory: Copied "../../../Samples/StarterContent/Content/StarterContent/Props/Materials/M_Frame.uasset" to "../../../../../../Users/User/Documents/Unreal Projects/UnauticnaCastle/Content/StarterContent/Props/Materials/M_Frame.uasset"
[2026.04.28-04.04.58:386][  0]LogPackFactory: Copied "../../../Samples/StarterContent/Content/StarterContent/Props/Materials/M_Lamp.uasset" to "../../../../../../Users/User/Documents/Unreal Projects/UnauticnaCastle/Content/StarterContent/Props/Materials/M_Lamp.uasset"
[2026.04.28-04.04.58:389][  0]LogPackFactory: Copied "../../../Samples/StarterContent/Content/StarterContent/Props/Materials/M_MaterialSphere.uasset" to "../../../../../../Users/User/Documents/Unreal Projects/UnauticnaCastle/Content/StarterContent/Props/Materials/M_MaterialSphere.uasset"
[2026.04.28-04.04.58:392][  0]LogPackFactory: Copied "../../../Samples/StarterContent/Content/StarterContent/Props/Materials/M_MaterialSphere_Plain.uasset" to "../../../../../../Users/User/Documents/Unreal Projects/UnauticnaCastle/Content/StarterContent/Props/Materials/M_MaterialSphere_Plain.uasset"
[2026.04.28-04.04.58:395][  0]LogPackFactory: Copied "../../../Samples/StarterContent/Content/StarterContent/Props/Materials/M_Rock.uasset" to "../../../../../../Users/User/Documents/Unreal Projects/UnauticnaCastle/Content/StarterContent/Props/Materials/M_Rock.uasset"
[2026.04.28-04.04.58:398][  0]LogPackFactory: Copied "../../../Samples/StarterContent/Content/StarterContent/Props/Materials/M_Shelf.uasset" to "../../../../../../Users/User/Documents/Unreal Projects/UnauticnaCastle/Content/StarterContent/Props/Materials/M_Shelf.uasset"
[2026.04.28-04.04.58:402][  0]LogPackFactory: Copied "../../../Samples/StarterContent/Content/StarterContent/Props/Materials/M_Statue.uasset" to "../../../../../../Users/User/Documents/Unreal Projects/UnauticnaCastle/Content/StarterContent/Props/Materials/M_Statue.uasset"
[2026.04.28-04.04.58:405][  0]LogPackFactory: Copied "../../../Samples/StarterContent/Content/StarterContent/Props/Materials/M_StatueGlass.uasset" to "../../../../../../Users/User/Documents/Unreal Projects/UnauticnaCastle/Content/StarterContent/Props/Materials/M_StatueGlass.uasset"
[2026.04.28-04.04.58:408][  0]LogPackFactory: Copied "../../../Samples/StarterContent/Content/StarterContent/Props/Materials/M_TableRound.uasset" to "../../../../../../Users/User/Documents/Unreal Projects/UnauticnaCastle/Content/StarterContent/Props/Materials/M_TableRound.uasset"
[2026.04.28-04.04.58:411][  0]LogPackFactory: Copied "../../../Samples/StarterContent/Content/StarterContent/Shapes/Shape_Cone.uasset" to "../../../../../../Users/User/Documents/Unreal Projects/UnauticnaCastle/Content/StarterContent/Shapes/Shape_Cone.uasset"
[2026.04.28-04.04.58:414][  0]LogPackFactory: Copied "../../../Samples/StarterContent/Content/StarterContent/Shapes/Shape_Cube.uasset" to "../../../../../../Users/User/Documents/Unreal Projects/UnauticnaCastle/Content/StarterContent/Shapes/Shape_Cube.uasset"
[2026.04.28-04.04.58:417][  0]LogPackFactory: Copied "../../../Samples/StarterContent/Content/StarterContent/Shapes/Shape_Cylinder.uasset" to "../../../../../../Users/User/Documents/Unreal Projects/UnauticnaCastle/Content/StarterContent/Shapes/Shape_Cylinder.uasset"
[2026.04.28-04.04.58:420][  0]LogPackFactory: Copied "../../../Samples/StarterContent/Content/StarterContent/Shapes/Shape_NarrowCapsule.uasset" to "../../../../../../Users/User/Documents/Unreal Projects/UnauticnaCastle/Content/StarterContent/Shapes/Shape_NarrowCapsule.uasset"
[2026.04.28-04.04.58:423][  0]LogPackFactory: Copied "../../../Samples/StarterContent/Content/StarterContent/Shapes/Shape_Pipe.uasset" to "../../../../../../Users/User/Documents/Unreal Projects/UnauticnaCastle/Content/StarterContent/Shapes/Shape_Pipe.uasset"
[2026.04.28-04.04.58:426][  0]LogPackFactory: Copied "../../../Samples/StarterContent/Content/StarterContent/Shapes/Shape_Pipe_180.uasset" to "../../../../../../Users/User/Documents/Unreal Projects/UnauticnaCastle/Content/StarterContent/Shapes/Shape_Pipe_180.uasset"
[2026.04.28-04.04.58:430][  0]LogPackFactory: Copied "../../../Samples/StarterContent/Content/StarterContent/Shapes/Shape_Pipe_90.uasset" to "../../../../../../Users/User/Documents/Unreal Projects/UnauticnaCastle/Content/StarterContent/Shapes/Shape_Pipe_90.uasset"
[2026.04.28-04.04.58:433][  0]LogPackFactory: Copied "../../../Samples/StarterContent/Content/StarterContent/Shapes/Shape_Plane.uasset" to "../../../../../../Users/User/Documents/Unreal Projects/UnauticnaCastle/Content/StarterContent/Shapes/Shape_Plane.uasset"
[2026.04.28-04.04.58:436][  0]LogPackFactory: Copied "../../../Samples/StarterContent/Content/StarterContent/Shapes/Shape_QuadPyramid.uasset" to "../../../../../../Users/User/Documents/Unreal Projects/UnauticnaCastle/Content/StarterContent/Shapes/Shape_QuadPyramid.uasset"
[2026.04.28-04.04.58:439][  0]LogPackFactory: Copied "../../../Samples/StarterContent/Content/StarterContent/Shapes/Shape_Sphere.uasset" to "../../../../../../Users/User/Documents/Unreal Projects/UnauticnaCastle/Content/StarterContent/Shapes/Shape_Sphere.uasset"
[2026.04.28-04.04.58:443][  0]LogPackFactory: Copied "../../../Samples/StarterContent/Content/StarterContent/Shapes/Shape_Torus.uasset" to "../../../../../../Users/User/Documents/Unreal Projects/UnauticnaCastle/Content/StarterContent/Shapes/Shape_Torus.uasset"
[2026.04.28-04.04.58:447][  0]LogPackFactory: Copied "../../../Samples/StarterContent/Content/StarterContent/Shapes/Shape_Trim.uasset" to "../../../../../../Users/User/Documents/Unreal Projects/UnauticnaCastle/Content/StarterContent/Shapes/Shape_Trim.uasset"
[2026.04.28-04.04.58:450][  0]LogPackFactory: Copied "../../../Samples/StarterContent/Content/StarterContent/Shapes/Shape_Trim_90_In.uasset" to "../../../../../../Users/User/Documents/Unreal Projects/UnauticnaCastle/Content/StarterContent/Shapes/Shape_Trim_90_In.uasset"
[2026.04.28-04.04.58:453][  0]LogPackFactory: Copied "../../../Samples/StarterContent/Content/StarterContent/Shapes/Shape_Trim_90_Out.uasset" to "../../../../../../Users/User/Documents/Unreal Projects/UnauticnaCastle/Content/StarterContent/Shapes/Shape_Trim_90_Out.uasset"
[2026.04.28-04.04.58:456][  0]LogPackFactory: Copied "../../../Samples/StarterContent/Content/StarterContent/Shapes/Shape_TriPyramid.uasset" to "../../../../../../Users/User/Documents/Unreal Projects/UnauticnaCastle/Content/StarterContent/Shapes/Shape_TriPyramid.uasset"
[2026.04.28-04.04.58:459][  0]LogPackFactory: Copied "../../../Samples/StarterContent/Content/StarterContent/Shapes/Shape_Tube.uasset" to "../../../../../../Users/User/Documents/Unreal Projects/UnauticnaCastle/Content/StarterContent/Shapes/Shape_Tube.uasset"
[2026.04.28-04.04.58:463][  0]LogPackFactory: Copied "../../../Samples/StarterContent/Content/StarterContent/Shapes/Shape_Wedge_A.uasset" to "../../../../../../Users/User/Documents/Unreal Projects/UnauticnaCastle/Content/StarterContent/Shapes/Shape_Wedge_A.uasset"
[2026.04.28-04.04.58:466][  0]LogPackFactory: Copied "../../../Samples/StarterContent/Content/StarterContent/Shapes/Shape_Wedge_B.uasset" to "../../../../../../Users/User/Documents/Unreal Projects/UnauticnaCastle/Content/StarterContent/Shapes/Shape_Wedge_B.uasset"
[2026.04.28-04.04.58:470][  0]LogPackFactory: Copied "../../../Samples/StarterContent/Content/StarterContent/Shapes/Shape_WideCapsule.uasset" to "../../../../../../Users/User/Documents/Unreal Projects/UnauticnaCastle/Content/StarterContent/Shapes/Shape_WideCapsule.uasset"
[2026.04.28-04.04.58:487][  0]LogPackFactory: Copied "../../../Samples/StarterContent/Content/StarterContent/Textures/T_Brick_Clay_Beveled_D.uasset" to "../../../../../../Users/User/Documents/Unreal Projects/UnauticnaCastle/Content/StarterContent/Textures/T_Brick_Clay_Beveled_D.uasset"
[2026.04.28-04.04.58:504][  0]LogPackFactory: Copied "../../../Samples/StarterContent/Content/StarterContent/Textures/T_Brick_Clay_Beveled_M.uasset" to "../../../../../../Users/User/Documents/Unreal Projects/UnauticnaCastle/Content/StarterContent/Textures/T_Brick_Clay_Beveled_M.uasset"
[2026.04.28-04.04.58:522][  0]LogPackFactory: Copied "../../../Samples/StarterContent/Content/StarterContent/Textures/T_Brick_Clay_Beveled_N.uasset" to "../../../../../../Users/User/Documents/Unreal Projects/UnauticnaCastle/Content/StarterContent/Textures/T_Brick_Clay_Beveled_N.uasset"
[2026.04.28-04.04.58:538][  0]LogPackFactory: Copied "../../../Samples/StarterContent/Content/StarterContent/Textures/T_Brick_Clay_New_D.uasset" to "../../../../../../Users/User/Documents/Unreal Projects/UnauticnaCastle/Content/StarterContent/Textures/T_Brick_Clay_New_D.uasset"
[2026.04.28-04.04.58:563][  0]LogPackFactory: Copied "../../../Samples/StarterContent/Content/StarterContent/Textures/T_Brick_Clay_New_M.uasset" to "../../../../../../Users/User/Documents/Unreal Projects/UnauticnaCastle/Content/StarterContent/Textures/T_Brick_Clay_New_M.uasset"
[2026.04.28-04.04.58:630][  0]LogPackFactory: Copied "../../../Samples/StarterContent/Content/StarterContent/Textures/T_Brick_Clay_New_N.uasset" to "../../../../../../Users/User/Documents/Unreal Projects/UnauticnaCastle/Content/StarterContent/Textures/T_Brick_Clay_New_N.uasset"
[2026.04.28-04.04.58:650][  0]LogPackFactory: Copied "../../../Samples/StarterContent/Content/StarterContent/Textures/T_Brick_Clay_Old_D.uasset" to "../../../../../../Users/User/Documents/Unreal Projects/UnauticnaCastle/Content/StarterContent/Textures/T_Brick_Clay_Old_D.uasset"
[2026.04.28-04.04.58:668][  0]LogPackFactory: Copied "../../../Samples/StarterContent/Content/StarterContent/Textures/T_Brick_Clay_Old_N.uasset" to "../../../../../../Users/User/Documents/Unreal Projects/UnauticnaCastle/Content/StarterContent/Textures/T_Brick_Clay_Old_N.uasset"
[2026.04.28-04.04.58:712][  0]LogPackFactory: Copied "../../../Samples/StarterContent/Content/StarterContent/Textures/T_Brick_Cut_Stone_D.uasset" to "../../../../../../Users/User/Documents/Unreal Projects/UnauticnaCastle/Content/StarterContent/Textures/T_Brick_Cut_Stone_D.uasset"
[2026.04.28-04.04.58:725][  0]LogPackFactory: Copied "../../../Samples/StarterContent/Content/StarterContent/Textures/T_Brick_Cut_Stone_N.uasset" to "../../../../../../Users/User/Documents/Unreal Projects/UnauticnaCastle/Content/StarterContent/Textures/T_Brick_Cut_Stone_N.uasset"
[2026.04.28-04.04.58:741][  0]LogPackFactory: Copied "../../../Samples/StarterContent/Content/StarterContent/Textures/T_Brick_Hewn_Stone_D.uasset" to "../../../../../../Users/User/Documents/Unreal Projects/UnauticnaCastle/Content/StarterContent/Textures/T_Brick_Hewn_Stone_D.uasset"
[2026.04.28-04.04.58:754][  0]LogPackFactory: Copied "../../../Samples/StarterContent/Content/StarterContent/Textures/T_Brick_Hewn_Stone_M.uasset" to "../../../../../../Users/User/Documents/Unreal Projects/UnauticnaCastle/Content/StarterContent/Textures/T_Brick_Hewn_Stone_M.uasset"
[2026.04.28-04.04.58:781][  0]LogPackFactory: Copied "../../../Samples/StarterContent/Content/StarterContent/Textures/T_Brick_Hewn_Stone_N.uasset" to "../../../../../../Users/User/Documents/Unreal Projects/UnauticnaCastle/Content/StarterContent/Textures/T_Brick_Hewn_Stone_N.uasset"
[2026.04.28-04.04.58:784][  0]LogPackFactory: Copied "../../../Samples/StarterContent/Content/StarterContent/Textures/T_Burst_M.uasset" to "../../../../../../Users/User/Documents/Unreal Projects/UnauticnaCastle/Content/StarterContent/Textures/T_Burst_M.uasset"
[2026.04.28-04.04.58:788][  0]LogPackFactory: Copied "../../../Samples/StarterContent/Content/StarterContent/Textures/T_Bush_D.uasset" to "../../../../../../Users/User/Documents/Unreal Projects/UnauticnaCastle/Content/StarterContent/Textures/T_Bush_D.uasset"
[2026.04.28-04.04.58:792][  0]LogPackFactory: Copied "../../../Samples/StarterContent/Content/StarterContent/Textures/T_Bush_N.uasset" to "../../../../../../Users/User/Documents/Unreal Projects/UnauticnaCastle/Content/StarterContent/Textures/T_Bush_N.uasset"
[2026.04.28-04.04.58:797][  0]LogPackFactory: Copied "../../../Samples/StarterContent/Content/StarterContent/Textures/T_Ceramic_Tile_M.uasset" to "../../../../../../Users/User/Documents/Unreal Projects/UnauticnaCastle/Content/StarterContent/Textures/T_Ceramic_Tile_M.uasset"
[2026.04.28-04.04.58:800][  0]LogPackFactory: Copied "../../../Samples/StarterContent/Content/StarterContent/Textures/T_Ceramic_Tile_N.uasset" to "../../../../../../Users/User/Documents/Unreal Projects/UnauticnaCastle/Content/StarterContent/Textures/T_Ceramic_Tile_N.uasset"
[2026.04.28-04.04.58:804][  0]LogPackFactory: Copied "../../../Samples/StarterContent/Content/StarterContent/Textures/T_Chair_M.uasset" to "../../../../../../Users/User/Documents/Unreal Projects/UnauticnaCastle/Content/StarterContent/Textures/T_Chair_M.uasset"
[2026.04.28-04.04.58:810][  0]LogPackFactory: Copied "../../../Samples/StarterContent/Content/StarterContent/Textures/T_Chair_N.uasset" to "../../../../../../Users/User/Documents/Unreal Projects/UnauticnaCastle/Content/StarterContent/Textures/T_Chair_N.uasset"
[2026.04.28-04.04.58:814][  0]LogPackFactory: Copied "../../../Samples/StarterContent/Content/StarterContent/Textures/T_Checker_Noise_M.uasset" to "../../../../../../Users/User/Documents/Unreal Projects/UnauticnaCastle/Content/StarterContent/Textures/T_Checker_Noise_M.uasset"
[2026.04.28-04.04.58:837][  0]LogPackFactory: Copied "../../../Samples/StarterContent/Content/StarterContent/Textures/T_CobbleStone_Pebble_D.uasset" to "../../../../../../Users/User/Documents/Unreal Projects/UnauticnaCastle/Content/StarterContent/Textures/T_CobbleStone_Pebble_D.uasset"
[2026.04.28-04.04.58:843][  0]LogPackFactory: Copied "../../../Samples/StarterContent/Content/StarterContent/Textures/T_CobbleStone_Pebble_M.uasset" to "../../../../../../Users/User/Documents/Unreal Projects/UnauticnaCastle/Content/StarterContent/Textures/T_CobbleStone_Pebble_M.uasset"
[2026.04.28-04.04.58:867][  0]LogPackFactory: Copied "../../../Samples/StarterContent/Content/StarterContent/Textures/T_CobbleStone_Pebble_N.uasset" to "../../../../../../Users/User/Documents/Unreal Projects/UnauticnaCastle/Content/StarterContent/Textures/T_CobbleStone_Pebble_N.uasset"
[2026.04.28-04.04.58:875][  0]LogPackFactory: Copied "../../../Samples/StarterContent/Content/StarterContent/Textures/T_CobbleStone_Rough_D.uasset" to "../../../../../../Users/User/Documents/Unreal Projects/UnauticnaCastle/Content/StarterContent/Textures/T_CobbleStone_Rough_D.uasset"
[2026.04.28-04.04.58:882][  0]LogPackFactory: Copied "../../../Samples/StarterContent/Content/StarterContent/Textures/T_CobbleStone_Rough_N.uasset" to "../../../../../../Users/User/Documents/Unreal Projects/UnauticnaCastle/Content/StarterContent/Textures/T_CobbleStone_Rough_N.uasset"
[2026.04.28-04.04.58:896][  0]LogPackFactory: Copied "../../../Samples/StarterContent/Content/StarterContent/Textures/T_CobbleStone_Smooth_D.uasset" to "../../../../../../Users/User/Documents/Unreal Projects/UnauticnaCastle/Content/StarterContent/Textures/T_CobbleStone_Smooth_D.uasset"
[2026.04.28-04.04.58:909][  0]LogPackFactory: Copied "../../../Samples/StarterContent/Content/StarterContent/Textures/T_CobbleStone_Smooth_M.uasset" to "../../../../../../Users/User/Documents/Unreal Projects/UnauticnaCastle/Content/StarterContent/Textures/T_CobbleStone_Smooth_M.uasset"
[2026.04.28-04.04.58:929][  0]LogPackFactory: Copied "../../../Samples/StarterContent/Content/StarterContent/Textures/T_CobbleStone_Smooth_N.uasset" to "../../../../../../Users/User/Documents/Unreal Projects/UnauticnaCastle/Content/StarterContent/Textures/T_CobbleStone_Smooth_N.uasset"
[2026.04.28-04.04.58:951][  0]LogPackFactory: Copied "../../../Samples/StarterContent/Content/StarterContent/Textures/T_Concrete_Grime_D.uasset" to "../../../../../../Users/User/Documents/Unreal Projects/UnauticnaCastle/Content/StarterContent/Textures/T_Concrete_Grime_D.uasset"
[2026.04.28-04.04.58:986][  0]LogPackFactory: Copied "../../../Samples/StarterContent/Content/StarterContent/Textures/T_Concrete_Panels_D.uasset" to "../../../../../../Users/User/Documents/Unreal Projects/UnauticnaCastle/Content/StarterContent/Textures/T_Concrete_Panels_D.uasset"
[2026.04.28-04.04.59:003][  0]LogPackFactory: Copied "../../../Samples/StarterContent/Content/StarterContent/Textures/T_Concrete_Panels_N.uasset" to "../../../../../../Users/User/Documents/Unreal Projects/UnauticnaCastle/Content/StarterContent/Textures/T_Concrete_Panels_N.uasset"
[2026.04.28-04.04.59:033][  0]LogPackFactory: Copied "../../../Samples/StarterContent/Content/StarterContent/Textures/T_Concrete_Poured_D.uasset" to "../../../../../../Users/User/Documents/Unreal Projects/UnauticnaCastle/Content/StarterContent/Textures/T_Concrete_Poured_D.uasset"
[2026.04.28-04.04.59:051][  0]LogPackFactory: Copied "../../../Samples/StarterContent/Content/StarterContent/Textures/T_Concrete_Poured_N.uasset" to "../../../../../../Users/User/Documents/Unreal Projects/UnauticnaCastle/Content/StarterContent/Textures/T_Concrete_Poured_N.uasset"
[2026.04.28-04.04.59:063][  0]LogPackFactory: Copied "../../../Samples/StarterContent/Content/StarterContent/Textures/T_Concrete_Tiles_D.uasset" to "../../../../../../Users/User/Documents/Unreal Projects/UnauticnaCastle/Content/StarterContent/Textures/T_Concrete_Tiles_D.uasset"
[2026.04.28-04.04.59:077][  0]LogPackFactory: Copied "../../../Samples/StarterContent/Content/StarterContent/Textures/T_Concrete_Tiles_M.uasset" to "../../../../../../Users/User/Documents/Unreal Projects/UnauticnaCastle/Content/StarterContent/Textures/T_Concrete_Tiles_M.uasset"
[2026.04.28-04.04.59:091][  0]LogPackFactory: Copied "../../../Samples/StarterContent/Content/StarterContent/Textures/T_Concrete_Tiles_N.uasset" to "../../../../../../Users/User/Documents/Unreal Projects/UnauticnaCastle/Content/StarterContent/Textures/T_Concrete_Tiles_N.uasset"
[2026.04.28-04.04.59:094][  0]LogPackFactory: Copied "../../../Samples/StarterContent/Content/StarterContent/Textures/T_Concrete_Tiles_Variation_M.uasset" to "../../../../../../Users/User/Documents/Unreal Projects/UnauticnaCastle/Content/StarterContent/Textures/T_Concrete_Tiles_Variation_M.uasset"
[2026.04.28-04.04.59:102][  0]LogPackFactory: Copied "../../../Samples/StarterContent/Content/StarterContent/Textures/T_Detail_Rocky_N.uasset" to "../../../../../../Users/User/Documents/Unreal Projects/UnauticnaCastle/Content/StarterContent/Textures/T_Detail_Rocky_N.uasset"
[2026.04.28-04.04.59:106][  0]LogPackFactory: Copied "../../../Samples/StarterContent/Content/StarterContent/Textures/T_Door_M.uasset" to "../../../../../../Users/User/Documents/Unreal Projects/UnauticnaCastle/Content/StarterContent/Textures/T_Door_M.uasset"
[2026.04.28-04.04.59:112][  0]LogPackFactory: Copied "../../../Samples/StarterContent/Content/StarterContent/Textures/T_Door_N.uasset" to "../../../../../../Users/User/Documents/Unreal Projects/UnauticnaCastle/Content/StarterContent/Textures/T_Door_N.uasset"
[2026.04.28-04.04.59:115][  0]LogPackFactory: Copied "../../../Samples/StarterContent/Content/StarterContent/Textures/T_Dust_Particle_D.uasset" to "../../../../../../Users/User/Documents/Unreal Projects/UnauticnaCastle/Content/StarterContent/Textures/T_Dust_Particle_D.uasset"
[2026.04.28-04.04.59:123][  0]LogPackFactory: Copied "../../../Samples/StarterContent/Content/StarterContent/Textures/T_Explosion_SubUV.uasset" to "../../../../../../Users/User/Documents/Unreal Projects/UnauticnaCastle/Content/StarterContent/Textures/T_Explosion_SubUV.uasset"
[2026.04.28-04.04.59:129][  0]LogPackFactory: Copied "../../../Samples/StarterContent/Content/StarterContent/Textures/T_Fire_SubUV.uasset" to "../../../../../../Users/User/Documents/Unreal Projects/UnauticnaCastle/Content/StarterContent/Textures/T_Fire_SubUV.uasset"
[2026.04.28-04.04.59:133][  0]LogPackFactory: Copied "../../../Samples/StarterContent/Content/StarterContent/Textures/T_Fire_Tiled_D.uasset" to "../../../../../../Users/User/Documents/Unreal Projects/UnauticnaCastle/Content/StarterContent/Textures/T_Fire_Tiled_D.uasset"
[2026.04.28-04.04.59:137][  0]LogPackFactory: Copied "../../../Samples/StarterContent/Content/StarterContent/Textures/T_Frame_M.uasset" to "../../../../../../Users/User/Documents/Unreal Projects/UnauticnaCastle/Content/StarterContent/Textures/T_Frame_M.uasset"
[2026.04.28-04.04.59:142][  0]LogPackFactory: Copied "../../../Samples/StarterContent/Content/StarterContent/Textures/T_Frame_N.uasset" to "../../../../../../Users/User/Documents/Unreal Projects/UnauticnaCastle/Content/StarterContent/Textures/T_Frame_N.uasset"
[2026.04.28-04.04.59:147][  0]LogPackFactory: Copied "../../../Samples/StarterContent/Content/StarterContent/Textures/T_Gradinet_01.uasset" to "../../../../../../Users/User/Documents/Unreal Projects/UnauticnaCastle/Content/StarterContent/Textures/T_Gradinet_01.uasset"
[2026.04.28-04.04.59:170][  0]LogPackFactory: Copied "../../../Samples/StarterContent/Content/StarterContent/Textures/T_Ground_Grass_D.uasset" to "../../../../../../Users/User/Documents/Unreal Projects/UnauticnaCastle/Content/StarterContent/Textures/T_Ground_Grass_D.uasset"
[2026.04.28-04.04.59:197][  0]LogPackFactory: Copied "../../../Samples/StarterContent/Content/StarterContent/Textures/T_Ground_Grass_N.uasset" to "../../../../../../Users/User/Documents/Unreal Projects/UnauticnaCastle/Content/StarterContent/Textures/T_Ground_Grass_N.uasset"
[2026.04.28-04.04.59:260][  0]LogPackFactory: Copied "../../../Samples/StarterContent/Content/StarterContent/Textures/T_Ground_Gravel_D.uasset" to "../../../../../../Users/User/Documents/Unreal Projects/UnauticnaCastle/Content/StarterContent/Textures/T_Ground_Gravel_D.uasset"
[2026.04.28-04.04.59:278][  0]LogPackFactory: Copied "../../../Samples/StarterContent/Content/StarterContent/Textures/T_Ground_Gravel_N.uasset" to "../../../../../../Users/User/Documents/Unreal Projects/UnauticnaCastle/Content/StarterContent/Textures/T_Ground_Gravel_N.uasset"
[2026.04.28-04.04.59:306][  0]LogPackFactory: Copied "../../../Samples/StarterContent/Content/StarterContent/Textures/T_ground_Moss_D.uasset" to "../../../../../../Users/User/Documents/Unreal Projects/UnauticnaCastle/Content/StarterContent/Textures/T_ground_Moss_D.uasset"
[2026.04.28-04.04.59:325][  0]LogPackFactory: Copied "../../../Samples/StarterContent/Content/StarterContent/Textures/T_Ground_Moss_N.uasset" to "../../../../../../Users/User/Documents/Unreal Projects/UnauticnaCastle/Content/StarterContent/Textures/T_Ground_Moss_N.uasset"
[2026.04.28-04.04.59:331][  0]LogPackFactory: Copied "../../../Samples/StarterContent/Content/StarterContent/Textures/T_Lamp_M.uasset" to "../../../../../../Users/User/Documents/Unreal Projects/UnauticnaCastle/Content/StarterContent/Textures/T_Lamp_M.uasset"
[2026.04.28-04.04.59:347][  0]LogPackFactory: Copied "../../../Samples/StarterContent/Content/StarterContent/Textures/T_Lamp_N.uasset" to "../../../../../../Users/User/Documents/Unreal Projects/UnauticnaCastle/Content/StarterContent/Textures/T_Lamp_N.uasset"
[2026.04.28-04.04.59:369][  0]LogPackFactory: Copied "../../../Samples/StarterContent/Content/StarterContent/Textures/T_MacroVariation.uasset" to "../../../../../../Users/User/Documents/Unreal Projects/UnauticnaCastle/Content/StarterContent/Textures/T_MacroVariation.uasset"
[2026.04.28-04.04.59:391][  0]LogPackFactory: Copied "../../../Samples/StarterContent/Content/StarterContent/Textures/T_Metal_Aluminum_D.uasset" to "../../../../../../Users/User/Documents/Unreal Projects/UnauticnaCastle/Content/StarterContent/Textures/T_Metal_Aluminum_D.uasset"
[2026.04.28-04.04.59:410][  0]LogPackFactory: Copied "../../../Samples/StarterContent/Content/StarterContent/Textures/T_Metal_Copper_D.uasset" to "../../../../../../Users/User/Documents/Unreal Projects/UnauticnaCastle/Content/StarterContent/Textures/T_Metal_Copper_D.uasset"
[2026.04.28-04.04.59:429][  0]LogPackFactory: Copied "../../../Samples/StarterContent/Content/StarterContent/Textures/T_Metal_Gold_D.uasset" to "../../../../../../Users/User/Documents/Unreal Projects/UnauticnaCastle/Content/StarterContent/Textures/T_Metal_Gold_D.uasset"
[2026.04.28-04.04.59:437][  0]LogPackFactory: Copied "../../../Samples/StarterContent/Content/StarterContent/Textures/T_Metal_Gold_N.uasset" to "../../../../../../Users/User/Documents/Unreal Projects/UnauticnaCastle/Content/StarterContent/Textures/T_Metal_Gold_N.uasset"
[2026.04.28-04.04.59:456][  0]LogPackFactory: Copied "../../../Samples/StarterContent/Content/StarterContent/Textures/T_Metal_Rust_D.uasset" to "../../../../../../Users/User/Documents/Unreal Projects/UnauticnaCastle/Content/StarterContent/Textures/T_Metal_Rust_D.uasset"
[2026.04.28-04.04.59:472][  0]LogPackFactory: Copied "../../../Samples/StarterContent/Content/StarterContent/Textures/T_Metal_Rust_N.uasset" to "../../../../../../Users/User/Documents/Unreal Projects/UnauticnaCastle/Content/StarterContent/Textures/T_Metal_Rust_N.uasset"
[2026.04.28-04.04.59:482][  0]LogPackFactory: Copied "../../../Samples/StarterContent/Content/StarterContent/Textures/T_Metal_Steel_D.uasset" to "../../../../../../Users/User/Documents/Unreal Projects/UnauticnaCastle/Content/StarterContent/Textures/T_Metal_Steel_D.uasset"
[2026.04.28-04.04.59:496][  0]LogPackFactory: Copied "../../../Samples/StarterContent/Content/StarterContent/Textures/T_Metal_Steel_N.uasset" to "../../../../../../Users/User/Documents/Unreal Projects/UnauticnaCastle/Content/StarterContent/Textures/T_Metal_Steel_N.uasset"
[2026.04.28-04.04.59:514][  0]LogPackFactory: Copied "../../../Samples/StarterContent/Content/StarterContent/Textures/T_Perlin_Noise_M.uasset" to "../../../../../../Users/User/Documents/Unreal Projects/UnauticnaCastle/Content/StarterContent/Textures/T_Perlin_Noise_M.uasset"
[2026.04.28-04.04.59:523][  0]LogPackFactory: Copied "../../../Samples/StarterContent/Content/StarterContent/Textures/T_RockMesh_M.uasset" to "../../../../../../Users/User/Documents/Unreal Projects/UnauticnaCastle/Content/StarterContent/Textures/T_RockMesh_M.uasset"
[2026.04.28-04.04.59:538][  0]LogPackFactory: Copied "../../../Samples/StarterContent/Content/StarterContent/Textures/T_RockMesh_N.uasset" to "../../../../../../Users/User/Documents/Unreal Projects/UnauticnaCastle/Content/StarterContent/Textures/T_RockMesh_N.uasset"
[2026.04.28-04.04.59:558][  0]LogPackFactory: Copied "../../../Samples/StarterContent/Content/StarterContent/Textures/T_Rock_Basalt_D.uasset" to "../../../../../../Users/User/Documents/Unreal Projects/UnauticnaCastle/Content/StarterContent/Textures/T_Rock_Basalt_D.uasset"
[2026.04.28-04.04.59:576][  0]LogPackFactory: Copied "../../../Samples/StarterContent/Content/StarterContent/Textures/T_Rock_Basalt_N.uasset" to "../../../../../../Users/User/Documents/Unreal Projects/UnauticnaCastle/Content/StarterContent/Textures/T_Rock_Basalt_N.uasset"
[2026.04.28-04.04.59:589][  0]LogPackFactory: Copied "../../../Samples/StarterContent/Content/StarterContent/Textures/T_Rock_Marble_Polished_D.uasset" to "../../../../../../Users/User/Documents/Unreal Projects/UnauticnaCastle/Content/StarterContent/Textures/T_Rock_Marble_Polished_D.uasset"
[2026.04.28-04.04.59:606][  0]LogPackFactory: Copied "../../../Samples/StarterContent/Content/StarterContent/Textures/T_Rock_Sandstone_D.uasset" to "../../../../../../Users/User/Documents/Unreal Projects/UnauticnaCastle/Content/StarterContent/Textures/T_Rock_Sandstone_D.uasset"
[2026.04.28-04.04.59:626][  0]LogPackFactory: Copied "../../../Samples/StarterContent/Content/StarterContent/Textures/T_Rock_Sandstone_N.uasset" to "../../../../../../Users/User/Documents/Unreal Projects/UnauticnaCastle/Content/StarterContent/Textures/T_Rock_Sandstone_N.uasset"
[2026.04.28-04.04.59:654][  0]LogPackFactory: Copied "../../../Samples/StarterContent/Content/StarterContent/Textures/T_Rock_Slate_D.uasset" to "../../../../../../Users/User/Documents/Unreal Projects/UnauticnaCastle/Content/StarterContent/Textures/T_Rock_Slate_D.uasset"
[2026.04.28-04.04.59:673][  0]LogPackFactory: Copied "../../../Samples/StarterContent/Content/StarterContent/Textures/T_Rock_Slate_N.uasset" to "../../../../../../Users/User/Documents/Unreal Projects/UnauticnaCastle/Content/StarterContent/Textures/T_Rock_Slate_N.uasset"
[2026.04.28-04.04.59:691][  0]LogPackFactory: Copied "../../../Samples/StarterContent/Content/StarterContent/Textures/T_Rock_Smooth_Granite_D.uasset" to "../../../../../../Users/User/Documents/Unreal Projects/UnauticnaCastle/Content/StarterContent/Textures/T_Rock_Smooth_Granite_D.uasset"
[2026.04.28-04.04.59:696][  0]LogPackFactory: Copied "../../../Samples/StarterContent/Content/StarterContent/Textures/T_Shelf_M.uasset" to "../../../../../../Users/User/Documents/Unreal Projects/UnauticnaCastle/Content/StarterContent/Textures/T_Shelf_M.uasset"
[2026.04.28-04.04.59:701][  0]LogPackFactory: Copied "../../../Samples/StarterContent/Content/StarterContent/Textures/T_Shelf_N.uasset" to "../../../../../../Users/User/Documents/Unreal Projects/UnauticnaCastle/Content/StarterContent/Textures/T_Shelf_N.uasset"
[2026.04.28-04.04.59:704][  0]LogPackFactory: Copied "../../../Samples/StarterContent/Content/StarterContent/Textures/T_Single_Tile_N.uasset" to "../../../../../../Users/User/Documents/Unreal Projects/UnauticnaCastle/Content/StarterContent/Textures/T_Single_Tile_N.uasset"
[2026.04.28-04.04.59:712][  0]LogPackFactory: Copied "../../../Samples/StarterContent/Content/StarterContent/Textures/T_Smoke_SubUV.uasset" to "../../../../../../Users/User/Documents/Unreal Projects/UnauticnaCastle/Content/StarterContent/Textures/T_Smoke_SubUV.uasset"
[2026.04.28-04.04.59:716][  0]LogPackFactory: Copied "../../../Samples/StarterContent/Content/StarterContent/Textures/T_Smoke_Tiled_D.uasset" to "../../../../../../Users/User/Documents/Unreal Projects/UnauticnaCastle/Content/StarterContent/Textures/T_Smoke_Tiled_D.uasset"
[2026.04.28-04.04.59:719][  0]LogPackFactory: Copied "../../../Samples/StarterContent/Content/StarterContent/Textures/T_Spark_Core.uasset" to "../../../../../../Users/User/Documents/Unreal Projects/UnauticnaCastle/Content/StarterContent/Textures/T_Spark_Core.uasset"
[2026.04.28-04.04.59:723][  0]LogPackFactory: Copied "../../../Samples/StarterContent/Content/StarterContent/Textures/T_Statue_M.uasset" to "../../../../../../Users/User/Documents/Unreal Projects/UnauticnaCastle/Content/StarterContent/Textures/T_Statue_M.uasset"
[2026.04.28-04.04.59:726][  0]LogPackFactory: Copied "../../../Samples/StarterContent/Content/StarterContent/Textures/T_Statue_N.uasset" to "../../../../../../Users/User/Documents/Unreal Projects/UnauticnaCastle/Content/StarterContent/Textures/T_Statue_N.uasset"
[2026.04.28-04.04.59:731][  0]LogPackFactory: Copied "../../../Samples/StarterContent/Content/StarterContent/Textures/T_TableRound_M.uasset" to "../../../../../../Users/User/Documents/Unreal Projects/UnauticnaCastle/Content/StarterContent/Textures/T_TableRound_M.uasset"
[2026.04.28-04.04.59:736][  0]LogPackFactory: Copied "../../../Samples/StarterContent/Content/StarterContent/Textures/T_TableRound_N.uasset" to "../../../../../../Users/User/Documents/Unreal Projects/UnauticnaCastle/Content/StarterContent/Textures/T_TableRound_N.uasset"
[2026.04.28-04.04.59:739][  0]LogPackFactory: Copied "../../../Samples/StarterContent/Content/StarterContent/Textures/T_Tech_Dot_M.uasset" to "../../../../../../Users/User/Documents/Unreal Projects/UnauticnaCastle/Content/StarterContent/Textures/T_Tech_Dot_M.uasset"
[2026.04.28-04.04.59:743][  0]LogPackFactory: Copied "../../../Samples/StarterContent/Content/StarterContent/Textures/T_Tech_Dot_N.uasset" to "../../../../../../Users/User/Documents/Unreal Projects/UnauticnaCastle/Content/StarterContent/Textures/T_Tech_Dot_N.uasset"
[2026.04.28-04.04.59:747][  0]LogPackFactory: Copied "../../../Samples/StarterContent/Content/StarterContent/Textures/T_Tech_Hex_Tile_M.uasset" to "../../../../../../Users/User/Documents/Unreal Projects/UnauticnaCastle/Content/StarterContent/Textures/T_Tech_Hex_Tile_M.uasset"
[2026.04.28-04.04.59:752][  0]LogPackFactory: Copied "../../../Samples/StarterContent/Content/StarterContent/Textures/T_Tech_Hex_Tile_N.uasset" to "../../../../../../Users/User/Documents/Unreal Projects/UnauticnaCastle/Content/StarterContent/Textures/T_Tech_Hex_Tile_N.uasset"
[2026.04.28-04.04.59:757][  0]LogPackFactory: Copied "../../../Samples/StarterContent/Content/StarterContent/Textures/T_Tech_Panel_M.uasset" to "../../../../../../Users/User/Documents/Unreal Projects/UnauticnaCastle/Content/StarterContent/Textures/T_Tech_Panel_M.uasset"
[2026.04.28-04.04.59:764][  0]LogPackFactory: Copied "../../../Samples/StarterContent/Content/StarterContent/Textures/T_Tech_Panel_N.uasset" to "../../../../../../Users/User/Documents/Unreal Projects/UnauticnaCastle/Content/StarterContent/Textures/T_Tech_Panel_N.uasset"
[2026.04.28-04.04.59:770][  0]LogPackFactory: Copied "../../../Samples/StarterContent/Content/StarterContent/Textures/T_Water_M.uasset" to "../../../../../../Users/User/Documents/Unreal Projects/UnauticnaCastle/Content/StarterContent/Textures/T_Water_M.uasset"
[2026.04.28-04.04.59:776][  0]LogPackFactory: Copied "../../../Samples/StarterContent/Content/StarterContent/Textures/T_Water_N.uasset" to "../../../../../../Users/User/Documents/Unreal Projects/UnauticnaCastle/Content/StarterContent/Textures/T_Water_N.uasset"
[2026.04.28-04.04.59:786][  0]LogPackFactory: Copied "../../../Samples/StarterContent/Content/StarterContent/Textures/T_Wood_Floor_Walnut_D.uasset" to "../../../../../../Users/User/Documents/Unreal Projects/UnauticnaCastle/Content/StarterContent/Textures/T_Wood_Floor_Walnut_D.uasset"
[2026.04.28-04.04.59:798][  0]LogPackFactory: Copied "../../../Samples/StarterContent/Content/StarterContent/Textures/T_Wood_Floor_Walnut_M.uasset" to "../../../../../../Users/User/Documents/Unreal Projects/UnauticnaCastle/Content/StarterContent/Textures/T_Wood_Floor_Walnut_M.uasset"
[2026.04.28-04.04.59:805][  0]LogPackFactory: Copied "../../../Samples/StarterContent/Content/StarterContent/Textures/T_Wood_Floor_Walnut_N.uasset" to "../../../../../../Users/User/Documents/Unreal Projects/UnauticnaCastle/Content/StarterContent/Textures/T_Wood_Floor_Walnut_N.uasset"
[2026.04.28-04.04.59:833][  0]LogPackFactory: Copied "../../../Samples/StarterContent/Content/StarterContent/Textures/T_Wood_Oak_D.uasset" to "../../../../../../Users/User/Documents/Unreal Projects/UnauticnaCastle/Content/StarterContent/Textures/T_Wood_Oak_D.uasset"
[2026.04.28-04.04.59:846][  0]LogPackFactory: Copied "../../../Samples/StarterContent/Content/StarterContent/Textures/T_Wood_Oak_N.uasset" to "../../../../../../Users/User/Documents/Unreal Projects/UnauticnaCastle/Content/StarterContent/Textures/T_Wood_Oak_N.uasset"
[2026.04.28-04.04.59:863][  0]LogPackFactory: Copied "../../../Samples/StarterContent/Content/StarterContent/Textures/T_Wood_Pine_D.uasset" to "../../../../../../Users/User/Documents/Unreal Projects/UnauticnaCastle/Content/StarterContent/Textures/T_Wood_Pine_D.uasset"
[2026.04.28-04.04.59:871][  0]LogPackFactory: Copied "../../../Samples/StarterContent/Content/StarterContent/Textures/T_Wood_Pine_N.uasset" to "../../../../../../Users/User/Documents/Unreal Projects/UnauticnaCastle/Content/StarterContent/Textures/T_Wood_Pine_N.uasset"
[2026.04.28-04.04.59:884][  0]LogPackFactory: Copied "../../../Samples/StarterContent/Content/StarterContent/Textures/T_Wood_Walnut_D.uasset" to "../../../../../../Users/User/Documents/Unreal Projects/UnauticnaCastle/Content/StarterContent/Textures/T_Wood_Walnut_D.uasset"
[2026.04.28-04.04.59:893][  0]LogPackFactory: Copied "../../../Samples/StarterContent/Content/StarterContent/Textures/T_Wood_Walnut_N.uasset" to "../../../../../../Users/User/Documents/Unreal Projects/UnauticnaCastle/Content/StarterContent/Textures/T_Wood_Walnut_N.uasset"
[2026.04.28-04.05.00:804][  0]LogShaderCompilers: Display: Worker (2/21): shaders left to compile 3059
[2026.04.28-04.05.00:805][  0]LogShaderCompilers: Display: Started 10 'Local' shader compile jobs with 'Low' priority
[2026.04.28-04.05.00:892][  0]LogRenderer: Reallocating scene render targets to support 256x256 Format 10 NumSamples 1 (Frame:1).
[2026.04.28-04.05.01:466][  0]LogSavePackage: Moving '../../../../../../Users/User/Documents/Unreal Projects/UnauticnaCastle/Saved/Floor_400x400CACFC90544D95C79903E9FA40B6CD08E.tmp' to '../../../../../../Users/User/Documents/Unreal Projects/UnauticnaCastle/Content/StarterContent/Architecture/Floor_400x400.uasset'
[2026.04.28-04.05.01:472][  0]LogFeaturePack: Warning: Inserted 1 feature packs
[2026.04.28-04.05.01:475][  0]Cmd: MAP LOAD FILE="../../../../../../Users/User/Documents/Unreal Projects/UnauticnaCastle/Content/ThirdPersonBP/Maps/ThirdPersonExampleMap.umap" TEMPLATE=0 SHOWPROGRESS=1 FEATURELEVEL=3
[2026.04.28-04.05.01:475][  0]LightingResults: New page: Lighting Build
[2026.04.28-04.05.01:480][  0]LogWorld: UWorld::CleanupWorld for Untitled, bSessionEnded=true, bCleanupResources=true
[2026.04.28-04.05.01:481][  0]LogShaderCompilers: Display: Worker (20/21): shaders left to compile 3049
[2026.04.28-04.05.01:481][  0]LogShaderCompilers: Display: Started 10 'Local' shader compile jobs with 'Low' priority
[2026.04.28-04.05.01:481][  0]LogSlate: InvalidateAllWidgets triggered.  All widgets were invalidated
[2026.04.28-04.05.01:481][  0]MapCheck: New page: Map Check
[2026.04.28-04.05.01:481][  0]LightingResults: New page: Lighting Build
[2026.04.28-04.05.08:316][  0]LogShaderCompilers: Display: Worker (2/21): shaders left to compile 3039
[2026.04.28-04.05.08:316][  0]LogShaderCompilers: Display: Started 10 'Local' shader compile jobs with 'Low' priority
[2026.04.28-04.05.08:316][  0]LogAudio: Display: Audio Device unregistered from world 'None'.
[2026.04.28-04.05.08:323][  0]LogUObjectHash: Compacting FUObjectHashTables data took   1.81ms
[2026.04.28-04.05.08:826][  0]LogShaderCompilers: Display: Worker (20/21): shaders left to compile 3029
[2026.04.28-04.05.08:826][  0]LogShaderCompilers: Display: Started 10 'Local' shader compile jobs with 'Low' priority
[2026.04.28-04.05.08:997][  0]LogAudio: Display: Audio Device (ID: 1) registered with world 'ThirdPersonExampleMap'.
[2026.04.28-04.05.08:999][  0]LogAIModule: Creating AISystem for world ThirdPersonExampleMap
[2026.04.28-04.05.09:052][  0]LogEditorServer: Finished looking for orphan Actors (0.000 secs)
[2026.04.28-04.05.15:442][  0]LogShaderCompilers: Display: Worker (2/21): shaders left to compile 3019
[2026.04.28-04.05.15:443][  0]LogShaderCompilers: Display: Started 10 'Local' shader compile jobs with 'Low' priority
[2026.04.28-04.05.15:443][  0]LogShaderCompilers: Display: Worker (1/21): shaders left to compile 3009
[2026.04.28-04.05.15:443][  0]LogShaderCompilers: Display: Started 10 'Local' shader compile jobs with 'Low' priority
[2026.04.28-04.05.15:483][  0]LogUObjectHash: Compacting FUObjectHashTables data took   2.68ms
[2026.04.28-04.05.15:485][  0]Cmd: MAP CHECKDEP NOCLEARLOG
[2026.04.28-04.05.15:486][  0]MapCheck: Map check complete: 0 Error(s), 0 Warning(s), took 0,295ms to complete.
[2026.04.28-04.05.15:486][  0]LogFileHelpers: Loading map 'ThirdPersonExampleMap' took 14.012
[2026.04.28-04.05.15:513][  0]LogUnrealEdMisc: Total Editor Startup Time, took 835.669
[2026.04.28-04.05.15:741][  0]LogSlate: Updating window title bar state: overlay mode, drag disabled, window buttons hidden, title bar hidden
[2026.04.28-04.05.15:757][  0]LogSlate: Updating window title bar state: overlay mode, drag disabled, window buttons hidden, title bar hidden
[2026.04.28-04.05.15:775][  0]LogSlate: Updating window title bar state: overlay mode, drag disabled, window buttons hidden, title bar hidden
[2026.04.28-04.05.15:790][  0]LogSlate: Updating window title bar state: overlay mode, drag disabled, window buttons hidden, title bar hidden
[2026.04.28-04.05.15:831][  0]LogNativeClassHierarchy: Verbose: Native class hierarchy populated in 0.0236 seconds. Added 3822 classes and 928 folders.
[2026.04.28-04.05.15:837][  0]LogNativeClassHierarchy: Verbose: Native class hierarchy updated for 'WidgetCarousel' in 0.0008 seconds. Added 0 classes and 0 folders.
[2026.04.28-04.05.15:840][  0]LogPakFile: PakFile PrimaryIndexSize=187
[2026.04.28-04.05.15:840][  0]LogPakFile: PakFile PathHashIndexSize=101
[2026.04.28-04.05.15:840][  0]LogPakFile: PakFile FullDirectoryIndexSize=148
[2026.04.28-04.05.15:840][  0]LogShaderLibrary: Display: ShaderCodeLibraryPakFileMountedCallback: PakFile 'D:/Games/New Folder/UE_4.27/FeaturePacks/FP_FirstPerson.upack' (chunk index -1, root 'root:/') mounted
[2026.04.28-04.05.15:840][  0]LogShaderLibrary: Display: ShaderCodeLibraryPakFileMountedCallback: pending pak file info (ChunkID:-1 Root:root:/ File:D:/Games/New Folder/UE_4.27/FeaturePacks/FP_FirstPerson.upack)
[2026.04.28-04.05.15:840][  0]LogPakFile: OnPakFileMounted2Time == 0.000135
[2026.04.28-04.05.15:841][  0]LogPakFile: PakFile PrimaryIndexSize=189
[2026.04.28-04.05.15:842][  0]LogPakFile: PakFile PathHashIndexSize=101
[2026.04.28-04.05.15:842][  0]LogPakFile: PakFile FullDirectoryIndexSize=152
[2026.04.28-04.05.15:842][  0]LogShaderLibrary: Display: ShaderCodeLibraryPakFileMountedCallback: PakFile 'D:/Games/New Folder/UE_4.27/FeaturePacks/FP_FirstPersonBP.upack' (chunk index -1, root 'root:/') mounted
[2026.04.28-04.05.15:842][  0]LogShaderLibrary: Display: ShaderCodeLibraryPakFileMountedCallback: pending pak file info (ChunkID:-1 Root:root:/ File:D:/Games/New Folder/UE_4.27/FeaturePacks/FP_FirstPersonBP.upack)
[2026.04.28-04.05.15:842][  0]LogPakFile: OnPakFileMounted2Time == 0.000093
[2026.04.28-04.05.15:843][  0]LogPakFile: PakFile PrimaryIndexSize=191
[2026.04.28-04.05.15:843][  0]LogPakFile: PakFile PathHashIndexSize=101
[2026.04.28-04.05.15:843][  0]LogPakFile: PakFile FullDirectoryIndexSize=160
[2026.04.28-04.05.15:843][  0]LogShaderLibrary: Display: ShaderCodeLibraryPakFileMountedCallback: PakFile 'D:/Games/New Folder/UE_4.27/FeaturePacks/MobileStarterContent.upack' (chunk index -1, root 'root:/') mounted
[2026.04.28-04.05.15:843][  0]LogShaderLibrary: Display: ShaderCodeLibraryPakFileMountedCallback: pending pak file info (ChunkID:-1 Root:root:/ File:D:/Games/New Folder/UE_4.27/FeaturePacks/MobileStarterContent.upack)
[2026.04.28-04.05.15:843][  0]LogPakFile: OnPakFileMounted2Time == 0.000088
[2026.04.28-04.05.15:844][  0]LogPakFile: PakFile PrimaryIndexSize=185
[2026.04.28-04.05.15:844][  0]LogPakFile: PakFile PathHashIndexSize=101
[2026.04.28-04.05.15:844][  0]LogPakFile: PakFile FullDirectoryIndexSize=148
[2026.04.28-04.05.15:844][  0]LogShaderLibrary: Display: ShaderCodeLibraryPakFileMountedCallback: PakFile 'D:/Games/New Folder/UE_4.27/FeaturePacks/StarterContent.upack' (chunk index -1, root 'root:/') mounted
[2026.04.28-04.05.15:844][  0]LogShaderLibrary: Display: ShaderCodeLibraryPakFileMountedCallback: pending pak file info (ChunkID:-1 Root:root:/ File:D:/Games/New Folder/UE_4.27/FeaturePacks/StarterContent.upack)
[2026.04.28-04.05.15:844][  0]LogPakFile: OnPakFileMounted2Time == 0.000109
[2026.04.28-04.05.15:845][  0]LogPakFile: PakFile PrimaryIndexSize=190
[2026.04.28-04.05.15:845][  0]LogPakFile: PakFile PathHashIndexSize=101
[2026.04.28-04.05.15:845][  0]LogPakFile: PakFile FullDirectoryIndexSize=154
[2026.04.28-04.05.15:845][  0]LogShaderLibrary: Display: ShaderCodeLibraryPakFileMountedCallback: PakFile 'D:/Games/New Folder/UE_4.27/FeaturePacks/TP_2DSideScroller.upack' (chunk index -1, root 'root:/') mounted
[2026.04.28-04.05.15:846][  0]LogShaderLibrary: Display: ShaderCodeLibraryPakFileMountedCallback: pending pak file info (ChunkID:-1 Root:root:/ File:D:/Games/New Folder/UE_4.27/FeaturePacks/TP_2DSideScroller.upack)
[2026.04.28-04.05.15:846][  0]LogPakFile: OnPakFileMounted2Time == 0.000115
[2026.04.28-04.05.15:847][  0]LogPakFile: PakFile PrimaryIndexSize=192
[2026.04.28-04.05.15:847][  0]LogPakFile: PakFile PathHashIndexSize=101
[2026.04.28-04.05.15:847][  0]LogPakFile: PakFile FullDirectoryIndexSize=158
[2026.04.28-04.05.15:847][  0]LogShaderLibrary: Display: ShaderCodeLibraryPakFileMountedCallback: PakFile 'D:/Games/New Folder/UE_4.27/FeaturePacks/TP_2DSideScrollerBP.upack' (chunk index -1, root 'root:/') mounted
[2026.04.28-04.05.15:847][  0]LogShaderLibrary: Display: ShaderCodeLibraryPakFileMountedCallback: pending pak file info (ChunkID:-1 Root:root:/ File:D:/Games/New Folder/UE_4.27/FeaturePacks/TP_2DSideScrollerBP.upack)
[2026.04.28-04.05.15:847][  0]LogPakFile: OnPakFileMounted2Time == 0.000104
[2026.04.28-04.05.15:848][  0]LogPakFile: PakFile PrimaryIndexSize=182
[2026.04.28-04.05.15:848][  0]LogPakFile: PakFile PathHashIndexSize=101
[2026.04.28-04.05.15:848][  0]LogPakFile: PakFile FullDirectoryIndexSize=138
[2026.04.28-04.05.15:848][  0]LogShaderLibrary: Display: ShaderCodeLibraryPakFileMountedCallback: PakFile 'D:/Games/New Folder/UE_4.27/FeaturePacks/TP_Flying.upack' (chunk index -1, root 'root:/') mounted
[2026.04.28-04.05.15:848][  0]LogShaderLibrary: Display: ShaderCodeLibraryPakFileMountedCallback: pending pak file info (ChunkID:-1 Root:root:/ File:D:/Games/New Folder/UE_4.27/FeaturePacks/TP_Flying.upack)
[2026.04.28-04.05.15:848][  0]LogPakFile: OnPakFileMounted2Time == 0.000080
[2026.04.28-04.05.15:849][  0]LogPakFile: PakFile PrimaryIndexSize=184
[2026.04.28-04.05.15:849][  0]LogPakFile: PakFile PathHashIndexSize=101
[2026.04.28-04.05.15:849][  0]LogPakFile: PakFile FullDirectoryIndexSize=142
[2026.04.28-04.05.15:849][  0]LogShaderLibrary: Display: ShaderCodeLibraryPakFileMountedCallback: PakFile 'D:/Games/New Folder/UE_4.27/FeaturePacks/TP_FlyingBP.upack' (chunk index -1, root 'root:/') mounted
[2026.04.28-04.05.15:849][  0]LogShaderLibrary: Display: ShaderCodeLibraryPakFileMountedCallback: pending pak file info (ChunkID:-1 Root:root:/ File:D:/Games/New Folder/UE_4.27/FeaturePacks/TP_FlyingBP.upack)
[2026.04.28-04.05.15:849][  0]LogPakFile: OnPakFileMounted2Time == 0.000076
[2026.04.28-04.05.15:850][  0]LogPakFile: PakFile PrimaryIndexSize=188
[2026.04.28-04.05.15:850][  0]LogPakFile: PakFile PathHashIndexSize=101
[2026.04.28-04.05.15:850][  0]LogPakFile: PakFile FullDirectoryIndexSize=150
[2026.04.28-04.05.15:850][  0]LogShaderLibrary: Display: ShaderCodeLibraryPakFileMountedCallback: PakFile 'D:/Games/New Folder/UE_4.27/FeaturePacks/TP_HandheldARBP.upack' (chunk index -1, root 'root:/') mounted
[2026.04.28-04.05.15:850][  0]LogShaderLibrary: Display: ShaderCodeLibraryPakFileMountedCallback: pending pak file info (ChunkID:-1 Root:root:/ File:D:/Games/New Folder/UE_4.27/FeaturePacks/TP_HandheldARBP.upack)
[2026.04.28-04.05.15:850][  0]LogPakFile: OnPakFileMounted2Time == 0.000074
[2026.04.28-04.05.15:853][  0]LogPakFile: PakFile PrimaryIndexSize=182
[2026.04.28-04.05.15:853][  0]LogPakFile: PakFile PathHashIndexSize=101
[2026.04.28-04.05.15:853][  0]LogPakFile: PakFile FullDirectoryIndexSize=138
[2026.04.28-04.05.15:853][  0]LogShaderLibrary: Display: ShaderCodeLibraryPakFileMountedCallback: PakFile 'D:/Games/New Folder/UE_4.27/FeaturePacks/TP_Puzzle.upack' (chunk index -1, root 'root:/') mounted
[2026.04.28-04.05.15:853][  0]LogShaderLibrary: Display: ShaderCodeLibraryPakFileMountedCallback: pending pak file info (ChunkID:-1 Root:root:/ File:D:/Games/New Folder/UE_4.27/FeaturePacks/TP_Puzzle.upack)
[2026.04.28-04.05.15:853][  0]LogPakFile: OnPakFileMounted2Time == 0.000106
[2026.04.28-04.05.15:854][  0]LogPakFile: PakFile PrimaryIndexSize=184
[2026.04.28-04.05.15:854][  0]LogPakFile: PakFile PathHashIndexSize=101
[2026.04.28-04.05.15:854][  0]LogPakFile: PakFile FullDirectoryIndexSize=142
[2026.04.28-04.05.15:854][  0]LogShaderLibrary: Display: ShaderCodeLibraryPakFileMountedCallback: PakFile 'D:/Games/New Folder/UE_4.27/FeaturePacks/TP_PuzzleBP.upack' (chunk index -1, root 'root:/') mounted
[2026.04.28-04.05.15:854][  0]LogShaderLibrary: Display: ShaderCodeLibraryPakFileMountedCallback: pending pak file info (ChunkID:-1 Root:root:/ File:D:/Games/New Folder/UE_4.27/FeaturePacks/TP_PuzzleBP.upack)
[2026.04.28-04.05.15:854][  0]LogPakFile: OnPakFileMounted2Time == 0.000078
[2026.04.28-04.05.15:855][  0]LogPakFile: PakFile PrimaryIndexSize=183
[2026.04.28-04.05.15:855][  0]LogPakFile: PakFile PathHashIndexSize=101
[2026.04.28-04.05.15:855][  0]LogPakFile: PakFile FullDirectoryIndexSize=140
[2026.04.28-04.05.15:855][  0]LogShaderLibrary: Display: ShaderCodeLibraryPakFileMountedCallback: PakFile 'D:/Games/New Folder/UE_4.27/FeaturePacks/TP_Rolling.upack' (chunk index -1, root 'root:/') mounted
[2026.04.28-04.05.15:855][  0]LogShaderLibrary: Display: ShaderCodeLibraryPakFileMountedCallback: pending pak file info (ChunkID:-1 Root:root:/ File:D:/Games/New Folder/UE_4.27/FeaturePacks/TP_Rolling.upack)
[2026.04.28-04.05.15:855][  0]LogPakFile: OnPakFileMounted2Time == 0.000089
[2026.04.28-04.05.15:856][  0]LogPakFile: PakFile PrimaryIndexSize=185
[2026.04.28-04.05.15:856][  0]LogPakFile: PakFile PathHashIndexSize=101
[2026.04.28-04.05.15:856][  0]LogPakFile: PakFile FullDirectoryIndexSize=144
[2026.04.28-04.05.15:856][  0]LogShaderLibrary: Display: ShaderCodeLibraryPakFileMountedCallback: PakFile 'D:/Games/New Folder/UE_4.27/FeaturePacks/TP_RollingBP.upack' (chunk index -1, root 'root:/') mounted
[2026.04.28-04.05.15:856][  0]LogShaderLibrary: Display: ShaderCodeLibraryPakFileMountedCallback: pending pak file info (ChunkID:-1 Root:root:/ File:D:/Games/New Folder/UE_4.27/FeaturePacks/TP_RollingBP.upack)
[2026.04.28-04.05.15:857][  0]LogPakFile: OnPakFileMounted2Time == 0.000071
[2026.04.28-04.05.15:858][  0]LogPakFile: PakFile PrimaryIndexSize=188
[2026.04.28-04.05.15:858][  0]LogPakFile: PakFile PathHashIndexSize=101
[2026.04.28-04.05.15:858][  0]LogPakFile: PakFile FullDirectoryIndexSize=150
[2026.04.28-04.05.15:858][  0]LogShaderLibrary: Display: ShaderCodeLibraryPakFileMountedCallback: PakFile 'D:/Games/New Folder/UE_4.27/FeaturePacks/TP_SideScroller.upack' (chunk index -1, root 'root:/') mounted
[2026.04.28-04.05.15:858][  0]LogShaderLibrary: Display: ShaderCodeLibraryPakFileMountedCallback: pending pak file info (ChunkID:-1 Root:root:/ File:D:/Games/New Folder/UE_4.27/FeaturePacks/TP_SideScroller.upack)
[2026.04.28-04.05.15:858][  0]LogPakFile: OnPakFileMounted2Time == 0.000070
[2026.04.28-04.05.15:859][  0]LogPakFile: PakFile PrimaryIndexSize=190
[2026.04.28-04.05.15:859][  0]LogPakFile: PakFile PathHashIndexSize=101
[2026.04.28-04.05.15:859][  0]LogPakFile: PakFile FullDirectoryIndexSize=154
[2026.04.28-04.05.15:859][  0]LogShaderLibrary: Display: ShaderCodeLibraryPakFileMountedCallback: PakFile 'D:/Games/New Folder/UE_4.27/FeaturePacks/TP_SideScrollerBP.upack' (chunk index -1, root 'root:/') mounted
[2026.04.28-04.05.15:859][  0]LogShaderLibrary: Display: ShaderCodeLibraryPakFileMountedCallback: pending pak file info (ChunkID:-1 Root:root:/ File:D:/Games/New Folder/UE_4.27/FeaturePacks/TP_SideScrollerBP.upack)
[2026.04.28-04.05.15:859][  0]LogPakFile: OnPakFileMounted2Time == 0.000069
[2026.04.28-04.05.15:860][  0]LogPakFile: PakFile PrimaryIndexSize=187
[2026.04.28-04.05.15:860][  0]LogPakFile: PakFile PathHashIndexSize=101
[2026.04.28-04.05.15:860][  0]LogPakFile: PakFile FullDirectoryIndexSize=148
[2026.04.28-04.05.15:860][  0]LogShaderLibrary: Display: ShaderCodeLibraryPakFileMountedCallback: PakFile 'D:/Games/New Folder/UE_4.27/FeaturePacks/TP_ThirdPerson.upack' (chunk index -1, root 'root:/') mounted
[2026.04.28-04.05.15:860][  0]LogShaderLibrary: Display: ShaderCodeLibraryPakFileMountedCallback: pending pak file info (ChunkID:-1 Root:root:/ File:D:/Games/New Folder/UE_4.27/FeaturePacks/TP_ThirdPerson.upack)
[2026.04.28-04.05.15:860][  0]LogPakFile: OnPakFileMounted2Time == 0.000111
[2026.04.28-04.05.15:861][  0]LogPakFile: PakFile PrimaryIndexSize=189
[2026.04.28-04.05.15:861][  0]LogPakFile: PakFile PathHashIndexSize=101
[2026.04.28-04.05.15:861][  0]LogPakFile: PakFile FullDirectoryIndexSize=152
[2026.04.28-04.05.15:861][  0]LogShaderLibrary: Display: ShaderCodeLibraryPakFileMountedCallback: PakFile 'D:/Games/New Folder/UE_4.27/FeaturePacks/TP_ThirdPersonBP.upack' (chunk index -1, root 'root:/') mounted
[2026.04.28-04.05.15:861][  0]LogShaderLibrary: Display: ShaderCodeLibraryPakFileMountedCallback: pending pak file info (ChunkID:-1 Root:root:/ File:D:/Games/New Folder/UE_4.27/FeaturePacks/TP_ThirdPersonBP.upack)
[2026.04.28-04.05.15:861][  0]LogPakFile: OnPakFileMounted2Time == 0.000099
[2026.04.28-04.05.15:863][  0]LogPakFile: PakFile PrimaryIndexSize=183
[2026.04.28-04.05.15:863][  0]LogPakFile: PakFile PathHashIndexSize=101
[2026.04.28-04.05.15:863][  0]LogPakFile: PakFile FullDirectoryIndexSize=140
[2026.04.28-04.05.15:863][  0]LogShaderLibrary: Display: ShaderCodeLibraryPakFileMountedCallback: PakFile 'D:/Games/New Folder/UE_4.27/FeaturePacks/TP_TopDown.upack' (chunk index -1, root 'root:/') mounted
[2026.04.28-04.05.15:863][  0]LogShaderLibrary: Display: ShaderCodeLibraryPakFileMountedCallback: pending pak file info (ChunkID:-1 Root:root:/ File:D:/Games/New Folder/UE_4.27/FeaturePacks/TP_TopDown.upack)
[2026.04.28-04.05.15:863][  0]LogPakFile: OnPakFileMounted2Time == 0.000092
[2026.04.28-04.05.15:864][  0]LogPakFile: PakFile PrimaryIndexSize=185
[2026.04.28-04.05.15:864][  0]LogPakFile: PakFile PathHashIndexSize=101
[2026.04.28-04.05.15:864][  0]LogPakFile: PakFile FullDirectoryIndexSize=144
[2026.04.28-04.05.15:865][  0]LogShaderLibrary: Display: ShaderCodeLibraryPakFileMountedCallback: PakFile 'D:/Games/New Folder/UE_4.27/FeaturePacks/TP_TopDownBP.upack' (chunk index -1, root 'root:/') mounted
[2026.04.28-04.05.15:865][  0]LogShaderLibrary: Display: ShaderCodeLibraryPakFileMountedCallback: pending pak file info (ChunkID:-1 Root:root:/ File:D:/Games/New Folder/UE_4.27/FeaturePacks/TP_TopDownBP.upack)
[2026.04.28-04.05.15:865][  0]LogPakFile: OnPakFileMounted2Time == 0.000077
[2026.04.28-04.05.15:866][  0]LogPakFile: PakFile PrimaryIndexSize=185
[2026.04.28-04.05.15:866][  0]LogPakFile: PakFile PathHashIndexSize=101
[2026.04.28-04.05.15:866][  0]LogPakFile: PakFile FullDirectoryIndexSize=144
[2026.04.28-04.05.15:866][  0]LogShaderLibrary: Display: ShaderCodeLibraryPakFileMountedCallback: PakFile 'D:/Games/New Folder/UE_4.27/FeaturePacks/TP_TwinStick.upack' (chunk index -1, root 'root:/') mounted
[2026.04.28-04.05.15:866][  0]LogShaderLibrary: Display: ShaderCodeLibraryPakFileMountedCallback: pending pak file info (ChunkID:-1 Root:root:/ File:D:/Games/New Folder/UE_4.27/FeaturePacks/TP_TwinStick.upack)
[2026.04.28-04.05.15:866][  0]LogPakFile: OnPakFileMounted2Time == 0.000072
[2026.04.28-04.05.15:867][  0]LogPakFile: PakFile PrimaryIndexSize=187
[2026.04.28-04.05.15:867][  0]LogPakFile: PakFile PathHashIndexSize=101
[2026.04.28-04.05.15:867][  0]LogPakFile: PakFile FullDirectoryIndexSize=148
[2026.04.28-04.05.15:867][  0]LogShaderLibrary: Display: ShaderCodeLibraryPakFileMountedCallback: PakFile 'D:/Games/New Folder/UE_4.27/FeaturePacks/TP_TwinStickBP.upack' (chunk index -1, root 'root:/') mounted
[2026.04.28-04.05.15:867][  0]LogShaderLibrary: Display: ShaderCodeLibraryPakFileMountedCallback: pending pak file info (ChunkID:-1 Root:root:/ File:D:/Games/New Folder/UE_4.27/FeaturePacks/TP_TwinStickBP.upack)
[2026.04.28-04.05.15:867][  0]LogPakFile: OnPakFileMounted2Time == 0.000082
[2026.04.28-04.05.15:868][  0]LogPakFile: PakFile PrimaryIndexSize=183
[2026.04.28-04.05.15:868][  0]LogPakFile: PakFile PathHashIndexSize=101
[2026.04.28-04.05.15:868][  0]LogPakFile: PakFile FullDirectoryIndexSize=140
[2026.04.28-04.05.15:868][  0]LogShaderLibrary: Display: ShaderCodeLibraryPakFileMountedCallback: PakFile 'D:/Games/New Folder/UE_4.27/FeaturePacks/TP_Vehicle.upack' (chunk index -1, root 'root:/') mounted
[2026.04.28-04.05.15:868][  0]LogShaderLibrary: Display: ShaderCodeLibraryPakFileMountedCallback: pending pak file info (ChunkID:-1 Root:root:/ File:D:/Games/New Folder/UE_4.27/FeaturePacks/TP_Vehicle.upack)
[2026.04.28-04.05.15:868][  0]LogPakFile: OnPakFileMounted2Time == 0.000068
[2026.04.28-04.05.15:869][  0]LogPakFile: PakFile PrimaryIndexSize=186
[2026.04.28-04.05.15:869][  0]LogPakFile: PakFile PathHashIndexSize=101
[2026.04.28-04.05.15:869][  0]LogPakFile: PakFile FullDirectoryIndexSize=146
[2026.04.28-04.05.15:869][  0]LogShaderLibrary: Display: ShaderCodeLibraryPakFileMountedCallback: PakFile 'D:/Games/New Folder/UE_4.27/FeaturePacks/TP_VehicleAdv.upack' (chunk index -1, root 'root:/') mounted
[2026.04.28-04.05.15:869][  0]LogShaderLibrary: Display: ShaderCodeLibraryPakFileMountedCallback: pending pak file info (ChunkID:-1 Root:root:/ File:D:/Games/New Folder/UE_4.27/FeaturePacks/TP_VehicleAdv.upack)
[2026.04.28-04.05.15:869][  0]LogPakFile: OnPakFileMounted2Time == 0.000072
[2026.04.28-04.05.15:870][  0]LogPakFile: PakFile PrimaryIndexSize=188
[2026.04.28-04.05.15:870][  0]LogPakFile: PakFile PathHashIndexSize=101
[2026.04.28-04.05.15:870][  0]LogPakFile: PakFile FullDirectoryIndexSize=150
[2026.04.28-04.05.15:870][  0]LogShaderLibrary: Display: ShaderCodeLibraryPakFileMountedCallback: PakFile 'D:/Games/New Folder/UE_4.27/FeaturePacks/TP_VehicleAdvBP.upack' (chunk index -1, root 'root:/') mounted
[2026.04.28-04.05.15:870][  0]LogShaderLibrary: Display: ShaderCodeLibraryPakFileMountedCallback: pending pak file info (ChunkID:-1 Root:root:/ File:D:/Games/New Folder/UE_4.27/FeaturePacks/TP_VehicleAdvBP.upack)
[2026.04.28-04.05.15:870][  0]LogPakFile: OnPakFileMounted2Time == 0.000084
[2026.04.28-04.05.15:872][  0]LogPakFile: PakFile PrimaryIndexSize=185
[2026.04.28-04.05.15:872][  0]LogPakFile: PakFile PathHashIndexSize=101
[2026.04.28-04.05.15:872][  0]LogPakFile: PakFile FullDirectoryIndexSize=144
[2026.04.28-04.05.15:872][  0]LogShaderLibrary: Display: ShaderCodeLibraryPakFileMountedCallback: PakFile 'D:/Games/New Folder/UE_4.27/FeaturePacks/TP_VehicleBP.upack' (chunk index -1, root 'root:/') mounted
[2026.04.28-04.05.15:872][  0]LogShaderLibrary: Display: ShaderCodeLibraryPakFileMountedCallback: pending pak file info (ChunkID:-1 Root:root:/ File:D:/Games/New Folder/UE_4.27/FeaturePacks/TP_VehicleBP.upack)
[2026.04.28-04.05.15:872][  0]LogPakFile: OnPakFileMounted2Time == 0.000101
[2026.04.28-04.05.15:873][  0]LogPakFile: PakFile PrimaryIndexSize=192
[2026.04.28-04.05.15:873][  0]LogPakFile: PakFile PathHashIndexSize=101
[2026.04.28-04.05.15:873][  0]LogPakFile: PakFile FullDirectoryIndexSize=158
[2026.04.28-04.05.15:873][  0]LogShaderLibrary: Display: ShaderCodeLibraryPakFileMountedCallback: PakFile 'D:/Games/New Folder/UE_4.27/FeaturePacks/TP_VirtualRealityBP.upack' (chunk index -1, root 'root:/') mounted
[2026.04.28-04.05.15:873][  0]LogShaderLibrary: Display: ShaderCodeLibraryPakFileMountedCallback: pending pak file info (ChunkID:-1 Root:root:/ File:D:/Games/New Folder/UE_4.27/FeaturePacks/TP_VirtualRealityBP.upack)
[2026.04.28-04.05.15:873][  0]LogPakFile: OnPakFileMounted2Time == 0.000079
[2026.04.28-04.05.15:972][  0]LogNativeClassHierarchy: Verbose: Native class hierarchy updated for 'AddContentDialog' in 0.0008 seconds. Added 0 classes and 0 folders.
[2026.04.28-04.05.15:975][  0]LogNativeClassHierarchy: Verbose: Native class hierarchy updated for 'SceneOutliner' in 0.0008 seconds. Added 2 classes and 0 folders.
[2026.04.28-04.05.16:062][  0]LogSlate: Took 0.000441 seconds to synchronously load lazily loaded font '../../../Engine/Content/Slate/Fonts/Roboto-Regular.ttf' (155K)
[2026.04.28-04.05.16:065][  0]LogSlate: Took 0.000480 seconds to synchronously load lazily loaded font '../../../Engine/Content/Editor/Slate/Fonts/FontAwesome.ttf' (139K)
[2026.04.28-04.05.16:068][  0]LogSlate: Took 0.000570 seconds to synchronously load lazily loaded font '../../../Engine/Content/Slate/Fonts/Roboto-Bold.ttf' (160K)
[2026.04.28-04.05.16:241][  0]LogRenderer: Reallocating scene render targets to support 1208x568 Format 10 NumSamples 1 (Frame:1).
[2026.04.28-04.05.18:707][  0]LogShaderCompilers: Display: Worker (20/21): shaders left to compile 2999
[2026.04.28-04.05.18:707][  0]LogShaderCompilers: Display: Started 10 'Local' shader compile jobs with 'Low' priority
[2026.04.28-04.05.18:707][  0]LogSlate: Took 0.000505 seconds to synchronously load lazily loaded font '../../../Engine/Content/Slate/Fonts/Roboto-Light.ttf' (167K)
[2026.04.28-04.05.19:328][  0]LogNativeClassHierarchy: Verbose: Native class hierarchy updated for 'HierarchicalLODOutliner' in 0.0007 seconds. Added 0 classes and 0 folders.
[2026.04.28-04.05.19:328][  0]LogInput: Warning: Action Jump uses invalid key OculusGo_Left_Trigger_Click.
[2026.04.28-04.05.19:328][  0]LogInput: Warning: Action ResetVR uses invalid key OculusGo_Left_Trackpad_Click.
[2026.04.28-04.05.19:328][  0]LogInput: Warning: Use -RemoveInvalidKeys to remove instances of these keys from the action mapping.
[2026.04.28-04.05.19:328][  0]LogLoad: (Engine Initialization) Total time: 839.48 seconds
[2026.04.28-04.05.19:328][  0]LogLoad: (Engine Initialization) Total Blueprint compile time: 0.00 seconds
[2026.04.28-04.05.19:358][  0]AssetCheck: New page: Asset Save: Floor_400x400
[2026.04.28-04.05.19:359][  0]LogContentValidation: Display: Validating StaticMesh /Game/StarterContent/Architecture/Floor_400x400.Floor_400x400
[2026.04.28-04.05.19:528][  0]LogContentStreaming: Texture pool size now 1000 MB
[2026.04.28-04.05.20:071][ 12]LogShaderCompilers: Display: Worker (2/21): shaders left to compile 2989
[2026.04.28-04.05.20:071][ 12]LogShaderCompilers: Display: Started 10 'Local' shader compile jobs with 'Low' priority
[2026.04.28-04.05.20:128][ 13]LogAssetRegistry: Asset discovery search completed in 794.5182 seconds
[2026.04.28-04.05.20:144][ 13]LogCollectionManager: Fixed up redirectors for 0 collections in 0.000007 seconds (updated 0 objects)
[2026.04.28-04.05.20:258][ 16]LogShaderCompilers: Display: Worker (1/21): shaders left to compile 2979
[2026.04.28-04.05.20:259][ 16]LogShaderCompilers: Display: Started 10 'Local' shader compile jobs with 'Low' priority
[2026.04.28-04.05.20:830][ 27]LogShaderCompilers: Display: Worker (6/21): shaders left to compile 2969
[2026.04.28-04.05.20:830][ 27]LogShaderCompilers: Display: Started 10 'Local' shader compile jobs with 'Low' priority
[2026.04.28-04.05.23:612][158]LogShaderCompilers: Display: Worker (3/21): shaders left to compile 2959
[2026.04.28-04.05.23:612][158]LogShaderCompilers: Display: Started 10 'Local' shader compile jobs with 'Low' priority
[2026.04.28-04.05.29:020][423]LogShaderCompilers: Display: Worker (20/21): shaders left to compile 2949
[2026.04.28-04.05.29:020][423]LogShaderCompilers: Display: Started 10 'Local' shader compile jobs with 'Low' priority
[2026.04.28-04.05.29:749][459]LogShaderCompilers: Display: Worker (6/21): shaders left to compile 2939
[2026.04.28-04.05.29:749][459]LogShaderCompilers: Display: Started 10 'Local' shader compile jobs with 'Low' priority
[2026.04.28-04.05.30:445][493]LogShaderCompilers: Display: Worker (4/21): shaders left to compile 2929
[2026.04.28-04.05.30:445][493]LogShaderCompilers: Display: Started 10 'Local' shader compile jobs with 'Low' priority
[2026.04.28-04.05.30:873][512]LogShaderCompilers: Display: Worker (1/21): shaders left to compile 2919
[2026.04.28-04.05.30:873][512]LogShaderCompilers: Display: Started 10 'Local' shader compile jobs with 'Low' priority
[2026.04.28-04.05.31:438][540]LogShaderCompilers: Display: Worker (3/21): shaders left to compile 2909
[2026.04.28-04.05.31:438][540]LogShaderCompilers: Display: Started 10 'Local' shader compile jobs with 'Low' priority
[2026.04.28-04.05.35:919][752]LogShaderCompilers: Display: Worker (4/21): shaders left to compile 2899
[2026.04.28-04.05.35:919][752]LogShaderCompilers: Display: Started 10 'Local' shader compile jobs with 'Low' priority
[2026.04.28-04.05.36:108][761]LogShaderCompilers: Display: Worker (20/21): shaders left to compile 2889
[2026.04.28-04.05.36:108][761]LogShaderCompilers: Display: Started 10 'Local' shader compile jobs with 'Low' priority
[2026.04.28-04.05.36:428][774]LogShaderCompilers: Display: Worker (2/21): shaders left to compile 2879
[2026.04.28-04.05.36:428][774]LogShaderCompilers: Display: Started 10 'Local' shader compile jobs with 'Low' priority
[2026.04.28-04.05.38:176][856]LogShaderCompilers: Display: Worker (6/21): shaders left to compile 2869
[2026.04.28-04.05.38:176][856]LogShaderCompilers: Display: Started 10 'Local' shader compile jobs with 'Low' priority
[2026.04.28-04.05.40:281][957]LogShaderCompilers: Display: Worker (3/21): shaders left to compile 2859
[2026.04.28-04.05.40:281][957]LogShaderCompilers: Display: Started 10 'Local' shader compile jobs with 'Low' priority
[2026.04.28-04.05.44:290][143]LogShaderCompilers: Display: Worker (1/21): shaders left to compile 2849
[2026.04.28-04.05.44:290][143]LogShaderCompilers: Display: Started 10 'Local' shader compile jobs with 'Low' priority
[2026.04.28-04.05.45:652][203]LogShaderCompilers: Display: Worker (6/21): shaders left to compile 2839
[2026.04.28-04.05.45:652][203]LogShaderCompilers: Display: Started 10 'Local' shader compile jobs with 'Low' priority
[2026.04.28-04.05.45:746][208]LogShaderCompilers: Display: Worker (20/21): shaders left to compile 2829
[2026.04.28-04.05.45:747][208]LogShaderCompilers: Display: Started 10 'Local' shader compile jobs with 'Low' priority
[2026.04.28-04.05.47:301][279]LogShaderCompilers: Display: Worker (4/21): shaders left to compile 2819
[2026.04.28-04.05.47:301][279]LogShaderCompilers: Display: Started 10 'Local' shader compile jobs with 'Low' priority
[2026.04.28-04.05.51:290][463]LogShaderCompilers: Display: Worker (3/21): shaders left to compile 2809
[2026.04.28-04.05.51:290][463]LogShaderCompilers: Display: Started 10 'Local' shader compile jobs with 'Low' priority
[2026.04.28-04.05.51:614][479]LogShaderCompilers: Display: Worker (5/21): shaders left to compile 2799
[2026.04.28-04.05.51:615][479]LogShaderCompilers: Display: Started 10 'Local' shader compile jobs with 'Low' priority
[2026.04.28-04.05.52:143][501]LogShaderCompilers: Display: Worker (2/21): shaders left to compile 2789
[2026.04.28-04.05.52:143][501]LogShaderCompilers: Display: Started 10 'Local' shader compile jobs with 'Low' priority
[2026.04.28-04.05.52:674][526]LogShaderCompilers: Display: Worker (1/21): shaders left to compile 2779
[2026.04.28-04.05.52:675][526]LogShaderCompilers: Display: Started 10 'Local' shader compile jobs with 'Low' priority
[2026.04.28-04.05.54:984][623]LogShaderCompilers: Display: Worker (8/21): shaders left to compile 2769
[2026.04.28-04.05.54:984][623]LogShaderCompilers: Display: Started 10 'Local' shader compile jobs with 'Low' priority
[2026.04.28-04.05.55:141][631]LogShaderCompilers: Display: Worker (20/21): shaders left to compile 2759
[2026.04.28-04.05.55:141][631]LogShaderCompilers: Display: Started 10 'Local' shader compile jobs with 'Low' priority
[2026.04.28-04.05.58:976][811]LogShaderCompilers: Display: Worker (4/21): shaders left to compile 2749
[2026.04.28-04.05.58:976][811]LogShaderCompilers: Display: Started 10 'Local' shader compile jobs with 'Low' priority
[2026.04.28-04.06.02:089][954]LogShaderCompilers: Display: Worker (6/21): shaders left to compile 2739
[2026.04.28-04.06.02:089][954]LogShaderCompilers: Display: Started 10 'Local' shader compile jobs with 'Low' priority
[2026.04.28-04.06.02:388][967]LogShaderCompilers: Display: Worker (3/21): shaders left to compile 2729
[2026.04.28-04.06.02:388][967]LogShaderCompilers: Display: Started 10 'Local' shader compile jobs with 'Low' priority
[2026.04.28-04.06.02:583][975]LogShaderCompilers: Display: Worker (2/21): shaders left to compile 2719
[2026.04.28-04.06.02:584][975]LogShaderCompilers: Display: Started 10 'Local' shader compile jobs with 'Low' priority
[2026.04.28-04.06.04:776][ 77]LogShaderCompilers: Display: Worker (5/21): shaders left to compile 2709
[2026.04.28-04.06.04:776][ 77]LogShaderCompilers: Display: Started 10 'Local' shader compile jobs with 'Low' priority
[2026.04.28-04.06.06:155][136]LogShaderCompilers: Display: Worker (8/21): shaders left to compile 2699
[2026.04.28-04.06.06:155][136]LogShaderCompilers: Display: Started 10 'Local' shader compile jobs with 'Low' priority
[2026.04.28-04.06.09:336][283]LogShaderCompilers: Display: Worker (4/21): shaders left to compile 2689
[2026.04.28-04.06.09:336][283]LogShaderCompilers: Display: Started 10 'Local' shader compile jobs with 'Low' priority
[2026.04.28-04.06.09:466][288]LogShaderCompilers: Display: Worker (3/21): shaders left to compile 2679
[2026.04.28-04.06.09:466][288]LogShaderCompilers: Display: Started 10 'Local' shader compile jobs with 'Low' priority
[2026.04.28-04.06.10:485][337]LogShaderCompilers: Display: Worker (20/21): shaders left to compile 2669
[2026.04.28-04.06.10:485][337]LogShaderCompilers: Display: Started 10 'Local' shader compile jobs with 'Low' priority
[2026.04.28-04.06.11:036][364]LogShaderCompilers: Display: Worker (2/21): shaders left to compile 2659
[2026.04.28-04.06.11:036][364]LogShaderCompilers: Display: Started 10 'Local' shader compile jobs with 'Low' priority
[2026.04.28-04.06.11:815][400]LogShaderCompilers: Display: Worker (6/21): shaders left to compile 2649
[2026.04.28-04.06.11:815][400]LogShaderCompilers: Display: Started 10 'Local' shader compile jobs with 'Low' priority
[2026.04.28-04.06.15:016][561]LogShaderCompilers: Display: Worker (8/21): shaders left to compile 2639
[2026.04.28-04.06.15:016][561]LogShaderCompilers: Display: Started 10 'Local' shader compile jobs with 'Low' priority
[2026.04.28-04.06.16:246][623]LogShaderCompilers: Display: Worker (7/21): shaders left to compile 2629
[2026.04.28-04.06.16:246][623]LogShaderCompilers: Display: Started 10 'Local' shader compile jobs with 'Low' priority
[2026.04.28-04.06.16:864][652]LogShaderCompilers: Display: Worker (1/21): shaders left to compile 2619
[2026.04.28-04.06.16:864][652]LogShaderCompilers: Display: Started 10 'Local' shader compile jobs with 'Low' priority
[2026.04.28-04.06.17:980][703]LogShaderCompilers: Display: Worker (5/21): shaders left to compile 2609
[2026.04.28-04.06.17:980][703]LogShaderCompilers: Display: Started 10 'Local' shader compile jobs with 'Low' priority
[2026.04.28-04.06.18:918][747]LogShaderCompilers: Display: Worker (20/21): shaders left to compile 2599
[2026.04.28-04.06.18:918][747]LogShaderCompilers: Display: Started 10 'Local' shader compile jobs with 'Low' priority
[2026.04.28-04.06.19:923][795]LogShaderCompilers: Display: Worker (3/21): shaders left to compile 2589
[2026.04.28-04.06.19:923][795]LogShaderCompilers: Display: Started 10 'Local' shader compile jobs with 'Low' priority
[2026.04.28-04.06.21:937][894]LogShaderCompilers: Display: Worker (2/21): shaders left to compile 2579
[2026.04.28-04.06.21:937][894]LogShaderCompilers: Display: Started 10 'Local' shader compile jobs with 'Low' priority
[2026.04.28-04.06.22:128][902]LogShaderCompilers: Display: Worker (4/21): shaders left to compile 2569
[2026.04.28-04.06.22:128][902]LogShaderCompilers: Display: Started 10 'Local' shader compile jobs with 'Low' priority
[2026.04.28-04.06.24:542][ 14]LogShaderCompilers: Display: Worker (1/21): shaders left to compile 2559
[2026.04.28-04.06.24:542][ 14]LogShaderCompilers: Display: Started 10 'Local' shader compile jobs with 'Low' priority
[2026.04.28-04.06.24:603][ 15]LogShaderCompilers: Display: Worker (8/21): shaders left to compile 2549
[2026.04.28-04.06.24:603][ 15]LogShaderCompilers: Display: Started 10 'Local' shader compile jobs with 'Low' priority
[2026.04.28-04.06.25:463][ 58]LogShaderCompilers: Display: Worker (5/21): shaders left to compile 2539
[2026.04.28-04.06.25:463][ 58]LogShaderCompilers: Display: Started 10 'Local' shader compile jobs with 'Low' priority
[2026.04.28-04.06.26:622][113]LogShaderCompilers: Display: Worker (20/21): shaders left to compile 2529
[2026.04.28-04.06.26:622][113]LogShaderCompilers: Display: Started 10 'Local' shader compile jobs with 'Low' priority
[2026.04.28-04.06.27:564][160]LogShaderCompilers: Display: Worker (6/21): shaders left to compile 2519
[2026.04.28-04.06.27:565][160]LogShaderCompilers: Display: Started 10 'Local' shader compile jobs with 'Low' priority
[2026.04.28-04.06.28:804][216]LogShaderCompilers: Display: Worker (7/21): shaders left to compile 2509
[2026.04.28-04.06.28:804][216]LogShaderCompilers: Display: Started 10 'Local' shader compile jobs with 'Low' priority
[2026.04.28-04.06.29:691][253]LogShaderCompilers: Display: Worker (2/21): shaders left to compile 2499
[2026.04.28-04.06.29:691][253]LogShaderCompilers: Display: Started 10 'Local' shader compile jobs with 'Low' priority
[2026.04.28-04.06.31:695][352]LogShaderCompilers: Display: Worker (1/21): shaders left to compile 2489
[2026.04.28-04.06.31:695][352]LogShaderCompilers: Display: Started 10 'Local' shader compile jobs with 'Low' priority
[2026.04.28-04.06.32:029][367]LogShaderCompilers: Display: Worker (17/21): shaders left to compile 2479
[2026.04.28-04.06.32:029][367]LogShaderCompilers: Display: Started 10 'Local' shader compile jobs with 'Low' priority
[2026.04.28-04.06.34:040][469]LogShaderCompilers: Display: Worker (4/21): shaders left to compile 2469
[2026.04.28-04.06.34:040][469]LogShaderCompilers: Display: Started 10 'Local' shader compile jobs with 'Low' priority
[2026.04.28-04.06.34:103][470]LogShaderCompilers: Display: Worker (3/21): shaders left to compile 2459
[2026.04.28-04.06.34:103][470]LogShaderCompilers: Display: Started 10 'Local' shader compile jobs with 'Low' priority
[2026.04.28-04.06.36:211][562]LogShaderCompilers: Display: Worker (5/21): shaders left to compile 2449
[2026.04.28-04.06.36:211][562]LogShaderCompilers: Display: Started 10 'Local' shader compile jobs with 'Low' priority
[2026.04.28-04.06.37:485][627]LogShaderCompilers: Display: Worker (8/21): shaders left to compile 2439
[2026.04.28-04.06.37:485][627]LogShaderCompilers: Display: Started 10 'Local' shader compile jobs with 'Low' priority
[2026.04.28-04.06.37:576][629]LogShaderCompilers: Display: Worker (6/21): shaders left to compile 2429
[2026.04.28-04.06.37:576][629]LogShaderCompilers: Display: Started 10 'Local' shader compile jobs with 'Low' priority
[2026.04.28-04.06.37:653][630]LogShaderCompilers: Display: Worker (1/21): shaders left to compile 2419
[2026.04.28-04.06.37:653][630]LogShaderCompilers: Display: Started 10 'Local' shader compile jobs with 'Low' priority
[2026.04.28-04.06.39:258][709]LogShaderCompilers: Display: Worker (2/21): shaders left to compile 2409
[2026.04.28-04.06.39:258][709]LogShaderCompilers: Display: Started 10 'Local' shader compile jobs with 'Low' priority
[2026.04.28-04.06.39:440][718]LogShaderCompilers: Display: Worker (7/21): shaders left to compile 2399
[2026.04.28-04.06.39:440][718]LogShaderCompilers: Display: Started 10 'Local' shader compile jobs with 'Low' priority
[2026.04.28-04.06.42:347][865]LogShaderCompilers: Display: Worker (20/21): shaders left to compile 2389
[2026.04.28-04.06.42:347][865]LogShaderCompilers: Display: Started 10 'Local' shader compile jobs with 'Low' priority
[2026.04.28-04.06.42:581][873]LogShaderCompilers: Display: Worker (3/21): shaders left to compile 2379
[2026.04.28-04.06.42:581][873]LogShaderCompilers: Display: Started 10 'Local' shader compile jobs with 'Low' priority
[2026.04.28-04.06.43:238][903]LogShaderCompilers: Display: Worker (8/21): shaders left to compile 2369
[2026.04.28-04.06.43:239][903]LogShaderCompilers: Display: Started 10 'Local' shader compile jobs with 'Low' priority
[2026.04.28-04.06.44:345][948]LogShaderCompilers: Display: Worker (6/21): shaders left to compile 2359
[2026.04.28-04.06.44:345][948]LogShaderCompilers: Display: Started 10 'Local' shader compile jobs with 'Low' priority
[2026.04.28-04.06.44:365][949]LogShaderCompilers: Display: Worker (2/21): shaders left to compile 2349
[2026.04.28-04.06.44:365][949]LogShaderCompilers: Display: Started 10 'Local' shader compile jobs with 'Low' priority
[2026.04.28-04.06.45:983][ 27]LogShaderCompilers: Display: Worker (5/21): shaders left to compile 2339
[2026.04.28-04.06.45:983][ 27]LogShaderCompilers: Display: Started 10 'Local' shader compile jobs with 'Low' priority
[2026.04.28-04.06.46:336][ 42]LogShaderCompilers: Display: Worker (7/21): shaders left to compile 2329
[2026.04.28-04.06.46:336][ 42]LogShaderCompilers: Display: Started 10 'Local' shader compile jobs with 'Low' priority
[2026.04.28-04.06.46:685][ 55]LogShaderCompilers: Display: Worker (1/21): shaders left to compile 2319
[2026.04.28-04.06.46:685][ 55]LogShaderCompilers: Display: Started 10 'Local' shader compile jobs with 'Low' priority
[2026.04.28-04.06.48:682][145]LogShaderCompilers: Display: Worker (18/21): shaders left to compile 2309
[2026.04.28-04.06.48:683][145]LogShaderCompilers: Display: Started 10 'Local' shader compile jobs with 'Low' priority
[2026.04.28-04.06.49:580][185]LogShaderCompilers: Display: Worker (17/21): shaders left to compile 2299
[2026.04.28-04.06.49:580][185]LogShaderCompilers: Display: Started 10 'Local' shader compile jobs with 'Low' priority
[2026.04.28-04.06.49:841][190]LogShaderCompilers: Display: Worker (4/21): shaders left to compile 2289
[2026.04.28-04.06.49:841][190]LogShaderCompilers: Display: Started 10 'Local' shader compile jobs with 'Low' priority
[2026.04.28-04.06.50:253][209]LogShaderCompilers: Display: Worker (8/21): shaders left to compile 2279
[2026.04.28-04.06.50:253][209]LogShaderCompilers: Display: Started 10 'Local' shader compile jobs with 'Low' priority
[2026.04.28-04.06.50:340][210]LogShaderCompilers: Display: Worker (11/21): shaders left to compile 2269
[2026.04.28-04.06.50:340][210]LogShaderCompilers: Display: Started 10 'Local' shader compile jobs with 'Low' priority
[2026.04.28-04.06.50:719][228]LogShaderCompilers: Display: Worker (3/21): shaders left to compile 2259
[2026.04.28-04.06.50:719][228]LogShaderCompilers: Display: Started 10 'Local' shader compile jobs with 'Low' priority
[2026.04.28-04.06.51:158][247]LogShaderCompilers: Display: Worker (10/21): shaders left to compile 2249
[2026.04.28-04.06.51:158][247]LogShaderCompilers: Display: Started 10 'Local' shader compile jobs with 'Low' priority
[2026.04.28-04.06.51:258][252]LogShaderCompilers: Display: Worker (15/21): shaders left to compile 2239
[2026.04.28-04.06.51:258][252]LogShaderCompilers: Display: Started 10 'Local' shader compile jobs with 'Low' priority
[2026.04.28-04.06.51:554][266]LogShaderCompilers: Display: Worker (12/21): shaders left to compile 2229
[2026.04.28-04.06.51:554][266]LogShaderCompilers: Display: Started 10 'Local' shader compile jobs with 'Low' priority
[2026.04.28-04.06.51:584][267]LogShaderCompilers: Display: Worker (1/21): shaders left to compile 2219
[2026.04.28-04.06.51:585][267]LogShaderCompilers: Display: Started 10 'Local' shader compile jobs with 'Low' priority
[2026.04.28-04.06.51:673][268]LogShaderCompilers: Display: Worker (2/21): shaders left to compile 2209
[2026.04.28-04.06.51:673][268]LogShaderCompilers: Display: Started 10 'Local' shader compile jobs with 'Low' priority
[2026.04.28-04.06.52:500][303]LogShaderCompilers: Display: Worker (9/21): shaders left to compile 2199
[2026.04.28-04.06.52:500][303]LogShaderCompilers: Display: Started 10 'Local' shader compile jobs with 'Low' priority
[2026.04.28-04.06.52:719][312]LogShaderCompilers: Display: Worker (5/21): shaders left to compile 2189
[2026.04.28-04.06.52:719][312]LogShaderCompilers: Display: Started 10 'Local' shader compile jobs with 'Low' priority
[2026.04.28-04.06.52:872][316]LogShaderCompilers: Display: Worker (14/21): shaders left to compile 2179
[2026.04.28-04.06.52:872][316]LogShaderCompilers: Display: Started 10 'Local' shader compile jobs with 'Low' priority
[2026.04.28-04.06.53:034][323]LogShaderCompilers: Display: Worker (13/21): shaders left to compile 2169
[2026.04.28-04.06.53:034][323]LogShaderCompilers: Display: Started 10 'Local' shader compile jobs with 'Low' priority
[2026.04.28-04.06.53:209][327]LogShaderCompilers: Display: Worker (7/21): shaders left to compile 2159
[2026.04.28-04.06.53:209][327]LogShaderCompilers: Display: Started 10 'Local' shader compile jobs with 'Low' priority
[2026.04.28-04.06.53:346][332]LogShaderCompilers: Display: Worker (6/21): shaders left to compile 2149
[2026.04.28-04.06.53:346][332]LogShaderCompilers: Display: Started 10 'Local' shader compile jobs with 'Low' priority
[2026.04.28-04.06.53:868][353]LogShaderCompilers: Display: Worker (17/21): shaders left to compile 2139
[2026.04.28-04.06.53:868][353]LogShaderCompilers: Display: Started 10 'Local' shader compile jobs with 'Low' priority
[2026.04.28-04.06.54:073][358]LogShaderCompilers: Display: Worker (20/21): shaders left to compile 2129
[2026.04.28-04.06.54:073][358]LogShaderCompilers: Display: Started 10 'Local' shader compile jobs with 'Low' priority
[2026.04.28-04.06.54:638][379]LogShaderCompilers: Display: Worker (19/21): shaders left to compile 2119
[2026.04.28-04.06.54:638][379]LogShaderCompilers: Display: Started 10 'Local' shader compile jobs with 'Low' priority
[2026.04.28-04.06.55:326][402]LogShaderCompilers: Display: Worker (18/21): shaders left to compile 2109
[2026.04.28-04.06.55:326][402]LogShaderCompilers: Display: Started 10 'Local' shader compile jobs with 'Low' priority
[2026.04.28-04.06.55:977][430]LogShaderCompilers: Display: Worker (12/21): shaders left to compile 2099
[2026.04.28-04.06.55:977][430]LogShaderCompilers: Display: Started 10 'Local' shader compile jobs with 'Low' priority
[2026.04.28-04.06.56:578][452]LogShaderCompilers: Display: Worker (10/21): shaders left to compile 2089
[2026.04.28-04.06.56:579][452]LogShaderCompilers: Display: Started 10 'Local' shader compile jobs with 'Low' priority
[2026.04.28-04.06.56:943][466]LogShaderCompilers: Display: Worker (8/21): shaders left to compile 2079
[2026.04.28-04.06.56:943][466]LogShaderCompilers: Display: Started 10 'Local' shader compile jobs with 'Low' priority
[2026.04.28-04.06.57:475][485]LogShaderCompilers: Display: Worker (15/21): shaders left to compile 2069
[2026.04.28-04.06.57:476][485]LogShaderCompilers: Display: Started 10 'Local' shader compile jobs with 'Low' priority
[2026.04.28-04.06.57:579][486]LogShaderCompilers: Display: Worker (2/21): shaders left to compile 2059
[2026.04.28-04.06.57:579][486]LogShaderCompilers: Display: Started 10 'Local' shader compile jobs with 'Low' priority
[2026.04.28-04.06.57:579][486]LogShaderCompilers: Display: Worker (1/21): shaders left to compile 2049
[2026.04.28-04.06.57:579][486]LogShaderCompilers: Display: Started 10 'Local' shader compile jobs with 'Low' priority
[2026.04.28-04.06.57:675][487]LogShaderCompilers: Display: Worker (16/21): shaders left to compile 2039
[2026.04.28-04.06.57:675][487]LogShaderCompilers: Display: Started 10 'Local' shader compile jobs with 'Low' priority
[2026.04.28-04.06.57:675][487]LogShaderCompilers: Display: Worker (5/21): shaders left to compile 2029
[2026.04.28-04.06.57:675][487]LogShaderCompilers: Display: Started 10 'Local' shader compile jobs with 'Low' priority
[2026.04.28-04.06.58:156][502]LogShaderCompilers: Display: Worker (7/21): shaders left to compile 2019
[2026.04.28-04.06.58:156][502]LogShaderCompilers: Display: Started 10 'Local' shader compile jobs with 'Low' priority
[2026.04.28-04.06.58:774][526]LogShaderCompilers: Display: Worker (9/21): shaders left to compile 2009
[2026.04.28-04.06.58:775][526]LogShaderCompilers: Display: Started 10 'Local' shader compile jobs with 'Low' priority
[2026.04.28-04.06.59:299][546]LogShaderCompilers: Display: Worker (13/21): shaders left to compile 1999
[2026.04.28-04.06.59:299][546]LogShaderCompilers: Display: Started 10 'Local' shader compile jobs with 'Low' priority
[2026.04.28-04.06.59:396][547]LogShaderCompilers: Display: Worker (14/21): shaders left to compile 1989
[2026.04.28-04.06.59:396][547]LogShaderCompilers: Display: Started 10 'Local' shader compile jobs with 'Low' priority
[2026.04.28-04.06.59:396][547]LogShaderCompilers: Display: Worker (3/21): shaders left to compile 1979
[2026.04.28-04.06.59:396][547]LogShaderCompilers: Display: Started 10 'Local' shader compile jobs with 'Low' priority
[2026.04.28-04.07.00:445][593]LogShaderCompilers: Display: Worker (4/21): shaders left to compile 1969
[2026.04.28-04.07.00:445][593]LogShaderCompilers: Display: Started 10 'Local' shader compile jobs with 'Low' priority
[2026.04.28-04.07.00:960][613]LogShaderCompilers: Display: Worker (18/21): shaders left to compile 1959
[2026.04.28-04.07.00:960][613]LogShaderCompilers: Display: Started 10 'Local' shader compile jobs with 'Low' priority
[2026.04.28-04.07.01:504][630]LogShaderCompilers: Display: Worker (10/21): shaders left to compile 1949
[2026.04.28-04.07.01:504][630]LogShaderCompilers: Display: Started 10 'Local' shader compile jobs with 'Low' priority
[2026.04.28-04.07.01:633][632]LogShaderCompilers: Display: Worker (11/21): shaders left to compile 1939
[2026.04.28-04.07.01:633][632]LogShaderCompilers: Display: Started 10 'Local' shader compile jobs with 'Low' priority
[2026.04.28-04.07.02:533][670]LogShaderCompilers: Display: Worker (12/21): shaders left to compile 1929
[2026.04.28-04.07.02:533][670]LogShaderCompilers: Display: Started 10 'Local' shader compile jobs with 'Low' priority
[2026.04.28-04.07.03:225][698]LogShaderCompilers: Display: Worker (17/21): shaders left to compile 1919
[2026.04.28-04.07.03:225][698]LogShaderCompilers: Display: Started 10 'Local' shader compile jobs with 'Low' priority
[2026.04.28-04.07.03:658][709]LogShaderCompilers: Display: Worker (2/21): shaders left to compile 1909
[2026.04.28-04.07.03:658][709]LogShaderCompilers: Display: Started 10 'Local' shader compile jobs with 'Low' priority
[2026.04.28-04.07.04:457][742]LogShaderCompilers: Display: Worker (15/21): shaders left to compile 1899
[2026.04.28-04.07.04:457][742]LogShaderCompilers: Display: Started 10 'Local' shader compile jobs with 'Low' priority
[2026.04.28-04.07.05:637][790]LogShaderCompilers: Display: Worker (8/21): shaders left to compile 1889
[2026.04.28-04.07.05:638][790]LogShaderCompilers: Display: Started 10 'Local' shader compile jobs with 'Low' priority
[2026.04.28-04.07.05:956][799]LogShaderCompilers: Display: Worker (13/21): shaders left to compile 1879
[2026.04.28-04.07.05:956][799]LogShaderCompilers: Display: Started 10 'Local' shader compile jobs with 'Low' priority
[2026.04.28-04.07.06:703][829]LogShaderCompilers: Display: Worker (20/21): shaders left to compile 1869
[2026.04.28-04.07.06:703][829]LogShaderCompilers: Display: Started 10 'Local' shader compile jobs with 'Low' priority
[2026.04.28-04.07.07:548][864]LogShaderCompilers: Display: Worker (19/21): shaders left to compile 1859
[2026.04.28-04.07.07:548][864]LogShaderCompilers: Display: Started 10 'Local' shader compile jobs with 'Low' priority
[2026.04.28-04.07.08:577][895]LogShaderCompilers: Display: Worker (3/21): shaders left to compile 1849
[2026.04.28-04.07.08:578][895]LogShaderCompilers: Display: Started 10 'Local' shader compile jobs with 'Low' priority
[2026.04.28-04.07.08:812][903]LogShaderCompilers: Display: Worker (18/21): shaders left to compile 1839
[2026.04.28-04.07.08:812][903]LogShaderCompilers: Display: Started 10 'Local' shader compile jobs with 'Low' priority
[2026.04.28-04.07.08:914][904]LogShaderCompilers: Display: Worker (5/21): shaders left to compile 1829
[2026.04.28-04.07.08:915][904]LogShaderCompilers: Display: Worker (9/21): shaders left to compile 1819
[2026.04.28-04.07.08:915][904]LogShaderCompilers: Display: Started 20 'Local' shader compile jobs with 'Low' priority
[2026.04.28-04.07.08:915][904]LogShaderCompilers: Display: Worker (2/21): shaders left to compile 1809
[2026.04.28-04.07.08:915][904]LogShaderCompilers: Display: Started 10 'Local' shader compile jobs with 'Low' priority
[2026.04.28-04.07.09:020][905]LogShaderCompilers: Display: Worker (14/21): shaders left to compile 1799
[2026.04.28-04.07.09:020][905]LogShaderCompilers: Display: Started 10 'Local' shader compile jobs with 'Low' priority
[2026.04.28-04.07.09:128][906]LogShaderCompilers: Display: Worker (17/21): shaders left to compile 1789
[2026.04.28-04.07.09:128][906]LogShaderCompilers: Display: Started 10 'Local' shader compile jobs with 'Low' priority
[2026.04.28-04.07.09:257][907]LogShaderCompilers: Display: Worker (12/21): shaders left to compile 1779
[2026.04.28-04.07.09:258][907]LogShaderCompilers: Display: Started 10 'Local' shader compile jobs with 'Low' priority
[2026.04.28-04.07.09:565][915]LogShaderCompilers: Display: Worker (6/21): shaders left to compile 1769
[2026.04.28-04.07.09:566][915]LogShaderCompilers: Display: Started 10 'Local' shader compile jobs with 'Low' priority
[2026.04.28-04.07.09:994][922]LogShaderCompilers: Display: Worker (16/21): shaders left to compile 1759
[2026.04.28-04.07.09:994][922]LogShaderCompilers: Display: Started 10 'Local' shader compile jobs with 'Low' priority
[2026.04.28-04.07.11:016][962]LogShaderCompilers: Display: Worker (1/21): shaders left to compile 1749
[2026.04.28-04.07.11:016][962]LogShaderCompilers: Display: Started 10 'Local' shader compile jobs with 'Low' priority
[2026.04.28-04.07.11:062][964]LogShaderCompilers: Display: Worker (15/21): shaders left to compile 1739
[2026.04.28-04.07.11:062][964]LogShaderCompilers: Display: Started 10 'Local' shader compile jobs with 'Low' priority
[2026.04.28-04.07.11:187][965]LogShaderCompilers: Display: Worker (7/21): shaders left to compile 1729
[2026.04.28-04.07.11:187][965]LogShaderCompilers: Display: Started 10 'Local' shader compile jobs with 'Low' priority
[2026.04.28-04.07.11:440][967]LogShaderCompilers: Display: Worker (10/21): shaders left to compile 1719
[2026.04.28-04.07.11:440][967]LogShaderCompilers: Display: Started 10 'Local' shader compile jobs with 'Low' priority
[2026.04.28-04.07.11:440][967]LogShaderCompilers: Display: Worker (11/21): shaders left to compile 1709
[2026.04.28-04.07.11:440][967]LogShaderCompilers: Display: Started 10 'Local' shader compile jobs with 'Low' priority
[2026.04.28-04.07.11:838][980]LogShaderCompilers: Display: Worker (20/21): shaders left to compile 1699
[2026.04.28-04.07.11:839][980]LogShaderCompilers: Display: Started 10 'Local' shader compile jobs with 'Low' priority
[2026.04.28-04.07.12:196][990]LogShaderCompilers: Display: Worker (4/21): shaders left to compile 1689
[2026.04.28-04.07.12:196][990]LogShaderCompilers: Display: Started 10 'Local' shader compile jobs with 'Low' priority
[2026.04.28-04.07.12:874][ 11]LogShaderCompilers: Display: Worker (8/21): shaders left to compile 1679
[2026.04.28-04.07.12:874][ 11]LogShaderCompilers: Display: Started 10 'Local' shader compile jobs with 'Low' priority
[2026.04.28-04.07.15:804][159]LogShaderCompilers: Display: Worker (12/21): shaders left to compile 1669
[2026.04.28-04.07.15:804][159]LogShaderCompilers: Display: Started 10 'Local' shader compile jobs with 'Low' priority
[2026.04.28-04.07.15:905][164]LogShaderCompilers: Display: Worker (13/21): shaders left to compile 1659
[2026.04.28-04.07.15:905][164]LogShaderCompilers: Display: Started 10 'Local' shader compile jobs with 'Low' priority
[2026.04.28-04.07.16:321][180]LogShaderCompilers: Display: Worker (16/21): shaders left to compile 1649
[2026.04.28-04.07.16:321][180]LogShaderCompilers: Display: Started 10 'Local' shader compile jobs with 'Low' priority
[2026.04.28-04.07.17:097][216]LogShaderCompilers: Display: Worker (14/21): shaders left to compile 1639
[2026.04.28-04.07.17:097][216]LogShaderCompilers: Display: Started 10 'Local' shader compile jobs with 'Low' priority
[2026.04.28-04.07.17:246][222]LogShaderCompilers: Display: Worker (3/21): shaders left to compile 1629
[2026.04.28-04.07.17:246][222]LogShaderCompilers: Display: Started 10 'Local' shader compile jobs with 'Low' priority
[2026.04.28-04.07.17:332][226]LogShaderCompilers: Display: Worker (19/21): shaders left to compile 1619
[2026.04.28-04.07.17:332][226]LogShaderCompilers: Display: Started 10 'Local' shader compile jobs with 'Low' priority
[2026.04.28-04.07.17:684][242]LogShaderCompilers: Display: Worker (17/21): shaders left to compile 1609
[2026.04.28-04.07.17:684][242]LogShaderCompilers: Display: Started 10 'Local' shader compile jobs with 'Low' priority
[2026.04.28-04.07.17:714][243]LogShaderCompilers: Display: Worker (2/21): shaders left to compile 1599
[2026.04.28-04.07.17:714][243]LogShaderCompilers: Display: Started 10 'Local' shader compile jobs with 'Low' priority
[2026.04.28-04.07.17:951][255]LogShaderCompilers: Display: Worker (5/21): shaders left to compile 1589
[2026.04.28-04.07.17:951][255]LogShaderCompilers: Display: Started 10 'Local' shader compile jobs with 'Low' priority
[2026.04.28-04.07.18:604][285]LogShaderCompilers: Display: Worker (15/21): shaders left to compile 1579
[2026.04.28-04.07.18:604][285]LogShaderCompilers: Display: Started 10 'Local' shader compile jobs with 'Low' priority
[2026.04.28-04.07.19:002][303]LogShaderCompilers: Display: Worker (6/21): shaders left to compile 1569
[2026.04.28-04.07.19:002][303]LogShaderCompilers: Display: Started 10 'Local' shader compile jobs with 'Low' priority
[2026.04.28-04.07.20:518][373]LogShaderCompilers: Display: Worker (10/21): shaders left to compile 1559
[2026.04.28-04.07.20:518][373]LogShaderCompilers: Display: Started 10 'Local' shader compile jobs with 'Low' priority
[2026.04.28-04.07.20:664][380]LogShaderCompilers: Display: Worker (9/21): shaders left to compile 1549
[2026.04.28-04.07.20:664][380]LogShaderCompilers: Display: Started 10 'Local' shader compile jobs with 'Low' priority
[2026.04.28-04.07.21:276][407]LogShaderCompilers: Display: Worker (20/21): shaders left to compile 1539
[2026.04.28-04.07.21:276][407]LogShaderCompilers: Display: Started 10 'Local' shader compile jobs with 'Low' priority
[2026.04.28-04.07.22:179][447]LogShaderCompilers: Display: Worker (18/21): shaders left to compile 1529
[2026.04.28-04.07.22:179][447]LogShaderCompilers: Display: Started 10 'Local' shader compile jobs with 'Low' priority
[2026.04.28-04.07.23:894][518]LogShaderCompilers: Display: Worker (4/21): shaders left to compile 1519
[2026.04.28-04.07.23:894][518]LogShaderCompilers: Display: Started 10 'Local' shader compile jobs with 'Low' priority
[2026.04.28-04.07.24:112][527]LogShaderCompilers: Display: Worker (19/21): shaders left to compile 1509
[2026.04.28-04.07.24:112][527]LogShaderCompilers: Display: Started 10 'Local' shader compile jobs with 'Low' priority
[2026.04.28-04.07.24:525][546]LogShaderCompilers: Display: Worker (13/21): shaders left to compile 1499
[2026.04.28-04.07.24:525][546]LogShaderCompilers: Display: Started 10 'Local' shader compile jobs with 'Low' priority
[2026.04.28-04.07.24:898][564]LogShaderCompilers: Display: Worker (1/21): shaders left to compile 1489
[2026.04.28-04.07.24:898][564]LogShaderCompilers: Display: Started 10 'Local' shader compile jobs with 'Low' priority
[2026.04.28-04.07.24:978][567]LogShaderCompilers: Display: Worker (7/21): shaders left to compile 1479
[2026.04.28-04.07.24:978][567]LogShaderCompilers: Display: Started 10 'Local' shader compile jobs with 'Low' priority
[2026.04.28-04.07.25:072][570]LogShaderCompilers: Display: Worker (11/21): shaders left to compile 1469
[2026.04.28-04.07.25:072][570]LogShaderCompilers: Display: Started 10 'Local' shader compile jobs with 'Low' priority
[2026.04.28-04.07.25:072][570]LogShaderCompilers: Display: Worker (17/21): shaders left to compile 1459
[2026.04.28-04.07.25:072][570]LogShaderCompilers: Display: Started 10 'Local' shader compile jobs with 'Low' priority
[2026.04.28-04.07.25:901][608]LogShaderCompilers: Display: Worker (5/21): shaders left to compile 1449
[2026.04.28-04.07.25:901][608]LogShaderCompilers: Display: Started 10 'Local' shader compile jobs with 'Low' priority
[2026.04.28-04.07.28:214][708]LogShaderCompilers: Display: Worker (2/21): shaders left to compile 1439
[2026.04.28-04.07.28:214][708]LogShaderCompilers: Display: Started 10 'Local' shader compile jobs with 'Low' priority
[2026.04.28-04.07.29:361][759]LogShaderCompilers: Display: Worker (8/21): shaders left to compile 1429
[2026.04.28-04.07.29:361][759]LogShaderCompilers: Display: Started 10 'Local' shader compile jobs with 'Low' priority
[2026.04.28-04.07.30:613][814]LogShaderCompilers: Display: Worker (14/21): shaders left to compile 1419
[2026.04.28-04.07.30:614][814]LogShaderCompilers: Display: Started 10 'Local' shader compile jobs with 'Low' priority
[2026.04.28-04.07.31:313][847]LogShaderCompilers: Display: Worker (1/21): shaders left to compile 1409
[2026.04.28-04.07.31:313][847]LogShaderCompilers: Display: Started 10 'Local' shader compile jobs with 'Low' priority
[2026.04.28-04.07.33:076][931]LogShaderCompilers: Display: Worker (8/21): shaders left to compile 1399
[2026.04.28-04.07.33:076][931]LogShaderCompilers: Display: Started 10 'Local' shader compile jobs with 'Low' priority
[2026.04.28-04.07.33:671][957]LogShaderCompilers: Display: Worker (3/21): shaders left to compile 1389
[2026.04.28-04.07.33:671][957]LogShaderCompilers: Display: Started 10 'Local' shader compile jobs with 'Low' priority
[2026.04.28-04.07.33:826][964]LogShaderCompilers: Display: Worker (10/21): shaders left to compile 1379
[2026.04.28-04.07.33:827][964]LogShaderCompilers: Display: Started 10 'Local' shader compile jobs with 'Low' priority
[2026.04.28-04.07.33:957][970]LogShaderCompilers: Display: Worker (17/21): shaders left to compile 1369
[2026.04.28-04.07.33:957][970]LogShaderCompilers: Display: Started 10 'Local' shader compile jobs with 'Low' priority
[2026.04.28-04.07.34:380][989]LogShaderCompilers: Display: Worker (2/21): shaders left to compile 1359
[2026.04.28-04.07.34:380][989]LogShaderCompilers: Display: Started 10 'Local' shader compile jobs with 'Low' priority
[2026.04.28-04.07.34:634][  1]LogShaderCompilers: Display: Worker (5/21): shaders left to compile 1349
[2026.04.28-04.07.34:634][  1]LogShaderCompilers: Display: Started 10 'Local' shader compile jobs with 'Low' priority
[2026.04.28-04.07.34:766][  7]LogShaderCompilers: Display: Worker (18/21): shaders left to compile 1339
[2026.04.28-04.07.34:766][  7]LogShaderCompilers: Display: Started 10 'Local' shader compile jobs with 'Low' priority
[2026.04.28-04.07.34:841][ 10]LogShaderCompilers: Display: Worker (1/21): shaders left to compile 1329
[2026.04.28-04.07.34:841][ 10]LogShaderCompilers: Display: Started 10 'Local' shader compile jobs with 'Low' priority
[2026.04.28-04.07.35:076][ 20]LogShaderCompilers: Display: Worker (9/21): shaders left to compile 1319
[2026.04.28-04.07.35:076][ 20]LogShaderCompilers: Display: Started 10 'Local' shader compile jobs with 'Low' priority
[2026.04.28-04.07.36:467][ 88]LogShaderCompilers: Display: Worker (14/21): shaders left to compile 1309
[2026.04.28-04.07.36:468][ 88]LogShaderCompilers: Display: Started 10 'Local' shader compile jobs with 'Low' priority
[2026.04.28-04.07.36:559][ 91]LogShaderCompilers: Display: Worker (16/21): shaders left to compile 1299
[2026.04.28-04.07.36:559][ 91]LogShaderCompilers: Display: Started 10 'Local' shader compile jobs with 'Low' priority
[2026.04.28-04.07.36:855][104]LogShaderCompilers: Display: Worker (13/21): shaders left to compile 1289
[2026.04.28-04.07.36:855][104]LogShaderCompilers: Display: Started 10 'Local' shader compile jobs with 'Low' priority
[2026.04.28-04.07.36:896][105]LogShaderCompilers: Display: Worker (7/21): shaders left to compile 1279
[2026.04.28-04.07.36:896][105]LogShaderCompilers: Display: Started 10 'Local' shader compile jobs with 'Low' priority
[2026.04.28-04.07.37:115][114]LogShaderCompilers: Display: Worker (12/21): shaders left to compile 1269
[2026.04.28-04.07.37:115][114]LogShaderCompilers: Display: Started 10 'Local' shader compile jobs with 'Low' priority
[2026.04.28-04.07.37:318][123]LogShaderCompilers: Display: Worker (19/21): shaders left to compile 1259
[2026.04.28-04.07.37:318][123]LogShaderCompilers: Display: Started 10 'Local' shader compile jobs with 'Low' priority
[2026.04.28-04.07.37:777][145]LogShaderCompilers: Display: Worker (2/21): shaders left to compile 1249
[2026.04.28-04.07.37:777][145]LogShaderCompilers: Display: Started 10 'Local' shader compile jobs with 'Low' priority
[2026.04.28-04.07.37:908][149]LogShaderCompilers: Display: Worker (15/21): shaders left to compile 1239
[2026.04.28-04.07.37:908][149]LogShaderCompilers: Display: Started 10 'Local' shader compile jobs with 'Low' priority
[2026.04.28-04.07.38:086][157]LogShaderCompilers: Display: Worker (4/21): shaders left to compile 1229
[2026.04.28-04.07.38:086][157]LogShaderCompilers: Display: Started 10 'Local' shader compile jobs with 'Low' priority
[2026.04.28-04.07.38:135][158]LogShaderCompilers: Display: Worker (11/21): shaders left to compile 1219
[2026.04.28-04.07.38:135][158]LogShaderCompilers: Display: Started 10 'Local' shader compile jobs with 'Low' priority
[2026.04.28-04.07.38:468][172]LogShaderCompilers: Display: Worker (8/21): shaders left to compile 1209
[2026.04.28-04.07.38:468][172]LogShaderCompilers: Display: Started 10 'Local' shader compile jobs with 'Low' priority
[2026.04.28-04.07.38:835][189]LogShaderCompilers: Display: Worker (17/21): shaders left to compile 1199
[2026.04.28-04.07.38:835][189]LogShaderCompilers: Display: Started 10 'Local' shader compile jobs with 'Low' priority
[2026.04.28-04.07.38:945][193]LogShaderCompilers: Display: Worker (10/21): shaders left to compile 1189
[2026.04.28-04.07.38:945][193]LogShaderCompilers: Display: Started 10 'Local' shader compile jobs with 'Low' priority
[2026.04.28-04.07.39:371][211]LogShaderCompilers: Display: Worker (3/21): shaders left to compile 1179
[2026.04.28-04.07.39:371][211]LogShaderCompilers: Display: Started 10 'Local' shader compile jobs with 'Low' priority
[2026.04.28-04.07.40:352][257]LogShaderCompilers: Display: Worker (18/21): shaders left to compile 1169
[2026.04.28-04.07.40:352][257]LogShaderCompilers: Display: Started 10 'Local' shader compile jobs with 'Low' priority
[2026.04.28-04.07.40:447][260]LogShaderCompilers: Display: Worker (14/21): shaders left to compile 1159
[2026.04.28-04.07.40:447][260]LogShaderCompilers: Display: Started 10 'Local' shader compile jobs with 'Low' priority
[2026.04.28-04.07.40:556][265]LogShaderCompilers: Display: Worker (6/21): shaders left to compile 1149
[2026.04.28-04.07.40:556][265]LogShaderCompilers: Display: Started 10 'Local' shader compile jobs with 'Low' priority
[2026.04.28-04.07.41:710][316]LogShaderCompilers: Display: Worker (15/21): shaders left to compile 1139
[2026.04.28-04.07.41:710][316]LogShaderCompilers: Display: Started 10 'Local' shader compile jobs with 'Low' priority
[2026.04.28-04.07.41:764][318]LogShaderCompilers: Display: Worker (7/21): shaders left to compile 1129
[2026.04.28-04.07.41:764][318]LogShaderCompilers: Display: Started 10 'Local' shader compile jobs with 'Low' priority
[2026.04.28-04.07.42:210][339]LogShaderCompilers: Display: Worker (1/21): shaders left to compile 1119
[2026.04.28-04.07.42:210][339]LogShaderCompilers: Display: Started 10 'Local' shader compile jobs with 'Low' priority
[2026.04.28-04.07.42:264][342]LogShaderCompilers: Display: Worker (4/21): shaders left to compile 1109
[2026.04.28-04.07.42:264][342]LogShaderCompilers: Display: Started 10 'Local' shader compile jobs with 'Low' priority
[2026.04.28-04.07.42:395][347]LogShaderCompilers: Display: Worker (16/21): shaders left to compile 1099
[2026.04.28-04.07.42:395][347]LogShaderCompilers: Display: Started 10 'Local' shader compile jobs with 'Low' priority
[2026.04.28-04.07.42:456][350]LogShaderCompilers: Display: Worker (8/21): shaders left to compile 1089
[2026.04.28-04.07.42:456][350]LogShaderCompilers: Display: Started 10 'Local' shader compile jobs with 'Low' priority
[2026.04.28-04.07.43:341][389]LogShaderCompilers: Display: Worker (12/21): shaders left to compile 1079
[2026.04.28-04.07.43:341][389]LogShaderCompilers: Display: Started 10 'Local' shader compile jobs with 'Low' priority
[2026.04.28-04.07.43:579][400]LogShaderCompilers: Display: Worker (5/21): shaders left to compile 1069
[2026.04.28-04.07.43:579][400]LogShaderCompilers: Display: Started 10 'Local' shader compile jobs with 'Low' priority
[2026.04.28-04.07.43:823][410]LogShaderCompilers: Display: Worker (18/21): shaders left to compile 1059
[2026.04.28-04.07.43:823][410]LogShaderCompilers: Display: Started 10 'Local' shader compile jobs with 'Low' priority
[2026.04.28-04.07.43:823][410]LogShaderCompilers: Display: Worker (19/21): shaders left to compile 1049
[2026.04.28-04.07.43:823][410]LogShaderCompilers: Display: Started 10 'Local' shader compile jobs with 'Low' priority
[2026.04.28-04.07.43:960][414]LogShaderCompilers: Display: Worker (9/21): shaders left to compile 1039
[2026.04.28-04.07.43:960][414]LogShaderCompilers: Display: Started 10 'Local' shader compile jobs with 'Low' priority
[2026.04.28-04.07.44:359][431]LogShaderCompilers: Display: Worker (11/21): shaders left to compile 1029
[2026.04.28-04.07.44:359][431]LogShaderCompilers: Display: Started 10 'Local' shader compile jobs with 'Low' priority
[2026.04.28-04.07.44:359][431]LogShaderCompilers: Display: Worker (2/21): shaders left to compile 1019
[2026.04.28-04.07.44:359][431]LogShaderCompilers: Display: Worker (14/21): shaders left to compile 1009
[2026.04.28-04.07.44:359][431]LogShaderCompilers: Display: Started 20 'Local' shader compile jobs with 'Low' priority
[2026.04.28-04.07.44:411][432]LogShaderCompilers: Display: Worker (17/21): shaders left to compile 999
[2026.04.28-04.07.44:411][432]LogShaderCompilers: Display: Started 10 'Local' shader compile jobs with 'Low' priority
[2026.04.28-04.07.44:756][445]LogShaderCompilers: Display: Worker (10/21): shaders left to compile 989
[2026.04.28-04.07.44:756][445]LogShaderCompilers: Display: Started 10 'Local' shader compile jobs with 'Low' priority
[2026.04.28-04.07.44:756][445]LogShaderCompilers: Display: === FShaderJobCache stats ===
[2026.04.28-04.07.44:756][445]LogShaderCompilers: Display: Total job queries 7055, among them cache hits 0 (0.00%)
[2026.04.28-04.07.44:756][445]LogShaderCompilers: Display: Tracking 5876 distinct input hashes that result in 3924 distinct outputs (66.78%)
[2026.04.28-04.07.44:757][445]LogShaderCompilers: Display: RAM used: 41.32 MB (0.04 GB) of 1638.40 MB (1.60 GB) budget. Usage: 2.52%
[2026.04.28-04.07.44:757][445]LogShaderCompilers: Display: ================================================
[2026.04.28-04.07.44:994][456]LogShaderCompilers: Display: Worker (3/21): shaders left to compile 979
[2026.04.28-04.07.44:994][456]LogShaderCompilers: Display: Started 10 'Local' shader compile jobs with 'Low' priority
[2026.04.28-04.07.45:129][461]LogShaderCompilers: Display: Worker (13/21): shaders left to compile 969
[2026.04.28-04.07.45:129][461]LogShaderCompilers: Display: Started 10 'Local' shader compile jobs with 'Low' priority
[2026.04.28-04.07.45:267][464]LogShaderCompilers: Display: Worker (20/21): shaders left to compile 959
[2026.04.28-04.07.45:267][464]LogShaderCompilers: Display: Started 10 'Local' shader compile jobs with 'Low' priority
[2026.04.28-04.07.45:341][468]LogShaderCompilers: Display: Worker (6/21): shaders left to compile 949
[2026.04.28-04.07.45:341][468]LogShaderCompilers: Display: Started 10 'Local' shader compile jobs with 'Low' priority
[2026.04.28-04.07.47:044][545]LogShaderCompilers: Display: Worker (15/21): shaders left to compile 939
[2026.04.28-04.07.47:045][545]LogShaderCompilers: Display: Started 10 'Local' shader compile jobs with 'Low' priority
[2026.04.28-04.07.47:094][546]LogShaderCompilers: Display: Worker (8/21): shaders left to compile 929
[2026.04.28-04.07.47:094][546]LogShaderCompilers: Display: Started 10 'Local' shader compile jobs with 'Low' priority
[2026.04.28-04.07.47:247][551]LogShaderCompilers: Display: Worker (19/21): shaders left to compile 919
[2026.04.28-04.07.47:247][551]LogShaderCompilers: Display: Started 10 'Local' shader compile jobs with 'Low' priority
[2026.04.28-04.07.48:030][583]LogShaderCompilers: Display: Worker (9/21): shaders left to compile 909
[2026.04.28-04.07.48:030][583]LogShaderCompilers: Display: Started 10 'Local' shader compile jobs with 'Low' priority
[2026.04.28-04.07.48:178][590]LogShaderCompilers: Display: Worker (17/21): shaders left to compile 899
[2026.04.28-04.07.48:178][590]LogShaderCompilers: Display: Started 10 'Local' shader compile jobs with 'Low' priority
[2026.04.28-04.07.48:271][592]LogShaderCompilers: Display: Worker (18/21): shaders left to compile 889
[2026.04.28-04.07.48:271][592]LogShaderCompilers: Display: Started 10 'Local' shader compile jobs with 'Low' priority
[2026.04.28-04.07.48:770][610]LogShaderCompilers: Display: Worker (13/21): shaders left to compile 879
[2026.04.28-04.07.48:770][610]LogShaderCompilers: Display: Started 10 'Local' shader compile jobs with 'Low' priority
[2026.04.28-04.07.48:886][616]LogShaderCompilers: Display: Worker (2/21): shaders left to compile 869
[2026.04.28-04.07.48:887][616]LogShaderCompilers: Display: Started 10 'Local' shader compile jobs with 'Low' priority
[2026.04.28-04.07.48:946][617]LogShaderCompilers: Display: Worker (7/21): shaders left to compile 859
[2026.04.28-04.07.48:947][617]LogShaderCompilers: Display: Started 10 'Local' shader compile jobs with 'Low' priority
[2026.04.28-04.07.48:999][618]LogShaderCompilers: Display: Worker (10/21): shaders left to compile 849
[2026.04.28-04.07.48:999][618]LogShaderCompilers: Display: Started 10 'Local' shader compile jobs with 'Low' priority
[2026.04.28-04.07.49:318][628]LogShaderCompilers: Display: Worker (4/21): shaders left to compile 839
[2026.04.28-04.07.49:318][628]LogShaderCompilers: Display: Started 10 'Local' shader compile jobs with 'Low' priority
[2026.04.28-04.07.49:379][629]LogShaderCompilers: Display: Worker (12/21): shaders left to compile 829
[2026.04.28-04.07.49:379][629]LogShaderCompilers: Display: Started 10 'Local' shader compile jobs with 'Low' priority
[2026.04.28-04.07.50:368][671]LogShaderCompilers: Display: Worker (20/21): shaders left to compile 819
[2026.04.28-04.07.50:368][671]LogShaderCompilers: Display: Started 10 'Local' shader compile jobs with 'Low' priority
[2026.04.28-04.07.50:650][680]LogShaderCompilers: Display: Worker (3/21): shaders left to compile 809
[2026.04.28-04.07.50:650][680]LogShaderCompilers: Display: Started 10 'Local' shader compile jobs with 'Low' priority
[2026.04.28-04.07.50:801][687]LogShaderCompilers: Display: Worker (1/21): shaders left to compile 799
[2026.04.28-04.07.50:801][687]LogShaderCompilers: Display: Started 10 'Local' shader compile jobs with 'Low' priority
[2026.04.28-04.07.51:039][694]LogShaderCompilers: Display: Worker (19/21): shaders left to compile 789
[2026.04.28-04.07.51:039][694]LogShaderCompilers: Display: Started 10 'Local' shader compile jobs with 'Low' priority
[2026.04.28-04.07.51:435][707]LogShaderCompilers: Display: Worker (5/21): shaders left to compile 779
[2026.04.28-04.07.51:435][707]LogShaderCompilers: Display: Started 10 'Local' shader compile jobs with 'Low' priority
[2026.04.28-04.07.51:557][713]LogShaderCompilers: Display: Worker (9/21): shaders left to compile 769
[2026.04.28-04.07.51:558][713]LogShaderCompilers: Display: Started 10 'Local' shader compile jobs with 'Low' priority
[2026.04.28-04.07.51:837][723]LogShaderCompilers: Display: Worker (14/21): shaders left to compile 759
[2026.04.28-04.07.51:838][723]LogShaderCompilers: Display: Started 10 'Local' shader compile jobs with 'Low' priority
[2026.04.28-04.07.51:912][724]LogShaderCompilers: Display: Worker (18/21): shaders left to compile 749
[2026.04.28-04.07.51:912][724]LogShaderCompilers: Display: Started 10 'Local' shader compile jobs with 'Low' priority
[2026.04.28-04.07.52:102][730]LogShaderCompilers: Display: Worker (16/21): shaders left to compile 739
[2026.04.28-04.07.52:102][730]LogShaderCompilers: Display: Started 10 'Local' shader compile jobs with 'Low' priority
[2026.04.28-04.07.52:664][750]LogShaderCompilers: Display: Worker (7/21): shaders left to compile 729
[2026.04.28-04.07.52:664][750]LogShaderCompilers: Display: Started 10 'Local' shader compile jobs with 'Low' priority
[2026.04.28-04.07.52:959][761]LogShaderCompilers: Display: Worker (6/21): shaders left to compile 719
[2026.04.28-04.07.52:959][761]LogShaderCompilers: Display: Started 10 'Local' shader compile jobs with 'Low' priority
[2026.04.28-04.07.53:031][762]LogShaderCompilers: Display: Worker (13/21): shaders left to compile 709
[2026.04.28-04.07.53:031][762]LogShaderCompilers: Display: Started 10 'Local' shader compile jobs with 'Low' priority
[2026.04.28-04.07.53:097][763]LogShaderCompilers: Display: Worker (11/21): shaders left to compile 699
[2026.04.28-04.07.53:097][763]LogShaderCompilers: Display: Started 10 'Local' shader compile jobs with 'Low' priority
[2026.04.28-04.07.53:866][791]LogShaderCompilers: Display: Worker (15/21): shaders left to compile 689
[2026.04.28-04.07.53:866][791]LogShaderCompilers: Display: Started 10 'Local' shader compile jobs with 'Low' priority
[2026.04.28-04.07.54:422][811]LogShaderCompilers: Display: Worker (17/21): shaders left to compile 679
[2026.04.28-04.07.54:422][811]LogShaderCompilers: Display: Started 10 'Local' shader compile jobs with 'Low' priority
[2026.04.28-04.07.54:598][818]LogShaderCompilers: Display: Worker (3/21): shaders left to compile 669
[2026.04.28-04.07.54:598][818]LogShaderCompilers: Display: Started 10 'Local' shader compile jobs with 'Low' priority
[2026.04.28-04.07.55:215][840]LogShaderCompilers: Display: Worker (2/21): shaders left to compile 659
[2026.04.28-04.07.55:215][840]LogShaderCompilers: Display: Started 10 'Local' shader compile jobs with 'Low' priority
[2026.04.28-04.07.56:557][900]LogShaderCompilers: Display: Worker (8/21): shaders left to compile 649
[2026.04.28-04.07.56:557][900]LogShaderCompilers: Display: Started 10 'Local' shader compile jobs with 'Low' priority
[2026.04.28-04.07.56:887][914]LogShaderCompilers: Display: Worker (20/21): shaders left to compile 639
[2026.04.28-04.07.56:887][914]LogShaderCompilers: Display: Started 10 'Local' shader compile jobs with 'Low' priority
[2026.04.28-04.07.56:964][915]LogShaderCompilers: Display: Worker (5/21): shaders left to compile 629
[2026.04.28-04.07.56:965][915]LogShaderCompilers: Display: Started 10 'Local' shader compile jobs with 'Low' priority
[2026.04.28-04.07.57:777][947]LogShaderCompilers: Display: Worker (1/21): shaders left to compile 619
[2026.04.28-04.07.57:777][947]LogShaderCompilers: Display: Started 10 'Local' shader compile jobs with 'Low' priority
[2026.04.28-04.07.57:859][948]LogShaderCompilers: Display: Worker (19/21): shaders left to compile 609
[2026.04.28-04.07.57:859][948]LogShaderCompilers: Display: Started 10 'Local' shader compile jobs with 'Low' priority
[2026.04.28-04.07.58:457][973]LogShaderCompilers: Display: Worker (3/21): shaders left to compile 599
[2026.04.28-04.07.58:457][973]LogShaderCompilers: Display: Started 10 'Local' shader compile jobs with 'Low' priority
[2026.04.28-04.07.59:529][ 18]LogShaderCompilers: Display: Worker (7/21): shaders left to compile 589
[2026.04.28-04.07.59:529][ 18]LogShaderCompilers: Display: Started 10 'Local' shader compile jobs with 'Low' priority
[2026.04.28-04.08.00:186][ 45]LogShaderCompilers: Display: Worker (16/21): shaders left to compile 579
[2026.04.28-04.08.00:186][ 45]LogShaderCompilers: Display: Started 10 'Local' shader compile jobs with 'Low' priority
[2026.04.28-04.08.00:351][ 47]LogShaderCompilers: Display: Worker (14/21): shaders left to compile 569
[2026.04.28-04.08.00:351][ 47]LogShaderCompilers: Display: Started 10 'Local' shader compile jobs with 'Low' priority
[2026.04.28-04.08.00:431][ 48]LogShaderCompilers: Display: Worker (11/21): shaders left to compile 559
[2026.04.28-04.08.00:432][ 48]LogShaderCompilers: Display: Started 10 'Local' shader compile jobs with 'Low' priority
[2026.04.28-04.08.00:610][ 53]LogShaderCompilers: Display: Worker (10/21): shaders left to compile 549
[2026.04.28-04.08.00:610][ 53]LogShaderCompilers: Display: Started 10 'Local' shader compile jobs with 'Low' priority
[2026.04.28-04.08.00:738][ 54]LogShaderCompilers: Display: Worker (2/21): shaders left to compile 539
[2026.04.28-04.08.00:738][ 54]LogShaderCompilers: Display: Started 10 'Local' shader compile jobs with 'Low' priority
[2026.04.28-04.08.00:924][ 56]LogShaderCompilers: Display: Worker (17/21): shaders left to compile 529
[2026.04.28-04.08.00:924][ 56]LogShaderCompilers: Display: Started 10 'Local' shader compile jobs with 'Low' priority
[2026.04.28-04.08.01:179][ 62]LogShaderCompilers: Display: Worker (6/21): shaders left to compile 519
[2026.04.28-04.08.01:179][ 62]LogShaderCompilers: Display: Started 10 'Local' shader compile jobs with 'Low' priority
[2026.04.28-04.08.01:870][ 95]LogShaderCompilers: Display: Worker (12/21): shaders left to compile 509
[2026.04.28-04.08.01:870][ 95]LogShaderCompilers: Display: Started 10 'Local' shader compile jobs with 'Low' priority
[2026.04.28-04.08.02:523][117]LogShaderCompilers: Display: Worker (4/21): shaders left to compile 499
[2026.04.28-04.08.02:523][117]LogShaderCompilers: Display: Started 10 'Local' shader compile jobs with 'Low' priority
[2026.04.28-04.08.02:795][120]LogShaderCompilers: Display: Worker (15/21): shaders left to compile 489
[2026.04.28-04.08.02:795][120]LogShaderCompilers: Display: Started 10 'Local' shader compile jobs with 'Low' priority
[2026.04.28-04.08.02:914][123]LogShaderCompilers: Display: Worker (5/21): shaders left to compile 479
[2026.04.28-04.08.02:946][124]LogShaderCompilers: Display: Started 10 'Local' shader compile jobs with 'Low' priority
[2026.04.28-04.08.03:336][141]LogShaderCompilers: Display: Worker (13/21): shaders left to compile 469
[2026.04.28-04.08.03:336][141]LogShaderCompilers: Display: Started 10 'Local' shader compile jobs with 'Low' priority
[2026.04.28-04.08.03:822][160]LogShaderCompilers: Display: Worker (19/21): shaders left to compile 459
[2026.04.28-04.08.03:822][160]LogShaderCompilers: Display: Started 10 'Local' shader compile jobs with 'Low' priority
[2026.04.28-04.08.04:284][179]LogShaderCompilers: Display: Worker (18/21): shaders left to compile 449
[2026.04.28-04.08.04:284][179]LogShaderCompilers: Display: Started 10 'Local' shader compile jobs with 'Low' priority
[2026.04.28-04.08.04:381][180]LogShaderCompilers: Display: Worker (3/21): shaders left to compile 439
[2026.04.28-04.08.04:381][180]LogShaderCompilers: Display: Started 10 'Local' shader compile jobs with 'Low' priority
[2026.04.28-04.08.05:451][227]LogShaderCompilers: Display: Worker (7/21): shaders left to compile 429
[2026.04.28-04.08.05:451][227]LogShaderCompilers: Display: Started 10 'Local' shader compile jobs with 'Low' priority
[2026.04.28-04.08.05:751][242]LogShaderCompilers: Display: Worker (20/21): shaders left to compile 419
[2026.04.28-04.08.05:751][242]LogShaderCompilers: Display: Started 10 'Local' shader compile jobs with 'Low' priority
[2026.04.28-04.08.05:946][250]LogShaderCompilers: Display: Worker (8/21): shaders left to compile 409
[2026.04.28-04.08.05:946][250]LogShaderCompilers: Display: Started 10 'Local' shader compile jobs with 'Low' priority
[2026.04.28-04.08.06:340][270]LogShaderCompilers: Display: Worker (16/21): shaders left to compile 399
[2026.04.28-04.08.06:340][270]LogShaderCompilers: Display: Started 10 'Local' shader compile jobs with 'Low' priority
[2026.04.28-04.08.06:911][300]LogShaderCompilers: Display: Worker (14/21): shaders left to compile 389
[2026.04.28-04.08.06:911][300]LogShaderCompilers: Display: Started 10 'Local' shader compile jobs with 'Low' priority
[2026.04.28-04.08.07:261][315]LogShaderCompilers: Display: Worker (1/21): shaders left to compile 379
[2026.04.28-04.08.07:262][315]LogShaderCompilers: Display: Started 10 'Local' shader compile jobs with 'Low' priority
[2026.04.28-04.08.07:583][328]LogShaderCompilers: Display: Worker (9/21): shaders left to compile 369
[2026.04.28-04.08.07:583][328]LogShaderCompilers: Display: Started 10 'Local' shader compile jobs with 'Low' priority
[2026.04.28-04.08.09:113][398]LogShaderCompilers: Display: Worker (4/21): shaders left to compile 359
[2026.04.28-04.08.09:114][398]LogShaderCompilers: Display: Started 10 'Local' shader compile jobs with 'Low' priority
[2026.04.28-04.08.09:527][419]LogShaderCompilers: Display: Worker (15/21): shaders left to compile 349
[2026.04.28-04.08.09:527][419]LogShaderCompilers: Display: Started 10 'Local' shader compile jobs with 'Low' priority
[2026.04.28-04.08.10:560][470]LogShaderCompilers: Display: Worker (11/21): shaders left to compile 339
[2026.04.28-04.08.10:560][470]LogShaderCompilers: Display: Started 10 'Local' shader compile jobs with 'Low' priority
[2026.04.28-04.08.11:253][501]LogShaderCompilers: Display: Worker (3/21): shaders left to compile 329
[2026.04.28-04.08.11:253][501]LogShaderCompilers: Display: Started 10 'Local' shader compile jobs with 'Low' priority
[2026.04.28-04.08.11:702][524]LogShaderCompilers: Display: Worker (2/21): shaders left to compile 319
[2026.04.28-04.08.11:702][524]LogShaderCompilers: Display: Started 10 'Local' shader compile jobs with 'Low' priority
[2026.04.28-04.08.11:756][526]LogShaderCompilers: Display: Worker (5/21): shaders left to compile 309
[2026.04.28-04.08.11:756][526]LogShaderCompilers: Display: Started 10 'Local' shader compile jobs with 'Low' priority
[2026.04.28-04.08.12:019][539]LogShaderCompilers: Display: Worker (10/21): shaders left to compile 299
[2026.04.28-04.08.12:019][539]LogShaderCompilers: Display: Started 10 'Local' shader compile jobs with 'Low' priority
[2026.04.28-04.08.12:207][546]LogShaderCompilers: Display: Worker (7/21): shaders left to compile 289
[2026.04.28-04.08.12:207][546]LogShaderCompilers: Display: Worker (17/21): shaders left to compile 279
[2026.04.28-04.08.12:207][546]LogShaderCompilers: Display: Started 20 'Local' shader compile jobs with 'Low' priority
[2026.04.28-04.08.12:507][561]LogShaderCompilers: Display: Worker (13/21): shaders left to compile 269
[2026.04.28-04.08.12:507][561]LogShaderCompilers: Display: Started 10 'Local' shader compile jobs with 'Low' priority
[2026.04.28-04.08.13:088][591]LogShaderCompilers: Display: Worker (20/21): shaders left to compile 259
[2026.04.28-04.08.13:088][591]LogShaderCompilers: Display: Started 10 'Local' shader compile jobs with 'Low' priority
[2026.04.28-04.08.13:775][624]LogShaderCompilers: Display: Worker (19/21): shaders left to compile 249
[2026.04.28-04.08.13:775][624]LogShaderCompilers: Display: Started 10 'Local' shader compile jobs with 'Low' priority
[2026.04.28-04.08.14:600][665]LogShaderCompilers: Display: Worker (9/21): shaders left to compile 239
[2026.04.28-04.08.14:600][665]LogShaderCompilers: Display: Started 10 'Local' shader compile jobs with 'Low' priority
[2026.04.28-04.08.15:210][694]LogShaderCompilers: Display: Worker (16/21): shaders left to compile 229
[2026.04.28-04.08.15:210][694]LogShaderCompilers: Display: Started 10 'Local' shader compile jobs with 'Low' priority
[2026.04.28-04.08.15:249][695]LogShaderCompilers: Display: Worker (1/21): shaders left to compile 219
[2026.04.28-04.08.15:250][695]LogShaderCompilers: Display: Started 10 'Local' shader compile jobs with 'Low' priority
[2026.04.28-04.08.15:643][716]LogShaderCompilers: Display: Worker (12/21): shaders left to compile 209
[2026.04.28-04.08.15:643][716]LogShaderCompilers: Display: Started 10 'Local' shader compile jobs with 'Low' priority
[2026.04.28-04.08.16:126][737]LogShaderCompilers: Display: Worker (6/21): shaders left to compile 199
[2026.04.28-04.08.16:126][737]LogShaderCompilers: Display: Started 10 'Local' shader compile jobs with 'Low' priority
[2026.04.28-04.08.16:381][749]LogShaderCompilers: Display: Worker (8/21): shaders left to compile 189
[2026.04.28-04.08.16:381][749]LogShaderCompilers: Display: Started 10 'Local' shader compile jobs with 'Low' priority
[2026.04.28-04.08.17:182][788]LogShaderCompilers: Display: Worker (18/21): shaders left to compile 179
[2026.04.28-04.08.17:182][788]LogShaderCompilers: Display: Started 9 'Local' shader compile jobs with 'Low' priority
[2026.04.28-04.08.17:671][813]LogShaderCompilers: Display: Worker (4/21): shaders left to compile 170
[2026.04.28-04.08.17:671][813]LogShaderCompilers: Display: Started 9 'Local' shader compile jobs with 'Low' priority
[2026.04.28-04.08.17:740][815]LogShaderCompilers: Display: Worker (14/21): shaders left to compile 161
[2026.04.28-04.08.17:740][815]LogShaderCompilers: Display: Started 9 'Local' shader compile jobs with 'Low' priority
[2026.04.28-04.08.19:428][899]LogShaderCompilers: Display: Worker (11/21): shaders left to compile 152
[2026.04.28-04.08.19:428][899]LogShaderCompilers: Display: Started 8 'Local' shader compile jobs with 'Low' priority
[2026.04.28-04.08.19:542][904]LogShaderCompilers: Display: Worker (10/21): shaders left to compile 144
[2026.04.28-04.08.19:542][904]LogShaderCompilers: Display: Started 8 'Local' shader compile jobs with 'Low' priority
[2026.04.28-04.08.19:738][915]LogShaderCompilers: Display: Worker (19/21): shaders left to compile 136
[2026.04.28-04.08.19:738][915]LogShaderCompilers: Display: Started 7 'Local' shader compile jobs with 'Low' priority
[2026.04.28-04.08.20:121][933]LogShaderCompilers: Display: Worker (7/21): shaders left to compile 129
[2026.04.28-04.08.20:121][933]LogShaderCompilers: Display: Started 7 'Local' shader compile jobs with 'Low' priority
[2026.04.28-04.08.20:220][938]LogShaderCompilers: Display: Worker (17/21): shaders left to compile 122
[2026.04.28-04.08.20:220][938]LogShaderCompilers: Display: Started 7 'Local' shader compile jobs with 'Low' priority
[2026.04.28-04.08.20:400][947]LogShaderCompilers: Display: Worker (13/21): shaders left to compile 115
[2026.04.28-04.08.20:400][947]LogShaderCompilers: Display: Started 6 'Local' shader compile jobs with 'Low' priority
[2026.04.28-04.08.20:975][975]LogShaderCompilers: Display: Worker (20/21): shaders left to compile 109
[2026.04.28-04.08.20:975][975]LogShaderCompilers: Display: Started 6 'Local' shader compile jobs with 'Low' priority
[2026.04.28-04.08.21:268][988]LogShaderCompilers: Display: Worker (2/21): shaders left to compile 103
[2026.04.28-04.08.21:268][988]LogShaderCompilers: Display: Started 6 'Local' shader compile jobs with 'Low' priority
[2026.04.28-04.08.21:352][992]LogShaderCompilers: Display: Worker (9/21): shaders left to compile 97
[2026.04.28-04.08.21:352][992]LogShaderCompilers: Display: Started 5 'Local' shader compile jobs with 'Low' priority
[2026.04.28-04.08.21:420][995]LogShaderCompilers: Display: Worker (1/21): shaders left to compile 92
[2026.04.28-04.08.21:420][995]LogShaderCompilers: Display: Started 5 'Local' shader compile jobs with 'Low' priority
[2026.04.28-04.08.21:843][ 18]LogShaderCompilers: Display: Worker (15/21): shaders left to compile 87
[2026.04.28-04.08.21:843][ 18]LogShaderCompilers: Display: Started 5 'Local' shader compile jobs with 'Low' priority
[2026.04.28-04.08.22:247][ 38]LogShaderCompilers: Display: Worker (12/21): shaders left to compile 82
[2026.04.28-04.08.22:247][ 38]LogShaderCompilers: Display: Started 5 'Local' shader compile jobs with 'Low' priority
[2026.04.28-04.08.23:213][ 88]LogShaderCompilers: Display: Worker (5/21): shaders left to compile 77
[2026.04.28-04.08.23:214][ 88]LogShaderCompilers: Display: Started 4 'Local' shader compile jobs with 'Low' priority
[2026.04.28-04.08.23:513][102]LogShaderCompilers: Display: Worker (4/21): shaders left to compile 73
[2026.04.28-04.08.23:513][102]LogShaderCompilers: Display: Started 4 'Local' shader compile jobs with 'Low' priority
[2026.04.28-04.08.23:580][105]LogShaderCompilers: Display: Worker (3/21): shaders left to compile 69
[2026.04.28-04.08.23:580][105]LogShaderCompilers: Display: Started 4 'Local' shader compile jobs with 'Low' priority
[2026.04.28-04.08.23:705][107]LogShaderCompilers: Display: Worker (17/21): shaders left to compile 65
[2026.04.28-04.08.23:705][107]LogShaderCompilers: Display: Started 4 'Local' shader compile jobs with 'Low' priority
[2026.04.28-04.08.23:768][110]LogShaderCompilers: Display: Worker (20/21): shaders left to compile 61
[2026.04.28-04.08.23:768][110]LogShaderCompilers: Display: Started 4 'Local' shader compile jobs with 'Low' priority
[2026.04.28-04.08.23:914][118]LogShaderCompilers: Display: Worker (9/21): shaders left to compile 57
[2026.04.28-04.08.23:914][118]LogShaderCompilers: Display: Started 3 'Local' shader compile jobs with 'Low' priority
[2026.04.28-04.08.24:035][124]LogShaderCompilers: Display: Worker (15/21): shaders left to compile 54
[2026.04.28-04.08.24:035][124]LogShaderCompilers: Display: Started 3 'Local' shader compile jobs with 'Low' priority
[2026.04.28-04.08.24:087][126]LogShaderCompilers: Display: Worker (14/21): shaders left to compile 51
[2026.04.28-04.08.24:087][126]LogShaderCompilers: Display: Started 3 'Local' shader compile jobs with 'Low' priority
[2026.04.28-04.08.24:208][132]LogShaderCompilers: Display: Worker (6/21): shaders left to compile 48
[2026.04.28-04.08.24:208][132]LogShaderCompilers: Display: Started 3 'Local' shader compile jobs with 'Low' priority
[2026.04.28-04.08.24:587][152]LogShaderCompilers: Display: Worker (8/21): shaders left to compile 45
[2026.04.28-04.08.24:587][152]LogShaderCompilers: Display: Started 3 'Local' shader compile jobs with 'Low' priority
[2026.04.28-04.08.24:749][159]LogShaderCompilers: Display: Worker (16/21): shaders left to compile 42
[2026.04.28-04.08.24:749][159]LogShaderCompilers: Display: Started 3 'Local' shader compile jobs with 'Low' priority
[2026.04.28-04.08.24:840][163]LogShaderCompilers: Display: Worker (18/21): shaders left to compile 39
[2026.04.28-04.08.24:841][163]LogShaderCompilers: Display: Started 2 'Local' shader compile jobs with 'Low' priority
[2026.04.28-04.08.25:081][176]LogShaderCompilers: Display: Worker (19/21): shaders left to compile 37
[2026.04.28-04.08.25:081][176]LogShaderCompilers: Display: Started 2 'Local' shader compile jobs with 'Low' priority
[2026.04.28-04.08.25:156][180]LogShaderCompilers: Display: Worker (9/21): shaders left to compile 35
[2026.04.28-04.08.25:156][180]LogShaderCompilers: Display: Started 2 'Local' shader compile jobs with 'Low' priority
[2026.04.28-04.08.25:174][181]LogShaderCompilers: Display: Worker (10/21): shaders left to compile 33
[2026.04.28-04.08.25:174][181]LogShaderCompilers: Display: Started 2 'Local' shader compile jobs with 'Low' priority
[2026.04.28-04.08.25:389][193]LogShaderCompilers: Display: Worker (4/21): shaders left to compile 31
[2026.04.28-04.08.25:389][193]LogShaderCompilers: Display: Started 2 'Local' shader compile jobs with 'Low' priority
[2026.04.28-04.08.25:409][194]LogShaderCompilers: Display: Worker (6/21): shaders left to compile 29
[2026.04.28-04.08.25:409][194]LogShaderCompilers: Display: Started 2 'Local' shader compile jobs with 'Low' priority
[2026.04.28-04.08.25:738][211]LogShaderCompilers: Display: Worker (8/21): shaders left to compile 27
[2026.04.28-04.08.25:738][211]LogShaderCompilers: Display: Worker (14/21): shaders left to compile 25
[2026.04.28-04.08.25:738][211]LogShaderCompilers: Display: Worker (20/21): shaders left to compile 23
[2026.04.28-04.08.25:738][211]LogShaderCompilers: Display: Started 6 'Local' shader compile jobs with 'Low' priority
[2026.04.28-04.08.25:738][211]LogShaderCompilers: Display: Worker (18/21): shaders left to compile 21
[2026.04.28-04.08.25:738][211]LogShaderCompilers: Display: Started 2 'Local' shader compile jobs with 'Low' priority
[2026.04.28-04.08.25:941][222]LogShaderCompilers: Display: Worker (9/21): shaders left to compile 19
[2026.04.28-04.08.25:941][222]LogShaderCompilers: Display: Started 1 'Local' shader compile jobs with 'Low' priority
[2026.04.28-04.08.26:134][232]LogShaderCompilers: Display: Worker (10/21): shaders left to compile 18
[2026.04.28-04.08.26:134][232]LogShaderCompilers: Display: Started 1 'Local' shader compile jobs with 'Low' priority
[2026.04.28-04.08.26:212][236]LogShaderCompilers: Display: Worker (19/21): shaders left to compile 17
[2026.04.28-04.08.26:212][236]LogShaderCompilers: Display: Started 1 'Local' shader compile jobs with 'Low' priority
[2026.04.28-04.08.26:247][238]LogShaderCompilers: Display: Worker (9/21): shaders left to compile 16
[2026.04.28-04.08.26:247][238]LogShaderCompilers: Display: Started 1 'Local' shader compile jobs with 'Low' priority
[2026.04.28-04.08.26:321][242]LogShaderCompilers: Display: Worker (12/21): shaders left to compile 15
[2026.04.28-04.08.26:321][242]LogShaderCompilers: Display: Started 1 'Local' shader compile jobs with 'Low' priority
[2026.04.28-04.08.26:601][256]LogShaderCompilers: Display: Worker (20/21): shaders left to compile 14
[2026.04.28-04.08.26:601][256]LogShaderCompilers: Display: Started 1 'Local' shader compile jobs with 'Low' priority
[2026.04.28-04.08.26:629][257]LogShaderCompilers: Display: Worker (18/21): shaders left to compile 13
[2026.04.28-04.08.26:629][257]LogShaderCompilers: Display: Started 1 'Local' shader compile jobs with 'Low' priority
[2026.04.28-04.08.26:714][261]LogShaderCompilers: Display: Worker (12/21): shaders left to compile 12
[2026.04.28-04.08.26:714][261]LogShaderCompilers: Display: Started 1 'Local' shader compile jobs with 'Low' priority
[2026.04.28-04.08.26:751][263]LogShaderCompilers: Display: Worker (14/21): shaders left to compile 11
[2026.04.28-04.08.26:751][263]LogShaderCompilers: Display: Started 1 'Local' shader compile jobs with 'Low' priority
[2026.04.28-04.08.26:789][265]LogShaderCompilers: Display: Worker (7/21): shaders left to compile 10
[2026.04.28-04.08.26:789][265]LogShaderCompilers: Display: Worker (13/21): shaders left to compile 9
[2026.04.28-04.08.26:789][265]LogShaderCompilers: Display: Started 2 'Local' shader compile jobs with 'Low' priority
[2026.04.28-04.08.26:819][266]LogShaderCompilers: Display: Worker (11/21): shaders left to compile 8
[2026.04.28-04.08.26:819][266]LogShaderCompilers: Display: Started 1 'Local' shader compile jobs with 'Low' priority
[2026.04.28-04.08.26:819][266]LogShaderCompilers: Display: Worker (8/21): shaders left to compile 7
[2026.04.28-04.08.26:819][266]LogShaderCompilers: Display: Started 1 'Local' shader compile jobs with 'Low' priority
[2026.04.28-04.08.26:936][272]LogShaderCompilers: Display: Worker (5/21): shaders left to compile 6
[2026.04.28-04.08.26:936][272]LogShaderCompilers: Display: Started 1 'Local' shader compile jobs with 'Low' priority
[2026.04.28-04.08.26:961][273]LogShaderCompilers: Display: Worker (3/21): shaders left to compile 5
[2026.04.28-04.08.26:961][273]LogShaderCompilers: Display: Started 1 'Local' shader compile jobs with 'Low' priority
[2026.04.28-04.08.26:982][274]LogShaderCompilers: Display: Worker (19/21): shaders left to compile 4
[2026.04.28-04.08.26:982][274]LogShaderCompilers: Display: Started 1 'Local' shader compile jobs with 'Low' priority
[2026.04.28-04.08.26:982][274]LogShaderCompilers: Display: Worker (14/21): shaders left to compile 3
[2026.04.28-04.08.26:982][274]LogShaderCompilers: Display: Started 1 'Local' shader compile jobs with 'Low' priority
[2026.04.28-04.08.27:041][277]LogShaderCompilers: Display: Worker (12/21): shaders left to compile 2
[2026.04.28-04.08.27:041][277]LogShaderCompilers: Display: Started 1 'Local' shader compile jobs with 'Low' priority
[2026.04.28-04.08.27:120][281]LogShaderCompilers: Display: Worker (1/21): shaders left to compile 1
[2026.04.28-04.08.27:120][281]LogShaderCompilers: Display: Started 1 'Local' shader compile jobs with 'Low' priority
[2026.04.28-04.13.41:083][466]LogUObjectHash: Compacting FUObjectHashTables data took   1.19ms
[2026.04.28-04.13.41:175][466]LogSlate: Window 'UnauticnaCastle - Unreal Editor' being destroyed
[2026.04.28-04.13.41:409][467]Cmd: QUIT_EDITOR
[2026.04.28-04.13.41:409][467]LogCore: Engine exit requested (reason: UUnrealEdEngine::CloseEditor())
[2026.04.28-04.13.41:417][467]LogCore: Engine exit requested (reason: EngineExit() was called; note: exit was already requested)
[2026.04.28-04.13.41:424][467]LogAudio: Display: Beginning Audio Device Manager Shutdown (Module: AudioMixerXAudio2)...
[2026.04.28-04.13.41:424][467]LogAudio: Display: Destroying 1 Remaining Audio Device(s)...
[2026.04.28-04.13.41:424][467]LogAudio: Display: Audio Device unregistered from world 'ThirdPersonExampleMap'.
[2026.04.28-04.13.41:424][467]LogAudioMixer: FMixerPlatformXAudio2::StopAudioStream() called
[2026.04.28-04.13.41:426][467]LogAudioMixer: FMixerPlatformXAudio2::StopAudioStream() called
[2026.04.28-04.13.41:430][467]LogAudio: Display: Audio Device Manager Shutdown
[2026.04.28-04.13.41:431][467]LogWindowsTextInputMethodSystem: Display: IME system deactivated.
[2026.04.28-04.13.41:436][467]LogExit: Preparing to exit.
[2026.04.28-04.13.41:696][467]LogUObjectHash: Compacting FUObjectHashTables data took   1.07ms
[2026.04.28-04.13.41:833][467]LogWorld: UWorld::CleanupWorld for World_0, bSessionEnded=true, bCleanupResources=true
[2026.04.28-04.13.41:867][467]LogDemo: Cleaned up 0 splitscreen connections with owner deletion
[2026.04.28-04.13.41:880][467]LogExit: Editor shut down
[2026.04.28-04.13.41:880][467]LogExit: Transaction tracking system shut down
[2026.04.28-04.13.42:126][467]LogExit: Object subsystem successfully closed.
[2026.04.28-04.13.42:177][467]LogShaderCompilers: Display: === FShaderJobCache stats ===
[2026.04.28-04.13.42:177][467]LogShaderCompilers: Display: Total job queries 7055, among them cache hits 0 (0.00%)
[2026.04.28-04.13.42:177][467]LogShaderCompilers: Display: Tracking 7055 distinct input hashes that result in 4405 distinct outputs (62.44%)
[2026.04.28-04.13.42:177][467]LogShaderCompilers: Display: RAM used: 44.78 MB (0.04 GB) of 1638.40 MB (1.60 GB) budget. Usage: 2.73%
[2026.04.28-04.13.42:177][467]LogShaderCompilers: Display: ================================================
[2026.04.28-04.13.42:192][467]LogShaderCompilers: Display: Shaders left to compile 0
[2026.04.28-04.13.42:277][467]LogModuleManager: Shutting down and abandoning module HierarchicalLODOutliner (870)
[2026.04.28-04.13.42:277][467]LogModuleManager: Shutting down and abandoning module SceneOutliner (868)
[2026.04.28-04.13.42:277][467]LogModuleManager: Shutting down and abandoning module AddContentDialog (866)
[2026.04.28-04.13.42:278][467]LogModuleManager: Shutting down and abandoning module WidgetCarousel (865)
[2026.04.28-04.13.42:278][467]LogModuleManager: Shutting down and abandoning module EditorWidgets (862)
[2026.04.28-04.13.42:278][467]LogModuleManager: Shutting down and abandoning module StatsViewer (860)
[2026.04.28-04.13.42:278][467]LogModuleManager: Shutting down and abandoning module PIEPreviewDeviceProfileSelector (858)
[2026.04.28-04.13.42:278][467]LogModuleManager: Shutting down and abandoning module SequenceRecorderSections (856)
[2026.04.28-04.13.42:278][467]LogModuleManager: Shutting down and abandoning module AutomationWorker (854)
[2026.04.28-04.13.42:278][467]LogModuleManager: Shutting down and abandoning module SteamVREditor (852)
[2026.04.28-04.13.42:278][467]LogModuleManager: Shutting down and abandoning module OculusMR (850)
[2026.04.28-04.13.42:278][467]LogModuleManager: Shutting down and abandoning module TakeRecorderSources (848)
[2026.04.28-04.13.42:278][467]LogModuleManager: Shutting down and abandoning module TakeRecorder (847)
[2026.04.28-04.13.42:278][467]LogModuleManager: Shutting down and abandoning module TakeTrackRecorders (844)
[2026.04.28-04.13.42:278][467]LogModuleManager: Shutting down and abandoning module TakesCore (842)
[2026.04.28-04.13.42:278][467]LogModuleManager: Shutting down and abandoning module OpenXRInput (840)
[2026.04.28-04.13.42:278][467]LogModuleManager: Shutting down and abandoning module GooglePADEditor (838)
[2026.04.28-04.13.42:278][467]LogModuleManager: Shutting down and abandoning module AudioCaptureEditor (836)
[2026.04.28-04.13.42:278][467]LogModuleManager: Shutting down and abandoning module TemplateSequenceEditor (834)
[2026.04.28-04.13.42:278][467]LogModuleManager: Shutting down and abandoning module MatineeToLevelSequence (832)
[2026.04.28-04.13.42:279][467]LogModuleManager: Shutting down and abandoning module LevelSequenceEditor (830)
[2026.04.28-04.13.42:279][467]LogModuleManager: Shutting down and abandoning module ActorSequenceEditor (828)
[2026.04.28-04.13.42:279][467]LogModuleManager: Shutting down and abandoning module PlanarCut (826)
[2026.04.28-04.13.42:279][467]LogModuleManager: Shutting down and abandoning module WmfMediaFactory (824)
[2026.04.28-04.13.42:279][467]LogModuleManager: Shutting down and abandoning module WmfMediaEditor (822)
[2026.04.28-04.13.42:279][467]LogModuleManager: Shutting down and abandoning module MediaPlayerEditor (820)
[2026.04.28-04.13.42:279][467]LogModuleManager: Shutting down and abandoning module WebMMediaFactory (818)
[2026.04.28-04.13.42:279][467]LogModuleManager: Shutting down and abandoning module WebMMediaEditor (816)
[2026.04.28-04.13.42:279][467]LogModuleManager: Shutting down and abandoning module WebMMedia (814)
[2026.04.28-04.13.42:279][467]LogModuleManager: Shutting down and abandoning module MediaCompositingEditor (812)
[2026.04.28-04.13.42:279][467]LogModuleManager: Shutting down and abandoning module SequenceRecorder (811)
[2026.04.28-04.13.42:279][467]LogModuleManager: Shutting down and abandoning module OpenExrWrapper (808)
[2026.04.28-04.13.42:279][467]LogModuleManager: Shutting down and abandoning module ImgMediaFactory (806)
[2026.04.28-04.13.42:279][467]LogModuleManager: Shutting down and abandoning module ImgMediaEditor (804)
[2026.04.28-04.13.42:279][467]LogModuleManager: Shutting down and abandoning module AvfMediaFactory (802)
[2026.04.28-04.13.42:279][467]LogModuleManager: Shutting down and abandoning module AvfMediaEditor (800)
[2026.04.28-04.13.42:279][467]LogModuleManager: Shutting down and abandoning module AndroidMediaFactory (798)
[2026.04.28-04.13.42:279][467]LogModuleManager: Shutting down and abandoning module AndroidMediaEditor (796)
[2026.04.28-04.13.42:279][467]LogModuleManager: Shutting down and abandoning module CharacterAI (794)
[2026.04.28-04.13.42:279][467]LogModuleManager: Shutting down and abandoning module MagicLeapMediaCodecFactory (792)
[2026.04.28-04.13.42:279][467]LogModuleManager: Shutting down and abandoning module MagicLeapMediaFactory (790)
[2026.04.28-04.13.42:279][467]LogModuleManager: Shutting down and abandoning module MagicLeapMediaEditor (788)
[2026.04.28-04.13.42:279][467]LogModuleManager: Shutting down and abandoning module TextureAlignMode (786)
[2026.04.28-04.13.42:279][467]LogModuleManager: Shutting down and abandoning module BspMode (784)
[2026.04.28-04.13.42:279][467]LogModuleManager: Shutting down and abandoning module GeometryMode (782)
[2026.04.28-04.13.42:279][467]LogModuleManager: Shutting down and abandoning module CameraShakePreviewer (780)
[2026.04.28-04.13.42:279][467]LogModuleManager: Shutting down and abandoning module SmartSnapping (778)
[2026.04.28-04.13.42:279][467]LogModuleManager: Shutting down and abandoning module SessionServices (776)
[2026.04.28-04.13.42:279][467]LogModuleManager: Shutting down and abandoning module MeshPaint (774)
[2026.04.28-04.13.42:279][467]LogModuleManager: Shutting down and abandoning module VirtualTexturingEditor (772)
[2026.04.28-04.13.42:279][467]LogModuleManager: Shutting down and abandoning module FoliageEdit (770)
[2026.04.28-04.13.42:279][467]LogModuleManager: Shutting down and abandoning module LandscapeEditor (768)
[2026.04.28-04.13.42:279][467]LogModuleManager: Shutting down and abandoning module MeshPaintMode (766)
[2026.04.28-04.13.42:279][467]LogModuleManager: Shutting down and abandoning module SceneDepthPickerMode (764)
[2026.04.28-04.13.42:279][467]LogModuleManager: Shutting down and abandoning module ActorPickerMode (762)
[2026.04.28-04.13.42:279][467]LogModuleManager: Shutting down and abandoning module PlacementMode (760)
[2026.04.28-04.13.42:280][467]LogModuleManager: Shutting down and abandoning module ViewportSnapping (758)
[2026.04.28-04.13.42:280][467]LogModuleManager: Shutting down and abandoning module ViewportInteraction (756)
[2026.04.28-04.13.42:280][467]LogModuleManager: Shutting down and abandoning module ClothPainter (754)
[2026.04.28-04.13.42:280][467]LogModuleManager: Shutting down and abandoning module SkeletalMeshEditor (753)
[2026.04.28-04.13.42:280][467]LogModuleManager: Shutting down and abandoning module LogVisualizer (750)
[2026.04.28-04.13.42:280][467]LogModuleManager: Shutting down and abandoning module IntroTutorials (748)
[2026.04.28-04.13.42:280][467]LogModuleManager: Shutting down and abandoning module GameProjectGeneration (747)
[2026.04.28-04.13.42:280][467]LogModuleManager: Shutting down and abandoning module LuminPlatformEditor (744)
[2026.04.28-04.13.42:280][467]LogModuleManager: Shutting down and abandoning module IOSPlatformEditor (742)
[2026.04.28-04.13.42:280][467]LogModuleManager: Shutting down and abandoning module AndroidPlatformEditor (740)
[2026.04.28-04.13.42:280][467]LogModuleManager: Shutting down and abandoning module AndroidDeviceDetection (739)
[2026.04.28-04.13.42:606][467]LogModuleManager: Shutting down and abandoning module WindowsPlatformEditor (736)
[2026.04.28-04.13.42:606][467]LogModuleManager: Shutting down and abandoning module LuminRuntimeSettings (734)
[2026.04.28-04.13.42:606][467]LogModuleManager: Shutting down and abandoning module IOSRuntimeSettings (732)
[2026.04.28-04.13.42:606][467]LogModuleManager: Shutting down and abandoning module AndroidRuntimeSettings (730)
[2026.04.28-04.13.42:606][467]LogModuleManager: Shutting down and abandoning module TraceInsights (728)
[2026.04.28-04.13.42:606][467]MemoryProfiler: Shutdown
[2026.04.28-04.13.42:606][467]NetworkingProfiler: Shutdown
[2026.04.28-04.13.42:606][467]LoadingProfiler: Shutdown
[2026.04.28-04.13.42:606][467]TimingProfiler: Shutdown
[2026.04.28-04.13.42:608][467]LogModuleManager: Shutting down and abandoning module TraceServices (727)
[2026.04.28-04.13.42:608][467]LogModuleManager: Shutting down and abandoning module EditorInteractiveToolsFramework (724)
[2026.04.28-04.13.42:608][467]LogModuleManager: Shutting down and abandoning module TimeManagementEditor (722)
[2026.04.28-04.13.42:608][467]LogModuleManager: Shutting down and abandoning module InputBindingEditor (720)
[2026.04.28-04.13.42:608][467]LogModuleManager: Shutting down and abandoning module MergeActors (718)
[2026.04.28-04.13.42:608][467]LogModuleManager: Shutting down and abandoning module LocalizationDashboard (716)
[2026.04.28-04.13.42:608][467]LogModuleManager: Shutting down and abandoning module LocalizationService (715)
[2026.04.28-04.13.42:608][467]LogModuleManager: Shutting down and abandoning module HardwareTargeting (712)
[2026.04.28-04.13.42:608][467]LogModuleManager: Shutting down and abandoning module DeviceProfileEditor (710)
[2026.04.28-04.13.42:608][467]LogModuleManager: Shutting down and abandoning module UndoHistory (708)
[2026.04.28-04.13.42:608][467]LogModuleManager: Shutting down and abandoning module XmlParser (706)
[2026.04.28-04.13.42:608][467]LogModuleManager: Shutting down and abandoning module Blutility (704)
[2026.04.28-04.13.42:608][467]LogModuleManager: Shutting down and abandoning module ProjectSettingsViewer (702)
[2026.04.28-04.13.42:608][467]LogModuleManager: Shutting down and abandoning module ProjectTargetPlatformEditor (701)
[2026.04.28-04.13.42:608][467]LogModuleManager: Shutting down and abandoning module EditorSettingsViewer (698)
[2026.04.28-04.13.42:608][467]LogModuleManager: Shutting down and abandoning module InternationalizationSettings (697)
[2026.04.28-04.13.42:608][467]LogModuleManager: Shutting down and abandoning module SettingsEditor (694)
[2026.04.28-04.13.42:608][467]LogModuleManager: Shutting down and abandoning module ProjectLauncher (692)
[2026.04.28-04.13.42:608][467]LogModuleManager: Shutting down and abandoning module SessionFrontend (690)
[2026.04.28-04.13.42:608][467]LogModuleManager: Shutting down and abandoning module ProfilerClient (688)
[2026.04.28-04.13.42:608][467]LogModuleManager: Shutting down and abandoning module DeviceManager (686)
[2026.04.28-04.13.42:608][467]LogModuleManager: Shutting down and abandoning module TargetDeviceServices (685)
[2026.04.28-04.13.42:641][467]LogModuleManager: Shutting down and abandoning module AutomationController (682)
[2026.04.28-04.13.42:641][467]LogModuleManager: Shutting down and abandoning module AutomationWindow (680)
[2026.04.28-04.13.42:641][467]LogModuleManager: Shutting down and abandoning module Layers (678)
[2026.04.28-04.13.42:641][467]LogModuleManager: Shutting down and abandoning module ComponentVisualizers (676)
[2026.04.28-04.13.42:641][467]LogModuleManager: Shutting down and abandoning module DetailCustomizations (674)
[2026.04.28-04.13.42:641][467]LogModuleManager: Shutting down and abandoning module PackagesDialog (672)
[2026.04.28-04.13.42:641][467]LogModuleManager: Shutting down and abandoning module AnimationBlueprintEditor (670)
[2026.04.28-04.13.42:641][467]LogModuleManager: Shutting down and abandoning module Persona (668)
[2026.04.28-04.13.42:641][467]LogModuleManager: Shutting down and abandoning module AdvancedPreviewScene (667)
[2026.04.28-04.13.42:641][467]LogModuleManager: Shutting down and abandoning module AnimGraph (665)
[2026.04.28-04.13.42:641][467]LogModuleManager: Shutting down and abandoning module Kismet (662)
[2026.04.28-04.13.42:641][467]LogModuleManager: Shutting down and abandoning module KismetWidgets (661)
[2026.04.28-04.13.42:642][467]LogModuleManager: Shutting down and abandoning module GraphEditor (658)
[2026.04.28-04.13.42:642][467]LogModuleManager: Shutting down and abandoning module StructViewer (656)
[2026.04.28-04.13.42:642][467]LogModuleManager: Shutting down and abandoning module ClassViewer (654)
[2026.04.28-04.13.42:642][467]LogModuleManager: Shutting down and abandoning module Toolbox (652)
[2026.04.28-04.13.42:642][467]LogModuleManager: Shutting down and abandoning module ModuleUI (650)
[2026.04.28-04.13.42:642][467]LogModuleManager: Shutting down and abandoning module OutputLog (648)
[2026.04.28-04.13.42:642][467]LogModuleManager: Shutting down and abandoning module GammaUI (646)
[2026.04.28-04.13.42:643][467]LogModuleManager: Shutting down and abandoning module Documentation (644)
[2026.04.28-04.13.42:643][467]LogModuleManager: Shutting down and abandoning module LiveCoding (642)
[2026.04.28-04.13.42:643][467]LogModuleManager: Shutting down and abandoning module LevelSequence (640)
[2026.04.28-04.13.42:643][467]LogModuleManager: Shutting down and abandoning module MovieSceneTracks (638)
[2026.04.28-04.13.42:643][467]LogModuleManager: Shutting down and abandoning module MovieScene (636)
[2026.04.28-04.13.42:643][467]LogModuleManager: Shutting down and abandoning module StreamingPauseRendering (634)
[2026.04.28-04.13.42:643][467]LogModuleManager: Shutting down and abandoning module LauncherPlatform (632)
[2026.04.28-04.13.42:643][467]LogModuleManager: Shutting down and abandoning module AnalyticsET (630)
[2026.04.28-04.13.42:643][467]LogModuleManager: Shutting down and abandoning module PortalServices (628)
[2026.04.28-04.13.42:643][467]LogModuleManager: Shutting down and abandoning module PortalRpc (626)
[2026.04.28-04.13.42:643][467]LogModuleManager: Shutting down and abandoning module MessagingRpc (624)
[2026.04.28-04.13.42:643][467]LogModuleManager: Shutting down and abandoning module AudioMixerXAudio2 (622)
[2026.04.28-04.13.42:643][467]LogModuleManager: Shutting down and abandoning module AudioMixerCore (621)
[2026.04.28-04.13.42:643][467]LogModuleManager: Shutting down and abandoning module AIModule (618)
[2026.04.28-04.13.42:643][467]LogModuleManager: Shutting down and abandoning module GameplayDebugger (617)
[2026.04.28-04.13.42:643][467]LogModuleManager: Shutting down and abandoning module AITestSuite (615)
[2026.04.28-04.13.42:643][467]LogModuleManager: Shutting down and abandoning module NavigationSystem (613)
[2026.04.28-04.13.42:643][467]LogModuleManager: Shutting down and abandoning module ImageWriteQueue (610)
[2026.04.28-04.13.42:654][467]LogModuleManager: Shutting down and abandoning module ProfilerService (608)
[2026.04.28-04.13.42:774][467]LogModuleManager: Shutting down and abandoning module TaskGraph (606)
[2026.04.28-04.13.42:774][467]LogModuleManager: Shutting down and abandoning module AudioSynesthesiaEditor (604)
[2026.04.28-04.13.42:774][467]LogModuleManager: Shutting down and abandoning module OculusEditor (602)
[2026.04.28-04.13.42:774][467]LogModuleManager: Shutting down and abandoning module OculusInput (600)
[2026.04.28-04.13.42:774][467]LogModuleManager: Shutting down and abandoning module ContentBrowserFileDataSource (598)
[2026.04.28-04.13.42:774][467]LogModuleManager: Shutting down and abandoning module ContentBrowserAssetDataSource (596)
[2026.04.28-04.13.42:774][467]LogModuleManager: Shutting down and abandoning module ContentBrowserClassDataSource (594)
[2026.04.28-04.13.42:774][467]LogModuleManager: Shutting down and abandoning module CollectionManager (593)
[2026.04.28-04.13.42:775][467]LogModuleManager: Shutting down and abandoning module SynthesisEditor (590)
[2026.04.28-04.13.42:775][467]LogModuleManager: Shutting down and abandoning module Synthesis (588)
[2026.04.28-04.13.42:775][467]LogModuleManager: Shutting down and abandoning module TakeSequencer (586)
[2026.04.28-04.13.42:775][467]LogModuleManager: Shutting down and abandoning module TakeMovieScene (584)
[2026.04.28-04.13.42:775][467]LogModuleManager: Shutting down and abandoning module ProceduralMeshComponentEditor (582)
[2026.04.28-04.13.42:775][467]LogModuleManager: Shutting down and abandoning module ProceduralMeshComponent (580)
[2026.04.28-04.13.42:775][467]LogModuleManager: Shutting down and abandoning module OpenXREditor (578)
[2026.04.28-04.13.42:775][467]LogModuleManager: Shutting down and abandoning module MobilePatchingUtils (576)
[2026.04.28-04.13.42:775][467]LogModuleManager: Shutting down and abandoning module ScreenshotTools (574)
[2026.04.28-04.13.42:775][467]LogModuleManager: Shutting down and abandoning module GooglePAD (572)
[2026.04.28-04.13.42:775][467]LogModuleManager: Shutting down and abandoning module CableComponent (570)
[2026.04.28-04.13.42:775][467]LogModuleManager: Shutting down and abandoning module EditableMesh (568)
[2026.04.28-04.13.42:775][467]LogModuleManager: Shutting down and abandoning module CustomMeshComponent (566)
[2026.04.28-04.13.42:775][467]LogModuleManager: Shutting down and abandoning module ArchVisCharacter (564)
[2026.04.28-04.13.42:775][467]LogModuleManager: Shutting down and abandoning module AssetTags (562)
[2026.04.28-04.13.42:775][467]LogModuleManager: Shutting down and abandoning module AudioCapture (560)
[2026.04.28-04.13.42:775][467]LogModuleManager: Shutting down and abandoning module AudioCaptureRtAudio (559)
[2026.04.28-04.13.42:775][467]LogModuleManager: Shutting down and abandoning module AppleImageUtilsBlueprintSupport (556)
[2026.04.28-04.13.42:775][467]LogModuleManager: Shutting down and abandoning module AppleImageUtils (554)
[2026.04.28-04.13.42:775][467]LogModuleManager: Shutting down and abandoning module AndroidPermission (552)
[2026.04.28-04.13.42:775][467]LogModuleManager: Shutting down and abandoning module ActorLayerUtilitiesEditor (550)
[2026.04.28-04.13.42:775][467]LogModuleManager: Shutting down and abandoning module ActorLayerUtilities (548)
[2026.04.28-04.13.42:775][467]LogModuleManager: Shutting down and abandoning module TemplateSequence (546)
[2026.04.28-04.13.42:775][467]LogModuleManager: Shutting down and abandoning module MotoSynthEditor (544)
[2026.04.28-04.13.42:775][467]LogModuleManager: Shutting down and abandoning module MotoSynth (542)
[2026.04.28-04.13.42:775][467]LogModuleManager: Shutting down and abandoning module OpenImageDenoise (540)
[2026.04.28-04.13.42:775][467]LogOpenImageDenoise: OIDN shutting down
[2026.04.28-04.13.42:775][467]LogModuleManager: Shutting down and abandoning module MeshConversion (538)
[2026.04.28-04.13.42:775][467]LogModuleManager: Shutting down and abandoning module DynamicMesh (536)
[2026.04.28-04.13.42:775][467]LogModuleManager: Shutting down and abandoning module GeometryAlgorithms (534)
[2026.04.28-04.13.42:775][467]LogModuleManager: Shutting down and abandoning module GeometricObjects (532)
[2026.04.28-04.13.42:775][467]LogModuleManager: Shutting down and abandoning module MediaCompositing (530)
[2026.04.28-04.13.42:775][467]LogModuleManager: Shutting down and abandoning module ImgMedia (528)
[2026.04.28-04.13.42:775][467]LogModuleManager: Shutting down and abandoning module ChaosSolverEditor (526)
[2026.04.28-04.13.42:775][467]LogModuleManager: Shutting down and abandoning module GeometryCollectionTracks (524)
[2026.04.28-04.13.42:775][467]LogModuleManager: Shutting down and abandoning module GeometryCollectionSequencer (523)
[2026.04.28-04.13.42:775][467]LogModuleManager: Shutting down and abandoning module GeometryCollectionEditor (520)
[2026.04.28-04.13.42:775][467]LogModuleManager: Shutting down and abandoning module GeometryCacheTracks (518)
[2026.04.28-04.13.42:775][467]LogModuleManager: Shutting down and abandoning module GeometryCacheStreamer (516)
[2026.04.28-04.13.42:775][467]LogModuleManager: Shutting down and abandoning module GeometryCacheSequencer (514)
[2026.04.28-04.13.42:775][467]LogModuleManager: Shutting down and abandoning module MagicLeapSharedWorld (512)
[2026.04.28-04.13.42:775][467]LogModuleManager: Shutting down and abandoning module FractureEditor (510)
[2026.04.28-04.13.42:775][467]LogModuleManager: Shutting down and abandoning module MagicLeapLightEstimation (508)
[2026.04.28-04.13.42:775][467]LogModuleManager: Shutting down and abandoning module MagicLeapHelperVulkan (506)
[2026.04.28-04.13.42:775][467]LogModuleManager: Shutting down and abandoning module MagicLeapHelperOpenGL (504)
[2026.04.28-04.13.42:775][467]LogModuleManager: Shutting down and abandoning module MagicLeapAudio (502)
[2026.04.28-04.13.42:775][467]LogModuleManager: Shutting down and abandoning module ChaosNiagara (500)
[2026.04.28-04.13.42:775][467]LogModuleManager: Shutting down and abandoning module FieldSystemEngine (499)
[2026.04.28-04.13.42:775][467]LogModuleManager: Shutting down and abandoning module ChaosClothEditor (496)
[2026.04.28-04.13.42:776][467]LogModuleManager: Shutting down and abandoning module BackChannel (494)
[2026.04.28-04.13.42:776][467]LogModuleManager: Shutting down and abandoning module AutomationUtilsEditor (492)
[2026.04.28-04.13.42:776][467]LogModuleManager: Shutting down and abandoning module AutomationUtils (490)
[2026.04.28-04.13.42:776][467]LogModuleManager: Shutting down and abandoning module AlembicImporter (488)
[2026.04.28-04.13.42:776][467]LogModuleManager: Shutting down and abandoning module AlembicLibrary (487)
[2026.04.28-04.13.42:776][467]LogModuleManager: Shutting down and abandoning module GeometryCache (486)
[2026.04.28-04.13.42:776][467]LogModuleManager: Shutting down and abandoning module GeometryCacheEd (485)
[2026.04.28-04.13.42:776][467]LogModuleManager: Shutting down and abandoning module NiagaraEditorWidgets (480)
[2026.04.28-04.13.42:776][467]LogModuleManager: Shutting down and abandoning module VariantManagerContentEditor (478)
[2026.04.28-04.13.42:776][467]LogModuleManager: Shutting down and abandoning module DatasmithContentEditor (476)
[2026.04.28-04.13.42:776][467]LogModuleManager: Shutting down and abandoning module SpeedTreeImporter (474)
[2026.04.28-04.13.42:776][467]LogModuleManager: Shutting down and abandoning module PluginBrowser (472)
[2026.04.28-04.13.42:776][467]LogModuleManager: Shutting down and abandoning module VisualStudioSourceCodeAccess (470)
[2026.04.28-04.13.42:776][467]LogModuleManager: Shutting down and abandoning module VisualStudioCodeSourceCodeAccess (468)
[2026.04.28-04.13.42:776][467]LogModuleManager: Shutting down and abandoning module MobileLauncherProfileWizard (466)
[2026.04.28-04.13.42:776][467]LogModuleManager: Shutting down and abandoning module MaterialAnalyzer (464)
[2026.04.28-04.13.42:776][467]LogModuleManager: Shutting down and abandoning module CurveEditorTools (462)
[2026.04.28-04.13.42:776][467]LogModuleManager: Shutting down and abandoning module CryptoKeysOpenSSL (460)
[2026.04.28-04.13.42:776][467]LogModuleManager: Shutting down and abandoning module CryptoKeys (458)
[2026.04.28-04.13.42:776][467]LogModuleManager: Shutting down and abandoning module UObjectPlugin (456)
[2026.04.28-04.13.42:776][467]LogModuleManager: Shutting down and abandoning module RiderSourceCodeAccess (454)
[2026.04.28-04.13.42:776][467]LogModuleManager: Shutting down and abandoning module SubversionSourceControl (452)
[2026.04.28-04.13.42:776][467]LogModuleManager: Shutting down and abandoning module PluginUtils (450)
[2026.04.28-04.13.42:776][467]LogModuleManager: Shutting down and abandoning module PlasticSourceControl (448)
[2026.04.28-04.13.42:776][467]LogModuleManager: Shutting down and abandoning module PerforceSourceControl (446)
[2026.04.28-04.13.42:776][467]LogModuleManager: Shutting down and abandoning module GitSourceControl (444)
[2026.04.28-04.13.42:776][467]LogModuleManager: Shutting down and abandoning module SourceControl (443)
[2026.04.28-04.13.42:776][467]LogModuleManager: Shutting down and abandoning module CLionSourceCodeAccess (440)
[2026.04.28-04.13.42:776][467]LogModuleManager: Shutting down and abandoning module OodleNetworkHandlerComponent (438)
[2026.04.28-04.13.42:776][467]LogModuleManager: Shutting down and abandoning module AnimationSharingEd (436)
[2026.04.28-04.13.42:776][467]LogModuleManager: Shutting down and abandoning module LightPropagationVolumeEditor (434)
[2026.04.28-04.13.42:776][467]LogModuleManager: Shutting down and abandoning module LiveLinkSequencer (432)
[2026.04.28-04.13.42:776][467]LogModuleManager: Shutting down and abandoning module LiveLinkMovieScene (430)
[2026.04.28-04.13.42:776][467]LogModuleManager: Shutting down and abandoning module LiveLinkGraphNode (428)
[2026.04.28-04.13.42:776][467]LogModuleManager: Shutting down and abandoning module LiveLinkEditor (426)
[2026.04.28-04.13.42:776][467]LogModuleManager: Shutting down and abandoning module LiveLinkComponents (424)
[2026.04.28-04.13.42:776][467]LogModuleManager: Shutting down and abandoning module LiveLink (422)
[2026.04.28-04.13.43:041][467]LogModuleManager: Shutting down and abandoning module PaperTiledImporter (420)
[2026.04.28-04.13.43:041][467]LogModuleManager: Shutting down and abandoning module PaperSpriteSheetImporter (418)
[2026.04.28-04.13.43:041][467]LogModuleManager: Shutting down and abandoning module Paper2DEditor (416)
[2026.04.28-04.13.43:041][467]LogModuleManager: Shutting down and abandoning module MeshPaintingToolset (414)
[2026.04.28-04.13.43:041][467]LogModuleManager: Shutting down and abandoning module MeshPaintEditorMode (412)
[2026.04.28-04.13.43:041][467]LogModuleManager: Shutting down and abandoning module SoundFields (410)
[2026.04.28-04.13.43:041][467]LogModuleManager: Shutting down and abandoning module RuntimePhysXCooking (408)
[2026.04.28-04.13.43:041][467]LogModuleManager: Shutting down and abandoning module SignificanceManager (406)
[2026.04.28-04.13.43:041][467]LogModuleManager: Shutting down and abandoning module PropertyAccessEditor (404)
[2026.04.28-04.13.43:041][467]LogModuleManager: Shutting down and abandoning module PhysXVehiclesEditor (402)
[2026.04.28-04.13.43:041][467]LogModuleManager: Shutting down and abandoning module LocationServicesBPLibrary (398)
[2026.04.28-04.13.43:041][467]LogModuleManager: Shutting down and abandoning module AudioSynesthesia (396)
[2026.04.28-04.13.43:041][467]LogModuleManager: Shutting down and abandoning module AudioSynesthesiaCore (394)
[2026.04.28-04.13.43:041][467]LogModuleManager: Shutting down and abandoning module TcpMessaging (392)
[2026.04.28-04.13.43:142][467]LogModuleManager: Shutting down and abandoning module ActorSequence (390)
[2026.04.28-04.13.43:142][467]LogModuleManager: Shutting down and abandoning module UdpMessaging (388)
[2026.04.28-04.13.43:243][467]LogModuleManager: Shutting down and abandoning module PythonScriptPlugin (386)
[2026.04.28-04.13.43:243][467]LogModuleManager: Shutting down and abandoning module ImgMediaEngine (384)
[2026.04.28-04.13.43:243][467]LogModuleManager: Shutting down and abandoning module MagicLeapARPin (382)
[2026.04.28-04.13.43:243][467]LogModuleManager: Shutting down and abandoning module MagicLeapHandMeshing (380)
[2026.04.28-04.13.43:243][467]LogModuleManager: Shutting down and abandoning module MagicLeapSecureStorage (378)
[2026.04.28-04.13.43:243][467]LogModuleManager: Shutting down and abandoning module MagicLeapPrivileges (376)
[2026.04.28-04.13.43:243][467]LogModuleManager: Shutting down and abandoning module MagicLeapPlanes (374)
[2026.04.28-04.13.43:243][467]LogMagicLeapPlanes: Planes tracker already destroyed.
[2026.04.28-04.13.43:243][467]LogModuleManager: Shutting down and abandoning module MagicLeapImageTracker (372)
[2026.04.28-04.13.43:243][467]LogModuleManager: Shutting down and abandoning module MagicLeapIdentity (370)
[2026.04.28-04.13.43:243][467]LogModuleManager: Shutting down and abandoning module MagicLeapHandTracking (368)
[2026.04.28-04.13.43:243][467]LogModuleManager: Shutting down and abandoning module MagicLeapEyeTracker (366)
[2026.04.28-04.13.43:243][467]LogModuleManager: Shutting down and abandoning module MagicLeapController (364)
[2026.04.28-04.13.43:243][467]LogModuleManager: Shutting down and abandoning module MagicLeapARPinImpl (362)
[2026.04.28-04.13.43:243][467]LogModuleManager: Shutting down and abandoning module MagicLeapAR (360)
[2026.04.28-04.13.43:243][467]LogModuleManager: Shutting down and abandoning module NiagaraAnimNotifies (358)
[2026.04.28-04.13.43:243][467]LogModuleManager: Shutting down and abandoning module Niagara (356)
[2026.04.28-04.13.43:243][467]LogModuleManager: Shutting down and abandoning module SignalProcessing (355)
[2026.04.28-04.13.43:243][467]LogModuleManager: Shutting down and abandoning module NiagaraEditor (353)
[2026.04.28-04.13.43:243][467]LogModuleManager: Shutting down and abandoning module NiagaraCore (350)
[2026.04.28-04.13.43:243][467]LogModuleManager: Shutting down and abandoning module GameplayTagsEditor (348)
[2026.04.28-04.13.43:243][467]LogModuleManager: Shutting down and abandoning module FacialAnimationEditor (346)
[2026.04.28-04.13.43:243][467]LogModuleManager: Shutting down and abandoning module FacialAnimation (344)
[2026.04.28-04.13.43:243][467]LogModuleManager: Shutting down and abandoning module DataValidation (342)
[2026.04.28-04.13.43:243][467]LogModuleManager: Shutting down and abandoning module AssetManagerEditor (340)
[2026.04.28-04.13.43:244][467]LogModuleManager: Shutting down and abandoning module LevelEditor (339)
[2026.04.28-04.13.43:245][467]LogModuleManager: Shutting down and abandoning module PixelInspectorModule (338)
[2026.04.28-04.13.43:245][467]LogModuleManager: Shutting down and abandoning module CommonMenuExtensions (336)
[2026.04.28-04.13.43:245][467]LogModuleManager: Shutting down and abandoning module MainFrame (334)
[2026.04.28-04.13.43:245][467]LogModuleManager: Shutting down and abandoning module HotReload (333)
[2026.04.28-04.13.43:246][467]LogModuleManager: Shutting down and abandoning module ToolMenus (329)
[2026.04.28-04.13.43:246][467]LogModuleManager: Shutting down and abandoning module ContentBrowser (327)
[2026.04.28-04.13.43:246][467]LogModuleManager: Shutting down and abandoning module ContentBrowserData (326)
[2026.04.28-04.13.43:246][467]LogModuleManager: Shutting down and abandoning module TreeMap (323)
[2026.04.28-04.13.43:246][467]LogModuleManager: Shutting down and abandoning module PropertyAccessNode (320)
[2026.04.28-04.13.43:246][467]LogModuleManager: Shutting down and abandoning module AnimationSharing (318)
[2026.04.28-04.13.43:246][467]LogModuleManager: Shutting down and abandoning module GameplayCameras (316)
[2026.04.28-04.13.43:246][467]LogModuleManager: Shutting down and abandoning module LightPropagationVolumeRuntime (314)
[2026.04.28-04.13.43:246][467]LogModuleManager: Shutting down and abandoning module EnvironmentQueryEditor (312)
[2026.04.28-04.13.43:246][467]LogModuleManager: Shutting down and abandoning module Paper2D (310)
[2026.04.28-04.13.43:246][467]LogModuleManager: Shutting down and abandoning module WindowsMoviePlayer (308)
[2026.04.28-04.13.43:248][467]LogModuleManager: Shutting down and abandoning module WebMMoviePlayer (306)
[2026.04.28-04.13.43:248][467]LogModuleManager: Shutting down and abandoning module NetworkReplayStreaming (304)
[2026.04.28-04.13.43:248][467]LogModuleManager: Shutting down and abandoning module PacketHandler (302)
[2026.04.28-04.13.43:248][467]LogModuleManager: Shutting down and abandoning module ClothingSystemEditor (300)
[2026.04.28-04.13.43:248][467]LogModuleManager: Shutting down and abandoning module ClothingSystemRuntimeNv (298)
[2026.04.28-04.13.43:248][467]LogModuleManager: Shutting down and abandoning module MediaAssets (296)
[2026.04.28-04.13.43:248][467]LogModuleManager: Shutting down and abandoning module Overlay (294)
[2026.04.28-04.13.43:248][467]LogModuleManager: Shutting down and abandoning module OverlayEditor (293)
[2026.04.28-04.13.43:248][467]LogModuleManager: Shutting down and abandoning module VREditor (290)
[2026.04.28-04.13.43:248][467]LogModuleManager: Shutting down and abandoning module StringTableEditor (288)
[2026.04.28-04.13.43:248][467]LogModuleManager: Shutting down and abandoning module GameplayTasksEditor (286)
[2026.04.28-04.13.43:248][467]LogModuleManager: Shutting down and abandoning module BehaviorTreeEditor (284)
[2026.04.28-04.13.43:248][467]LogModuleManager: Shutting down and abandoning module FunctionalTesting (282)
[2026.04.28-04.13.43:248][467]LogModuleManager: Shutting down and abandoning module CollisionAnalyzer (280)
[2026.04.28-04.13.43:248][467]LogModuleManager: Shutting down and abandoning module WorkspaceMenuStructure (279)
[2026.04.28-04.13.43:248][467]LogModuleManager: Shutting down and abandoning module UMG (276)
[2026.04.28-04.13.43:248][467]LogModuleManager: Shutting down and abandoning module UMGEditor (275)
[2026.04.28-04.13.43:248][467]LogModuleManager: Shutting down and abandoning module MessageLog (273)
[2026.04.28-04.13.43:248][467]LogModuleManager: Shutting down and abandoning module SlateReflector (268)
[2026.04.28-04.13.43:249][467]LogModuleManager: Shutting down and abandoning module Slate (266)
[2026.04.28-04.13.43:249][467]LogModuleManager: Shutting down and abandoning module SlateCore (264)
[2026.04.28-04.13.43:250][467]LogModuleManager: Shutting down and abandoning module LandscapeEditorUtilities (262)
[2026.04.28-04.13.43:250][467]LogModuleManager: Shutting down and abandoning module UnrealEd (260)
[2026.04.28-04.13.43:250][467]LogModuleManager: Shutting down and abandoning module MRMesh (258)
[2026.04.28-04.13.43:250][467]LogModuleManager: Shutting down and abandoning module SourceCodeAccess (256)
[2026.04.28-04.13.43:250][467]LogModuleManager: Shutting down and abandoning module HeadMountedDisplay (254)
[2026.04.28-04.13.43:250][467]LogModuleManager: Shutting down and abandoning module XAudio2 (252)
[2026.04.28-04.13.43:250][467]LogModuleManager: Shutting down and abandoning module Networking (250)
[2026.04.28-04.13.43:250][467]LogModuleManager: Shutting down and abandoning module Core (248)
[2026.04.28-04.13.43:250][467]LogModuleManager: Shutting down and abandoning module MaterialEditor (246)
[2026.04.28-04.13.43:250][467]LogModuleManager: Shutting down and abandoning module MovieSceneTools (244)
[2026.04.28-04.13.43:250][467]LogModuleManager: Shutting down and abandoning module CurveEditor (243)
[2026.04.28-04.13.43:250][467]LogModuleManager: Shutting down and abandoning module Sequencer (241)
[2026.04.28-04.13.43:250][467]LogModuleManager: Shutting down and abandoning module EditorStyle (240)
[2026.04.28-04.13.43:251][467]LogModuleManager: Shutting down and abandoning module KismetCompiler (236)
[2026.04.28-04.13.43:251][467]LogModuleManager: Shutting down and abandoning module MeshBuilder (234)
[2026.04.28-04.13.43:251][467]LogModuleManager: Shutting down and abandoning module MeshUtilities (232)
[2026.04.28-04.13.43:251][467]LogModuleManager: Shutting down and abandoning module MeshMergeUtilities (231)
[2026.04.28-04.13.43:251][467]LogModuleManager: Shutting down and abandoning module MeshReductionInterface (230)
[2026.04.28-04.13.43:251][467]LogModuleManager: Shutting down and abandoning module MeshBoneReduction (229)
[2026.04.28-04.13.43:251][467]LogModuleManager: Shutting down and abandoning module SkeletalMeshReduction (227)
[2026.04.28-04.13.43:251][467]LogModuleManager: Shutting down and abandoning module ProxyLODMeshReduction (225)
[2026.04.28-04.13.43:251][467]LogModuleManager: Shutting down and abandoning module QuadricMeshReduction (223)
[2026.04.28-04.13.43:251][467]LogModuleManager: Shutting down and abandoning module MaterialBaking (219)
[2026.04.28-04.13.43:251][467]LogModuleManager: Shutting down and abandoning module NullInstallBundleManager (214)
[2026.04.28-04.13.43:251][467]LogModuleManager: Shutting down and abandoning module DerivedDataCache (212)
[2026.04.28-04.13.43:252][467]LogModuleManager: Shutting down and abandoning module TargetPlatform (210)
[2026.04.28-04.13.43:252][467]LogModuleManager: Shutting down and abandoning module VulkanShaderFormat (209)
[2026.04.28-04.13.43:252][467]LogModuleManager: Shutting down and abandoning module ShaderFormatVectorVM (207)
[2026.04.28-04.13.43:252][467]LogModuleManager: Shutting down and abandoning module ShaderFormatOpenGL (205)
[2026.04.28-04.13.43:252][467]LogModuleManager: Shutting down and abandoning module ShaderFormatD3D (203)
[2026.04.28-04.13.43:252][467]LogModuleManager: Shutting down and abandoning module MetalShaderFormat (201)
[2026.04.28-04.13.43:252][467]LogModuleManager: Shutting down and abandoning module TextureFormatOodle (199)
[2026.04.28-04.13.43:252][467]LogModuleManager: Shutting down and abandoning module TextureFormatUncompressed (197)
[2026.04.28-04.13.43:252][467]LogModuleManager: Shutting down and abandoning module TextureFormatPVR (195)
[2026.04.28-04.13.43:252][467]LogModuleManager: Shutting down and abandoning module TextureFormatETC2 (193)
[2026.04.28-04.13.43:252][467]LogModuleManager: Shutting down and abandoning module TextureFormatDXT (191)
[2026.04.28-04.13.43:252][467]LogModuleManager: Shutting down and abandoning module TextureFormatIntelISPCTexComp (189)
[2026.04.28-04.13.43:252][467]LogModuleManager: Shutting down and abandoning module TextureFormatASTC (187)
[2026.04.28-04.13.43:252][467]LogModuleManager: Shutting down and abandoning module ImageWrapper (186)
[2026.04.28-04.13.43:252][467]LogModuleManager: Shutting down and abandoning module AudioFormatOpus (183)
[2026.04.28-04.13.43:252][467]LogModuleManager: Shutting down and abandoning module AudioFormatOgg (181)
[2026.04.28-04.13.43:252][467]LogModuleManager: Shutting down and abandoning module AudioFormatADPCM (179)
[2026.04.28-04.13.43:252][467]LogModuleManager: Shutting down and abandoning module WindowsServerTargetPlatform (177)
[2026.04.28-04.13.43:252][467]LogModuleManager: Shutting down and abandoning module WindowsClientTargetPlatform (175)
[2026.04.28-04.13.43:252][467]LogModuleManager: Shutting down and abandoning module WindowsTargetPlatform (173)
[2026.04.28-04.13.43:252][467]LogModuleManager: Shutting down and abandoning module WindowsNoEditorTargetPlatform (171)
[2026.04.28-04.13.43:252][467]LogModuleManager: Shutting down and abandoning module TVOSTargetPlatform (169)
[2026.04.28-04.13.43:253][467]LogModuleManager: Shutting down and abandoning module MacServerTargetPlatform (167)
[2026.04.28-04.13.43:253][467]LogModuleManager: Shutting down and abandoning module MacClientTargetPlatform (165)
[2026.04.28-04.13.43:253][467]LogModuleManager: Shutting down and abandoning module MacTargetPlatform (163)
[2026.04.28-04.13.43:253][467]LogModuleManager: Shutting down and abandoning module MacNoEditorTargetPlatform (161)
[2026.04.28-04.13.43:253][467]LogModuleManager: Shutting down and abandoning module LuminTargetPlatform (159)
[2026.04.28-04.13.43:254][467]LogModuleManager: Shutting down and abandoning module LinuxAArch64ServerTargetPlatform (157)
[2026.04.28-04.13.43:254][467]LogModuleManager: Shutting down and abandoning module LinuxAArch64ClientTargetPlatform (155)
[2026.04.28-04.13.43:254][467]LogModuleManager: Shutting down and abandoning module LinuxAArch64NoEditorTargetPlatform (153)
[2026.04.28-04.13.43:254][467]LogModuleManager: Shutting down and abandoning module LinuxServerTargetPlatform (151)
[2026.04.28-04.13.43:254][467]LogModuleManager: Shutting down and abandoning module LinuxClientTargetPlatform (149)
[2026.04.28-04.13.43:254][467]LogModuleManager: Shutting down and abandoning module LinuxNoEditorTargetPlatform (147)
[2026.04.28-04.13.43:254][467]LogModuleManager: Shutting down and abandoning module LinuxTargetPlatform (145)
[2026.04.28-04.13.43:254][467]LogModuleManager: Shutting down and abandoning module Messaging (143)
[2026.04.28-04.13.43:254][467]LogModuleManager: Shutting down and abandoning module IOSTargetPlatform (141)
[2026.04.28-04.13.43:255][467]LogModuleManager: Shutting down and abandoning module AndroidTargetPlatform (139)
[2026.04.28-04.13.43:259][467]LogModuleManager: Shutting down and abandoning module AllDesktopTargetPlatform (137)
[2026.04.28-04.13.43:259][467]LogModuleManager: Shutting down and abandoning module D3D12RHI (134)
[2026.04.28-04.13.43:259][467]LogModuleManager: Shutting down and abandoning module InputCore (132)
[2026.04.28-04.13.43:259][467]LogModuleManager: Shutting down and abandoning module Settings (130)
[2026.04.28-04.13.43:259][467]LogModuleManager: Shutting down and abandoning module DirectoryWatcher (128)
[2026.04.28-04.13.43:259][467]LogModuleManager: Shutting down and abandoning module PhysXCooking (126)
[2026.04.28-04.13.43:259][467]LogModuleManager: Shutting down and abandoning module Chaos (124)
[2026.04.28-04.13.43:259][467]LogModuleManager: Shutting down and abandoning module WindowsPlatformFeatures (122)
[2026.04.28-04.13.43:259][467]LogModuleManager: Shutting down and abandoning module GameplayMediaEncoder (121)
[2026.04.28-04.13.43:259][467]LogModuleManager: Shutting down and abandoning module AVEncoder (120)
[2026.04.28-04.13.43:259][467]LogModuleManager: Shutting down and abandoning module SteamVRInputDevice (116)
[2026.04.28-04.13.43:259][467]LogModuleManager: Shutting down and abandoning module SteamVRInput (114)
[2026.04.28-04.13.43:259][467]LogModuleManager: Shutting down and abandoning module SteamVR (112)
[2026.04.28-04.13.43:259][467]LogHMD: Freeing OpenVRDLLHandle.
[2026.04.28-04.13.43:260][467]LogModuleManager: Shutting down and abandoning module OculusHMD (110)
[2026.04.28-04.13.43:260][467]LogModuleManager: Shutting down and abandoning module OpenXRAR (108)
[2026.04.28-04.13.43:260][467]LogModuleManager: Shutting down and abandoning module AugmentedReality (107)
[2026.04.28-04.13.43:260][467]LogModuleManager: Shutting down and abandoning module OpenXRHandTracking (104)
[2026.04.28-04.13.43:281][467]LogSlate: Slate User Destroyed.  User Index 0, Is Virtual User: 0
[2026.04.28-04.13.43:281][467]LogModuleManager: Shutting down and abandoning module OpenXRHMD (103)
[2026.04.28-04.13.43:281][467]LogModuleManager: Shutting down and abandoning module OpenXREyeTracker (100)
[2026.04.28-04.13.43:281][467]LogModuleManager: Shutting down and abandoning module ChunkDownloader (98)
[2026.04.28-04.13.43:281][467]LogModuleManager: Shutting down and abandoning module ExampleDeviceProfileSelector (96)
[2026.04.28-04.13.43:281][467]LogModuleManager: Shutting down and abandoning module OnlineBlueprintSupport (94)
[2026.04.28-04.13.43:281][467]LogModuleManager: Shutting down and abandoning module LauncherChunkInstaller (90)
[2026.04.28-04.13.43:281][467]LogModuleManager: Shutting down and abandoning module OnlineSubsystem (88)
[2026.04.28-04.13.43:283][467]LogModuleManager: Shutting down and abandoning module XMPP (83)
[2026.04.28-04.13.43:283][467]LogModuleManager: Shutting down and abandoning module WebSockets (82)
[2026.04.28-04.13.43:291][467]LogModuleManager: Shutting down and abandoning module HTTP (79)
[2026.04.28-04.13.43:291][467]LogHttp: Display: Http module shutting down, but needs to wait on 1 outstanding Http requests:
[2026.04.28-04.13.43:291][467]LogHttp: Display: 	verb=[POST] url=[https://datarouter.ol.epicgames.com/datarouter/api/v1/public/data?SessionID=%7B10550724-4E28-FF95-7B0D-D094C77019D8%7D&AppID=UEEditor.Rocket.Release&AppVersion=4.27.2-18319896%2B%2B%2BUE4%2BRelease-4.27&UserID=b2f485ad4ea200c5b1e8999a2ddfaa91%7C0dc0f68f5a044e68aeeab0df9940f30c%7Cb761530e-cef3-4431-b2c7-b281c6a3a094&AppEnvironment=datacollector-binary&UploadType=eteventstream] refs=[1] status=Processing
[2026.04.28-04.13.43:291][467]LogHttp: Display: cleaning up 1 outstanding Http requests.
[2026.04.28-04.13.43:294][467]LogModuleManager: Shutting down and abandoning module SSL (78)
[2026.04.28-04.13.43:296][467]LogModuleManager: Shutting down and abandoning module WmfMedia (74)
[2026.04.28-04.13.43:299][467]LogModuleManager: Shutting down and abandoning module Media (73)
[2026.04.28-04.13.43:300][467]LogModuleManager: Shutting down and abandoning module MediaInfo (72)
[2026.04.28-04.13.43:300][467]LogModuleManager: Shutting down and abandoning module ExrReaderGpu (68)
[2026.04.28-04.13.43:300][467]LogModuleManager: Shutting down and abandoning module MLSDK (66)
[2026.04.28-04.13.43:300][467]LogModuleManager: Shutting down and abandoning module MagicLeap (64)
[2026.04.28-04.13.43:300][467]LogModuleManager: Shutting down and abandoning module ChaosCloth (62)
[2026.04.28-04.13.43:300][467]LogModuleManager: Shutting down and abandoning module NiagaraVertexFactories (60)
[2026.04.28-04.13.43:300][467]LogModuleManager: Shutting down and abandoning module NiagaraShader (58)
[2026.04.28-04.13.43:300][467]LogModuleManager: Shutting down and abandoning module VariantManagerContent (56)
[2026.04.28-04.13.43:300][467]LogModuleManager: Shutting down and abandoning module DatasmithContent (54)
[2026.04.28-04.13.43:301][467]LogModuleManager: Shutting down and abandoning module PixWinPlugin (52)
[2026.04.28-04.13.43:301][467]LogModuleManager: Shutting down and abandoning module AISupportModule (50)
[2026.04.28-04.13.43:301][467]LogModuleManager: Shutting down and abandoning module DesktopPlatform (48)
[2026.04.28-04.13.43:301][467]LogModuleManager: Shutting down and abandoning module PlatformCryptoOpenSSL (46)
[2026.04.28-04.13.43:301][467]LogModuleManager: Shutting down and abandoning module PlatformCryptoTypes (44)
[2026.04.28-04.13.43:301][467]LogModuleManager: Shutting down and abandoning module PlatformCrypto (42)
[2026.04.28-04.13.43:301][467]LogModuleManager: Shutting down and abandoning module PythonScriptPluginPreload (40)
[2026.04.28-04.13.43:301][467]LogModuleManager: Shutting down and abandoning module OodleDataCompressionFormat (38)
[2026.04.28-04.13.43:301][467]LogModuleManager: Shutting down and abandoning module XGEController (36)
[2026.04.28-04.13.43:301][467]LogModuleManager: Shutting down and abandoning module AnimationModifiers (34)
[2026.04.28-04.13.43:301][467]LogModuleManager: Shutting down and abandoning module AudioEditor (32)
[2026.04.28-04.13.43:301][467]LogModuleManager: Shutting down and abandoning module PropertyEditor (31)
[2026.04.28-04.13.43:301][467]LogModuleManager: Shutting down and abandoning module TextureCompressor (28)
[2026.04.28-04.13.43:302][467]LogModuleManager: Shutting down and abandoning module RenderCore (26)
[2026.04.28-04.13.43:302][467]LogModuleManager: Shutting down and abandoning module Landscape (24)
[2026.04.28-04.13.43:302][467]LogModuleManager: Shutting down and abandoning module SlateRHIRenderer (22)
[2026.04.28-04.13.43:302][467]LogModuleManager: Shutting down and abandoning module AnimGraphRuntime (20)
[2026.04.28-04.13.43:302][467]LogModuleManager: Shutting down and abandoning module Renderer (18)
[2026.04.28-04.13.43:302][467]LogModuleManager: Shutting down and abandoning module Engine (16)
[2026.04.28-04.13.43:302][467]LogModuleManager: Shutting down and abandoning module CoreUObject (14)
[2026.04.28-04.13.43:302][467]LogModuleManager: Shutting down and abandoning module NetworkFile (12)
[2026.04.28-04.13.43:302][467]LogModuleManager: Shutting down and abandoning module CookedIterativeFile (10)
[2026.04.28-04.13.43:302][467]LogModuleManager: Shutting down and abandoning module StreamingFile (8)
[2026.04.28-04.13.43:302][467]LogModuleManager: Shutting down and abandoning module SandboxFile (6)
[2026.04.28-04.13.43:302][467]LogModuleManager: Shutting down and abandoning module PakFile (4)
[2026.04.28-04.13.43:302][467]LogModuleManager: Shutting down and abandoning module RSA (3)
[2026.04.28-04.13.43:302][467]LogContentStreaming: Display: There are 1 unreleased StreamingManagers
[2026.04.28-04.13.43:407][467]LogD3D12RHI: Display: D3D12 ReleaseResources: 111 items to release
[2026.04.28-04.13.43:407][467]LogD3D12RHI: Display: D3D12 ReleaseResources: "D3D12RHIObjectUniqueName453", 32 x 32 x 1, Mips: 1, Format: 0x5A, Flags: 0x1
[2026.04.28-04.13.43:407][467]LogD3D12RHI: Display: D3D12 ReleaseResources: "D3D12RHIObjectUniqueName452", 32 x 32 x 1, Mips: 1, Format: 0x5A, Flags: 0x1
[2026.04.28-04.13.43:407][467]LogD3D12RHI: Display: D3D12 ReleaseResources: "D3D12RHIObjectUniqueName451", 32 x 32 x 1, Mips: 1, Format: 0x5A, Flags: 0x1
[2026.04.28-04.13.43:407][467]LogD3D12RHI: Display: D3D12 ReleaseResources: "D3D12RHIObjectUniqueName450", 32 x 32 x 1, Mips: 1, Format: 0x5A, Flags: 0x1
[2026.04.28-04.13.43:407][467]LogD3D12RHI: Display: D3D12 ReleaseResources: "D3D12RHIObjectUniqueName449", 32 x 32 x 1, Mips: 1, Format: 0x5A, Flags: 0x1
[2026.04.28-04.13.43:408][467]LogD3D12RHI: Display: D3D12 ReleaseResources: "D3D12RHIObjectUniqueName448", 32 x 32 x 1, Mips: 1, Format: 0x5A, Flags: 0x1
[2026.04.28-04.13.43:408][467]LogD3D12RHI: Display: D3D12 ReleaseResources: "D3D12RHIObjectUniqueName447", 32 x 32 x 1, Mips: 1, Format: 0x5A, Flags: 0x1
[2026.04.28-04.13.43:408][467]LogD3D12RHI: Display: D3D12 ReleaseResources: "Scene view state exposure readback", 16 x 1 x 1, Mips: 1, Format: 0x0, Flags: 0x0
[2026.04.28-04.13.43:408][467]LogD3D12RHI: Display: D3D12 ReleaseResources: "Scene view state exposure readback", 16 x 1 x 1, Mips: 1, Format: 0x0, Flags: 0x0
[2026.04.28-04.13.43:409][467]LogD3D12RHI: Display: D3D12 ReleaseResources: "Scene view state exposure readback", 16 x 1 x 1, Mips: 1, Format: 0x0, Flags: 0x0
[2026.04.28-04.13.43:409][467]LogD3D12RHI: Display: D3D12 ReleaseResources: "D3D12RHIObjectUniqueName454", 1207 x 567 x 1, Mips: 1, Format: 0x5A, Flags: 0x1
[2026.04.28-04.13.43:409][467]LogD3D12RHI: Display: D3D12 ReleaseResources: "D3D12RHIObjectUniqueName455", 2757852 x 1 x 1, Mips: 1, Format: 0x0, Flags: 0x0
[2026.04.28-04.13.43:409][467]LogD3D12RHI: Display: D3D12 ReleaseResources: "D3D12RHIObjectUniqueName461", 256 x 256 x 1, Mips: 1, Format: 0x5A, Flags: 0x1
[2026.04.28-04.13.43:409][467]LogD3D12RHI: Display: D3D12 ReleaseResources: "D3D12RHIObjectUniqueName470", 256 x 256 x 1, Mips: 1, Format: 0x5A, Flags: 0x1
[2026.04.28-04.13.43:409][467]LogD3D12RHI: Display: D3D12 ReleaseResources: "D3D12RHIObjectUniqueName456", 1207 x 567 x 1, Mips: 1, Format: 0x18, Flags: 0x1
[2026.04.28-04.13.43:410][467]LogD3D12RHI: Display: D3D12 ReleaseResources: "HZBResultsCPU", 262144 x 1 x 1, Mips: 1, Format: 0x0, Flags: 0x0
[2026.04.28-04.13.43:410][467]LogD3D12RHI: Display: D3D12 ReleaseResources: "HZBResultsCPU", 262144 x 1 x 1, Mips: 1, Format: 0x0, Flags: 0x0
[2026.04.28-04.13.43:410][467]LogD3D12RHI: Display: D3D12 ReleaseResources: "HZBResultsCPU", 262144 x 1 x 1, Mips: 1, Format: 0x0, Flags: 0x0
[2026.04.28-04.13.43:410][467]LogD3D12RHI: Display: D3D12 ReleaseResources: "HZBResultsCPU", 262144 x 1 x 1, Mips: 1, Format: 0x0, Flags: 0x0
[2026.04.28-04.13.43:410][467]LogD3D12RHI: Display: D3D12 ReleaseResources: "BackBuffer0", 724 x 124 x 1, Mips: 1, Format: 0x18, Flags: 0x1
[2026.04.28-04.13.43:410][467]LogD3D12RHI: Display: D3D12 ReleaseResources: "BackBuffer1", 724 x 124 x 1, Mips: 1, Format: 0x18, Flags: 0x1
[2026.04.28-04.13.43:410][467]LogD3D12RHI: Display: D3D12 ReleaseResources: "BackBuffer2", 724 x 124 x 1, Mips: 1, Format: 0x18, Flags: 0x1
[2026.04.28-04.13.43:412][467]LogD3D12RHI: Display: D3D12 ReleaseResources: "D3D12RHIObjectUniqueName462", 2048 x 2048 x 1, Mips: 1, Format: 0x5A, Flags: 0x0
[2026.04.28-04.13.43:412][467]LogD3D12RHI: Display: D3D12 ReleaseResources: "DaylightAmbientCubemap", 512 x 512 x 6, Mips: 10, Format: 0xA, Flags: 0x0
[2026.04.28-04.13.43:412][467]LogD3D12RHI: Display: D3D12 ReleaseResources: "ParticleAttributes", 1024 x 1024 x 1, Mips: 1, Format: 0x5A, Flags: 0x1
[2026.04.28-04.13.43:412][467]LogD3D12RHI: Display: D3D12 ReleaseResources: "ParticleAttributes", 1024 x 1024 x 1, Mips: 1, Format: 0x5A, Flags: 0x1
[2026.04.28-04.13.43:412][467]LogD3D12RHI: Display: D3D12 ReleaseResources: "ParticleStateVelocity", 1024 x 1024 x 1, Mips: 1, Format: 0xA, Flags: 0x1
[2026.04.28-04.13.43:412][467]LogD3D12RHI: Display: D3D12 ReleaseResources: "ParticleStatePosition", 1024 x 1024 x 1, Mips: 1, Format: 0x2, Flags: 0x1
[2026.04.28-04.13.43:413][467]LogD3D12RHI: Display: D3D12 ReleaseResources: "ParticleStateVelocity", 1024 x 1024 x 1, Mips: 1, Format: 0xA, Flags: 0x1
[2026.04.28-04.13.43:413][467]LogD3D12RHI: Display: D3D12 ReleaseResources: "ParticleStatePosition", 1024 x 1024 x 1, Mips: 1, Format: 0x2, Flags: 0x1
[2026.04.28-04.13.43:413][467]LogD3D12RHI: Display: D3D12 ReleaseResources: "DefaultBloomKernel", 2048 x 2048 x 1, Mips: 1, Format: 0xA, Flags: 0x0
[2026.04.28-04.13.43:413][467]LogD3D12RHI: Display: D3D12 ReleaseResources: "TextureRenderTarget2DResource", 256 x 256 x 1, Mips: 1, Format: 0xA, Flags: 0x1
[2026.04.28-04.13.43:413][467]LogD3D12RHI: Display: D3D12 ReleaseResources: "StencilDummy", 1 x 1 x 1, Mips: 1, Format: 0x1E, Flags: 0x1
[2026.04.28-04.13.43:413][467]LogD3D12RHI: Display: D3D12 ReleaseResources: "MidGreyDummy", 1 x 1 x 1, Mips: 1, Format: 0xA, Flags: 0x1
[2026.04.28-04.13.43:413][467]LogD3D12RHI: Display: D3D12 ReleaseResources: "ZeroUIntDummy", 1 x 1 x 1, Mips: 1, Format: 0x2A, Flags: 0x1
[2026.04.28-04.13.43:414][467]LogD3D12RHI: Display: D3D12 ReleaseResources: "VolumetricBlackDummy", 1 x 1 x 1, Mips: 1, Format: 0x5A, Flags: 0x1
[2026.04.28-04.13.43:414][467]LogD3D12RHI: Display: D3D12 ReleaseResources: "DefaultNormal8Bit", 1 x 1 x 1, Mips: 1, Format: 0x5A, Flags: 0x1
[2026.04.28-04.13.43:414][467]LogD3D12RHI: Display: D3D12 ReleaseResources: "GreenDummy", 1 x 1 x 1, Mips: 1, Format: 0x5A, Flags: 0x1
[2026.04.28-04.13.43:414][467]LogD3D12RHI: Display: D3D12 ReleaseResources: "MaxFP16Depth", 1 x 1 x 1, Mips: 1, Format: 0xA, Flags: 0x1
[2026.04.28-04.13.43:415][467]LogD3D12RHI: Display: D3D12 ReleaseResources: "BlackAlphaOneDummy", 1 x 1 x 1, Mips: 1, Format: 0x5A, Flags: 0x1
[2026.04.28-04.13.43:415][467]LogD3D12RHI: Display: D3D12 ReleaseResources: "TranslucentVolumeDir2", 64 x 64 x 64, Mips: 1, Format: 0xA, Flags: 0x5
[2026.04.28-04.13.43:415][467]LogD3D12RHI: Display: D3D12 ReleaseResources: "TranslucentVolume2", 64 x 64 x 64, Mips: 1, Format: 0xA, Flags: 0x5
[2026.04.28-04.13.43:415][467]LogD3D12RHI: Display: D3D12 ReleaseResources: "TranslucentVolumeDir1", 64 x 64 x 64, Mips: 1, Format: 0xA, Flags: 0x5
[2026.04.28-04.13.43:416][467]LogD3D12RHI: Display: D3D12 ReleaseResources: "TranslucentVolume1", 64 x 64 x 64, Mips: 1, Format: 0xA, Flags: 0x5
[2026.04.28-04.13.43:416][467]LogD3D12RHI: Display: D3D12 ReleaseResources: "TranslucentVolumeDir0", 64 x 64 x 64, Mips: 1, Format: 0xA, Flags: 0x5
[2026.04.28-04.13.43:416][467]LogD3D12RHI: Display: D3D12 ReleaseResources: "TranslucentVolume0", 64 x 64 x 64, Mips: 1, Format: 0xA, Flags: 0x5
[2026.04.28-04.13.43:416][467]LogD3D12RHI: Display: D3D12 ReleaseResources: "SkySHIrradianceMap", 9 x 1 x 1, Mips: 1, Format: 0xA, Flags: 0x1
[2026.04.28-04.13.43:416][467]LogD3D12RHI: Display: D3D12 ReleaseResources: "DiffuseIrradianceScratchCubemap1", 32 x 32 x 6, Mips: 6, Format: 0xA, Flags: 0x1
[2026.04.28-04.13.43:417][467]LogD3D12RHI: Display: D3D12 ReleaseResources: "DiffuseIrradianceScratchCubemap0", 32 x 32 x 6, Mips: 6, Format: 0xA, Flags: 0x1
[2026.04.28-04.13.43:417][467]LogD3D12RHI: Display: D3D12 ReleaseResources: "ReflectionColorScratchCubemap1", 128 x 128 x 6, Mips: 8, Format: 0xA, Flags: 0x1
[2026.04.28-04.13.43:417][467]LogD3D12RHI: Display: D3D12 ReleaseResources: "ReflectionColorScratchCubemap0", 128 x 128 x 6, Mips: 8, Format: 0xA, Flags: 0x1
[2026.04.28-04.13.43:418][467]LogD3D12RHI: Display: D3D12 ReleaseResources: "QuadOverdrawBuffer", 1208 x 284 x 1, Mips: 1, Format: 0x2A, Flags: 0x5
[2026.04.28-04.13.43:418][467]LogD3D12RHI: Display: D3D12 ReleaseResources: "ScreenSpaceAO", 1208 x 568 x 1, Mips: 1, Format: 0x3D, Flags: 0x5
[2026.04.28-04.13.43:418][467]LogD3D12RHI: Display: D3D12 ReleaseResources: "SmallDepthZ", 604 x 284 x 1, Mips: 1, Format: 0x13, Flags: 0x2
[2026.04.28-04.13.43:419][467]LogD3D12RHI: Display: D3D12 ReleaseResources: "SmallDepthZ", 604 x 284 x 1, Mips: 1, Format: 0x13, Flags: 0x2
[2026.04.28-04.13.43:419][467]LogD3D12RHI: Display: D3D12 ReleaseResources: "PreShadowCacheDepthZ", 4096 x 4096 x 1, Mips: 1, Format: 0x35, Flags: 0x2
[2026.04.28-04.13.43:419][467]LogD3D12RHI: Display: D3D12 ReleaseResources: "AtmosphereDeltaSM", 256 x 128 x 32, Mips: 1, Format: 0xA, Flags: 0x1
[2026.04.28-04.13.43:419][467]LogD3D12RHI: Display: D3D12 ReleaseResources: "AtmosphereDeltaSR", 256 x 128 x 32, Mips: 1, Format: 0xA, Flags: 0x1
[2026.04.28-04.13.43:419][467]LogD3D12RHI: Display: D3D12 ReleaseResources: "AtmosphereInscatter", 256 x 128 x 32, Mips: 1, Format: 0xA, Flags: 0x1
[2026.04.28-04.13.43:420][467]LogD3D12RHI: Display: D3D12 ReleaseResources: "AtmosphereDeltaE", 64 x 16 x 1, Mips: 1, Format: 0xA, Flags: 0x1
[2026.04.28-04.13.43:420][467]LogD3D12RHI: Display: D3D12 ReleaseResources: "AtmosphereIrradiance", 64 x 16 x 1, Mips: 1, Format: 0xA, Flags: 0x1
[2026.04.28-04.13.43:420][467]LogD3D12RHI: Display: D3D12 ReleaseResources: "AtmosphereTransmittance", 256 x 64 x 1, Mips: 1, Format: 0xA, Flags: 0x1
[2026.04.28-04.13.43:420][467]LogD3D12RHI: Display: D3D12 ReleaseResources: "AtmosphereDeltaJ", 256 x 128 x 32, Mips: 1, Format: 0xA, Flags: 0x1
[2026.04.28-04.13.43:420][467]LogD3D12RHI: Display: D3D12 ReleaseResources: "EyeAdaptation", 1 x 1 x 1, Mips: 1, Format: 0x2, Flags: 0x5
[2026.04.28-04.13.43:421][467]LogD3D12RHI: Display: D3D12 ReleaseResources: "EyeAdaptation", 1 x 1 x 1, Mips: 1, Format: 0x2, Flags: 0x5
[2026.04.28-04.13.43:421][467]LogD3D12RHI: Display: D3D12 ReleaseResources: "CombineLUT", 32 x 32 x 32, Mips: 1, Format: 0x18, Flags: 0x1
[2026.04.28-04.13.43:421][467]LogD3D12RHI: Display: D3D12 ReleaseResources: "WholeSceneShadowmap", 6144 x 2048 x 1, Mips: 1, Format: 0x35, Flags: 0x2
[2026.04.28-04.13.43:421][467]LogD3D12RHI: Display: D3D12 ReleaseResources: "WholeSceneShadowmap", 6144 x 2048 x 1, Mips: 1, Format: 0x35, Flags: 0x2
[2026.04.28-04.13.43:424][467]LogD3D12RHI: Display: D3D12 ReleaseResources: "WholeSceneShadowmap", 6144 x 2048 x 1, Mips: 1, Format: 0x35, Flags: 0x2
[2026.04.28-04.13.43:426][467]LogD3D12RHI: Display: D3D12 ReleaseResources: "HZBFurthest", 1024 x 512 x 1, Mips: 10, Format: 0x36, Flags: 0x4
[2026.04.28-04.13.43:426][467]LogD3D12RHI: Display: D3D12 ReleaseResources: "ShadowDepthAtlas", 2048 x 2048 x 1, Mips: 1, Format: 0x35, Flags: 0x2
[2026.04.28-04.13.43:427][467]LogD3D12RHI: Display: D3D12 ReleaseResources: "TemporalAA", 1208 x 568 x 1, Mips: 1, Format: 0xA, Flags: 0x4
[2026.04.28-04.13.43:428][467]LogD3D12RHI: Display: D3D12 ReleaseResources: "SceneColor", 1208 x 568 x 1, Mips: 1, Format: 0xA, Flags: 0x1
[2026.04.28-04.13.43:428][467]LogD3D12RHI: Display: D3D12 ReleaseResources: "HZBFurthest", 64 x 64 x 1, Mips: 6, Format: 0x36, Flags: 0x4
[2026.04.28-04.13.43:428][467]LogD3D12RHI: Display: D3D12 ReleaseResources: "EyeAdaptation", 1 x 1 x 1, Mips: 1, Format: 0x2, Flags: 0x5
[2026.04.28-04.13.43:428][467]LogD3D12RHI: Display: D3D12 ReleaseResources: "CombineLUTs", 32 x 32 x 32, Mips: 1, Format: 0x18, Flags: 0x1
[2026.04.28-04.13.43:429][467]LogD3D12RHI: Display: D3D12 ReleaseResources: "EditorPrimitivesColor", 1208 x 568 x 1, Mips: 1, Format: 0x5A, Flags: 0x1
[2026.04.28-04.13.43:433][467]LogD3D12RHI: Display: D3D12 ReleaseResources: "EditorPrimitivesDepth", 1208 x 568 x 1, Mips: 1, Format: 0x13, Flags: 0x2
[2026.04.28-04.13.43:434][467]LogD3D12RHI: Display: D3D12 ReleaseResources: "AmbientOcclusionSetup", 604 x 284 x 1, Mips: 1, Format: 0xA, Flags: 0x1
[2026.04.28-04.13.43:434][467]LogD3D12RHI: Display: D3D12 ReleaseResources: "AmbientOcclusion", 604 x 284 x 1, Mips: 1, Format: 0x5A, Flags: 0x1
[2026.04.28-04.13.43:434][467]LogD3D12RHI: Display: D3D12 ReleaseResources: "ShadowMaskTexture", 1208 x 568 x 1, Mips: 1, Format: 0x5A, Flags: 0x1
[2026.04.28-04.13.43:435][467]LogD3D12RHI: Display: D3D12 ReleaseResources: "ScreenSpaceReflections", 1208 x 568 x 1, Mips: 1, Format: 0xA, Flags: 0x5
[2026.04.28-04.13.43:435][467]LogD3D12RHI: Display: D3D12 ReleaseResources: "SceneColor", 1208 x 568 x 1, Mips: 1, Format: 0xA, Flags: 0x1
[2026.04.28-04.13.43:435][467]LogD3D12RHI: Display: D3D12 ReleaseResources: "SeparateTranslucencyColor", 1208 x 568 x 1, Mips: 1, Format: 0xA, Flags: 0x1
[2026.04.28-04.13.43:441][467]LogD3D12RHI: Display: D3D12 ReleaseResources: "TemporalAA", 1208 x 568 x 1, Mips: 1, Format: 0xA, Flags: 0x4
[2026.04.28-04.13.43:441][467]LogD3D12RHI: Display: D3D12 ReleaseResources: "BloomX", 604 x 284 x 1, Mips: 1, Format: 0x1A, Flags: 0x1
[2026.04.28-04.13.43:442][467]LogD3D12RHI: Display: D3D12 ReleaseResources: "BloomX", 302 x 142 x 1, Mips: 1, Format: 0x1A, Flags: 0x1
[2026.04.28-04.13.43:442][467]LogD3D12RHI: Display: D3D12 ReleaseResources: "BloomX", 151 x 71 x 1, Mips: 1, Format: 0x1A, Flags: 0x1
[2026.04.28-04.13.43:442][467]LogD3D12RHI: Display: D3D12 ReleaseResources: "BloomX", 76 x 36 x 1, Mips: 1, Format: 0x1A, Flags: 0x1
[2026.04.28-04.13.43:442][467]LogD3D12RHI: Display: D3D12 ReleaseResources: "BloomX", 38 x 18 x 1, Mips: 1, Format: 0x1A, Flags: 0x1
[2026.04.28-04.13.43:442][467]LogD3D12RHI: Display: D3D12 ReleaseResources: "BloomX", 19 x 9 x 1, Mips: 1, Format: 0x1A, Flags: 0x1
[2026.04.28-04.13.43:443][467]LogD3D12RHI: Display: D3D12 ReleaseResources: "BloomY", 19 x 9 x 1, Mips: 1, Format: 0x1A, Flags: 0x1
[2026.04.28-04.13.43:443][467]LogD3D12RHI: Display: D3D12 ReleaseResources: "BloomY", 38 x 18 x 1, Mips: 1, Format: 0x1A, Flags: 0x1
[2026.04.28-04.13.43:443][467]LogD3D12RHI: Display: D3D12 ReleaseResources: "BloomY", 76 x 36 x 1, Mips: 1, Format: 0x1A, Flags: 0x1
[2026.04.28-04.13.43:443][467]LogD3D12RHI: Display: D3D12 ReleaseResources: "BloomY", 151 x 71 x 1, Mips: 1, Format: 0x1A, Flags: 0x1
[2026.04.28-04.13.43:443][467]LogD3D12RHI: Display: D3D12 ReleaseResources: "BloomY", 302 x 142 x 1, Mips: 1, Format: 0x1A, Flags: 0x1
[2026.04.28-04.13.43:443][467]LogD3D12RHI: Display: D3D12 ReleaseResources: "BloomY", 604 x 284 x 1, Mips: 1, Format: 0x1A, Flags: 0x1
[2026.04.28-04.13.43:444][467]LogD3D12RHI: Display: D3D12 ReleaseResources: "SelectionOutlineColor", 1208 x 568 x 1, Mips: 1, Format: 0x5A, Flags: 0x1
[2026.04.28-04.13.43:444][467]LogD3D12RHI: Display: D3D12 ReleaseResources: "SelectionOutline", 1208 x 568 x 1, Mips: 1, Format: 0x13, Flags: 0x2
[2026.04.28-04.13.43:445][467]LogD3D12RHI: Display: D3D12 ReleaseResources: "Tonemap", 1208 x 568 x 1, Mips: 1, Format: 0x5A, Flags: 0x1
[2026.04.28-04.13.43:446][467]LogD3D12RHI: Display: D3D12 ReleaseResources: "HitProxy", 1208 x 568 x 1, Mips: 1, Format: 0x5A, Flags: 0x1
[2026.04.28-04.13.43:446][467]LogD3D12RHI: Display: D3D12 ReleaseResources: "ReflectionBrightness", 1 x 1 x 1, Mips: 1, Format: 0xA, Flags: 0x1
[2026.04.28-04.13.43:446][467]LogD3D12RHI: Display: D3D12 ReleaseResources: "D3D12RHIObjectUniqueName2", 36 x 1 x 1, Mips: 1, Format: 0x2, Flags: 0x4
[2026.04.28-04.13.43:446][467]LogD3D12RHI: Display: D3D12 ReleaseResources: "ParticleCurveTexture", 512 x 512 x 1, Mips: 1, Format: 0x5A, Flags: 0x1
[2026.04.28-04.13.43:446][467]LogD3D12RHI: Display: D3D12 ReleaseResources: "ColoredTexture", 1 x 1 x 1, Mips: 1, Format: 0x1B, Flags: 0x4
[2026.04.28-04.13.43:447][467]LogD3D12RHI: Display: D3D12 ReleaseResources: "ParticleAttributes", 1024 x 1024 x 1, Mips: 1, Format: 0x5A, Flags: 0x1
[2026.04.28-04.13.43:447][467]LogD3D12RHI: Display: D3D12 ReleaseResources: "ParticleAttributes", 1024 x 1024 x 1, Mips: 1, Format: 0x5A, Flags: 0x1
[2026.04.28-04.13.43:447][467]LogD3D12RHI: Display: D3D12 ReleaseResources: "ParticleStateVelocity", 1024 x 1024 x 1, Mips: 1, Format: 0xA, Flags: 0x1
[2026.04.28-04.13.43:451][467]LogD3D12RHI: Display: D3D12 ReleaseResources: "ParticleStatePosition", 1024 x 1024 x 1, Mips: 1, Format: 0x2, Flags: 0x1
[2026.04.28-04.13.43:452][467]LogD3D12RHI: Display: D3D12 ReleaseResources: "ParticleStateVelocity", 1024 x 1024 x 1, Mips: 1, Format: 0xA, Flags: 0x1
[2026.04.28-04.13.43:456][467]LogD3D12RHI: Display: D3D12 ReleaseResources: "ParticleStatePosition", 1024 x 1024 x 1, Mips: 1, Format: 0x2, Flags: 0x1
[2026.04.28-04.13.43:515][467]LogD3D12RHI: ~FD3D12DynamicRHI
[2026.04.28-04.13.43:515][467]LogExit: Exiting.
[2026.04.28-04.13.43:530][467]Log file closed, 04/28/26 09:13:43
