Log file open, 04/28/26 08:42:24
LogWindows: Failed to load 'aqProf.dll' (GetLastError=126)
LogWindows: File 'aqProf.dll' does not exist
LogWindows: Failed to load 'VtuneApi.dll' (GetLastError=126)
LogWindows: File 'VtuneApi.dll' does not exist
LogWindows: Failed to load 'VtuneApi32e.dll' (GetLastError=126)
LogWindows: File 'VtuneApi32e.dll' does not exist
LogConsoleResponse: Display: Failed to find resolution value strings in scalability ini. Falling back to default.
LogConsoleResponse: Display: Failed to find resolution value strings in scalability ini. Falling back to default.
LogInit: Display: Running engine for game: UnauticnaCastle
LogPlatformFile: Not using cached read wrapper
LogTaskGraph: Started task graph with 5 named threads and 71 total threads with 3 sets of task threads.
LogStats: Stats thread started at 0.698952
LogICUInternationalization: ICU TimeZone Detection - Raw Offset: +5:00, Platform Override: ''
LogInit: Display: Loading text-based GConfig....
LogPluginManager: Mounting plugin MeshPainting
LogPluginManager: Mounting plugin XGEController
LogPluginManager: Mounting plugin Paper2D
LogPluginManager: Mounting plugin LiveLink
LogPluginManager: Mounting plugin AISupport
LogPluginManager: Mounting plugin EnvironmentQueryEditor
LogPluginManager: Mounting plugin CameraShakePreviewer
LogPluginManager: Mounting plugin GameplayCameras
LogPluginManager: Mounting plugin LightPropagationVolume
LogPluginManager: Mounting plugin OodleData
LogPluginManager: Mounting plugin OodleNetwork
LogPluginManager: Mounting plugin VariantManagerContent
LogPluginManager: Mounting plugin AnimationSharing
LogPluginManager: Mounting plugin AssetManagerEditor
LogPluginManager: Mounting plugin DatasmithContent
LogPluginManager: Mounting plugin CLionSourceCodeAccess
LogPluginManager: Mounting plugin CodeLiteSourceCodeAccess
LogPluginManager: Mounting plugin GitSourceControl
LogPluginManager: Mounting plugin NullSourceCodeAccess
LogPluginManager: Mounting plugin KDevelopSourceCodeAccess
LogPluginManager: Mounting plugin PerforceSourceControl
LogPluginManager: Mounting plugin PluginUtils
LogPluginManager: Mounting plugin PlasticSourceControl
LogPluginManager: Mounting plugin TextureFormatOodle
LogPluginManager: Mounting plugin PixWinPlugin
LogPluginManager: Mounting plugin Niagara
LogPluginManager: Mounting plugin PropertyAccessNode
LogPluginManager: Mounting plugin RiderSourceCodeAccess
LogPluginManager: Mounting plugin SubversionSourceControl
LogPluginManager: Mounting plugin UObjectPlugin
LogPluginManager: Mounting plugin CurveEditorTools
LogPluginManager: Mounting plugin CryptoKeys
LogPluginManager: Mounting plugin MobileLauncherProfileWizard
LogPluginManager: Mounting plugin GeometryMode
LogPluginManager: Mounting plugin SpeedTreeImporter
LogPluginManager: Mounting plugin MaterialAnalyzer
LogPluginManager: Mounting plugin DataValidation
LogPluginManager: Mounting plugin GameplayTagsEditor
LogPluginManager: Mounting plugin PluginBrowser
LogPluginManager: Mounting plugin VisualStudioCodeSourceCodeAccess
LogPluginManager: Mounting plugin MacGraphicsSwitching
LogPluginManager: Mounting plugin FacialAnimation
LogPluginManager: Mounting plugin XCodeSourceCodeAccess
LogPluginManager: Mounting plugin TcpMessaging
LogPluginManager: Mounting plugin UdpMessaging
LogPluginManager: Mounting plugin LuminPlatformFeatures
LogPluginManager: Mounting plugin MagicLeapMedia
LogPluginManager: Mounting plugin MagicLeapPassableWorld
LogPluginManager: Mounting plugin MagicLeapLightEstimation
LogPluginManager: Mounting plugin MagicLeap
LogPluginManager: Mounting plugin MLSDK
LogPluginManager: Mounting plugin AlembicImporter
LogPluginManager: Mounting plugin BackChannel
LogPluginManager: Mounting plugin VisualStudioSourceCodeAccess
LogPluginManager: Mounting plugin AutomationUtils
LogPluginManager: Mounting plugin ChaosCloth
LogPluginManager: Mounting plugin ChaosClothEditor
LogPluginManager: Mounting plugin ChaosEditor
LogPluginManager: Mounting plugin ChaosNiagara
LogPluginManager: Mounting plugin ChaosSolverPlugin
LogPluginManager: Mounting plugin CharacterAI
LogPluginManager: Mounting plugin GeometryCache
LogPluginManager: Mounting plugin GeometryCollectionPlugin
LogPluginManager: Mounting plugin AndroidMedia
LogPluginManager: Mounting plugin LauncherChunkInstaller
LogPluginManager: Mounting plugin AvfMedia
LogPluginManager: Mounting plugin ImgMedia
LogPluginManager: Mounting plugin MediaPlayerEditor
LogPluginManager: Mounting plugin WebMMedia
LogPluginManager: Mounting plugin WmfMedia
LogPluginManager: Mounting plugin MediaCompositing
LogPluginManager: Mounting plugin ActorSequence
LogPluginManager: Mounting plugin OnlineSubsystem
LogPluginManager: Mounting plugin GeometryProcessing
LogPluginManager: Mounting plugin LevelSequenceEditor
LogPluginManager: Mounting plugin OpenImageDenoise
LogPluginManager: Mounting plugin MotoSynth
LogPluginManager: Mounting plugin OnlineSubsystemNull
LogPluginManager: Mounting plugin PlanarCut
LogPluginManager: Mounting plugin PlatformCrypto
LogPluginManager: Mounting plugin OnlineSubsystemUtils
LogPluginManager: Mounting plugin ProxyLODPlugin
LogPluginManager: Mounting plugin PythonScriptPlugin
LogPluginManager: Mounting plugin MatineeToLevelSequence
LogPluginManager: Mounting plugin TemplateSequence
LogPluginManager: Mounting plugin ActorLayerUtilities
LogPluginManager: Mounting plugin SkeletalReduction
LogPluginManager: Mounting plugin AndroidDeviceProfileSelector
LogPluginManager: Mounting plugin AndroidPermission
LogPluginManager: Mounting plugin AndroidMoviePlayer
LogPluginManager: Mounting plugin ArchVisCharacter
LogPluginManager: Mounting plugin AudioCapture
LogPluginManager: Mounting plugin AppleImageUtils
LogPluginManager: Mounting plugin AppleMoviePlayer
LogPluginManager: Mounting plugin AudioSynesthesia
LogPluginManager: Mounting plugin AssetTags
LogPluginManager: Mounting plugin ChunkDownloader
LogPluginManager: Mounting plugin CableComponent
LogPluginManager: Mounting plugin EditableMesh
LogPluginManager: Mounting plugin CustomMeshComponent
LogPluginManager: Mounting plugin ScreenshotTools
LogPluginManager: Mounting plugin GoogleCloudMessaging
LogPluginManager: Mounting plugin GooglePAD
LogPluginManager: Mounting plugin Takes
LogPluginManager: Mounting plugin IOSDeviceProfileSelector
LogPluginManager: Mounting plugin LinuxDeviceProfileSelector
LogPluginManager: Mounting plugin ExampleDeviceProfileSelector
LogPluginManager: Mounting plugin LocationServicesBPLibrary
LogPluginManager: Mounting plugin MobilePatchingUtils
LogPluginManager: Mounting plugin OpenXRHandTracking
LogPluginManager: Mounting plugin PostSplashScreen
LogPluginManager: Mounting plugin OpenXREyeTracker
LogPluginManager: Mounting plugin OpenXR
LogPluginManager: Mounting plugin PropertyAccessEditor
LogPluginManager: Mounting plugin RuntimePhysXCooking
LogPluginManager: Mounting plugin SignificanceManager
LogPluginManager: Mounting plugin PhysXVehicles
LogPluginManager: Mounting plugin ProceduralMeshComponent
LogPluginManager: Mounting plugin SoundFields
LogPluginManager: Mounting plugin WebMMoviePlayer
LogPluginManager: Mounting plugin WindowsMoviePlayer
LogPluginManager: Mounting plugin Synthesis
LogPluginManager: Mounting plugin ContentBrowserAssetDataSource
LogPluginManager: Mounting plugin ContentBrowserFileDataSource
LogPluginManager: Mounting plugin ContentBrowserClassDataSource
LogPluginManager: Mounting plugin OnlineSubsystemGooglePlay
LogPluginManager: Mounting plugin OnlineSubsystemIOS
LogPluginManager: Mounting plugin OculusVR
LogPluginManager: Mounting plugin SteamVR
PixWinPlugin: PIX capture plugin failed to initialize! Check that the process is launched from PIX.
LogLuminAPIImpl: Warning: MLSDK not found.  This likely means the MLSDK environment variable is not set.
LogInit: Using libcurl 7.55.1-DEV
LogInit:  - built for x86_64-pc-win32
LogInit:  - supports SSL with OpenSSL/1.1.1
LogInit:  - supports HTTP deflate (compression) using libz 1.2.8
LogInit:  - other features:
LogInit:      CURL_VERSION_SSL
LogInit:      CURL_VERSION_LIBZ
LogInit:      CURL_VERSION_IPV6
LogInit:      CURL_VERSION_ASYNCHDNS
LogInit:      CURL_VERSION_LARGEFILE
LogInit:      CURL_VERSION_IDN
LogInit:  CurlRequestOptions (configurable via config and command line):
LogInit:  - bVerifyPeer = true  - Libcurl will verify peer certificate
LogInit:  - bUseHttpProxy = false  - Libcurl will NOT use HTTP proxy
LogInit:  - bDontReuseConnections = false  - Libcurl will reuse connections
LogInit:  - MaxHostConnections = 16  - Libcurl will limit the number of connections to a host
LogInit:  - LocalHostAddr = Default
LogInit:  - BufferSize = 65536
LogOnline: OSS: Creating online subsystem instance for: NULL
LogInit: WinSock: version 1.1 (2.2), MaxSocks=32767, MaxUdp=65467
LogOnline: OSS: TryLoadSubsystemAndSetDefault: Loaded subsystem for module [NULL]
LogOculusPluginWrapper: OculusPlugin initialized successfully
LogHMD: Failed initializing OVRPlugin 1.59.0
LogInit: Build: ++UE4+Release-4.27-CL-18319896
LogInit: Engine Version: 4.27.2-18319896+++UE4+Release-4.27
LogInit: Compatible Engine Version: 4.27.0-17155196+++UE4+Release-4.27
LogInit: Net CL: 17155196
LogInit: OS: Windows 10 (Release 2009) (), CPU: Intel(R) Xeon(R) CPU E5-2680 v3 @ 2.50GHz, GPU: AMD Radeon (TM) R9 200 Series
LogInit: Compiled (64-bit): Nov 30 2021 07:12:08
LogInit: Compiled with Visual C++: 19.24.28315.00
LogInit: Build Configuration: Development
LogInit: Branch Name: ++UE4+Release-4.27
LogInit: Command Line: 
LogInit: Base Directory: D:/Games/New Folder/UE_4.27/Engine/Binaries/Win64/
LogInit: Allocator: TBB
LogInit: Installed Engine Build: 1
LogDevObjectVersion: Number of dev versions registered: 29
LogDevObjectVersion:   Dev-Blueprints (B0D832E4-1F89-4F0D-ACCF-7EB736FD4AA2): 10
LogDevObjectVersion:   Dev-Build (E1C64328-A22C-4D53-A36C-8E866417BD8C): 0
LogDevObjectVersion:   Dev-Core (375EC13C-06E4-48FB-B500-84F0262A717E): 4
LogDevObjectVersion:   Dev-Editor (E4B068ED-F494-42E9-A231-DA0B2E46BB41): 40
LogDevObjectVersion:   Dev-Framework (CFFC743F-43B0-4480-9391-14DF171D2073): 37
LogDevObjectVersion:   Dev-Mobile (B02B49B5-BB20-44E9-A304-32B752E40360): 3
LogDevObjectVersion:   Dev-Networking (A4E4105C-59A1-49B5-A7C5-40C4547EDFEE): 0
LogDevObjectVersion:   Dev-Online (39C831C9-5AE6-47DC-9A44-9C173E1C8E7C): 0
LogDevObjectVersion:   Dev-Physics (78F01B33-EBEA-4F98-B9B4-84EACCB95AA2): 14
LogDevObjectVersion:   Dev-Platform (6631380F-2D4D-43E0-8009-CF276956A95A): 0
LogDevObjectVersion:   Dev-Rendering (12F88B9F-8875-4AFC-A67C-D90C383ABD29): 45
LogDevObjectVersion:   Dev-Sequencer (7B5AE74C-D270-4C10-A958-57980B212A5A): 13
LogDevObjectVersion:   Dev-VR (D7296918-1DD6-4BDD-9DE2-64A83CC13884): 3
LogDevObjectVersion:   Dev-LoadTimes (C2A15278-BFE7-4AFE-6C17-90FF531DF755): 1
LogDevObjectVersion:   Private-Geometry (6EACA3D4-40EC-4CC1-B786-8BED09428FC5): 3
LogDevObjectVersion:   Dev-AnimPhys (29E575DD-E0A3-4627-9D10-D276232CDCEA): 17
LogDevObjectVersion:   Dev-Anim (AF43A65D-7FD3-4947-9873-3E8ED9C1BB05): 15
LogDevObjectVersion:   Dev-ReflectionCapture (6B266CEC-1EC7-4B8F-A30B-E4D90942FC07): 1
LogDevObjectVersion:   Dev-Automation (0DF73D61-A23F-47EA-B727-89E90C41499A): 1
LogDevObjectVersion:   FortniteMain (601D1886-AC64-4F84-AA16-D3DE0DEAC7D6): 47
LogDevObjectVersion:   FortniteRelease (E7086368-6B23-4C58-8439-1B7016265E91): 1
LogDevObjectVersion:   Dev-Enterprise (9DFFBCD6-494F-0158-E221-12823C92A888): 10
LogDevObjectVersion:   Dev-Niagara (F2AED0AC-9AFE-416F-8664-AA7FFA26D6FC): 1
LogDevObjectVersion:   Dev-Destruction (174F1F0B-B4C6-45A5-B13F-2EE8D0FB917D): 10
LogDevObjectVersion:   Dev-Physics-Ext (35F94A83-E258-406C-A318-09F59610247C): 41
LogDevObjectVersion:   Dev-PhysicsMaterial-Chaos (B68FC16E-8B1B-42E2-B453-215C058844FE): 1
LogDevObjectVersion:   Dev-CineCamera (B2E18506-4273-CFC2-A54E-F4BB758BBA07): 1
LogDevObjectVersion:   Dev-VirtualProduction (64F58936-FD1B-42BA-BA96-7289D5D0FA4E): 1
LogDevObjectVersion:   Dev-MediaFramework (6F0ED827-A609-4895-9C91-998D90180EA4): 2
LogInit: Presizing for max 25165824 objects, including 0 objects not considered by GC, pre-allocating 0 bytes for permanent pool.
LogConfig: Applying CVar settings from Section [/Script/Engine.StreamingSettings] File [D:/Users/User/Documents/Unreal Projects/UnauticnaCastle/Saved/Config/Windows/Engine.ini]
LogConfig: Setting CVar [[s.MinBulkDataSizeForAsyncLoading:131072]]
LogConfig: Setting CVar [[s.AsyncLoadingThreadEnabled:0]]
LogConfig: Setting CVar [[s.EventDrivenLoaderEnabled:1]]
LogConfig: Setting CVar [[s.WarnIfTimeLimitExceeded:0]]
LogConfig: Setting CVar [[s.TimeLimitExceededMultiplier:1.5]]
LogConfig: Setting CVar [[s.TimeLimitExceededMinTime:0.005]]
LogConfig: Setting CVar [[s.UseBackgroundLevelStreaming:1]]
LogConfig: Setting CVar [[s.PriorityAsyncLoadingExtraTime:15.0]]
LogConfig: Setting CVar [[s.LevelStreamingActorsUpdateTimeLimit:5.0]]
LogConfig: Setting CVar [[s.PriorityLevelStreamingActorsUpdateExtraTime:5.0]]
LogConfig: Setting CVar [[s.LevelStreamingComponentsRegistrationGranularity:10]]
LogConfig: Setting CVar [[s.UnregisterComponentsTimeLimit:1.0]]
LogConfig: Setting CVar [[s.LevelStreamingComponentsUnregistrationGranularity:5]]
LogConfig: Setting CVar [[s.FlushStreamingOnExit:1]]
LogInit: Object subsystem initialized
LogConfig: Setting CVar [[con.DebugEarlyDefault:1]]
LogConfig: Setting CVar [[r.setres:1280x720]]
[2026.04.28-03.42.24:838][  0]LogConfig: Setting CVar [[r.VSync:0]]
[2026.04.28-03.42.24:838][  0]LogConfig: Setting CVar [[r.RHICmdBypass:0]]
[2026.04.28-03.42.24:838][  0]LogConfig: Applying CVar settings from Section [/Script/Engine.RendererSettings] File [D:/Users/User/Documents/Unreal Projects/UnauticnaCastle/Saved/Config/Windows/Engine.ini]
[2026.04.28-03.42.24:838][  0]LogConfig: Setting CVar [[r.GPUCrashDebugging:0]]
[2026.04.28-03.42.24:838][  0]LogConfig: Setting CVar [[r.SkinCache.CompileShaders:1]]
[2026.04.28-03.42.24:838][  0]LogConfig: Setting CVar [[r.RayTracing:1]]
[2026.04.28-03.42.24:838][  0]LogConfig: Applying CVar settings from Section [/Script/Engine.RendererOverrideSettings] File [D:/Users/User/Documents/Unreal Projects/UnauticnaCastle/Saved/Config/Windows/Engine.ini]
[2026.04.28-03.42.24:838][  0]LogConfig: Applying CVar settings from Section [/Script/Engine.StreamingSettings] File [D:/Users/User/Documents/Unreal Projects/UnauticnaCastle/Saved/Config/Windows/Engine.ini]
[2026.04.28-03.42.24:838][  0]LogConfig: Setting CVar [[s.MinBulkDataSizeForAsyncLoading:131072]]
[2026.04.28-03.42.24:838][  0]LogConfig: Setting CVar [[s.AsyncLoadingThreadEnabled:0]]
[2026.04.28-03.42.24:838][  0]LogConfig: Setting CVar [[s.EventDrivenLoaderEnabled:1]]
[2026.04.28-03.42.24:838][  0]LogConfig: Setting CVar [[s.WarnIfTimeLimitExceeded:0]]
[2026.04.28-03.42.24:838][  0]LogConfig: Setting CVar [[s.TimeLimitExceededMultiplier:1.5]]
[2026.04.28-03.42.24:838][  0]LogConfig: Setting CVar [[s.TimeLimitExceededMinTime:0.005]]
[2026.04.28-03.42.24:838][  0]LogConfig: Setting CVar [[s.UseBackgroundLevelStreaming:1]]
[2026.04.28-03.42.24:838][  0]LogConfig: Setting CVar [[s.PriorityAsyncLoadingExtraTime:15.0]]
[2026.04.28-03.42.24:838][  0]LogConfig: Setting CVar [[s.LevelStreamingActorsUpdateTimeLimit:5.0]]
[2026.04.28-03.42.24:838][  0]LogConfig: Setting CVar [[s.PriorityLevelStreamingActorsUpdateExtraTime:5.0]]
[2026.04.28-03.42.24:838][  0]LogConfig: Setting CVar [[s.LevelStreamingComponentsRegistrationGranularity:10]]
[2026.04.28-03.42.24:838][  0]LogConfig: Setting CVar [[s.UnregisterComponentsTimeLimit:1.0]]
[2026.04.28-03.42.24:838][  0]LogConfig: Setting CVar [[s.LevelStreamingComponentsUnregistrationGranularity:5]]
[2026.04.28-03.42.24:838][  0]LogConfig: Setting CVar [[s.FlushStreamingOnExit:1]]
[2026.04.28-03.42.24:838][  0]LogConfig: Applying CVar settings from Section [/Script/Engine.GarbageCollectionSettings] File [D:/Users/User/Documents/Unreal Projects/UnauticnaCastle/Saved/Config/Windows/Engine.ini]
[2026.04.28-03.42.24:838][  0]LogConfig: Setting CVar [[gc.MaxObjectsNotConsideredByGC:1]]
[2026.04.28-03.42.24:838][  0]LogConfig: Setting CVar [[gc.SizeOfPermanentObjectPool:0]]
[2026.04.28-03.42.24:838][  0]LogConfig: Setting CVar [[gc.FlushStreamingOnGC:0]]
[2026.04.28-03.42.24:838][  0]LogConfig: Setting CVar [[gc.NumRetriesBeforeForcingGC:10]]
[2026.04.28-03.42.24:838][  0]LogConfig: Setting CVar [[gc.AllowParallelGC:1]]
[2026.04.28-03.42.24:838][  0]LogConfig: Setting CVar [[gc.TimeBetweenPurgingPendingKillObjects:61.1]]
[2026.04.28-03.42.24:838][  0]LogConfig: Setting CVar [[gc.MaxObjectsInEditor:25165824]]
[2026.04.28-03.42.24:838][  0]LogConfig: Setting CVar [[gc.IncrementalBeginDestroyEnabled:1]]
[2026.04.28-03.42.24:838][  0]LogConfig: Setting CVar [[gc.CreateGCClusters:1]]
[2026.04.28-03.42.24:838][  0]LogConfig: Setting CVar [[gc.MinGCClusterSize:5]]
[2026.04.28-03.42.24:838][  0]LogConfig: Setting CVar [[gc.ActorClusteringEnabled:0]]
[2026.04.28-03.42.24:838][  0]LogConfig: Setting CVar [[gc.BlueprintClusteringEnabled:0]]
[2026.04.28-03.42.24:838][  0]LogConfig: Setting CVar [[gc.UseDisregardForGCOnDedicatedServers:0]]
[2026.04.28-03.42.24:838][  0]LogConfig: Setting CVar [[gc.MultithreadedDestructionEnabled:1]]
[2026.04.28-03.42.24:838][  0]LogConfig: Applying CVar settings from Section [/Script/Engine.NetworkSettings] File [D:/Users/User/Documents/Unreal Projects/UnauticnaCastle/Saved/Config/Windows/Engine.ini]
[2026.04.28-03.42.24:838][  0]LogConfig: Applying CVar settings from Section [/Script/UnrealEd.CookerSettings] File [D:/Users/User/Documents/Unreal Projects/UnauticnaCastle/Saved/Config/Windows/Engine.ini]
[2026.04.28-03.42.24:853][  0]LogConfig: Applying CVar settings from Section [ViewDistanceQuality@3] File [D:/Users/User/Documents/Unreal Projects/UnauticnaCastle/Saved/Config/Windows/Scalability.ini]
[2026.04.28-03.42.24:853][  0]LogConfig: Setting CVar [[r.SkeletalMeshLODBias:0]]
[2026.04.28-03.42.24:853][  0]LogConfig: Setting CVar [[r.ViewDistanceScale:1.0]]
[2026.04.28-03.42.24:853][  0]LogConfig: Applying CVar settings from Section [AntiAliasingQuality@3] File [D:/Users/User/Documents/Unreal Projects/UnauticnaCastle/Saved/Config/Windows/Scalability.ini]
[2026.04.28-03.42.24:853][  0]LogConfig: Setting CVar [[r.PostProcessAAQuality:4]]
[2026.04.28-03.42.24:853][  0]LogConfig: Applying CVar settings from Section [ShadowQuality@3] File [D:/Users/User/Documents/Unreal Projects/UnauticnaCastle/Saved/Config/Windows/Scalability.ini]
[2026.04.28-03.42.24:853][  0]LogConfig: Setting CVar [[r.LightFunctionQuality:1]]
[2026.04.28-03.42.24:853][  0]LogConfig: Setting CVar [[r.ShadowQuality:5]]
[2026.04.28-03.42.24:853][  0]LogConfig: Setting CVar [[r.Shadow.CSM.MaxCascades:10]]
[2026.04.28-03.42.24:853][  0]LogConfig: Setting CVar [[r.Shadow.MaxResolution:2048]]
[2026.04.28-03.42.24:853][  0]LogConfig: Setting CVar [[r.Shadow.MaxCSMResolution:2048]]
[2026.04.28-03.42.24:853][  0]LogConfig: Setting CVar [[r.Shadow.RadiusThreshold:0.01]]
[2026.04.28-03.42.24:853][  0]LogConfig: Setting CVar [[r.Shadow.DistanceScale:1.0]]
[2026.04.28-03.42.24:853][  0]LogConfig: Setting CVar [[r.Shadow.CSM.TransitionScale:1.0]]
[2026.04.28-03.42.24:853][  0]LogConfig: Setting CVar [[r.Shadow.PreShadowResolutionFactor:1.0]]
[2026.04.28-03.42.24:853][  0]LogConfig: Setting CVar [[r.DistanceFieldShadowing:1]]
[2026.04.28-03.42.24:853][  0]LogConfig: Setting CVar [[r.DistanceFieldAO:1]]
[2026.04.28-03.42.24:853][  0]LogConfig: Setting CVar [[r.AOQuality:2]]
[2026.04.28-03.42.24:853][  0]LogConfig: Setting CVar [[r.VolumetricFog:1]]
[2026.04.28-03.42.24:853][  0]LogConfig: Setting CVar [[r.VolumetricFog.GridPixelSize:8]]
[2026.04.28-03.42.24:853][  0]LogConfig: Setting CVar [[r.VolumetricFog.GridSizeZ:128]]
[2026.04.28-03.42.24:853][  0]LogConfig: Setting CVar [[r.VolumetricFog.HistoryMissSupersampleCount:4]]
[2026.04.28-03.42.24:853][  0]LogConfig: Setting CVar [[r.LightMaxDrawDistanceScale:1]]
[2026.04.28-03.42.24:853][  0]LogConfig: Setting CVar [[r.CapsuleShadows:1]]
[2026.04.28-03.42.24:853][  0]LogConfig: Applying CVar settings from Section [PostProcessQuality@3] File [D:/Users/User/Documents/Unreal Projects/UnauticnaCastle/Saved/Config/Windows/Scalability.ini]
[2026.04.28-03.42.24:853][  0]LogConfig: Setting CVar [[r.MotionBlurQuality:4]]
[2026.04.28-03.42.24:853][  0]LogConfig: Setting CVar [[r.AmbientOcclusionMipLevelFactor:0.4]]
[2026.04.28-03.42.24:853][  0]LogConfig: Setting CVar [[r.AmbientOcclusionMaxQuality:100]]
[2026.04.28-03.42.24:853][  0]LogConfig: Setting CVar [[r.AmbientOcclusionLevels:-1]]
[2026.04.28-03.42.24:853][  0]LogConfig: Setting CVar [[r.AmbientOcclusionRadiusScale:1.0]]
[2026.04.28-03.42.24:853][  0]LogConfig: Setting CVar [[r.DepthOfFieldQuality:2]]
[2026.04.28-03.42.24:853][  0]LogConfig: Setting CVar [[r.RenderTargetPoolMin:400]]
[2026.04.28-03.42.24:853][  0]LogConfig: Setting CVar [[r.LensFlareQuality:2]]
[2026.04.28-03.42.24:853][  0]LogConfig: Setting CVar [[r.SceneColorFringeQuality:1]]
[2026.04.28-03.42.24:853][  0]LogConfig: Setting CVar [[r.EyeAdaptationQuality:2]]
[2026.04.28-03.42.24:853][  0]LogConfig: Setting CVar [[r.BloomQuality:5]]
[2026.04.28-03.42.24:853][  0]LogConfig: Setting CVar [[r.FastBlurThreshold:100]]
[2026.04.28-03.42.24:853][  0]LogConfig: Setting CVar [[r.Upscale.Quality:3]]
[2026.04.28-03.42.24:853][  0]LogConfig: Setting CVar [[r.Tonemapper.GrainQuantization:1]]
[2026.04.28-03.42.24:853][  0]LogConfig: Setting CVar [[r.LightShaftQuality:1]]
[2026.04.28-03.42.24:853][  0]LogConfig: Setting CVar [[r.Filter.SizeScale:1]]
[2026.04.28-03.42.24:853][  0]LogConfig: Setting CVar [[r.Tonemapper.Quality:5]]
[2026.04.28-03.42.24:853][  0]LogConfig: Setting CVar [[r.DOF.Gather.AccumulatorQuality:1        ; higher gathering accumulator quality]]
[2026.04.28-03.42.24:853][  0]LogConfig: Setting CVar [[r.DOF.Gather.PostfilterMethod:1          ; Median3x3 postfilering method]]
[2026.04.28-03.42.24:853][  0]LogConfig: Setting CVar [[r.DOF.Gather.EnableBokehSettings:0       ; no bokeh simulation when gathering]]
[2026.04.28-03.42.24:853][  0]LogConfig: Setting CVar [[r.DOF.Gather.RingCount:4                 ; medium number of samples when gathering]]
[2026.04.28-03.42.24:853][  0]LogConfig: Setting CVar [[r.DOF.Scatter.ForegroundCompositing:1    ; additive foreground scattering]]
[2026.04.28-03.42.24:853][  0]LogConfig: Setting CVar [[r.DOF.Scatter.BackgroundCompositing:2    ; additive background scattering]]
[2026.04.28-03.42.24:853][  0]LogConfig: Setting CVar [[r.DOF.Scatter.EnableBokehSettings:1      ; bokeh simulation when scattering]]
[2026.04.28-03.42.24:853][  0]LogConfig: Setting CVar [[r.DOF.Scatter.MaxSpriteRatio:0.1         ; only a maximum of 10% of scattered bokeh]]
[2026.04.28-03.42.24:853][  0]LogConfig: Setting CVar [[r.DOF.Recombine.Quality:1                ; cheap slight out of focus]]
[2026.04.28-03.42.24:853][  0]LogConfig: Setting CVar [[r.DOF.Recombine.EnableBokehSettings:0    ; no bokeh simulation on slight out of focus]]
[2026.04.28-03.42.24:853][  0]LogConfig: Setting CVar [[r.DOF.TemporalAAQuality:1                ; more stable temporal accumulation]]
[2026.04.28-03.42.24:853][  0]LogConfig: Setting CVar [[r.DOF.Kernel.MaxForegroundRadius:0.025]]
[2026.04.28-03.42.24:853][  0]LogConfig: Setting CVar [[r.DOF.Kernel.MaxBackgroundRadius:0.025]]
[2026.04.28-03.42.24:853][  0]LogConfig: Applying CVar settings from Section [TextureQuality@3] File [D:/Users/User/Documents/Unreal Projects/UnauticnaCastle/Saved/Config/Windows/Scalability.ini]
[2026.04.28-03.42.24:853][  0]LogConfig: Setting CVar [[r.Streaming.MipBias:0]]
[2026.04.28-03.42.24:854][  0]LogConfig: Setting CVar [[r.Streaming.AmortizeCPUToGPUCopy:0]]
[2026.04.28-03.42.24:854][  0]LogConfig: Setting CVar [[r.Streaming.MaxNumTexturesToStreamPerFrame:0]]
[2026.04.28-03.42.24:854][  0]LogConfig: Setting CVar [[r.Streaming.Boost:1]]
[2026.04.28-03.42.24:854][  0]LogConfig: Setting CVar [[r.MaxAnisotropy:8]]
[2026.04.28-03.42.24:854][  0]LogConfig: Setting CVar [[r.VT.MaxAnisotropy:8]]
[2026.04.28-03.42.24:854][  0]LogConfig: Setting CVar [[r.Streaming.LimitPoolSizeToVRAM:0]]
[2026.04.28-03.42.24:854][  0]LogConfig: Setting CVar [[r.Streaming.PoolSize:1000]]
[2026.04.28-03.42.24:854][  0]LogConfig: Setting CVar [[r.Streaming.MaxEffectiveScreenSize:0]]
[2026.04.28-03.42.24:854][  0]LogConfig: Applying CVar settings from Section [EffectsQuality@3] File [D:/Users/User/Documents/Unreal Projects/UnauticnaCastle/Saved/Config/Windows/Scalability.ini]
[2026.04.28-03.42.24:854][  0]LogConfig: Setting CVar [[r.TranslucencyLightingVolumeDim:64]]
[2026.04.28-03.42.24:854][  0]LogConfig: Setting CVar [[r.RefractionQuality:2]]
[2026.04.28-03.42.24:854][  0]LogConfig: Setting CVar [[r.SSR.Quality:3]]
[2026.04.28-03.42.24:854][  0]LogConfig: Setting CVar [[r.SSR.HalfResSceneColor:0]]
[2026.04.28-03.42.24:854][  0]LogConfig: Setting CVar [[r.SceneColorFormat:4]]
[2026.04.28-03.42.24:854][  0]LogConfig: Setting CVar [[r.DetailMode:2]]
[2026.04.28-03.42.24:854][  0]LogConfig: Setting CVar [[r.TranslucencyVolumeBlur:1]]
[2026.04.28-03.42.24:854][  0]LogConfig: Setting CVar [[r.MaterialQualityLevel:1 ; High quality]]
[2026.04.28-03.42.24:854][  0]LogConfig: Setting CVar [[r.AnisotropicMaterials:1]]
[2026.04.28-03.42.24:854][  0]LogConfig: Setting CVar [[r.SSS.Scale:1]]
[2026.04.28-03.42.24:854][  0]LogConfig: Setting CVar [[r.SSS.SampleSet:2]]
[2026.04.28-03.42.24:854][  0]LogConfig: Setting CVar [[r.SSS.Quality:1]]
[2026.04.28-03.42.24:854][  0]LogConfig: Setting CVar [[r.SSS.HalfRes:0]]
[2026.04.28-03.42.24:854][  0]LogConfig: Setting CVar [[r.SSGI.Quality:3]]
[2026.04.28-03.42.24:854][  0]LogConfig: Setting CVar [[r.EmitterSpawnRateScale:1.0]]
[2026.04.28-03.42.24:854][  0]LogConfig: Setting CVar [[r.ParticleLightQuality:2]]
[2026.04.28-03.42.24:854][  0]LogConfig: Setting CVar [[r.SkyAtmosphere.AerialPerspectiveLUT.FastApplyOnOpaque:1 ; Always have FastSkyLUT 1 in this case to avoid wrong sky]]
[2026.04.28-03.42.24:854][  0]LogConfig: Setting CVar [[r.SkyAtmosphere.AerialPerspectiveLUT.SampleCountMaxPerSlice:4]]
[2026.04.28-03.42.24:854][  0]LogConfig: Setting CVar [[r.SkyAtmosphere.AerialPerspectiveLUT.DepthResolution:16.0]]
[2026.04.28-03.42.24:854][  0]LogConfig: Setting CVar [[r.SkyAtmosphere.FastSkyLUT:1]]
[2026.04.28-03.42.24:854][  0]LogConfig: Setting CVar [[r.SkyAtmosphere.FastSkyLUT.SampleCountMin:4.0]]
[2026.04.28-03.42.24:854][  0]LogConfig: Setting CVar [[r.SkyAtmosphere.FastSkyLUT.SampleCountMax:128.0]]
[2026.04.28-03.42.24:854][  0]LogConfig: Setting CVar [[r.SkyAtmosphere.SampleCountMin:4.0]]
[2026.04.28-03.42.24:854][  0]LogConfig: Setting CVar [[r.SkyAtmosphere.SampleCountMax:128.0]]
[2026.04.28-03.42.24:854][  0]LogConfig: Setting CVar [[r.SkyAtmosphere.TransmittanceLUT.UseSmallFormat:0]]
[2026.04.28-03.42.24:854][  0]LogConfig: Setting CVar [[r.SkyAtmosphere.TransmittanceLUT.SampleCount:10.0]]
[2026.04.28-03.42.24:854][  0]LogConfig: Setting CVar [[r.SkyAtmosphere.MultiScatteringLUT.SampleCount:15.0]]
[2026.04.28-03.42.24:854][  0]LogConfig: Setting CVar [[r.SkyLight.RealTimeReflectionCapture:1]]
[2026.04.28-03.42.24:854][  0]LogConfig: Applying CVar settings from Section [FoliageQuality@3] File [D:/Users/User/Documents/Unreal Projects/UnauticnaCastle/Saved/Config/Windows/Scalability.ini]
[2026.04.28-03.42.24:854][  0]LogConfig: Setting CVar [[foliage.DensityScale:1.0]]
[2026.04.28-03.42.24:854][  0]LogConfig: Setting CVar [[grass.DensityScale:1.0]]
[2026.04.28-03.42.24:854][  0]LogConfig: Applying CVar settings from Section [ShadingQuality@3] File [D:/Users/User/Documents/Unreal Projects/UnauticnaCastle/Saved/Config/Windows/Scalability.ini]
[2026.04.28-03.42.24:854][  0]LogConfig: Setting CVar [[r.HairStrands.SkyLighting.IntegrationType:2]]
[2026.04.28-03.42.24:854][  0]LogConfig: Setting CVar [[r.HairStrands.SkyAO.SampleCount:4]]
[2026.04.28-03.42.24:854][  0]LogConfig: Setting CVar [[r.HairStrands.Visibility.MSAA.SamplePerPixel:4]]
[2026.04.28-03.42.24:854][  0]LogInit: Selected Device Profile: [Windows]
[2026.04.28-03.42.24:854][  0]LogInit: Applying CVar settings loaded from the selected device profile: [Windows]
[2026.04.28-03.42.24:854][  0]LogHAL: Display: Platform has ~ 32 GB [34260234240 / 34359738368 / 32], which maps to Largest [LargestMinGB=32, LargerMinGB=12, DefaultMinGB=8, SmallerMinGB=6, SmallestMinGB=0)
[2026.04.28-03.42.24:854][  0]LogInit: Going up to parent DeviceProfile []
[2026.04.28-03.42.24:854][  0]LogConfig: Applying CVar settings from Section [ViewDistanceQuality@3] File [D:/Users/User/Documents/Unreal Projects/UnauticnaCastle/Saved/Config/Windows/Scalability.ini]
[2026.04.28-03.42.24:854][  0]LogConfig: Setting CVar [[r.SkeletalMeshLODBias:0]]
[2026.04.28-03.42.24:854][  0]LogConfig: Setting CVar [[r.ViewDistanceScale:1.0]]
[2026.04.28-03.42.24:854][  0]LogConfig: Applying CVar settings from Section [AntiAliasingQuality@3] File [D:/Users/User/Documents/Unreal Projects/UnauticnaCastle/Saved/Config/Windows/Scalability.ini]
[2026.04.28-03.42.24:854][  0]LogConfig: Setting CVar [[r.PostProcessAAQuality:4]]
[2026.04.28-03.42.24:854][  0]LogConfig: Applying CVar settings from Section [ShadowQuality@3] File [D:/Users/User/Documents/Unreal Projects/UnauticnaCastle/Saved/Config/Windows/Scalability.ini]
[2026.04.28-03.42.24:854][  0]LogConfig: Setting CVar [[r.LightFunctionQuality:1]]
[2026.04.28-03.42.24:854][  0]LogConfig: Setting CVar [[r.ShadowQuality:5]]
[2026.04.28-03.42.24:854][  0]LogConfig: Setting CVar [[r.Shadow.CSM.MaxCascades:10]]
[2026.04.28-03.42.24:854][  0]LogConfig: Setting CVar [[r.Shadow.MaxResolution:2048]]
[2026.04.28-03.42.24:854][  0]LogConfig: Setting CVar [[r.Shadow.MaxCSMResolution:2048]]
[2026.04.28-03.42.24:855][  0]LogConfig: Setting CVar [[r.Shadow.RadiusThreshold:0.01]]
[2026.04.28-03.42.24:855][  0]LogConfig: Setting CVar [[r.Shadow.DistanceScale:1.0]]
[2026.04.28-03.42.24:855][  0]LogConfig: Setting CVar [[r.Shadow.CSM.TransitionScale:1.0]]
[2026.04.28-03.42.24:855][  0]LogConfig: Setting CVar [[r.Shadow.PreShadowResolutionFactor:1.0]]
[2026.04.28-03.42.24:855][  0]LogConfig: Setting CVar [[r.DistanceFieldShadowing:1]]
[2026.04.28-03.42.24:855][  0]LogConfig: Setting CVar [[r.DistanceFieldAO:1]]
[2026.04.28-03.42.24:855][  0]LogConfig: Setting CVar [[r.AOQuality:2]]
[2026.04.28-03.42.24:855][  0]LogConfig: Setting CVar [[r.VolumetricFog:1]]
[2026.04.28-03.42.24:855][  0]LogConfig: Setting CVar [[r.VolumetricFog.GridPixelSize:8]]
[2026.04.28-03.42.24:855][  0]LogConfig: Setting CVar [[r.VolumetricFog.GridSizeZ:128]]
[2026.04.28-03.42.24:855][  0]LogConfig: Setting CVar [[r.VolumetricFog.HistoryMissSupersampleCount:4]]
[2026.04.28-03.42.24:855][  0]LogConfig: Setting CVar [[r.LightMaxDrawDistanceScale:1]]
[2026.04.28-03.42.24:855][  0]LogConfig: Setting CVar [[r.CapsuleShadows:1]]
[2026.04.28-03.42.24:855][  0]LogConfig: Applying CVar settings from Section [PostProcessQuality@3] File [D:/Users/User/Documents/Unreal Projects/UnauticnaCastle/Saved/Config/Windows/Scalability.ini]
[2026.04.28-03.42.24:855][  0]LogConfig: Setting CVar [[r.MotionBlurQuality:4]]
[2026.04.28-03.42.24:855][  0]LogConfig: Setting CVar [[r.AmbientOcclusionMipLevelFactor:0.4]]
[2026.04.28-03.42.24:855][  0]LogConfig: Setting CVar [[r.AmbientOcclusionMaxQuality:100]]
[2026.04.28-03.42.24:855][  0]LogConfig: Setting CVar [[r.AmbientOcclusionLevels:-1]]
[2026.04.28-03.42.24:855][  0]LogConfig: Setting CVar [[r.AmbientOcclusionRadiusScale:1.0]]
[2026.04.28-03.42.24:855][  0]LogConfig: Setting CVar [[r.DepthOfFieldQuality:2]]
[2026.04.28-03.42.24:855][  0]LogConfig: Setting CVar [[r.RenderTargetPoolMin:400]]
[2026.04.28-03.42.24:855][  0]LogConfig: Setting CVar [[r.LensFlareQuality:2]]
[2026.04.28-03.42.24:855][  0]LogConfig: Setting CVar [[r.SceneColorFringeQuality:1]]
[2026.04.28-03.42.24:855][  0]LogConfig: Setting CVar [[r.EyeAdaptationQuality:2]]
[2026.04.28-03.42.24:855][  0]LogConfig: Setting CVar [[r.BloomQuality:5]]
[2026.04.28-03.42.24:855][  0]LogConfig: Setting CVar [[r.FastBlurThreshold:100]]
[2026.04.28-03.42.24:855][  0]LogConfig: Setting CVar [[r.Upscale.Quality:3]]
[2026.04.28-03.42.24:855][  0]LogConfig: Setting CVar [[r.Tonemapper.GrainQuantization:1]]
[2026.04.28-03.42.24:855][  0]LogConfig: Setting CVar [[r.LightShaftQuality:1]]
[2026.04.28-03.42.24:855][  0]LogConfig: Setting CVar [[r.Filter.SizeScale:1]]
[2026.04.28-03.42.24:855][  0]LogConfig: Setting CVar [[r.Tonemapper.Quality:5]]
[2026.04.28-03.42.24:855][  0]LogConfig: Setting CVar [[r.DOF.Gather.AccumulatorQuality:1        ; higher gathering accumulator quality]]
[2026.04.28-03.42.24:855][  0]LogConfig: Setting CVar [[r.DOF.Gather.PostfilterMethod:1          ; Median3x3 postfilering method]]
[2026.04.28-03.42.24:855][  0]LogConfig: Setting CVar [[r.DOF.Gather.EnableBokehSettings:0       ; no bokeh simulation when gathering]]
[2026.04.28-03.42.24:855][  0]LogConfig: Setting CVar [[r.DOF.Gather.RingCount:4                 ; medium number of samples when gathering]]
[2026.04.28-03.42.24:855][  0]LogConfig: Setting CVar [[r.DOF.Scatter.ForegroundCompositing:1    ; additive foreground scattering]]
[2026.04.28-03.42.24:855][  0]LogConfig: Setting CVar [[r.DOF.Scatter.BackgroundCompositing:2    ; additive background scattering]]
[2026.04.28-03.42.24:855][  0]LogConfig: Setting CVar [[r.DOF.Scatter.EnableBokehSettings:1      ; bokeh simulation when scattering]]
[2026.04.28-03.42.24:855][  0]LogConfig: Setting CVar [[r.DOF.Scatter.MaxSpriteRatio:0.1         ; only a maximum of 10% of scattered bokeh]]
[2026.04.28-03.42.24:855][  0]LogConfig: Setting CVar [[r.DOF.Recombine.Quality:1                ; cheap slight out of focus]]
[2026.04.28-03.42.24:855][  0]LogConfig: Setting CVar [[r.DOF.Recombine.EnableBokehSettings:0    ; no bokeh simulation on slight out of focus]]
[2026.04.28-03.42.24:855][  0]LogConfig: Setting CVar [[r.DOF.TemporalAAQuality:1                ; more stable temporal accumulation]]
[2026.04.28-03.42.24:855][  0]LogConfig: Setting CVar [[r.DOF.Kernel.MaxForegroundRadius:0.025]]
[2026.04.28-03.42.24:855][  0]LogConfig: Setting CVar [[r.DOF.Kernel.MaxBackgroundRadius:0.025]]
[2026.04.28-03.42.24:855][  0]LogConfig: Applying CVar settings from Section [TextureQuality@3] File [D:/Users/User/Documents/Unreal Projects/UnauticnaCastle/Saved/Config/Windows/Scalability.ini]
[2026.04.28-03.42.24:855][  0]LogConfig: Setting CVar [[r.Streaming.MipBias:0]]
[2026.04.28-03.42.24:855][  0]LogConfig: Setting CVar [[r.Streaming.AmortizeCPUToGPUCopy:0]]
[2026.04.28-03.42.24:855][  0]LogConfig: Setting CVar [[r.Streaming.MaxNumTexturesToStreamPerFrame:0]]
[2026.04.28-03.42.24:855][  0]LogConfig: Setting CVar [[r.Streaming.Boost:1]]
[2026.04.28-03.42.24:855][  0]LogConfig: Setting CVar [[r.MaxAnisotropy:8]]
[2026.04.28-03.42.24:855][  0]LogConfig: Setting CVar [[r.VT.MaxAnisotropy:8]]
[2026.04.28-03.42.24:855][  0]LogConfig: Setting CVar [[r.Streaming.LimitPoolSizeToVRAM:0]]
[2026.04.28-03.42.24:855][  0]LogConfig: Setting CVar [[r.Streaming.PoolSize:1000]]
[2026.04.28-03.42.24:855][  0]LogConfig: Setting CVar [[r.Streaming.MaxEffectiveScreenSize:0]]
[2026.04.28-03.42.24:855][  0]LogConfig: Applying CVar settings from Section [EffectsQuality@3] File [D:/Users/User/Documents/Unreal Projects/UnauticnaCastle/Saved/Config/Windows/Scalability.ini]
[2026.04.28-03.42.24:855][  0]LogConfig: Setting CVar [[r.TranslucencyLightingVolumeDim:64]]
[2026.04.28-03.42.24:855][  0]LogConfig: Setting CVar [[r.RefractionQuality:2]]
[2026.04.28-03.42.24:855][  0]LogConfig: Setting CVar [[r.SSR.Quality:3]]
[2026.04.28-03.42.24:855][  0]LogConfig: Setting CVar [[r.SSR.HalfResSceneColor:0]]
[2026.04.28-03.42.24:855][  0]LogConfig: Setting CVar [[r.SceneColorFormat:4]]
[2026.04.28-03.42.24:855][  0]LogConfig: Setting CVar [[r.DetailMode:2]]
[2026.04.28-03.42.24:855][  0]LogConfig: Setting CVar [[r.TranslucencyVolumeBlur:1]]
[2026.04.28-03.42.24:855][  0]LogConfig: Setting CVar [[r.MaterialQualityLevel:1 ; High quality]]
[2026.04.28-03.42.24:855][  0]LogConfig: Setting CVar [[r.AnisotropicMaterials:1]]
[2026.04.28-03.42.24:855][  0]LogConfig: Setting CVar [[r.SSS.Scale:1]]
[2026.04.28-03.42.24:855][  0]LogConfig: Setting CVar [[r.SSS.SampleSet:2]]
[2026.04.28-03.42.24:855][  0]LogConfig: Setting CVar [[r.SSS.Quality:1]]
[2026.04.28-03.42.24:855][  0]LogConfig: Setting CVar [[r.SSS.HalfRes:0]]
[2026.04.28-03.42.24:855][  0]LogConfig: Setting CVar [[r.SSGI.Quality:3]]
[2026.04.28-03.42.24:855][  0]LogConfig: Setting CVar [[r.EmitterSpawnRateScale:1.0]]
[2026.04.28-03.42.24:855][  0]LogConfig: Setting CVar [[r.ParticleLightQuality:2]]
[2026.04.28-03.42.24:855][  0]LogConfig: Setting CVar [[r.SkyAtmosphere.AerialPerspectiveLUT.FastApplyOnOpaque:1 ; Always have FastSkyLUT 1 in this case to avoid wrong sky]]
[2026.04.28-03.42.24:856][  0]LogConfig: Setting CVar [[r.SkyAtmosphere.AerialPerspectiveLUT.SampleCountMaxPerSlice:4]]
[2026.04.28-03.42.24:856][  0]LogConfig: Setting CVar [[r.SkyAtmosphere.AerialPerspectiveLUT.DepthResolution:16.0]]
[2026.04.28-03.42.24:856][  0]LogConfig: Setting CVar [[r.SkyAtmosphere.FastSkyLUT:1]]
[2026.04.28-03.42.24:856][  0]LogConfig: Setting CVar [[r.SkyAtmosphere.FastSkyLUT.SampleCountMin:4.0]]
[2026.04.28-03.42.24:856][  0]LogConfig: Setting CVar [[r.SkyAtmosphere.FastSkyLUT.SampleCountMax:128.0]]
[2026.04.28-03.42.24:856][  0]LogConfig: Setting CVar [[r.SkyAtmosphere.SampleCountMin:4.0]]
[2026.04.28-03.42.24:856][  0]LogConfig: Setting CVar [[r.SkyAtmosphere.SampleCountMax:128.0]]
[2026.04.28-03.42.24:856][  0]LogConfig: Setting CVar [[r.SkyAtmosphere.TransmittanceLUT.UseSmallFormat:0]]
[2026.04.28-03.42.24:856][  0]LogConfig: Setting CVar [[r.SkyAtmosphere.TransmittanceLUT.SampleCount:10.0]]
[2026.04.28-03.42.24:856][  0]LogConfig: Setting CVar [[r.SkyAtmosphere.MultiScatteringLUT.SampleCount:15.0]]
[2026.04.28-03.42.24:856][  0]LogConfig: Setting CVar [[r.SkyLight.RealTimeReflectionCapture:1]]
[2026.04.28-03.42.24:856][  0]LogConfig: Applying CVar settings from Section [FoliageQuality@3] File [D:/Users/User/Documents/Unreal Projects/UnauticnaCastle/Saved/Config/Windows/Scalability.ini]
[2026.04.28-03.42.24:856][  0]LogConfig: Setting CVar [[foliage.DensityScale:1.0]]
[2026.04.28-03.42.24:856][  0]LogConfig: Setting CVar [[grass.DensityScale:1.0]]
[2026.04.28-03.42.24:856][  0]LogConfig: Applying CVar settings from Section [ShadingQuality@3] File [D:/Users/User/Documents/Unreal Projects/UnauticnaCastle/Saved/Config/Windows/Scalability.ini]
[2026.04.28-03.42.24:856][  0]LogConfig: Setting CVar [[r.HairStrands.SkyLighting.IntegrationType:2]]
[2026.04.28-03.42.24:856][  0]LogConfig: Setting CVar [[r.HairStrands.SkyAO.SampleCount:4]]
[2026.04.28-03.42.24:856][  0]LogConfig: Setting CVar [[r.HairStrands.Visibility.MSAA.SamplePerPixel:4]]
[2026.04.28-03.42.24:856][  0]LogConfig: Applying CVar settings from Section [Startup] File [../../../Engine/Config/ConsoleVariables.ini]
[2026.04.28-03.42.24:856][  0]LogConfig: Setting CVar [[net.UseAdaptiveNetUpdateFrequency:0]]
[2026.04.28-03.42.24:856][  0]LogConfig: Setting CVar [[p.chaos.AllowCreatePhysxBodies:1]]
[2026.04.28-03.42.24:856][  0]LogConfig: Setting CVar [[fx.SkipVectorVMBackendOptimizations:1]]
[2026.04.28-03.42.24:856][  0]LogConfig: Applying CVar settings from Section [ConsoleVariables] File [D:/Users/User/Documents/Unreal Projects/UnauticnaCastle/Saved/Config/Windows/Engine.ini]
[2026.04.28-03.42.24:856][  0]LogConfig: Applying CVar settings from Section [ConsoleVariables] File [D:/Users/User/Documents/Unreal Projects/UnauticnaCastle/Saved/Config/Windows/Editor.ini]
[2026.04.28-03.42.24:856][  0]LogInit: Computer: DESKTOP-VIF02FQ
[2026.04.28-03.42.24:856][  0]LogInit: User: User
[2026.04.28-03.42.24:856][  0]LogInit: CPU Page size=4096, Cores=12
[2026.04.28-03.42.24:856][  0]LogInit: High frequency timer resolution =10.000000 MHz
[2026.04.28-03.42.24:856][  0]LogMemory: Memory total: Physical=31.9GB (32GB approx)
[2026.04.28-03.42.24:856][  0]LogMemory: Platform Memory Stats for Windows
[2026.04.28-03.42.24:856][  0]LogMemory: Process Physical Memory: 152.19 MB used, 152.19 MB peak
[2026.04.28-03.42.24:856][  0]LogMemory: Process Virtual Memory: 137.12 MB used, 137.12 MB peak
[2026.04.28-03.42.24:856][  0]LogMemory: Physical Memory: 24237.87 MB used,  8435.23 MB free, 32673.11 MB total
[2026.04.28-03.42.24:856][  0]LogMemory: Virtual Memory: 134213360.00 MB used,  4367.01 MB free, 134217728.00 MB total
[2026.04.28-03.42.24:867][  0]LogWindows: WindowsPlatformFeatures enabled
[2026.04.28-03.42.24:910][  0]LogInit: Physics initialised using underlying interface: PhysX
[2026.04.28-03.42.24:911][  0]LogInit: Using OS detected language (ru-RU).
[2026.04.28-03.42.24:911][  0]LogInit: Using OS detected locale (ru-RU).
[2026.04.28-03.42.24:913][  0]LogTextLocalizationManager: No specific localization for 'ru-RU' exists, so the 'ru' localization will be used.
[2026.04.28-03.42.24:913][  0]LogTextLocalizationResource: LocRes '../../../Engine/Content/Localization/Editor/ru/Editor.locres' could not be opened for reading!
[2026.04.28-03.42.24:913][  0]LogTextLocalizationResource: LocRes '../../../Engine/Content/Localization/EditorTutorials/ru/EditorTutorials.locres' could not be opened for reading!
[2026.04.28-03.42.24:913][  0]LogTextLocalizationResource: LocRes '../../../Engine/Content/Localization/Keywords/ru/Keywords.locres' could not be opened for reading!
[2026.04.28-03.42.24:914][  0]LogTextLocalizationResource: LocRes '../../../Engine/Content/Localization/Category/ru/Category.locres' could not be opened for reading!
[2026.04.28-03.42.24:914][  0]LogTextLocalizationResource: LocRes '../../../Engine/Content/Localization/ToolTips/ru/ToolTips.locres' could not be opened for reading!
[2026.04.28-03.42.24:914][  0]LogTextLocalizationResource: LocRes '../../../Engine/Content/Localization/PropertyNames/ru/PropertyNames.locres' could not be opened for reading!
[2026.04.28-03.42.24:914][  0]LogTextLocalizationResource: LocRes '../../../Engine/Content/Localization/Engine/ru/Engine.locres' could not be opened for reading!
[2026.04.28-03.42.24:915][  0]LogInit: Setting process to per monitor DPI aware
[2026.04.28-03.42.24:936][  0]LogWindowsTextInputMethodSystem: Display: IME system deactivated.
[2026.04.28-03.42.24:958][  0]LogSlate: New Slate User Created.  User Index 0, Is Virtual User: 0
[2026.04.28-03.42.24:958][  0]LogSlate: Slate User Registered.  User Index 0, Is Virtual User: 0
[2026.04.28-03.42.25:104][  0]LogD3D12RHI: Aftermath initialized
[2026.04.28-03.42.25:104][  0]LogD3D12RHI: Loading WinPixEventRuntime.dll for PIX profiling (from ../../../Engine/Binaries/ThirdParty/Windows/WinPixEventRuntime/x64).
[2026.04.28-03.42.25:116][  0]LogHMD: Failed to initialize OpenVR with code 110
[2026.04.28-03.42.25:239][  0]LogD3D12RHI: Found D3D12 adapter 0: AMD Radeon (TM) R9 200 Series (Max supported Feature Level 11_1)
[2026.04.28-03.42.25:239][  0]LogD3D12RHI: Adapter has 2027MB of dedicated video memory, 0MB of dedicated system memory, and 16336MB of shared system memory, 1 output[s]
[2026.04.28-03.42.25:402][  0]LogD3D12RHI: Found D3D12 adapter 1: Microsoft Basic Render Driver (Max supported Feature Level 12_1)
[2026.04.28-03.42.25:402][  0]LogD3D12RHI: Adapter has 0MB of dedicated video memory, 0MB of dedicated system memory, and 16336MB of shared system memory, 0 output[s]
[2026.04.28-03.42.25:403][  0]LogD3D12RHI: Chosen D3D12 Adapter Id = 0
[2026.04.28-03.42.25:452][  0]LogD3D12RHI: InitD3DDevice: -D3DDebug = off -D3D12GPUValidation = off
[2026.04.28-03.42.25:452][  0]LogD3D12RHI: Emitting draw events for PIX profiling.
[2026.04.28-03.42.25:553][  0]LogD3D12RHI: The system supports ID3D12Device1.
[2026.04.28-03.42.25:553][  0]LogD3D12RHI: The system supports ID3D12Device2.
[2026.04.28-03.42.25:553][  0]LogD3D12RHI: The system supports ID3D12Device5.
[2026.04.28-03.42.25:553][  0]LogD3D12RHI: The system supports ID3D12Device7.
[2026.04.28-03.42.25:571][  0]LogD3D12RHI: [GPUBreadCrumb] Successfully setup breadcrumb resource for 3D Queue 0
[2026.04.28-03.42.25:572][  0]LogD3D12RHI: [GPUBreadCrumb] Successfully setup breadcrumb resource for Copy Queue 0
[2026.04.28-03.42.25:573][  0]LogD3D12RHI: [GPUBreadCrumb] Successfully setup breadcrumb resource for Compute Queue 0
[2026.04.28-03.42.25:585][  0]LogD3D12RHI: Display: Not using pipeline state disk cache per r.D3D12.PSO.DiskCache=0
[2026.04.28-03.42.25:585][  0]LogD3D12RHI: Display: Not using driver-optimized pipeline state disk cache per r.D3D12.PSO.DriverOptimizedDiskCache=0
[2026.04.28-03.42.25:729][  0]LogD3D12RHI:     GPU DeviceId: 0x6811 (for the marketing name, search the web for "GPU Device Id")
[2026.04.28-03.42.25:729][  0]LogWindows: EnumDisplayDevices:
[2026.04.28-03.42.25:729][  0]LogWindows:    0. 'AMD Radeon (TM) R9 200 Series' (P:1 D:1)
[2026.04.28-03.42.25:730][  0]LogWindows:    1. 'AMD Radeon (TM) R9 200 Series' (P:0 D:0)
[2026.04.28-03.42.25:731][  0]LogWindows:    2. 'AMD Radeon (TM) R9 200 Series' (P:0 D:0)
[2026.04.28-03.42.25:732][  0]LogWindows:    3. 'AMD Radeon (TM) R9 200 Series' (P:0 D:0)
[2026.04.28-03.42.25:734][  0]LogWindows:    4. 'AMD Radeon (TM) R9 200 Series' (P:0 D:0)
[2026.04.28-03.42.25:735][  0]LogWindows:    5. 'AMD Radeon (TM) R9 200 Series' (P:0 D:0)
[2026.04.28-03.42.25:736][  0]LogWindows:    6. 'AMD Radeon (TM) R9 200 Series' (P:0 D:0)
[2026.04.28-03.42.25:737][  0]LogWindows:    7. 'AMD Radeon (TM) R9 200 Series' (P:0 D:0)
[2026.04.28-03.42.25:738][  0]LogWindows: DebugString: FoundDriverCount:8 
[2026.04.28-03.42.25:738][  0]LogD3D12RHI:     Adapter Name: AMD Radeon (TM) R9 200 Series
[2026.04.28-03.42.25:738][  0]LogD3D12RHI:   Driver Version: Adrenalin 20.10.35.02 (internal:27.20.1034.6, unified:27.20.1034.6)
[2026.04.28-03.42.25:738][  0]LogD3D12RHI:      Driver Date: 8-21-2020
[2026.04.28-03.42.25:738][  0]LogRHI: Texture pool is 1085 MB (70% of 1551 MB)
[2026.04.28-03.42.25:738][  0]LogD3D12RHI: Async texture creation enabled
[2026.04.28-03.42.25:738][  0]LogD3D12RHI: RHI has support for 64 bit atomics
[2026.04.28-03.43.01:292][  0]LogTargetPlatformManager: Display: Loaded TargetPlatform 'AllDesktop'
[2026.04.28-03.43.01:321][  0]LogTargetPlatformManager: Display: Loaded TargetPlatform 'Android'
[2026.04.28-03.43.01:322][  0]LogTargetPlatformManager: Display: Loaded TargetPlatform 'Android_ASTC'
[2026.04.28-03.43.01:322][  0]LogTargetPlatformManager: Display: Loaded TargetPlatform 'Android_DXT'
[2026.04.28-03.43.01:322][  0]LogTargetPlatformManager: Display: Loaded TargetPlatform 'Android_ETC2'
[2026.04.28-03.43.01:322][  0]LogTargetPlatformManager: Display: Loaded TargetPlatform 'AndroidClient'
[2026.04.28-03.43.01:322][  0]LogTargetPlatformManager: Display: Loaded TargetPlatform 'Android_ASTCClient'
[2026.04.28-03.43.01:322][  0]LogTargetPlatformManager: Display: Loaded TargetPlatform 'Android_DXTClient'
[2026.04.28-03.43.01:322][  0]LogTargetPlatformManager: Display: Loaded TargetPlatform 'Android_ETC2Client'
[2026.04.28-03.43.01:322][  0]LogTargetPlatformManager: Display: Loaded TargetPlatform 'Android_Multi'
[2026.04.28-03.43.01:322][  0]LogTargetPlatformManager: Display: Loaded TargetPlatform 'Android_MultiClient'
[2026.04.28-03.43.01:348][  0]LogTargetPlatformManager: Display: Loaded TargetPlatform 'IOSClient'
[2026.04.28-03.43.01:348][  0]LogTargetPlatformManager: Display: Loaded TargetPlatform 'IOS'
[2026.04.28-03.43.01:361][  0]LogTargetPlatformManager: Display: Loaded TargetPlatform 'Linux'
[2026.04.28-03.43.01:368][  0]LogTargetPlatformManager: Display: Loaded TargetPlatform 'LinuxNoEditor'
[2026.04.28-03.43.01:375][  0]LogTargetPlatformManager: Display: Loaded TargetPlatform 'LinuxClient'
[2026.04.28-03.43.01:381][  0]LogTargetPlatformManager: Display: Loaded TargetPlatform 'LinuxServer'
[2026.04.28-03.43.01:394][  0]LogTargetPlatformManager: Display: Loaded TargetPlatform 'LinuxAArch64NoEditor'
[2026.04.28-03.43.01:401][  0]LogTargetPlatformManager: Display: Loaded TargetPlatform 'LinuxAArch64Client'
[2026.04.28-03.43.01:408][  0]LogTargetPlatformManager: Display: Loaded TargetPlatform 'LinuxAArch64Server'
[2026.04.28-03.43.01:438][  0]LogTargetPlatformManager: Display: Loaded TargetPlatform 'Lumin'
[2026.04.28-03.43.01:439][  0]LogTargetPlatformManager: Display: Loaded TargetPlatform 'LuminClient'
[2026.04.28-03.43.01:450][  0]LogTargetPlatformManager: Display: Loaded TargetPlatform 'MacNoEditor'
[2026.04.28-03.43.01:457][  0]LogTargetPlatformManager: Display: Loaded TargetPlatform 'Mac'
[2026.04.28-03.43.01:464][  0]LogTargetPlatformManager: Display: Loaded TargetPlatform 'MacClient'
[2026.04.28-03.43.01:470][  0]LogTargetPlatformManager: Display: Loaded TargetPlatform 'MacServer'
[2026.04.28-03.43.01:484][  0]LogTargetPlatformManager: Display: Loaded TargetPlatform 'TVOSClient'
[2026.04.28-03.43.01:484][  0]LogTargetPlatformManager: Display: Loaded TargetPlatform 'TVOS'
[2026.04.28-03.43.01:496][  0]LogTargetPlatformManager: Display: Loaded TargetPlatform 'WindowsNoEditor'
[2026.04.28-03.43.01:502][  0]LogTargetPlatformManager: Display: Loaded TargetPlatform 'Windows'
[2026.04.28-03.43.01:509][  0]LogTargetPlatformManager: Display: Loaded TargetPlatform 'WindowsClient'
[2026.04.28-03.43.01:515][  0]LogTargetPlatformManager: Display: Loaded TargetPlatform 'WindowsServer'
[2026.04.28-03.43.01:515][  0]LogTargetPlatformManager: Display: Building Assets For Windows
[2026.04.28-03.43.01:528][  0]LogAudioDebug: Display: Lib vorbis DLL was dynamically loaded.
[2026.04.28-03.43.01:576][  0]LogTextureFormatOodle: Display: Oodle Texture 2.9.0 init RDO Off
[2026.04.28-03.43.01:628][  0]LogRendererCore: Ray tracing is disabled. Reason: not supported by current RHI.
[2026.04.28-03.43.01:628][  0]LogShaderCompilers: Guid format shader working directory is -52 characters bigger than the processId version (../../../../../../Users/User/Documents/Unreal Projects/UnauticnaCastle/Intermediate/Shaders/WorkingDirectory/915652/).
[2026.04.28-03.43.01:629][  0]LogShaderCompilers: Cleaned the shader compiler working directory 'F:/Temp/UnrealShaderWorkingDir/06875A764A560D8A413E53BD9E6B16A3/'.
[2026.04.28-03.43.01:629][  0]LogXGEController: Cannot use XGE Controller as Incredibuild is not installed on this machine.
[2026.04.28-03.43.01:629][  0]LogShaderCompilers: Cannot use XGE Shader Compiler as Incredibuild is not installed on this machine.
[2026.04.28-03.43.01:629][  0]LogShaderCompilers: Display: Using Local Shader Compiler.
[2026.04.28-03.43.02:643][  0]LogDerivedDataCache: Display: Max Cache Size: 512 MB
[2026.04.28-03.43.02:725][  0]LogDerivedDataCache: Loaded boot cache 0.08s 96MB C:/Users/User/AppData/Local/UnrealEngine/4.27/DerivedDataCache/Boot.ddc.
[2026.04.28-03.43.02:726][  0]LogDerivedDataCache: Display: Loaded Boot cache: C:/Users/User/AppData/Local/UnrealEngine/4.27/DerivedDataCache/Boot.ddc
[2026.04.28-03.43.02:726][  0]LogDerivedDataCache: FDerivedDataBackendGraph:  Pak pak cache file ../../../../../../Users/User/Documents/Unreal Projects/UnauticnaCastle/DerivedDataCache/DDC.ddp not found, will not use a pak cache.
[2026.04.28-03.43.02:726][  0]LogDerivedDataCache: Unable to find inner node Pak for hierarchical cache Hierarchy.
[2026.04.28-03.43.02:726][  0]LogDerivedDataCache: FDerivedDataBackendGraph:  CompressedPak pak cache file ../../../../../../Users/User/Documents/Unreal Projects/UnauticnaCastle/DerivedDataCache/Compressed.ddp not found, will not use a pak cache.
[2026.04.28-03.43.02:726][  0]LogDerivedDataCache: Unable to find inner node CompressedPak for hierarchical cache Hierarchy.
[2026.04.28-03.43.02:746][  0]LogDerivedDataCache: Display: Pak cache opened for reading ../../../Engine/DerivedDataCache/Compressed.ddp.
[2026.04.28-03.43.02:746][  0]LogDerivedDataCache: FDerivedDataBackendGraph:  EnterprisePak pak cache file ../../../Enterprise/DerivedDataCache/Compressed.ddp not found, will not use a pak cache.
[2026.04.28-03.43.02:746][  0]LogDerivedDataCache: Unable to find inner node EnterprisePak for hierarchical cache Hierarchy.
[2026.04.28-03.43.02:771][  0]LogDerivedDataCache: Speed tests for C:/Users/User/AppData/Local/UnrealEngine/Common/DerivedDataCache took 0.02 seconds
[2026.04.28-03.43.02:771][  0]LogDerivedDataCache: Display: Performance to C:/Users/User/AppData/Local/UnrealEngine/Common/DerivedDataCache: Latency=0.05ms. RandomReadSpeed=980.68MBs, RandomWriteSpeed=40.26MBs. Assigned SpeedClass 'Local'
[2026.04.28-03.43.02:772][  0]LogDerivedDataCache: Using Local data cache path C:/Users/User/AppData/Local/UnrealEngine/Common/DerivedDataCache: Writable
[2026.04.28-03.43.02:772][  0]LogDerivedDataCache: Shared data cache path not found in *engine.ini, will not use an Shared cache.
[2026.04.28-03.43.02:772][  0]LogDerivedDataCache: Unable to find inner node Shared for hierarchical cache Hierarchy.
[2026.04.28-03.43.04:518][  0]LogShaderCompilers: Display: Submitted 3049 shader compile jobs with 'High' priority
[2026.04.28-03.43.04:519][  0]LogSlate: Using FreeType 2.10.0
[2026.04.28-03.43.04:519][  0]LogSlate: SlateFontServices - WITH_FREETYPE: 1, WITH_HARFBUZZ: 1
[2026.04.28-03.43.04:551][  0]LogShaderCompilers: Display: Worker (1/21): shaders left to compile 3049
[2026.04.28-03.43.04:552][  0]LogShaderCompilers: Display: Worker (2/21): shaders left to compile 3039
[2026.04.28-03.43.04:552][  0]LogShaderCompilers: Display: Worker (3/21): shaders left to compile 3029
[2026.04.28-03.43.04:552][  0]LogShaderCompilers: Display: Worker (4/21): shaders left to compile 3019
[2026.04.28-03.43.04:552][  0]LogShaderCompilers: Display: Worker (5/21): shaders left to compile 3009
[2026.04.28-03.43.04:552][  0]LogShaderCompilers: Display: Worker (6/21): shaders left to compile 2999
[2026.04.28-03.43.04:552][  0]LogShaderCompilers: Display: Worker (7/21): shaders left to compile 2989
[2026.04.28-03.43.04:552][  0]LogShaderCompilers: Display: Worker (8/21): shaders left to compile 2979
[2026.04.28-03.43.04:552][  0]LogShaderCompilers: Display: Worker (9/21): shaders left to compile 2969
[2026.04.28-03.43.04:552][  0]LogShaderCompilers: Display: Worker (10/21): shaders left to compile 2959
[2026.04.28-03.43.04:552][  0]LogShaderCompilers: Display: Worker (11/21): shaders left to compile 2949
[2026.04.28-03.43.04:552][  0]LogShaderCompilers: Display: Worker (12/21): shaders left to compile 2939
[2026.04.28-03.43.04:552][  0]LogShaderCompilers: Display: Worker (13/21): shaders left to compile 2929
[2026.04.28-03.43.04:552][  0]LogShaderCompilers: Display: Worker (14/21): shaders left to compile 2919
[2026.04.28-03.43.04:552][  0]LogShaderCompilers: Display: Worker (15/21): shaders left to compile 2909
[2026.04.28-03.43.04:552][  0]LogShaderCompilers: Display: Worker (16/21): shaders left to compile 2899
[2026.04.28-03.43.04:552][  0]LogShaderCompilers: Display: Worker (17/21): shaders left to compile 2889
[2026.04.28-03.43.04:552][  0]LogShaderCompilers: Display: Worker (18/21): shaders left to compile 2879
[2026.04.28-03.43.04:552][  0]LogShaderCompilers: Display: Worker (19/21): shaders left to compile 2869
[2026.04.28-03.43.04:552][  0]LogShaderCompilers: Display: Worker (20/21): shaders left to compile 2859
[2026.04.28-03.43.04:552][  0]LogShaderCompilers: Display: Worker (21/21): shaders left to compile 2849
[2026.04.28-03.43.04:552][  0]LogShaderCompilers: Display: Started 210 'Local' shader compile jobs with 'High' priority
[2026.04.28-03.43.04:552][  0]LogAssetRegistry: FAssetRegistry took 0.0033 seconds to start up
[2026.04.28-03.43.04:839][  0]LogInit: Selected Device Profile: [Windows]
[2026.04.28-03.43.04:839][  0]LogInit: Active device profile: [00000230DA69CF00][00000230D85AEA00 49] Windows
[2026.04.28-03.43.04:839][  0]LogInit: Profiles: [00000230DA69CF00][00000230D85AEA00 49] Windows, [00000230DA662400][00000230D85B6B80 49] WindowsNoEditor, [00000230DA69DF00][00000230D85BAD00 49] WindowsServer, [00000230DA661600][00000230D85BEE80 49] WindowsClient, [00000230DA69D000][00000230D85C3000 49] IOS, [00000230DA663A00][00000230D85C7180 49] iPadAir, [00000230DA69F300][00000230D85CB300 49] iPadAir2, [00000230DA609300][00000230D85D35C0 49] IPadPro, [00000230DA609400][00000230D85CF600 49] iPadAir3, [00000230DA660B00][00000230D8401780 49] iPadAir4, [00000230DA60A100][00000230D8405900 49] iPadMini2, [00000230DA663400][00000230D8409A80 49] iPadMini3, [00000230DA60AC00][00000230D840DC00 49] iPadMini4, [00000230DA662700][00000230D8410200 49] iPadMini5, [00000230DA61CE00][00000230D85B2480 49] iPhone6, [00000230DA61CF00][00000230D84144C0 49] iPodTouch6, [00000230DA69E800][00000230D841C700 49] iPhone7, [00000230DA69E900][00000230D8418740 49] iPodTouch7, [00000230DA608C00][00000230D84248C0 49] iPhone5S, [00000230DA69D300][00000230D8428A40 49] iPhone6Plus, [00000230DA60AA00][00000230D842CBC0 49] iPhone6S, [00000230DA69ED00][00000230D8430D40 49] iPhone6SPlus, [00000230DA61C100][00000230D8434EC0 49] iPhone7Plus, [00000230DA609D00][00000230D852D040 49] iPhoneSE, [00000230DA61CC00][00000230D85311C0 49] iPhone8, [00000230DA608400][00000230D8535340 49] iPhone8Plus, [00000230DA61EA00][00000230D85394C0 49] iPhoneX, [00000230DA60BC00][00000230D853D640 49] iPhoneXS, [00000230DA61E900][00000230D85417C0 49] iPhoneXSMax, [00000230DA608B00][00000230D8545940 49] iPhoneXR, [00000230DA69F800][00000230D8549AC0 49] iPhone11, [00000230DA60BD00][00000230D854C0C0 49] iPhone11Pro, [00000230DA69DC00][00000230D8550240 49] iPhone11ProMax, [00000230DA609100][00000230D85543C0 49] iPhoneSE2, [00000230DA69D200][00000230D8558540 49] iPhone12Mini, [00000230DA60B100][00000230D8420680 49] iPhone12, [00000230DA69C900][00000230D855C7C0 49] iPhone12Pro, [00000230DA608D00][00000230D8560900 49] iPhone12ProMax, [00000230DA69FC00][00000230D8564A40 49] iPadPro105, [00000230DA60B700][00000230D9BFABC0 49] iPadPro129, [00000230DA69F000][00000230D9C06D40 49] iPadPro97, [00000230DA608F00][00000230D9C0AEC0 49] iPadPro2_129, [00000230DA69CC00][00000230DACDF040 49] iPad5, [00000230DA60BB00][00000230DACFB1C0 49] iPad6, [00000230DA69C400][00000230D2BEB340 49] iPad7, [00000230DA60BE00][00000230D2BEF4C0 49] iPad8, [00000230DA69DB00][00000230D2BF3640 49] iPadPro11, [00000230DA60A400][00000230D2BF77C0 49] iPadPro2_11, [00000230DA69C800][00000230D2BFB940 49] iPadPro3_129, [00000230DA60A800][00000230D2BFFAC0 49] iPadPro4_129, [00000230DA69EF00][00000230D2C0A0C0 49] AppleTV, [00000230DA609200][00000230D2C0E240 49] AppleTV4K, [00000230DA69D700][00000230D2C123C0 49] TVOS, [00000230DA60B600][00000230D2C16540 49] Mac, [00000230DA69FA00][00000230D2C1A6C0 49] MacClient, [00000230DA60A500][00000230D9BF6800 49] MacNoEditor, [00000230DA69C500][00000230D2C1E940 49] MacServer, [00000230DA60A000][00000230D2C22A80 49] Linux, [00000230DA69FB00][00000230D2C26BC0 49] LinuxAArch64, [00000230DA608300][00000230D2C2ED40 49] LinuxNoEditor, [00000230DA69F700][00000230D2C32EC0 49] LinuxAArch64NoEditor, [00000230DA60A600][00000230D2C37040 49] LinuxClient, [00000230DA69E600][00000230D2C3B1C0 49] LinuxAArch64Client, [00000230DA609A00][00000230D2C3F340 49] LinuxServer, [00000230DA69C200][00000230DAF994C0 49] LinuxAArch64Server, [00000230DA609600][00000230DAF9D640 49] Android, [00000230DA69E100][00000230DAFA17C0 49] Android_Low, [00000230DA60B800][00000230DAFA5940 49] Android_Mid, [00000230DA69C600][00000230DAFA9AC0 49] Android_High, [00000230DA60A300][00000230DAFAC0C0 49] Android_Default, [00000230DA69E300][00000230DAFB0240 49] Android_Adreno4xx, [00000230DA60B000][00000230DAFB43C0 49] Android_Adreno5xx_Low, [00000230DA69EA00][00000230DAFB8540 49] Android_Adreno5xx, [00000230DA608100][00000230DAFBC6C0 49] Android_Adreno6xx, [00000230DA69CB00][00000230DAFC0840 49] Android_Adreno6xx_Vulkan, [00000230DA608A00][00000230DAFC49C0 49] Android_Mali_T6xx, [00000230DA69C700][00000230D2C2AB00 49] Android_Mali_T7xx, [00000230DA661A00][00000230DAFC8C40 49] Android_Mali_T8xx, [00000230DA61C300][00000230DAFCCD80 49] Android_Mali_G71, [00000230DA660600][00000230DAFD4F00 49] Android_Mali_G72, [00000230DA61D200][00000230DAFD9080 49] Android_Mali_G72_Vulkan, [00000230DA663D00][00000230DAFDD200 49] Android_Mali_G76, [00000230DA61C700][00000230DAFE1380 49] Android_Mali_G76_Vulkan, [00000230DA663C00][00000230DAFE5500 49] Android_Mali_G77, [00000230DA61FB00][00000230DAFE9680 49] Android_Mali_G77_Vulkan, [00000230DA661B00][00000230DAFED800 49] Android_Mali_G78, [00000230DA61F100][00000230DAFF1980 49] Android_Mali_G78_Vulkan, [00000230DA663900][00000230DAFF5B00 49] Android_Mali_G710, [00000230DA61EC00][00000230DAFF8100 49] Android_Mali_G710_Vulkan, [00000230DA663600][00000230DAFFC280 49] Android_Vulkan_SM5, [00000230DA61F800][00000230DB000400 49] Android_PowerVR_G6xxx, [00000230DA661900][00000230DB004580 49] Android_PowerVR_GT7xxx, [00000230DA61DD00][00000230DB008700 49] Android_PowerVR_GE8xxx, [00000230DA662D00][00000230DB00C880 49] Android_PowerVR_GM9xxx, [00000230DA61C800][00000230DB010A00 49] Android_PowerVR_GM9xxx_Vulkan, [00000230DA661C00][00000230DB014B80 49] Android_TegraK1, [00000230DA61D000][00000230DAFD0CC0 49] Android_Unknown_Vulkan, [00000230DA662300][00000230DB018E00 49] Lumin, [00000230DA61FE00][00000230DB01CF40 49] Lumin_Desktop, [00000230DA662B00][00000230D37A10C0 49] HoloLens, 
[2026.04.28-03.43.05:029][  0]LogMaterial: Display: Missing cached shadermap for MatineeCam_mat in PCD3D_SM5, Default, SM5 (DDC key hash: 906330A16A0920F3CEEE72E9E4FC85DC618E81E7), compiling. 
[2026.04.28-03.43.05:094][  0]LogShaderCompilers: Display: Submitted 22 shader compile jobs with 'Low' priority
[2026.04.28-03.43.05:150][  0]LogMeshReduction: Using QuadricMeshReduction for automatic static mesh reduction
[2026.04.28-03.43.05:150][  0]LogMeshReduction: Using SimplygonMeshReduction for automatic skeletal mesh reduction
[2026.04.28-03.43.05:150][  0]LogMeshReduction: Using ProxyLODMeshReduction for automatic mesh merging
[2026.04.28-03.43.05:150][  0]LogMeshReduction: No distributed automatic mesh merging module available
[2026.04.28-03.43.05:150][  0]LogMeshMerging: No distributed automatic mesh merging module available
[2026.04.28-03.43.05:171][  0]LogNetVersion: UnauticnaCastle 1.0.0, NetCL: 17155196, EngineNetVer: 17, GameNetVer: 0 (Checksum: 3203683996)
[2026.04.28-03.43.05:204][  0]LogMaterial: Display: Missing cached shadermap for HelpActorMaterial in PCD3D_SM5, Default, SM5 (DDC key hash: 6936827EDBF8EE7FD97228406EE73F39152E50C6), compiling. 
[2026.04.28-03.43.05:317][  0]LogShaderCompilers: Display: Submitted 82 shader compile jobs with 'Low' priority
[2026.04.28-03.43.05:364][  0]LogMaterial: Display: Missing cached shadermap for M_ChromeBall in PCD3D_SM5, Default, SM5 (DDC key hash: 29D60DA1D77C90920C3087DE25A0618A8C7D694F), compiling. 
[2026.04.28-03.43.05:489][  0]LogShaderCompilers: Display: Submitted 75 shader compile jobs with 'Low' priority
[2026.04.28-03.43.05:508][  0]LogMaterial: Display: Missing cached shadermap for DefaultTextMaterialOpaque in PCD3D_SM5, Default, SM5 (DDC key hash: BA14795A477D55A2868705BEC3F7181C887E7EB0), compiling. 
[2026.04.28-03.43.05:548][  0]LogShaderCompilers: Display: Submitted 44 shader compile jobs with 'Low' priority
[2026.04.28-03.43.05:576][  0]LogMaterial: Display: Missing cached shadermap for m_SimpleVolumetricCloud in PCD3D_SM5, Default, SM5 (DDC key hash: A774B03AA8FCB46B4CFBF573CADF73DEBFE62E5C), compiling. 
[2026.04.28-03.43.05:734][  0]LogShaderCompilers: Display: Submitted 64 shader compile jobs with 'Low' priority
[2026.04.28-03.43.05:762][  0]LogMaterial: Display: Missing cached shadermap for BaseFlattenMaterial in PCD3D_SM5, Default, SM5 (DDC key hash: 820834E25FA1C7F9F0AE1DF4B659B53919A2A405), compiling. 
[2026.04.28-03.43.05:858][  0]LogShaderCompilers: Display: Submitted 70 shader compile jobs with 'Low' priority
[2026.04.28-03.43.06:143][  0]LogMaterial: Display: Missing cached shadermap for Xray in PCD3D_SM5, Default, SM5 (DDC key hash: 83805F857AC84CAA42F07D03849003B125D99630), compiling. 
[2026.04.28-03.43.06:165][  0]LogShaderCompilers: Display: Submitted 22 shader compile jobs with 'Low' priority
[2026.04.28-03.43.06:168][  0]LogMaterial: Display: Missing cached shadermap for Main in PCD3D_SM5, Default, SM5 (DDC key hash: FB38E0C503F6D914F1D9B68D6C8997B2461D0C84), compiling. 
[2026.04.28-03.43.06:183][  0]LogShaderCompilers: Display: Submitted 16 shader compile jobs with 'Low' priority
[2026.04.28-03.43.06:193][  0]LogMaterial: Display: Missing cached shadermap for Widget3DPassThrough in PCD3D_SM5, Default, SM5 (DDC key hash: 314ED691D10413E6724BCA1F6D448A778FE08503), compiling. 
[2026.04.28-03.43.06:215][  0]LogShaderCompilers: Display: Submitted 16 shader compile jobs with 'Low' priority
[2026.04.28-03.43.06:217][  0]LogMaterial: Display: Missing cached shadermap for Widget3DPassThrough_Translucent in PCD3D_SM5, Default, SM5 (DDC key hash: 3F53DD42D82DDC668DF0F024E1DFABF304D9E5AE), compiling. 
[2026.04.28-03.43.06:236][  0]LogShaderCompilers: Display: Submitted 18 shader compile jobs with 'Low' priority
[2026.04.28-03.43.06:239][  0]LogMaterial: Display: Missing cached shadermap for Widget3DPassThrough_Opaque in PCD3D_SM5, Default, SM5 (DDC key hash: 508C76F67619BB16513E5E2B6D66295C76E3DECF), compiling. 
[2026.04.28-03.43.06:255][  0]LogShaderCompilers: Display: Submitted 15 shader compile jobs with 'Low' priority
[2026.04.28-03.43.06:256][  0]LogMaterial: Display: Missing cached shadermap for Widget3DPassThrough_Opaque_OneSided in PCD3D_SM5, Default, SM5 (DDC key hash: 05EE8EC5E4C700913E7734550CDCC8BE6C2CCC47), compiling. 
[2026.04.28-03.43.06:266][  0]LogShaderCompilers: Display: Submitted 10 shader compile jobs with 'Low' priority
[2026.04.28-03.43.06:269][  0]LogMaterial: Display: Missing cached shadermap for Widget3DPassThrough_Masked in PCD3D_SM5, Default, SM5 (DDC key hash: B504B90D2FCB5C46E7AFB9B2274C4F6F9321EC24), compiling. 
[2026.04.28-03.43.06:300][  0]LogShaderCompilers: Display: Submitted 30 shader compile jobs with 'Low' priority
[2026.04.28-03.43.06:303][  0]LogMaterial: Display: Missing cached shadermap for Widget3DPassThrough_Masked_OneSided in PCD3D_SM5, Default, SM5 (DDC key hash: 0749672640E26501629D6485CE30AD2BDDA06DC4), compiling. 
[2026.04.28-03.43.06:334][  0]LogShaderCompilers: Display: Submitted 30 shader compile jobs with 'Low' priority
[2026.04.28-03.43.06:342][  0]LogMaterial: Display: Missing cached shadermap for Widget3DCameraPassThrough_Opaque_OneSided in PCD3D_SM5, Default, SM5 (DDC key hash: 3895E9EB5D1A2D3A9EE818098353F6925C9FC984), compiling. 
[2026.04.28-03.43.06:354][  0]LogShaderCompilers: Display: Submitted 10 shader compile jobs with 'Low' priority
[2026.04.28-03.43.06:364][  0]LogMaterial: Display: Missing cached shadermap for TranslucentTransformGizmoMaterial in PCD3D_SM5, Default, SM5 (DDC key hash: 13A1EF2ED84950E7B995A7CD751ECA82592173B0), compiling. 
[2026.04.28-03.43.06:382][  0]LogShaderCompilers: Display: Submitted 16 shader compile jobs with 'Low' priority
[2026.04.28-03.43.06:384][  0]LogMaterial: Display: Missing cached shadermap for TransformGizmoMaterial in PCD3D_SM5, Default, SM5 (DDC key hash: 33B35AD4281F75B0B4D9F796B53C5DA7A1D93827), compiling. 
[2026.04.28-03.43.06:397][  0]LogShaderCompilers: Display: Submitted 10 shader compile jobs with 'Low' priority
[2026.04.28-03.43.06:407][  0]LogMaterial: Display: Missing cached shadermap for CineMat in PCD3D_SM5, Default, SM5 (DDC key hash: 26B8EC45948F14A8F6D481D7F77B777A914F08E0), compiling. 
[2026.04.28-03.43.06:443][  0]LogShaderCompilers: Display: Submitted 38 shader compile jobs with 'Low' priority
[2026.04.28-03.43.06:460][  0]LogMaterial: Display: Missing cached shadermap for M_SimpleOpaque in PCD3D_SM5, Default, SM5 (DDC key hash: EE9C2BD5848718EDA1EF4D9502329AB3DF0BAADA), compiling. 
[2026.04.28-03.43.06:486][  0]LogShaderCompilers: Display: Submitted 22 shader compile jobs with 'Low' priority
[2026.04.28-03.43.06:498][  0]LogMaterial: Display: Missing cached shadermap for M_SimpleUnlitTranslucent in PCD3D_SM5, Default, SM5 (DDC key hash: 5C7EAF5654A1AE96329A467636241ABCBD8FF7BC), compiling. 
[2026.04.28-03.43.06:516][  0]LogShaderCompilers: Display: Submitted 16 shader compile jobs with 'Low' priority
[2026.04.28-03.43.06:633][  0]LogMaterial: Display: Missing cached shadermap for SkySphereMaterial in PCD3D_SM5, Default, SM5 (DDC key hash: FB3E78004D8F0FC1B5846C12983A4BF44F1B8760), compiling. 
[2026.04.28-03.43.06:645][  0]LogShaderCompilers: Display: Submitted 10 shader compile jobs with 'Low' priority
[2026.04.28-03.43.06:651][  0]LogMaterial: Display: Missing cached shadermap for FloorPlaneMaterial in PCD3D_SM5, Default, SM5 (DDC key hash: F494B415C1EE88E5281BA8A2B1C85D4E02E24A97), compiling. 
[2026.04.28-03.43.06:689][  0]LogShaderCompilers: Display: Worker (2/21): shaders left to compile 2839
[2026.04.28-03.43.06:689][  0]LogShaderCompilers: Display: Worker (3/21): shaders left to compile 2829
[2026.04.28-03.43.06:689][  0]LogShaderCompilers: Display: Worker (4/21): shaders left to compile 2819
[2026.04.28-03.43.06:689][  0]LogShaderCompilers: Display: Worker (5/21): shaders left to compile 2809
[2026.04.28-03.43.06:689][  0]LogShaderCompilers: Display: Worker (6/21): shaders left to compile 2799
[2026.04.28-03.43.06:689][  0]LogShaderCompilers: Display: Worker (7/21): shaders left to compile 2789
[2026.04.28-03.43.06:689][  0]LogShaderCompilers: Display: Worker (8/21): shaders left to compile 2779
[2026.04.28-03.43.06:689][  0]LogShaderCompilers: Display: Worker (9/21): shaders left to compile 2769
[2026.04.28-03.43.06:689][  0]LogShaderCompilers: Display: Started 80 'Local' shader compile jobs with 'High' priority
[2026.04.28-03.43.06:689][  0]LogShaderCompilers: Display: Submitted 37 shader compile jobs with 'Low' priority
[2026.04.28-03.43.06:691][  0]LogTexture: Default maximum texture size for cubemaps generated from long-lat sources has been changed from 512 to unlimited. In order to preserve old behaiour for '/Engine/MapTemplates/Sky/DaylightAmbientCubemap.DaylightAmbientCubemap', its maximum texture size has been explicitly set to 512.
[2026.04.28-03.43.06:778][  0]LogShaderCompilers: Display: Worker (11/21): shaders left to compile 2759
[2026.04.28-03.43.06:778][  0]LogShaderCompilers: Display: Started 10 'Local' shader compile jobs with 'High' priority
[2026.04.28-03.43.06:778][  0]LogMaterial: Display: Missing cached shadermap for LandscapeGizmo_Mat in PCD3D_SM5, Default, SM5 (DDC key hash: FC710020A17393B0D833C6618B23A9A2596231C2), compiling. 
[2026.04.28-03.43.06:813][  0]LogShaderCompilers: Display: Submitted 30 shader compile jobs with 'Low' priority
[2026.04.28-03.43.06:823][  0]LogMaterial: Display: Missing cached shadermap for LandscapeGizmoHeight_Mat in PCD3D_SM5, Default, SM5 (DDC key hash: B54416BE95FF27A55B3629FE44CD112008FC85EE), compiling. 
[2026.04.28-03.43.06:896][  0]LogShaderCompilers: Display: Worker (10/21): shaders left to compile 2749
[2026.04.28-03.43.06:896][  0]LogShaderCompilers: Display: Started 10 'Local' shader compile jobs with 'High' priority
[2026.04.28-03.43.06:896][  0]LogShaderCompilers: Display: Submitted 67 shader compile jobs with 'Low' priority
[2026.04.28-03.43.06:907][  0]LogMaterial: Display: Missing cached shadermap for SplineEditorMeshMat in PCD3D_SM5, Default, SM5 (DDC key hash: 581C01938EE3B38210204ADFE416EFCD87E4393F), compiling. 
[2026.04.28-03.43.06:942][  0]LogShaderCompilers: Display: Worker (12/21): shaders left to compile 2739
[2026.04.28-03.43.06:942][  0]LogShaderCompilers: Display: Started 10 'Local' shader compile jobs with 'High' priority
[2026.04.28-03.43.06:942][  0]LogShaderCompilers: Display: Submitted 26 shader compile jobs with 'Low' priority
[2026.04.28-03.43.06:960][  0]LogMaterial: Display: Missing cached shadermap for PokeAHoleMaterial in PCD3D_SM5, Default, SM5 (DDC key hash: 84AA3FFAB8BF0A41D3FBB937276BF107F0A6D360), compiling. 
[2026.04.28-03.43.06:979][  0]LogShaderCompilers: Display: Submitted 16 shader compile jobs with 'Low' priority
[2026.04.28-03.43.06:980][  0]LogHMD: PokeAHoleMaterial loaded successfully
[2026.04.28-03.43.06:999][  0]LogUObjectArray: 17178 objects as part of root set at end of initial load.
[2026.04.28-03.43.06:999][  0]LogUObjectAllocator: 4302048 out of 0 bytes used by permanent object pool.
[2026.04.28-03.43.06:999][  0]LogUObjectArray: CloseDisregardForGC: 0/0 objects in disregard for GC pool
[2026.04.28-03.43.07:894][  0]LogShaderCompilers: Display: Worker (13/21): shaders left to compile 2729
[2026.04.28-03.43.07:894][  0]LogShaderCompilers: Display: Started 10 'Local' shader compile jobs with 'High' priority
[2026.04.28-03.43.07:894][  0]LogShaderCompilers: Display: Worker (14/21): shaders left to compile 2719
[2026.04.28-03.43.07:894][  0]LogShaderCompilers: Display: Started 10 'Local' shader compile jobs with 'High' priority
[2026.04.28-03.43.07:894][  0]LogShaderCompilers: Display: Worker (15/21): shaders left to compile 2709
[2026.04.28-03.43.07:894][  0]LogShaderCompilers: Display: Started 10 'Local' shader compile jobs with 'High' priority
[2026.04.28-03.43.07:894][  0]LogShaderCompilers: Display: Worker (16/21): shaders left to compile 2699
[2026.04.28-03.43.07:894][  0]LogShaderCompilers: Display: Started 10 'Local' shader compile jobs with 'High' priority
[2026.04.28-03.43.07:894][  0]LogShaderCompilers: Display: Worker (17/21): shaders left to compile 2689
[2026.04.28-03.43.07:894][  0]LogShaderCompilers: Display: Started 10 'Local' shader compile jobs with 'High' priority
[2026.04.28-03.43.09:577][  0]LogShaderCompilers: Display: Worker (11/21): shaders left to compile 2679
[2026.04.28-03.43.09:577][  0]LogShaderCompilers: Display: Started 10 'Local' shader compile jobs with 'High' priority
[2026.04.28-03.43.10:138][  0]LogShaderCompilers: Display: Worker (16/21): shaders left to compile 2669
[2026.04.28-03.43.10:138][  0]LogShaderCompilers: Display: Started 10 'Local' shader compile jobs with 'High' priority
[2026.04.28-03.43.10:138][  0]LogShaderCompilers: Display: Worker (1/21): shaders left to compile 2659
[2026.04.28-03.43.10:138][  0]LogShaderCompilers: Display: Worker (9/21): shaders left to compile 2649
[2026.04.28-03.43.10:138][  0]LogShaderCompilers: Display: Started 20 'Local' shader compile jobs with 'High' priority
[2026.04.28-03.43.10:699][  0]LogShaderCompilers: Display: Worker (17/21): shaders left to compile 2639
[2026.04.28-03.43.10:699][  0]LogShaderCompilers: Display: Started 10 'Local' shader compile jobs with 'High' priority
[2026.04.28-03.43.11:260][  0]LogShaderCompilers: Display: Worker (13/21): shaders left to compile 2629
[2026.04.28-03.43.11:260][  0]LogShaderCompilers: Display: Started 10 'Local' shader compile jobs with 'High' priority
[2026.04.28-03.43.11:260][  0]LogShaderCompilers: Display: Worker (10/21): shaders left to compile 2619
[2026.04.28-03.43.11:260][  0]LogShaderCompilers: Display: Started 10 'Local' shader compile jobs with 'High' priority
[2026.04.28-03.43.11:821][  0]LogShaderCompilers: Display: Worker (18/21): shaders left to compile 2609
[2026.04.28-03.43.11:821][  0]LogShaderCompilers: Display: Started 10 'Local' shader compile jobs with 'High' priority
[2026.04.28-03.43.11:821][  0]LogShaderCompilers: Display: Worker (16/21): shaders left to compile 2599
[2026.04.28-03.43.11:821][  0]LogShaderCompilers: Display: Worker (20/21): shaders left to compile 2589
[2026.04.28-03.43.11:821][  0]LogShaderCompilers: Display: Started 20 'Local' shader compile jobs with 'High' priority
[2026.04.28-03.43.11:821][  0]LogShaderCompilers: Display: Worker (12/21): shaders left to compile 2579
[2026.04.28-03.43.11:821][  0]LogShaderCompilers: Display: Started 10 'Local' shader compile jobs with 'High' priority
[2026.04.28-03.43.12:382][  0]LogShaderCompilers: Display: Worker (19/21): shaders left to compile 2569
[2026.04.28-03.43.12:382][  0]LogShaderCompilers: Display: Started 10 'Local' shader compile jobs with 'High' priority
[2026.04.28-03.43.12:382][  0]LogShaderCompilers: Display: Worker (11/21): shaders left to compile 2559
[2026.04.28-03.43.12:382][  0]LogShaderCompilers: Display: Started 10 'Local' shader compile jobs with 'High' priority
[2026.04.28-03.43.14:065][  0]LogShaderCompilers: Display: Worker (15/21): shaders left to compile 2549
[2026.04.28-03.43.14:065][  0]LogShaderCompilers: Display: Started 10 'Local' shader compile jobs with 'High' priority
[2026.04.28-03.43.14:065][  0]LogShaderCompilers: Display: Worker (6/21): shaders left to compile 2539
[2026.04.28-03.43.14:065][  0]LogShaderCompilers: Display: Started 10 'Local' shader compile jobs with 'High' priority
[2026.04.28-03.43.15:187][  0]LogShaderCompilers: Display: Worker (14/21): shaders left to compile 2529
[2026.04.28-03.43.15:187][  0]LogShaderCompilers: Display: Started 10 'Local' shader compile jobs with 'High' priority
[2026.04.28-03.43.15:187][  0]LogShaderCompilers: Display: Worker (4/21): shaders left to compile 2519
[2026.04.28-03.43.15:187][  0]LogShaderCompilers: Display: Started 10 'Local' shader compile jobs with 'High' priority
[2026.04.28-03.43.17:992][  0]LogShaderCompilers: Display: Worker (21/21): shaders left to compile 2509
[2026.04.28-03.43.17:992][  0]LogShaderCompilers: Display: Started 10 'Local' shader compile jobs with 'High' priority
[2026.04.28-03.43.18:553][  0]LogShaderCompilers: Display: Worker (5/21): shaders left to compile 2499
[2026.04.28-03.43.18:553][  0]LogShaderCompilers: Display: Started 10 'Local' shader compile jobs with 'High' priority
[2026.04.28-03.43.20:236][  0]LogShaderCompilers: Display: Worker (6/21): shaders left to compile 2489
[2026.04.28-03.43.20:236][  0]LogShaderCompilers: Display: Started 10 'Local' shader compile jobs with 'High' priority
[2026.04.28-03.43.20:236][  0]LogShaderCompilers: Display: Worker (8/21): shaders left to compile 2479
[2026.04.28-03.43.20:236][  0]LogShaderCompilers: Display: Started 10 'Local' shader compile jobs with 'High' priority
[2026.04.28-03.43.20:236][  0]LogShaderCompilers: Display: Worker (1/21): shaders left to compile 2469
[2026.04.28-03.43.20:236][  0]LogShaderCompilers: Display: Started 10 'Local' shader compile jobs with 'High' priority
[2026.04.28-03.43.21:358][  0]LogShaderCompilers: Display: Worker (7/21): shaders left to compile 2459
[2026.04.28-03.43.21:358][  0]LogShaderCompilers: Display: Started 10 'Local' shader compile jobs with 'High' priority
[2026.04.28-03.43.30:335][  0]LogShaderCompilers: Display: Worker (4/21): shaders left to compile 2449
[2026.04.28-03.43.30:335][  0]LogShaderCompilers: Display: Started 10 'Local' shader compile jobs with 'High' priority
[2026.04.28-03.43.30:896][  0]LogShaderCompilers: Display: Worker (14/21): shaders left to compile 2439
[2026.04.28-03.43.30:896][  0]LogShaderCompilers: Display: Started 10 'Local' shader compile jobs with 'High' priority
[2026.04.28-03.43.33:701][  0]LogShaderCompilers: Display: Worker (8/21): shaders left to compile 2429
[2026.04.28-03.43.33:701][  0]LogShaderCompilers: Display: Started 10 'Local' shader compile jobs with 'High' priority
[2026.04.28-03.43.42:677][  0]LogShaderCompilers: Display: Worker (9/21): shaders left to compile 2419
[2026.04.28-03.43.42:677][  0]LogShaderCompilers: Display: Started 10 'Local' shader compile jobs with 'High' priority
[2026.04.28-03.43.44:921][  0]LogShaderCompilers: Display: Worker (13/21): shaders left to compile 2409
[2026.04.28-03.43.44:921][  0]LogShaderCompilers: Display: Started 10 'Local' shader compile jobs with 'High' priority
[2026.04.28-03.43.48:848][  0]LogShaderCompilers: Display: Worker (2/21): shaders left to compile 2399
[2026.04.28-03.43.48:848][  0]LogShaderCompilers: Display: Started 10 'Local' shader compile jobs with 'High' priority
[2026.04.28-03.43.52:775][  0]LogShaderCompilers: Display: Worker (15/21): shaders left to compile 2389
[2026.04.28-03.43.52:775][  0]LogShaderCompilers: Display: Started 10 'Local' shader compile jobs with 'High' priority
[2026.04.28-03.43.57:263][  0]LogShaderCompilers: Display: Worker (6/21): shaders left to compile 2379
[2026.04.28-03.43.57:263][  0]LogShaderCompilers: Display: Started 10 'Local' shader compile jobs with 'High' priority
[2026.04.28-03.44.00:629][  0]LogShaderCompilers: Display: Worker (10/21): shaders left to compile 2369
[2026.04.28-03.44.00:629][  0]LogShaderCompilers: Display: Started 10 'Local' shader compile jobs with 'High' priority
[2026.04.28-03.44.01:191][  0]LogShaderCompilers: Display: Worker (5/21): shaders left to compile 2359
[2026.04.28-03.44.01:191][  0]LogShaderCompilers: Display: Started 10 'Local' shader compile jobs with 'High' priority
[2026.04.28-03.44.03:538][  0]LogShaderCompilers: Display: Worker (2/21): shaders left to compile 2349
[2026.04.28-03.44.03:538][  0]LogShaderCompilers: Display: Started 10 'Local' shader compile jobs with 'High' priority
[2026.04.28-03.44.03:538][  0]LogShaderCompilers: Display: Worker (18/21): shaders left to compile 2339
[2026.04.28-03.44.03:538][  0]LogShaderCompilers: Display: Worker (21/21): shaders left to compile 2329
[2026.04.28-03.44.03:538][  0]LogShaderCompilers: Display: Started 20 'Local' shader compile jobs with 'High' priority
[2026.04.28-03.44.05:902][  0]LogShaderCompilers: Display: Worker (15/21): shaders left to compile 2319
[2026.04.28-03.44.05:902][  0]LogShaderCompilers: Display: Started 10 'Local' shader compile jobs with 'High' priority
[2026.04.28-03.44.08:274][  0]LogShaderCompilers: Display: Worker (20/21): shaders left to compile 2309
[2026.04.28-03.44.08:274][  0]LogShaderCompilers: Display: Started 10 'Local' shader compile jobs with 'High' priority
[2026.04.28-03.44.08:274][  0]LogShaderCompilers: Display: Worker (11/21): shaders left to compile 2299
[2026.04.28-03.44.08:274][  0]LogShaderCompilers: Display: Started 10 'Local' shader compile jobs with 'High' priority
[2026.04.28-03.44.08:274][  0]LogShaderCompilers: Display: Worker (12/21): shaders left to compile 2289
[2026.04.28-03.44.08:274][  0]LogShaderCompilers: Display: Started 10 'Local' shader compile jobs with 'High' priority
[2026.04.28-03.44.12:221][  0]LogShaderCompilers: Display: Worker (8/21): shaders left to compile 2279
[2026.04.28-03.44.12:221][  0]LogShaderCompilers: Display: Started 10 'Local' shader compile jobs with 'High' priority
[2026.04.28-03.44.12:221][  0]LogShaderCompilers: Display: Worker (1/21): shaders left to compile 2269
[2026.04.28-03.44.12:221][  0]LogShaderCompilers: Display: Started 10 'Local' shader compile jobs with 'High' priority
[2026.04.28-03.44.12:221][  0]LogShaderCompilers: Display: Worker (16/21): shaders left to compile 2259
[2026.04.28-03.44.12:221][  0]LogShaderCompilers: Display: Started 10 'Local' shader compile jobs with 'High' priority
[2026.04.28-03.44.12:221][  0]LogShaderCompilers: Display: Worker (7/21): shaders left to compile 2249
[2026.04.28-03.44.12:221][  0]LogShaderCompilers: Display: Started 10 'Local' shader compile jobs with 'High' priority
[2026.04.28-03.44.14:596][  0]LogShaderCompilers: Display: Worker (1/21): shaders left to compile 2239
[2026.04.28-03.44.14:596][  0]LogShaderCompilers: Display: Started 10 'Local' shader compile jobs with 'High' priority
[2026.04.28-03.44.15:387][  0]LogShaderCompilers: Display: Worker (19/21): shaders left to compile 2229
[2026.04.28-03.44.15:387][  0]LogShaderCompilers: Display: Started 10 'Local' shader compile jobs with 'High' priority
[2026.04.28-03.44.16:966][  0]LogShaderCompilers: Display: Worker (13/21): shaders left to compile 2219
[2026.04.28-03.44.16:966][  0]LogShaderCompilers: Display: Started 10 'Local' shader compile jobs with 'High' priority
[2026.04.28-03.44.17:758][  0]LogShaderCompilers: Display: Worker (9/21): shaders left to compile 2209
[2026.04.28-03.44.17:758][  0]LogShaderCompilers: Display: Started 10 'Local' shader compile jobs with 'High' priority
[2026.04.28-03.44.17:758][  0]LogShaderCompilers: Display: Worker (8/21): shaders left to compile 2199
[2026.04.28-03.44.17:758][  0]LogShaderCompilers: Display: Started 10 'Local' shader compile jobs with 'High' priority
[2026.04.28-03.44.18:547][  0]LogShaderCompilers: Display: Worker (11/21): shaders left to compile 2189
[2026.04.28-03.44.18:547][  0]LogShaderCompilers: Display: Started 10 'Local' shader compile jobs with 'High' priority
[2026.04.28-03.44.19:332][  0]LogShaderCompilers: Display: Worker (17/21): shaders left to compile 2179
[2026.04.28-03.44.19:332][  0]LogShaderCompilers: Display: Started 10 'Local' shader compile jobs with 'High' priority
[2026.04.28-03.44.19:332][  0]LogShaderCompilers: Display: Worker (4/21): shaders left to compile 2169
[2026.04.28-03.44.19:332][  0]LogShaderCompilers: Display: Started 10 'Local' shader compile jobs with 'High' priority
[2026.04.28-03.44.20:120][  0]LogShaderCompilers: Display: Worker (20/21): shaders left to compile 2159
[2026.04.28-03.44.20:120][  0]LogShaderCompilers: Display: Started 10 'Local' shader compile jobs with 'High' priority
[2026.04.28-03.44.22:490][  0]LogShaderCompilers: Display: Worker (17/21): shaders left to compile 2149
[2026.04.28-03.44.22:490][  0]LogShaderCompilers: Display: Started 10 'Local' shader compile jobs with 'High' priority
[2026.04.28-03.44.22:490][  0]LogShaderCompilers: Display: Worker (2/21): shaders left to compile 2139
[2026.04.28-03.44.22:490][  0]LogShaderCompilers: Display: Started 10 'Local' shader compile jobs with 'High' priority
[2026.04.28-03.44.23:281][  0]LogShaderCompilers: Display: Worker (10/21): shaders left to compile 2129
[2026.04.28-03.44.23:281][  0]LogShaderCompilers: Display: Started 10 'Local' shader compile jobs with 'High' priority
[2026.04.28-03.44.23:281][  0]LogShaderCompilers: Display: Worker (12/21): shaders left to compile 2119
[2026.04.28-03.44.23:281][  0]LogShaderCompilers: Display: Started 10 'Local' shader compile jobs with 'High' priority
[2026.04.28-03.44.24:073][  0]LogShaderCompilers: Display: Worker (14/21): shaders left to compile 2109
[2026.04.28-03.44.24:073][  0]LogShaderCompilers: Display: Started 10 'Local' shader compile jobs with 'High' priority
[2026.04.28-03.44.27:254][  0]LogShaderCompilers: Display: Worker (12/21): shaders left to compile 2099
[2026.04.28-03.44.27:254][  0]LogShaderCompilers: Display: Started 10 'Local' shader compile jobs with 'High' priority
[2026.04.28-03.44.29:621][  0]LogShaderCompilers: Display: Worker (14/21): shaders left to compile 2089
[2026.04.28-03.44.29:621][  0]LogShaderCompilers: Display: Started 10 'Local' shader compile jobs with 'High' priority
[2026.04.28-03.44.31:994][  0]LogShaderCompilers: Display: Worker (17/21): shaders left to compile 2079
[2026.04.28-03.44.31:994][  0]LogShaderCompilers: Display: Started 10 'Local' shader compile jobs with 'High' priority
[2026.04.28-03.44.31:994][  0]LogShaderCompilers: Display: Worker (21/21): shaders left to compile 2069
[2026.04.28-03.44.31:994][  0]LogShaderCompilers: Display: Started 10 'Local' shader compile jobs with 'High' priority
[2026.04.28-03.44.31:994][  0]LogShaderCompilers: Display: Worker (4/21): shaders left to compile 2059
[2026.04.28-03.44.31:994][  0]LogShaderCompilers: Display: Started 10 'Local' shader compile jobs with 'High' priority
[2026.04.28-03.44.33:622][  0]LogShaderCompilers: Display: Worker (12/21): shaders left to compile 2049
[2026.04.28-03.44.33:622][  0]LogShaderCompilers: Display: Started 10 'Local' shader compile jobs with 'High' priority
[2026.04.28-03.44.34:411][  0]LogShaderCompilers: Display: Worker (2/21): shaders left to compile 2039
[2026.04.28-03.44.34:411][  0]LogShaderCompilers: Display: Worker (11/21): shaders left to compile 2029
[2026.04.28-03.44.34:411][  0]LogShaderCompilers: Display: Started 20 'Local' shader compile jobs with 'High' priority
[2026.04.28-03.44.34:411][  0]LogShaderCompilers: Display: Worker (10/21): shaders left to compile 2019
[2026.04.28-03.44.34:411][  0]LogShaderCompilers: Display: Started 10 'Local' shader compile jobs with 'High' priority
[2026.04.28-03.44.34:411][  0]LogShaderCompilers: Display: Worker (14/21): shaders left to compile 2009
[2026.04.28-03.44.34:411][  0]LogShaderCompilers: Display: Started 10 'Local' shader compile jobs with 'High' priority
[2026.04.28-03.44.35:203][  0]LogShaderCompilers: Display: Worker (17/21): shaders left to compile 1999
[2026.04.28-03.44.35:203][  0]LogShaderCompilers: Display: Started 10 'Local' shader compile jobs with 'High' priority
[2026.04.28-03.44.35:995][  0]LogShaderCompilers: Display: Worker (21/21): shaders left to compile 1989
[2026.04.28-03.44.35:995][  0]LogShaderCompilers: Display: Started 10 'Local' shader compile jobs with 'High' priority
[2026.04.28-03.44.35:995][  0]LogShaderCompilers: Display: Worker (9/21): shaders left to compile 1979
[2026.04.28-03.44.35:995][  0]LogShaderCompilers: Display: Started 10 'Local' shader compile jobs with 'High' priority
[2026.04.28-03.44.37:577][  0]LogShaderCompilers: Display: Worker (2/21): shaders left to compile 1969
[2026.04.28-03.44.37:577][  0]LogShaderCompilers: Display: Started 10 'Local' shader compile jobs with 'High' priority
[2026.04.28-03.44.39:959][  0]LogShaderCompilers: Display: Worker (20/21): shaders left to compile 1959
[2026.04.28-03.44.39:959][  0]LogShaderCompilers: Display: Started 10 'Local' shader compile jobs with 'High' priority
[2026.04.28-03.44.41:537][  0]LogShaderCompilers: Display: Worker (10/21): shaders left to compile 1949
[2026.04.28-03.44.41:537][  0]LogShaderCompilers: Display: Started 10 'Local' shader compile jobs with 'High' priority
[2026.04.28-03.44.41:537][  0]LogShaderCompilers: Display: Worker (15/21): shaders left to compile 1939
[2026.04.28-03.44.41:537][  0]LogShaderCompilers: Display: Started 10 'Local' shader compile jobs with 'High' priority
[2026.04.28-03.44.42:328][  0]LogShaderCompilers: Display: Worker (3/21): shaders left to compile 1929
[2026.04.28-03.44.42:328][  0]LogShaderCompilers: Display: Started 10 'Local' shader compile jobs with 'High' priority
[2026.04.28-03.44.43:118][  0]LogShaderCompilers: Display: Worker (6/21): shaders left to compile 1919
[2026.04.28-03.44.43:118][  0]LogShaderCompilers: Display: Started 10 'Local' shader compile jobs with 'High' priority
[2026.04.28-03.44.45:492][  0]LogShaderCompilers: Display: Worker (6/21): shaders left to compile 1909
[2026.04.28-03.44.45:492][  0]LogShaderCompilers: Display: Started 10 'Local' shader compile jobs with 'High' priority
[2026.04.28-03.44.45:492][  0]LogShaderCompilers: Display: Worker (4/21): shaders left to compile 1899
[2026.04.28-03.44.45:492][  0]LogShaderCompilers: Display: Started 10 'Local' shader compile jobs with 'High' priority
[2026.04.28-03.44.46:282][  0]LogShaderCompilers: Display: Worker (10/21): shaders left to compile 1889
[2026.04.28-03.44.46:282][  0]LogShaderCompilers: Display: Started 10 'Local' shader compile jobs with 'High' priority
[2026.04.28-03.44.47:071][  0]LogShaderCompilers: Display: Worker (2/21): shaders left to compile 1879
[2026.04.28-03.44.47:071][  0]LogShaderCompilers: Display: Started 10 'Local' shader compile jobs with 'High' priority
[2026.04.28-03.44.47:071][  0]LogShaderCompilers: Display: Worker (14/21): shaders left to compile 1869
[2026.04.28-03.44.47:071][  0]LogShaderCompilers: Display: Started 10 'Local' shader compile jobs with 'High' priority
[2026.04.28-03.44.49:443][  0]LogShaderCompilers: Display: Worker (21/21): shaders left to compile 1859
[2026.04.28-03.44.49:443][  0]LogShaderCompilers: Display: Started 10 'Local' shader compile jobs with 'High' priority
[2026.04.28-03.44.50:237][  0]LogShaderCompilers: Display: Worker (18/21): shaders left to compile 1849
[2026.04.28-03.44.50:237][  0]LogShaderCompilers: Display: Started 10 'Local' shader compile jobs with 'High' priority
[2026.04.28-03.44.50:237][  0]LogShaderCompilers: Display: Worker (12/21): shaders left to compile 1839
[2026.04.28-03.44.50:237][  0]LogShaderCompilers: Display: Started 10 'Local' shader compile jobs with 'High' priority
[2026.04.28-03.44.51:025][  0]LogShaderCompilers: Display: Worker (13/21): shaders left to compile 1829
[2026.04.28-03.44.51:025][  0]LogShaderCompilers: Display: Started 10 'Local' shader compile jobs with 'High' priority
[2026.04.28-03.44.51:818][  0]LogShaderCompilers: Display: Worker (17/21): shaders left to compile 1819
[2026.04.28-03.44.51:818][  0]LogShaderCompilers: Display: Started 10 'Local' shader compile jobs with 'High' priority
[2026.04.28-03.44.51:818][  0]LogShaderCompilers: Display: Worker (21/21): shaders left to compile 1809
[2026.04.28-03.44.51:818][  0]LogShaderCompilers: Display: Started 10 'Local' shader compile jobs with 'High' priority
[2026.04.28-03.44.52:612][  0]LogShaderCompilers: Display: Worker (15/21): shaders left to compile 1799
[2026.04.28-03.44.52:612][  0]LogShaderCompilers: Display: Started 10 'Local' shader compile jobs with 'High' priority
[2026.04.28-03.44.54:225][  0]LogShaderCompilers: Display: Worker (18/21): shaders left to compile 1789
[2026.04.28-03.44.54:225][  0]LogShaderCompilers: Display: Started 10 'Local' shader compile jobs with 'High' priority
[2026.04.28-03.44.55:016][  0]LogShaderCompilers: Display: Worker (13/21): shaders left to compile 1779
[2026.04.28-03.44.55:016][  0]LogShaderCompilers: Display: Started 10 'Local' shader compile jobs with 'High' priority
[2026.04.28-03.44.55:016][  0]LogShaderCompilers: Display: Worker (17/21): shaders left to compile 1769
[2026.04.28-03.44.55:016][  0]LogShaderCompilers: Display: Started 10 'Local' shader compile jobs with 'High' priority
[2026.04.28-03.44.55:016][  0]LogShaderCompilers: Display: Worker (12/21): shaders left to compile 1759
[2026.04.28-03.44.55:016][  0]LogShaderCompilers: Display: Started 10 'Local' shader compile jobs with 'High' priority
[2026.04.28-03.44.55:800][  0]LogShaderCompilers: Display: Worker (21/21): shaders left to compile 1749
[2026.04.28-03.44.55:800][  0]LogShaderCompilers: Display: Started 10 'Local' shader compile jobs with 'High' priority
[2026.04.28-03.44.56:592][  0]LogShaderCompilers: Display: Worker (15/21): shaders left to compile 1739
[2026.04.28-03.44.56:592][  0]LogShaderCompilers: Display: Started 10 'Local' shader compile jobs with 'High' priority
[2026.04.28-03.44.58:983][  0]LogShaderCompilers: Display: Worker (18/21): shaders left to compile 1729
[2026.04.28-03.44.58:983][  0]LogShaderCompilers: Display: Started 10 'Local' shader compile jobs with 'High' priority
[2026.04.28-03.44.58:983][  0]LogShaderCompilers: Display: Worker (12/21): shaders left to compile 1719
[2026.04.28-03.44.58:983][  0]LogShaderCompilers: Display: Started 10 'Local' shader compile jobs with 'High' priority
[2026.04.28-03.44.58:983][  0]LogShaderCompilers: Display: Worker (13/21): shaders left to compile 1709
[2026.04.28-03.44.58:983][  0]LogShaderCompilers: Display: Started 10 'Local' shader compile jobs with 'High' priority
[2026.04.28-03.44.58:983][  0]LogShaderCompilers: Display: Worker (20/21): shaders left to compile 1699
[2026.04.28-03.44.58:983][  0]LogShaderCompilers: Display: Started 10 'Local' shader compile jobs with 'High' priority
[2026.04.28-03.44.59:801][  0]LogShaderCompilers: Display: Worker (4/21): shaders left to compile 1689
[2026.04.28-03.44.59:801][  0]LogShaderCompilers: Display: Worker (17/21): shaders left to compile 1679
[2026.04.28-03.44.59:801][  0]LogShaderCompilers: Display: Started 20 'Local' shader compile jobs with 'High' priority
[2026.04.28-03.44.59:801][  0]LogShaderCompilers: Display: Worker (11/21): shaders left to compile 1669
[2026.04.28-03.44.59:801][  0]LogShaderCompilers: Display: Started 10 'Local' shader compile jobs with 'High' priority
[2026.04.28-03.45.00:592][  0]LogShaderCompilers: Display: Worker (21/21): shaders left to compile 1659
[2026.04.28-03.45.00:592][  0]LogShaderCompilers: Display: Started 10 'Local' shader compile jobs with 'High' priority
[2026.04.28-03.45.00:592][  0]LogShaderCompilers: Display: Worker (3/21): shaders left to compile 1649
[2026.04.28-03.45.00:592][  0]LogShaderCompilers: Display: Started 10 'Local' shader compile jobs with 'High' priority
[2026.04.28-03.45.00:592][  0]LogShaderCompilers: Display: Worker (8/21): shaders left to compile 1639
[2026.04.28-03.45.00:592][  0]LogShaderCompilers: Display: Started 10 'Local' shader compile jobs with 'High' priority
[2026.04.28-03.45.02:168][  0]LogShaderCompilers: Display: Worker (14/21): shaders left to compile 1629
[2026.04.28-03.45.02:168][  0]LogShaderCompilers: Display: Started 10 'Local' shader compile jobs with 'High' priority
[2026.04.28-03.45.02:168][  0]LogShaderCompilers: Display: Worker (15/21): shaders left to compile 1619
[2026.04.28-03.45.02:168][  0]LogShaderCompilers: Display: Started 10 'Local' shader compile jobs with 'High' priority
[2026.04.28-03.45.02:168][  0]LogShaderCompilers: Display: Worker (18/21): shaders left to compile 1609
[2026.04.28-03.45.02:168][  0]LogShaderCompilers: Display: Started 10 'Local' shader compile jobs with 'High' priority
[2026.04.28-03.45.02:954][  0]LogShaderCompilers: Display: Worker (20/21): shaders left to compile 1599
[2026.04.28-03.45.02:954][  0]LogShaderCompilers: Display: Started 10 'Local' shader compile jobs with 'High' priority
[2026.04.28-03.45.02:954][  0]LogShaderCompilers: Display: Worker (12/21): shaders left to compile 1589
[2026.04.28-03.45.02:954][  0]LogShaderCompilers: Display: Started 10 'Local' shader compile jobs with 'High' priority
[2026.04.28-03.45.03:746][  0]LogShaderCompilers: Display: Worker (13/21): shaders left to compile 1579
[2026.04.28-03.45.03:746][  0]LogShaderCompilers: Display: Started 10 'Local' shader compile jobs with 'High' priority
[2026.04.28-03.45.03:746][  0]LogShaderCompilers: Display: Worker (17/21): shaders left to compile 1569
[2026.04.28-03.45.03:746][  0]LogShaderCompilers: Display: Started 10 'Local' shader compile jobs with 'High' priority
[2026.04.28-03.45.03:746][  0]LogShaderCompilers: Display: Worker (4/21): shaders left to compile 1559
[2026.04.28-03.45.03:746][  0]LogShaderCompilers: Display: Started 10 'Local' shader compile jobs with 'High' priority
[2026.04.28-03.45.04:534][  0]LogShaderCompilers: Display: Worker (21/21): shaders left to compile 1549
[2026.04.28-03.45.04:534][  0]LogShaderCompilers: Display: Started 10 'Local' shader compile jobs with 'High' priority
[2026.04.28-03.45.05:325][  0]LogShaderCompilers: Display: Worker (8/21): shaders left to compile 1539
[2026.04.28-03.45.05:325][  0]LogShaderCompilers: Display: Started 10 'Local' shader compile jobs with 'High' priority
[2026.04.28-03.45.05:325][  0]LogShaderCompilers: Display: Worker (11/21): shaders left to compile 1529
[2026.04.28-03.45.05:325][  0]LogShaderCompilers: Display: Started 10 'Local' shader compile jobs with 'High' priority
[2026.04.28-03.45.05:325][  0]LogShaderCompilers: Display: Worker (3/21): shaders left to compile 1519
[2026.04.28-03.45.05:325][  0]LogShaderCompilers: Display: Started 10 'Local' shader compile jobs with 'High' priority
[2026.04.28-03.45.06:117][  0]LogShaderCompilers: Display: Worker (2/21): shaders left to compile 1509
[2026.04.28-03.45.06:117][  0]LogShaderCompilers: Display: Started 10 'Local' shader compile jobs with 'High' priority
[2026.04.28-03.45.06:117][  0]LogShaderCompilers: Display: Worker (14/21): shaders left to compile 1499
[2026.04.28-03.45.06:117][  0]LogShaderCompilers: Display: Started 10 'Local' shader compile jobs with 'High' priority
[2026.04.28-03.45.06:117][  0]LogShaderCompilers: Display: Worker (5/21): shaders left to compile 1489
[2026.04.28-03.45.06:117][  0]LogShaderCompilers: Display: Started 10 'Local' shader compile jobs with 'High' priority
[2026.04.28-03.45.06:117][  0]LogShaderCompilers: Display: Worker (18/21): shaders left to compile 1479
[2026.04.28-03.45.06:117][  0]LogShaderCompilers: Display: Started 10 'Local' shader compile jobs with 'High' priority
[2026.04.28-03.45.06:117][  0]LogShaderCompilers: Display: Worker (15/21): shaders left to compile 1469
[2026.04.28-03.45.06:117][  0]LogShaderCompilers: Display: Started 10 'Local' shader compile jobs with 'High' priority
[2026.04.28-03.45.06:905][  0]LogShaderCompilers: Display: Worker (9/21): shaders left to compile 1459
[2026.04.28-03.45.06:905][  0]LogShaderCompilers: Display: Started 10 'Local' shader compile jobs with 'High' priority
[2026.04.28-03.45.06:905][  0]LogShaderCompilers: Display: Worker (20/21): shaders left to compile 1449
[2026.04.28-03.45.06:905][  0]LogShaderCompilers: Display: Started 10 'Local' shader compile jobs with 'High' priority
[2026.04.28-03.45.06:905][  0]LogShaderCompilers: Display: Worker (13/21): shaders left to compile 1439
[2026.04.28-03.45.06:905][  0]LogShaderCompilers: Display: Started 10 'Local' shader compile jobs with 'High' priority
[2026.04.28-03.45.07:695][  0]LogShaderCompilers: Display: Worker (12/21): shaders left to compile 1429
[2026.04.28-03.45.07:695][  0]LogShaderCompilers: Display: Started 10 'Local' shader compile jobs with 'High' priority
[2026.04.28-03.45.07:695][  0]LogShaderCompilers: Display: Worker (10/21): shaders left to compile 1419
[2026.04.28-03.45.07:695][  0]LogShaderCompilers: Display: Started 10 'Local' shader compile jobs with 'High' priority
[2026.04.28-03.45.07:695][  0]LogShaderCompilers: Display: Worker (17/21): shaders left to compile 1409
[2026.04.28-03.45.07:695][  0]LogShaderCompilers: Display: Started 10 'Local' shader compile jobs with 'High' priority
[2026.04.28-03.45.08:487][  0]LogShaderCompilers: Display: Worker (4/21): shaders left to compile 1399
[2026.04.28-03.45.08:487][  0]LogShaderCompilers: Display: Started 10 'Local' shader compile jobs with 'High' priority
[2026.04.28-03.45.08:487][  0]LogShaderCompilers: Display: Worker (9/21): shaders left to compile 1389
[2026.04.28-03.45.08:487][  0]LogShaderCompilers: Display: Started 10 'Local' shader compile jobs with 'High' priority
[2026.04.28-03.45.08:487][  0]LogShaderCompilers: Display: Worker (3/21): shaders left to compile 1379
[2026.04.28-03.45.08:487][  0]LogShaderCompilers: Display: Started 10 'Local' shader compile jobs with 'High' priority
[2026.04.28-03.45.09:273][  0]LogShaderCompilers: Display: Worker (8/21): shaders left to compile 1369
[2026.04.28-03.45.09:273][  0]LogShaderCompilers: Display: Started 10 'Local' shader compile jobs with 'High' priority
[2026.04.28-03.45.09:273][  0]LogShaderCompilers: Display: Worker (18/21): shaders left to compile 1359
[2026.04.28-03.45.09:273][  0]LogShaderCompilers: Display: Started 10 'Local' shader compile jobs with 'High' priority
[2026.04.28-03.45.09:273][  0]LogShaderCompilers: Display: Worker (6/21): shaders left to compile 1349
[2026.04.28-03.45.09:273][  0]LogShaderCompilers: Display: Worker (11/21): shaders left to compile 1339
[2026.04.28-03.45.09:273][  0]LogShaderCompilers: Display: Worker (20/21): shaders left to compile 1329
[2026.04.28-03.45.09:273][  0]LogShaderCompilers: Display: Worker (21/21): shaders left to compile 1319
[2026.04.28-03.45.09:273][  0]LogShaderCompilers: Display: Started 40 'Local' shader compile jobs with 'High' priority
[2026.04.28-03.45.09:273][  0]LogShaderCompilers: Display: Worker (2/21): shaders left to compile 1309
[2026.04.28-03.45.09:273][  0]LogShaderCompilers: Display: Started 10 'Local' shader compile jobs with 'High' priority
[2026.04.28-03.45.09:273][  0]LogShaderCompilers: Display: Worker (14/21): shaders left to compile 1299
[2026.04.28-03.45.09:273][  0]LogShaderCompilers: Display: Started 10 'Local' shader compile jobs with 'High' priority
[2026.04.28-03.45.10:064][  0]LogShaderCompilers: Display: Worker (13/21): shaders left to compile 1289
[2026.04.28-03.45.10:064][  0]LogShaderCompilers: Display: Started 10 'Local' shader compile jobs with 'High' priority
[2026.04.28-03.45.10:064][  0]LogShaderCompilers: Display: Worker (10/21): shaders left to compile 1279
[2026.04.28-03.45.10:064][  0]LogShaderCompilers: Display: Started 10 'Local' shader compile jobs with 'High' priority
[2026.04.28-03.45.10:064][  0]LogShaderCompilers: Display: Worker (5/21): shaders left to compile 1269
[2026.04.28-03.45.10:064][  0]LogShaderCompilers: Display: Started 10 'Local' shader compile jobs with 'High' priority
[2026.04.28-03.45.10:850][  0]LogShaderCompilers: Display: Worker (17/21): shaders left to compile 1259
[2026.04.28-03.45.10:850][  0]LogShaderCompilers: Display: Started 10 'Local' shader compile jobs with 'High' priority
[2026.04.28-03.45.10:850][  0]LogShaderCompilers: Display: Worker (3/21): shaders left to compile 1249
[2026.04.28-03.45.10:850][  0]LogShaderCompilers: Display: Started 10 'Local' shader compile jobs with 'High' priority
[2026.04.28-03.45.11:640][  0]LogShaderCompilers: Display: Worker (8/21): shaders left to compile 1239
[2026.04.28-03.45.11:640][  0]LogShaderCompilers: Display: Started 10 'Local' shader compile jobs with 'High' priority
[2026.04.28-03.45.11:640][  0]LogShaderCompilers: Display: Worker (6/21): shaders left to compile 1229
[2026.04.28-03.45.11:640][  0]LogShaderCompilers: Display: Worker (21/21): shaders left to compile 1219
[2026.04.28-03.45.11:640][  0]LogShaderCompilers: Display: Started 20 'Local' shader compile jobs with 'High' priority
[2026.04.28-03.45.11:640][  0]LogShaderCompilers: Display: Worker (11/21): shaders left to compile 1209
[2026.04.28-03.45.11:640][  0]LogShaderCompilers: Display: Started 10 'Local' shader compile jobs with 'High' priority
[2026.04.28-03.45.11:640][  0]LogShaderCompilers: Display: Worker (9/21): shaders left to compile 1199
[2026.04.28-03.45.11:640][  0]LogShaderCompilers: Display: Started 10 'Local' shader compile jobs with 'High' priority
[2026.04.28-03.45.11:640][  0]LogShaderCompilers: Display: Worker (12/21): shaders left to compile 1189
[2026.04.28-03.45.11:640][  0]LogShaderCompilers: Display: Worker (18/21): shaders left to compile 1179
[2026.04.28-03.45.11:640][  0]LogShaderCompilers: Display: Started 20 'Local' shader compile jobs with 'High' priority
[2026.04.28-03.45.12:432][  0]LogShaderCompilers: Display: Worker (20/21): shaders left to compile 1169
[2026.04.28-03.45.12:432][  0]LogShaderCompilers: Display: Started 10 'Local' shader compile jobs with 'High' priority
[2026.04.28-03.45.12:432][  0]LogShaderCompilers: Display: Worker (4/21): shaders left to compile 1159
[2026.04.28-03.45.12:432][  0]LogShaderCompilers: Display: Started 10 'Local' shader compile jobs with 'High' priority
[2026.04.28-03.45.12:432][  0]LogShaderCompilers: Display: Worker (2/21): shaders left to compile 1149
[2026.04.28-03.45.12:432][  0]LogShaderCompilers: Display: Started 10 'Local' shader compile jobs with 'High' priority
[2026.04.28-03.45.13:223][  0]LogShaderCompilers: Display: Worker (10/21): shaders left to compile 1139
[2026.04.28-03.45.13:223][  0]LogShaderCompilers: Display: Started 10 'Local' shader compile jobs with 'High' priority
[2026.04.28-03.45.13:223][  0]LogShaderCompilers: Display: Worker (3/21): shaders left to compile 1129
[2026.04.28-03.45.13:223][  0]LogShaderCompilers: Display: Started 10 'Local' shader compile jobs with 'High' priority
[2026.04.28-03.45.14:013][  0]LogShaderCompilers: Display: Worker (11/21): shaders left to compile 1119
[2026.04.28-03.45.14:013][  0]LogShaderCompilers: Display: Started 10 'Local' shader compile jobs with 'High' priority
[2026.04.28-03.45.14:013][  0]LogShaderCompilers: Display: Worker (21/21): shaders left to compile 1109
[2026.04.28-03.45.14:013][  0]LogShaderCompilers: Display: Started 10 'Local' shader compile jobs with 'High' priority
[2026.04.28-03.45.14:799][  0]LogShaderCompilers: Display: Worker (12/21): shaders left to compile 1099
[2026.04.28-03.45.14:799][  0]LogShaderCompilers: Display: Started 10 'Local' shader compile jobs with 'High' priority
[2026.04.28-03.45.14:799][  0]LogShaderCompilers: Display: Worker (14/21): shaders left to compile 1089
[2026.04.28-03.45.14:799][  0]LogShaderCompilers: Display: Worker (18/21): shaders left to compile 1079
[2026.04.28-03.45.14:799][  0]LogShaderCompilers: Display: Started 20 'Local' shader compile jobs with 'High' priority
[2026.04.28-03.45.14:799][  0]LogShaderCompilers: Display: Worker (13/21): shaders left to compile 1069
[2026.04.28-03.45.14:799][  0]LogShaderCompilers: Display: Started 10 'Local' shader compile jobs with 'High' priority
[2026.04.28-03.45.14:799][  0]LogShaderCompilers: Display: Worker (8/21): shaders left to compile 1059
[2026.04.28-03.45.14:799][  0]LogShaderCompilers: Display: Started 10 'Local' shader compile jobs with 'High' priority
[2026.04.28-03.45.14:799][  0]LogShaderCompilers: Display: Worker (17/21): shaders left to compile 1049
[2026.04.28-03.45.14:799][  0]LogShaderCompilers: Display: Started 10 'Local' shader compile jobs with 'High' priority
[2026.04.28-03.45.15:585][  0]LogShaderCompilers: Display: Worker (9/21): shaders left to compile 1039
[2026.04.28-03.45.15:585][  0]LogShaderCompilers: Display: Started 10 'Local' shader compile jobs with 'High' priority
[2026.04.28-03.45.15:585][  0]LogShaderCompilers: Display: Worker (6/21): shaders left to compile 1029
[2026.04.28-03.45.15:585][  0]LogShaderCompilers: Display: Started 10 'Local' shader compile jobs with 'High' priority
[2026.04.28-03.45.15:585][  0]LogShaderCompilers: Display: Worker (5/21): shaders left to compile 1019
[2026.04.28-03.45.15:585][  0]LogShaderCompilers: Display: Started 10 'Local' shader compile jobs with 'High' priority
[2026.04.28-03.45.17:958][  0]LogShaderCompilers: Display: Worker (10/21): shaders left to compile 1009
[2026.04.28-03.45.17:958][  0]LogShaderCompilers: Display: Started 10 'Local' shader compile jobs with 'High' priority
[2026.04.28-03.45.20:321][  0]LogShaderCompilers: Display: Worker (20/21): shaders left to compile 999
[2026.04.28-03.45.20:321][  0]LogShaderCompilers: Display: Started 10 'Local' shader compile jobs with 'High' priority
[2026.04.28-03.45.21:109][  0]LogShaderCompilers: Display: Worker (2/21): shaders left to compile 989
[2026.04.28-03.45.21:109][  0]LogShaderCompilers: Display: Started 10 'Local' shader compile jobs with 'High' priority
[2026.04.28-03.45.21:509][  0]LogShaderCompilers: Display: Worker (3/21): shaders left to compile 979
[2026.04.28-03.45.21:509][  0]LogShaderCompilers: Display: Started 10 'Local' shader compile jobs with 'High' priority
[2026.04.28-03.45.21:509][  0]LogShaderCompilers: Error: SCW 10 Queued Jobs, Finished 0 single jobs
[2026.04.28-03.45.21:509][  0]LogShaderCompilers: Error: Job 0 [Single] Global/FRayTracingReflectionsRGS/60:/Engine/Private/RayTracing/RayTracingReflections.usf Type 'FRayTracingReflectionsRGS' '/Engine/Private/RayTracing/RayTracingReflections.usf' Entry 'RayTracingReflectionsRGS' Permutation 60 
[2026.04.28-03.45.21:509][  0]LogShaderCompilers: Error: Job 1 [Single] Global/FRayTracingReflectionsRGS/59:/Engine/Private/RayTracing/RayTracingReflections.usf Type 'FRayTracingReflectionsRGS' '/Engine/Private/RayTracing/RayTracingReflections.usf' Entry 'RayTracingReflectionsRGS' Permutation 59 
[2026.04.28-03.45.21:509][  0]LogShaderCompilers: Error: Job 2 [Single] Global/FRayTracingReflectionsRGS/58:/Engine/Private/RayTracing/RayTracingReflections.usf Type 'FRayTracingReflectionsRGS' '/Engine/Private/RayTracing/RayTracingReflections.usf' Entry 'RayTracingReflectionsRGS' Permutation 58 
[2026.04.28-03.45.21:509][  0]LogShaderCompilers: Error: Job 3 [Single] Global/FRayTracingReflectionsRGS/57:/Engine/Private/RayTracing/RayTracingReflections.usf Type 'FRayTracingReflectionsRGS' '/Engine/Private/RayTracing/RayTracingReflections.usf' Entry 'RayTracingReflectionsRGS' Permutation 57 
[2026.04.28-03.45.21:509][  0]LogShaderCompilers: Error: Job 4 [Single] Global/FRayTracingReflectionsRGS/56:/Engine/Private/RayTracing/RayTracingReflections.usf Type 'FRayTracingReflectionsRGS' '/Engine/Private/RayTracing/RayTracingReflections.usf' Entry 'RayTracingReflectionsRGS' Permutation 56 
[2026.04.28-03.45.21:509][  0]LogShaderCompilers: Error: Job 5 [Single] Global/FRayTracingReflectionsRGS/55:/Engine/Private/RayTracing/RayTracingReflections.usf Type 'FRayTracingReflectionsRGS' '/Engine/Private/RayTracing/RayTracingReflections.usf' Entry 'RayTracingReflectionsRGS' Permutation 55 
[2026.04.28-03.45.21:509][  0]LogShaderCompilers: Error: Job 6 [Single] Global/FRayTracingReflectionsRGS/54:/Engine/Private/RayTracing/RayTracingReflections.usf Type 'FRayTracingReflectionsRGS' '/Engine/Private/RayTracing/RayTracingReflections.usf' Entry 'RayTracingReflectionsRGS' Permutation 54 
[2026.04.28-03.45.21:509][  0]LogShaderCompilers: Error: Job 7 [Single] Global/FRayTracingReflectionsRGS/53:/Engine/Private/RayTracing/RayTracingReflections.usf Type 'FRayTracingReflectionsRGS' '/Engine/Private/RayTracing/RayTracingReflections.usf' Entry 'RayTracingReflectionsRGS' Permutation 53 
[2026.04.28-03.45.21:509][  0]LogShaderCompilers: Error: Job 8 [Single] Global/FRayTracingReflectionsRGS/52:/Engine/Private/RayTracing/RayTracingReflections.usf Type 'FRayTracingReflectionsRGS' '/Engine/Private/RayTracing/RayTracingReflections.usf' Entry 'RayTracingReflectionsRGS' Permutation 52 
[2026.04.28-03.45.21:509][  0]LogShaderCompilers: Error: Job 9 [Single] Global/FRayTracingReflectionsRGS/51:/Engine/Private/RayTracing/RayTracingReflections.usf Type 'FRayTracingReflectionsRGS' '/Engine/Private/RayTracing/RayTracingReflections.usf' Entry 'RayTracingReflectionsRGS' Permutation 51 
[2026.04.28-03.45.21:901][  0]LogShaderCompilers: Error: Crash inside the platform compiler!
Internal error or exception inside dxcompiler.dll
0x00007ffd801bf47f VCRUNTIME140.dll!UnknownFunction []
0x00007ffd95448cdf ntdll.dll!UnknownFunction []
0x00007ffd953d5bea ntdll.dll!UnknownFunction []
0x00007ffd95447cce ntdll.dll!UnknownFunction []
0x00007ffcd0929600 dxcompiler.dll!UnknownFunction []

[2026.04.28-03.45.23:487][  0]Message dialog closed, result: Ok, title: Message, text: Crash inside the platform compiler!
Internal error or exception inside dxcompiler.dll
0x00007ffd801bf47f VCRUNTIME140.dll!UnknownFunction []
0x00007ffd95448cdf ntdll.dll!UnknownFunction []
0x00007ffd953d5bea ntdll.dll!UnknownFunction []
0x00007ffd95447cce ntdll.dll!UnknownFunction []
0x00007ffcd0929600 dxcompiler.dll!UnknownFunction []

[2026.04.28-03.45.23:487][  0]LogWindows: FPlatformMisc::RequestExit(0)
[2026.04.28-03.45.23:487][  0]LogWindows: FPlatformMisc::RequestExitWithStatus(0, 0)
[2026.04.28-03.45.23:487][  0]LogCore: Engine exit requested (reason: Win RequestExit)
[2026.04.28-03.45.23:487][  0]LogShaderCompilers: Error: Expecting ShaderCompileWorker Single Jobs 83, got 0 instead! Forgot to build ShaderCompileWorker?
[2026.04.28-03.45.23:487][  0]Message dialog closed, result: Ok, title: Message, text: Expecting ShaderCompileWorker Single Jobs 83, got 0 instead! Forgot to build ShaderCompileWorker?
[2026.04.28-03.45.23:487][  0]LogWindows: FPlatformMisc::RequestExit(0)
[2026.04.28-03.45.23:487][  0]LogWindows: FPlatformMisc::RequestExitWithStatus(0, 0)
[2026.04.28-03.45.23:487][  0]LogCore: Engine exit requested (reason: Win RequestExit; note: exit was already requested)
[2026.04.28-03.45.23:487][  0]LogShaderCompilers: Error: ShaderCompileWorker returned 0 single jobs, 10 expected
[2026.04.28-03.45.23:487][  0]Message dialog closed, result: Ok, title: Message, text: ShaderCompileWorker returned 0 single jobs, 10 expected
[2026.04.28-03.45.23:487][  0]LogWindows: FPlatformMisc::RequestExit(0)
[2026.04.28-03.45.23:487][  0]LogWindows: FPlatformMisc::RequestExitWithStatus(0, 0)
[2026.04.28-03.45.23:487][  0]LogCore: Engine exit requested (reason: Win RequestExit; note: exit was already requested)
[2026.04.28-03.45.23:487][  0]LogFileManager: Error: Requested read of 4 bytes when 0 bytes remain (file=F:/Temp/UnrealShaderWorkingDir/06875A764A560D8A413E53BD9E6B16A3/5/WorkerOutputOnly.out, size=682)
[2026.04.28-03.45.23:487][  0]LogShaderCompilers: Error: Expecting ShaderCompileWorker Pipeline Jobs 80, got -1 instead! Forgot to build ShaderCompileWorker?
[2026.04.28-03.45.23:487][  0]Message dialog closed, result: Ok, title: Message, text: Expecting ShaderCompileWorker Pipeline Jobs 80, got -1 instead! Forgot to build ShaderCompileWorker?
[2026.04.28-03.45.23:487][  0]LogWindows: FPlatformMisc::RequestExit(0)
[2026.04.28-03.45.23:487][  0]LogWindows: FPlatformMisc::RequestExitWithStatus(0, 0)
[2026.04.28-03.45.23:487][  0]LogCore: Engine exit requested (reason: Win RequestExit; note: exit was already requested)
[2026.04.28-03.45.23:487][  0]LogFileManager: Error: Requested read of 4 bytes when 0 bytes remain (file=F:/Temp/UnrealShaderWorkingDir/06875A764A560D8A413E53BD9E6B16A3/5/WorkerOutputOnly.out, size=682)
[2026.04.28-03.45.23:487][  0]LogShaderCompilers: Error: Worker returned 128 pipeline jobs, 0 expected
[2026.04.28-03.45.23:487][  0]Message dialog closed, result: Ok, title: Message, text: Worker returned 128 pipeline jobs, 0 expected
[2026.04.28-03.45.23:487][  0]LogWindows: FPlatformMisc::RequestExit(0)
[2026.04.28-03.45.23:487][  0]LogWindows: FPlatformMisc::RequestExitWithStatus(0, 0)
[2026.04.28-03.45.23:488][  0]LogCore: Engine exit requested (reason: Win RequestExit; note: exit was already requested)
[2026.04.28-03.45.23:540][  0]LogWindows: Windows GetLastError: Операция успешно завершена. (0)
[2026.04.28-03.45.26:704][  0]LogShaderCompilers: Display: Shaders left to compile 0
[2026.04.28-03.45.26:704][  0]LogWindows: Windows GetLastError: Операция успешно завершена. (0)
[2026.04.28-03.45.26:706][  0]LogWindows: Error: === Critical error: ===
[2026.04.28-03.45.26:706][  0]LogWindows: Error: 
[2026.04.28-03.45.26:706][  0]LogWindows: Error: Fatal error: [File:D:/Build/++UE4/Sync/Engine/Source/Runtime/Engine/Private/ShaderCompiler/ShaderCompiler.cpp] [Line: 1768] 
[2026.04.28-03.45.26:706][  0]LogWindows: Error: Shader Compiling thread exception:
[2026.04.28-03.45.26:706][  0]LogWindows: Error: Assertion failed: (Index >= 0) & (Index < ArrayNum) [File:D:\Build\++UE4\Sync\Engine\Source\Runtime\Core\Public\Containers/Array.h] [Line: 703] 
[2026.04.28-03.45.26:706][  0]LogWindows: Error: Array index out of bounds: 0 from an array of size 0
[2026.04.28-03.45.26:706][  0]LogWindows: Error: 
[2026.04.28-03.45.26:706][  0]LogWindows: Error: 
[2026.04.28-03.45.26:706][  0]LogWindows: Error: [Callstack] 0x00007ffd92922bdc KERNELBASE.dll!UnknownFunction []
[2026.04.28-03.45.26:706][  0]LogWindows: Error: [Callstack] 0x00007ffd36770216 UE4Editor-Core.dll!UnknownFunction []
[2026.04.28-03.45.26:706][  0]LogWindows: Error: [Callstack] 0x00007ffd36774218 UE4Editor-Core.dll!UnknownFunction []
[2026.04.28-03.45.26:706][  0]LogWindows: Error: [Callstack] 0x00007ffd3649242d UE4Editor-Core.dll!UnknownFunction []
[2026.04.28-03.45.26:706][  0]LogWindows: Error: [Callstack] 0x00007ffd363e6a45 UE4Editor-Core.dll!UnknownFunction []
[2026.04.28-03.45.26:706][  0]LogWindows: Error: [Callstack] 0x00007ffd363e80a0 UE4Editor-Core.dll!UnknownFunction []
[2026.04.28-03.45.26:706][  0]LogWindows: Error: [Callstack] 0x00007ffcfed96288 UE4Editor-Engine.dll!UnknownFunction []
[2026.04.28-03.45.26:706][  0]LogWindows: Error: [Callstack] 0x00007ffcfe1fe6ea UE4Editor-Engine.dll!UnknownFunction []
[2026.04.28-03.45.26:706][  0]LogWindows: Error: [Callstack] 0x00007ffcfe22964c UE4Editor-Engine.dll!UnknownFunction []
[2026.04.28-03.45.26:706][  0]LogWindows: Error: [Callstack] 0x00007ffcfe1fb12c UE4Editor-Engine.dll!UnknownFunction []
[2026.04.28-03.45.26:706][  0]LogWindows: Error: [Callstack] 0x00007ffcfe232ab7 UE4Editor-Engine.dll!UnknownFunction []
[2026.04.28-03.45.26:706][  0]LogWindows: Error: [Callstack] 0x00007ffd3678ff0b UE4Editor-Core.dll!UnknownFunction []
[2026.04.28-03.45.26:706][  0]LogWindows: Error: [Callstack] 0x00007ffd36787050 UE4Editor-Core.dll!UnknownFunction []
[2026.04.28-03.45.26:707][  0]LogWindows: Error: [Callstack] 0x00007ffd932f53e0 KERNEL32.DLL!UnknownFunction []
[2026.04.28-03.45.26:707][  0]LogWindows: Error: [Callstack] 0x00007ffd953a485b ntdll.dll!UnknownFunction []
[2026.04.28-03.45.26:707][  0]LogWindows: Error: 
[2026.04.28-03.45.26:707][  0]LogWindows: Error: 
[2026.04.28-03.45.26:707][  0]LogWindows: Error: 
[2026.04.28-03.45.26:707][  0]LogWindows: Error: 
[2026.04.28-03.45.26:749][  0]LogExit: Executing StaticShutdownAfterError
[2026.04.28-03.45.26:753][  0]LogWindows: FPlatformMisc::RequestExit(1)
[2026.04.28-03.45.26:753][  0]LogWindows: FPlatformMisc::RequestExitWithStatus(1, 3)
[2026.04.28-03.45.26:753][  0]LogCore: Engine exit requested (reason: Win RequestExit; note: exit was already requested)
[2026.04.28-03.45.26:823][  0]Log file closed, 04/28/26 08:45:26
