Log file open, 04/28/26 21:59:59
LogWindows: Failed to load 'aqProf.dll' (GetLastError=126)
LogWindows: File 'aqProf.dll' does not exist
LogWindows: Failed to load 'VtuneApi.dll' (GetLastError=126)
LogWindows: File 'VtuneApi.dll' does not exist
LogWindows: Failed to load 'VtuneApi32e.dll' (GetLastError=126)
LogWindows: File 'VtuneApi32e.dll' does not exist
LogConsoleResponse: Display: Failed to find resolution value strings in scalability ini. Falling back to default.
LogConsoleResponse: Display: Failed to find resolution value strings in scalability ini. Falling back to default.
LogInit: Display: Running engine for game: UnauticnaCastle
LogPlatformFile: Not using cached read wrapper
LogTaskGraph: Started task graph with 5 named threads and 71 total threads with 3 sets of task threads.
LogStats: Stats thread started at 0.376863
LogICUInternationalization: ICU TimeZone Detection - Raw Offset: +5:00, Platform Override: ''
LogInit: Display: Loading text-based GConfig....
LogPluginManager: Mounting plugin MeshPainting
LogPluginManager: Mounting plugin XGEController
LogPluginManager: Mounting plugin Paper2D
LogPluginManager: Mounting plugin LiveLink
LogPluginManager: Mounting plugin AISupport
LogPluginManager: Mounting plugin EnvironmentQueryEditor
LogPluginManager: Mounting plugin LightPropagationVolume
LogPluginManager: Mounting plugin CameraShakePreviewer
LogPluginManager: Mounting plugin GameplayCameras
LogPluginManager: Mounting plugin OodleData
LogPluginManager: Mounting plugin OodleNetwork
LogPluginManager: Mounting plugin AssetManagerEditor
LogPluginManager: Mounting plugin CurveEditorTools
LogPluginManager: Mounting plugin DataValidation
LogPluginManager: Mounting plugin FacialAnimation
LogPluginManager: Mounting plugin CryptoKeys
LogPluginManager: Mounting plugin GameplayTagsEditor
LogPluginManager: Mounting plugin GeometryMode
LogPluginManager: Mounting plugin MaterialAnalyzer
LogPluginManager: Mounting plugin MacGraphicsSwitching
LogPluginManager: Mounting plugin CodeLiteSourceCodeAccess
LogPluginManager: Mounting plugin AnimationSharing
LogPluginManager: Mounting plugin MobileLauncherProfileWizard
LogPluginManager: Mounting plugin PluginBrowser
LogPluginManager: Mounting plugin CLionSourceCodeAccess
LogPluginManager: Mounting plugin SpeedTreeImporter
LogPluginManager: Mounting plugin NullSourceCodeAccess
LogPluginManager: Mounting plugin GitSourceControl
LogPluginManager: Mounting plugin KDevelopSourceCodeAccess
LogPluginManager: Mounting plugin PerforceSourceControl
LogPluginManager: Mounting plugin PlasticSourceControl
LogPluginManager: Mounting plugin PixWinPlugin
LogPluginManager: Mounting plugin PluginUtils
LogPluginManager: Mounting plugin RiderSourceCodeAccess
LogPluginManager: Mounting plugin SubversionSourceControl
LogPluginManager: Mounting plugin TextureFormatOodle
LogPluginManager: Mounting plugin PropertyAccessNode
LogPluginManager: Mounting plugin VisualStudioCodeSourceCodeAccess
LogPluginManager: Mounting plugin XCodeSourceCodeAccess
LogPluginManager: Mounting plugin VisualStudioSourceCodeAccess
LogPluginManager: Mounting plugin UObjectPlugin
LogPluginManager: Mounting plugin Niagara
LogPluginManager: Mounting plugin LuminPlatformFeatures
LogPluginManager: Mounting plugin AlembicImporter
LogPluginManager: Mounting plugin MagicLeap
LogPluginManager: Mounting plugin MagicLeapMedia
LogPluginManager: Mounting plugin AutomationUtils
LogPluginManager: Mounting plugin MLSDK
LogPluginManager: Mounting plugin ChaosClothEditor
LogPluginManager: Mounting plugin ChaosSolverPlugin
LogPluginManager: Mounting plugin CharacterAI
LogPluginManager: Mounting plugin BackChannel
LogPluginManager: Mounting plugin MagicLeapLightEstimation
LogPluginManager: Mounting plugin MagicLeapPassableWorld
LogPluginManager: Mounting plugin ChaosCloth
LogPluginManager: Mounting plugin UdpMessaging
LogPluginManager: Mounting plugin TcpMessaging
LogPluginManager: Mounting plugin GeometryCache
LogPluginManager: Mounting plugin GeometryCollectionPlugin
LogPluginManager: Mounting plugin DatasmithContent
LogPluginManager: Mounting plugin VariantManagerContent
LogPluginManager: Mounting plugin ChaosEditor
LogPluginManager: Mounting plugin GeometryProcessing
LogPluginManager: Mounting plugin ChaosNiagara
LogPluginManager: Mounting plugin OpenImageDenoise
LogPluginManager: Mounting plugin MotoSynth
LogPluginManager: Mounting plugin AndroidMedia
LogPluginManager: Mounting plugin PlatformCrypto
LogPluginManager: Mounting plugin ProxyLODPlugin
LogPluginManager: Mounting plugin ActorSequence
LogPluginManager: Mounting plugin PythonScriptPlugin
LogPluginManager: Mounting plugin PlanarCut
LogPluginManager: Mounting plugin SkeletalReduction
LogPluginManager: Mounting plugin AvfMedia
LogPluginManager: Mounting plugin LevelSequenceEditor
LogPluginManager: Mounting plugin MatineeToLevelSequence
LogPluginManager: Mounting plugin ImgMedia
LogPluginManager: Mounting plugin MediaCompositing
LogPluginManager: Mounting plugin TemplateSequence
LogPluginManager: Mounting plugin MediaPlayerEditor
LogPluginManager: Mounting plugin WmfMedia
LogPluginManager: Mounting plugin OnlineSubsystem
LogPluginManager: Mounting plugin WebMMedia
LogPluginManager: Mounting plugin OnlineSubsystemNull
LogPluginManager: Mounting plugin OnlineSubsystemUtils
LogPluginManager: Mounting plugin LauncherChunkInstaller
LogPluginManager: Mounting plugin ScreenshotTools
LogPluginManager: Mounting plugin ActorLayerUtilities
LogPluginManager: Mounting plugin AndroidDeviceProfileSelector
LogPluginManager: Mounting plugin AndroidMoviePlayer
LogPluginManager: Mounting plugin AndroidPermission
LogPluginManager: Mounting plugin AppleMoviePlayer
LogPluginManager: Mounting plugin AppleImageUtils
LogPluginManager: Mounting plugin AudioCapture
LogPluginManager: Mounting plugin ArchVisCharacter
LogPluginManager: Mounting plugin AssetTags
LogPluginManager: Mounting plugin AudioSynesthesia
LogPluginManager: Mounting plugin CableComponent
LogPluginManager: Mounting plugin ChunkDownloader
LogPluginManager: Mounting plugin CustomMeshComponent
LogPluginManager: Mounting plugin EditableMesh
LogPluginManager: Mounting plugin ExampleDeviceProfileSelector
LogPluginManager: Mounting plugin GooglePAD
LogPluginManager: Mounting plugin GoogleCloudMessaging
LogPluginManager: Mounting plugin Takes
LogPluginManager: Mounting plugin LinuxDeviceProfileSelector
LogPluginManager: Mounting plugin IOSDeviceProfileSelector
LogPluginManager: Mounting plugin MobilePatchingUtils
LogPluginManager: Mounting plugin OpenXR
LogPluginManager: Mounting plugin OpenXREyeTracker
LogPluginManager: Mounting plugin OpenXRHandTracking
LogPluginManager: Mounting plugin LocationServicesBPLibrary
LogPluginManager: Mounting plugin PhysXVehicles
LogPluginManager: Mounting plugin RuntimePhysXCooking
LogPluginManager: Mounting plugin ProceduralMeshComponent
LogPluginManager: Mounting plugin SignificanceManager
LogPluginManager: Mounting plugin PostSplashScreen
LogPluginManager: Mounting plugin PropertyAccessEditor
LogPluginManager: Mounting plugin SoundFields
LogPluginManager: Mounting plugin Synthesis
LogPluginManager: Mounting plugin WebMMoviePlayer
LogPluginManager: Mounting plugin WindowsMoviePlayer
LogPluginManager: Mounting plugin ContentBrowserAssetDataSource
LogPluginManager: Mounting plugin ContentBrowserClassDataSource
LogPluginManager: Mounting plugin ContentBrowserFileDataSource
LogPluginManager: Mounting plugin OnlineSubsystemGooglePlay
LogPluginManager: Mounting plugin OnlineSubsystemIOS
LogPluginManager: Mounting plugin OculusVR
LogPluginManager: Mounting plugin SteamVR
PixWinPlugin: PIX capture plugin failed to initialize! Check that the process is launched from PIX.
LogInit: Using libcurl 7.55.1-DEV
LogInit:  - built for x86_64-pc-win32
LogInit:  - supports SSL with OpenSSL/1.1.1
LogInit:  - supports HTTP deflate (compression) using libz 1.2.8
LogInit:  - other features:
LogInit:      CURL_VERSION_SSL
LogInit:      CURL_VERSION_LIBZ
LogInit:      CURL_VERSION_IPV6
LogInit:      CURL_VERSION_ASYNCHDNS
LogInit:      CURL_VERSION_LARGEFILE
LogInit:      CURL_VERSION_IDN
LogInit:  CurlRequestOptions (configurable via config and command line):
LogInit:  - bVerifyPeer = true  - Libcurl will verify peer certificate
LogInit:  - bUseHttpProxy = false  - Libcurl will NOT use HTTP proxy
LogInit:  - bDontReuseConnections = false  - Libcurl will reuse connections
LogInit:  - MaxHostConnections = 16  - Libcurl will limit the number of connections to a host
LogInit:  - LocalHostAddr = Default
LogInit:  - BufferSize = 65536
LogOnline: OSS: Creating online subsystem instance for: NULL
LogInit: WinSock: version 1.1 (2.2), MaxSocks=32767, MaxUdp=65467
LogOnline: OSS: TryLoadSubsystemAndSetDefault: Loaded subsystem for module [NULL]
LogOculusPluginWrapper: OculusPlugin initialized successfully
LogHMD: Failed initializing OVRPlugin 1.59.0
LogInit: Build: ++UE4+Release-4.27-CL-18319896
LogInit: Engine Version: 4.27.2-18319896+++UE4+Release-4.27
LogInit: Compatible Engine Version: 4.27.0-17155196+++UE4+Release-4.27
LogInit: Net CL: 17155196
LogInit: OS: Windows 10 (Release 2009) (), CPU: Intel(R) Xeon(R) CPU E5-2680 v3 @ 2.50GHz, GPU: AMD Radeon (TM) R9 200 Series
LogInit: Compiled (64-bit): Nov 30 2021 07:12:08
LogInit: Compiled with Visual C++: 19.24.28315.00
LogInit: Build Configuration: Development
LogInit: Branch Name: ++UE4+Release-4.27
LogInit: Command Line: 
LogInit: Base Directory: D:/Games/New Folder/UE_4.27/Engine/Binaries/Win64/
LogInit: Allocator: TBB
LogInit: Installed Engine Build: 1
LogDevObjectVersion: Number of dev versions registered: 29
LogDevObjectVersion:   Dev-Blueprints (B0D832E4-1F89-4F0D-ACCF-7EB736FD4AA2): 10
LogDevObjectVersion:   Dev-Build (E1C64328-A22C-4D53-A36C-8E866417BD8C): 0
LogDevObjectVersion:   Dev-Core (375EC13C-06E4-48FB-B500-84F0262A717E): 4
LogDevObjectVersion:   Dev-Editor (E4B068ED-F494-42E9-A231-DA0B2E46BB41): 40
LogDevObjectVersion:   Dev-Framework (CFFC743F-43B0-4480-9391-14DF171D2073): 37
LogDevObjectVersion:   Dev-Mobile (B02B49B5-BB20-44E9-A304-32B752E40360): 3
LogDevObjectVersion:   Dev-Networking (A4E4105C-59A1-49B5-A7C5-40C4547EDFEE): 0
LogDevObjectVersion:   Dev-Online (39C831C9-5AE6-47DC-9A44-9C173E1C8E7C): 0
LogDevObjectVersion:   Dev-Physics (78F01B33-EBEA-4F98-B9B4-84EACCB95AA2): 14
LogDevObjectVersion:   Dev-Platform (6631380F-2D4D-43E0-8009-CF276956A95A): 0
LogDevObjectVersion:   Dev-Rendering (12F88B9F-8875-4AFC-A67C-D90C383ABD29): 45
LogDevObjectVersion:   Dev-Sequencer (7B5AE74C-D270-4C10-A958-57980B212A5A): 13
LogDevObjectVersion:   Dev-VR (D7296918-1DD6-4BDD-9DE2-64A83CC13884): 3
LogDevObjectVersion:   Dev-LoadTimes (C2A15278-BFE7-4AFE-6C17-90FF531DF755): 1
LogDevObjectVersion:   Private-Geometry (6EACA3D4-40EC-4CC1-B786-8BED09428FC5): 3
LogDevObjectVersion:   Dev-AnimPhys (29E575DD-E0A3-4627-9D10-D276232CDCEA): 17
LogDevObjectVersion:   Dev-Anim (AF43A65D-7FD3-4947-9873-3E8ED9C1BB05): 15
LogDevObjectVersion:   Dev-ReflectionCapture (6B266CEC-1EC7-4B8F-A30B-E4D90942FC07): 1
LogDevObjectVersion:   Dev-Automation (0DF73D61-A23F-47EA-B727-89E90C41499A): 1
LogDevObjectVersion:   FortniteMain (601D1886-AC64-4F84-AA16-D3DE0DEAC7D6): 47
LogDevObjectVersion:   FortniteRelease (E7086368-6B23-4C58-8439-1B7016265E91): 1
LogDevObjectVersion:   Dev-Enterprise (9DFFBCD6-494F-0158-E221-12823C92A888): 10
LogDevObjectVersion:   Dev-Niagara (F2AED0AC-9AFE-416F-8664-AA7FFA26D6FC): 1
LogDevObjectVersion:   Dev-Destruction (174F1F0B-B4C6-45A5-B13F-2EE8D0FB917D): 10
LogDevObjectVersion:   Dev-Physics-Ext (35F94A83-E258-406C-A318-09F59610247C): 41
LogDevObjectVersion:   Dev-PhysicsMaterial-Chaos (B68FC16E-8B1B-42E2-B453-215C058844FE): 1
LogDevObjectVersion:   Dev-CineCamera (B2E18506-4273-CFC2-A54E-F4BB758BBA07): 1
LogDevObjectVersion:   Dev-VirtualProduction (64F58936-FD1B-42BA-BA96-7289D5D0FA4E): 1
LogDevObjectVersion:   Dev-MediaFramework (6F0ED827-A609-4895-9C91-998D90180EA4): 2
LogInit: Presizing for max 25165824 objects, including 0 objects not considered by GC, pre-allocating 0 bytes for permanent pool.
LogConfig: Applying CVar settings from Section [/Script/Engine.StreamingSettings] File [D:/2new/Unauticna test/game-unauticna/Unreal Code/UnauticnaCastle/Saved/Config/Windows/Engine.ini]
LogConfig: Setting CVar [[s.MinBulkDataSizeForAsyncLoading:131072]]
LogConfig: Setting CVar [[s.AsyncLoadingThreadEnabled:0]]
LogConfig: Setting CVar [[s.EventDrivenLoaderEnabled:1]]
LogConfig: Setting CVar [[s.WarnIfTimeLimitExceeded:0]]
LogConfig: Setting CVar [[s.TimeLimitExceededMultiplier:1.5]]
LogConfig: Setting CVar [[s.TimeLimitExceededMinTime:0.005]]
LogConfig: Setting CVar [[s.UseBackgroundLevelStreaming:1]]
LogConfig: Setting CVar [[s.PriorityAsyncLoadingExtraTime:15.0]]
LogConfig: Setting CVar [[s.LevelStreamingActorsUpdateTimeLimit:5.0]]
LogConfig: Setting CVar [[s.PriorityLevelStreamingActorsUpdateExtraTime:5.0]]
LogConfig: Setting CVar [[s.LevelStreamingComponentsRegistrationGranularity:10]]
LogConfig: Setting CVar [[s.UnregisterComponentsTimeLimit:1.0]]
LogConfig: Setting CVar [[s.LevelStreamingComponentsUnregistrationGranularity:5]]
LogConfig: Setting CVar [[s.FlushStreamingOnExit:1]]
LogInit: Object subsystem initialized
LogConfig: Setting CVar [[con.DebugEarlyDefault:1]]
LogConfig: Setting CVar [[r.setres:1280x720]]
[2026.04.28-17.00.00:393][  0]LogConfig: Setting CVar [[r.VSync:0]]
[2026.04.28-17.00.00:394][  0]LogConfig: Setting CVar [[r.RHICmdBypass:0]]
[2026.04.28-17.00.00:394][  0]LogConfig: Applying CVar settings from Section [/Script/Engine.RendererSettings] File [D:/2new/Unauticna test/game-unauticna/Unreal Code/UnauticnaCastle/Saved/Config/Windows/Engine.ini]
[2026.04.28-17.00.00:394][  0]LogConfig: Setting CVar [[r.GPUCrashDebugging:0]]
[2026.04.28-17.00.00:394][  0]LogConfig: Setting CVar [[r.SkinCache.CompileShaders:1]]
[2026.04.28-17.00.00:394][  0]LogConfig: Setting CVar [[r.RayTracing:1]]
[2026.04.28-17.00.00:394][  0]LogConfig: Applying CVar settings from Section [/Script/Engine.RendererOverrideSettings] File [D:/2new/Unauticna test/game-unauticna/Unreal Code/UnauticnaCastle/Saved/Config/Windows/Engine.ini]
[2026.04.28-17.00.00:394][  0]LogConfig: Applying CVar settings from Section [/Script/Engine.StreamingSettings] File [D:/2new/Unauticna test/game-unauticna/Unreal Code/UnauticnaCastle/Saved/Config/Windows/Engine.ini]
[2026.04.28-17.00.00:394][  0]LogConfig: Setting CVar [[s.MinBulkDataSizeForAsyncLoading:131072]]
[2026.04.28-17.00.00:394][  0]LogConfig: Setting CVar [[s.AsyncLoadingThreadEnabled:0]]
[2026.04.28-17.00.00:394][  0]LogConfig: Setting CVar [[s.EventDrivenLoaderEnabled:1]]
[2026.04.28-17.00.00:394][  0]LogConfig: Setting CVar [[s.WarnIfTimeLimitExceeded:0]]
[2026.04.28-17.00.00:394][  0]LogConfig: Setting CVar [[s.TimeLimitExceededMultiplier:1.5]]
[2026.04.28-17.00.00:394][  0]LogConfig: Setting CVar [[s.TimeLimitExceededMinTime:0.005]]
[2026.04.28-17.00.00:394][  0]LogConfig: Setting CVar [[s.UseBackgroundLevelStreaming:1]]
[2026.04.28-17.00.00:394][  0]LogConfig: Setting CVar [[s.PriorityAsyncLoadingExtraTime:15.0]]
[2026.04.28-17.00.00:394][  0]LogConfig: Setting CVar [[s.LevelStreamingActorsUpdateTimeLimit:5.0]]
[2026.04.28-17.00.00:394][  0]LogConfig: Setting CVar [[s.PriorityLevelStreamingActorsUpdateExtraTime:5.0]]
[2026.04.28-17.00.00:394][  0]LogConfig: Setting CVar [[s.LevelStreamingComponentsRegistrationGranularity:10]]
[2026.04.28-17.00.00:394][  0]LogConfig: Setting CVar [[s.UnregisterComponentsTimeLimit:1.0]]
[2026.04.28-17.00.00:394][  0]LogConfig: Setting CVar [[s.LevelStreamingComponentsUnregistrationGranularity:5]]
[2026.04.28-17.00.00:394][  0]LogConfig: Setting CVar [[s.FlushStreamingOnExit:1]]
[2026.04.28-17.00.00:394][  0]LogConfig: Applying CVar settings from Section [/Script/Engine.GarbageCollectionSettings] File [D:/2new/Unauticna test/game-unauticna/Unreal Code/UnauticnaCastle/Saved/Config/Windows/Engine.ini]
[2026.04.28-17.00.00:394][  0]LogConfig: Setting CVar [[gc.MaxObjectsNotConsideredByGC:1]]
[2026.04.28-17.00.00:394][  0]LogConfig: Setting CVar [[gc.SizeOfPermanentObjectPool:0]]
[2026.04.28-17.00.00:394][  0]LogConfig: Setting CVar [[gc.FlushStreamingOnGC:0]]
[2026.04.28-17.00.00:394][  0]LogConfig: Setting CVar [[gc.NumRetriesBeforeForcingGC:10]]
[2026.04.28-17.00.00:394][  0]LogConfig: Setting CVar [[gc.AllowParallelGC:1]]
[2026.04.28-17.00.00:394][  0]LogConfig: Setting CVar [[gc.TimeBetweenPurgingPendingKillObjects:61.1]]
[2026.04.28-17.00.00:394][  0]LogConfig: Setting CVar [[gc.MaxObjectsInEditor:25165824]]
[2026.04.28-17.00.00:394][  0]LogConfig: Setting CVar [[gc.IncrementalBeginDestroyEnabled:1]]
[2026.04.28-17.00.00:394][  0]LogConfig: Setting CVar [[gc.CreateGCClusters:1]]
[2026.04.28-17.00.00:394][  0]LogConfig: Setting CVar [[gc.MinGCClusterSize:5]]
[2026.04.28-17.00.00:394][  0]LogConfig: Setting CVar [[gc.ActorClusteringEnabled:0]]
[2026.04.28-17.00.00:394][  0]LogConfig: Setting CVar [[gc.BlueprintClusteringEnabled:0]]
[2026.04.28-17.00.00:394][  0]LogConfig: Setting CVar [[gc.UseDisregardForGCOnDedicatedServers:0]]
[2026.04.28-17.00.00:394][  0]LogConfig: Setting CVar [[gc.MultithreadedDestructionEnabled:1]]
[2026.04.28-17.00.00:394][  0]LogConfig: Applying CVar settings from Section [/Script/Engine.NetworkSettings] File [D:/2new/Unauticna test/game-unauticna/Unreal Code/UnauticnaCastle/Saved/Config/Windows/Engine.ini]
[2026.04.28-17.00.00:394][  0]LogConfig: Applying CVar settings from Section [/Script/UnrealEd.CookerSettings] File [D:/2new/Unauticna test/game-unauticna/Unreal Code/UnauticnaCastle/Saved/Config/Windows/Engine.ini]
[2026.04.28-17.00.00:407][  0]LogConfig: Applying CVar settings from Section [ViewDistanceQuality@3] File [D:/2new/Unauticna test/game-unauticna/Unreal Code/UnauticnaCastle/Saved/Config/Windows/Scalability.ini]
[2026.04.28-17.00.00:408][  0]LogConfig: Setting CVar [[r.SkeletalMeshLODBias:0]]
[2026.04.28-17.00.00:408][  0]LogConfig: Setting CVar [[r.ViewDistanceScale:1.0]]
[2026.04.28-17.00.00:408][  0]LogConfig: Applying CVar settings from Section [AntiAliasingQuality@3] File [D:/2new/Unauticna test/game-unauticna/Unreal Code/UnauticnaCastle/Saved/Config/Windows/Scalability.ini]
[2026.04.28-17.00.00:408][  0]LogConfig: Setting CVar [[r.PostProcessAAQuality:4]]
[2026.04.28-17.00.00:408][  0]LogConfig: Applying CVar settings from Section [ShadowQuality@3] File [D:/2new/Unauticna test/game-unauticna/Unreal Code/UnauticnaCastle/Saved/Config/Windows/Scalability.ini]
[2026.04.28-17.00.00:408][  0]LogConfig: Setting CVar [[r.LightFunctionQuality:1]]
[2026.04.28-17.00.00:408][  0]LogConfig: Setting CVar [[r.ShadowQuality:5]]
[2026.04.28-17.00.00:408][  0]LogConfig: Setting CVar [[r.Shadow.CSM.MaxCascades:10]]
[2026.04.28-17.00.00:408][  0]LogConfig: Setting CVar [[r.Shadow.MaxResolution:2048]]
[2026.04.28-17.00.00:408][  0]LogConfig: Setting CVar [[r.Shadow.MaxCSMResolution:2048]]
[2026.04.28-17.00.00:408][  0]LogConfig: Setting CVar [[r.Shadow.RadiusThreshold:0.01]]
[2026.04.28-17.00.00:408][  0]LogConfig: Setting CVar [[r.Shadow.DistanceScale:1.0]]
[2026.04.28-17.00.00:408][  0]LogConfig: Setting CVar [[r.Shadow.CSM.TransitionScale:1.0]]
[2026.04.28-17.00.00:408][  0]LogConfig: Setting CVar [[r.Shadow.PreShadowResolutionFactor:1.0]]
[2026.04.28-17.00.00:408][  0]LogConfig: Setting CVar [[r.DistanceFieldShadowing:1]]
[2026.04.28-17.00.00:408][  0]LogConfig: Setting CVar [[r.DistanceFieldAO:1]]
[2026.04.28-17.00.00:408][  0]LogConfig: Setting CVar [[r.AOQuality:2]]
[2026.04.28-17.00.00:408][  0]LogConfig: Setting CVar [[r.VolumetricFog:1]]
[2026.04.28-17.00.00:408][  0]LogConfig: Setting CVar [[r.VolumetricFog.GridPixelSize:8]]
[2026.04.28-17.00.00:408][  0]LogConfig: Setting CVar [[r.VolumetricFog.GridSizeZ:128]]
[2026.04.28-17.00.00:408][  0]LogConfig: Setting CVar [[r.VolumetricFog.HistoryMissSupersampleCount:4]]
[2026.04.28-17.00.00:408][  0]LogConfig: Setting CVar [[r.LightMaxDrawDistanceScale:1]]
[2026.04.28-17.00.00:408][  0]LogConfig: Setting CVar [[r.CapsuleShadows:1]]
[2026.04.28-17.00.00:408][  0]LogConfig: Applying CVar settings from Section [PostProcessQuality@3] File [D:/2new/Unauticna test/game-unauticna/Unreal Code/UnauticnaCastle/Saved/Config/Windows/Scalability.ini]
[2026.04.28-17.00.00:408][  0]LogConfig: Setting CVar [[r.MotionBlurQuality:4]]
[2026.04.28-17.00.00:408][  0]LogConfig: Setting CVar [[r.AmbientOcclusionMipLevelFactor:0.4]]
[2026.04.28-17.00.00:408][  0]LogConfig: Setting CVar [[r.AmbientOcclusionMaxQuality:100]]
[2026.04.28-17.00.00:408][  0]LogConfig: Setting CVar [[r.AmbientOcclusionLevels:-1]]
[2026.04.28-17.00.00:408][  0]LogConfig: Setting CVar [[r.AmbientOcclusionRadiusScale:1.0]]
[2026.04.28-17.00.00:408][  0]LogConfig: Setting CVar [[r.DepthOfFieldQuality:2]]
[2026.04.28-17.00.00:408][  0]LogConfig: Setting CVar [[r.RenderTargetPoolMin:400]]
[2026.04.28-17.00.00:408][  0]LogConfig: Setting CVar [[r.LensFlareQuality:2]]
[2026.04.28-17.00.00:408][  0]LogConfig: Setting CVar [[r.SceneColorFringeQuality:1]]
[2026.04.28-17.00.00:408][  0]LogConfig: Setting CVar [[r.EyeAdaptationQuality:2]]
[2026.04.28-17.00.00:408][  0]LogConfig: Setting CVar [[r.BloomQuality:5]]
[2026.04.28-17.00.00:408][  0]LogConfig: Setting CVar [[r.FastBlurThreshold:100]]
[2026.04.28-17.00.00:408][  0]LogConfig: Setting CVar [[r.Upscale.Quality:3]]
[2026.04.28-17.00.00:408][  0]LogConfig: Setting CVar [[r.Tonemapper.GrainQuantization:1]]
[2026.04.28-17.00.00:408][  0]LogConfig: Setting CVar [[r.LightShaftQuality:1]]
[2026.04.28-17.00.00:408][  0]LogConfig: Setting CVar [[r.Filter.SizeScale:1]]
[2026.04.28-17.00.00:408][  0]LogConfig: Setting CVar [[r.Tonemapper.Quality:5]]
[2026.04.28-17.00.00:408][  0]LogConfig: Setting CVar [[r.DOF.Gather.AccumulatorQuality:1        ; higher gathering accumulator quality]]
[2026.04.28-17.00.00:408][  0]LogConfig: Setting CVar [[r.DOF.Gather.PostfilterMethod:1          ; Median3x3 postfilering method]]
[2026.04.28-17.00.00:408][  0]LogConfig: Setting CVar [[r.DOF.Gather.EnableBokehSettings:0       ; no bokeh simulation when gathering]]
[2026.04.28-17.00.00:408][  0]LogConfig: Setting CVar [[r.DOF.Gather.RingCount:4                 ; medium number of samples when gathering]]
[2026.04.28-17.00.00:408][  0]LogConfig: Setting CVar [[r.DOF.Scatter.ForegroundCompositing:1    ; additive foreground scattering]]
[2026.04.28-17.00.00:408][  0]LogConfig: Setting CVar [[r.DOF.Scatter.BackgroundCompositing:2    ; additive background scattering]]
[2026.04.28-17.00.00:408][  0]LogConfig: Setting CVar [[r.DOF.Scatter.EnableBokehSettings:1      ; bokeh simulation when scattering]]
[2026.04.28-17.00.00:408][  0]LogConfig: Setting CVar [[r.DOF.Scatter.MaxSpriteRatio:0.1         ; only a maximum of 10% of scattered bokeh]]
[2026.04.28-17.00.00:408][  0]LogConfig: Setting CVar [[r.DOF.Recombine.Quality:1                ; cheap slight out of focus]]
[2026.04.28-17.00.00:408][  0]LogConfig: Setting CVar [[r.DOF.Recombine.EnableBokehSettings:0    ; no bokeh simulation on slight out of focus]]
[2026.04.28-17.00.00:408][  0]LogConfig: Setting CVar [[r.DOF.TemporalAAQuality:1                ; more stable temporal accumulation]]
[2026.04.28-17.00.00:408][  0]LogConfig: Setting CVar [[r.DOF.Kernel.MaxForegroundRadius:0.025]]
[2026.04.28-17.00.00:408][  0]LogConfig: Setting CVar [[r.DOF.Kernel.MaxBackgroundRadius:0.025]]
[2026.04.28-17.00.00:408][  0]LogConfig: Applying CVar settings from Section [TextureQuality@3] File [D:/2new/Unauticna test/game-unauticna/Unreal Code/UnauticnaCastle/Saved/Config/Windows/Scalability.ini]
[2026.04.28-17.00.00:408][  0]LogConfig: Setting CVar [[r.Streaming.MipBias:0]]
[2026.04.28-17.00.00:408][  0]LogConfig: Setting CVar [[r.Streaming.AmortizeCPUToGPUCopy:0]]
[2026.04.28-17.00.00:408][  0]LogConfig: Setting CVar [[r.Streaming.MaxNumTexturesToStreamPerFrame:0]]
[2026.04.28-17.00.00:408][  0]LogConfig: Setting CVar [[r.Streaming.Boost:1]]
[2026.04.28-17.00.00:408][  0]LogConfig: Setting CVar [[r.MaxAnisotropy:8]]
[2026.04.28-17.00.00:408][  0]LogConfig: Setting CVar [[r.VT.MaxAnisotropy:8]]
[2026.04.28-17.00.00:408][  0]LogConfig: Setting CVar [[r.Streaming.LimitPoolSizeToVRAM:0]]
[2026.04.28-17.00.00:409][  0]LogConfig: Setting CVar [[r.Streaming.PoolSize:1000]]
[2026.04.28-17.00.00:409][  0]LogConfig: Setting CVar [[r.Streaming.MaxEffectiveScreenSize:0]]
[2026.04.28-17.00.00:409][  0]LogConfig: Applying CVar settings from Section [EffectsQuality@3] File [D:/2new/Unauticna test/game-unauticna/Unreal Code/UnauticnaCastle/Saved/Config/Windows/Scalability.ini]
[2026.04.28-17.00.00:409][  0]LogConfig: Setting CVar [[r.TranslucencyLightingVolumeDim:64]]
[2026.04.28-17.00.00:409][  0]LogConfig: Setting CVar [[r.RefractionQuality:2]]
[2026.04.28-17.00.00:409][  0]LogConfig: Setting CVar [[r.SSR.Quality:3]]
[2026.04.28-17.00.00:409][  0]LogConfig: Setting CVar [[r.SSR.HalfResSceneColor:0]]
[2026.04.28-17.00.00:409][  0]LogConfig: Setting CVar [[r.SceneColorFormat:4]]
[2026.04.28-17.00.00:409][  0]LogConfig: Setting CVar [[r.DetailMode:2]]
[2026.04.28-17.00.00:409][  0]LogConfig: Setting CVar [[r.TranslucencyVolumeBlur:1]]
[2026.04.28-17.00.00:409][  0]LogConfig: Setting CVar [[r.MaterialQualityLevel:1 ; High quality]]
[2026.04.28-17.00.00:409][  0]LogConfig: Setting CVar [[r.AnisotropicMaterials:1]]
[2026.04.28-17.00.00:409][  0]LogConfig: Setting CVar [[r.SSS.Scale:1]]
[2026.04.28-17.00.00:409][  0]LogConfig: Setting CVar [[r.SSS.SampleSet:2]]
[2026.04.28-17.00.00:409][  0]LogConfig: Setting CVar [[r.SSS.Quality:1]]
[2026.04.28-17.00.00:409][  0]LogConfig: Setting CVar [[r.SSS.HalfRes:0]]
[2026.04.28-17.00.00:409][  0]LogConfig: Setting CVar [[r.SSGI.Quality:3]]
[2026.04.28-17.00.00:409][  0]LogConfig: Setting CVar [[r.EmitterSpawnRateScale:1.0]]
[2026.04.28-17.00.00:409][  0]LogConfig: Setting CVar [[r.ParticleLightQuality:2]]
[2026.04.28-17.00.00:409][  0]LogConfig: Setting CVar [[r.SkyAtmosphere.AerialPerspectiveLUT.FastApplyOnOpaque:1 ; Always have FastSkyLUT 1 in this case to avoid wrong sky]]
[2026.04.28-17.00.00:409][  0]LogConfig: Setting CVar [[r.SkyAtmosphere.AerialPerspectiveLUT.SampleCountMaxPerSlice:4]]
[2026.04.28-17.00.00:409][  0]LogConfig: Setting CVar [[r.SkyAtmosphere.AerialPerspectiveLUT.DepthResolution:16.0]]
[2026.04.28-17.00.00:409][  0]LogConfig: Setting CVar [[r.SkyAtmosphere.FastSkyLUT:1]]
[2026.04.28-17.00.00:409][  0]LogConfig: Setting CVar [[r.SkyAtmosphere.FastSkyLUT.SampleCountMin:4.0]]
[2026.04.28-17.00.00:409][  0]LogConfig: Setting CVar [[r.SkyAtmosphere.FastSkyLUT.SampleCountMax:128.0]]
[2026.04.28-17.00.00:409][  0]LogConfig: Setting CVar [[r.SkyAtmosphere.SampleCountMin:4.0]]
[2026.04.28-17.00.00:409][  0]LogConfig: Setting CVar [[r.SkyAtmosphere.SampleCountMax:128.0]]
[2026.04.28-17.00.00:409][  0]LogConfig: Setting CVar [[r.SkyAtmosphere.TransmittanceLUT.UseSmallFormat:0]]
[2026.04.28-17.00.00:409][  0]LogConfig: Setting CVar [[r.SkyAtmosphere.TransmittanceLUT.SampleCount:10.0]]
[2026.04.28-17.00.00:409][  0]LogConfig: Setting CVar [[r.SkyAtmosphere.MultiScatteringLUT.SampleCount:15.0]]
[2026.04.28-17.00.00:409][  0]LogConfig: Setting CVar [[r.SkyLight.RealTimeReflectionCapture:1]]
[2026.04.28-17.00.00:409][  0]LogConfig: Applying CVar settings from Section [FoliageQuality@3] File [D:/2new/Unauticna test/game-unauticna/Unreal Code/UnauticnaCastle/Saved/Config/Windows/Scalability.ini]
[2026.04.28-17.00.00:409][  0]LogConfig: Setting CVar [[foliage.DensityScale:1.0]]
[2026.04.28-17.00.00:409][  0]LogConfig: Setting CVar [[grass.DensityScale:1.0]]
[2026.04.28-17.00.00:409][  0]LogConfig: Applying CVar settings from Section [ShadingQuality@3] File [D:/2new/Unauticna test/game-unauticna/Unreal Code/UnauticnaCastle/Saved/Config/Windows/Scalability.ini]
[2026.04.28-17.00.00:409][  0]LogConfig: Setting CVar [[r.HairStrands.SkyLighting.IntegrationType:2]]
[2026.04.28-17.00.00:409][  0]LogConfig: Setting CVar [[r.HairStrands.SkyAO.SampleCount:4]]
[2026.04.28-17.00.00:409][  0]LogConfig: Setting CVar [[r.HairStrands.Visibility.MSAA.SamplePerPixel:4]]
[2026.04.28-17.00.00:409][  0]LogInit: Selected Device Profile: [Windows]
[2026.04.28-17.00.00:409][  0]LogInit: Applying CVar settings loaded from the selected device profile: [Windows]
[2026.04.28-17.00.00:409][  0]LogHAL: Display: Platform has ~ 32 GB [34260234240 / 34359738368 / 32], which maps to Largest [LargestMinGB=32, LargerMinGB=12, DefaultMinGB=8, SmallerMinGB=6, SmallestMinGB=0)
[2026.04.28-17.00.00:409][  0]LogInit: Going up to parent DeviceProfile []
[2026.04.28-17.00.00:409][  0]LogConfig: Applying CVar settings from Section [ViewDistanceQuality@3] File [D:/2new/Unauticna test/game-unauticna/Unreal Code/UnauticnaCastle/Saved/Config/Windows/Scalability.ini]
[2026.04.28-17.00.00:409][  0]LogConfig: Setting CVar [[r.SkeletalMeshLODBias:0]]
[2026.04.28-17.00.00:409][  0]LogConfig: Setting CVar [[r.ViewDistanceScale:1.0]]
[2026.04.28-17.00.00:409][  0]LogConfig: Applying CVar settings from Section [AntiAliasingQuality@3] File [D:/2new/Unauticna test/game-unauticna/Unreal Code/UnauticnaCastle/Saved/Config/Windows/Scalability.ini]
[2026.04.28-17.00.00:409][  0]LogConfig: Setting CVar [[r.PostProcessAAQuality:4]]
[2026.04.28-17.00.00:409][  0]LogConfig: Applying CVar settings from Section [ShadowQuality@3] File [D:/2new/Unauticna test/game-unauticna/Unreal Code/UnauticnaCastle/Saved/Config/Windows/Scalability.ini]
[2026.04.28-17.00.00:409][  0]LogConfig: Setting CVar [[r.LightFunctionQuality:1]]
[2026.04.28-17.00.00:409][  0]LogConfig: Setting CVar [[r.ShadowQuality:5]]
[2026.04.28-17.00.00:409][  0]LogConfig: Setting CVar [[r.Shadow.CSM.MaxCascades:10]]
[2026.04.28-17.00.00:409][  0]LogConfig: Setting CVar [[r.Shadow.MaxResolution:2048]]
[2026.04.28-17.00.00:409][  0]LogConfig: Setting CVar [[r.Shadow.MaxCSMResolution:2048]]
[2026.04.28-17.00.00:409][  0]LogConfig: Setting CVar [[r.Shadow.RadiusThreshold:0.01]]
[2026.04.28-17.00.00:409][  0]LogConfig: Setting CVar [[r.Shadow.DistanceScale:1.0]]
[2026.04.28-17.00.00:410][  0]LogConfig: Setting CVar [[r.Shadow.CSM.TransitionScale:1.0]]
[2026.04.28-17.00.00:410][  0]LogConfig: Setting CVar [[r.Shadow.PreShadowResolutionFactor:1.0]]
[2026.04.28-17.00.00:410][  0]LogConfig: Setting CVar [[r.DistanceFieldShadowing:1]]
[2026.04.28-17.00.00:410][  0]LogConfig: Setting CVar [[r.DistanceFieldAO:1]]
[2026.04.28-17.00.00:410][  0]LogConfig: Setting CVar [[r.AOQuality:2]]
[2026.04.28-17.00.00:410][  0]LogConfig: Setting CVar [[r.VolumetricFog:1]]
[2026.04.28-17.00.00:410][  0]LogConfig: Setting CVar [[r.VolumetricFog.GridPixelSize:8]]
[2026.04.28-17.00.00:410][  0]LogConfig: Setting CVar [[r.VolumetricFog.GridSizeZ:128]]
[2026.04.28-17.00.00:410][  0]LogConfig: Setting CVar [[r.VolumetricFog.HistoryMissSupersampleCount:4]]
[2026.04.28-17.00.00:410][  0]LogConfig: Setting CVar [[r.LightMaxDrawDistanceScale:1]]
[2026.04.28-17.00.00:410][  0]LogConfig: Setting CVar [[r.CapsuleShadows:1]]
[2026.04.28-17.00.00:410][  0]LogConfig: Applying CVar settings from Section [PostProcessQuality@3] File [D:/2new/Unauticna test/game-unauticna/Unreal Code/UnauticnaCastle/Saved/Config/Windows/Scalability.ini]
[2026.04.28-17.00.00:410][  0]LogConfig: Setting CVar [[r.MotionBlurQuality:4]]
[2026.04.28-17.00.00:410][  0]LogConfig: Setting CVar [[r.AmbientOcclusionMipLevelFactor:0.4]]
[2026.04.28-17.00.00:410][  0]LogConfig: Setting CVar [[r.AmbientOcclusionMaxQuality:100]]
[2026.04.28-17.00.00:410][  0]LogConfig: Setting CVar [[r.AmbientOcclusionLevels:-1]]
[2026.04.28-17.00.00:410][  0]LogConfig: Setting CVar [[r.AmbientOcclusionRadiusScale:1.0]]
[2026.04.28-17.00.00:410][  0]LogConfig: Setting CVar [[r.DepthOfFieldQuality:2]]
[2026.04.28-17.00.00:410][  0]LogConfig: Setting CVar [[r.RenderTargetPoolMin:400]]
[2026.04.28-17.00.00:410][  0]LogConfig: Setting CVar [[r.LensFlareQuality:2]]
[2026.04.28-17.00.00:410][  0]LogConfig: Setting CVar [[r.SceneColorFringeQuality:1]]
[2026.04.28-17.00.00:410][  0]LogConfig: Setting CVar [[r.EyeAdaptationQuality:2]]
[2026.04.28-17.00.00:410][  0]LogConfig: Setting CVar [[r.BloomQuality:5]]
[2026.04.28-17.00.00:410][  0]LogConfig: Setting CVar [[r.FastBlurThreshold:100]]
[2026.04.28-17.00.00:410][  0]LogConfig: Setting CVar [[r.Upscale.Quality:3]]
[2026.04.28-17.00.00:410][  0]LogConfig: Setting CVar [[r.Tonemapper.GrainQuantization:1]]
[2026.04.28-17.00.00:410][  0]LogConfig: Setting CVar [[r.LightShaftQuality:1]]
[2026.04.28-17.00.00:410][  0]LogConfig: Setting CVar [[r.Filter.SizeScale:1]]
[2026.04.28-17.00.00:410][  0]LogConfig: Setting CVar [[r.Tonemapper.Quality:5]]
[2026.04.28-17.00.00:410][  0]LogConfig: Setting CVar [[r.DOF.Gather.AccumulatorQuality:1        ; higher gathering accumulator quality]]
[2026.04.28-17.00.00:410][  0]LogConfig: Setting CVar [[r.DOF.Gather.PostfilterMethod:1          ; Median3x3 postfilering method]]
[2026.04.28-17.00.00:410][  0]LogConfig: Setting CVar [[r.DOF.Gather.EnableBokehSettings:0       ; no bokeh simulation when gathering]]
[2026.04.28-17.00.00:410][  0]LogConfig: Setting CVar [[r.DOF.Gather.RingCount:4                 ; medium number of samples when gathering]]
[2026.04.28-17.00.00:410][  0]LogConfig: Setting CVar [[r.DOF.Scatter.ForegroundCompositing:1    ; additive foreground scattering]]
[2026.04.28-17.00.00:410][  0]LogConfig: Setting CVar [[r.DOF.Scatter.BackgroundCompositing:2    ; additive background scattering]]
[2026.04.28-17.00.00:410][  0]LogConfig: Setting CVar [[r.DOF.Scatter.EnableBokehSettings:1      ; bokeh simulation when scattering]]
[2026.04.28-17.00.00:410][  0]LogConfig: Setting CVar [[r.DOF.Scatter.MaxSpriteRatio:0.1         ; only a maximum of 10% of scattered bokeh]]
[2026.04.28-17.00.00:410][  0]LogConfig: Setting CVar [[r.DOF.Recombine.Quality:1                ; cheap slight out of focus]]
[2026.04.28-17.00.00:410][  0]LogConfig: Setting CVar [[r.DOF.Recombine.EnableBokehSettings:0    ; no bokeh simulation on slight out of focus]]
[2026.04.28-17.00.00:410][  0]LogConfig: Setting CVar [[r.DOF.TemporalAAQuality:1                ; more stable temporal accumulation]]
[2026.04.28-17.00.00:410][  0]LogConfig: Setting CVar [[r.DOF.Kernel.MaxForegroundRadius:0.025]]
[2026.04.28-17.00.00:410][  0]LogConfig: Setting CVar [[r.DOF.Kernel.MaxBackgroundRadius:0.025]]
[2026.04.28-17.00.00:410][  0]LogConfig: Applying CVar settings from Section [TextureQuality@3] File [D:/2new/Unauticna test/game-unauticna/Unreal Code/UnauticnaCastle/Saved/Config/Windows/Scalability.ini]
[2026.04.28-17.00.00:410][  0]LogConfig: Setting CVar [[r.Streaming.MipBias:0]]
[2026.04.28-17.00.00:410][  0]LogConfig: Setting CVar [[r.Streaming.AmortizeCPUToGPUCopy:0]]
[2026.04.28-17.00.00:410][  0]LogConfig: Setting CVar [[r.Streaming.MaxNumTexturesToStreamPerFrame:0]]
[2026.04.28-17.00.00:410][  0]LogConfig: Setting CVar [[r.Streaming.Boost:1]]
[2026.04.28-17.00.00:410][  0]LogConfig: Setting CVar [[r.MaxAnisotropy:8]]
[2026.04.28-17.00.00:410][  0]LogConfig: Setting CVar [[r.VT.MaxAnisotropy:8]]
[2026.04.28-17.00.00:410][  0]LogConfig: Setting CVar [[r.Streaming.LimitPoolSizeToVRAM:0]]
[2026.04.28-17.00.00:410][  0]LogConfig: Setting CVar [[r.Streaming.PoolSize:1000]]
[2026.04.28-17.00.00:410][  0]LogConfig: Setting CVar [[r.Streaming.MaxEffectiveScreenSize:0]]
[2026.04.28-17.00.00:410][  0]LogConfig: Applying CVar settings from Section [EffectsQuality@3] File [D:/2new/Unauticna test/game-unauticna/Unreal Code/UnauticnaCastle/Saved/Config/Windows/Scalability.ini]
[2026.04.28-17.00.00:410][  0]LogConfig: Setting CVar [[r.TranslucencyLightingVolumeDim:64]]
[2026.04.28-17.00.00:410][  0]LogConfig: Setting CVar [[r.RefractionQuality:2]]
[2026.04.28-17.00.00:410][  0]LogConfig: Setting CVar [[r.SSR.Quality:3]]
[2026.04.28-17.00.00:410][  0]LogConfig: Setting CVar [[r.SSR.HalfResSceneColor:0]]
[2026.04.28-17.00.00:410][  0]LogConfig: Setting CVar [[r.SceneColorFormat:4]]
[2026.04.28-17.00.00:410][  0]LogConfig: Setting CVar [[r.DetailMode:2]]
[2026.04.28-17.00.00:410][  0]LogConfig: Setting CVar [[r.TranslucencyVolumeBlur:1]]
[2026.04.28-17.00.00:410][  0]LogConfig: Setting CVar [[r.MaterialQualityLevel:1 ; High quality]]
[2026.04.28-17.00.00:410][  0]LogConfig: Setting CVar [[r.AnisotropicMaterials:1]]
[2026.04.28-17.00.00:410][  0]LogConfig: Setting CVar [[r.SSS.Scale:1]]
[2026.04.28-17.00.00:410][  0]LogConfig: Setting CVar [[r.SSS.SampleSet:2]]
[2026.04.28-17.00.00:410][  0]LogConfig: Setting CVar [[r.SSS.Quality:1]]
[2026.04.28-17.00.00:411][  0]LogConfig: Setting CVar [[r.SSS.HalfRes:0]]
[2026.04.28-17.00.00:411][  0]LogConfig: Setting CVar [[r.SSGI.Quality:3]]
[2026.04.28-17.00.00:411][  0]LogConfig: Setting CVar [[r.EmitterSpawnRateScale:1.0]]
[2026.04.28-17.00.00:411][  0]LogConfig: Setting CVar [[r.ParticleLightQuality:2]]
[2026.04.28-17.00.00:411][  0]LogConfig: Setting CVar [[r.SkyAtmosphere.AerialPerspectiveLUT.FastApplyOnOpaque:1 ; Always have FastSkyLUT 1 in this case to avoid wrong sky]]
[2026.04.28-17.00.00:411][  0]LogConfig: Setting CVar [[r.SkyAtmosphere.AerialPerspectiveLUT.SampleCountMaxPerSlice:4]]
[2026.04.28-17.00.00:411][  0]LogConfig: Setting CVar [[r.SkyAtmosphere.AerialPerspectiveLUT.DepthResolution:16.0]]
[2026.04.28-17.00.00:411][  0]LogConfig: Setting CVar [[r.SkyAtmosphere.FastSkyLUT:1]]
[2026.04.28-17.00.00:411][  0]LogConfig: Setting CVar [[r.SkyAtmosphere.FastSkyLUT.SampleCountMin:4.0]]
[2026.04.28-17.00.00:411][  0]LogConfig: Setting CVar [[r.SkyAtmosphere.FastSkyLUT.SampleCountMax:128.0]]
[2026.04.28-17.00.00:411][  0]LogConfig: Setting CVar [[r.SkyAtmosphere.SampleCountMin:4.0]]
[2026.04.28-17.00.00:411][  0]LogConfig: Setting CVar [[r.SkyAtmosphere.SampleCountMax:128.0]]
[2026.04.28-17.00.00:411][  0]LogConfig: Setting CVar [[r.SkyAtmosphere.TransmittanceLUT.UseSmallFormat:0]]
[2026.04.28-17.00.00:411][  0]LogConfig: Setting CVar [[r.SkyAtmosphere.TransmittanceLUT.SampleCount:10.0]]
[2026.04.28-17.00.00:411][  0]LogConfig: Setting CVar [[r.SkyAtmosphere.MultiScatteringLUT.SampleCount:15.0]]
[2026.04.28-17.00.00:411][  0]LogConfig: Setting CVar [[r.SkyLight.RealTimeReflectionCapture:1]]
[2026.04.28-17.00.00:411][  0]LogConfig: Applying CVar settings from Section [FoliageQuality@3] File [D:/2new/Unauticna test/game-unauticna/Unreal Code/UnauticnaCastle/Saved/Config/Windows/Scalability.ini]
[2026.04.28-17.00.00:411][  0]LogConfig: Setting CVar [[foliage.DensityScale:1.0]]
[2026.04.28-17.00.00:411][  0]LogConfig: Setting CVar [[grass.DensityScale:1.0]]
[2026.04.28-17.00.00:411][  0]LogConfig: Applying CVar settings from Section [ShadingQuality@3] File [D:/2new/Unauticna test/game-unauticna/Unreal Code/UnauticnaCastle/Saved/Config/Windows/Scalability.ini]
[2026.04.28-17.00.00:411][  0]LogConfig: Setting CVar [[r.HairStrands.SkyLighting.IntegrationType:2]]
[2026.04.28-17.00.00:411][  0]LogConfig: Setting CVar [[r.HairStrands.SkyAO.SampleCount:4]]
[2026.04.28-17.00.00:411][  0]LogConfig: Setting CVar [[r.HairStrands.Visibility.MSAA.SamplePerPixel:4]]
[2026.04.28-17.00.00:411][  0]LogConfig: Applying CVar settings from Section [Startup] File [../../../Engine/Config/ConsoleVariables.ini]
[2026.04.28-17.00.00:411][  0]LogConfig: Setting CVar [[net.UseAdaptiveNetUpdateFrequency:0]]
[2026.04.28-17.00.00:411][  0]LogConfig: Setting CVar [[p.chaos.AllowCreatePhysxBodies:1]]
[2026.04.28-17.00.00:411][  0]LogConfig: Setting CVar [[fx.SkipVectorVMBackendOptimizations:1]]
[2026.04.28-17.00.00:411][  0]LogConfig: Applying CVar settings from Section [ConsoleVariables] File [D:/2new/Unauticna test/game-unauticna/Unreal Code/UnauticnaCastle/Saved/Config/Windows/Engine.ini]
[2026.04.28-17.00.00:411][  0]LogConfig: Applying CVar settings from Section [ConsoleVariables] File [D:/2new/Unauticna test/game-unauticna/Unreal Code/UnauticnaCastle/Saved/Config/Windows/Editor.ini]
[2026.04.28-17.00.00:411][  0]LogInit: Computer: DESKTOP-VIF02FQ
[2026.04.28-17.00.00:411][  0]LogInit: User: User
[2026.04.28-17.00.00:411][  0]LogInit: CPU Page size=4096, Cores=12
[2026.04.28-17.00.00:411][  0]LogInit: High frequency timer resolution =10.000000 MHz
[2026.04.28-17.00.00:411][  0]LogMemory: Memory total: Physical=31.9GB (32GB approx)
[2026.04.28-17.00.00:411][  0]LogMemory: Platform Memory Stats for Windows
[2026.04.28-17.00.00:411][  0]LogMemory: Process Physical Memory: 151.27 MB used, 151.27 MB peak
[2026.04.28-17.00.00:411][  0]LogMemory: Process Virtual Memory: 135.04 MB used, 135.04 MB peak
[2026.04.28-17.00.00:411][  0]LogMemory: Physical Memory: 26717.32 MB used,  5955.79 MB free, 32673.11 MB total
[2026.04.28-17.00.00:411][  0]LogMemory: Virtual Memory: 134216208.00 MB used,  1522.71 MB free, 134217728.00 MB total
[2026.04.28-17.00.00:422][  0]LogWindows: WindowsPlatformFeatures enabled
[2026.04.28-17.00.00:465][  0]LogInit: Physics initialised using underlying interface: PhysX
[2026.04.28-17.00.00:466][  0]LogInit: Using OS detected language (ru-RU).
[2026.04.28-17.00.00:466][  0]LogInit: Using OS detected locale (ru-RU).
[2026.04.28-17.00.00:471][  0]LogTextLocalizationManager: No specific localization for 'ru-RU' exists, so the 'ru' localization will be used.
[2026.04.28-17.00.00:471][  0]LogTextLocalizationResource: LocRes '../../../Engine/Content/Localization/Editor/ru/Editor.locres' could not be opened for reading!
[2026.04.28-17.00.00:472][  0]LogTextLocalizationResource: LocRes '../../../Engine/Content/Localization/EditorTutorials/ru/EditorTutorials.locres' could not be opened for reading!
[2026.04.28-17.00.00:472][  0]LogTextLocalizationResource: LocRes '../../../Engine/Content/Localization/Keywords/ru/Keywords.locres' could not be opened for reading!
[2026.04.28-17.00.00:472][  0]LogTextLocalizationResource: LocRes '../../../Engine/Content/Localization/Category/ru/Category.locres' could not be opened for reading!
[2026.04.28-17.00.00:472][  0]LogTextLocalizationResource: LocRes '../../../Engine/Content/Localization/ToolTips/ru/ToolTips.locres' could not be opened for reading!
[2026.04.28-17.00.00:472][  0]LogTextLocalizationResource: LocRes '../../../Engine/Content/Localization/PropertyNames/ru/PropertyNames.locres' could not be opened for reading!
[2026.04.28-17.00.00:472][  0]LogTextLocalizationResource: LocRes '../../../Engine/Content/Localization/Engine/ru/Engine.locres' could not be opened for reading!
[2026.04.28-17.00.00:473][  0]LogInit: Setting process to per monitor DPI aware
[2026.04.28-17.00.00:501][  0]LogWindowsTextInputMethodSystem: Display: IME system deactivated.
[2026.04.28-17.00.00:542][  0]LogSlate: New Slate User Created.  User Index 0, Is Virtual User: 0
[2026.04.28-17.00.00:542][  0]LogSlate: Slate User Registered.  User Index 0, Is Virtual User: 0
[2026.04.28-17.00.00:733][  0]LogD3D12RHI: Aftermath initialized
[2026.04.28-17.00.00:791][  0]LogD3D12RHI: Loading WinPixEventRuntime.dll for PIX profiling (from ../../../Engine/Binaries/ThirdParty/Windows/WinPixEventRuntime/x64).
[2026.04.28-17.00.00:852][  0]LogHMD: Failed to initialize OpenVR with code 110
[2026.04.28-17.00.01:048][  0]LogD3D12RHI: Found D3D12 adapter 0: AMD Radeon (TM) R9 200 Series (Max supported Feature Level 11_1)
[2026.04.28-17.00.01:048][  0]LogD3D12RHI: Adapter has 2027MB of dedicated video memory, 0MB of dedicated system memory, and 16336MB of shared system memory, 1 output[s]
[2026.04.28-17.00.01:112][  0]LogD3D12RHI: Found D3D12 adapter 1: Microsoft Basic Render Driver (Max supported Feature Level 12_1)
[2026.04.28-17.00.01:112][  0]LogD3D12RHI: Adapter has 0MB of dedicated video memory, 0MB of dedicated system memory, and 16336MB of shared system memory, 0 output[s]
[2026.04.28-17.00.01:134][  0]LogD3D12RHI: Chosen D3D12 Adapter Id = 0
[2026.04.28-17.00.01:248][  0]LogD3D12RHI: InitD3DDevice: -D3DDebug = off -D3D12GPUValidation = off
[2026.04.28-17.00.01:248][  0]LogD3D12RHI: Emitting draw events for PIX profiling.
[2026.04.28-17.00.01:359][  0]LogD3D12RHI: The system supports ID3D12Device1.
[2026.04.28-17.00.01:359][  0]LogD3D12RHI: The system supports ID3D12Device2.
[2026.04.28-17.00.01:359][  0]LogD3D12RHI: The system supports ID3D12Device5.
[2026.04.28-17.00.01:359][  0]LogD3D12RHI: The system supports ID3D12Device7.
[2026.04.28-17.00.01:432][  0]LogD3D12RHI: [GPUBreadCrumb] Successfully setup breadcrumb resource for 3D Queue 0
[2026.04.28-17.00.01:433][  0]LogD3D12RHI: [GPUBreadCrumb] Successfully setup breadcrumb resource for Copy Queue 0
[2026.04.28-17.00.01:435][  0]LogD3D12RHI: [GPUBreadCrumb] Successfully setup breadcrumb resource for Compute Queue 0
[2026.04.28-17.00.01:485][  0]LogD3D12RHI: Display: Not using pipeline state disk cache per r.D3D12.PSO.DiskCache=0
[2026.04.28-17.00.01:485][  0]LogD3D12RHI: Display: Not using driver-optimized pipeline state disk cache per r.D3D12.PSO.DriverOptimizedDiskCache=0
[2026.04.28-17.00.01:834][  0]LogD3D12RHI:     GPU DeviceId: 0x6811 (for the marketing name, search the web for "GPU Device Id")
[2026.04.28-17.00.01:834][  0]LogWindows: EnumDisplayDevices:
[2026.04.28-17.00.01:834][  0]LogWindows:    0. 'AMD Radeon (TM) R9 200 Series' (P:1 D:1)
[2026.04.28-17.00.01:835][  0]LogWindows:    1. 'AMD Radeon (TM) R9 200 Series' (P:0 D:0)
[2026.04.28-17.00.01:836][  0]LogWindows:    2. 'AMD Radeon (TM) R9 200 Series' (P:0 D:0)
[2026.04.28-17.00.01:838][  0]LogWindows:    3. 'AMD Radeon (TM) R9 200 Series' (P:0 D:0)
[2026.04.28-17.00.01:839][  0]LogWindows:    4. 'AMD Radeon (TM) R9 200 Series' (P:0 D:0)
[2026.04.28-17.00.01:840][  0]LogWindows:    5. 'AMD Radeon (TM) R9 200 Series' (P:0 D:0)
[2026.04.28-17.00.01:842][  0]LogWindows:    6. 'AMD Radeon (TM) R9 200 Series' (P:0 D:0)
[2026.04.28-17.00.01:843][  0]LogWindows:    7. 'AMD Radeon (TM) R9 200 Series' (P:0 D:0)
[2026.04.28-17.00.01:844][  0]LogWindows: DebugString: FoundDriverCount:8 
[2026.04.28-17.00.01:844][  0]LogD3D12RHI:     Adapter Name: AMD Radeon (TM) R9 200 Series
[2026.04.28-17.00.01:844][  0]LogD3D12RHI:   Driver Version: Adrenalin 20.10.35.02 (internal:27.20.1034.6, unified:27.20.1034.6)
[2026.04.28-17.00.01:844][  0]LogD3D12RHI:      Driver Date: 8-21-2020
[2026.04.28-17.00.01:844][  0]LogRHI: Texture pool is 1085 MB (70% of 1551 MB)
[2026.04.28-17.00.01:844][  0]LogD3D12RHI: Async texture creation enabled
[2026.04.28-17.00.01:844][  0]LogD3D12RHI: RHI has support for 64 bit atomics
[2026.04.28-17.00.37:240][  0]LogTargetPlatformManager: Display: Loaded TargetPlatform 'AllDesktop'
[2026.04.28-17.00.37:270][  0]LogTargetPlatformManager: Display: Loaded TargetPlatform 'Android'
[2026.04.28-17.00.37:270][  0]LogTargetPlatformManager: Display: Loaded TargetPlatform 'Android_ASTC'
[2026.04.28-17.00.37:270][  0]LogTargetPlatformManager: Display: Loaded TargetPlatform 'Android_DXT'
[2026.04.28-17.00.37:270][  0]LogTargetPlatformManager: Display: Loaded TargetPlatform 'Android_ETC2'
[2026.04.28-17.00.37:270][  0]LogTargetPlatformManager: Display: Loaded TargetPlatform 'AndroidClient'
[2026.04.28-17.00.37:270][  0]LogTargetPlatformManager: Display: Loaded TargetPlatform 'Android_ASTCClient'
[2026.04.28-17.00.37:270][  0]LogTargetPlatformManager: Display: Loaded TargetPlatform 'Android_DXTClient'
[2026.04.28-17.00.37:270][  0]LogTargetPlatformManager: Display: Loaded TargetPlatform 'Android_ETC2Client'
[2026.04.28-17.00.37:270][  0]LogTargetPlatformManager: Display: Loaded TargetPlatform 'Android_Multi'
[2026.04.28-17.00.37:270][  0]LogTargetPlatformManager: Display: Loaded TargetPlatform 'Android_MultiClient'
[2026.04.28-17.00.37:298][  0]LogTargetPlatformManager: Display: Loaded TargetPlatform 'IOSClient'
[2026.04.28-17.00.37:298][  0]LogTargetPlatformManager: Display: Loaded TargetPlatform 'IOS'
[2026.04.28-17.00.37:310][  0]LogTargetPlatformManager: Display: Loaded TargetPlatform 'Linux'
[2026.04.28-17.00.37:317][  0]LogTargetPlatformManager: Display: Loaded TargetPlatform 'LinuxNoEditor'
[2026.04.28-17.00.37:325][  0]LogTargetPlatformManager: Display: Loaded TargetPlatform 'LinuxClient'
[2026.04.28-17.00.37:334][  0]LogTargetPlatformManager: Display: Loaded TargetPlatform 'LinuxServer'
[2026.04.28-17.00.37:348][  0]LogTargetPlatformManager: Display: Loaded TargetPlatform 'LinuxAArch64NoEditor'
[2026.04.28-17.00.37:356][  0]LogTargetPlatformManager: Display: Loaded TargetPlatform 'LinuxAArch64Client'
[2026.04.28-17.00.37:364][  0]LogTargetPlatformManager: Display: Loaded TargetPlatform 'LinuxAArch64Server'
[2026.04.28-17.00.37:395][  0]LogTargetPlatformManager: Display: Loaded TargetPlatform 'Lumin'
[2026.04.28-17.00.37:395][  0]LogTargetPlatformManager: Display: Loaded TargetPlatform 'LuminClient'
[2026.04.28-17.00.37:407][  0]LogTargetPlatformManager: Display: Loaded TargetPlatform 'MacNoEditor'
[2026.04.28-17.00.37:414][  0]LogTargetPlatformManager: Display: Loaded TargetPlatform 'Mac'
[2026.04.28-17.00.37:421][  0]LogTargetPlatformManager: Display: Loaded TargetPlatform 'MacClient'
[2026.04.28-17.00.37:428][  0]LogTargetPlatformManager: Display: Loaded TargetPlatform 'MacServer'
[2026.04.28-17.00.37:442][  0]LogTargetPlatformManager: Display: Loaded TargetPlatform 'TVOSClient'
[2026.04.28-17.00.37:442][  0]LogTargetPlatformManager: Display: Loaded TargetPlatform 'TVOS'
[2026.04.28-17.00.37:455][  0]LogTargetPlatformManager: Display: Loaded TargetPlatform 'WindowsNoEditor'
[2026.04.28-17.00.37:461][  0]LogTargetPlatformManager: Display: Loaded TargetPlatform 'Windows'
[2026.04.28-17.00.37:468][  0]LogTargetPlatformManager: Display: Loaded TargetPlatform 'WindowsClient'
[2026.04.28-17.00.37:475][  0]LogTargetPlatformManager: Display: Loaded TargetPlatform 'WindowsServer'
[2026.04.28-17.00.37:475][  0]LogTargetPlatformManager: Display: Building Assets For Windows
[2026.04.28-17.00.37:489][  0]LogAudioDebug: Display: Lib vorbis DLL was dynamically loaded.
[2026.04.28-17.00.37:540][  0]LogTextureFormatOodle: Display: Oodle Texture 2.9.0 init RDO Off
[2026.04.28-17.00.37:594][  0]LogRendererCore: Ray tracing is disabled. Reason: not supported by current RHI.
[2026.04.28-17.00.37:594][  0]LogShaderCompilers: Guid format shader working directory is -62 characters bigger than the processId version (../../../../../../2new/Unauticna test/game-unauticna/Unreal Code/UnauticnaCastle/Intermediate/Shaders/WorkingDirectory/590816/).
[2026.04.28-17.00.37:595][  0]LogShaderCompilers: Cleaned the shader compiler working directory 'F:/Temp/UnrealShaderWorkingDir/132B6D864B9DEF4E575CC0975B983A71/'.
[2026.04.28-17.00.37:595][  0]LogXGEController: Cannot use XGE Controller as Incredibuild is not installed on this machine.
[2026.04.28-17.00.37:595][  0]LogShaderCompilers: Cannot use XGE Shader Compiler as Incredibuild is not installed on this machine.
[2026.04.28-17.00.37:595][  0]LogShaderCompilers: Display: Using Local Shader Compiler.
[2026.04.28-17.00.38:668][  0]LogDerivedDataCache: Display: Max Cache Size: 512 MB
[2026.04.28-17.00.38:758][  0]LogDerivedDataCache: Loaded boot cache 0.09s 107MB C:/Users/User/AppData/Local/UnrealEngine/4.27/DerivedDataCache/Boot.ddc.
[2026.04.28-17.00.38:758][  0]LogDerivedDataCache: Display: Loaded Boot cache: C:/Users/User/AppData/Local/UnrealEngine/4.27/DerivedDataCache/Boot.ddc
[2026.04.28-17.00.38:773][  0]LogDerivedDataCache: FDerivedDataBackendGraph:  Pak pak cache file ../../../../../../2new/Unauticna test/game-unauticna/Unreal Code/UnauticnaCastle/DerivedDataCache/DDC.ddp not found, will not use a pak cache.
[2026.04.28-17.00.38:773][  0]LogDerivedDataCache: Unable to find inner node Pak for hierarchical cache Hierarchy.
[2026.04.28-17.00.38:773][  0]LogDerivedDataCache: FDerivedDataBackendGraph:  CompressedPak pak cache file ../../../../../../2new/Unauticna test/game-unauticna/Unreal Code/UnauticnaCastle/DerivedDataCache/Compressed.ddp not found, will not use a pak cache.
[2026.04.28-17.00.38:773][  0]LogDerivedDataCache: Unable to find inner node CompressedPak for hierarchical cache Hierarchy.
[2026.04.28-17.00.38:795][  0]LogDerivedDataCache: Display: Pak cache opened for reading ../../../Engine/DerivedDataCache/Compressed.ddp.
[2026.04.28-17.00.38:795][  0]LogDerivedDataCache: FDerivedDataBackendGraph:  EnterprisePak pak cache file ../../../Enterprise/DerivedDataCache/Compressed.ddp not found, will not use a pak cache.
[2026.04.28-17.00.38:795][  0]LogDerivedDataCache: Unable to find inner node EnterprisePak for hierarchical cache Hierarchy.
[2026.04.28-17.00.38:819][  0]LogDerivedDataCache: Speed tests for C:/Users/User/AppData/Local/UnrealEngine/Common/DerivedDataCache took 0.02 seconds
[2026.04.28-17.00.38:819][  0]LogDerivedDataCache: Display: Performance to C:/Users/User/AppData/Local/UnrealEngine/Common/DerivedDataCache: Latency=0.06ms. RandomReadSpeed=855.04MBs, RandomWriteSpeed=41.22MBs. Assigned SpeedClass 'Local'
[2026.04.28-17.00.38:820][  0]LogDerivedDataCache: Using Local data cache path C:/Users/User/AppData/Local/UnrealEngine/Common/DerivedDataCache: Writable
[2026.04.28-17.00.38:820][  0]LogDerivedDataCache: Shared data cache path not found in *engine.ini, will not use an Shared cache.
[2026.04.28-17.00.38:820][  0]LogDerivedDataCache: Unable to find inner node Shared for hierarchical cache Hierarchy.
[2026.04.28-17.00.38:942][  0]LogSlate: Using FreeType 2.10.0
[2026.04.28-17.00.38:942][  0]LogSlate: SlateFontServices - WITH_FREETYPE: 1, WITH_HARFBUZZ: 1
[2026.04.28-17.00.38:975][  0]LogAssetRegistry: FAssetRegistry took 0.0038 seconds to start up
[2026.04.28-17.00.39:642][  0]LogInit: Selected Device Profile: [Windows]
[2026.04.28-17.00.39:642][  0]LogInit: Active device profile: [00000193D86D7A00][00000193D0ABB5C0 49] Windows
[2026.04.28-17.00.39:642][  0]LogInit: Profiles: [00000193D86D7A00][00000193D0ABB5C0 49] Windows, [00000193D86DC700][00000193D07C5740 49] WindowsNoEditor, [00000193D86D4700][00000193D07C98C0 49] WindowsServer, [00000193D86DF400][00000193D07CDA40 49] WindowsClient, [00000193D86D7200][00000193D757BBC0 49] IOS, [00000193D86DD000][00000193D757E1C0 49] iPadAir, [00000193D86D4F00][00000193D07C0300 49] iPadAir2, [00000193D9690400][00000193D7586540 49] IPadPro, [00000193D9690500][00000193D7582580 49] iPadAir3, [00000193D86D6D00][00000193D758E700 49] iPadAir4, [00000193D9693600][00000193D7592880 49] iPadMini2, [00000193D86D5300][00000193D7596A00 49] iPadMini3, [00000193D9691600][00000193D759AB80 49] iPadMini4, [00000193D86D6600][00000193D759ED00 49] iPadMini5, [00000193D967BC00][00000193D75A6FC0 49] iPhone6, [00000193D967BD00][00000193D75A3000 49] iPodTouch6, [00000193D9693100][00000193D75AF2C0 49] iPhone7, [00000193D9692D00][00000193D75AB300 49] iPodTouch7, [00000193D9678C00][00000193D75B3480 49] iPhone5S, [00000193D9693800][00000193D75B7600 49] iPhone6Plus, [00000193D967AE00][00000193D75BB780 49] iPhone6S, [00000193D9693B00][00000193D75BF900 49] iPhone6SPlus, [00000193D9679300][00000193D75C3A80 49] iPhone7Plus, [00000193D9690200][00000193D75C7C00 49] iPhoneSE, [00000193D967A700][00000193D75CA200 49] iPhone8, [00000193D9692100][00000193D75CE380 49] iPhone8Plus, [00000193D9679A00][00000193D758A4C0 49] iPhoneX, [00000193D9690700][00000193D75D2600 49] iPhoneXS, [00000193D967BB00][00000193D75D6740 49] iPhoneXSMax, [00000193D9691C00][00000193D75DE8C0 49] iPhoneXR, [00000193D967B300][00000193D75E2A40 49] iPhone11, [00000193D9690100][00000193D75E6BC0 49] iPhone11Pro, [00000193D9678F00][00000193D75EAD40 49] iPhone11ProMax, [00000193D9691F00][00000193D75EEEC0 49] iPhoneSE2, [00000193D9679900][00000193D75F3040 49] iPhone12Mini, [00000193D9690E00][00000193D75F71C0 49] iPhone12, [00000193D9679D00][00000193D75FB340 49] iPhone12Pro, [00000193D9692C00][00000193D75FF4C0 49] iPhone12ProMax, [00000193D9678900][00000193D7603640 49] iPadPro105, [00000193D9691000][00000193D76077C0 49] iPadPro129, [00000193D967A400][00000193D760B940 49] iPadPro97, [00000193D9693A00][00000193D760FAC0 49] iPadPro2_129, [00000193D9679100][00000193D76120C0 49] iPad5, [00000193D9691800][00000193D7616240 49] iPad6, [00000193D9678A00][00000193D761A3C0 49] iPad7, [00000193D9691D00][00000193D761E540 49] iPad8, [00000193D967AC00][00000193D75DA680 49] iPadPro11, [00000193D9691E00][00000193D76227C0 49] iPadPro2_11, [00000193D967BE00][00000193D7626900 49] iPadPro3_129, [00000193D9693200][00000193D762AA40 49] iPadPro4_129, [00000193D967B900][00000193D7632BC0 49] AppleTV, [00000193D9691100][00000193D7636D40 49] AppleTV4K, [00000193D967B500][00000193D763AEC0 49] TVOS, [00000193D9690A00][00000193D763F040 49] Mac, [00000193D967B700][00000193D76431C0 49] MacClient, [00000193D9691700][00000193D7647340 49] MacNoEditor, [00000193D967BF00][00000193D764B4C0 49] MacServer, [00000193D9691300][00000193D764F640 49] Linux, [00000193D9679700][00000193D76537C0 49] LinuxAArch64, [00000193D9693400][00000193D7657940 49] LinuxNoEditor, [00000193D967B000][00000193D765BAC0 49] LinuxAArch64NoEditor, [00000193D9690600][00000193D765E0C0 49] LinuxClient, [00000193D9678500][00000193D7662240 49] LinuxAArch64Client, [00000193D9691500][00000193D76663C0 49] LinuxServer, [00000193D9678E00][00000193D766A540 49] LinuxAArch64Server, [00000193D89FC100][00000193D766E6C0 49] Android, [00000193D86DED00][00000193D762E800 49] Android_Low, [00000193D89FCB00][00000193D7672940 49] Android_Mid, [00000193D86DFD00][00000193D7676A80 49] Android_High, [00000193D89FEB00][00000193D767ABC0 49] Android_Default, [00000193D86DF800][00000193D7682D40 49] Android_Adreno4xx, [00000193D89FCE00][00000193D7686EC0 49] Android_Adreno5xx_Low, [00000193D86DCF00][00000193D768B040 49] Android_Adreno5xx, [00000193D89FDA00][00000193D768F1C0 49] Android_Adreno6xx, [00000193D86DD700][00000193D7693340 49] Android_Adreno6xx_Vulkan, [00000193D89FE200][00000193D76974C0 49] Android_Mali_T6xx, [00000193D86DCB00][00000193D769B640 49] Android_Mali_T7xx, [00000193D89FD700][00000193D769F7C0 49] Android_Mali_T8xx, [00000193D86DE700][00000193D76A3940 49] Android_Mali_G71, [00000193D89FCD00][00000193D76A7AC0 49] Android_Mali_G72, [00000193D86DFE00][00000193D76AA0C0 49] Android_Mali_G72_Vulkan, [00000193D89FD300][00000193D6EA0240 49] Android_Mali_G76, [00000193D86DCC00][00000193D6EA43C0 49] Android_Mali_G76_Vulkan, [00000193D89FD500][00000193D6EA8540 49] Android_Mali_G77, [00000193D86DD200][00000193D6EAC6C0 49] Android_Mali_G77_Vulkan, [00000193D89FDE00][00000193D6EB0840 49] Android_Mali_G78, [00000193D86DF900][00000193D6EB49C0 49] Android_Mali_G78_Vulkan, [00000193D89FCF00][00000193D767EB00 49] Android_Mali_G710, [00000193D86DDF00][00000193D6EB8C40 49] Android_Mali_G710_Vulkan, [00000193D9679400][00000193D6EBCD80 49] Android_Vulkan_SM5, [00000193D9693D00][00000193D6EC4F00 49] Android_PowerVR_G6xxx, [00000193D967BA00][00000193D6EC9080 49] Android_PowerVR_GT7xxx, [00000193D9690800][00000193D6ECD200 49] Android_PowerVR_GE8xxx, [00000193D9679500][00000193D6ED1380 49] Android_PowerVR_GM9xxx, [00000193D9693C00][00000193D6ED5500 49] Android_PowerVR_GM9xxx_Vulkan, [00000193D9679000][00000193D6ED9680 49] Android_TegraK1, [00000193D9692F00][00000193D6EDD800 49] Android_Unknown_Vulkan, [00000193D967B400][00000193D6EE1980 49] Lumin, [00000193D89FC200][00000193D6EE5B00 49] Lumin_Desktop, [00000193D9679F00][00000193D6EE8100 49] HoloLens, 
[2026.04.28-17.00.40:052][  0]LogMeshReduction: Using QuadricMeshReduction for automatic static mesh reduction
[2026.04.28-17.00.40:052][  0]LogMeshReduction: Using SimplygonMeshReduction for automatic skeletal mesh reduction
[2026.04.28-17.00.40:052][  0]LogMeshReduction: Using ProxyLODMeshReduction for automatic mesh merging
[2026.04.28-17.00.40:052][  0]LogMeshReduction: No distributed automatic mesh merging module available
[2026.04.28-17.00.40:052][  0]LogMeshMerging: No distributed automatic mesh merging module available
[2026.04.28-17.00.40:071][  0]LogNetVersion: UnauticnaCastle 1.0.0, NetCL: 17155196, EngineNetVer: 17, GameNetVer: 0 (Checksum: 3203683996)
[2026.04.28-17.00.41:037][  0]LogTexture: Default maximum texture size for cubemaps generated from long-lat sources has been changed from 512 to unlimited. In order to preserve old behaiour for '/Engine/MapTemplates/Sky/DaylightAmbientCubemap.DaylightAmbientCubemap', its maximum texture size has been explicitly set to 512.
[2026.04.28-17.00.41:140][  0]LogHMD: PokeAHoleMaterial loaded successfully
[2026.04.28-17.00.41:149][  0]LogUObjectArray: 17178 objects as part of root set at end of initial load.
[2026.04.28-17.00.41:149][  0]LogUObjectAllocator: 4302048 out of 0 bytes used by permanent object pool.
[2026.04.28-17.00.41:149][  0]LogUObjectArray: CloseDisregardForGC: 0/0 objects in disregard for GC pool
[2026.04.28-17.00.42:105][  0]LogNiagaraDebuggerClient: Niagara Debugger Client Initialized | Session: 5BA23468448CBE87645BB6A883844D2D | Instance: CE27DFA447665348A5794480832F6DBD (DESKTOP-VIF02FQ-590816).
[2026.04.28-17.00.42:358][  0]LogUdpMessaging: Initializing bridge on interface 0.0.0.0:0 to multicast group 230.0.0.1:6666.
[2026.04.28-17.00.42:369][  0]LogTcpMessaging: Initializing TcpMessaging bridge
[2026.04.28-17.00.42:394][  0]LogPython: Using Python 3.7.7
[2026.04.28-17.00.43:435][  0]SourceControl: Source control is disabled
[2026.04.28-17.00.43:435][  0]SourceControl: Source control is disabled
[2026.04.28-17.00.43:440][  0]SourceControl: Source control is disabled
[2026.04.28-17.00.43:446][  0]SourceControl: Source control is disabled
[2026.04.28-17.00.43:460][  0]SourceControl: Source control is disabled
[2026.04.28-17.00.43:464][  0]LogUProjectInfo: Found projects:
[2026.04.28-17.00.43:719][  0]LogOpenImageDenoise: OIDN starting up
[2026.04.28-17.00.43:787][  0]LogAndroidPermission: UAndroidPermissionCallbackProxy::GetInstance
[2026.04.28-17.00.43:808][  0]LogAudioCaptureCore: Display: No Audio Capture implementations found. Audio input will be silent.
[2026.04.28-17.00.43:808][  0]LogAudioCaptureCore: Display: No Audio Capture implementations found. Audio input will be silent.
[2026.04.28-17.00.43:997][  0]LogCollectionManager: Loaded 0 collections in 0.003766 seconds
[2026.04.28-17.00.44:036][  0]LogFileCache: Scanning file cache for directory 'D:/2new/Unauticna test/game-unauticna/Unreal Code/UnauticnaCastle/Saved/Collections/' took 0.00s
[2026.04.28-17.00.44:036][  0]LogFileCache: Scanning file cache for directory 'D:/2new/Unauticna test/game-unauticna/Unreal Code/UnauticnaCastle/Content/Developers/User/Collections/' took 0.00s
[2026.04.28-17.00.44:036][  0]LogFileCache: Scanning file cache for directory 'D:/2new/Unauticna test/game-unauticna/Unreal Code/UnauticnaCastle/Content/Collections/' took 0.00s
[2026.04.28-17.00.44:036][  0]LogOcInput: OculusInput pre-init called
[2026.04.28-17.00.44:371][  0]LogEngine: Initializing Engine...
[2026.04.28-17.00.44:425][  0]LogHMD: Failed to enumerate extensions. Please check that you have a valid OpenXR runtime installed.
[2026.04.28-17.00.44:427][  0]LogHMD: Failed to initialize OpenVR with code 110
[2026.04.28-17.00.44:441][  0]LogMagicLeap: Warning: VR disabled because ZI is not enabled.  To enable, in the editor, Edit -> Project Settings -> Plugins -> Magic Leap Plugin -> Enable Zero Iteration
[2026.04.28-17.00.44:442][  0]LogStats: UGameplayTagsManager::InitializeManager -  0.000 s
[2026.04.28-17.00.44:734][  0]LogInit: Initializing FReadOnlyCVARCache
[2026.04.28-17.00.44:749][  0]LogAIModule: Creating AISystem for world Untitled
[2026.04.28-17.00.44:760][  0]LogAudio: Display: Initializing Audio Device Manager...
[2026.04.28-17.00.44:767][  0]LogAudio: Display: Loading Default Audio Settings Objects...
[2026.04.28-17.00.44:768][  0]LogAudio: Display: No default SoundConcurrencyObject specified (or failed to load).
[2026.04.28-17.00.44:768][  0]LogAudio: Display: Audio Device Manager Initialized
[2026.04.28-17.00.44:769][  0]LogAudio: Display: Creating Audio Device:                 Id: 1, Scope: Shared, Realtime: True
[2026.04.28-17.00.44:769][  0]LogAudioMixer: Display: Audio Mixer Platform Settings:
[2026.04.28-17.00.44:769][  0]LogAudioMixer: Display: 	Sample Rate:						  48000
[2026.04.28-17.00.44:769][  0]LogAudioMixer: Display: 	Callback Buffer Frame Size Requested: 1024
[2026.04.28-17.00.44:769][  0]LogAudioMixer: Display: 	Callback Buffer Frame Size To Use:	  1024
[2026.04.28-17.00.44:769][  0]LogAudioMixer: Display: 	Number of buffers to queue:			  2
[2026.04.28-17.00.44:769][  0]LogAudioMixer: Display: 	Max Channels (voices):				  32
[2026.04.28-17.00.44:769][  0]LogAudioMixer: Display: 	Number of Async Source Workers:		  0
[2026.04.28-17.00.44:769][  0]LogAudio: Display: AudioDevice MaxSources: 32
[2026.04.28-17.00.44:769][  0]LogAudio: Display: Audio Spatialization Plugin: None (built-in).
[2026.04.28-17.00.44:769][  0]LogAudio: Display: Audio Reverb Plugin: None (built-in).
[2026.04.28-17.00.44:769][  0]LogAudio: Display: Audio Occlusion Plugin: None (built-in).
[2026.04.28-17.00.44:769][  0]LogAudioMixer: Display: Initializing audio mixer.
[2026.04.28-17.00.44:800][  0]LogAudioMixer: Display: 0: FrontLeft
[2026.04.28-17.00.44:800][  0]LogAudioMixer: Display: 1: FrontRight
[2026.04.28-17.00.44:852][  0]LogAudioMixer: Display: Using Audio Device Динамики (Realtek High Definition Audio)
[2026.04.28-17.00.44:855][  0]LogAudioMixer: Display: Initializing Sound Submixes...
[2026.04.28-17.00.44:858][  0]LogAudioMixer: Display: Creating Master Submix 'MasterSubmixDefault'
[2026.04.28-17.00.44:858][  0]LogAudioMixer: Display: Creating Master Submix 'MasterReverbSubmixDefault'
[2026.04.28-17.00.44:859][  0]LogAudioMixer: Display: Creating Master Submix 'MasterEQSubmixDefault'
[2026.04.28-17.00.44:859][  0]LogAudioMixer: FMixerPlatformXAudio2::StartAudioStream() called
[2026.04.28-17.00.44:859][  0]LogAudioMixer: Display: Output buffers initialized: Frames=1024, Channels=2, Samples=2048
[2026.04.28-17.00.44:860][  0]LogAudioMixer: Display: Starting AudioMixerPlatformInterface::RunInternal()
[2026.04.28-17.00.44:860][  0]LogAudioMixer: Display: FMixerPlatformXAudio2::SubmitBuffer() called for the first time
[2026.04.28-17.00.44:860][  0]LogInit: FAudioDevice initialized.
[2026.04.28-17.00.44:861][  0]LogAudio: Display: Audio Device (ID: 1) registered with world 'Untitled'.
[2026.04.28-17.00.44:861][  0]LogNetVersion: Set ProjectVersion to 1.0.0.0. Version Checksum will be recalculated on next use.
[2026.04.28-17.00.45:044][  0]LogDerivedDataCache: Saved boot cache 0.18s 132MB C:/Users/User/AppData/Local/UnrealEngine/4.27/DerivedDataCache/Boot.ddc.
[2026.04.28-17.00.45:049][  0]LogInit: Texture streaming: Enabled
[2026.04.28-17.00.45:068][  0]LogAnalytics: Display: [UEEditor.Rocket.Release] APIServer = https://datarouter.ol.epicgames.com/. AppVersion = 4.27.2-18319896+++UE4+Release-4.27
[2026.04.28-17.00.45:076][  0]LogEngineSessionManager: EngineSessionManager initialized
[2026.04.28-17.00.45:076][  0]LogEditorSessionSummary: Verbose: Initializing EditorSessionSummaryWriter for editor session tracking
[2026.04.28-17.00.45:086][  0]LogEditorSessionSummary: EditorSessionSummaryWriter initialized
[2026.04.28-17.00.45:453][  0]LogLauncherPlatform: Warning: FPlatformProcess::LaunchURL had an error: Failed launching URL
[2026.04.28-17.00.45:486][  0]LogInit: Transaction tracking system initialized
[2026.04.28-17.00.45:537][  0]BlueprintLog: New page: Editor Load
[2026.04.28-17.00.45:632][  0]LocalizationService: Localization service is disabled
[2026.04.28-17.00.45:670][  0]TimingProfiler: Initialize
[2026.04.28-17.00.45:671][  0]TimingProfiler: OnSessionChanged
[2026.04.28-17.00.45:671][  0]LoadingProfiler: Initialize
[2026.04.28-17.00.45:671][  0]LoadingProfiler: OnSessionChanged
[2026.04.28-17.00.45:671][  0]NetworkingProfiler: Initialize
[2026.04.28-17.00.45:671][  0]NetworkingProfiler: OnSessionChanged
[2026.04.28-17.00.45:671][  0]MemoryProfiler: Initialize
[2026.04.28-17.00.45:671][  0]MemoryProfiler: OnSessionChanged
[2026.04.28-17.00.46:050][  0]LogCook: Display: CookSettings for Memory: MemoryMaxUsedVirtual 0MiB, MemoryMaxUsedPhysical 16384MiB, MemoryMinFreeVirtual 0MiB, MemoryMinFreePhysical 1024MiB
[2026.04.28-17.00.46:050][  0]LogCook: Display: Mobile HDR setting 1
[2026.04.28-17.00.46:351][  0]LogFileCache: Scanning file cache for directory 'D:/2new/Unauticna test/game-unauticna/Unreal Code/UnauticnaCastle/Content/' took 0.02s
[2026.04.28-17.00.46:582][  0]LogInit: Display: Engine is initialized. Leaving FEngineLoop::Init()
[2026.04.28-17.00.46:590][  0]SourceControl: Source control is disabled
[2026.04.28-17.00.46:591][  0]LogUnrealEdMisc: Loading editor; pre map load, took 47.680
[2026.04.28-17.00.46:591][  0]Cmd: MAP LOAD FILE="../../../../../../2new/Unauticna test/game-unauticna/Unreal Code/UnauticnaCastle/Content/ThirdPersonBP/Maps/ThirdPersonExampleMap.umap" TEMPLATE=0 SHOWPROGRESS=1 FEATURELEVEL=3
[2026.04.28-17.00.46:591][  0]LightingResults: New page: Lighting Build
[2026.04.28-17.00.46:593][  0]LogWorld: UWorld::CleanupWorld for Untitled, bSessionEnded=true, bCleanupResources=true
[2026.04.28-17.00.46:593][  0]LogSlate: InvalidateAllWidgets triggered.  All widgets were invalidated
[2026.04.28-17.00.46:593][  0]MapCheck: New page: Map Check
[2026.04.28-17.00.46:593][  0]LightingResults: New page: Lighting Build
[2026.04.28-17.00.46:599][  0]LogAudio: Display: Audio Device unregistered from world 'None'.
[2026.04.28-17.00.46:614][  0]LogUObjectHash: Compacting FUObjectHashTables data took   1.06ms
[2026.04.28-17.00.48:815][  0]LogAudio: Display: Audio Device (ID: 1) registered with world 'ThirdPersonExampleMap'.
[2026.04.28-17.00.48:816][  0]LogAIModule: Creating AISystem for world ThirdPersonExampleMap
[2026.04.28-17.00.49:138][  0]LogEditorServer: Finished looking for orphan Actors (0.000 secs)
[2026.04.28-17.00.49:206][  0]LogUObjectHash: Compacting FUObjectHashTables data took   1.63ms
[2026.04.28-17.00.49:206][  0]Cmd: MAP CHECKDEP NOCLEARLOG
[2026.04.28-17.00.49:206][  0]MapCheck: Map check complete: 0 Error(s), 0 Warning(s), took 0,204ms to complete.
[2026.04.28-17.00.49:206][  0]LogFileHelpers: Loading map 'ThirdPersonExampleMap' took 2.616
[2026.04.28-17.00.49:209][  0]LogUnrealEdMisc: Total Editor Startup Time, took 50.299
[2026.04.28-17.00.49:995][  0]LogSlate: Updating window title bar state: overlay mode, drag disabled, window buttons hidden, title bar hidden
[2026.04.28-17.00.50:016][  0]LogSlate: Updating window title bar state: overlay mode, drag disabled, window buttons hidden, title bar hidden
[2026.04.28-17.00.50:026][  0]LogSlate: Updating window title bar state: overlay mode, drag disabled, window buttons hidden, title bar hidden
[2026.04.28-17.00.50:035][  0]LogSlate: Updating window title bar state: overlay mode, drag disabled, window buttons hidden, title bar hidden
[2026.04.28-17.00.50:325][  0]LogNativeClassHierarchy: Verbose: Native class hierarchy populated in 0.0159 seconds. Added 3822 classes and 928 folders.
[2026.04.28-17.00.50:476][  0]LogNativeClassHierarchy: Verbose: Native class hierarchy updated for 'WidgetCarousel' in 0.0005 seconds. Added 0 classes and 0 folders.
[2026.04.28-17.00.50:588][  0]LogPakFile: PakFile PrimaryIndexSize=187
[2026.04.28-17.00.50:588][  0]LogPakFile: PakFile PathHashIndexSize=101
[2026.04.28-17.00.50:588][  0]LogPakFile: PakFile FullDirectoryIndexSize=148
[2026.04.28-17.00.50:617][  0]LogShaderLibrary: Display: ShaderCodeLibraryPakFileMountedCallback: PakFile 'D:/Games/New Folder/UE_4.27/FeaturePacks/FP_FirstPerson.upack' (chunk index -1, root 'root:/') mounted
[2026.04.28-17.00.50:617][  0]LogShaderLibrary: Display: ShaderCodeLibraryPakFileMountedCallback: pending pak file info (ChunkID:-1 Root:root:/ File:D:/Games/New Folder/UE_4.27/FeaturePacks/FP_FirstPerson.upack)
[2026.04.28-17.00.50:631][  0]LogPakFile: OnPakFileMounted2Time == 0.042319
[2026.04.28-17.00.50:647][  0]LogPakFile: PakFile PrimaryIndexSize=189
[2026.04.28-17.00.50:647][  0]LogPakFile: PakFile PathHashIndexSize=101
[2026.04.28-17.00.50:647][  0]LogPakFile: PakFile FullDirectoryIndexSize=152
[2026.04.28-17.00.50:647][  0]LogShaderLibrary: Display: ShaderCodeLibraryPakFileMountedCallback: PakFile 'D:/Games/New Folder/UE_4.27/FeaturePacks/FP_FirstPersonBP.upack' (chunk index -1, root 'root:/') mounted
[2026.04.28-17.00.50:647][  0]LogShaderLibrary: Display: ShaderCodeLibraryPakFileMountedCallback: pending pak file info (ChunkID:-1 Root:root:/ File:D:/Games/New Folder/UE_4.27/FeaturePacks/FP_FirstPersonBP.upack)
[2026.04.28-17.00.50:647][  0]LogPakFile: OnPakFileMounted2Time == 0.000051
[2026.04.28-17.00.50:704][  0]LogPakFile: PakFile PrimaryIndexSize=191
[2026.04.28-17.00.50:704][  0]LogPakFile: PakFile PathHashIndexSize=101
[2026.04.28-17.00.50:704][  0]LogPakFile: PakFile FullDirectoryIndexSize=160
[2026.04.28-17.00.50:704][  0]LogShaderLibrary: Display: ShaderCodeLibraryPakFileMountedCallback: PakFile 'D:/Games/New Folder/UE_4.27/FeaturePacks/MobileStarterContent.upack' (chunk index -1, root 'root:/') mounted
[2026.04.28-17.00.50:704][  0]LogShaderLibrary: Display: ShaderCodeLibraryPakFileMountedCallback: pending pak file info (ChunkID:-1 Root:root:/ File:D:/Games/New Folder/UE_4.27/FeaturePacks/MobileStarterContent.upack)
[2026.04.28-17.00.50:704][  0]LogPakFile: OnPakFileMounted2Time == 0.000046
[2026.04.28-17.00.50:720][  0]LogPakFile: PakFile PrimaryIndexSize=185
[2026.04.28-17.00.50:720][  0]LogPakFile: PakFile PathHashIndexSize=101
[2026.04.28-17.00.50:720][  0]LogPakFile: PakFile FullDirectoryIndexSize=148
[2026.04.28-17.00.50:720][  0]LogShaderLibrary: Display: ShaderCodeLibraryPakFileMountedCallback: PakFile 'D:/Games/New Folder/UE_4.27/FeaturePacks/StarterContent.upack' (chunk index -1, root 'root:/') mounted
[2026.04.28-17.00.50:720][  0]LogShaderLibrary: Display: ShaderCodeLibraryPakFileMountedCallback: pending pak file info (ChunkID:-1 Root:root:/ File:D:/Games/New Folder/UE_4.27/FeaturePacks/StarterContent.upack)
[2026.04.28-17.00.50:720][  0]LogPakFile: OnPakFileMounted2Time == 0.000051
[2026.04.28-17.00.50:738][  0]LogPakFile: PakFile PrimaryIndexSize=190
[2026.04.28-17.00.50:738][  0]LogPakFile: PakFile PathHashIndexSize=101
[2026.04.28-17.00.50:738][  0]LogPakFile: PakFile FullDirectoryIndexSize=154
[2026.04.28-17.00.50:738][  0]LogShaderLibrary: Display: ShaderCodeLibraryPakFileMountedCallback: PakFile 'D:/Games/New Folder/UE_4.27/FeaturePacks/TP_2DSideScroller.upack' (chunk index -1, root 'root:/') mounted
[2026.04.28-17.00.50:738][  0]LogShaderLibrary: Display: ShaderCodeLibraryPakFileMountedCallback: pending pak file info (ChunkID:-1 Root:root:/ File:D:/Games/New Folder/UE_4.27/FeaturePacks/TP_2DSideScroller.upack)
[2026.04.28-17.00.50:738][  0]LogPakFile: OnPakFileMounted2Time == 0.000045
[2026.04.28-17.00.50:758][  0]LogPakFile: PakFile PrimaryIndexSize=192
[2026.04.28-17.00.50:758][  0]LogPakFile: PakFile PathHashIndexSize=101
[2026.04.28-17.00.50:758][  0]LogPakFile: PakFile FullDirectoryIndexSize=158
[2026.04.28-17.00.50:758][  0]LogShaderLibrary: Display: ShaderCodeLibraryPakFileMountedCallback: PakFile 'D:/Games/New Folder/UE_4.27/FeaturePacks/TP_2DSideScrollerBP.upack' (chunk index -1, root 'root:/') mounted
[2026.04.28-17.00.50:758][  0]LogShaderLibrary: Display: ShaderCodeLibraryPakFileMountedCallback: pending pak file info (ChunkID:-1 Root:root:/ File:D:/Games/New Folder/UE_4.27/FeaturePacks/TP_2DSideScrollerBP.upack)
[2026.04.28-17.00.50:758][  0]LogPakFile: OnPakFileMounted2Time == 0.000048
[2026.04.28-17.00.50:765][  0]LogPakFile: PakFile PrimaryIndexSize=182
[2026.04.28-17.00.50:765][  0]LogPakFile: PakFile PathHashIndexSize=101
[2026.04.28-17.00.50:765][  0]LogPakFile: PakFile FullDirectoryIndexSize=138
[2026.04.28-17.00.50:765][  0]LogShaderLibrary: Display: ShaderCodeLibraryPakFileMountedCallback: PakFile 'D:/Games/New Folder/UE_4.27/FeaturePacks/TP_Flying.upack' (chunk index -1, root 'root:/') mounted
[2026.04.28-17.00.50:766][  0]LogShaderLibrary: Display: ShaderCodeLibraryPakFileMountedCallback: pending pak file info (ChunkID:-1 Root:root:/ File:D:/Games/New Folder/UE_4.27/FeaturePacks/TP_Flying.upack)
[2026.04.28-17.00.50:766][  0]LogPakFile: OnPakFileMounted2Time == 0.000055
[2026.04.28-17.00.50:785][  0]LogPakFile: PakFile PrimaryIndexSize=184
[2026.04.28-17.00.50:785][  0]LogPakFile: PakFile PathHashIndexSize=101
[2026.04.28-17.00.50:785][  0]LogPakFile: PakFile FullDirectoryIndexSize=142
[2026.04.28-17.00.50:785][  0]LogShaderLibrary: Display: ShaderCodeLibraryPakFileMountedCallback: PakFile 'D:/Games/New Folder/UE_4.27/FeaturePacks/TP_FlyingBP.upack' (chunk index -1, root 'root:/') mounted
[2026.04.28-17.00.50:785][  0]LogShaderLibrary: Display: ShaderCodeLibraryPakFileMountedCallback: pending pak file info (ChunkID:-1 Root:root:/ File:D:/Games/New Folder/UE_4.27/FeaturePacks/TP_FlyingBP.upack)
[2026.04.28-17.00.50:785][  0]LogPakFile: OnPakFileMounted2Time == 0.000050
[2026.04.28-17.00.50:800][  0]LogPakFile: PakFile PrimaryIndexSize=188
[2026.04.28-17.00.50:800][  0]LogPakFile: PakFile PathHashIndexSize=101
[2026.04.28-17.00.50:800][  0]LogPakFile: PakFile FullDirectoryIndexSize=150
[2026.04.28-17.00.50:800][  0]LogShaderLibrary: Display: ShaderCodeLibraryPakFileMountedCallback: PakFile 'D:/Games/New Folder/UE_4.27/FeaturePacks/TP_HandheldARBP.upack' (chunk index -1, root 'root:/') mounted
[2026.04.28-17.00.50:800][  0]LogShaderLibrary: Display: ShaderCodeLibraryPakFileMountedCallback: pending pak file info (ChunkID:-1 Root:root:/ File:D:/Games/New Folder/UE_4.27/FeaturePacks/TP_HandheldARBP.upack)
[2026.04.28-17.00.50:800][  0]LogPakFile: OnPakFileMounted2Time == 0.000089
[2026.04.28-17.00.50:810][  0]LogPakFile: PakFile PrimaryIndexSize=182
[2026.04.28-17.00.50:810][  0]LogPakFile: PakFile PathHashIndexSize=101
[2026.04.28-17.00.50:810][  0]LogPakFile: PakFile FullDirectoryIndexSize=138
[2026.04.28-17.00.50:810][  0]LogShaderLibrary: Display: ShaderCodeLibraryPakFileMountedCallback: PakFile 'D:/Games/New Folder/UE_4.27/FeaturePacks/TP_Puzzle.upack' (chunk index -1, root 'root:/') mounted
[2026.04.28-17.00.50:810][  0]LogShaderLibrary: Display: ShaderCodeLibraryPakFileMountedCallback: pending pak file info (ChunkID:-1 Root:root:/ File:D:/Games/New Folder/UE_4.27/FeaturePacks/TP_Puzzle.upack)
[2026.04.28-17.00.50:810][  0]LogPakFile: OnPakFileMounted2Time == 0.000098
[2026.04.28-17.00.50:812][  0]LogPakFile: PakFile PrimaryIndexSize=184
[2026.04.28-17.00.50:812][  0]LogPakFile: PakFile PathHashIndexSize=101
[2026.04.28-17.00.50:812][  0]LogPakFile: PakFile FullDirectoryIndexSize=142
[2026.04.28-17.00.50:812][  0]LogShaderLibrary: Display: ShaderCodeLibraryPakFileMountedCallback: PakFile 'D:/Games/New Folder/UE_4.27/FeaturePacks/TP_PuzzleBP.upack' (chunk index -1, root 'root:/') mounted
[2026.04.28-17.00.50:812][  0]LogShaderLibrary: Display: ShaderCodeLibraryPakFileMountedCallback: pending pak file info (ChunkID:-1 Root:root:/ File:D:/Games/New Folder/UE_4.27/FeaturePacks/TP_PuzzleBP.upack)
[2026.04.28-17.00.50:812][  0]LogPakFile: OnPakFileMounted2Time == 0.000093
[2026.04.28-17.00.50:815][  0]LogPakFile: PakFile PrimaryIndexSize=183
[2026.04.28-17.00.50:815][  0]LogPakFile: PakFile PathHashIndexSize=101
[2026.04.28-17.00.50:815][  0]LogPakFile: PakFile FullDirectoryIndexSize=140
[2026.04.28-17.00.50:815][  0]LogShaderLibrary: Display: ShaderCodeLibraryPakFileMountedCallback: PakFile 'D:/Games/New Folder/UE_4.27/FeaturePacks/TP_Rolling.upack' (chunk index -1, root 'root:/') mounted
[2026.04.28-17.00.50:815][  0]LogShaderLibrary: Display: ShaderCodeLibraryPakFileMountedCallback: pending pak file info (ChunkID:-1 Root:root:/ File:D:/Games/New Folder/UE_4.27/FeaturePacks/TP_Rolling.upack)
[2026.04.28-17.00.50:815][  0]LogPakFile: OnPakFileMounted2Time == 0.000098
[2026.04.28-17.00.50:818][  0]LogPakFile: PakFile PrimaryIndexSize=185
[2026.04.28-17.00.50:818][  0]LogPakFile: PakFile PathHashIndexSize=101
[2026.04.28-17.00.50:818][  0]LogPakFile: PakFile FullDirectoryIndexSize=144
[2026.04.28-17.00.50:818][  0]LogShaderLibrary: Display: ShaderCodeLibraryPakFileMountedCallback: PakFile 'D:/Games/New Folder/UE_4.27/FeaturePacks/TP_RollingBP.upack' (chunk index -1, root 'root:/') mounted
[2026.04.28-17.00.50:818][  0]LogShaderLibrary: Display: ShaderCodeLibraryPakFileMountedCallback: pending pak file info (ChunkID:-1 Root:root:/ File:D:/Games/New Folder/UE_4.27/FeaturePacks/TP_RollingBP.upack)
[2026.04.28-17.00.50:818][  0]LogPakFile: OnPakFileMounted2Time == 0.000044
[2026.04.28-17.00.50:832][  0]LogPakFile: PakFile PrimaryIndexSize=188
[2026.04.28-17.00.50:832][  0]LogPakFile: PakFile PathHashIndexSize=101
[2026.04.28-17.00.50:832][  0]LogPakFile: PakFile FullDirectoryIndexSize=150
[2026.04.28-17.00.50:832][  0]LogShaderLibrary: Display: ShaderCodeLibraryPakFileMountedCallback: PakFile 'D:/Games/New Folder/UE_4.27/FeaturePacks/TP_SideScroller.upack' (chunk index -1, root 'root:/') mounted
[2026.04.28-17.00.50:832][  0]LogShaderLibrary: Display: ShaderCodeLibraryPakFileMountedCallback: pending pak file info (ChunkID:-1 Root:root:/ File:D:/Games/New Folder/UE_4.27/FeaturePacks/TP_SideScroller.upack)
[2026.04.28-17.00.50:832][  0]LogPakFile: OnPakFileMounted2Time == 0.000055
[2026.04.28-17.00.50:843][  0]LogPakFile: PakFile PrimaryIndexSize=190
[2026.04.28-17.00.50:843][  0]LogPakFile: PakFile PathHashIndexSize=101
[2026.04.28-17.00.50:843][  0]LogPakFile: PakFile FullDirectoryIndexSize=154
[2026.04.28-17.00.50:843][  0]LogShaderLibrary: Display: ShaderCodeLibraryPakFileMountedCallback: PakFile 'D:/Games/New Folder/UE_4.27/FeaturePacks/TP_SideScrollerBP.upack' (chunk index -1, root 'root:/') mounted
[2026.04.28-17.00.50:844][  0]LogShaderLibrary: Display: ShaderCodeLibraryPakFileMountedCallback: pending pak file info (ChunkID:-1 Root:root:/ File:D:/Games/New Folder/UE_4.27/FeaturePacks/TP_SideScrollerBP.upack)
[2026.04.28-17.00.50:844][  0]LogPakFile: OnPakFileMounted2Time == 0.000105
[2026.04.28-17.00.50:847][  0]LogPakFile: PakFile PrimaryIndexSize=187
[2026.04.28-17.00.50:847][  0]LogPakFile: PakFile PathHashIndexSize=101
[2026.04.28-17.00.50:847][  0]LogPakFile: PakFile FullDirectoryIndexSize=148
[2026.04.28-17.00.50:847][  0]LogShaderLibrary: Display: ShaderCodeLibraryPakFileMountedCallback: PakFile 'D:/Games/New Folder/UE_4.27/FeaturePacks/TP_ThirdPerson.upack' (chunk index -1, root 'root:/') mounted
[2026.04.28-17.00.50:847][  0]LogShaderLibrary: Display: ShaderCodeLibraryPakFileMountedCallback: pending pak file info (ChunkID:-1 Root:root:/ File:D:/Games/New Folder/UE_4.27/FeaturePacks/TP_ThirdPerson.upack)
[2026.04.28-17.00.50:847][  0]LogPakFile: OnPakFileMounted2Time == 0.000088
[2026.04.28-17.00.50:849][  0]LogPakFile: PakFile PrimaryIndexSize=189
[2026.04.28-17.00.50:849][  0]LogPakFile: PakFile PathHashIndexSize=101
[2026.04.28-17.00.50:849][  0]LogPakFile: PakFile FullDirectoryIndexSize=152
[2026.04.28-17.00.50:849][  0]LogShaderLibrary: Display: ShaderCodeLibraryPakFileMountedCallback: PakFile 'D:/Games/New Folder/UE_4.27/FeaturePacks/TP_ThirdPersonBP.upack' (chunk index -1, root 'root:/') mounted
[2026.04.28-17.00.50:849][  0]LogShaderLibrary: Display: ShaderCodeLibraryPakFileMountedCallback: pending pak file info (ChunkID:-1 Root:root:/ File:D:/Games/New Folder/UE_4.27/FeaturePacks/TP_ThirdPersonBP.upack)
[2026.04.28-17.00.50:849][  0]LogPakFile: OnPakFileMounted2Time == 0.000080
[2026.04.28-17.00.50:854][  0]LogPakFile: PakFile PrimaryIndexSize=183
[2026.04.28-17.00.50:854][  0]LogPakFile: PakFile PathHashIndexSize=101
[2026.04.28-17.00.50:854][  0]LogPakFile: PakFile FullDirectoryIndexSize=140
[2026.04.28-17.00.50:854][  0]LogShaderLibrary: Display: ShaderCodeLibraryPakFileMountedCallback: PakFile 'D:/Games/New Folder/UE_4.27/FeaturePacks/TP_TopDown.upack' (chunk index -1, root 'root:/') mounted
[2026.04.28-17.00.50:854][  0]LogShaderLibrary: Display: ShaderCodeLibraryPakFileMountedCallback: pending pak file info (ChunkID:-1 Root:root:/ File:D:/Games/New Folder/UE_4.27/FeaturePacks/TP_TopDown.upack)
[2026.04.28-17.00.50:854][  0]LogPakFile: OnPakFileMounted2Time == 0.000056
[2026.04.28-17.00.50:875][  0]LogPakFile: PakFile PrimaryIndexSize=185
[2026.04.28-17.00.50:875][  0]LogPakFile: PakFile PathHashIndexSize=101
[2026.04.28-17.00.50:875][  0]LogPakFile: PakFile FullDirectoryIndexSize=144
[2026.04.28-17.00.50:875][  0]LogShaderLibrary: Display: ShaderCodeLibraryPakFileMountedCallback: PakFile 'D:/Games/New Folder/UE_4.27/FeaturePacks/TP_TopDownBP.upack' (chunk index -1, root 'root:/') mounted
[2026.04.28-17.00.50:875][  0]LogShaderLibrary: Display: ShaderCodeLibraryPakFileMountedCallback: pending pak file info (ChunkID:-1 Root:root:/ File:D:/Games/New Folder/UE_4.27/FeaturePacks/TP_TopDownBP.upack)
[2026.04.28-17.00.50:875][  0]LogPakFile: OnPakFileMounted2Time == 0.000055
[2026.04.28-17.00.50:918][  0]LogPakFile: PakFile PrimaryIndexSize=185
[2026.04.28-17.00.50:919][  0]LogPakFile: PakFile PathHashIndexSize=101
[2026.04.28-17.00.50:919][  0]LogPakFile: PakFile FullDirectoryIndexSize=144
[2026.04.28-17.00.50:919][  0]LogShaderLibrary: Display: ShaderCodeLibraryPakFileMountedCallback: PakFile 'D:/Games/New Folder/UE_4.27/FeaturePacks/TP_TwinStick.upack' (chunk index -1, root 'root:/') mounted
[2026.04.28-17.00.50:919][  0]LogShaderLibrary: Display: ShaderCodeLibraryPakFileMountedCallback: pending pak file info (ChunkID:-1 Root:root:/ File:D:/Games/New Folder/UE_4.27/FeaturePacks/TP_TwinStick.upack)
[2026.04.28-17.00.50:919][  0]LogPakFile: OnPakFileMounted2Time == 0.000052
[2026.04.28-17.00.50:932][  0]LogPakFile: PakFile PrimaryIndexSize=187
[2026.04.28-17.00.50:932][  0]LogPakFile: PakFile PathHashIndexSize=101
[2026.04.28-17.00.50:932][  0]LogPakFile: PakFile FullDirectoryIndexSize=148
[2026.04.28-17.00.50:932][  0]LogShaderLibrary: Display: ShaderCodeLibraryPakFileMountedCallback: PakFile 'D:/Games/New Folder/UE_4.27/FeaturePacks/TP_TwinStickBP.upack' (chunk index -1, root 'root:/') mounted
[2026.04.28-17.00.50:933][  0]LogShaderLibrary: Display: ShaderCodeLibraryPakFileMountedCallback: pending pak file info (ChunkID:-1 Root:root:/ File:D:/Games/New Folder/UE_4.27/FeaturePacks/TP_TwinStickBP.upack)
[2026.04.28-17.00.50:933][  0]LogPakFile: OnPakFileMounted2Time == 0.000104
[2026.04.28-17.00.50:942][  0]LogPakFile: PakFile PrimaryIndexSize=183
[2026.04.28-17.00.50:942][  0]LogPakFile: PakFile PathHashIndexSize=101
[2026.04.28-17.00.50:942][  0]LogPakFile: PakFile FullDirectoryIndexSize=140
[2026.04.28-17.00.50:942][  0]LogShaderLibrary: Display: ShaderCodeLibraryPakFileMountedCallback: PakFile 'D:/Games/New Folder/UE_4.27/FeaturePacks/TP_Vehicle.upack' (chunk index -1, root 'root:/') mounted
[2026.04.28-17.00.50:942][  0]LogShaderLibrary: Display: ShaderCodeLibraryPakFileMountedCallback: pending pak file info (ChunkID:-1 Root:root:/ File:D:/Games/New Folder/UE_4.27/FeaturePacks/TP_Vehicle.upack)
[2026.04.28-17.00.50:942][  0]LogPakFile: OnPakFileMounted2Time == 0.000051
[2026.04.28-17.00.50:944][  0]LogPakFile: PakFile PrimaryIndexSize=186
[2026.04.28-17.00.50:944][  0]LogPakFile: PakFile PathHashIndexSize=101
[2026.04.28-17.00.50:944][  0]LogPakFile: PakFile FullDirectoryIndexSize=146
[2026.04.28-17.00.50:944][  0]LogShaderLibrary: Display: ShaderCodeLibraryPakFileMountedCallback: PakFile 'D:/Games/New Folder/UE_4.27/FeaturePacks/TP_VehicleAdv.upack' (chunk index -1, root 'root:/') mounted
[2026.04.28-17.00.50:944][  0]LogShaderLibrary: Display: ShaderCodeLibraryPakFileMountedCallback: pending pak file info (ChunkID:-1 Root:root:/ File:D:/Games/New Folder/UE_4.27/FeaturePacks/TP_VehicleAdv.upack)
[2026.04.28-17.00.50:944][  0]LogPakFile: OnPakFileMounted2Time == 0.000043
[2026.04.28-17.00.50:946][  0]LogPakFile: PakFile PrimaryIndexSize=188
[2026.04.28-17.00.50:946][  0]LogPakFile: PakFile PathHashIndexSize=101
[2026.04.28-17.00.50:946][  0]LogPakFile: PakFile FullDirectoryIndexSize=150
[2026.04.28-17.00.50:947][  0]LogShaderLibrary: Display: ShaderCodeLibraryPakFileMountedCallback: PakFile 'D:/Games/New Folder/UE_4.27/FeaturePacks/TP_VehicleAdvBP.upack' (chunk index -1, root 'root:/') mounted
[2026.04.28-17.00.50:947][  0]LogShaderLibrary: Display: ShaderCodeLibraryPakFileMountedCallback: pending pak file info (ChunkID:-1 Root:root:/ File:D:/Games/New Folder/UE_4.27/FeaturePacks/TP_VehicleAdvBP.upack)
[2026.04.28-17.00.50:947][  0]LogPakFile: OnPakFileMounted2Time == 0.000062
[2026.04.28-17.00.50:949][  0]LogPakFile: PakFile PrimaryIndexSize=185
[2026.04.28-17.00.50:949][  0]LogPakFile: PakFile PathHashIndexSize=101
[2026.04.28-17.00.50:949][  0]LogPakFile: PakFile FullDirectoryIndexSize=144
[2026.04.28-17.00.50:949][  0]LogShaderLibrary: Display: ShaderCodeLibraryPakFileMountedCallback: PakFile 'D:/Games/New Folder/UE_4.27/FeaturePacks/TP_VehicleBP.upack' (chunk index -1, root 'root:/') mounted
[2026.04.28-17.00.50:949][  0]LogShaderLibrary: Display: ShaderCodeLibraryPakFileMountedCallback: pending pak file info (ChunkID:-1 Root:root:/ File:D:/Games/New Folder/UE_4.27/FeaturePacks/TP_VehicleBP.upack)
[2026.04.28-17.00.50:949][  0]LogPakFile: OnPakFileMounted2Time == 0.000042
[2026.04.28-17.00.50:951][  0]LogPakFile: PakFile PrimaryIndexSize=192
[2026.04.28-17.00.50:951][  0]LogPakFile: PakFile PathHashIndexSize=101
[2026.04.28-17.00.50:951][  0]LogPakFile: PakFile FullDirectoryIndexSize=158
[2026.04.28-17.00.50:951][  0]LogShaderLibrary: Display: ShaderCodeLibraryPakFileMountedCallback: PakFile 'D:/Games/New Folder/UE_4.27/FeaturePacks/TP_VirtualRealityBP.upack' (chunk index -1, root 'root:/') mounted
[2026.04.28-17.00.50:951][  0]LogShaderLibrary: Display: ShaderCodeLibraryPakFileMountedCallback: pending pak file info (ChunkID:-1 Root:root:/ File:D:/Games/New Folder/UE_4.27/FeaturePacks/TP_VirtualRealityBP.upack)
[2026.04.28-17.00.50:951][  0]LogPakFile: OnPakFileMounted2Time == 0.000047
[2026.04.28-17.00.52:610][  0]LogNativeClassHierarchy: Verbose: Native class hierarchy updated for 'AddContentDialog' in 0.0004 seconds. Added 0 classes and 0 folders.
[2026.04.28-17.00.52:688][  0]LogNativeClassHierarchy: Verbose: Native class hierarchy updated for 'SceneOutliner' in 0.0004 seconds. Added 2 classes and 0 folders.
[2026.04.28-17.00.53:477][  0]LogSlate: Took 0.000180 seconds to synchronously load lazily loaded font '../../../Engine/Content/Slate/Fonts/Roboto-Regular.ttf' (155K)
[2026.04.28-17.00.53:511][  0]LogSlate: Took 0.016176 seconds to synchronously load lazily loaded font '../../../Engine/Content/Editor/Slate/Fonts/FontAwesome.ttf' (139K)
[2026.04.28-17.00.53:536][  0]LogSlate: Took 0.000171 seconds to synchronously load lazily loaded font '../../../Engine/Content/Slate/Fonts/Roboto-Bold.ttf' (160K)
[2026.04.28-17.00.53:684][  0]LogSlate: Took 0.006454 seconds to synchronously load lazily loaded font '../../../Engine/Content/Slate/Fonts/DroidSansMono.ttf' (77K)
[2026.04.28-17.00.54:335][  0]LogRenderer: Reallocating scene render targets to support 1208x568 Format 10 NumSamples 1 (Frame:1).
[2026.04.28-17.00.56:642][  0]LogNativeClassHierarchy: Verbose: Native class hierarchy updated for 'HierarchicalLODOutliner' in 0.0004 seconds. Added 0 classes and 0 folders.
[2026.04.28-17.00.56:642][  0]LogInput: Warning: Action Jump uses invalid key OculusGo_Left_Trigger_Click.
[2026.04.28-17.00.56:642][  0]LogInput: Warning: Action ResetVR uses invalid key OculusGo_Left_Trackpad_Click.
[2026.04.28-17.00.56:642][  0]LogInput: Warning: Use -RemoveInvalidKeys to remove instances of these keys from the action mapping.
[2026.04.28-17.00.56:643][  0]LogLoad: (Engine Initialization) Total time: 57.73 seconds
[2026.04.28-17.00.56:643][  0]LogLoad: (Engine Initialization) Total Blueprint compile time: 0.00 seconds
[2026.04.28-17.00.56:752][  0]LogAssetRegistry: Asset discovery search completed in 17.7791 seconds
[2026.04.28-17.00.56:759][  0]LogCollectionManager: Fixed up redirectors for 0 collections in 0.000005 seconds (updated 0 objects)
[2026.04.28-17.00.56:858][  0]LogContentStreaming: Texture pool size now 1000 MB
[2026.04.28-17.00.57:485][  2]LogSlate: Took 0.012397 seconds to synchronously load lazily loaded font '../../../Engine/Content/Slate/Fonts/Roboto-Light.ttf' (167K)
[2026.04.28-17.00.57:965][  6]LogSlate: Took 0.000168 seconds to synchronously load lazily loaded font '../../../Engine/Content/Slate/Fonts/Roboto-Light.ttf' (167K)
[2026.04.28-17.01.09:538][995]LogAssetEditorSubsystem: Opening Asset editor for Blueprint /Game/ThirdPersonBP/Blueprints/ThirdPersonCharacter.ThirdPersonCharacter
[2026.04.28-17.01.10:574][995]LogNativeClassHierarchy: Verbose: Native class hierarchy updated for 'BlueprintGraph' in 0.0007 seconds. Added 126 classes and 0 folders.
[2026.04.28-17.01.13:088][995]LogSlate: Took 0.000366 seconds to synchronously load lazily loaded font '../../../Engine/Content/Slate/Fonts/Roboto-BoldCondensed.ttf' (158K)
[2026.04.28-17.04.15:080][178]LogTemp: Repeating last play command: Selected Viewport
[2026.04.28-17.04.15:199][178]LogPlayLevel: PlayLevel: No blueprints needed recompiling
[2026.04.28-17.04.15:254][178]PIE: New page: PIE session: ThirdPersonExampleMap (29 апр. 2026 г., 03:04:15)
[2026.04.28-17.04.15:288][178]LogOnline: OSS: Creating online subsystem instance for: NULL
[2026.04.28-17.04.15:297][178]LogOnline: OSS: TryLoadSubsystemAndSetDefault: Loaded subsystem for module [NULL]
[2026.04.28-17.04.15:310][178]LogPlayLevel: Creating play world package: /Game/ThirdPersonBP/Maps/UEDPIE_0_ThirdPersonExampleMap
[2026.04.28-17.04.15:443][178]LogPlayLevel: PIE: StaticDuplicateObject took: (0.132975s)
[2026.04.28-17.04.15:459][178]LogAIModule: Creating AISystem for world ThirdPersonExampleMap
[2026.04.28-17.04.15:471][178]LogPlayLevel: PIE: World Init took: (0.027491s)
[2026.04.28-17.04.15:485][178]LogPlayLevel: PIE: Created PIE world by copying editor world from /Game/ThirdPersonBP/Maps/ThirdPersonExampleMap.ThirdPersonExampleMap to /Game/ThirdPersonBP/Maps/UEDPIE_0_ThirdPersonExampleMap.ThirdPersonExampleMap (0.174271s)
[2026.04.28-17.04.15:537][178]LogUObjectHash: Compacting FUObjectHashTables data took   3.53ms
[2026.04.28-17.04.15:558][178]LogAudio: Display: Creating Audio Device:                 Id: 2, Scope: Unique, Realtime: True
[2026.04.28-17.04.15:558][178]LogAudioMixer: Display: Audio Mixer Platform Settings:
[2026.04.28-17.04.15:558][178]LogAudioMixer: Display: 	Sample Rate:						  48000
[2026.04.28-17.04.15:558][178]LogAudioMixer: Display: 	Callback Buffer Frame Size Requested: 1024
[2026.04.28-17.04.15:558][178]LogAudioMixer: Display: 	Callback Buffer Frame Size To Use:	  1024
[2026.04.28-17.04.15:558][178]LogAudioMixer: Display: 	Number of buffers to queue:			  2
[2026.04.28-17.04.15:558][178]LogAudioMixer: Display: 	Max Channels (voices):				  32
[2026.04.28-17.04.15:558][178]LogAudioMixer: Display: 	Number of Async Source Workers:		  0
[2026.04.28-17.04.15:558][178]LogAudio: Display: AudioDevice MaxSources: 32
[2026.04.28-17.04.15:559][178]LogAudio: Display: Audio Spatialization Plugin: None (built-in).
[2026.04.28-17.04.15:559][178]LogAudio: Display: Audio Reverb Plugin: None (built-in).
[2026.04.28-17.04.15:559][178]LogAudio: Display: Audio Occlusion Plugin: None (built-in).
[2026.04.28-17.04.15:559][178]LogAudioMixer: Display: Initializing audio mixer.
[2026.04.28-17.04.15:570][178]LogAudioMixer: Display: 0: FrontLeft
[2026.04.28-17.04.15:570][178]LogAudioMixer: Display: 1: FrontRight
[2026.04.28-17.04.15:608][178]LogAudioMixer: Display: Using Audio Device Динамики (Realtek High Definition Audio)
[2026.04.28-17.04.15:608][178]LogAudioMixer: Display: Initializing Sound Submixes...
[2026.04.28-17.04.15:608][178]LogAudioMixer: Display: Creating Master Submix 'MasterSubmixDefault'
[2026.04.28-17.04.15:608][178]LogAudioMixer: Display: Creating Master Submix 'MasterReverbSubmixDefault'
[2026.04.28-17.04.15:609][178]LogAudioMixer: Display: Creating Master Submix 'MasterEQSubmixDefault'
[2026.04.28-17.04.15:609][178]LogAudioMixer: FMixerPlatformXAudio2::StartAudioStream() called
[2026.04.28-17.04.15:609][178]LogAudioMixer: Display: Output buffers initialized: Frames=1024, Channels=2, Samples=2048
[2026.04.28-17.04.15:610][178]LogAudioMixer: Display: Starting AudioMixerPlatformInterface::RunInternal()
[2026.04.28-17.04.15:610][178]LogAudioMixer: Display: FMixerPlatformXAudio2::SubmitBuffer() called for the first time
[2026.04.28-17.04.15:610][178]LogInit: FAudioDevice initialized.
[2026.04.28-17.04.15:610][178]LogAudio: Display: Audio Device (ID: 2) registered with world 'ThirdPersonExampleMap'.
[2026.04.28-17.04.15:687][178]LogLoad: Game class is 'ThirdPersonGameMode_C'
[2026.04.28-17.04.15:821][178]LogWorld: Bringing World /Game/ThirdPersonBP/Maps/UEDPIE_0_ThirdPersonExampleMap.ThirdPersonExampleMap up for play (max tick rate 0) at 2026.04.28-22.04.15
[2026.04.28-17.04.15:837][178]LogWorld: Bringing up level for play took: 0.038098
[2026.04.28-17.04.15:839][178]LogOnline: OSS: Creating online subsystem instance for: :Context_5
[2026.04.28-17.04.15:968][178]LogGameMode: FindPlayerStart: PATHS NOT DEFINED or NO PLAYERSTART with positive rating
[2026.04.28-17.04.16:067][178]LogNativeClassHierarchy: Verbose: Native class hierarchy updated for 'MovieSceneCapture' in 0.0004 seconds. Added 20 classes and 0 folders.
[2026.04.28-17.04.16:080][178]PIE: Server logged in
[2026.04.28-17.04.16:084][178]PIE: Play in editor total start time 0,948 seconds.
[2026.04.28-17.05.51:856][101]LogWindowsTextInputMethodSystem: Display: IME system deactivated.
[2026.04.28-17.05.51:856][101]LogWindowsTextInputMethodSystem: Display: IME system deactivated.
[2026.04.28-17.05.59:773][798]LogSlate: Updating window title bar state: overlay mode, drag disabled, window buttons hidden, title bar hidden
[2026.04.28-17.05.59:773][798]LogWorld: BeginTearingDown for /Game/ThirdPersonBP/Maps/UEDPIE_0_ThirdPersonExampleMap
[2026.04.28-17.05.59:794][798]LogWorld: UWorld::CleanupWorld for ThirdPersonExampleMap, bSessionEnded=true, bCleanupResources=true
[2026.04.28-17.05.59:795][798]LogSlate: InvalidateAllWidgets triggered.  All widgets were invalidated
[2026.04.28-17.05.59:837][798]LogPlayLevel: Display: Shutting down PIE online subsystems
[2026.04.28-17.05.59:843][798]LogSlate: InvalidateAllWidgets triggered.  All widgets were invalidated
[2026.04.28-17.05.59:872][798]LogAudio: Display: Audio Device unregistered from world 'None'.
[2026.04.28-17.05.59:873][798]LogAudioMixer: FMixerPlatformXAudio2::StopAudioStream() called
[2026.04.28-17.05.59:874][798]LogAudioMixer: FMixerPlatformXAudio2::StopAudioStream() called
[2026.04.28-17.05.59:877][798]LogSlate: Updating window title bar state: overlay mode, drag disabled, window buttons hidden, title bar hidden
[2026.04.28-17.05.59:948][798]LogUObjectHash: Compacting FUObjectHashTables data took   5.64ms
[2026.04.28-17.06.00:014][799]LogPlayLevel: Display: Destroying online subsystem :Context_5
[2026.04.28-17.06.03:518][ 53]LogUObjectHash: Compacting FUObjectHashTables data took   3.31ms
[2026.04.28-17.06.03:550][ 53]LogSlate: Window 'ThirdPersonCharacter' being destroyed
[2026.04.28-17.06.03:584][ 53]LogWorld: UWorld::CleanupWorld for World_3, bSessionEnded=true, bCleanupResources=true
[2026.04.28-17.06.03:584][ 53]LogSlate: InvalidateAllWidgets triggered.  All widgets were invalidated
[2026.04.28-17.06.03:853][ 53]LogSlate: Window 'Output Log' being destroyed
[2026.04.28-17.06.03:860][ 53]LogSlate: Window 'UnauticnaCastle - Unreal Editor' being destroyed
[2026.04.28-17.06.04:082][ 54]Cmd: QUIT_EDITOR
[2026.04.28-17.06.04:082][ 54]LogCore: Engine exit requested (reason: UUnrealEdEngine::CloseEditor())
[2026.04.28-17.06.04:102][ 54]LogCore: Engine exit requested (reason: EngineExit() was called; note: exit was already requested)
[2026.04.28-17.06.04:870][ 54]LogAudio: Display: Beginning Audio Device Manager Shutdown (Module: AudioMixerXAudio2)...
[2026.04.28-17.06.04:870][ 54]LogAudio: Display: Destroying 1 Remaining Audio Device(s)...
[2026.04.28-17.06.04:870][ 54]LogAudio: Display: Audio Device unregistered from world 'ThirdPersonExampleMap'.
[2026.04.28-17.06.04:870][ 54]LogAudioMixer: FMixerPlatformXAudio2::StopAudioStream() called
[2026.04.28-17.06.04:871][ 54]LogAudioMixer: FMixerPlatformXAudio2::StopAudioStream() called
[2026.04.28-17.06.04:875][ 54]LogAudio: Display: Audio Device Manager Shutdown
[2026.04.28-17.06.04:875][ 54]LogWindowsTextInputMethodSystem: Display: IME system deactivated.
[2026.04.28-17.06.04:881][ 54]LogExit: Preparing to exit.
[2026.04.28-17.06.04:941][ 54]LogUObjectHash: Compacting FUObjectHashTables data took   3.83ms
[2026.04.28-17.06.05:731][ 54]LogWorld: UWorld::CleanupWorld for World_1, bSessionEnded=true, bCleanupResources=true
[2026.04.28-17.06.05:735][ 54]LogWorld: UWorld::CleanupWorld for World_2, bSessionEnded=true, bCleanupResources=true
[2026.04.28-17.06.05:737][ 54]LogWorld: UWorld::CleanupWorld for World_0, bSessionEnded=true, bCleanupResources=true
[2026.04.28-17.06.05:824][ 54]LogDemo: Cleaned up 0 splitscreen connections with owner deletion
[2026.04.28-17.06.05:867][ 54]LogWorld: UWorld::CleanupWorld for None, bSessionEnded=true, bCleanupResources=true
[2026.04.28-17.06.05:867][ 54]LogExit: Editor shut down
[2026.04.28-17.06.05:867][ 54]LogExit: Transaction tracking system shut down
[2026.04.28-17.06.06:202][ 54]LogExit: Object subsystem successfully closed.
[2026.04.28-17.06.06:254][ 54]LogShaderCompilers: Display: === FShaderJobCache stats ===
[2026.04.28-17.06.06:254][ 54]LogShaderCompilers: Display: Total job queries 0, among them cache hits 0 (0.00%)
[2026.04.28-17.06.06:254][ 54]LogShaderCompilers: Display: Tracking 0 distinct input hashes that result in 0 distinct outputs (0.00%)
[2026.04.28-17.06.06:254][ 54]LogShaderCompilers: Display: RAM used: 0.00 MB (0.00 GB) of 1638.40 MB (1.60 GB) budget. Usage: 0.00%
[2026.04.28-17.06.06:254][ 54]LogShaderCompilers: Display: ================================================
[2026.04.28-17.06.06:263][ 54]LogShaderCompilers: Display: Shaders left to compile 0
[2026.04.28-17.06.06:296][ 54]LogModuleManager: Shutting down and abandoning module MovieSceneCapture (876)
[2026.04.28-17.06.06:296][ 54]LogModuleManager: Shutting down and abandoning module Voice (874)
[2026.04.28-17.06.06:306][ 54]LogModuleManager: Shutting down and abandoning module BlueprintGraph (872)
[2026.04.28-17.06.06:306][ 54]LogModuleManager: Shutting down and abandoning module HierarchicalLODOutliner (870)
[2026.04.28-17.06.06:306][ 54]LogModuleManager: Shutting down and abandoning module SceneOutliner (868)
[2026.04.28-17.06.06:306][ 54]LogModuleManager: Shutting down and abandoning module AddContentDialog (866)
[2026.04.28-17.06.06:347][ 54]LogModuleManager: Shutting down and abandoning module WidgetCarousel (865)
[2026.04.28-17.06.06:347][ 54]LogModuleManager: Shutting down and abandoning module EditorWidgets (862)
[2026.04.28-17.06.06:347][ 54]LogModuleManager: Shutting down and abandoning module StatsViewer (860)
[2026.04.28-17.06.06:347][ 54]LogModuleManager: Shutting down and abandoning module PIEPreviewDeviceProfileSelector (858)
[2026.04.28-17.06.06:347][ 54]LogModuleManager: Shutting down and abandoning module SequenceRecorderSections (856)
[2026.04.28-17.06.06:347][ 54]LogModuleManager: Shutting down and abandoning module AutomationWorker (854)
[2026.04.28-17.06.06:347][ 54]LogModuleManager: Shutting down and abandoning module SteamVREditor (852)
[2026.04.28-17.06.06:347][ 54]LogModuleManager: Shutting down and abandoning module OculusMR (850)
[2026.04.28-17.06.06:347][ 54]LogModuleManager: Shutting down and abandoning module OpenXRInput (848)
[2026.04.28-17.06.06:347][ 54]LogModuleManager: Shutting down and abandoning module TakeRecorderSources (846)
[2026.04.28-17.06.06:347][ 54]LogModuleManager: Shutting down and abandoning module TakeRecorder (845)
[2026.04.28-17.06.06:347][ 54]LogModuleManager: Shutting down and abandoning module TakeTrackRecorders (842)
[2026.04.28-17.06.06:347][ 54]LogModuleManager: Shutting down and abandoning module TakesCore (840)
[2026.04.28-17.06.06:347][ 54]LogModuleManager: Shutting down and abandoning module GooglePADEditor (838)
[2026.04.28-17.06.06:347][ 54]LogModuleManager: Shutting down and abandoning module AudioCaptureEditor (836)
[2026.04.28-17.06.06:347][ 54]LogModuleManager: Shutting down and abandoning module WebMMediaFactory (834)
[2026.04.28-17.06.06:347][ 54]LogModuleManager: Shutting down and abandoning module WebMMediaEditor (832)
[2026.04.28-17.06.06:347][ 54]LogModuleManager: Shutting down and abandoning module WebMMedia (830)
[2026.04.28-17.06.06:347][ 54]LogModuleManager: Shutting down and abandoning module WmfMediaFactory (828)
[2026.04.28-17.06.06:347][ 54]LogModuleManager: Shutting down and abandoning module WmfMediaEditor (826)
[2026.04.28-17.06.06:347][ 54]LogModuleManager: Shutting down and abandoning module MediaPlayerEditor (824)
[2026.04.28-17.06.06:347][ 54]LogModuleManager: Shutting down and abandoning module TemplateSequenceEditor (822)
[2026.04.28-17.06.06:348][ 54]LogModuleManager: Shutting down and abandoning module MediaCompositingEditor (820)
[2026.04.28-17.06.06:348][ 54]LogModuleManager: Shutting down and abandoning module SequenceRecorder (819)
[2026.04.28-17.06.06:348][ 54]LogModuleManager: Shutting down and abandoning module OpenExrWrapper (816)
[2026.04.28-17.06.06:348][ 54]LogModuleManager: Shutting down and abandoning module ImgMediaFactory (814)
[2026.04.28-17.06.06:348][ 54]LogModuleManager: Shutting down and abandoning module ImgMediaEditor (812)
[2026.04.28-17.06.06:348][ 54]LogModuleManager: Shutting down and abandoning module MatineeToLevelSequence (810)
[2026.04.28-17.06.06:348][ 54]LogModuleManager: Shutting down and abandoning module LevelSequenceEditor (808)
[2026.04.28-17.06.06:348][ 54]LogModuleManager: Shutting down and abandoning module AvfMediaFactory (806)
[2026.04.28-17.06.06:348][ 54]LogModuleManager: Shutting down and abandoning module AvfMediaEditor (804)
[2026.04.28-17.06.06:348][ 54]LogModuleManager: Shutting down and abandoning module PlanarCut (802)
[2026.04.28-17.06.06:348][ 54]LogModuleManager: Shutting down and abandoning module ActorSequenceEditor (800)
[2026.04.28-17.06.06:348][ 54]LogModuleManager: Shutting down and abandoning module AndroidMediaFactory (798)
[2026.04.28-17.06.06:348][ 54]LogModuleManager: Shutting down and abandoning module AndroidMediaEditor (796)
[2026.04.28-17.06.06:348][ 54]LogModuleManager: Shutting down and abandoning module CharacterAI (794)
[2026.04.28-17.06.06:348][ 54]LogModuleManager: Shutting down and abandoning module MagicLeapMediaCodecFactory (792)
[2026.04.28-17.06.06:348][ 54]LogModuleManager: Shutting down and abandoning module MagicLeapMediaFactory (790)
[2026.04.28-17.06.06:348][ 54]LogModuleManager: Shutting down and abandoning module MagicLeapMediaEditor (788)
[2026.04.28-17.06.06:348][ 54]LogModuleManager: Shutting down and abandoning module TextureAlignMode (786)
[2026.04.28-17.06.06:348][ 54]LogModuleManager: Shutting down and abandoning module BspMode (784)
[2026.04.28-17.06.06:348][ 54]LogModuleManager: Shutting down and abandoning module GeometryMode (782)
[2026.04.28-17.06.06:348][ 54]LogModuleManager: Shutting down and abandoning module CameraShakePreviewer (780)
[2026.04.28-17.06.06:348][ 54]LogModuleManager: Shutting down and abandoning module SmartSnapping (778)
[2026.04.28-17.06.06:348][ 54]LogModuleManager: Shutting down and abandoning module SessionServices (776)
[2026.04.28-17.06.06:348][ 54]LogModuleManager: Shutting down and abandoning module MeshPaint (774)
[2026.04.28-17.06.06:348][ 54]LogModuleManager: Shutting down and abandoning module VirtualTexturingEditor (772)
[2026.04.28-17.06.06:348][ 54]LogModuleManager: Shutting down and abandoning module FoliageEdit (770)
[2026.04.28-17.06.06:348][ 54]LogModuleManager: Shutting down and abandoning module LandscapeEditor (768)
[2026.04.28-17.06.06:348][ 54]LogModuleManager: Shutting down and abandoning module MeshPaintMode (766)
[2026.04.28-17.06.06:348][ 54]LogModuleManager: Shutting down and abandoning module SceneDepthPickerMode (764)
[2026.04.28-17.06.06:348][ 54]LogModuleManager: Shutting down and abandoning module ActorPickerMode (762)
[2026.04.28-17.06.06:348][ 54]LogModuleManager: Shutting down and abandoning module PlacementMode (760)
[2026.04.28-17.06.06:348][ 54]LogModuleManager: Shutting down and abandoning module ViewportSnapping (758)
[2026.04.28-17.06.06:348][ 54]LogModuleManager: Shutting down and abandoning module ViewportInteraction (756)
[2026.04.28-17.06.06:348][ 54]LogModuleManager: Shutting down and abandoning module ClothPainter (754)
[2026.04.28-17.06.06:348][ 54]LogModuleManager: Shutting down and abandoning module SkeletalMeshEditor (753)
[2026.04.28-17.06.06:348][ 54]LogModuleManager: Shutting down and abandoning module LogVisualizer (750)
[2026.04.28-17.06.06:349][ 54]LogModuleManager: Shutting down and abandoning module IntroTutorials (748)
[2026.04.28-17.06.06:359][ 54]LogModuleManager: Shutting down and abandoning module GameProjectGeneration (747)
[2026.04.28-17.06.06:359][ 54]LogModuleManager: Shutting down and abandoning module LuminPlatformEditor (744)
[2026.04.28-17.06.06:359][ 54]LogModuleManager: Shutting down and abandoning module IOSPlatformEditor (742)
[2026.04.28-17.06.06:359][ 54]LogModuleManager: Shutting down and abandoning module AndroidPlatformEditor (740)
[2026.04.28-17.06.06:359][ 54]LogModuleManager: Shutting down and abandoning module AndroidDeviceDetection (739)
[2026.04.28-17.06.06:903][ 54]LogModuleManager: Shutting down and abandoning module WindowsPlatformEditor (736)
[2026.04.28-17.06.06:904][ 54]LogModuleManager: Shutting down and abandoning module LuminRuntimeSettings (734)
[2026.04.28-17.06.06:904][ 54]LogModuleManager: Shutting down and abandoning module IOSRuntimeSettings (732)
[2026.04.28-17.06.06:904][ 54]LogModuleManager: Shutting down and abandoning module AndroidRuntimeSettings (730)
[2026.04.28-17.06.06:904][ 54]LogModuleManager: Shutting down and abandoning module TraceInsights (728)
[2026.04.28-17.06.06:904][ 54]MemoryProfiler: Shutdown
[2026.04.28-17.06.06:904][ 54]NetworkingProfiler: Shutdown
[2026.04.28-17.06.06:904][ 54]LoadingProfiler: Shutdown
[2026.04.28-17.06.06:904][ 54]TimingProfiler: Shutdown
[2026.04.28-17.06.06:904][ 54]LogModuleManager: Shutting down and abandoning module TraceServices (727)
[2026.04.28-17.06.06:904][ 54]LogModuleManager: Shutting down and abandoning module EditorInteractiveToolsFramework (724)
[2026.04.28-17.06.06:904][ 54]LogModuleManager: Shutting down and abandoning module TimeManagementEditor (722)
[2026.04.28-17.06.06:904][ 54]LogModuleManager: Shutting down and abandoning module InputBindingEditor (720)
[2026.04.28-17.06.06:904][ 54]LogModuleManager: Shutting down and abandoning module MergeActors (718)
[2026.04.28-17.06.06:904][ 54]LogModuleManager: Shutting down and abandoning module LocalizationDashboard (716)
[2026.04.28-17.06.06:904][ 54]LogModuleManager: Shutting down and abandoning module LocalizationService (715)
[2026.04.28-17.06.06:904][ 54]LogModuleManager: Shutting down and abandoning module HardwareTargeting (712)
[2026.04.28-17.06.06:904][ 54]LogModuleManager: Shutting down and abandoning module DeviceProfileEditor (710)
[2026.04.28-17.06.06:904][ 54]LogModuleManager: Shutting down and abandoning module UndoHistory (708)
[2026.04.28-17.06.06:904][ 54]LogModuleManager: Shutting down and abandoning module XmlParser (706)
[2026.04.28-17.06.06:904][ 54]LogModuleManager: Shutting down and abandoning module Blutility (704)
[2026.04.28-17.06.06:904][ 54]LogModuleManager: Shutting down and abandoning module ProjectSettingsViewer (702)
[2026.04.28-17.06.06:904][ 54]LogModuleManager: Shutting down and abandoning module ProjectTargetPlatformEditor (701)
[2026.04.28-17.06.06:904][ 54]LogModuleManager: Shutting down and abandoning module EditorSettingsViewer (698)
[2026.04.28-17.06.06:904][ 54]LogModuleManager: Shutting down and abandoning module InternationalizationSettings (697)
[2026.04.28-17.06.06:904][ 54]LogModuleManager: Shutting down and abandoning module SettingsEditor (694)
[2026.04.28-17.06.06:904][ 54]LogModuleManager: Shutting down and abandoning module ProjectLauncher (692)
[2026.04.28-17.06.06:904][ 54]LogModuleManager: Shutting down and abandoning module SessionFrontend (690)
[2026.04.28-17.06.06:904][ 54]LogModuleManager: Shutting down and abandoning module ProfilerClient (688)
[2026.04.28-17.06.06:904][ 54]LogModuleManager: Shutting down and abandoning module DeviceManager (686)
[2026.04.28-17.06.06:905][ 54]LogModuleManager: Shutting down and abandoning module TargetDeviceServices (685)
[2026.04.28-17.06.06:938][ 54]LogModuleManager: Shutting down and abandoning module AutomationController (682)
[2026.04.28-17.06.06:938][ 54]LogModuleManager: Shutting down and abandoning module AutomationWindow (680)
[2026.04.28-17.06.06:938][ 54]LogModuleManager: Shutting down and abandoning module Layers (678)
[2026.04.28-17.06.06:938][ 54]LogModuleManager: Shutting down and abandoning module ComponentVisualizers (676)
[2026.04.28-17.06.06:938][ 54]LogModuleManager: Shutting down and abandoning module DetailCustomizations (674)
[2026.04.28-17.06.06:938][ 54]LogModuleManager: Shutting down and abandoning module PackagesDialog (672)
[2026.04.28-17.06.06:938][ 54]LogModuleManager: Shutting down and abandoning module AnimationBlueprintEditor (670)
[2026.04.28-17.06.06:938][ 54]LogModuleManager: Shutting down and abandoning module Persona (668)
[2026.04.28-17.06.06:938][ 54]LogModuleManager: Shutting down and abandoning module AdvancedPreviewScene (667)
[2026.04.28-17.06.06:938][ 54]LogModuleManager: Shutting down and abandoning module AnimGraph (665)
[2026.04.28-17.06.06:938][ 54]LogModuleManager: Shutting down and abandoning module Kismet (662)
[2026.04.28-17.06.06:952][ 54]LogModuleManager: Shutting down and abandoning module KismetWidgets (661)
[2026.04.28-17.06.06:952][ 54]LogModuleManager: Shutting down and abandoning module GraphEditor (658)
[2026.04.28-17.06.06:952][ 54]LogModuleManager: Shutting down and abandoning module StructViewer (656)
[2026.04.28-17.06.06:952][ 54]LogModuleManager: Shutting down and abandoning module ClassViewer (654)
[2026.04.28-17.06.06:952][ 54]LogModuleManager: Shutting down and abandoning module Toolbox (652)
[2026.04.28-17.06.06:952][ 54]LogModuleManager: Shutting down and abandoning module ModuleUI (650)
[2026.04.28-17.06.06:952][ 54]LogModuleManager: Shutting down and abandoning module OutputLog (648)
[2026.04.28-17.06.06:952][ 54]LogModuleManager: Shutting down and abandoning module GammaUI (646)
[2026.04.28-17.06.06:953][ 54]LogModuleManager: Shutting down and abandoning module Documentation (644)
[2026.04.28-17.06.06:953][ 54]LogModuleManager: Shutting down and abandoning module LiveCoding (642)
[2026.04.28-17.06.06:953][ 54]LogModuleManager: Shutting down and abandoning module LevelSequence (640)
[2026.04.28-17.06.06:953][ 54]LogModuleManager: Shutting down and abandoning module MovieSceneTracks (638)
[2026.04.28-17.06.06:953][ 54]LogModuleManager: Shutting down and abandoning module MovieScene (636)
[2026.04.28-17.06.06:953][ 54]LogModuleManager: Shutting down and abandoning module StreamingPauseRendering (634)
[2026.04.28-17.06.06:953][ 54]LogModuleManager: Shutting down and abandoning module LauncherPlatform (632)
[2026.04.28-17.06.06:953][ 54]LogModuleManager: Shutting down and abandoning module AnalyticsET (630)
[2026.04.28-17.06.06:953][ 54]LogModuleManager: Shutting down and abandoning module PortalServices (628)
[2026.04.28-17.06.06:953][ 54]LogModuleManager: Shutting down and abandoning module PortalRpc (626)
[2026.04.28-17.06.06:953][ 54]LogModuleManager: Shutting down and abandoning module MessagingRpc (624)
[2026.04.28-17.06.06:953][ 54]LogModuleManager: Shutting down and abandoning module AudioMixerXAudio2 (622)
[2026.04.28-17.06.06:953][ 54]LogModuleManager: Shutting down and abandoning module AudioMixerCore (621)
[2026.04.28-17.06.06:953][ 54]LogModuleManager: Shutting down and abandoning module AIModule (618)
[2026.04.28-17.06.06:953][ 54]LogModuleManager: Shutting down and abandoning module GameplayDebugger (617)
[2026.04.28-17.06.06:953][ 54]LogModuleManager: Shutting down and abandoning module AITestSuite (615)
[2026.04.28-17.06.06:953][ 54]LogModuleManager: Shutting down and abandoning module NavigationSystem (613)
[2026.04.28-17.06.06:953][ 54]LogModuleManager: Shutting down and abandoning module ImageWriteQueue (610)
[2026.04.28-17.06.06:964][ 54]LogModuleManager: Shutting down and abandoning module ProfilerService (608)
[2026.04.28-17.06.07:157][ 54]LogModuleManager: Shutting down and abandoning module TaskGraph (606)
[2026.04.28-17.06.07:157][ 54]LogModuleManager: Shutting down and abandoning module AudioSynesthesiaEditor (604)
[2026.04.28-17.06.07:157][ 54]LogModuleManager: Shutting down and abandoning module OculusEditor (602)
[2026.04.28-17.06.07:157][ 54]LogModuleManager: Shutting down and abandoning module OculusInput (600)
[2026.04.28-17.06.07:157][ 54]LogModuleManager: Shutting down and abandoning module ContentBrowserFileDataSource (598)
[2026.04.28-17.06.07:157][ 54]LogModuleManager: Shutting down and abandoning module ContentBrowserClassDataSource (596)
[2026.04.28-17.06.07:157][ 54]LogModuleManager: Shutting down and abandoning module ContentBrowserAssetDataSource (594)
[2026.04.28-17.06.07:157][ 54]LogModuleManager: Shutting down and abandoning module CollectionManager (593)
[2026.04.28-17.06.07:157][ 54]LogModuleManager: Shutting down and abandoning module SynthesisEditor (590)
[2026.04.28-17.06.07:157][ 54]LogModuleManager: Shutting down and abandoning module Synthesis (588)
[2026.04.28-17.06.07:157][ 54]LogModuleManager: Shutting down and abandoning module ProceduralMeshComponentEditor (586)
[2026.04.28-17.06.07:157][ 54]LogModuleManager: Shutting down and abandoning module ProceduralMeshComponent (584)
[2026.04.28-17.06.07:157][ 54]LogModuleManager: Shutting down and abandoning module OpenXREditor (582)
[2026.04.28-17.06.07:157][ 54]LogModuleManager: Shutting down and abandoning module MobilePatchingUtils (580)
[2026.04.28-17.06.07:157][ 54]LogModuleManager: Shutting down and abandoning module TakeSequencer (578)
[2026.04.28-17.06.07:157][ 54]LogModuleManager: Shutting down and abandoning module TakeMovieScene (576)
[2026.04.28-17.06.07:157][ 54]LogModuleManager: Shutting down and abandoning module GooglePAD (574)
[2026.04.28-17.06.07:157][ 54]LogModuleManager: Shutting down and abandoning module EditableMesh (572)
[2026.04.28-17.06.07:158][ 54]LogModuleManager: Shutting down and abandoning module CustomMeshComponent (570)
[2026.04.28-17.06.07:158][ 54]LogModuleManager: Shutting down and abandoning module CableComponent (568)
[2026.04.28-17.06.07:158][ 54]LogModuleManager: Shutting down and abandoning module AssetTags (566)
[2026.04.28-17.06.07:158][ 54]LogModuleManager: Shutting down and abandoning module ArchVisCharacter (564)
[2026.04.28-17.06.07:158][ 54]LogModuleManager: Shutting down and abandoning module AudioCapture (562)
[2026.04.28-17.06.07:158][ 54]LogModuleManager: Shutting down and abandoning module AudioCaptureRtAudio (561)
[2026.04.28-17.06.07:158][ 54]LogModuleManager: Shutting down and abandoning module AppleImageUtilsBlueprintSupport (558)
[2026.04.28-17.06.07:158][ 54]LogModuleManager: Shutting down and abandoning module AppleImageUtils (556)
[2026.04.28-17.06.07:158][ 54]LogModuleManager: Shutting down and abandoning module AndroidPermission (554)
[2026.04.28-17.06.07:158][ 54]LogModuleManager: Shutting down and abandoning module ActorLayerUtilitiesEditor (552)
[2026.04.28-17.06.07:158][ 54]LogModuleManager: Shutting down and abandoning module ActorLayerUtilities (550)
[2026.04.28-17.06.07:158][ 54]LogModuleManager: Shutting down and abandoning module ScreenshotTools (548)
[2026.04.28-17.06.07:158][ 54]LogModuleManager: Shutting down and abandoning module TemplateSequence (546)
[2026.04.28-17.06.07:158][ 54]LogModuleManager: Shutting down and abandoning module MediaCompositing (544)
[2026.04.28-17.06.07:158][ 54]LogModuleManager: Shutting down and abandoning module ImgMedia (542)
[2026.04.28-17.06.07:158][ 54]LogModuleManager: Shutting down and abandoning module MotoSynthEditor (540)
[2026.04.28-17.06.07:158][ 54]LogModuleManager: Shutting down and abandoning module MotoSynth (538)
[2026.04.28-17.06.07:158][ 54]LogModuleManager: Shutting down and abandoning module OpenImageDenoise (536)
[2026.04.28-17.06.07:158][ 54]LogOpenImageDenoise: OIDN shutting down
[2026.04.28-17.06.07:158][ 54]LogModuleManager: Shutting down and abandoning module ChaosNiagara (534)
[2026.04.28-17.06.07:158][ 54]LogModuleManager: Shutting down and abandoning module MeshConversion (532)
[2026.04.28-17.06.07:158][ 54]LogModuleManager: Shutting down and abandoning module DynamicMesh (530)
[2026.04.28-17.06.07:158][ 54]LogModuleManager: Shutting down and abandoning module GeometryAlgorithms (528)
[2026.04.28-17.06.07:158][ 54]LogModuleManager: Shutting down and abandoning module GeometricObjects (526)
[2026.04.28-17.06.07:158][ 54]LogModuleManager: Shutting down and abandoning module FractureEditor (524)
[2026.04.28-17.06.07:158][ 54]LogModuleManager: Shutting down and abandoning module VariantManagerContentEditor (522)
[2026.04.28-17.06.07:158][ 54]LogModuleManager: Shutting down and abandoning module DatasmithContentEditor (520)
[2026.04.28-17.06.07:158][ 54]LogModuleManager: Shutting down and abandoning module GeometryCollectionTracks (518)
[2026.04.28-17.06.07:158][ 54]LogModuleManager: Shutting down and abandoning module GeometryCollectionSequencer (517)
[2026.04.28-17.06.07:158][ 54]LogModuleManager: Shutting down and abandoning module GeometryCollectionEditor (514)
[2026.04.28-17.06.07:158][ 54]LogModuleManager: Shutting down and abandoning module GeometryCacheTracks (512)
[2026.04.28-17.06.07:158][ 54]LogModuleManager: Shutting down and abandoning module GeometryCacheStreamer (510)
[2026.04.28-17.06.07:158][ 54]LogModuleManager: Shutting down and abandoning module GeometryCacheSequencer (508)
[2026.04.28-17.06.07:158][ 54]LogModuleManager: Shutting down and abandoning module MagicLeapSharedWorld (506)
[2026.04.28-17.06.07:158][ 54]LogModuleManager: Shutting down and abandoning module MagicLeapLightEstimation (504)
[2026.04.28-17.06.07:158][ 54]LogModuleManager: Shutting down and abandoning module BackChannel (502)
[2026.04.28-17.06.07:158][ 54]LogModuleManager: Shutting down and abandoning module ChaosSolverEditor (500)
[2026.04.28-17.06.07:158][ 54]LogModuleManager: Shutting down and abandoning module FieldSystemEngine (499)
[2026.04.28-17.06.07:158][ 54]LogModuleManager: Shutting down and abandoning module ChaosClothEditor (496)
[2026.04.28-17.06.07:158][ 54]LogModuleManager: Shutting down and abandoning module AutomationUtilsEditor (494)
[2026.04.28-17.06.07:158][ 54]LogModuleManager: Shutting down and abandoning module AutomationUtils (492)
[2026.04.28-17.06.07:158][ 54]LogModuleManager: Shutting down and abandoning module MagicLeapHelperVulkan (490)
[2026.04.28-17.06.07:158][ 54]LogModuleManager: Shutting down and abandoning module MagicLeapHelperOpenGL (488)
[2026.04.28-17.06.07:158][ 54]LogModuleManager: Shutting down and abandoning module MagicLeapAudio (486)
[2026.04.28-17.06.07:158][ 54]LogModuleManager: Shutting down and abandoning module AlembicImporter (484)
[2026.04.28-17.06.07:158][ 54]LogModuleManager: Shutting down and abandoning module AlembicLibrary (483)
[2026.04.28-17.06.07:158][ 54]LogModuleManager: Shutting down and abandoning module GeometryCache (482)
[2026.04.28-17.06.07:158][ 54]LogModuleManager: Shutting down and abandoning module GeometryCacheEd (481)
[2026.04.28-17.06.07:158][ 54]LogModuleManager: Shutting down and abandoning module NiagaraEditorWidgets (476)
[2026.04.28-17.06.07:158][ 54]LogModuleManager: Shutting down and abandoning module UObjectPlugin (474)
[2026.04.28-17.06.07:158][ 54]LogModuleManager: Shutting down and abandoning module VisualStudioSourceCodeAccess (472)
[2026.04.28-17.06.07:158][ 54]LogModuleManager: Shutting down and abandoning module VisualStudioCodeSourceCodeAccess (470)
[2026.04.28-17.06.07:159][ 54]LogModuleManager: Shutting down and abandoning module SubversionSourceControl (468)
[2026.04.28-17.06.07:159][ 54]LogModuleManager: Shutting down and abandoning module RiderSourceCodeAccess (466)
[2026.04.28-17.06.07:159][ 54]LogModuleManager: Shutting down and abandoning module PluginUtils (464)
[2026.04.28-17.06.07:159][ 54]LogModuleManager: Shutting down and abandoning module PlasticSourceControl (462)
[2026.04.28-17.06.07:159][ 54]LogModuleManager: Shutting down and abandoning module PerforceSourceControl (460)
[2026.04.28-17.06.07:159][ 54]LogModuleManager: Shutting down and abandoning module GitSourceControl (458)
[2026.04.28-17.06.07:159][ 54]LogModuleManager: Shutting down and abandoning module SourceControl (457)
[2026.04.28-17.06.07:159][ 54]LogModuleManager: Shutting down and abandoning module SpeedTreeImporter (454)
[2026.04.28-17.06.07:159][ 54]LogModuleManager: Shutting down and abandoning module CLionSourceCodeAccess (452)
[2026.04.28-17.06.07:159][ 54]LogModuleManager: Shutting down and abandoning module PluginBrowser (450)
[2026.04.28-17.06.07:159][ 54]LogModuleManager: Shutting down and abandoning module MobileLauncherProfileWizard (448)
[2026.04.28-17.06.07:159][ 54]LogModuleManager: Shutting down and abandoning module AnimationSharingEd (446)
[2026.04.28-17.06.07:159][ 54]LogModuleManager: Shutting down and abandoning module MaterialAnalyzer (444)
[2026.04.28-17.06.07:159][ 54]LogModuleManager: Shutting down and abandoning module CryptoKeysOpenSSL (442)
[2026.04.28-17.06.07:159][ 54]LogModuleManager: Shutting down and abandoning module CryptoKeys (440)
[2026.04.28-17.06.07:159][ 54]LogModuleManager: Shutting down and abandoning module CurveEditorTools (438)
[2026.04.28-17.06.07:159][ 54]LogModuleManager: Shutting down and abandoning module OodleNetworkHandlerComponent (436)
[2026.04.28-17.06.07:159][ 54]LogModuleManager: Shutting down and abandoning module LightPropagationVolumeEditor (434)
[2026.04.28-17.06.07:159][ 54]LogModuleManager: Shutting down and abandoning module LiveLinkSequencer (432)
[2026.04.28-17.06.07:159][ 54]LogModuleManager: Shutting down and abandoning module LiveLinkMovieScene (430)
[2026.04.28-17.06.07:159][ 54]LogModuleManager: Shutting down and abandoning module LiveLinkGraphNode (428)
[2026.04.28-17.06.07:159][ 54]LogModuleManager: Shutting down and abandoning module LiveLinkEditor (426)
[2026.04.28-17.06.07:159][ 54]LogModuleManager: Shutting down and abandoning module LiveLinkComponents (424)
[2026.04.28-17.06.07:159][ 54]LogModuleManager: Shutting down and abandoning module LiveLink (422)
[2026.04.28-17.06.07:405][ 54]LogModuleManager: Shutting down and abandoning module PaperTiledImporter (420)
[2026.04.28-17.06.07:405][ 54]LogModuleManager: Shutting down and abandoning module PaperSpriteSheetImporter (418)
[2026.04.28-17.06.07:405][ 54]LogModuleManager: Shutting down and abandoning module Paper2DEditor (416)
[2026.04.28-17.06.07:405][ 54]LogModuleManager: Shutting down and abandoning module MeshPaintingToolset (414)
[2026.04.28-17.06.07:405][ 54]LogModuleManager: Shutting down and abandoning module MeshPaintEditorMode (412)
[2026.04.28-17.06.07:405][ 54]LogModuleManager: Shutting down and abandoning module SoundFields (410)
[2026.04.28-17.06.07:405][ 54]LogModuleManager: Shutting down and abandoning module PropertyAccessEditor (408)
[2026.04.28-17.06.07:405][ 54]LogModuleManager: Shutting down and abandoning module SignificanceManager (406)
[2026.04.28-17.06.07:405][ 54]LogModuleManager: Shutting down and abandoning module RuntimePhysXCooking (404)
[2026.04.28-17.06.07:405][ 54]LogModuleManager: Shutting down and abandoning module PhysXVehiclesEditor (402)
[2026.04.28-17.06.07:405][ 54]LogModuleManager: Shutting down and abandoning module LocationServicesBPLibrary (398)
[2026.04.28-17.06.07:405][ 54]LogModuleManager: Shutting down and abandoning module AudioSynesthesia (396)
[2026.04.28-17.06.07:405][ 54]LogModuleManager: Shutting down and abandoning module AudioSynesthesiaCore (394)
[2026.04.28-17.06.07:405][ 54]LogModuleManager: Shutting down and abandoning module ImgMediaEngine (392)
[2026.04.28-17.06.07:405][ 54]LogModuleManager: Shutting down and abandoning module PythonScriptPlugin (390)
[2026.04.28-17.06.07:405][ 54]LogModuleManager: Shutting down and abandoning module ActorSequence (388)
[2026.04.28-17.06.07:405][ 54]LogModuleManager: Shutting down and abandoning module TcpMessaging (386)
[2026.04.28-17.06.07:506][ 54]LogModuleManager: Shutting down and abandoning module UdpMessaging (384)
[2026.04.28-17.06.07:607][ 54]LogModuleManager: Shutting down and abandoning module MagicLeapARPin (382)
[2026.04.28-17.06.07:607][ 54]LogModuleManager: Shutting down and abandoning module MagicLeapHandMeshing (380)
[2026.04.28-17.06.07:607][ 54]LogModuleManager: Shutting down and abandoning module MagicLeapSecureStorage (378)
[2026.04.28-17.06.07:607][ 54]LogModuleManager: Shutting down and abandoning module MagicLeapPrivileges (376)
[2026.04.28-17.06.07:607][ 54]LogModuleManager: Shutting down and abandoning module MagicLeapPlanes (374)
[2026.04.28-17.06.07:607][ 54]LogMagicLeapPlanes: Planes tracker already destroyed.
[2026.04.28-17.06.07:607][ 54]LogModuleManager: Shutting down and abandoning module MagicLeapImageTracker (372)
[2026.04.28-17.06.07:607][ 54]LogModuleManager: Shutting down and abandoning module MagicLeapIdentity (370)
[2026.04.28-17.06.07:607][ 54]LogModuleManager: Shutting down and abandoning module MagicLeapHandTracking (368)
[2026.04.28-17.06.07:607][ 54]LogModuleManager: Shutting down and abandoning module MagicLeapEyeTracker (366)
[2026.04.28-17.06.07:607][ 54]LogModuleManager: Shutting down and abandoning module MagicLeapController (364)
[2026.04.28-17.06.07:607][ 54]LogModuleManager: Shutting down and abandoning module MagicLeapARPinImpl (362)
[2026.04.28-17.06.07:607][ 54]LogModuleManager: Shutting down and abandoning module MagicLeapAR (360)
[2026.04.28-17.06.07:607][ 54]LogModuleManager: Shutting down and abandoning module NiagaraAnimNotifies (358)
[2026.04.28-17.06.07:607][ 54]LogModuleManager: Shutting down and abandoning module Niagara (356)
[2026.04.28-17.06.07:607][ 54]LogModuleManager: Shutting down and abandoning module SignalProcessing (355)
[2026.04.28-17.06.07:607][ 54]LogModuleManager: Shutting down and abandoning module NiagaraEditor (353)
[2026.04.28-17.06.07:607][ 54]LogModuleManager: Shutting down and abandoning module NiagaraCore (350)
[2026.04.28-17.06.07:607][ 54]LogModuleManager: Shutting down and abandoning module PropertyAccessNode (348)
[2026.04.28-17.06.07:607][ 54]LogModuleManager: Shutting down and abandoning module AnimationSharing (346)
[2026.04.28-17.06.07:607][ 54]LogModuleManager: Shutting down and abandoning module GameplayTagsEditor (344)
[2026.04.28-17.06.07:607][ 54]LogModuleManager: Shutting down and abandoning module FacialAnimationEditor (342)
[2026.04.28-17.06.07:607][ 54]LogModuleManager: Shutting down and abandoning module FacialAnimation (340)
[2026.04.28-17.06.07:607][ 54]LogModuleManager: Shutting down and abandoning module DataValidation (338)
[2026.04.28-17.06.07:607][ 54]LogModuleManager: Shutting down and abandoning module AssetManagerEditor (336)
[2026.04.28-17.06.07:608][ 54]LogModuleManager: Shutting down and abandoning module LevelEditor (335)
[2026.04.28-17.06.07:609][ 54]LogModuleManager: Shutting down and abandoning module PixelInspectorModule (334)
[2026.04.28-17.06.07:609][ 54]LogModuleManager: Shutting down and abandoning module CommonMenuExtensions (332)
[2026.04.28-17.06.07:609][ 54]LogModuleManager: Shutting down and abandoning module MainFrame (330)
[2026.04.28-17.06.07:609][ 54]LogModuleManager: Shutting down and abandoning module HotReload (329)
[2026.04.28-17.06.07:610][ 54]LogModuleManager: Shutting down and abandoning module ToolMenus (325)
[2026.04.28-17.06.07:610][ 54]LogModuleManager: Shutting down and abandoning module ContentBrowser (323)
[2026.04.28-17.06.07:610][ 54]LogModuleManager: Shutting down and abandoning module ContentBrowserData (322)
[2026.04.28-17.06.07:610][ 54]LogModuleManager: Shutting down and abandoning module TreeMap (319)
[2026.04.28-17.06.07:610][ 54]LogModuleManager: Shutting down and abandoning module GameplayCameras (316)
[2026.04.28-17.06.07:610][ 54]LogModuleManager: Shutting down and abandoning module LightPropagationVolumeRuntime (314)
[2026.04.28-17.06.07:610][ 54]LogModuleManager: Shutting down and abandoning module EnvironmentQueryEditor (312)
[2026.04.28-17.06.07:610][ 54]LogModuleManager: Shutting down and abandoning module Paper2D (310)
[2026.04.28-17.06.07:610][ 54]LogModuleManager: Shutting down and abandoning module WindowsMoviePlayer (308)
[2026.04.28-17.06.07:612][ 54]LogModuleManager: Shutting down and abandoning module WebMMoviePlayer (306)
[2026.04.28-17.06.07:612][ 54]LogModuleManager: Shutting down and abandoning module NetworkReplayStreaming (304)
[2026.04.28-17.06.07:612][ 54]LogModuleManager: Shutting down and abandoning module PacketHandler (302)
[2026.04.28-17.06.07:612][ 54]LogModuleManager: Shutting down and abandoning module ClothingSystemEditor (300)
[2026.04.28-17.06.07:612][ 54]LogModuleManager: Shutting down and abandoning module ClothingSystemRuntimeNv (298)
[2026.04.28-17.06.07:612][ 54]LogModuleManager: Shutting down and abandoning module MediaAssets (296)
[2026.04.28-17.06.07:612][ 54]LogModuleManager: Shutting down and abandoning module Overlay (294)
[2026.04.28-17.06.07:612][ 54]LogModuleManager: Shutting down and abandoning module OverlayEditor (293)
[2026.04.28-17.06.07:612][ 54]LogModuleManager: Shutting down and abandoning module VREditor (290)
[2026.04.28-17.06.07:612][ 54]LogModuleManager: Shutting down and abandoning module StringTableEditor (288)
[2026.04.28-17.06.07:612][ 54]LogModuleManager: Shutting down and abandoning module GameplayTasksEditor (286)
[2026.04.28-17.06.07:612][ 54]LogModuleManager: Shutting down and abandoning module BehaviorTreeEditor (284)
[2026.04.28-17.06.07:612][ 54]LogModuleManager: Shutting down and abandoning module FunctionalTesting (282)
[2026.04.28-17.06.07:612][ 54]LogModuleManager: Shutting down and abandoning module CollisionAnalyzer (280)
[2026.04.28-17.06.07:612][ 54]LogModuleManager: Shutting down and abandoning module WorkspaceMenuStructure (279)
[2026.04.28-17.06.07:613][ 54]LogModuleManager: Shutting down and abandoning module UMG (276)
[2026.04.28-17.06.07:613][ 54]LogModuleManager: Shutting down and abandoning module UMGEditor (275)
[2026.04.28-17.06.07:613][ 54]LogModuleManager: Shutting down and abandoning module MessageLog (273)
[2026.04.28-17.06.07:613][ 54]LogModuleManager: Shutting down and abandoning module SlateReflector (268)
[2026.04.28-17.06.07:613][ 54]LogModuleManager: Shutting down and abandoning module Slate (266)
[2026.04.28-17.06.07:613][ 54]LogModuleManager: Shutting down and abandoning module SlateCore (264)
[2026.04.28-17.06.07:614][ 54]LogModuleManager: Shutting down and abandoning module LandscapeEditorUtilities (262)
[2026.04.28-17.06.07:614][ 54]LogModuleManager: Shutting down and abandoning module UnrealEd (260)
[2026.04.28-17.06.07:614][ 54]LogModuleManager: Shutting down and abandoning module MRMesh (258)
[2026.04.28-17.06.07:614][ 54]LogModuleManager: Shutting down and abandoning module SourceCodeAccess (256)
[2026.04.28-17.06.07:614][ 54]LogModuleManager: Shutting down and abandoning module HeadMountedDisplay (254)
[2026.04.28-17.06.07:614][ 54]LogModuleManager: Shutting down and abandoning module XAudio2 (252)
[2026.04.28-17.06.07:614][ 54]LogModuleManager: Shutting down and abandoning module Networking (250)
[2026.04.28-17.06.07:614][ 54]LogModuleManager: Shutting down and abandoning module Core (248)
[2026.04.28-17.06.07:614][ 54]LogModuleManager: Shutting down and abandoning module MaterialEditor (246)
[2026.04.28-17.06.07:614][ 54]LogModuleManager: Shutting down and abandoning module MovieSceneTools (244)
[2026.04.28-17.06.07:614][ 54]LogModuleManager: Shutting down and abandoning module CurveEditor (243)
[2026.04.28-17.06.07:614][ 54]LogModuleManager: Shutting down and abandoning module Sequencer (241)
[2026.04.28-17.06.07:614][ 54]LogModuleManager: Shutting down and abandoning module EditorStyle (240)
[2026.04.28-17.06.07:615][ 54]LogModuleManager: Shutting down and abandoning module KismetCompiler (236)
[2026.04.28-17.06.07:615][ 54]LogModuleManager: Shutting down and abandoning module MeshBuilder (234)
[2026.04.28-17.06.07:615][ 54]LogModuleManager: Shutting down and abandoning module MeshUtilities (232)
[2026.04.28-17.06.07:615][ 54]LogModuleManager: Shutting down and abandoning module MeshMergeUtilities (231)
[2026.04.28-17.06.07:615][ 54]LogModuleManager: Shutting down and abandoning module MeshReductionInterface (230)
[2026.04.28-17.06.07:616][ 54]LogModuleManager: Shutting down and abandoning module MeshBoneReduction (229)
[2026.04.28-17.06.07:616][ 54]LogModuleManager: Shutting down and abandoning module SkeletalMeshReduction (227)
[2026.04.28-17.06.07:616][ 54]LogModuleManager: Shutting down and abandoning module ProxyLODMeshReduction (225)
[2026.04.28-17.06.07:616][ 54]LogModuleManager: Shutting down and abandoning module QuadricMeshReduction (223)
[2026.04.28-17.06.07:616][ 54]LogModuleManager: Shutting down and abandoning module MaterialBaking (219)
[2026.04.28-17.06.07:616][ 54]LogModuleManager: Shutting down and abandoning module NullInstallBundleManager (214)
[2026.04.28-17.06.07:616][ 54]LogModuleManager: Shutting down and abandoning module DerivedDataCache (212)
[2026.04.28-17.06.07:616][ 54]LogModuleManager: Shutting down and abandoning module TargetPlatform (210)
[2026.04.28-17.06.07:616][ 54]LogModuleManager: Shutting down and abandoning module VulkanShaderFormat (209)
[2026.04.28-17.06.07:616][ 54]LogModuleManager: Shutting down and abandoning module ShaderFormatVectorVM (207)
[2026.04.28-17.06.07:616][ 54]LogModuleManager: Shutting down and abandoning module ShaderFormatOpenGL (205)
[2026.04.28-17.06.07:616][ 54]LogModuleManager: Shutting down and abandoning module ShaderFormatD3D (203)
[2026.04.28-17.06.07:616][ 54]LogModuleManager: Shutting down and abandoning module MetalShaderFormat (201)
[2026.04.28-17.06.07:616][ 54]LogModuleManager: Shutting down and abandoning module TextureFormatOodle (199)
[2026.04.28-17.06.07:616][ 54]LogModuleManager: Shutting down and abandoning module TextureFormatUncompressed (197)
[2026.04.28-17.06.07:616][ 54]LogModuleManager: Shutting down and abandoning module TextureFormatPVR (195)
[2026.04.28-17.06.07:616][ 54]LogModuleManager: Shutting down and abandoning module TextureFormatETC2 (193)
[2026.04.28-17.06.07:616][ 54]LogModuleManager: Shutting down and abandoning module TextureFormatDXT (191)
[2026.04.28-17.06.07:616][ 54]LogModuleManager: Shutting down and abandoning module TextureFormatIntelISPCTexComp (189)
[2026.04.28-17.06.07:616][ 54]LogModuleManager: Shutting down and abandoning module TextureFormatASTC (187)
[2026.04.28-17.06.07:616][ 54]LogModuleManager: Shutting down and abandoning module ImageWrapper (186)
[2026.04.28-17.06.07:616][ 54]LogModuleManager: Shutting down and abandoning module AudioFormatOpus (183)
[2026.04.28-17.06.07:616][ 54]LogModuleManager: Shutting down and abandoning module AudioFormatOgg (181)
[2026.04.28-17.06.07:616][ 54]LogModuleManager: Shutting down and abandoning module AudioFormatADPCM (179)
[2026.04.28-17.06.07:616][ 54]LogModuleManager: Shutting down and abandoning module WindowsServerTargetPlatform (177)
[2026.04.28-17.06.07:616][ 54]LogModuleManager: Shutting down and abandoning module WindowsClientTargetPlatform (175)
[2026.04.28-17.06.07:616][ 54]LogModuleManager: Shutting down and abandoning module WindowsTargetPlatform (173)
[2026.04.28-17.06.07:616][ 54]LogModuleManager: Shutting down and abandoning module WindowsNoEditorTargetPlatform (171)
[2026.04.28-17.06.07:616][ 54]LogModuleManager: Shutting down and abandoning module TVOSTargetPlatform (169)
[2026.04.28-17.06.07:617][ 54]LogModuleManager: Shutting down and abandoning module MacServerTargetPlatform (167)
[2026.04.28-17.06.07:617][ 54]LogModuleManager: Shutting down and abandoning module MacClientTargetPlatform (165)
[2026.04.28-17.06.07:617][ 54]LogModuleManager: Shutting down and abandoning module MacTargetPlatform (163)
[2026.04.28-17.06.07:617][ 54]LogModuleManager: Shutting down and abandoning module MacNoEditorTargetPlatform (161)
[2026.04.28-17.06.07:617][ 54]LogModuleManager: Shutting down and abandoning module LuminTargetPlatform (159)
[2026.04.28-17.06.07:617][ 54]LogModuleManager: Shutting down and abandoning module LinuxAArch64ServerTargetPlatform (157)
[2026.04.28-17.06.07:617][ 54]LogModuleManager: Shutting down and abandoning module LinuxAArch64ClientTargetPlatform (155)
[2026.04.28-17.06.07:617][ 54]LogModuleManager: Shutting down and abandoning module LinuxAArch64NoEditorTargetPlatform (153)
[2026.04.28-17.06.07:618][ 54]LogModuleManager: Shutting down and abandoning module LinuxServerTargetPlatform (151)
[2026.04.28-17.06.07:618][ 54]LogModuleManager: Shutting down and abandoning module LinuxClientTargetPlatform (149)
[2026.04.28-17.06.07:618][ 54]LogModuleManager: Shutting down and abandoning module LinuxNoEditorTargetPlatform (147)
[2026.04.28-17.06.07:618][ 54]LogModuleManager: Shutting down and abandoning module LinuxTargetPlatform (145)
[2026.04.28-17.06.07:618][ 54]LogModuleManager: Shutting down and abandoning module Messaging (143)
[2026.04.28-17.06.07:618][ 54]LogModuleManager: Shutting down and abandoning module IOSTargetPlatform (141)
[2026.04.28-17.06.07:618][ 54]LogModuleManager: Shutting down and abandoning module AndroidTargetPlatform (139)
[2026.04.28-17.06.07:622][ 54]LogModuleManager: Shutting down and abandoning module AllDesktopTargetPlatform (137)
[2026.04.28-17.06.07:622][ 54]LogModuleManager: Shutting down and abandoning module D3D12RHI (134)
[2026.04.28-17.06.07:622][ 54]LogModuleManager: Shutting down and abandoning module InputCore (132)
[2026.04.28-17.06.07:622][ 54]LogModuleManager: Shutting down and abandoning module Settings (130)
[2026.04.28-17.06.07:622][ 54]LogModuleManager: Shutting down and abandoning module DirectoryWatcher (128)
[2026.04.28-17.06.07:622][ 54]LogModuleManager: Shutting down and abandoning module PhysXCooking (126)
[2026.04.28-17.06.07:622][ 54]LogModuleManager: Shutting down and abandoning module Chaos (124)
[2026.04.28-17.06.07:622][ 54]LogModuleManager: Shutting down and abandoning module WindowsPlatformFeatures (122)
[2026.04.28-17.06.07:622][ 54]LogModuleManager: Shutting down and abandoning module GameplayMediaEncoder (121)
[2026.04.28-17.06.07:622][ 54]LogModuleManager: Shutting down and abandoning module AVEncoder (120)
[2026.04.28-17.06.07:623][ 54]LogModuleManager: Shutting down and abandoning module SteamVRInputDevice (116)
[2026.04.28-17.06.07:623][ 54]LogModuleManager: Shutting down and abandoning module SteamVRInput (114)
[2026.04.28-17.06.07:623][ 54]LogModuleManager: Shutting down and abandoning module SteamVR (112)
[2026.04.28-17.06.07:623][ 54]LogHMD: Freeing OpenVRDLLHandle.
[2026.04.28-17.06.07:623][ 54]LogModuleManager: Shutting down and abandoning module OculusHMD (110)
[2026.04.28-17.06.07:623][ 54]LogModuleManager: Shutting down and abandoning module OpenXRHandTracking (108)
[2026.04.28-17.06.07:623][ 54]LogSlate: Slate User Destroyed.  User Index 0, Is Virtual User: 0
[2026.04.28-17.06.07:623][ 54]LogModuleManager: Shutting down and abandoning module OpenXREyeTracker (106)
[2026.04.28-17.06.07:623][ 54]LogModuleManager: Shutting down and abandoning module OpenXRAR (104)
[2026.04.28-17.06.07:623][ 54]LogModuleManager: Shutting down and abandoning module AugmentedReality (103)
[2026.04.28-17.06.07:623][ 54]LogModuleManager: Shutting down and abandoning module OpenXRHMD (100)
[2026.04.28-17.06.07:641][ 54]LogModuleManager: Shutting down and abandoning module ExampleDeviceProfileSelector (98)
[2026.04.28-17.06.07:641][ 54]LogModuleManager: Shutting down and abandoning module ChunkDownloader (96)
[2026.04.28-17.06.07:641][ 54]LogModuleManager: Shutting down and abandoning module LauncherChunkInstaller (94)
[2026.04.28-17.06.07:641][ 54]LogModuleManager: Shutting down and abandoning module OnlineBlueprintSupport (92)
[2026.04.28-17.06.07:641][ 54]LogModuleManager: Shutting down and abandoning module OnlineSubsystem (88)
[2026.04.28-17.06.07:642][ 54]LogModuleManager: Shutting down and abandoning module XMPP (83)
[2026.04.28-17.06.07:642][ 54]LogModuleManager: Shutting down and abandoning module WebSockets (82)
[2026.04.28-17.06.07:654][ 54]LogModuleManager: Shutting down and abandoning module HTTP (79)
[2026.04.28-17.06.07:654][ 54]LogHttp: Display: Http module shutting down, but needs to wait on 1 outstanding Http requests:
[2026.04.28-17.06.07:654][ 54]LogHttp: Display: 	verb=[POST] url=[https://datarouter.ol.epicgames.com/datarouter/api/v1/public/data?SessionID=%7B74B93FC3-43A9-D7CB-CE16-858CAF66C5E1%7D&AppID=UEEditor.Rocket.Release&AppVersion=4.27.2-18319896%2B%2B%2BUE4%2BRelease-4.27&UserID=b2f485ad4ea200c5b1e8999a2ddfaa91%7C0dc0f68f5a044e68aeeab0df9940f30c%7Cb761530e-cef3-4431-b2c7-b281c6a3a094&AppEnvironment=datacollector-binary&UploadType=eteventstream] refs=[1] status=Processing
[2026.04.28-17.06.07:654][ 54]LogHttp: Display: cleaning up 1 outstanding Http requests.
[2026.04.28-17.06.07:665][ 54]LogModuleManager: Shutting down and abandoning module SSL (78)
[2026.04.28-17.06.07:667][ 54]LogModuleManager: Shutting down and abandoning module WmfMedia (74)
[2026.04.28-17.06.07:668][ 54]LogModuleManager: Shutting down and abandoning module Media (73)
[2026.04.28-17.06.07:669][ 54]LogModuleManager: Shutting down and abandoning module MediaInfo (72)
[2026.04.28-17.06.07:669][ 54]LogModuleManager: Shutting down and abandoning module ExrReaderGpu (68)
[2026.04.28-17.06.07:669][ 54]LogModuleManager: Shutting down and abandoning module VariantManagerContent (66)
[2026.04.28-17.06.07:669][ 54]LogModuleManager: Shutting down and abandoning module DatasmithContent (64)
[2026.04.28-17.06.07:671][ 54]LogModuleManager: Shutting down and abandoning module ChaosCloth (62)
[2026.04.28-17.06.07:671][ 54]LogModuleManager: Shutting down and abandoning module MLSDK (60)
[2026.04.28-17.06.07:671][ 54]LogModuleManager: Shutting down and abandoning module MagicLeap (58)
[2026.04.28-17.06.07:671][ 54]LogModuleManager: Shutting down and abandoning module NiagaraVertexFactories (56)
[2026.04.28-17.06.07:671][ 54]LogModuleManager: Shutting down and abandoning module NiagaraShader (54)
[2026.04.28-17.06.07:671][ 54]LogModuleManager: Shutting down and abandoning module PixWinPlugin (52)
[2026.04.28-17.06.07:671][ 54]LogModuleManager: Shutting down and abandoning module AISupportModule (50)
[2026.04.28-17.06.07:671][ 54]LogModuleManager: Shutting down and abandoning module DesktopPlatform (48)
[2026.04.28-17.06.07:671][ 54]LogModuleManager: Shutting down and abandoning module PythonScriptPluginPreload (46)
[2026.04.28-17.06.07:671][ 54]LogModuleManager: Shutting down and abandoning module PlatformCryptoOpenSSL (44)
[2026.04.28-17.06.07:671][ 54]LogModuleManager: Shutting down and abandoning module PlatformCryptoTypes (42)
[2026.04.28-17.06.07:671][ 54]LogModuleManager: Shutting down and abandoning module PlatformCrypto (40)
[2026.04.28-17.06.07:671][ 54]LogModuleManager: Shutting down and abandoning module OodleDataCompressionFormat (38)
[2026.04.28-17.06.07:671][ 54]LogModuleManager: Shutting down and abandoning module XGEController (36)
[2026.04.28-17.06.07:671][ 54]LogModuleManager: Shutting down and abandoning module AnimationModifiers (34)
[2026.04.28-17.06.07:671][ 54]LogModuleManager: Shutting down and abandoning module AudioEditor (32)
[2026.04.28-17.06.07:672][ 54]LogModuleManager: Shutting down and abandoning module PropertyEditor (31)
[2026.04.28-17.06.07:672][ 54]LogModuleManager: Shutting down and abandoning module TextureCompressor (28)
[2026.04.28-17.06.07:672][ 54]LogModuleManager: Shutting down and abandoning module RenderCore (26)
[2026.04.28-17.06.07:672][ 54]LogModuleManager: Shutting down and abandoning module Landscape (24)
[2026.04.28-17.06.07:672][ 54]LogModuleManager: Shutting down and abandoning module SlateRHIRenderer (22)
[2026.04.28-17.06.07:672][ 54]LogModuleManager: Shutting down and abandoning module AnimGraphRuntime (20)
[2026.04.28-17.06.07:672][ 54]LogModuleManager: Shutting down and abandoning module Renderer (18)
[2026.04.28-17.06.07:672][ 54]LogModuleManager: Shutting down and abandoning module Engine (16)
[2026.04.28-17.06.07:672][ 54]LogModuleManager: Shutting down and abandoning module CoreUObject (14)
[2026.04.28-17.06.07:672][ 54]LogModuleManager: Shutting down and abandoning module NetworkFile (12)
[2026.04.28-17.06.07:672][ 54]LogModuleManager: Shutting down and abandoning module CookedIterativeFile (10)
[2026.04.28-17.06.07:672][ 54]LogModuleManager: Shutting down and abandoning module StreamingFile (8)
[2026.04.28-17.06.07:672][ 54]LogModuleManager: Shutting down and abandoning module SandboxFile (6)
[2026.04.28-17.06.07:673][ 54]LogModuleManager: Shutting down and abandoning module PakFile (4)
[2026.04.28-17.06.07:673][ 54]LogModuleManager: Shutting down and abandoning module RSA (3)
[2026.04.28-17.06.07:673][ 54]LogContentStreaming: Display: There are 1 unreleased StreamingManagers
[2026.04.28-17.06.07:784][ 54]LogD3D12RHI: Display: D3D12 ReleaseResources: 141 items to release
[2026.04.28-17.06.07:784][ 54]LogD3D12RHI: Display: D3D12 ReleaseResources: "D3D12RHIObjectUniqueName465", 32 x 32 x 1, Mips: 1, Format: 0x5A, Flags: 0x1
[2026.04.28-17.06.07:785][ 54]LogD3D12RHI: Display: D3D12 ReleaseResources: "D3D12RHIObjectUniqueName464", 32 x 32 x 1, Mips: 1, Format: 0x5A, Flags: 0x1
[2026.04.28-17.06.07:785][ 54]LogD3D12RHI: Display: D3D12 ReleaseResources: "D3D12RHIObjectUniqueName463", 32 x 32 x 1, Mips: 1, Format: 0x5A, Flags: 0x1
[2026.04.28-17.06.07:785][ 54]LogD3D12RHI: Display: D3D12 ReleaseResources: "D3D12RHIObjectUniqueName462", 32 x 32 x 1, Mips: 1, Format: 0x5A, Flags: 0x1
[2026.04.28-17.06.07:785][ 54]LogD3D12RHI: Display: D3D12 ReleaseResources: "D3D12RHIObjectUniqueName461", 32 x 32 x 1, Mips: 1, Format: 0x5A, Flags: 0x1
[2026.04.28-17.06.07:785][ 54]LogD3D12RHI: Display: D3D12 ReleaseResources: "D3D12RHIObjectUniqueName460", 32 x 32 x 1, Mips: 1, Format: 0x5A, Flags: 0x1
[2026.04.28-17.06.07:786][ 54]LogD3D12RHI: Display: D3D12 ReleaseResources: "D3D12RHIObjectUniqueName459", 32 x 32 x 1, Mips: 1, Format: 0x5A, Flags: 0x1
[2026.04.28-17.06.07:786][ 54]LogD3D12RHI: Display: D3D12 ReleaseResources: "Scene view state exposure readback", 16 x 1 x 1, Mips: 1, Format: 0x0, Flags: 0x0
[2026.04.28-17.06.07:786][ 54]LogD3D12RHI: Display: D3D12 ReleaseResources: "Scene view state exposure readback", 16 x 1 x 1, Mips: 1, Format: 0x0, Flags: 0x0
[2026.04.28-17.06.07:786][ 54]LogD3D12RHI: Display: D3D12 ReleaseResources: "Scene view state exposure readback", 16 x 1 x 1, Mips: 1, Format: 0x0, Flags: 0x0
[2026.04.28-17.06.07:786][ 54]LogD3D12RHI: Display: D3D12 ReleaseResources: "D3D12RHIObjectUniqueName466", 1207 x 567 x 1, Mips: 1, Format: 0x5A, Flags: 0x1
[2026.04.28-17.06.07:786][ 54]LogD3D12RHI: Display: D3D12 ReleaseResources: "D3D12RHIObjectUniqueName467", 2757852 x 1 x 1, Mips: 1, Format: 0x0, Flags: 0x0
[2026.04.28-17.06.07:787][ 54]LogD3D12RHI: Display: D3D12 ReleaseResources: "D3D12RHIObjectUniqueName503", 256 x 256 x 1, Mips: 1, Format: 0x5A, Flags: 0x1
[2026.04.28-17.06.07:787][ 54]LogD3D12RHI: Display: D3D12 ReleaseResources: "D3D12RHIObjectUniqueName502", 256 x 256 x 1, Mips: 1, Format: 0x5A, Flags: 0x1
[2026.04.28-17.06.07:787][ 54]LogD3D12RHI: Display: D3D12 ReleaseResources: "D3D12RHIObjectUniqueName501", 256 x 256 x 1, Mips: 1, Format: 0x5A, Flags: 0x1
[2026.04.28-17.06.07:787][ 54]LogD3D12RHI: Display: D3D12 ReleaseResources: "D3D12RHIObjectUniqueName500", 256 x 256 x 1, Mips: 1, Format: 0x5A, Flags: 0x1
[2026.04.28-17.06.07:787][ 54]LogD3D12RHI: Display: D3D12 ReleaseResources: "D3D12RHIObjectUniqueName499", 256 x 256 x 1, Mips: 1, Format: 0x5A, Flags: 0x1
[2026.04.28-17.06.07:788][ 54]LogD3D12RHI: Display: D3D12 ReleaseResources: "D3D12RHIObjectUniqueName498", 256 x 256 x 1, Mips: 1, Format: 0x5A, Flags: 0x1
[2026.04.28-17.06.07:788][ 54]LogD3D12RHI: Display: D3D12 ReleaseResources: "D3D12RHIObjectUniqueName497", 256 x 256 x 1, Mips: 1, Format: 0x5A, Flags: 0x1
[2026.04.28-17.06.07:788][ 54]LogD3D12RHI: Display: D3D12 ReleaseResources: "D3D12RHIObjectUniqueName496", 256 x 256 x 1, Mips: 1, Format: 0x5A, Flags: 0x1
[2026.04.28-17.06.07:788][ 54]LogD3D12RHI: Display: D3D12 ReleaseResources: "D3D12RHIObjectUniqueName495", 256 x 256 x 1, Mips: 1, Format: 0x5A, Flags: 0x1
[2026.04.28-17.06.07:788][ 54]LogD3D12RHI: Display: D3D12 ReleaseResources: "D3D12RHIObjectUniqueName494", 256 x 256 x 1, Mips: 1, Format: 0x5A, Flags: 0x1
[2026.04.28-17.06.07:788][ 54]LogD3D12RHI: Display: D3D12 ReleaseResources: "D3D12RHIObjectUniqueName493", 256 x 256 x 1, Mips: 1, Format: 0x5A, Flags: 0x1
[2026.04.28-17.06.07:789][ 54]LogD3D12RHI: Display: D3D12 ReleaseResources: "D3D12RHIObjectUniqueName492", 256 x 256 x 1, Mips: 1, Format: 0x5A, Flags: 0x1
[2026.04.28-17.06.07:789][ 54]LogD3D12RHI: Display: D3D12 ReleaseResources: "D3D12RHIObjectUniqueName491", 256 x 256 x 1, Mips: 1, Format: 0x5A, Flags: 0x1
[2026.04.28-17.06.07:789][ 54]LogD3D12RHI: Display: D3D12 ReleaseResources: "D3D12RHIObjectUniqueName490", 256 x 256 x 1, Mips: 1, Format: 0x5A, Flags: 0x1
[2026.04.28-17.06.07:789][ 54]LogD3D12RHI: Display: D3D12 ReleaseResources: "D3D12RHIObjectUniqueName468", 1207 x 567 x 1, Mips: 1, Format: 0x18, Flags: 0x1
[2026.04.28-17.06.07:789][ 54]LogD3D12RHI: Display: D3D12 ReleaseResources: "HZBResultsCPU", 262144 x 1 x 1, Mips: 1, Format: 0x0, Flags: 0x0
[2026.04.28-17.06.07:789][ 54]LogD3D12RHI: Display: D3D12 ReleaseResources: "HZBResultsCPU", 262144 x 1 x 1, Mips: 1, Format: 0x0, Flags: 0x0
[2026.04.28-17.06.07:790][ 54]LogD3D12RHI: Display: D3D12 ReleaseResources: "HZBResultsCPU", 262144 x 1 x 1, Mips: 1, Format: 0x0, Flags: 0x0
[2026.04.28-17.06.07:790][ 54]LogD3D12RHI: Display: D3D12 ReleaseResources: "HZBResultsCPU", 262144 x 1 x 1, Mips: 1, Format: 0x0, Flags: 0x0
[2026.04.28-17.06.07:790][ 54]LogD3D12RHI: Display: D3D12 ReleaseResources: "HZBResultsCPU", 262144 x 1 x 1, Mips: 1, Format: 0x0, Flags: 0x0
[2026.04.28-17.06.07:790][ 54]LogD3D12RHI: Display: D3D12 ReleaseResources: "PreShadowCacheDepthZ", 4096 x 4096 x 1, Mips: 1, Format: 0x35, Flags: 0x2
[2026.04.28-17.06.07:790][ 54]LogD3D12RHI: Display: D3D12 ReleaseResources: "EyeAdaptation", 1 x 1 x 1, Mips: 1, Format: 0x2, Flags: 0x5
[2026.04.28-17.06.07:790][ 54]LogD3D12RHI: Display: D3D12 ReleaseResources: "CombineLUTs", 32 x 32 x 32, Mips: 1, Format: 0x18, Flags: 0x1
[2026.04.28-17.06.07:791][ 54]LogD3D12RHI: Display: D3D12 ReleaseResources: "EyeAdaptation", 1 x 1 x 1, Mips: 1, Format: 0x2, Flags: 0x5
[2026.04.28-17.06.07:791][ 54]LogD3D12RHI: Display: D3D12 ReleaseResources: "TemporalAA", 1208 x 568 x 1, Mips: 1, Format: 0xA, Flags: 0x4
[2026.04.28-17.06.07:791][ 54]LogD3D12RHI: Display: D3D12 ReleaseResources: "EyeAdaptation", 1 x 1 x 1, Mips: 1, Format: 0x2, Flags: 0x5
[2026.04.28-17.06.07:791][ 54]LogD3D12RHI: Display: D3D12 ReleaseResources: "SceneColor", 1208 x 568 x 1, Mips: 1, Format: 0xA, Flags: 0x1
[2026.04.28-17.06.07:791][ 54]LogD3D12RHI: Display: D3D12 ReleaseResources: "HitProxy", 1208 x 568 x 1, Mips: 1, Format: 0x5A, Flags: 0x1
[2026.04.28-17.06.07:792][ 54]LogD3D12RHI: Display: D3D12 ReleaseResources: "ShadowDepthAtlas", 2048 x 2048 x 1, Mips: 1, Format: 0x35, Flags: 0x2
[2026.04.28-17.06.07:792][ 54]LogD3D12RHI: Display: D3D12 ReleaseResources: "HZBFurthest", 1024 x 512 x 1, Mips: 10, Format: 0x36, Flags: 0x4
[2026.04.28-17.06.07:792][ 54]LogD3D12RHI: Display: D3D12 ReleaseResources: "Velocity", 1208 x 568 x 1, Mips: 1, Format: 0xB, Flags: 0x5
[2026.04.28-17.06.07:792][ 54]LogD3D12RHI: Display: D3D12 ReleaseResources: "EditorPrimitivesColor", 1208 x 568 x 1, Mips: 1, Format: 0x5A, Flags: 0x1
[2026.04.28-17.06.07:792][ 54]LogD3D12RHI: Display: D3D12 ReleaseResources: "EditorPrimitivesDepth", 1208 x 568 x 1, Mips: 1, Format: 0x13, Flags: 0x2
[2026.04.28-17.06.07:792][ 54]LogD3D12RHI: Display: D3D12 ReleaseResources: "AmbientOcclusionSetup", 604 x 284 x 1, Mips: 1, Format: 0xA, Flags: 0x1
[2026.04.28-17.06.07:793][ 54]LogD3D12RHI: Display: D3D12 ReleaseResources: "AmbientOcclusion", 604 x 284 x 1, Mips: 1, Format: 0x5A, Flags: 0x1
[2026.04.28-17.06.07:793][ 54]LogD3D12RHI: Display: D3D12 ReleaseResources: "ShadowMaskTexture", 1208 x 568 x 1, Mips: 1, Format: 0x5A, Flags: 0x1
[2026.04.28-17.06.07:793][ 54]LogD3D12RHI: Display: D3D12 ReleaseResources: "ScreenSpaceReflections", 1208 x 568 x 1, Mips: 1, Format: 0xA, Flags: 0x5
[2026.04.28-17.06.07:793][ 54]LogD3D12RHI: Display: D3D12 ReleaseResources: "SceneColor", 1208 x 568 x 1, Mips: 1, Format: 0xA, Flags: 0x1
[2026.04.28-17.06.07:793][ 54]LogD3D12RHI: Display: D3D12 ReleaseResources: "SeparateTranslucencyColor", 1208 x 568 x 1, Mips: 1, Format: 0xA, Flags: 0x1
[2026.04.28-17.06.07:794][ 54]LogD3D12RHI: Display: D3D12 ReleaseResources: "BloomX", 604 x 284 x 1, Mips: 1, Format: 0x1A, Flags: 0x1
[2026.04.28-17.06.07:794][ 54]LogD3D12RHI: Display: D3D12 ReleaseResources: "BloomX", 302 x 142 x 1, Mips: 1, Format: 0x1A, Flags: 0x1
[2026.04.28-17.06.07:794][ 54]LogD3D12RHI: Display: D3D12 ReleaseResources: "BloomX", 151 x 71 x 1, Mips: 1, Format: 0x1A, Flags: 0x1
[2026.04.28-17.06.07:794][ 54]LogD3D12RHI: Display: D3D12 ReleaseResources: "BloomX", 76 x 36 x 1, Mips: 1, Format: 0x1A, Flags: 0x1
[2026.04.28-17.06.07:794][ 54]LogD3D12RHI: Display: D3D12 ReleaseResources: "BloomX", 38 x 18 x 1, Mips: 1, Format: 0x1A, Flags: 0x1
[2026.04.28-17.06.07:795][ 54]LogD3D12RHI: Display: D3D12 ReleaseResources: "BloomX", 19 x 9 x 1, Mips: 1, Format: 0x1A, Flags: 0x1
[2026.04.28-17.06.07:795][ 54]LogD3D12RHI: Display: D3D12 ReleaseResources: "BloomY", 19 x 9 x 1, Mips: 1, Format: 0x1A, Flags: 0x1
[2026.04.28-17.06.07:795][ 54]LogD3D12RHI: Display: D3D12 ReleaseResources: "BloomY", 38 x 18 x 1, Mips: 1, Format: 0x1A, Flags: 0x1
[2026.04.28-17.06.07:795][ 54]LogD3D12RHI: Display: D3D12 ReleaseResources: "BloomY", 76 x 36 x 1, Mips: 1, Format: 0x1A, Flags: 0x1
[2026.04.28-17.06.07:795][ 54]LogD3D12RHI: Display: D3D12 ReleaseResources: "BloomY", 151 x 71 x 1, Mips: 1, Format: 0x1A, Flags: 0x1
[2026.04.28-17.06.07:795][ 54]LogD3D12RHI: Display: D3D12 ReleaseResources: "BloomY", 302 x 142 x 1, Mips: 1, Format: 0x1A, Flags: 0x1
[2026.04.28-17.06.07:796][ 54]LogD3D12RHI: Display: D3D12 ReleaseResources: "BloomY", 604 x 284 x 1, Mips: 1, Format: 0x1A, Flags: 0x1
[2026.04.28-17.06.07:796][ 54]LogD3D12RHI: Display: D3D12 ReleaseResources: "FXAA", 1208 x 568 x 1, Mips: 1, Format: 0x5A, Flags: 0x1
[2026.04.28-17.06.07:796][ 54]LogD3D12RHI: Display: D3D12 ReleaseResources: "SelectionOutline", 1208 x 568 x 1, Mips: 1, Format: 0x13, Flags: 0x2
[2026.04.28-17.06.07:796][ 54]LogD3D12RHI: Display: D3D12 ReleaseResources: "SelectionOutlineColor", 1208 x 568 x 1, Mips: 1, Format: 0x5A, Flags: 0x1
[2026.04.28-17.06.07:796][ 54]LogD3D12RHI: Display: D3D12 ReleaseResources: "WholeSceneShadowmap", 6144 x 2048 x 1, Mips: 1, Format: 0x35, Flags: 0x2
[2026.04.28-17.06.07:797][ 54]LogD3D12RHI: Display: D3D12 ReleaseResources: "BackBuffer0", 512 x 189 x 1, Mips: 1, Format: 0x18, Flags: 0x1
[2026.04.28-17.06.07:797][ 54]LogD3D12RHI: Display: D3D12 ReleaseResources: "BackBuffer1", 512 x 189 x 1, Mips: 1, Format: 0x18, Flags: 0x1
[2026.04.28-17.06.07:797][ 54]LogD3D12RHI: Display: D3D12 ReleaseResources: "BackBuffer2", 512 x 189 x 1, Mips: 1, Format: 0x18, Flags: 0x1
[2026.04.28-17.06.07:798][ 54]LogD3D12RHI: Display: D3D12 ReleaseResources: "D3D12RHIObjectUniqueName473", 2048 x 2048 x 1, Mips: 1, Format: 0x5A, Flags: 0x0
[2026.04.28-17.06.07:798][ 54]LogD3D12RHI: Display: D3D12 ReleaseResources: "DaylightAmbientCubemap", 512 x 512 x 6, Mips: 10, Format: 0xA, Flags: 0x0
[2026.04.28-17.06.07:798][ 54]LogD3D12RHI: Display: D3D12 ReleaseResources: "ParticleAttributes", 1024 x 1024 x 1, Mips: 1, Format: 0x5A, Flags: 0x1
[2026.04.28-17.06.07:798][ 54]LogD3D12RHI: Display: D3D12 ReleaseResources: "ParticleAttributes", 1024 x 1024 x 1, Mips: 1, Format: 0x5A, Flags: 0x1
[2026.04.28-17.06.07:798][ 54]LogD3D12RHI: Display: D3D12 ReleaseResources: "ParticleStateVelocity", 1024 x 1024 x 1, Mips: 1, Format: 0xA, Flags: 0x1
[2026.04.28-17.06.07:799][ 54]LogD3D12RHI: Display: D3D12 ReleaseResources: "ParticleStatePosition", 1024 x 1024 x 1, Mips: 1, Format: 0x2, Flags: 0x1
[2026.04.28-17.06.07:800][ 54]LogD3D12RHI: Display: D3D12 ReleaseResources: "ParticleStateVelocity", 1024 x 1024 x 1, Mips: 1, Format: 0xA, Flags: 0x1
[2026.04.28-17.06.07:800][ 54]LogD3D12RHI: Display: D3D12 ReleaseResources: "ParticleStatePosition", 1024 x 1024 x 1, Mips: 1, Format: 0x2, Flags: 0x1
[2026.04.28-17.06.07:801][ 54]LogD3D12RHI: Display: D3D12 ReleaseResources: "ParticleAttributes", 1024 x 1024 x 1, Mips: 1, Format: 0x5A, Flags: 0x1
[2026.04.28-17.06.07:801][ 54]LogD3D12RHI: Display: D3D12 ReleaseResources: "ParticleAttributes", 1024 x 1024 x 1, Mips: 1, Format: 0x5A, Flags: 0x1
[2026.04.28-17.06.07:801][ 54]LogD3D12RHI: Display: D3D12 ReleaseResources: "ParticleStateVelocity", 1024 x 1024 x 1, Mips: 1, Format: 0xA, Flags: 0x1
[2026.04.28-17.06.07:802][ 54]LogD3D12RHI: Display: D3D12 ReleaseResources: "ParticleStatePosition", 1024 x 1024 x 1, Mips: 1, Format: 0x2, Flags: 0x1
[2026.04.28-17.06.07:802][ 54]LogD3D12RHI: Display: D3D12 ReleaseResources: "ParticleStateVelocity", 1024 x 1024 x 1, Mips: 1, Format: 0xA, Flags: 0x1
[2026.04.28-17.06.07:803][ 54]LogD3D12RHI: Display: D3D12 ReleaseResources: "ParticleStatePosition", 1024 x 1024 x 1, Mips: 1, Format: 0x2, Flags: 0x1
[2026.04.28-17.06.07:804][ 54]LogD3D12RHI: Display: D3D12 ReleaseResources: "ParticleAttributes", 1024 x 1024 x 1, Mips: 1, Format: 0x5A, Flags: 0x1
[2026.04.28-17.06.07:804][ 54]LogD3D12RHI: Display: D3D12 ReleaseResources: "ParticleAttributes", 1024 x 1024 x 1, Mips: 1, Format: 0x5A, Flags: 0x1
[2026.04.28-17.06.07:805][ 54]LogD3D12RHI: Display: D3D12 ReleaseResources: "ParticleStateVelocity", 1024 x 1024 x 1, Mips: 1, Format: 0xA, Flags: 0x1
[2026.04.28-17.06.07:805][ 54]LogD3D12RHI: Display: D3D12 ReleaseResources: "ParticleStatePosition", 1024 x 1024 x 1, Mips: 1, Format: 0x2, Flags: 0x1
[2026.04.28-17.06.07:805][ 54]LogD3D12RHI: Display: D3D12 ReleaseResources: "ParticleStateVelocity", 1024 x 1024 x 1, Mips: 1, Format: 0xA, Flags: 0x1
[2026.04.28-17.06.07:805][ 54]LogD3D12RHI: Display: D3D12 ReleaseResources: "ParticleStatePosition", 1024 x 1024 x 1, Mips: 1, Format: 0x2, Flags: 0x1
[2026.04.28-17.06.07:807][ 54]LogD3D12RHI: Display: D3D12 ReleaseResources: "DefaultBloomKernel", 2048 x 2048 x 1, Mips: 1, Format: 0xA, Flags: 0x0
[2026.04.28-17.06.07:808][ 54]LogD3D12RHI: Display: D3D12 ReleaseResources: "VolumetricLightmap", 16 x 16 x 16, Mips: 1, Format: 0x1E, Flags: 0x4
[2026.04.28-17.06.07:808][ 54]LogD3D12RHI: Display: D3D12 ReleaseResources: "StencilDummy", 1 x 1 x 1, Mips: 1, Format: 0x1E, Flags: 0x1
[2026.04.28-17.06.07:808][ 54]LogD3D12RHI: Display: D3D12 ReleaseResources: "MidGreyDummy", 1 x 1 x 1, Mips: 1, Format: 0xA, Flags: 0x1
[2026.04.28-17.06.07:808][ 54]LogD3D12RHI: Display: D3D12 ReleaseResources: "ZeroUIntDummy", 1 x 1 x 1, Mips: 1, Format: 0x2A, Flags: 0x1
[2026.04.28-17.06.07:808][ 54]LogD3D12RHI: Display: D3D12 ReleaseResources: "VolumetricBlackDummy", 1 x 1 x 1, Mips: 1, Format: 0x5A, Flags: 0x1
[2026.04.28-17.06.07:809][ 54]LogD3D12RHI: Display: D3D12 ReleaseResources: "DefaultNormal8Bit", 1 x 1 x 1, Mips: 1, Format: 0x5A, Flags: 0x1
[2026.04.28-17.06.07:809][ 54]LogD3D12RHI: Display: D3D12 ReleaseResources: "GreenDummy", 1 x 1 x 1, Mips: 1, Format: 0x5A, Flags: 0x1
[2026.04.28-17.06.07:809][ 54]LogD3D12RHI: Display: D3D12 ReleaseResources: "MaxFP16Depth", 1 x 1 x 1, Mips: 1, Format: 0xA, Flags: 0x1
[2026.04.28-17.06.07:809][ 54]LogD3D12RHI: Display: D3D12 ReleaseResources: "BlackAlphaOneDummy", 1 x 1 x 1, Mips: 1, Format: 0x5A, Flags: 0x1
[2026.04.28-17.06.07:809][ 54]LogD3D12RHI: Display: D3D12 ReleaseResources: "TranslucentVolumeDir2", 64 x 64 x 64, Mips: 1, Format: 0xA, Flags: 0x5
[2026.04.28-17.06.07:809][ 54]LogD3D12RHI: Display: D3D12 ReleaseResources: "TranslucentVolume2", 64 x 64 x 64, Mips: 1, Format: 0xA, Flags: 0x5
[2026.04.28-17.06.07:810][ 54]LogD3D12RHI: Display: D3D12 ReleaseResources: "TranslucentVolumeDir1", 64 x 64 x 64, Mips: 1, Format: 0xA, Flags: 0x5
[2026.04.28-17.06.07:810][ 54]LogD3D12RHI: Display: D3D12 ReleaseResources: "TranslucentVolume1", 64 x 64 x 64, Mips: 1, Format: 0xA, Flags: 0x5
[2026.04.28-17.06.07:810][ 54]LogD3D12RHI: Display: D3D12 ReleaseResources: "TranslucentVolumeDir0", 64 x 64 x 64, Mips: 1, Format: 0xA, Flags: 0x5
[2026.04.28-17.06.07:810][ 54]LogD3D12RHI: Display: D3D12 ReleaseResources: "TranslucentVolume0", 64 x 64 x 64, Mips: 1, Format: 0xA, Flags: 0x5
[2026.04.28-17.06.07:811][ 54]LogD3D12RHI: Display: D3D12 ReleaseResources: "SkySHIrradianceMap", 9 x 1 x 1, Mips: 1, Format: 0xA, Flags: 0x1
[2026.04.28-17.06.07:811][ 54]LogD3D12RHI: Display: D3D12 ReleaseResources: "DiffuseIrradianceScratchCubemap1", 32 x 32 x 6, Mips: 6, Format: 0xA, Flags: 0x1
[2026.04.28-17.06.07:811][ 54]LogD3D12RHI: Display: D3D12 ReleaseResources: "DiffuseIrradianceScratchCubemap0", 32 x 32 x 6, Mips: 6, Format: 0xA, Flags: 0x1
[2026.04.28-17.06.07:811][ 54]LogD3D12RHI: Display: D3D12 ReleaseResources: "ReflectionColorScratchCubemap1", 128 x 128 x 6, Mips: 8, Format: 0xA, Flags: 0x1
[2026.04.28-17.06.07:811][ 54]LogD3D12RHI: Display: D3D12 ReleaseResources: "ReflectionColorScratchCubemap0", 128 x 128 x 6, Mips: 8, Format: 0xA, Flags: 0x1
[2026.04.28-17.06.07:811][ 54]LogD3D12RHI: Display: D3D12 ReleaseResources: "QuadOverdrawBuffer", 1208 x 284 x 1, Mips: 1, Format: 0x2A, Flags: 0x5
[2026.04.28-17.06.07:812][ 54]LogD3D12RHI: Display: D3D12 ReleaseResources: "ScreenSpaceAO", 1208 x 568 x 1, Mips: 1, Format: 0x3D, Flags: 0x5
[2026.04.28-17.06.07:812][ 54]LogD3D12RHI: Display: D3D12 ReleaseResources: "SmallDepthZ", 604 x 284 x 1, Mips: 1, Format: 0x13, Flags: 0x2
[2026.04.28-17.06.07:812][ 54]LogD3D12RHI: Display: D3D12 ReleaseResources: "SmallDepthZ", 604 x 284 x 1, Mips: 1, Format: 0x13, Flags: 0x2
[2026.04.28-17.06.07:812][ 54]LogD3D12RHI: Display: D3D12 ReleaseResources: "PreShadowCacheDepthZ", 4096 x 4096 x 1, Mips: 1, Format: 0x35, Flags: 0x2
[2026.04.28-17.06.07:816][ 54]LogD3D12RHI: Display: D3D12 ReleaseResources: "AtmosphereDeltaJ", 256 x 128 x 32, Mips: 1, Format: 0xA, Flags: 0x1
[2026.04.28-17.06.07:818][ 54]LogD3D12RHI: Display: D3D12 ReleaseResources: "AtmosphereDeltaSM", 256 x 128 x 32, Mips: 1, Format: 0xA, Flags: 0x1
[2026.04.28-17.06.07:818][ 54]LogD3D12RHI: Display: D3D12 ReleaseResources: "AtmosphereDeltaSR", 256 x 128 x 32, Mips: 1, Format: 0xA, Flags: 0x1
[2026.04.28-17.06.07:819][ 54]LogD3D12RHI: Display: D3D12 ReleaseResources: "AtmosphereInscatter", 256 x 128 x 32, Mips: 1, Format: 0xA, Flags: 0x1
[2026.04.28-17.06.07:822][ 54]LogD3D12RHI: Display: D3D12 ReleaseResources: "AtmosphereDeltaE", 64 x 16 x 1, Mips: 1, Format: 0xA, Flags: 0x1
[2026.04.28-17.06.07:822][ 54]LogD3D12RHI: Display: D3D12 ReleaseResources: "AtmosphereIrradiance", 64 x 16 x 1, Mips: 1, Format: 0xA, Flags: 0x1
[2026.04.28-17.06.07:822][ 54]LogD3D12RHI: Display: D3D12 ReleaseResources: "AtmosphereTransmittance", 256 x 64 x 1, Mips: 1, Format: 0xA, Flags: 0x1
[2026.04.28-17.06.07:822][ 54]LogD3D12RHI: Display: D3D12 ReleaseResources: "CombineLUTs", 32 x 32 x 32, Mips: 1, Format: 0x18, Flags: 0x1
[2026.04.28-17.06.07:823][ 54]LogD3D12RHI: Display: D3D12 ReleaseResources: "EyeAdaptation", 1 x 1 x 1, Mips: 1, Format: 0x2, Flags: 0x5
[2026.04.28-17.06.07:823][ 54]LogD3D12RHI: Display: D3D12 ReleaseResources: "EyeAdaptation", 1 x 1 x 1, Mips: 1, Format: 0x2, Flags: 0x5
[2026.04.28-17.06.07:823][ 54]LogD3D12RHI: Display: D3D12 ReleaseResources: "EyeAdaptation", 1 x 1 x 1, Mips: 1, Format: 0x2, Flags: 0x5
[2026.04.28-17.06.07:823][ 54]LogD3D12RHI: Display: D3D12 ReleaseResources: "TemporalAA", 1208 x 568 x 1, Mips: 1, Format: 0xA, Flags: 0x4
[2026.04.28-17.06.07:823][ 54]LogD3D12RHI: Display: D3D12 ReleaseResources: "EyeAdaptation", 1 x 1 x 1, Mips: 1, Format: 0x2, Flags: 0x5
[2026.04.28-17.06.07:824][ 54]LogD3D12RHI: Display: D3D12 ReleaseResources: "CombineLUTs", 32 x 32 x 32, Mips: 1, Format: 0x18, Flags: 0x1
[2026.04.28-17.06.07:824][ 54]LogD3D12RHI: Display: D3D12 ReleaseResources: "EyeAdaptation", 1 x 1 x 1, Mips: 1, Format: 0x2, Flags: 0x5
[2026.04.28-17.06.07:824][ 54]LogD3D12RHI: Display: D3D12 ReleaseResources: "EyeAdaptation", 1 x 1 x 1, Mips: 1, Format: 0x2, Flags: 0x5
[2026.04.28-17.06.07:824][ 54]LogD3D12RHI: Display: D3D12 ReleaseResources: "D3D12RHIObjectUniqueName2", 36 x 1 x 1, Mips: 1, Format: 0x2, Flags: 0x4
[2026.04.28-17.06.07:824][ 54]LogD3D12RHI: Display: D3D12 ReleaseResources: "ParticleCurveTexture", 512 x 512 x 1, Mips: 1, Format: 0x5A, Flags: 0x1
[2026.04.28-17.06.07:824][ 54]LogD3D12RHI: Display: D3D12 ReleaseResources: "ColoredTexture", 1 x 1 x 1, Mips: 1, Format: 0x1B, Flags: 0x4
[2026.04.28-17.06.07:825][ 54]LogD3D12RHI: Display: D3D12 ReleaseResources: "ParticleAttributes", 1024 x 1024 x 1, Mips: 1, Format: 0x5A, Flags: 0x1
[2026.04.28-17.06.07:828][ 54]LogD3D12RHI: Display: D3D12 ReleaseResources: "ParticleAttributes", 1024 x 1024 x 1, Mips: 1, Format: 0x5A, Flags: 0x1
[2026.04.28-17.06.07:828][ 54]LogD3D12RHI: Display: D3D12 ReleaseResources: "ParticleStateVelocity", 1024 x 1024 x 1, Mips: 1, Format: 0xA, Flags: 0x1
[2026.04.28-17.06.07:828][ 54]LogD3D12RHI: Display: D3D12 ReleaseResources: "ParticleStatePosition", 1024 x 1024 x 1, Mips: 1, Format: 0x2, Flags: 0x1
[2026.04.28-17.06.07:829][ 54]LogD3D12RHI: Display: D3D12 ReleaseResources: "ParticleStateVelocity", 1024 x 1024 x 1, Mips: 1, Format: 0xA, Flags: 0x1
[2026.04.28-17.06.07:831][ 54]LogD3D12RHI: Display: D3D12 ReleaseResources: "ParticleStatePosition", 1024 x 1024 x 1, Mips: 1, Format: 0x2, Flags: 0x1
[2026.04.28-17.06.07:882][ 54]LogD3D12RHI: ~FD3D12DynamicRHI
[2026.04.28-17.06.07:882][ 54]LogExit: Exiting.
[2026.04.28-17.06.07:908][ 54]Log file closed, 04/28/26 22:06:07
