Log file open, 04/28/26 08:37:28
LogWindows: Failed to load 'aqProf.dll' (GetLastError=126)
LogWindows: File 'aqProf.dll' does not exist
LogWindows: Failed to load 'VtuneApi.dll' (GetLastError=126)
LogWindows: File 'VtuneApi.dll' does not exist
LogWindows: Failed to load 'VtuneApi32e.dll' (GetLastError=126)
LogWindows: File 'VtuneApi32e.dll' does not exist
LogConsoleResponse: Display: Failed to find resolution value strings in scalability ini. Falling back to default.
LogConsoleResponse: Display: Failed to find resolution value strings in scalability ini. Falling back to default.
LogInit: Display: Running engine for game: UnauticnaCastle
LogPlatformFile: Not using cached read wrapper
LogTaskGraph: Started task graph with 5 named threads and 71 total threads with 3 sets of task threads.
LogStats: Stats thread started at 0.787372
LogICUInternationalization: ICU TimeZone Detection - Raw Offset: +5:00, Platform Override: ''
LogInit: Display: Loading text-based GConfig....
LogPluginManager: Mounting plugin MeshPainting
LogPluginManager: Mounting plugin XGEController
LogPluginManager: Mounting plugin Paper2D
LogPluginManager: Mounting plugin LiveLink
LogPluginManager: Mounting plugin AISupport
LogPluginManager: Mounting plugin EnvironmentQueryEditor
LogPluginManager: Mounting plugin GameplayCameras
LogPluginManager: Mounting plugin CameraShakePreviewer
LogPluginManager: Mounting plugin AnimationSharing
LogPluginManager: Mounting plugin OodleNetwork
LogPluginManager: Mounting plugin Niagara
LogPluginManager: Mounting plugin LightPropagationVolume
LogPluginManager: Mounting plugin OodleData
LogPluginManager: Mounting plugin DatasmithContent
LogPluginManager: Mounting plugin AssetManagerEditor
LogPluginManager: Mounting plugin VariantManagerContent
LogPluginManager: Mounting plugin CurveEditorTools
LogPluginManager: Mounting plugin DataValidation
LogPluginManager: Mounting plugin GameplayTagsEditor
LogPluginManager: Mounting plugin GeometryMode
LogPluginManager: Mounting plugin FacialAnimation
LogPluginManager: Mounting plugin MacGraphicsSwitching
LogPluginManager: Mounting plugin MobileLauncherProfileWizard
LogPluginManager: Mounting plugin CryptoKeys
LogPluginManager: Mounting plugin MaterialAnalyzer
LogPluginManager: Mounting plugin SpeedTreeImporter
LogPluginManager: Mounting plugin PluginBrowser
LogPluginManager: Mounting plugin LuminPlatformFeatures
LogPluginManager: Mounting plugin MagicLeap
LogPluginManager: Mounting plugin MagicLeapMedia
LogPluginManager: Mounting plugin MagicLeapLightEstimation
LogPluginManager: Mounting plugin MagicLeapPassableWorld
LogPluginManager: Mounting plugin AlembicImporter
LogPluginManager: Mounting plugin AutomationUtils
LogPluginManager: Mounting plugin BackChannel
LogPluginManager: Mounting plugin MLSDK
LogPluginManager: Mounting plugin ChaosClothEditor
LogPluginManager: Mounting plugin ChaosEditor
LogPluginManager: Mounting plugin ChaosSolverPlugin
LogPluginManager: Mounting plugin ChaosNiagara
LogPluginManager: Mounting plugin CharacterAI
LogPluginManager: Mounting plugin ChaosCloth
LogPluginManager: Mounting plugin GeometryCache
LogPluginManager: Mounting plugin GeometryCollectionPlugin
LogPluginManager: Mounting plugin TcpMessaging
LogPluginManager: Mounting plugin UdpMessaging
LogPluginManager: Mounting plugin ActorSequence
LogPluginManager: Mounting plugin LevelSequenceEditor
LogPluginManager: Mounting plugin GeometryProcessing
LogPluginManager: Mounting plugin OpenImageDenoise
LogPluginManager: Mounting plugin MotoSynth
LogPluginManager: Mounting plugin TemplateSequence
LogPluginManager: Mounting plugin PlanarCut
LogPluginManager: Mounting plugin PlatformCrypto
LogPluginManager: Mounting plugin MatineeToLevelSequence
LogPluginManager: Mounting plugin ProxyLODPlugin
LogPluginManager: Mounting plugin SkeletalReduction
LogPluginManager: Mounting plugin PythonScriptPlugin
LogPluginManager: Mounting plugin OnlineSubsystem
LogPluginManager: Mounting plugin OnlineSubsystemNull
LogPluginManager: Mounting plugin OnlineSubsystemUtils
LogPluginManager: Mounting plugin AndroidMedia
LogPluginManager: Mounting plugin AvfMedia
LogPluginManager: Mounting plugin ImgMedia
LogPluginManager: Mounting plugin MediaCompositing
LogPluginManager: Mounting plugin MediaPlayerEditor
LogPluginManager: Mounting plugin LauncherChunkInstaller
LogPluginManager: Mounting plugin WmfMedia
LogPluginManager: Mounting plugin WebMMedia
LogPluginManager: Mounting plugin ActorLayerUtilities
LogPluginManager: Mounting plugin ScreenshotTools
LogPluginManager: Mounting plugin AndroidMoviePlayer
LogPluginManager: Mounting plugin AndroidPermission
LogPluginManager: Mounting plugin AppleMoviePlayer
LogPluginManager: Mounting plugin CustomMeshComponent
LogPluginManager: Mounting plugin AudioCapture
LogPluginManager: Mounting plugin CableComponent
LogPluginManager: Mounting plugin ChunkDownloader
LogPluginManager: Mounting plugin AudioSynesthesia
LogPluginManager: Mounting plugin AssetTags
LogPluginManager: Mounting plugin GoogleCloudMessaging
LogPluginManager: Mounting plugin ArchVisCharacter
LogPluginManager: Mounting plugin EditableMesh
LogPluginManager: Mounting plugin AndroidDeviceProfileSelector
LogPluginManager: Mounting plugin AppleImageUtils
LogPluginManager: Mounting plugin IOSDeviceProfileSelector
LogPluginManager: Mounting plugin GooglePAD
LogPluginManager: Mounting plugin ExampleDeviceProfileSelector
LogPluginManager: Mounting plugin LocationServicesBPLibrary
LogPluginManager: Mounting plugin LinuxDeviceProfileSelector
LogPluginManager: Mounting plugin MobilePatchingUtils
LogPluginManager: Mounting plugin OpenXREyeTracker
LogPluginManager: Mounting plugin OpenXR
LogPluginManager: Mounting plugin OpenXRHandTracking
LogPluginManager: Mounting plugin PhysXVehicles
LogPluginManager: Mounting plugin Takes
LogPluginManager: Mounting plugin PostSplashScreen
LogPluginManager: Mounting plugin ProceduralMeshComponent
LogPluginManager: Mounting plugin PropertyAccessEditor
LogPluginManager: Mounting plugin SignificanceManager
LogPluginManager: Mounting plugin RuntimePhysXCooking
LogPluginManager: Mounting plugin SoundFields
LogPluginManager: Mounting plugin WebMMoviePlayer
LogPluginManager: Mounting plugin WindowsMoviePlayer
LogPluginManager: Mounting plugin Synthesis
LogPluginManager: Mounting plugin CLionSourceCodeAccess
LogPluginManager: Mounting plugin CodeLiteSourceCodeAccess
LogPluginManager: Mounting plugin GitSourceControl
LogPluginManager: Mounting plugin KDevelopSourceCodeAccess
LogPluginManager: Mounting plugin NullSourceCodeAccess
LogPluginManager: Mounting plugin PlasticSourceControl
LogPluginManager: Mounting plugin PerforceSourceControl
LogPluginManager: Mounting plugin PixWinPlugin
LogPluginManager: Mounting plugin PropertyAccessNode
LogPluginManager: Mounting plugin PluginUtils
LogPluginManager: Mounting plugin TextureFormatOodle
LogPluginManager: Mounting plugin SubversionSourceControl
LogPluginManager: Mounting plugin RiderSourceCodeAccess
LogPluginManager: Mounting plugin VisualStudioCodeSourceCodeAccess
LogPluginManager: Mounting plugin UObjectPlugin
LogPluginManager: Mounting plugin XCodeSourceCodeAccess
LogPluginManager: Mounting plugin VisualStudioSourceCodeAccess
LogPluginManager: Mounting plugin ContentBrowserAssetDataSource
LogPluginManager: Mounting plugin ContentBrowserClassDataSource
LogPluginManager: Mounting plugin ContentBrowserFileDataSource
LogPluginManager: Mounting plugin OnlineSubsystemGooglePlay
LogPluginManager: Mounting plugin OnlineSubsystemIOS
LogPluginManager: Mounting plugin OculusVR
LogPluginManager: Mounting plugin SteamVR
LogLuminAPIImpl: Warning: MLSDK not found.  This likely means the MLSDK environment variable is not set.
LogInit: Using libcurl 7.55.1-DEV
LogInit:  - built for x86_64-pc-win32
LogInit:  - supports SSL with OpenSSL/1.1.1
LogInit:  - supports HTTP deflate (compression) using libz 1.2.8
LogInit:  - other features:
LogInit:      CURL_VERSION_SSL
LogInit:      CURL_VERSION_LIBZ
LogInit:      CURL_VERSION_IPV6
LogInit:      CURL_VERSION_ASYNCHDNS
LogInit:      CURL_VERSION_LARGEFILE
LogInit:      CURL_VERSION_IDN
LogInit:  CurlRequestOptions (configurable via config and command line):
LogInit:  - bVerifyPeer = true  - Libcurl will verify peer certificate
LogInit:  - bUseHttpProxy = false  - Libcurl will NOT use HTTP proxy
LogInit:  - bDontReuseConnections = false  - Libcurl will reuse connections
LogInit:  - MaxHostConnections = 16  - Libcurl will limit the number of connections to a host
LogInit:  - LocalHostAddr = Default
LogInit:  - BufferSize = 65536
LogOnline: OSS: Creating online subsystem instance for: NULL
LogInit: WinSock: version 1.1 (2.2), MaxSocks=32767, MaxUdp=65467
LogOnline: OSS: TryLoadSubsystemAndSetDefault: Loaded subsystem for module [NULL]
PixWinPlugin: PIX capture plugin failed to initialize! Check that the process is launched from PIX.
LogOculusPluginWrapper: OculusPlugin initialized successfully
LogHMD: Failed initializing OVRPlugin 1.59.0
LogInit: Build: ++UE4+Release-4.27-CL-18319896
LogInit: Engine Version: 4.27.2-18319896+++UE4+Release-4.27
LogInit: Compatible Engine Version: 4.27.0-17155196+++UE4+Release-4.27
LogInit: Net CL: 17155196
LogInit: OS: Windows 10 (Release 2009) (), CPU: Intel(R) Xeon(R) CPU E5-2680 v3 @ 2.50GHz, GPU: AMD Radeon (TM) R9 200 Series
LogInit: Compiled (64-bit): Nov 30 2021 07:12:08
LogInit: Compiled with Visual C++: 19.24.28315.00
LogInit: Build Configuration: Development
LogInit: Branch Name: ++UE4+Release-4.27
LogInit: Command Line: 
LogInit: Base Directory: D:/Games/New Folder/UE_4.27/Engine/Binaries/Win64/
LogInit: Allocator: TBB
LogInit: Installed Engine Build: 1
LogDevObjectVersion: Number of dev versions registered: 29
LogDevObjectVersion:   Dev-Blueprints (B0D832E4-1F89-4F0D-ACCF-7EB736FD4AA2): 10
LogDevObjectVersion:   Dev-Build (E1C64328-A22C-4D53-A36C-8E866417BD8C): 0
LogDevObjectVersion:   Dev-Core (375EC13C-06E4-48FB-B500-84F0262A717E): 4
LogDevObjectVersion:   Dev-Editor (E4B068ED-F494-42E9-A231-DA0B2E46BB41): 40
LogDevObjectVersion:   Dev-Framework (CFFC743F-43B0-4480-9391-14DF171D2073): 37
LogDevObjectVersion:   Dev-Mobile (B02B49B5-BB20-44E9-A304-32B752E40360): 3
LogDevObjectVersion:   Dev-Networking (A4E4105C-59A1-49B5-A7C5-40C4547EDFEE): 0
LogDevObjectVersion:   Dev-Online (39C831C9-5AE6-47DC-9A44-9C173E1C8E7C): 0
LogDevObjectVersion:   Dev-Physics (78F01B33-EBEA-4F98-B9B4-84EACCB95AA2): 14
LogDevObjectVersion:   Dev-Platform (6631380F-2D4D-43E0-8009-CF276956A95A): 0
LogDevObjectVersion:   Dev-Rendering (12F88B9F-8875-4AFC-A67C-D90C383ABD29): 45
LogDevObjectVersion:   Dev-Sequencer (7B5AE74C-D270-4C10-A958-57980B212A5A): 13
LogDevObjectVersion:   Dev-VR (D7296918-1DD6-4BDD-9DE2-64A83CC13884): 3
LogDevObjectVersion:   Dev-LoadTimes (C2A15278-BFE7-4AFE-6C17-90FF531DF755): 1
LogDevObjectVersion:   Private-Geometry (6EACA3D4-40EC-4CC1-B786-8BED09428FC5): 3
LogDevObjectVersion:   Dev-AnimPhys (29E575DD-E0A3-4627-9D10-D276232CDCEA): 17
LogDevObjectVersion:   Dev-Anim (AF43A65D-7FD3-4947-9873-3E8ED9C1BB05): 15
LogDevObjectVersion:   Dev-ReflectionCapture (6B266CEC-1EC7-4B8F-A30B-E4D90942FC07): 1
LogDevObjectVersion:   Dev-Automation (0DF73D61-A23F-47EA-B727-89E90C41499A): 1
LogDevObjectVersion:   FortniteMain (601D1886-AC64-4F84-AA16-D3DE0DEAC7D6): 47
LogDevObjectVersion:   FortniteRelease (E7086368-6B23-4C58-8439-1B7016265E91): 1
LogDevObjectVersion:   Dev-Enterprise (9DFFBCD6-494F-0158-E221-12823C92A888): 10
LogDevObjectVersion:   Dev-Niagara (F2AED0AC-9AFE-416F-8664-AA7FFA26D6FC): 1
LogDevObjectVersion:   Dev-Destruction (174F1F0B-B4C6-45A5-B13F-2EE8D0FB917D): 10
LogDevObjectVersion:   Dev-Physics-Ext (35F94A83-E258-406C-A318-09F59610247C): 41
LogDevObjectVersion:   Dev-PhysicsMaterial-Chaos (B68FC16E-8B1B-42E2-B453-215C058844FE): 1
LogDevObjectVersion:   Dev-CineCamera (B2E18506-4273-CFC2-A54E-F4BB758BBA07): 1
LogDevObjectVersion:   Dev-VirtualProduction (64F58936-FD1B-42BA-BA96-7289D5D0FA4E): 1
LogDevObjectVersion:   Dev-MediaFramework (6F0ED827-A609-4895-9C91-998D90180EA4): 2
LogInit: Presizing for max 25165824 objects, including 0 objects not considered by GC, pre-allocating 0 bytes for permanent pool.
LogConfig: Applying CVar settings from Section [/Script/Engine.StreamingSettings] File [D:/Users/User/Documents/Unreal Projects/UnauticnaCastle/Saved/Config/Windows/Engine.ini]
LogConfig: Setting CVar [[s.MinBulkDataSizeForAsyncLoading:131072]]
LogConfig: Setting CVar [[s.AsyncLoadingThreadEnabled:0]]
LogConfig: Setting CVar [[s.EventDrivenLoaderEnabled:1]]
LogConfig: Setting CVar [[s.WarnIfTimeLimitExceeded:0]]
LogConfig: Setting CVar [[s.TimeLimitExceededMultiplier:1.5]]
LogConfig: Setting CVar [[s.TimeLimitExceededMinTime:0.005]]
LogConfig: Setting CVar [[s.UseBackgroundLevelStreaming:1]]
LogConfig: Setting CVar [[s.PriorityAsyncLoadingExtraTime:15.0]]
LogConfig: Setting CVar [[s.LevelStreamingActorsUpdateTimeLimit:5.0]]
LogConfig: Setting CVar [[s.PriorityLevelStreamingActorsUpdateExtraTime:5.0]]
LogConfig: Setting CVar [[s.LevelStreamingComponentsRegistrationGranularity:10]]
LogConfig: Setting CVar [[s.UnregisterComponentsTimeLimit:1.0]]
LogConfig: Setting CVar [[s.LevelStreamingComponentsUnregistrationGranularity:5]]
LogConfig: Setting CVar [[s.FlushStreamingOnExit:1]]
LogInit: Object subsystem initialized
LogConfig: Setting CVar [[con.DebugEarlyDefault:1]]
LogConfig: Setting CVar [[r.setres:1280x720]]
[2026.04.28-03.37.29:532][  0]LogConfig: Setting CVar [[r.VSync:0]]
[2026.04.28-03.37.29:532][  0]LogConfig: Setting CVar [[r.RHICmdBypass:0]]
[2026.04.28-03.37.29:532][  0]LogConfig: Applying CVar settings from Section [/Script/Engine.RendererSettings] File [D:/Users/User/Documents/Unreal Projects/UnauticnaCastle/Saved/Config/Windows/Engine.ini]
[2026.04.28-03.37.29:532][  0]LogConfig: Setting CVar [[r.GPUCrashDebugging:0]]
[2026.04.28-03.37.29:532][  0]LogConfig: Setting CVar [[r.SkinCache.CompileShaders:1]]
[2026.04.28-03.37.29:532][  0]LogConfig: Setting CVar [[r.RayTracing:1]]
[2026.04.28-03.37.29:532][  0]LogConfig: Applying CVar settings from Section [/Script/Engine.RendererOverrideSettings] File [D:/Users/User/Documents/Unreal Projects/UnauticnaCastle/Saved/Config/Windows/Engine.ini]
[2026.04.28-03.37.29:532][  0]LogConfig: Applying CVar settings from Section [/Script/Engine.StreamingSettings] File [D:/Users/User/Documents/Unreal Projects/UnauticnaCastle/Saved/Config/Windows/Engine.ini]
[2026.04.28-03.37.29:532][  0]LogConfig: Setting CVar [[s.MinBulkDataSizeForAsyncLoading:131072]]
[2026.04.28-03.37.29:532][  0]LogConfig: Setting CVar [[s.AsyncLoadingThreadEnabled:0]]
[2026.04.28-03.37.29:532][  0]LogConfig: Setting CVar [[s.EventDrivenLoaderEnabled:1]]
[2026.04.28-03.37.29:532][  0]LogConfig: Setting CVar [[s.WarnIfTimeLimitExceeded:0]]
[2026.04.28-03.37.29:532][  0]LogConfig: Setting CVar [[s.TimeLimitExceededMultiplier:1.5]]
[2026.04.28-03.37.29:532][  0]LogConfig: Setting CVar [[s.TimeLimitExceededMinTime:0.005]]
[2026.04.28-03.37.29:532][  0]LogConfig: Setting CVar [[s.UseBackgroundLevelStreaming:1]]
[2026.04.28-03.37.29:532][  0]LogConfig: Setting CVar [[s.PriorityAsyncLoadingExtraTime:15.0]]
[2026.04.28-03.37.29:532][  0]LogConfig: Setting CVar [[s.LevelStreamingActorsUpdateTimeLimit:5.0]]
[2026.04.28-03.37.29:532][  0]LogConfig: Setting CVar [[s.PriorityLevelStreamingActorsUpdateExtraTime:5.0]]
[2026.04.28-03.37.29:532][  0]LogConfig: Setting CVar [[s.LevelStreamingComponentsRegistrationGranularity:10]]
[2026.04.28-03.37.29:532][  0]LogConfig: Setting CVar [[s.UnregisterComponentsTimeLimit:1.0]]
[2026.04.28-03.37.29:532][  0]LogConfig: Setting CVar [[s.LevelStreamingComponentsUnregistrationGranularity:5]]
[2026.04.28-03.37.29:532][  0]LogConfig: Setting CVar [[s.FlushStreamingOnExit:1]]
[2026.04.28-03.37.29:533][  0]LogConfig: Applying CVar settings from Section [/Script/Engine.GarbageCollectionSettings] File [D:/Users/User/Documents/Unreal Projects/UnauticnaCastle/Saved/Config/Windows/Engine.ini]
[2026.04.28-03.37.29:533][  0]LogConfig: Setting CVar [[gc.MaxObjectsNotConsideredByGC:1]]
[2026.04.28-03.37.29:533][  0]LogConfig: Setting CVar [[gc.SizeOfPermanentObjectPool:0]]
[2026.04.28-03.37.29:533][  0]LogConfig: Setting CVar [[gc.FlushStreamingOnGC:0]]
[2026.04.28-03.37.29:533][  0]LogConfig: Setting CVar [[gc.NumRetriesBeforeForcingGC:10]]
[2026.04.28-03.37.29:533][  0]LogConfig: Setting CVar [[gc.AllowParallelGC:1]]
[2026.04.28-03.37.29:533][  0]LogConfig: Setting CVar [[gc.TimeBetweenPurgingPendingKillObjects:61.1]]
[2026.04.28-03.37.29:533][  0]LogConfig: Setting CVar [[gc.MaxObjectsInEditor:25165824]]
[2026.04.28-03.37.29:533][  0]LogConfig: Setting CVar [[gc.IncrementalBeginDestroyEnabled:1]]
[2026.04.28-03.37.29:533][  0]LogConfig: Setting CVar [[gc.CreateGCClusters:1]]
[2026.04.28-03.37.29:533][  0]LogConfig: Setting CVar [[gc.MinGCClusterSize:5]]
[2026.04.28-03.37.29:533][  0]LogConfig: Setting CVar [[gc.ActorClusteringEnabled:0]]
[2026.04.28-03.37.29:533][  0]LogConfig: Setting CVar [[gc.BlueprintClusteringEnabled:0]]
[2026.04.28-03.37.29:533][  0]LogConfig: Setting CVar [[gc.UseDisregardForGCOnDedicatedServers:0]]
[2026.04.28-03.37.29:533][  0]LogConfig: Setting CVar [[gc.MultithreadedDestructionEnabled:1]]
[2026.04.28-03.37.29:533][  0]LogConfig: Applying CVar settings from Section [/Script/Engine.NetworkSettings] File [D:/Users/User/Documents/Unreal Projects/UnauticnaCastle/Saved/Config/Windows/Engine.ini]
[2026.04.28-03.37.29:533][  0]LogConfig: Applying CVar settings from Section [/Script/UnrealEd.CookerSettings] File [D:/Users/User/Documents/Unreal Projects/UnauticnaCastle/Saved/Config/Windows/Engine.ini]
[2026.04.28-03.37.29:547][  0]LogConfig: Applying CVar settings from Section [ViewDistanceQuality@3] File [D:/Users/User/Documents/Unreal Projects/UnauticnaCastle/Saved/Config/Windows/Scalability.ini]
[2026.04.28-03.37.29:547][  0]LogConfig: Setting CVar [[r.SkeletalMeshLODBias:0]]
[2026.04.28-03.37.29:547][  0]LogConfig: Setting CVar [[r.ViewDistanceScale:1.0]]
[2026.04.28-03.37.29:547][  0]LogConfig: Applying CVar settings from Section [AntiAliasingQuality@3] File [D:/Users/User/Documents/Unreal Projects/UnauticnaCastle/Saved/Config/Windows/Scalability.ini]
[2026.04.28-03.37.29:547][  0]LogConfig: Setting CVar [[r.PostProcessAAQuality:4]]
[2026.04.28-03.37.29:547][  0]LogConfig: Applying CVar settings from Section [ShadowQuality@3] File [D:/Users/User/Documents/Unreal Projects/UnauticnaCastle/Saved/Config/Windows/Scalability.ini]
[2026.04.28-03.37.29:547][  0]LogConfig: Setting CVar [[r.LightFunctionQuality:1]]
[2026.04.28-03.37.29:547][  0]LogConfig: Setting CVar [[r.ShadowQuality:5]]
[2026.04.28-03.37.29:547][  0]LogConfig: Setting CVar [[r.Shadow.CSM.MaxCascades:10]]
[2026.04.28-03.37.29:547][  0]LogConfig: Setting CVar [[r.Shadow.MaxResolution:2048]]
[2026.04.28-03.37.29:547][  0]LogConfig: Setting CVar [[r.Shadow.MaxCSMResolution:2048]]
[2026.04.28-03.37.29:547][  0]LogConfig: Setting CVar [[r.Shadow.RadiusThreshold:0.01]]
[2026.04.28-03.37.29:547][  0]LogConfig: Setting CVar [[r.Shadow.DistanceScale:1.0]]
[2026.04.28-03.37.29:547][  0]LogConfig: Setting CVar [[r.Shadow.CSM.TransitionScale:1.0]]
[2026.04.28-03.37.29:547][  0]LogConfig: Setting CVar [[r.Shadow.PreShadowResolutionFactor:1.0]]
[2026.04.28-03.37.29:547][  0]LogConfig: Setting CVar [[r.DistanceFieldShadowing:1]]
[2026.04.28-03.37.29:547][  0]LogConfig: Setting CVar [[r.DistanceFieldAO:1]]
[2026.04.28-03.37.29:547][  0]LogConfig: Setting CVar [[r.AOQuality:2]]
[2026.04.28-03.37.29:547][  0]LogConfig: Setting CVar [[r.VolumetricFog:1]]
[2026.04.28-03.37.29:547][  0]LogConfig: Setting CVar [[r.VolumetricFog.GridPixelSize:8]]
[2026.04.28-03.37.29:547][  0]LogConfig: Setting CVar [[r.VolumetricFog.GridSizeZ:128]]
[2026.04.28-03.37.29:547][  0]LogConfig: Setting CVar [[r.VolumetricFog.HistoryMissSupersampleCount:4]]
[2026.04.28-03.37.29:547][  0]LogConfig: Setting CVar [[r.LightMaxDrawDistanceScale:1]]
[2026.04.28-03.37.29:547][  0]LogConfig: Setting CVar [[r.CapsuleShadows:1]]
[2026.04.28-03.37.29:547][  0]LogConfig: Applying CVar settings from Section [PostProcessQuality@3] File [D:/Users/User/Documents/Unreal Projects/UnauticnaCastle/Saved/Config/Windows/Scalability.ini]
[2026.04.28-03.37.29:547][  0]LogConfig: Setting CVar [[r.MotionBlurQuality:4]]
[2026.04.28-03.37.29:547][  0]LogConfig: Setting CVar [[r.AmbientOcclusionMipLevelFactor:0.4]]
[2026.04.28-03.37.29:547][  0]LogConfig: Setting CVar [[r.AmbientOcclusionMaxQuality:100]]
[2026.04.28-03.37.29:547][  0]LogConfig: Setting CVar [[r.AmbientOcclusionLevels:-1]]
[2026.04.28-03.37.29:547][  0]LogConfig: Setting CVar [[r.AmbientOcclusionRadiusScale:1.0]]
[2026.04.28-03.37.29:547][  0]LogConfig: Setting CVar [[r.DepthOfFieldQuality:2]]
[2026.04.28-03.37.29:547][  0]LogConfig: Setting CVar [[r.RenderTargetPoolMin:400]]
[2026.04.28-03.37.29:547][  0]LogConfig: Setting CVar [[r.LensFlareQuality:2]]
[2026.04.28-03.37.29:547][  0]LogConfig: Setting CVar [[r.SceneColorFringeQuality:1]]
[2026.04.28-03.37.29:547][  0]LogConfig: Setting CVar [[r.EyeAdaptationQuality:2]]
[2026.04.28-03.37.29:547][  0]LogConfig: Setting CVar [[r.BloomQuality:5]]
[2026.04.28-03.37.29:547][  0]LogConfig: Setting CVar [[r.FastBlurThreshold:100]]
[2026.04.28-03.37.29:547][  0]LogConfig: Setting CVar [[r.Upscale.Quality:3]]
[2026.04.28-03.37.29:547][  0]LogConfig: Setting CVar [[r.Tonemapper.GrainQuantization:1]]
[2026.04.28-03.37.29:547][  0]LogConfig: Setting CVar [[r.LightShaftQuality:1]]
[2026.04.28-03.37.29:547][  0]LogConfig: Setting CVar [[r.Filter.SizeScale:1]]
[2026.04.28-03.37.29:547][  0]LogConfig: Setting CVar [[r.Tonemapper.Quality:5]]
[2026.04.28-03.37.29:547][  0]LogConfig: Setting CVar [[r.DOF.Gather.AccumulatorQuality:1        ; higher gathering accumulator quality]]
[2026.04.28-03.37.29:547][  0]LogConfig: Setting CVar [[r.DOF.Gather.PostfilterMethod:1          ; Median3x3 postfilering method]]
[2026.04.28-03.37.29:547][  0]LogConfig: Setting CVar [[r.DOF.Gather.EnableBokehSettings:0       ; no bokeh simulation when gathering]]
[2026.04.28-03.37.29:547][  0]LogConfig: Setting CVar [[r.DOF.Gather.RingCount:4                 ; medium number of samples when gathering]]
[2026.04.28-03.37.29:547][  0]LogConfig: Setting CVar [[r.DOF.Scatter.ForegroundCompositing:1    ; additive foreground scattering]]
[2026.04.28-03.37.29:547][  0]LogConfig: Setting CVar [[r.DOF.Scatter.BackgroundCompositing:2    ; additive background scattering]]
[2026.04.28-03.37.29:547][  0]LogConfig: Setting CVar [[r.DOF.Scatter.EnableBokehSettings:1      ; bokeh simulation when scattering]]
[2026.04.28-03.37.29:547][  0]LogConfig: Setting CVar [[r.DOF.Scatter.MaxSpriteRatio:0.1         ; only a maximum of 10% of scattered bokeh]]
[2026.04.28-03.37.29:547][  0]LogConfig: Setting CVar [[r.DOF.Recombine.Quality:1                ; cheap slight out of focus]]
[2026.04.28-03.37.29:547][  0]LogConfig: Setting CVar [[r.DOF.Recombine.EnableBokehSettings:0    ; no bokeh simulation on slight out of focus]]
[2026.04.28-03.37.29:547][  0]LogConfig: Setting CVar [[r.DOF.TemporalAAQuality:1                ; more stable temporal accumulation]]
[2026.04.28-03.37.29:547][  0]LogConfig: Setting CVar [[r.DOF.Kernel.MaxForegroundRadius:0.025]]
[2026.04.28-03.37.29:547][  0]LogConfig: Setting CVar [[r.DOF.Kernel.MaxBackgroundRadius:0.025]]
[2026.04.28-03.37.29:547][  0]LogConfig: Applying CVar settings from Section [TextureQuality@3] File [D:/Users/User/Documents/Unreal Projects/UnauticnaCastle/Saved/Config/Windows/Scalability.ini]
[2026.04.28-03.37.29:547][  0]LogConfig: Setting CVar [[r.Streaming.MipBias:0]]
[2026.04.28-03.37.29:547][  0]LogConfig: Setting CVar [[r.Streaming.AmortizeCPUToGPUCopy:0]]
[2026.04.28-03.37.29:547][  0]LogConfig: Setting CVar [[r.Streaming.MaxNumTexturesToStreamPerFrame:0]]
[2026.04.28-03.37.29:547][  0]LogConfig: Setting CVar [[r.Streaming.Boost:1]]
[2026.04.28-03.37.29:547][  0]LogConfig: Setting CVar [[r.MaxAnisotropy:8]]
[2026.04.28-03.37.29:547][  0]LogConfig: Setting CVar [[r.VT.MaxAnisotropy:8]]
[2026.04.28-03.37.29:547][  0]LogConfig: Setting CVar [[r.Streaming.LimitPoolSizeToVRAM:0]]
[2026.04.28-03.37.29:547][  0]LogConfig: Setting CVar [[r.Streaming.PoolSize:1000]]
[2026.04.28-03.37.29:547][  0]LogConfig: Setting CVar [[r.Streaming.MaxEffectiveScreenSize:0]]
[2026.04.28-03.37.29:548][  0]LogConfig: Applying CVar settings from Section [EffectsQuality@3] File [D:/Users/User/Documents/Unreal Projects/UnauticnaCastle/Saved/Config/Windows/Scalability.ini]
[2026.04.28-03.37.29:548][  0]LogConfig: Setting CVar [[r.TranslucencyLightingVolumeDim:64]]
[2026.04.28-03.37.29:548][  0]LogConfig: Setting CVar [[r.RefractionQuality:2]]
[2026.04.28-03.37.29:548][  0]LogConfig: Setting CVar [[r.SSR.Quality:3]]
[2026.04.28-03.37.29:548][  0]LogConfig: Setting CVar [[r.SSR.HalfResSceneColor:0]]
[2026.04.28-03.37.29:548][  0]LogConfig: Setting CVar [[r.SceneColorFormat:4]]
[2026.04.28-03.37.29:548][  0]LogConfig: Setting CVar [[r.DetailMode:2]]
[2026.04.28-03.37.29:548][  0]LogConfig: Setting CVar [[r.TranslucencyVolumeBlur:1]]
[2026.04.28-03.37.29:548][  0]LogConfig: Setting CVar [[r.MaterialQualityLevel:1 ; High quality]]
[2026.04.28-03.37.29:548][  0]LogConfig: Setting CVar [[r.AnisotropicMaterials:1]]
[2026.04.28-03.37.29:548][  0]LogConfig: Setting CVar [[r.SSS.Scale:1]]
[2026.04.28-03.37.29:548][  0]LogConfig: Setting CVar [[r.SSS.SampleSet:2]]
[2026.04.28-03.37.29:548][  0]LogConfig: Setting CVar [[r.SSS.Quality:1]]
[2026.04.28-03.37.29:548][  0]LogConfig: Setting CVar [[r.SSS.HalfRes:0]]
[2026.04.28-03.37.29:548][  0]LogConfig: Setting CVar [[r.SSGI.Quality:3]]
[2026.04.28-03.37.29:548][  0]LogConfig: Setting CVar [[r.EmitterSpawnRateScale:1.0]]
[2026.04.28-03.37.29:548][  0]LogConfig: Setting CVar [[r.ParticleLightQuality:2]]
[2026.04.28-03.37.29:548][  0]LogConfig: Setting CVar [[r.SkyAtmosphere.AerialPerspectiveLUT.FastApplyOnOpaque:1 ; Always have FastSkyLUT 1 in this case to avoid wrong sky]]
[2026.04.28-03.37.29:548][  0]LogConfig: Setting CVar [[r.SkyAtmosphere.AerialPerspectiveLUT.SampleCountMaxPerSlice:4]]
[2026.04.28-03.37.29:548][  0]LogConfig: Setting CVar [[r.SkyAtmosphere.AerialPerspectiveLUT.DepthResolution:16.0]]
[2026.04.28-03.37.29:548][  0]LogConfig: Setting CVar [[r.SkyAtmosphere.FastSkyLUT:1]]
[2026.04.28-03.37.29:548][  0]LogConfig: Setting CVar [[r.SkyAtmosphere.FastSkyLUT.SampleCountMin:4.0]]
[2026.04.28-03.37.29:548][  0]LogConfig: Setting CVar [[r.SkyAtmosphere.FastSkyLUT.SampleCountMax:128.0]]
[2026.04.28-03.37.29:548][  0]LogConfig: Setting CVar [[r.SkyAtmosphere.SampleCountMin:4.0]]
[2026.04.28-03.37.29:548][  0]LogConfig: Setting CVar [[r.SkyAtmosphere.SampleCountMax:128.0]]
[2026.04.28-03.37.29:548][  0]LogConfig: Setting CVar [[r.SkyAtmosphere.TransmittanceLUT.UseSmallFormat:0]]
[2026.04.28-03.37.29:548][  0]LogConfig: Setting CVar [[r.SkyAtmosphere.TransmittanceLUT.SampleCount:10.0]]
[2026.04.28-03.37.29:548][  0]LogConfig: Setting CVar [[r.SkyAtmosphere.MultiScatteringLUT.SampleCount:15.0]]
[2026.04.28-03.37.29:548][  0]LogConfig: Setting CVar [[r.SkyLight.RealTimeReflectionCapture:1]]
[2026.04.28-03.37.29:548][  0]LogConfig: Applying CVar settings from Section [FoliageQuality@3] File [D:/Users/User/Documents/Unreal Projects/UnauticnaCastle/Saved/Config/Windows/Scalability.ini]
[2026.04.28-03.37.29:548][  0]LogConfig: Setting CVar [[foliage.DensityScale:1.0]]
[2026.04.28-03.37.29:548][  0]LogConfig: Setting CVar [[grass.DensityScale:1.0]]
[2026.04.28-03.37.29:548][  0]LogConfig: Applying CVar settings from Section [ShadingQuality@3] File [D:/Users/User/Documents/Unreal Projects/UnauticnaCastle/Saved/Config/Windows/Scalability.ini]
[2026.04.28-03.37.29:548][  0]LogConfig: Setting CVar [[r.HairStrands.SkyLighting.IntegrationType:2]]
[2026.04.28-03.37.29:548][  0]LogConfig: Setting CVar [[r.HairStrands.SkyAO.SampleCount:4]]
[2026.04.28-03.37.29:548][  0]LogConfig: Setting CVar [[r.HairStrands.Visibility.MSAA.SamplePerPixel:4]]
[2026.04.28-03.37.29:548][  0]LogInit: Selected Device Profile: [Windows]
[2026.04.28-03.37.29:548][  0]LogInit: Applying CVar settings loaded from the selected device profile: [Windows]
[2026.04.28-03.37.29:548][  0]LogHAL: Display: Platform has ~ 32 GB [34260234240 / 34359738368 / 32], which maps to Largest [LargestMinGB=32, LargerMinGB=12, DefaultMinGB=8, SmallerMinGB=6, SmallestMinGB=0)
[2026.04.28-03.37.29:548][  0]LogInit: Going up to parent DeviceProfile []
[2026.04.28-03.37.29:548][  0]LogConfig: Applying CVar settings from Section [ViewDistanceQuality@3] File [D:/Users/User/Documents/Unreal Projects/UnauticnaCastle/Saved/Config/Windows/Scalability.ini]
[2026.04.28-03.37.29:548][  0]LogConfig: Setting CVar [[r.SkeletalMeshLODBias:0]]
[2026.04.28-03.37.29:548][  0]LogConfig: Setting CVar [[r.ViewDistanceScale:1.0]]
[2026.04.28-03.37.29:548][  0]LogConfig: Applying CVar settings from Section [AntiAliasingQuality@3] File [D:/Users/User/Documents/Unreal Projects/UnauticnaCastle/Saved/Config/Windows/Scalability.ini]
[2026.04.28-03.37.29:548][  0]LogConfig: Setting CVar [[r.PostProcessAAQuality:4]]
[2026.04.28-03.37.29:548][  0]LogConfig: Applying CVar settings from Section [ShadowQuality@3] File [D:/Users/User/Documents/Unreal Projects/UnauticnaCastle/Saved/Config/Windows/Scalability.ini]
[2026.04.28-03.37.29:548][  0]LogConfig: Setting CVar [[r.LightFunctionQuality:1]]
[2026.04.28-03.37.29:548][  0]LogConfig: Setting CVar [[r.ShadowQuality:5]]
[2026.04.28-03.37.29:548][  0]LogConfig: Setting CVar [[r.Shadow.CSM.MaxCascades:10]]
[2026.04.28-03.37.29:548][  0]LogConfig: Setting CVar [[r.Shadow.MaxResolution:2048]]
[2026.04.28-03.37.29:548][  0]LogConfig: Setting CVar [[r.Shadow.MaxCSMResolution:2048]]
[2026.04.28-03.37.29:548][  0]LogConfig: Setting CVar [[r.Shadow.RadiusThreshold:0.01]]
[2026.04.28-03.37.29:548][  0]LogConfig: Setting CVar [[r.Shadow.DistanceScale:1.0]]
[2026.04.28-03.37.29:548][  0]LogConfig: Setting CVar [[r.Shadow.CSM.TransitionScale:1.0]]
[2026.04.28-03.37.29:548][  0]LogConfig: Setting CVar [[r.Shadow.PreShadowResolutionFactor:1.0]]
[2026.04.28-03.37.29:548][  0]LogConfig: Setting CVar [[r.DistanceFieldShadowing:1]]
[2026.04.28-03.37.29:548][  0]LogConfig: Setting CVar [[r.DistanceFieldAO:1]]
[2026.04.28-03.37.29:548][  0]LogConfig: Setting CVar [[r.AOQuality:2]]
[2026.04.28-03.37.29:548][  0]LogConfig: Setting CVar [[r.VolumetricFog:1]]
[2026.04.28-03.37.29:548][  0]LogConfig: Setting CVar [[r.VolumetricFog.GridPixelSize:8]]
[2026.04.28-03.37.29:548][  0]LogConfig: Setting CVar [[r.VolumetricFog.GridSizeZ:128]]
[2026.04.28-03.37.29:548][  0]LogConfig: Setting CVar [[r.VolumetricFog.HistoryMissSupersampleCount:4]]
[2026.04.28-03.37.29:548][  0]LogConfig: Setting CVar [[r.LightMaxDrawDistanceScale:1]]
[2026.04.28-03.37.29:548][  0]LogConfig: Setting CVar [[r.CapsuleShadows:1]]
[2026.04.28-03.37.29:549][  0]LogConfig: Applying CVar settings from Section [PostProcessQuality@3] File [D:/Users/User/Documents/Unreal Projects/UnauticnaCastle/Saved/Config/Windows/Scalability.ini]
[2026.04.28-03.37.29:549][  0]LogConfig: Setting CVar [[r.MotionBlurQuality:4]]
[2026.04.28-03.37.29:549][  0]LogConfig: Setting CVar [[r.AmbientOcclusionMipLevelFactor:0.4]]
[2026.04.28-03.37.29:549][  0]LogConfig: Setting CVar [[r.AmbientOcclusionMaxQuality:100]]
[2026.04.28-03.37.29:549][  0]LogConfig: Setting CVar [[r.AmbientOcclusionLevels:-1]]
[2026.04.28-03.37.29:549][  0]LogConfig: Setting CVar [[r.AmbientOcclusionRadiusScale:1.0]]
[2026.04.28-03.37.29:549][  0]LogConfig: Setting CVar [[r.DepthOfFieldQuality:2]]
[2026.04.28-03.37.29:549][  0]LogConfig: Setting CVar [[r.RenderTargetPoolMin:400]]
[2026.04.28-03.37.29:549][  0]LogConfig: Setting CVar [[r.LensFlareQuality:2]]
[2026.04.28-03.37.29:549][  0]LogConfig: Setting CVar [[r.SceneColorFringeQuality:1]]
[2026.04.28-03.37.29:549][  0]LogConfig: Setting CVar [[r.EyeAdaptationQuality:2]]
[2026.04.28-03.37.29:549][  0]LogConfig: Setting CVar [[r.BloomQuality:5]]
[2026.04.28-03.37.29:549][  0]LogConfig: Setting CVar [[r.FastBlurThreshold:100]]
[2026.04.28-03.37.29:549][  0]LogConfig: Setting CVar [[r.Upscale.Quality:3]]
[2026.04.28-03.37.29:549][  0]LogConfig: Setting CVar [[r.Tonemapper.GrainQuantization:1]]
[2026.04.28-03.37.29:549][  0]LogConfig: Setting CVar [[r.LightShaftQuality:1]]
[2026.04.28-03.37.29:549][  0]LogConfig: Setting CVar [[r.Filter.SizeScale:1]]
[2026.04.28-03.37.29:549][  0]LogConfig: Setting CVar [[r.Tonemapper.Quality:5]]
[2026.04.28-03.37.29:549][  0]LogConfig: Setting CVar [[r.DOF.Gather.AccumulatorQuality:1        ; higher gathering accumulator quality]]
[2026.04.28-03.37.29:549][  0]LogConfig: Setting CVar [[r.DOF.Gather.PostfilterMethod:1          ; Median3x3 postfilering method]]
[2026.04.28-03.37.29:549][  0]LogConfig: Setting CVar [[r.DOF.Gather.EnableBokehSettings:0       ; no bokeh simulation when gathering]]
[2026.04.28-03.37.29:549][  0]LogConfig: Setting CVar [[r.DOF.Gather.RingCount:4                 ; medium number of samples when gathering]]
[2026.04.28-03.37.29:549][  0]LogConfig: Setting CVar [[r.DOF.Scatter.ForegroundCompositing:1    ; additive foreground scattering]]
[2026.04.28-03.37.29:549][  0]LogConfig: Setting CVar [[r.DOF.Scatter.BackgroundCompositing:2    ; additive background scattering]]
[2026.04.28-03.37.29:549][  0]LogConfig: Setting CVar [[r.DOF.Scatter.EnableBokehSettings:1      ; bokeh simulation when scattering]]
[2026.04.28-03.37.29:549][  0]LogConfig: Setting CVar [[r.DOF.Scatter.MaxSpriteRatio:0.1         ; only a maximum of 10% of scattered bokeh]]
[2026.04.28-03.37.29:549][  0]LogConfig: Setting CVar [[r.DOF.Recombine.Quality:1                ; cheap slight out of focus]]
[2026.04.28-03.37.29:549][  0]LogConfig: Setting CVar [[r.DOF.Recombine.EnableBokehSettings:0    ; no bokeh simulation on slight out of focus]]
[2026.04.28-03.37.29:549][  0]LogConfig: Setting CVar [[r.DOF.TemporalAAQuality:1                ; more stable temporal accumulation]]
[2026.04.28-03.37.29:549][  0]LogConfig: Setting CVar [[r.DOF.Kernel.MaxForegroundRadius:0.025]]
[2026.04.28-03.37.29:549][  0]LogConfig: Setting CVar [[r.DOF.Kernel.MaxBackgroundRadius:0.025]]
[2026.04.28-03.37.29:549][  0]LogConfig: Applying CVar settings from Section [TextureQuality@3] File [D:/Users/User/Documents/Unreal Projects/UnauticnaCastle/Saved/Config/Windows/Scalability.ini]
[2026.04.28-03.37.29:549][  0]LogConfig: Setting CVar [[r.Streaming.MipBias:0]]
[2026.04.28-03.37.29:549][  0]LogConfig: Setting CVar [[r.Streaming.AmortizeCPUToGPUCopy:0]]
[2026.04.28-03.37.29:549][  0]LogConfig: Setting CVar [[r.Streaming.MaxNumTexturesToStreamPerFrame:0]]
[2026.04.28-03.37.29:549][  0]LogConfig: Setting CVar [[r.Streaming.Boost:1]]
[2026.04.28-03.37.29:549][  0]LogConfig: Setting CVar [[r.MaxAnisotropy:8]]
[2026.04.28-03.37.29:549][  0]LogConfig: Setting CVar [[r.VT.MaxAnisotropy:8]]
[2026.04.28-03.37.29:549][  0]LogConfig: Setting CVar [[r.Streaming.LimitPoolSizeToVRAM:0]]
[2026.04.28-03.37.29:549][  0]LogConfig: Setting CVar [[r.Streaming.PoolSize:1000]]
[2026.04.28-03.37.29:549][  0]LogConfig: Setting CVar [[r.Streaming.MaxEffectiveScreenSize:0]]
[2026.04.28-03.37.29:549][  0]LogConfig: Applying CVar settings from Section [EffectsQuality@3] File [D:/Users/User/Documents/Unreal Projects/UnauticnaCastle/Saved/Config/Windows/Scalability.ini]
[2026.04.28-03.37.29:549][  0]LogConfig: Setting CVar [[r.TranslucencyLightingVolumeDim:64]]
[2026.04.28-03.37.29:549][  0]LogConfig: Setting CVar [[r.RefractionQuality:2]]
[2026.04.28-03.37.29:549][  0]LogConfig: Setting CVar [[r.SSR.Quality:3]]
[2026.04.28-03.37.29:549][  0]LogConfig: Setting CVar [[r.SSR.HalfResSceneColor:0]]
[2026.04.28-03.37.29:549][  0]LogConfig: Setting CVar [[r.SceneColorFormat:4]]
[2026.04.28-03.37.29:549][  0]LogConfig: Setting CVar [[r.DetailMode:2]]
[2026.04.28-03.37.29:549][  0]LogConfig: Setting CVar [[r.TranslucencyVolumeBlur:1]]
[2026.04.28-03.37.29:549][  0]LogConfig: Setting CVar [[r.MaterialQualityLevel:1 ; High quality]]
[2026.04.28-03.37.29:549][  0]LogConfig: Setting CVar [[r.AnisotropicMaterials:1]]
[2026.04.28-03.37.29:549][  0]LogConfig: Setting CVar [[r.SSS.Scale:1]]
[2026.04.28-03.37.29:549][  0]LogConfig: Setting CVar [[r.SSS.SampleSet:2]]
[2026.04.28-03.37.29:549][  0]LogConfig: Setting CVar [[r.SSS.Quality:1]]
[2026.04.28-03.37.29:549][  0]LogConfig: Setting CVar [[r.SSS.HalfRes:0]]
[2026.04.28-03.37.29:549][  0]LogConfig: Setting CVar [[r.SSGI.Quality:3]]
[2026.04.28-03.37.29:549][  0]LogConfig: Setting CVar [[r.EmitterSpawnRateScale:1.0]]
[2026.04.28-03.37.29:549][  0]LogConfig: Setting CVar [[r.ParticleLightQuality:2]]
[2026.04.28-03.37.29:549][  0]LogConfig: Setting CVar [[r.SkyAtmosphere.AerialPerspectiveLUT.FastApplyOnOpaque:1 ; Always have FastSkyLUT 1 in this case to avoid wrong sky]]
[2026.04.28-03.37.29:549][  0]LogConfig: Setting CVar [[r.SkyAtmosphere.AerialPerspectiveLUT.SampleCountMaxPerSlice:4]]
[2026.04.28-03.37.29:549][  0]LogConfig: Setting CVar [[r.SkyAtmosphere.AerialPerspectiveLUT.DepthResolution:16.0]]
[2026.04.28-03.37.29:549][  0]LogConfig: Setting CVar [[r.SkyAtmosphere.FastSkyLUT:1]]
[2026.04.28-03.37.29:549][  0]LogConfig: Setting CVar [[r.SkyAtmosphere.FastSkyLUT.SampleCountMin:4.0]]
[2026.04.28-03.37.29:549][  0]LogConfig: Setting CVar [[r.SkyAtmosphere.FastSkyLUT.SampleCountMax:128.0]]
[2026.04.28-03.37.29:549][  0]LogConfig: Setting CVar [[r.SkyAtmosphere.SampleCountMin:4.0]]
[2026.04.28-03.37.29:549][  0]LogConfig: Setting CVar [[r.SkyAtmosphere.SampleCountMax:128.0]]
[2026.04.28-03.37.29:550][  0]LogConfig: Setting CVar [[r.SkyAtmosphere.TransmittanceLUT.UseSmallFormat:0]]
[2026.04.28-03.37.29:550][  0]LogConfig: Setting CVar [[r.SkyAtmosphere.TransmittanceLUT.SampleCount:10.0]]
[2026.04.28-03.37.29:550][  0]LogConfig: Setting CVar [[r.SkyAtmosphere.MultiScatteringLUT.SampleCount:15.0]]
[2026.04.28-03.37.29:550][  0]LogConfig: Setting CVar [[r.SkyLight.RealTimeReflectionCapture:1]]
[2026.04.28-03.37.29:550][  0]LogConfig: Applying CVar settings from Section [FoliageQuality@3] File [D:/Users/User/Documents/Unreal Projects/UnauticnaCastle/Saved/Config/Windows/Scalability.ini]
[2026.04.28-03.37.29:550][  0]LogConfig: Setting CVar [[foliage.DensityScale:1.0]]
[2026.04.28-03.37.29:550][  0]LogConfig: Setting CVar [[grass.DensityScale:1.0]]
[2026.04.28-03.37.29:550][  0]LogConfig: Applying CVar settings from Section [ShadingQuality@3] File [D:/Users/User/Documents/Unreal Projects/UnauticnaCastle/Saved/Config/Windows/Scalability.ini]
[2026.04.28-03.37.29:550][  0]LogConfig: Setting CVar [[r.HairStrands.SkyLighting.IntegrationType:2]]
[2026.04.28-03.37.29:550][  0]LogConfig: Setting CVar [[r.HairStrands.SkyAO.SampleCount:4]]
[2026.04.28-03.37.29:550][  0]LogConfig: Setting CVar [[r.HairStrands.Visibility.MSAA.SamplePerPixel:4]]
[2026.04.28-03.37.29:550][  0]LogConfig: Applying CVar settings from Section [Startup] File [../../../Engine/Config/ConsoleVariables.ini]
[2026.04.28-03.37.29:550][  0]LogConfig: Setting CVar [[net.UseAdaptiveNetUpdateFrequency:0]]
[2026.04.28-03.37.29:550][  0]LogConfig: Setting CVar [[p.chaos.AllowCreatePhysxBodies:1]]
[2026.04.28-03.37.29:550][  0]LogConfig: Setting CVar [[fx.SkipVectorVMBackendOptimizations:1]]
[2026.04.28-03.37.29:550][  0]LogConfig: Applying CVar settings from Section [ConsoleVariables] File [D:/Users/User/Documents/Unreal Projects/UnauticnaCastle/Saved/Config/Windows/Engine.ini]
[2026.04.28-03.37.29:550][  0]LogConfig: Applying CVar settings from Section [ConsoleVariables] File [D:/Users/User/Documents/Unreal Projects/UnauticnaCastle/Saved/Config/Windows/Editor.ini]
[2026.04.28-03.37.29:550][  0]LogInit: Computer: DESKTOP-VIF02FQ
[2026.04.28-03.37.29:550][  0]LogInit: User: User
[2026.04.28-03.37.29:550][  0]LogInit: CPU Page size=4096, Cores=12
[2026.04.28-03.37.29:550][  0]LogInit: High frequency timer resolution =10.000000 MHz
[2026.04.28-03.37.29:550][  0]LogMemory: Memory total: Physical=31.9GB (32GB approx)
[2026.04.28-03.37.29:550][  0]LogMemory: Platform Memory Stats for Windows
[2026.04.28-03.37.29:550][  0]LogMemory: Process Physical Memory: 151.30 MB used, 151.30 MB peak
[2026.04.28-03.37.29:550][  0]LogMemory: Process Virtual Memory: 135.12 MB used, 135.12 MB peak
[2026.04.28-03.37.29:550][  0]LogMemory: Physical Memory: 24716.34 MB used,  7956.77 MB free, 32673.11 MB total
[2026.04.28-03.37.29:550][  0]LogMemory: Virtual Memory: 134214048.00 MB used,  3683.75 MB free, 134217728.00 MB total
[2026.04.28-03.37.29:561][  0]LogWindows: WindowsPlatformFeatures enabled
[2026.04.28-03.37.29:605][  0]LogInit: Physics initialised using underlying interface: PhysX
[2026.04.28-03.37.29:606][  0]LogInit: Using OS detected language (ru-RU).
[2026.04.28-03.37.29:606][  0]LogInit: Using OS detected locale (ru-RU).
[2026.04.28-03.37.29:609][  0]LogTextLocalizationManager: No specific localization for 'ru-RU' exists, so the 'ru' localization will be used.
[2026.04.28-03.37.29:609][  0]LogTextLocalizationResource: LocRes '../../../Engine/Content/Localization/Editor/ru/Editor.locres' could not be opened for reading!
[2026.04.28-03.37.29:609][  0]LogTextLocalizationResource: LocRes '../../../Engine/Content/Localization/EditorTutorials/ru/EditorTutorials.locres' could not be opened for reading!
[2026.04.28-03.37.29:609][  0]LogTextLocalizationResource: LocRes '../../../Engine/Content/Localization/Keywords/ru/Keywords.locres' could not be opened for reading!
[2026.04.28-03.37.29:609][  0]LogTextLocalizationResource: LocRes '../../../Engine/Content/Localization/Category/ru/Category.locres' could not be opened for reading!
[2026.04.28-03.37.29:609][  0]LogTextLocalizationResource: LocRes '../../../Engine/Content/Localization/ToolTips/ru/ToolTips.locres' could not be opened for reading!
[2026.04.28-03.37.29:610][  0]LogTextLocalizationResource: LocRes '../../../Engine/Content/Localization/PropertyNames/ru/PropertyNames.locres' could not be opened for reading!
[2026.04.28-03.37.29:610][  0]LogTextLocalizationResource: LocRes '../../../Engine/Content/Localization/Engine/ru/Engine.locres' could not be opened for reading!
[2026.04.28-03.37.29:610][  0]LogInit: Setting process to per monitor DPI aware
[2026.04.28-03.37.29:633][  0]LogWindowsTextInputMethodSystem: Display: IME system deactivated.
[2026.04.28-03.37.29:652][  0]LogSlate: New Slate User Created.  User Index 0, Is Virtual User: 0
[2026.04.28-03.37.29:652][  0]LogSlate: Slate User Registered.  User Index 0, Is Virtual User: 0
[2026.04.28-03.37.29:839][  0]LogD3D12RHI: Aftermath initialized
[2026.04.28-03.37.29:865][  0]LogD3D12RHI: Loading WinPixEventRuntime.dll for PIX profiling (from ../../../Engine/Binaries/ThirdParty/Windows/WinPixEventRuntime/x64).
[2026.04.28-03.37.29:917][  0]LogHMD: Failed to initialize OpenVR with code 110
[2026.04.28-03.37.30:059][  0]LogD3D12RHI: Found D3D12 adapter 0: AMD Radeon (TM) R9 200 Series (Max supported Feature Level 11_1)
[2026.04.28-03.37.30:059][  0]LogD3D12RHI: Adapter has 2027MB of dedicated video memory, 0MB of dedicated system memory, and 16336MB of shared system memory, 1 output[s]
[2026.04.28-03.37.30:117][  0]LogD3D12RHI: Found D3D12 adapter 1: Microsoft Basic Render Driver (Max supported Feature Level 12_1)
[2026.04.28-03.37.30:117][  0]LogD3D12RHI: Adapter has 0MB of dedicated video memory, 0MB of dedicated system memory, and 16336MB of shared system memory, 0 output[s]
[2026.04.28-03.37.30:133][  0]LogD3D12RHI: Chosen D3D12 Adapter Id = 0
[2026.04.28-03.37.30:184][  0]LogD3D12RHI: InitD3DDevice: -D3DDebug = off -D3D12GPUValidation = off
[2026.04.28-03.37.30:184][  0]LogD3D12RHI: Emitting draw events for PIX profiling.
[2026.04.28-03.37.30:341][  0]LogD3D12RHI: The system supports ID3D12Device1.
[2026.04.28-03.37.30:341][  0]LogD3D12RHI: The system supports ID3D12Device2.
[2026.04.28-03.37.30:341][  0]LogD3D12RHI: The system supports ID3D12Device5.
[2026.04.28-03.37.30:341][  0]LogD3D12RHI: The system supports ID3D12Device7.
[2026.04.28-03.37.30:372][  0]LogD3D12RHI: [GPUBreadCrumb] Successfully setup breadcrumb resource for 3D Queue 0
[2026.04.28-03.37.30:373][  0]LogD3D12RHI: [GPUBreadCrumb] Successfully setup breadcrumb resource for Copy Queue 0
[2026.04.28-03.37.30:374][  0]LogD3D12RHI: [GPUBreadCrumb] Successfully setup breadcrumb resource for Compute Queue 0
[2026.04.28-03.37.30:397][  0]LogD3D12RHI: Display: Not using pipeline state disk cache per r.D3D12.PSO.DiskCache=0
[2026.04.28-03.37.30:397][  0]LogD3D12RHI: Display: Not using driver-optimized pipeline state disk cache per r.D3D12.PSO.DriverOptimizedDiskCache=0
[2026.04.28-03.37.30:620][  0]LogD3D12RHI:     GPU DeviceId: 0x6811 (for the marketing name, search the web for "GPU Device Id")
[2026.04.28-03.37.30:620][  0]LogWindows: EnumDisplayDevices:
[2026.04.28-03.37.30:620][  0]LogWindows:    0. 'AMD Radeon (TM) R9 200 Series' (P:1 D:1)
[2026.04.28-03.37.30:621][  0]LogWindows:    1. 'AMD Radeon (TM) R9 200 Series' (P:0 D:0)
[2026.04.28-03.37.30:623][  0]LogWindows:    2. 'AMD Radeon (TM) R9 200 Series' (P:0 D:0)
[2026.04.28-03.37.30:624][  0]LogWindows:    3. 'AMD Radeon (TM) R9 200 Series' (P:0 D:0)
[2026.04.28-03.37.30:625][  0]LogWindows:    4. 'AMD Radeon (TM) R9 200 Series' (P:0 D:0)
[2026.04.28-03.37.30:626][  0]LogWindows:    5. 'AMD Radeon (TM) R9 200 Series' (P:0 D:0)
[2026.04.28-03.37.30:627][  0]LogWindows:    6. 'AMD Radeon (TM) R9 200 Series' (P:0 D:0)
[2026.04.28-03.37.30:629][  0]LogWindows:    7. 'AMD Radeon (TM) R9 200 Series' (P:0 D:0)
[2026.04.28-03.37.30:629][  0]LogWindows: DebugString: FoundDriverCount:8 
[2026.04.28-03.37.30:630][  0]LogD3D12RHI:     Adapter Name: AMD Radeon (TM) R9 200 Series
[2026.04.28-03.37.30:630][  0]LogD3D12RHI:   Driver Version: Adrenalin 20.10.35.02 (internal:27.20.1034.6, unified:27.20.1034.6)
[2026.04.28-03.37.30:630][  0]LogD3D12RHI:      Driver Date: 8-21-2020
[2026.04.28-03.37.30:630][  0]LogRHI: Texture pool is 1085 MB (70% of 1551 MB)
[2026.04.28-03.37.30:631][  0]LogD3D12RHI: Async texture creation enabled
[2026.04.28-03.37.30:631][  0]LogD3D12RHI: RHI has support for 64 bit atomics
[2026.04.28-03.38.06:311][  0]LogTargetPlatformManager: Display: Loaded TargetPlatform 'AllDesktop'
[2026.04.28-03.38.06:341][  0]LogTargetPlatformManager: Display: Loaded TargetPlatform 'Android'
[2026.04.28-03.38.06:341][  0]LogTargetPlatformManager: Display: Loaded TargetPlatform 'Android_ASTC'
[2026.04.28-03.38.06:341][  0]LogTargetPlatformManager: Display: Loaded TargetPlatform 'Android_DXT'
[2026.04.28-03.38.06:341][  0]LogTargetPlatformManager: Display: Loaded TargetPlatform 'Android_ETC2'
[2026.04.28-03.38.06:341][  0]LogTargetPlatformManager: Display: Loaded TargetPlatform 'AndroidClient'
[2026.04.28-03.38.06:341][  0]LogTargetPlatformManager: Display: Loaded TargetPlatform 'Android_ASTCClient'
[2026.04.28-03.38.06:341][  0]LogTargetPlatformManager: Display: Loaded TargetPlatform 'Android_DXTClient'
[2026.04.28-03.38.06:341][  0]LogTargetPlatformManager: Display: Loaded TargetPlatform 'Android_ETC2Client'
[2026.04.28-03.38.06:341][  0]LogTargetPlatformManager: Display: Loaded TargetPlatform 'Android_Multi'
[2026.04.28-03.38.06:341][  0]LogTargetPlatformManager: Display: Loaded TargetPlatform 'Android_MultiClient'
[2026.04.28-03.38.06:370][  0]LogTargetPlatformManager: Display: Loaded TargetPlatform 'IOSClient'
[2026.04.28-03.38.06:370][  0]LogTargetPlatformManager: Display: Loaded TargetPlatform 'IOS'
[2026.04.28-03.38.06:384][  0]LogTargetPlatformManager: Display: Loaded TargetPlatform 'Linux'
[2026.04.28-03.38.06:391][  0]LogTargetPlatformManager: Display: Loaded TargetPlatform 'LinuxNoEditor'
[2026.04.28-03.38.06:398][  0]LogTargetPlatformManager: Display: Loaded TargetPlatform 'LinuxClient'
[2026.04.28-03.38.06:405][  0]LogTargetPlatformManager: Display: Loaded TargetPlatform 'LinuxServer'
[2026.04.28-03.38.06:418][  0]LogTargetPlatformManager: Display: Loaded TargetPlatform 'LinuxAArch64NoEditor'
[2026.04.28-03.38.06:428][  0]LogTargetPlatformManager: Display: Loaded TargetPlatform 'LinuxAArch64Client'
[2026.04.28-03.38.06:435][  0]LogTargetPlatformManager: Display: Loaded TargetPlatform 'LinuxAArch64Server'
[2026.04.28-03.38.06:466][  0]LogTargetPlatformManager: Display: Loaded TargetPlatform 'Lumin'
[2026.04.28-03.38.06:466][  0]LogTargetPlatformManager: Display: Loaded TargetPlatform 'LuminClient'
[2026.04.28-03.38.06:477][  0]LogTargetPlatformManager: Display: Loaded TargetPlatform 'MacNoEditor'
[2026.04.28-03.38.06:484][  0]LogTargetPlatformManager: Display: Loaded TargetPlatform 'Mac'
[2026.04.28-03.38.06:490][  0]LogTargetPlatformManager: Display: Loaded TargetPlatform 'MacClient'
[2026.04.28-03.38.06:497][  0]LogTargetPlatformManager: Display: Loaded TargetPlatform 'MacServer'
[2026.04.28-03.38.06:510][  0]LogTargetPlatformManager: Display: Loaded TargetPlatform 'TVOSClient'
[2026.04.28-03.38.06:510][  0]LogTargetPlatformManager: Display: Loaded TargetPlatform 'TVOS'
[2026.04.28-03.38.06:523][  0]LogTargetPlatformManager: Display: Loaded TargetPlatform 'WindowsNoEditor'
[2026.04.28-03.38.06:530][  0]LogTargetPlatformManager: Display: Loaded TargetPlatform 'Windows'
[2026.04.28-03.38.06:537][  0]LogTargetPlatformManager: Display: Loaded TargetPlatform 'WindowsClient'
[2026.04.28-03.38.06:544][  0]LogTargetPlatformManager: Display: Loaded TargetPlatform 'WindowsServer'
[2026.04.28-03.38.06:544][  0]LogTargetPlatformManager: Display: Building Assets For Windows
[2026.04.28-03.38.06:557][  0]LogAudioDebug: Display: Lib vorbis DLL was dynamically loaded.
[2026.04.28-03.38.06:608][  0]LogTextureFormatOodle: Display: Oodle Texture 2.9.0 init RDO Off
[2026.04.28-03.38.06:663][  0]LogRendererCore: Ray tracing is disabled. Reason: not supported by current RHI.
[2026.04.28-03.38.06:664][  0]LogShaderCompilers: Guid format shader working directory is -52 characters bigger than the processId version (../../../../../../Users/User/Documents/Unreal Projects/UnauticnaCastle/Intermediate/Shaders/WorkingDirectory/898044/).
[2026.04.28-03.38.06:664][  0]LogShaderCompilers: Cleaned the shader compiler working directory 'F:/Temp/UnrealShaderWorkingDir/925BC6774F2A707951318BAA10CE4B5F/'.
[2026.04.28-03.38.06:664][  0]LogXGEController: Cannot use XGE Controller as Incredibuild is not installed on this machine.
[2026.04.28-03.38.06:664][  0]LogShaderCompilers: Cannot use XGE Shader Compiler as Incredibuild is not installed on this machine.
[2026.04.28-03.38.06:664][  0]LogShaderCompilers: Display: Using Local Shader Compiler.
[2026.04.28-03.38.07:749][  0]LogDerivedDataCache: Display: Max Cache Size: 512 MB
[2026.04.28-03.38.07:852][  0]LogDerivedDataCache: Loaded boot cache 0.09s 96MB C:/Users/User/AppData/Local/UnrealEngine/4.27/DerivedDataCache/Boot.ddc.
[2026.04.28-03.38.07:852][  0]LogDerivedDataCache: Display: Loaded Boot cache: C:/Users/User/AppData/Local/UnrealEngine/4.27/DerivedDataCache/Boot.ddc
[2026.04.28-03.38.07:852][  0]LogDerivedDataCache: FDerivedDataBackendGraph:  Pak pak cache file ../../../../../../Users/User/Documents/Unreal Projects/UnauticnaCastle/DerivedDataCache/DDC.ddp not found, will not use a pak cache.
[2026.04.28-03.38.07:852][  0]LogDerivedDataCache: Unable to find inner node Pak for hierarchical cache Hierarchy.
[2026.04.28-03.38.07:852][  0]LogDerivedDataCache: FDerivedDataBackendGraph:  CompressedPak pak cache file ../../../../../../Users/User/Documents/Unreal Projects/UnauticnaCastle/DerivedDataCache/Compressed.ddp not found, will not use a pak cache.
[2026.04.28-03.38.07:852][  0]LogDerivedDataCache: Unable to find inner node CompressedPak for hierarchical cache Hierarchy.
[2026.04.28-03.38.07:875][  0]LogDerivedDataCache: Display: Pak cache opened for reading ../../../Engine/DerivedDataCache/Compressed.ddp.
[2026.04.28-03.38.07:875][  0]LogDerivedDataCache: FDerivedDataBackendGraph:  EnterprisePak pak cache file ../../../Enterprise/DerivedDataCache/Compressed.ddp not found, will not use a pak cache.
[2026.04.28-03.38.07:875][  0]LogDerivedDataCache: Unable to find inner node EnterprisePak for hierarchical cache Hierarchy.
[2026.04.28-03.38.07:918][  0]LogDerivedDataCache: Speed tests for C:/Users/User/AppData/Local/UnrealEngine/Common/DerivedDataCache took 0.04 seconds
[2026.04.28-03.38.07:918][  0]LogDerivedDataCache: Display: Performance to C:/Users/User/AppData/Local/UnrealEngine/Common/DerivedDataCache: Latency=0.06ms. RandomReadSpeed=953.92MBs, RandomWriteSpeed=22.74MBs. Assigned SpeedClass 'Local'
[2026.04.28-03.38.07:919][  0]LogDerivedDataCache: Using Local data cache path C:/Users/User/AppData/Local/UnrealEngine/Common/DerivedDataCache: Writable
[2026.04.28-03.38.07:919][  0]LogDerivedDataCache: Shared data cache path not found in *engine.ini, will not use an Shared cache.
[2026.04.28-03.38.07:919][  0]LogDerivedDataCache: Unable to find inner node Shared for hierarchical cache Hierarchy.
[2026.04.28-03.38.10:010][  0]LogShaderCompilers: Display: Submitted 3049 shader compile jobs with 'High' priority
[2026.04.28-03.38.10:010][  0]LogSlate: Using FreeType 2.10.0
[2026.04.28-03.38.10:011][  0]LogSlate: SlateFontServices - WITH_FREETYPE: 1, WITH_HARFBUZZ: 1
[2026.04.28-03.38.10:043][  0]LogShaderCompilers: Display: Worker (1/21): shaders left to compile 3049
[2026.04.28-03.38.10:044][  0]LogShaderCompilers: Display: Worker (2/21): shaders left to compile 3039
[2026.04.28-03.38.10:044][  0]LogShaderCompilers: Display: Worker (3/21): shaders left to compile 3029
[2026.04.28-03.38.10:044][  0]LogShaderCompilers: Display: Worker (4/21): shaders left to compile 3019
[2026.04.28-03.38.10:044][  0]LogShaderCompilers: Display: Worker (5/21): shaders left to compile 3009
[2026.04.28-03.38.10:044][  0]LogShaderCompilers: Display: Worker (6/21): shaders left to compile 2999
[2026.04.28-03.38.10:044][  0]LogShaderCompilers: Display: Worker (7/21): shaders left to compile 2989
[2026.04.28-03.38.10:044][  0]LogShaderCompilers: Display: Worker (8/21): shaders left to compile 2979
[2026.04.28-03.38.10:044][  0]LogShaderCompilers: Display: Worker (9/21): shaders left to compile 2969
[2026.04.28-03.38.10:044][  0]LogShaderCompilers: Display: Worker (10/21): shaders left to compile 2959
[2026.04.28-03.38.10:044][  0]LogShaderCompilers: Display: Worker (11/21): shaders left to compile 2949
[2026.04.28-03.38.10:044][  0]LogShaderCompilers: Display: Worker (12/21): shaders left to compile 2939
[2026.04.28-03.38.10:044][  0]LogShaderCompilers: Display: Worker (13/21): shaders left to compile 2929
[2026.04.28-03.38.10:044][  0]LogShaderCompilers: Display: Worker (14/21): shaders left to compile 2919
[2026.04.28-03.38.10:044][  0]LogShaderCompilers: Display: Worker (15/21): shaders left to compile 2909
[2026.04.28-03.38.10:044][  0]LogShaderCompilers: Display: Worker (16/21): shaders left to compile 2899
[2026.04.28-03.38.10:044][  0]LogShaderCompilers: Display: Worker (17/21): shaders left to compile 2889
[2026.04.28-03.38.10:044][  0]LogShaderCompilers: Display: Worker (18/21): shaders left to compile 2879
[2026.04.28-03.38.10:044][  0]LogShaderCompilers: Display: Worker (19/21): shaders left to compile 2869
[2026.04.28-03.38.10:044][  0]LogShaderCompilers: Display: Worker (20/21): shaders left to compile 2859
[2026.04.28-03.38.10:044][  0]LogShaderCompilers: Display: Worker (21/21): shaders left to compile 2849
[2026.04.28-03.38.10:044][  0]LogShaderCompilers: Display: Started 210 'Local' shader compile jobs with 'High' priority
[2026.04.28-03.38.10:044][  0]LogAssetRegistry: FAssetRegistry took 0.0032 seconds to start up
[2026.04.28-03.38.10:386][  0]LogInit: Selected Device Profile: [Windows]
[2026.04.28-03.38.10:386][  0]LogInit: Active device profile: [0000019E3A938F00][0000019E39BD0800 49] Windows
[2026.04.28-03.38.10:386][  0]LogInit: Profiles: [0000019E3A938F00][0000019E39BD0800 49] Windows, [0000019E3A8FA400][0000019E39BDC980 49] WindowsNoEditor, [0000019E3A939F00][0000019E38470B00 49] WindowsServer, [0000019E3A8F9600][0000019E38474C80 49] WindowsClient, [0000019E3A939000][0000019E3847CE00 49] IOS, [0000019E3A8FBA00][0000019E36F74F80 49] iPadAir, [0000019E3A93B300][0000019E36F79100 49] iPadAir2, [0000019E3A551300][0000019E3997D3C0 49] IPadPro, [0000019E3A551400][0000019E38517400 49] iPadAir3, [0000019E3A8F8B00][0000019E3998B580 49] iPadAir4, [0000019E3A552100][0000019E39AF5700 49] iPadMini2, [0000019E3A8FB400][0000019E39AF9880 49] iPadMini3, [0000019E3A552C00][0000019E39AFDA00 49] iPadMini4, [0000019E3A8FA700][0000019E39B01B80 49] iPadMini5, [0000019E3A5D0E00][0000019E3AFA22C0 49] iPhone6, [0000019E3A5D0F00][0000019E39B04300 49] iPodTouch6, [0000019E3A93A800][0000019E3AFA6540 49] iPhone7, [0000019E3A93A900][0000019E39BD4580 49] iPodTouch7, [0000019E3A550C00][0000019E3AFAA6C0 49] iPhone5S, [0000019E3A939300][0000019E3AFAE800 49] iPhone6Plus, [0000019E3A552A00][0000019E3AFB6980 49] iPhone6S, [0000019E3A93AD00][0000019E3AFBAB00 49] iPhone6SPlus, [0000019E3A5D0100][0000019E3AFBEC80 49] iPhone7Plus, [0000019E3A551D00][0000019E3AFC2E00 49] iPhoneSE, [0000019E3A5D0C00][0000019E3AFC6F80 49] iPhone8, [0000019E3A550400][0000019E3AFCB100 49] iPhone8Plus, [0000019E3A5D2A00][0000019E3AFCF280 49] iPhoneX, [0000019E3A553C00][0000019E3AFD3400 49] iPhoneXS, [0000019E3A5D2900][0000019E3AFD7580 49] iPhoneXSMax, [0000019E3A550B00][0000019E3AFDB700 49] iPhoneXR, [0000019E3A93B800][0000019E3AFDF880 49] iPhone11, [0000019E3A553D00][0000019E3AFE3A00 49] iPhone11Pro, [0000019E3A939C00][0000019E3AFE7B80 49] iPhone11ProMax, [0000019E3A551100][0000019E3AFEA180 49] iPhoneSE2, [0000019E3A939200][0000019E3B000300 49] iPhone12Mini, [0000019E3A553100][0000019E3B004480 49] iPhone12, [0000019E3A938900][0000019E3AFB25C0 49] iPhone12Pro, [0000019E3A550D00][0000019E3B008700 49] iPhone12ProMax, [0000019E3A93BC00][0000019E3B00C840 49] iPadPro105, [0000019E3A553700][0000019E3B010980 49] iPadPro129, [0000019E3A93B000][0000019E3B018B00 49] iPadPro97, [0000019E3A550F00][0000019E3B01CC80 49] iPadPro2_129, [0000019E3A938C00][0000019E3B020E00 49] iPad5, [0000019E3A553B00][0000019E3B024F80 49] iPad6, [0000019E3A938400][0000019E3B029100 49] iPad7, [0000019E3A553E00][0000019E3B02D280 49] iPad8, [0000019E3A939B00][0000019E3B031400 49] iPadPro11, [0000019E3A552400][0000019E3B035580 49] iPadPro2_11, [0000019E3A938800][0000019E3B039700 49] iPadPro3_129, [0000019E3A552800][0000019E3B03D880 49] iPadPro4_129, [0000019E3A93AF00][0000019E3B041A00 49] AppleTV, [0000019E3A551200][0000019E3B045B80 49] AppleTV4K, [0000019E3A939700][0000019E3B048180 49] TVOS, [0000019E3A553600][0000019E3B04C300 49] Mac, [0000019E3A93BA00][0000019E3B050480 49] MacClient, [0000019E3A552500][0000019E3B054600 49] MacNoEditor, [0000019E3A938500][0000019E3B058780 49] MacServer, [0000019E3A552000][0000019E3B0148C0 49] Linux, [0000019E3A93BB00][0000019E3B05CA00 49] LinuxAArch64, [0000019E3A550300][0000019E3B060B40 49] LinuxNoEditor, [0000019E3A93B700][0000019E3B068CC0 49] LinuxAArch64NoEditor, [0000019E3A552600][0000019E3B06CE40 49] LinuxClient, [0000019E3A93A600][0000019E3B070FC0 49] LinuxAArch64Client, [0000019E3A551A00][0000019E3B075140 49] LinuxServer, [0000019E3A938200][0000019E3B0792C0 49] LinuxAArch64Server, [0000019E3A551600][0000019E3B07D440 49] Android, [0000019E3A93A100][0000019E3B0815C0 49] Android_Low, [0000019E3A553800][0000019E3B085740 49] Android_Mid, [0000019E3A938600][0000019E3B0898C0 49] Android_High, [0000019E3A552300][0000019E3B08DA40 49] Android_Default, [0000019E3A93A300][0000019E3B091BC0 49] Android_Adreno4xx, [0000019E3A553000][0000019E3B0941C0 49] Android_Adreno5xx_Low, [0000019E3A93AA00][0000019E3B098340 49] Android_Adreno5xx, [0000019E3A550100][0000019E3B09C4C0 49] Android_Adreno6xx, [0000019E3A938B00][0000019E3B0A0640 49] Android_Adreno6xx_Vulkan, [0000019E3A550A00][0000019E3B0A47C0 49] Android_Mali_T6xx, [0000019E3A938700][0000019E3B0A8940 49] Android_Mali_T7xx, [0000019E3A8F9A00][0000019E3B064A80 49] Android_Mali_T8xx, [0000019E3A5D0300][0000019E3B0ACBC0 49] Android_Mali_G71, [0000019E3A8F8600][0000019E3B0B0D00 49] Android_Mali_G72, [0000019E3A5D1200][0000019E3B0B4E40 49] Android_Mali_G72_Vulkan, [0000019E3A8FBD00][0000019E3B0BCFC0 49] Android_Mali_G76, [0000019E3A5D0700][0000019E3B0C1140 49] Android_Mali_G76_Vulkan, [0000019E3A8FBC00][0000019E3B0C52C0 49] Android_Mali_G77, [0000019E3A5D3B00][0000019E3B0C9440 49] Android_Mali_G77_Vulkan, [0000019E3A8F9B00][0000019E3B0CD5C0 49] Android_Mali_G78, [0000019E3A5D3100][0000019E3B0D1740 49] Android_Mali_G78_Vulkan, [0000019E3A8FB900][0000019E3B0D58C0 49] Android_Mali_G710, [0000019E3A5D2C00][0000019E3B0D9A40 49] Android_Mali_G710_Vulkan, [0000019E3A8FB600][0000019E3B0DDBC0 49] Android_Vulkan_SM5, [0000019E3A5D3800][0000019E3B0E01C0 49] Android_PowerVR_G6xxx, [0000019E3A8F9900][0000019E3B0E4340 49] Android_PowerVR_GT7xxx, [0000019E3A5D1D00][0000019E3B0E84C0 49] Android_PowerVR_GE8xxx, [0000019E3A8FAD00][0000019E3B0EC640 49] Android_PowerVR_GM9xxx, [0000019E3A5D0800][0000019E3B0F07C0 49] Android_PowerVR_GM9xxx_Vulkan, [0000019E3A8F9C00][0000019E3B0F4940 49] Android_TegraK1, [0000019E3A5D1000][0000019E3B0F8AC0 49] Android_Unknown_Vulkan, [0000019E3A8FA300][0000019E3B0B8C00 49] Lumin, [0000019E3A5D3E00][0000019E3B0FCD40 49] Lumin_Desktop, [0000019E3A8FAB00][0000019E3B100E80 49] HoloLens, 
[2026.04.28-03.38.10:529][  0]LogMaterial: Display: Missing cached shadermap for WorldGridMaterial in PCD3D_SM5, Default, SM5 (DDC key hash: ECAA5A1FFEDAED56AE4444EEB36047B8BA8E3B96), compiling. Is special engine material.
[2026.04.28-03.38.11:686][  0]LogShaderCompilers: Display: Submitted 1281 shader compile jobs with 'High' priority
[2026.04.28-03.38.13:931][  0]LogShaderCompilers: Display: Worker (2/21): shaders left to compile 4120
[2026.04.28-03.38.13:931][  0]LogShaderCompilers: Display: Started 10 'Local' shader compile jobs with 'High' priority
[2026.04.28-03.38.13:931][  0]LogShaderCompilers: Display: Worker (4/21): shaders left to compile 4110
[2026.04.28-03.38.13:931][  0]LogShaderCompilers: Display: Started 10 'Local' shader compile jobs with 'High' priority
[2026.04.28-03.38.13:931][  0]LogShaderCompilers: Display: Worker (3/21): shaders left to compile 4100
[2026.04.28-03.38.13:931][  0]LogShaderCompilers: Display: Started 10 'Local' shader compile jobs with 'High' priority
[2026.04.28-03.38.13:931][  0]LogShaderCompilers: Display: Worker (8/21): shaders left to compile 4090
[2026.04.28-03.38.13:931][  0]LogShaderCompilers: Display: Worker (12/21): shaders left to compile 4080
[2026.04.28-03.38.13:931][  0]LogShaderCompilers: Display: Started 20 'Local' shader compile jobs with 'High' priority
[2026.04.28-03.38.13:931][  0]LogShaderCompilers: Display: Worker (6/21): shaders left to compile 4070
[2026.04.28-03.38.13:931][  0]LogShaderCompilers: Display: Started 10 'Local' shader compile jobs with 'High' priority
[2026.04.28-03.38.13:931][  0]LogShaderCompilers: Display: Worker (5/21): shaders left to compile 4060
[2026.04.28-03.38.13:931][  0]LogShaderCompilers: Display: Started 10 'Local' shader compile jobs with 'High' priority
[2026.04.28-03.38.13:931][  0]LogShaderCompilers: Display: Worker (7/21): shaders left to compile 4050
[2026.04.28-03.38.13:931][  0]LogShaderCompilers: Display: Worker (13/21): shaders left to compile 4040
[2026.04.28-03.38.13:931][  0]LogShaderCompilers: Display: Started 20 'Local' shader compile jobs with 'High' priority
[2026.04.28-03.38.13:931][  0]LogShaderCompilers: Display: Worker (14/21): shaders left to compile 4030
[2026.04.28-03.38.13:931][  0]LogShaderCompilers: Display: Started 10 'Local' shader compile jobs with 'High' priority
[2026.04.28-03.38.13:931][  0]LogShaderCompilers: Display: Worker (11/21): shaders left to compile 4020
[2026.04.28-03.38.13:931][  0]LogShaderCompilers: Display: Started 10 'Local' shader compile jobs with 'High' priority
[2026.04.28-03.38.14:492][  0]LogShaderCompilers: Display: Worker (15/21): shaders left to compile 4010
[2026.04.28-03.38.14:492][  0]LogShaderCompilers: Display: Worker (16/21): shaders left to compile 4000
[2026.04.28-03.38.14:492][  0]LogShaderCompilers: Display: Worker (17/21): shaders left to compile 3990
[2026.04.28-03.38.14:492][  0]LogShaderCompilers: Display: Started 30 'Local' shader compile jobs with 'High' priority
[2026.04.28-03.38.14:492][  0]LogShaderCompilers: Display: Worker (9/21): shaders left to compile 3980
[2026.04.28-03.38.14:492][  0]LogShaderCompilers: Display: Worker (10/21): shaders left to compile 3970
[2026.04.28-03.38.14:492][  0]LogShaderCompilers: Display: Started 20 'Local' shader compile jobs with 'High' priority
[2026.04.28-03.38.18:419][  0]LogShaderCompilers: Display: Worker (18/21): shaders left to compile 3960
[2026.04.28-03.38.18:419][  0]LogShaderCompilers: Display: Started 10 'Local' shader compile jobs with 'High' priority
[2026.04.28-03.38.19:541][  0]LogShaderCompilers: Display: Worker (20/21): shaders left to compile 3950
[2026.04.28-03.38.19:541][  0]LogShaderCompilers: Display: Started 10 'Local' shader compile jobs with 'High' priority
[2026.04.28-03.38.19:541][  0]LogShaderCompilers: Display: Worker (1/21): shaders left to compile 3940
[2026.04.28-03.38.19:541][  0]LogShaderCompilers: Display: Worker (2/21): shaders left to compile 3930
[2026.04.28-03.38.19:541][  0]LogShaderCompilers: Display: Worker (3/21): shaders left to compile 3920
[2026.04.28-03.38.19:541][  0]LogShaderCompilers: Display: Worker (7/21): shaders left to compile 3910
[2026.04.28-03.38.19:541][  0]LogShaderCompilers: Display: Worker (12/21): shaders left to compile 3900
[2026.04.28-03.38.19:541][  0]LogShaderCompilers: Display: Started 50 'Local' shader compile jobs with 'High' priority
[2026.04.28-03.38.20:102][  0]LogShaderCompilers: Display: Worker (19/21): shaders left to compile 3890
[2026.04.28-03.38.20:102][  0]LogShaderCompilers: Display: Started 10 'Local' shader compile jobs with 'High' priority
[2026.04.28-03.38.20:102][  0]LogShaderCompilers: Display: Worker (17/21): shaders left to compile 3880
[2026.04.28-03.38.20:102][  0]LogShaderCompilers: Display: Started 10 'Local' shader compile jobs with 'High' priority
[2026.04.28-03.38.20:663][  0]LogShaderCompilers: Display: Worker (4/21): shaders left to compile 3870
[2026.04.28-03.38.20:663][  0]LogShaderCompilers: Display: Started 10 'Local' shader compile jobs with 'High' priority
[2026.04.28-03.38.20:663][  0]LogShaderCompilers: Display: Worker (8/21): shaders left to compile 3860
[2026.04.28-03.38.20:663][  0]LogShaderCompilers: Display: Started 10 'Local' shader compile jobs with 'High' priority
[2026.04.28-03.38.21:224][  0]LogShaderCompilers: Display: Worker (10/21): shaders left to compile 3850
[2026.04.28-03.38.21:224][  0]LogShaderCompilers: Display: Started 10 'Local' shader compile jobs with 'High' priority
[2026.04.28-03.38.21:224][  0]LogShaderCompilers: Display: Worker (11/21): shaders left to compile 3840
[2026.04.28-03.38.21:224][  0]LogShaderCompilers: Display: Started 10 'Local' shader compile jobs with 'High' priority
[2026.04.28-03.38.22:346][  0]LogShaderCompilers: Display: Worker (16/21): shaders left to compile 3830
[2026.04.28-03.38.22:346][  0]LogShaderCompilers: Display: Started 10 'Local' shader compile jobs with 'High' priority
[2026.04.28-03.38.22:907][  0]LogShaderCompilers: Display: Worker (9/21): shaders left to compile 3820
[2026.04.28-03.38.22:907][  0]LogShaderCompilers: Display: Started 10 'Local' shader compile jobs with 'High' priority
[2026.04.28-03.38.22:907][  0]LogShaderCompilers: Display: Worker (6/21): shaders left to compile 3810
[2026.04.28-03.38.22:907][  0]LogShaderCompilers: Display: Started 10 'Local' shader compile jobs with 'High' priority
[2026.04.28-03.38.23:468][  0]LogShaderCompilers: Display: Worker (15/21): shaders left to compile 3800
[2026.04.28-03.38.23:468][  0]LogShaderCompilers: Display: Started 10 'Local' shader compile jobs with 'High' priority
[2026.04.28-03.38.24:029][  0]LogShaderCompilers: Display: Worker (14/21): shaders left to compile 3790
[2026.04.28-03.38.24:029][  0]LogShaderCompilers: Display: Started 10 'Local' shader compile jobs with 'High' priority
[2026.04.28-03.38.24:590][  0]LogShaderCompilers: Display: Worker (5/21): shaders left to compile 3780
[2026.04.28-03.38.24:590][  0]LogShaderCompilers: Display: Started 10 'Local' shader compile jobs with 'High' priority
[2026.04.28-03.38.24:590][  0]LogShaderCompilers: Display: Worker (21/21): shaders left to compile 3770
[2026.04.28-03.38.24:590][  0]LogShaderCompilers: Display: Started 10 'Local' shader compile jobs with 'High' priority
[2026.04.28-03.38.26:273][  0]LogShaderCompilers: Display: Worker (19/21): shaders left to compile 3760
[2026.04.28-03.38.26:273][  0]LogShaderCompilers: Display: Started 10 'Local' shader compile jobs with 'High' priority
[2026.04.28-03.38.26:273][  0]LogShaderCompilers: Display: Worker (1/21): shaders left to compile 3750
[2026.04.28-03.38.26:273][  0]LogShaderCompilers: Display: Started 10 'Local' shader compile jobs with 'High' priority
[2026.04.28-03.38.26:273][  0]LogShaderCompilers: Display: Worker (13/21): shaders left to compile 3740
[2026.04.28-03.38.26:273][  0]LogShaderCompilers: Display: Started 10 'Local' shader compile jobs with 'High' priority
[2026.04.28-03.38.26:273][  0]LogShaderCompilers: Display: Worker (18/21): shaders left to compile 3730
[2026.04.28-03.38.26:273][  0]LogShaderCompilers: Display: Started 10 'Local' shader compile jobs with 'High' priority
[2026.04.28-03.38.27:394][  0]LogShaderCompilers: Display: Worker (8/21): shaders left to compile 3720
[2026.04.28-03.38.27:394][  0]LogShaderCompilers: Display: Started 10 'Local' shader compile jobs with 'High' priority
[2026.04.28-03.38.28:516][  0]LogShaderCompilers: Display: Worker (3/21): shaders left to compile 3710
[2026.04.28-03.38.28:516][  0]LogShaderCompilers: Display: Started 10 'Local' shader compile jobs with 'High' priority
[2026.04.28-03.38.29:638][  0]LogShaderCompilers: Display: Worker (9/21): shaders left to compile 3700
[2026.04.28-03.38.29:638][  0]LogShaderCompilers: Display: Started 10 'Local' shader compile jobs with 'High' priority
[2026.04.28-03.38.30:199][  0]LogShaderCompilers: Display: Worker (7/21): shaders left to compile 3690
[2026.04.28-03.38.30:199][  0]LogShaderCompilers: Display: Started 10 'Local' shader compile jobs with 'High' priority
[2026.04.28-03.38.30:199][  0]LogShaderCompilers: Display: Worker (12/21): shaders left to compile 3680
[2026.04.28-03.38.30:199][  0]LogShaderCompilers: Display: Started 10 'Local' shader compile jobs with 'High' priority
[2026.04.28-03.38.30:199][  0]LogShaderCompilers: Display: Worker (17/21): shaders left to compile 3670
[2026.04.28-03.38.30:199][  0]LogShaderCompilers: Display: Started 10 'Local' shader compile jobs with 'High' priority
[2026.04.28-03.38.30:760][  0]LogShaderCompilers: Display: Worker (11/21): shaders left to compile 3660
[2026.04.28-03.38.30:760][  0]LogShaderCompilers: Display: Started 10 'Local' shader compile jobs with 'High' priority
[2026.04.28-03.38.30:760][  0]LogShaderCompilers: Display: Worker (10/21): shaders left to compile 3650
[2026.04.28-03.38.30:760][  0]LogShaderCompilers: Display: Started 10 'Local' shader compile jobs with 'High' priority
[2026.04.28-03.38.30:760][  0]LogShaderCompilers: Display: Worker (18/21): shaders left to compile 3640
[2026.04.28-03.38.30:760][  0]LogShaderCompilers: Display: Started 10 'Local' shader compile jobs with 'High' priority
[2026.04.28-03.38.31:321][  0]LogShaderCompilers: Display: Worker (21/21): shaders left to compile 3630
[2026.04.28-03.38.31:321][  0]LogShaderCompilers: Display: Started 10 'Local' shader compile jobs with 'High' priority
[2026.04.28-03.38.31:321][  0]LogShaderCompilers: Display: Worker (2/21): shaders left to compile 3620
[2026.04.28-03.38.31:321][  0]LogShaderCompilers: Display: Started 10 'Local' shader compile jobs with 'High' priority
[2026.04.28-03.38.31:321][  0]LogShaderCompilers: Display: Worker (20/21): shaders left to compile 3610
[2026.04.28-03.38.31:321][  0]LogShaderCompilers: Display: Started 10 'Local' shader compile jobs with 'High' priority
[2026.04.28-03.38.31:882][  0]LogShaderCompilers: Display: Worker (1/21): shaders left to compile 3600
[2026.04.28-03.38.31:882][  0]LogShaderCompilers: Display: Started 10 'Local' shader compile jobs with 'High' priority
[2026.04.28-03.38.33:003][  0]LogShaderCompilers: Display: Worker (14/21): shaders left to compile 3590
[2026.04.28-03.38.33:003][  0]LogShaderCompilers: Display: Worker (19/21): shaders left to compile 3580
[2026.04.28-03.38.33:003][  0]LogShaderCompilers: Display: Started 20 'Local' shader compile jobs with 'High' priority
[2026.04.28-03.38.33:564][  0]LogShaderCompilers: Display: Worker (4/21): shaders left to compile 3570
[2026.04.28-03.38.33:564][  0]LogShaderCompilers: Display: Started 10 'Local' shader compile jobs with 'High' priority
[2026.04.28-03.38.34:125][  0]LogShaderCompilers: Display: Worker (13/21): shaders left to compile 3560
[2026.04.28-03.38.34:125][  0]LogShaderCompilers: Display: Started 10 'Local' shader compile jobs with 'High' priority
[2026.04.28-03.38.34:125][  0]LogShaderCompilers: Display: Worker (16/21): shaders left to compile 3550
[2026.04.28-03.38.34:125][  0]LogShaderCompilers: Display: Started 10 'Local' shader compile jobs with 'High' priority
[2026.04.28-03.38.34:686][  0]LogShaderCompilers: Display: Worker (8/21): shaders left to compile 3540
[2026.04.28-03.38.34:686][  0]LogShaderCompilers: Display: Started 10 'Local' shader compile jobs with 'High' priority
[2026.04.28-03.38.34:686][  0]LogShaderCompilers: Display: Worker (5/21): shaders left to compile 3530
[2026.04.28-03.38.34:686][  0]LogShaderCompilers: Display: Started 10 'Local' shader compile jobs with 'High' priority
[2026.04.28-03.38.35:247][  0]LogShaderCompilers: Display: Worker (6/21): shaders left to compile 3520
[2026.04.28-03.38.35:247][  0]LogShaderCompilers: Display: Started 10 'Local' shader compile jobs with 'High' priority
[2026.04.28-03.38.35:808][  0]LogShaderCompilers: Display: Worker (7/21): shaders left to compile 3510
[2026.04.28-03.38.35:808][  0]LogShaderCompilers: Display: Started 10 'Local' shader compile jobs with 'High' priority
[2026.04.28-03.38.36:369][  0]LogShaderCompilers: Display: Worker (20/21): shaders left to compile 3500
[2026.04.28-03.38.36:369][  0]LogShaderCompilers: Display: Started 10 'Local' shader compile jobs with 'High' priority
[2026.04.28-03.38.36:930][  0]LogShaderCompilers: Display: Worker (21/21): shaders left to compile 3490
[2026.04.28-03.38.36:930][  0]LogShaderCompilers: Display: Started 10 'Local' shader compile jobs with 'High' priority
[2026.04.28-03.38.36:930][  0]LogShaderCompilers: Display: Worker (18/21): shaders left to compile 3480
[2026.04.28-03.38.36:930][  0]LogShaderCompilers: Display: Started 10 'Local' shader compile jobs with 'High' priority
[2026.04.28-03.38.37:491][  0]LogShaderCompilers: Display: Worker (15/21): shaders left to compile 3470
[2026.04.28-03.38.37:491][  0]LogShaderCompilers: Display: Started 10 'Local' shader compile jobs with 'High' priority
[2026.04.28-03.38.37:491][  0]LogShaderCompilers: Display: Worker (3/21): shaders left to compile 3460
[2026.04.28-03.38.37:491][  0]LogShaderCompilers: Display: Started 10 'Local' shader compile jobs with 'High' priority
[2026.04.28-03.38.38:052][  0]LogShaderCompilers: Display: Worker (2/21): shaders left to compile 3450
[2026.04.28-03.38.38:052][  0]LogShaderCompilers: Display: Started 10 'Local' shader compile jobs with 'High' priority
[2026.04.28-03.38.38:613][  0]LogShaderCompilers: Display: Worker (12/21): shaders left to compile 3440
[2026.04.28-03.38.38:613][  0]LogShaderCompilers: Display: Started 10 'Local' shader compile jobs with 'High' priority
[2026.04.28-03.38.39:174][  0]LogShaderCompilers: Display: Worker (14/21): shaders left to compile 3430
[2026.04.28-03.38.39:174][  0]LogShaderCompilers: Display: Started 10 'Local' shader compile jobs with 'High' priority
[2026.04.28-03.38.39:735][  0]LogShaderCompilers: Display: Worker (4/21): shaders left to compile 3420
[2026.04.28-03.38.39:735][  0]LogShaderCompilers: Display: Started 10 'Local' shader compile jobs with 'High' priority
[2026.04.28-03.38.39:735][  0]LogShaderCompilers: Display: Worker (11/21): shaders left to compile 3410
[2026.04.28-03.38.39:735][  0]LogShaderCompilers: Display: Started 10 'Local' shader compile jobs with 'High' priority
[2026.04.28-03.38.39:735][  0]LogShaderCompilers: Display: Worker (10/21): shaders left to compile 3400
[2026.04.28-03.38.39:735][  0]LogShaderCompilers: Display: Started 10 'Local' shader compile jobs with 'High' priority
[2026.04.28-03.38.40:296][  0]LogShaderCompilers: Display: Worker (1/21): shaders left to compile 3390
[2026.04.28-03.38.40:296][  0]LogShaderCompilers: Display: Worker (9/21): shaders left to compile 3380
[2026.04.28-03.38.40:296][  0]LogShaderCompilers: Display: Started 20 'Local' shader compile jobs with 'High' priority
[2026.04.28-03.38.42:540][  0]LogShaderCompilers: Display: Worker (16/21): shaders left to compile 3370
[2026.04.28-03.38.42:540][  0]LogShaderCompilers: Display: Started 10 'Local' shader compile jobs with 'High' priority
[2026.04.28-03.38.42:540][  0]LogShaderCompilers: Display: Worker (7/21): shaders left to compile 3360
[2026.04.28-03.38.42:540][  0]LogShaderCompilers: Display: Started 10 'Local' shader compile jobs with 'High' priority
[2026.04.28-03.38.43:101][  0]LogShaderCompilers: Display: Worker (17/21): shaders left to compile 3350
[2026.04.28-03.38.43:101][  0]LogShaderCompilers: Display: Started 10 'Local' shader compile jobs with 'High' priority
[2026.04.28-03.38.43:662][  0]LogShaderCompilers: Display: Worker (5/21): shaders left to compile 3340
[2026.04.28-03.38.43:662][  0]LogShaderCompilers: Display: Started 10 'Local' shader compile jobs with 'High' priority
[2026.04.28-03.38.44:223][  0]LogShaderCompilers: Display: Worker (19/21): shaders left to compile 3330
[2026.04.28-03.38.44:223][  0]LogShaderCompilers: Display: Started 10 'Local' shader compile jobs with 'High' priority
[2026.04.28-03.38.44:223][  0]LogShaderCompilers: Display: Worker (2/21): shaders left to compile 3320
[2026.04.28-03.38.44:223][  0]LogShaderCompilers: Display: Started 10 'Local' shader compile jobs with 'High' priority
[2026.04.28-03.38.44:784][  0]LogShaderCompilers: Display: Worker (12/21): shaders left to compile 3310
[2026.04.28-03.38.44:784][  0]LogShaderCompilers: Display: Started 10 'Local' shader compile jobs with 'High' priority
[2026.04.28-03.38.44:784][  0]LogShaderCompilers: Display: Worker (14/21): shaders left to compile 3300
[2026.04.28-03.38.44:784][  0]LogShaderCompilers: Display: Started 10 'Local' shader compile jobs with 'High' priority
[2026.04.28-03.38.45:345][  0]LogShaderCompilers: Display: Worker (8/21): shaders left to compile 3290
[2026.04.28-03.38.45:345][  0]LogShaderCompilers: Display: Started 10 'Local' shader compile jobs with 'High' priority
[2026.04.28-03.38.45:345][  0]LogShaderCompilers: Display: Worker (11/21): shaders left to compile 3280
[2026.04.28-03.38.45:345][  0]LogShaderCompilers: Display: Started 10 'Local' shader compile jobs with 'High' priority
[2026.04.28-03.38.45:906][  0]LogShaderCompilers: Display: Worker (20/21): shaders left to compile 3270
[2026.04.28-03.38.45:906][  0]LogShaderCompilers: Display: Started 10 'Local' shader compile jobs with 'High' priority
[2026.04.28-03.38.45:906][  0]LogShaderCompilers: Display: Worker (21/21): shaders left to compile 3260
[2026.04.28-03.38.45:906][  0]LogShaderCompilers: Display: Started 10 'Local' shader compile jobs with 'High' priority
[2026.04.28-03.38.46:467][  0]LogShaderCompilers: Display: Worker (10/21): shaders left to compile 3250
[2026.04.28-03.38.46:467][  0]LogShaderCompilers: Display: Worker (15/21): shaders left to compile 3240
[2026.04.28-03.38.46:467][  0]LogShaderCompilers: Display: Started 20 'Local' shader compile jobs with 'High' priority
[2026.04.28-03.38.47:028][  0]LogShaderCompilers: Display: Worker (4/21): shaders left to compile 3230
[2026.04.28-03.38.47:028][  0]LogShaderCompilers: Display: Started 10 'Local' shader compile jobs with 'High' priority
[2026.04.28-03.38.47:028][  0]LogShaderCompilers: Display: Worker (13/21): shaders left to compile 3220
[2026.04.28-03.38.47:028][  0]LogShaderCompilers: Display: Started 10 'Local' shader compile jobs with 'High' priority
[2026.04.28-03.38.47:589][  0]LogShaderCompilers: Display: Worker (3/21): shaders left to compile 3210
[2026.04.28-03.38.47:589][  0]LogShaderCompilers: Display: Started 10 'Local' shader compile jobs with 'High' priority
[2026.04.28-03.38.47:589][  0]LogShaderCompilers: Display: Worker (9/21): shaders left to compile 3200
[2026.04.28-03.38.47:589][  0]LogShaderCompilers: Display: Started 10 'Local' shader compile jobs with 'High' priority
[2026.04.28-03.38.48:711][  0]LogShaderCompilers: Display: Worker (6/21): shaders left to compile 3190
[2026.04.28-03.38.48:711][  0]LogShaderCompilers: Display: Started 10 'Local' shader compile jobs with 'High' priority
[2026.04.28-03.38.49:833][  0]LogShaderCompilers: Display: Worker (1/21): shaders left to compile 3180
[2026.04.28-03.38.49:833][  0]LogShaderCompilers: Display: Started 10 'Local' shader compile jobs with 'High' priority
[2026.04.28-03.38.49:833][  0]LogShaderCompilers: Display: Worker (5/21): shaders left to compile 3170
[2026.04.28-03.38.49:833][  0]LogShaderCompilers: Display: Started 10 'Local' shader compile jobs with 'High' priority
[2026.04.28-03.38.50:394][  0]LogShaderCompilers: Display: Worker (7/21): shaders left to compile 3160
[2026.04.28-03.38.50:394][  0]LogShaderCompilers: Display: Started 10 'Local' shader compile jobs with 'High' priority
[2026.04.28-03.38.50:394][  0]LogShaderCompilers: Display: Worker (12/21): shaders left to compile 3150
[2026.04.28-03.38.50:394][  0]LogShaderCompilers: Display: Worker (19/21): shaders left to compile 3140
[2026.04.28-03.38.50:394][  0]LogShaderCompilers: Display: Started 20 'Local' shader compile jobs with 'High' priority
[2026.04.28-03.38.50:394][  0]LogShaderCompilers: Display: Worker (8/21): shaders left to compile 3130
[2026.04.28-03.38.50:394][  0]LogShaderCompilers: Display: Worker (16/21): shaders left to compile 3120
[2026.04.28-03.38.50:394][  0]LogShaderCompilers: Display: Worker (18/21): shaders left to compile 3110
[2026.04.28-03.38.50:394][  0]LogShaderCompilers: Display: Started 30 'Local' shader compile jobs with 'High' priority
[2026.04.28-03.38.50:955][  0]LogShaderCompilers: Display: Worker (17/21): shaders left to compile 3100
[2026.04.28-03.38.50:955][  0]LogShaderCompilers: Display: Started 10 'Local' shader compile jobs with 'High' priority
[2026.04.28-03.38.51:516][  0]LogShaderCompilers: Display: Worker (2/21): shaders left to compile 3090
[2026.04.28-03.38.51:516][  0]LogShaderCompilers: Display: Started 10 'Local' shader compile jobs with 'High' priority
[2026.04.28-03.38.52:077][  0]LogShaderCompilers: Display: Worker (14/21): shaders left to compile 3080
[2026.04.28-03.38.52:077][  0]LogShaderCompilers: Display: Started 10 'Local' shader compile jobs with 'High' priority
[2026.04.28-03.38.52:638][  0]LogShaderCompilers: Display: Worker (3/21): shaders left to compile 3070
[2026.04.28-03.38.52:638][  0]LogShaderCompilers: Display: Started 10 'Local' shader compile jobs with 'High' priority
[2026.04.28-03.38.53:199][  0]LogShaderCompilers: Display: Worker (4/21): shaders left to compile 3060
[2026.04.28-03.38.53:199][  0]LogShaderCompilers: Display: Started 10 'Local' shader compile jobs with 'High' priority
[2026.04.28-03.38.54:321][  0]LogShaderCompilers: Display: Worker (20/21): shaders left to compile 3050
[2026.04.28-03.38.54:321][  0]LogShaderCompilers: Display: Started 10 'Local' shader compile jobs with 'High' priority
[2026.04.28-03.38.54:321][  0]LogShaderCompilers: Display: Worker (13/21): shaders left to compile 3040
[2026.04.28-03.38.54:321][  0]LogShaderCompilers: Display: Started 10 'Local' shader compile jobs with 'High' priority
[2026.04.28-03.38.54:882][  0]LogShaderCompilers: Display: Worker (21/21): shaders left to compile 3030
[2026.04.28-03.38.54:882][  0]LogShaderCompilers: Display: Started 10 'Local' shader compile jobs with 'High' priority
[2026.04.28-03.38.55:443][  0]LogShaderCompilers: Display: Worker (6/21): shaders left to compile 3020
[2026.04.28-03.38.55:443][  0]LogShaderCompilers: Display: Started 10 'Local' shader compile jobs with 'High' priority
[2026.04.28-03.38.55:443][  0]LogShaderCompilers: Display: Worker (9/21): shaders left to compile 3010
[2026.04.28-03.38.55:443][  0]LogShaderCompilers: Display: Started 10 'Local' shader compile jobs with 'High' priority
[2026.04.28-03.38.55:443][  0]LogShaderCompilers: Display: Worker (5/21): shaders left to compile 3000
[2026.04.28-03.38.55:443][  0]LogShaderCompilers: Display: Started 10 'Local' shader compile jobs with 'High' priority
[2026.04.28-03.38.56:004][  0]LogShaderCompilers: Display: Worker (8/21): shaders left to compile 2990
[2026.04.28-03.38.56:004][  0]LogShaderCompilers: Display: Started 10 'Local' shader compile jobs with 'High' priority
[2026.04.28-03.38.56:565][  0]LogShaderCompilers: Display: Worker (11/21): shaders left to compile 2980
[2026.04.28-03.38.56:565][  0]LogShaderCompilers: Display: Started 10 'Local' shader compile jobs with 'High' priority
[2026.04.28-03.38.57:126][  0]LogShaderCompilers: Display: Worker (12/21): shaders left to compile 2970
[2026.04.28-03.38.57:126][  0]LogShaderCompilers: Display: Started 10 'Local' shader compile jobs with 'High' priority
[2026.04.28-03.38.57:687][  0]LogShaderCompilers: Display: Worker (1/21): shaders left to compile 2960
[2026.04.28-03.38.57:687][  0]LogShaderCompilers: Display: Started 10 'Local' shader compile jobs with 'High' priority
[2026.04.28-03.38.58:248][  0]LogShaderCompilers: Display: Worker (15/21): shaders left to compile 2950
[2026.04.28-03.38.58:248][  0]LogShaderCompilers: Display: Started 10 'Local' shader compile jobs with 'High' priority
[2026.04.28-03.38.58:248][  0]LogShaderCompilers: Display: Worker (7/21): shaders left to compile 2940
[2026.04.28-03.38.58:248][  0]LogShaderCompilers: Display: Started 10 'Local' shader compile jobs with 'High' priority
[2026.04.28-03.38.58:248][  0]LogShaderCompilers: Display: Worker (19/21): shaders left to compile 2930
[2026.04.28-03.38.58:248][  0]LogShaderCompilers: Display: Started 10 'Local' shader compile jobs with 'High' priority
[2026.04.28-03.38.59:370][  0]LogShaderCompilers: Display: Worker (10/21): shaders left to compile 2920
[2026.04.28-03.38.59:370][  0]LogShaderCompilers: Display: Started 10 'Local' shader compile jobs with 'High' priority
[2026.04.28-03.38.59:931][  0]LogShaderCompilers: Display: Worker (3/21): shaders left to compile 2910
[2026.04.28-03.38.59:931][  0]LogShaderCompilers: Display: Started 10 'Local' shader compile jobs with 'High' priority
[2026.04.28-03.39.00:492][  0]LogShaderCompilers: Display: Worker (4/21): shaders left to compile 2900
[2026.04.28-03.39.00:492][  0]LogShaderCompilers: Display: Started 10 'Local' shader compile jobs with 'High' priority
[2026.04.28-03.39.00:492][  0]LogShaderCompilers: Display: Worker (14/21): shaders left to compile 2890
[2026.04.28-03.39.00:492][  0]LogShaderCompilers: Display: Started 10 'Local' shader compile jobs with 'High' priority
[2026.04.28-03.39.01:614][  0]LogShaderCompilers: Display: Worker (20/21): shaders left to compile 2880
[2026.04.28-03.39.01:614][  0]LogShaderCompilers: Display: Started 10 'Local' shader compile jobs with 'High' priority
[2026.04.28-03.39.01:614][  0]LogShaderCompilers: Display: Worker (18/21): shaders left to compile 2870
[2026.04.28-03.39.01:614][  0]LogShaderCompilers: Display: Started 10 'Local' shader compile jobs with 'High' priority
[2026.04.28-03.39.02:736][  0]LogShaderCompilers: Display: Worker (21/21): shaders left to compile 2860
[2026.04.28-03.39.02:736][  0]LogShaderCompilers: Display: Started 10 'Local' shader compile jobs with 'High' priority
[2026.04.28-03.39.02:736][  0]LogShaderCompilers: Display: Worker (6/21): shaders left to compile 2850
[2026.04.28-03.39.02:736][  0]LogShaderCompilers: Display: Started 10 'Local' shader compile jobs with 'High' priority
[2026.04.28-03.39.04:419][  0]LogShaderCompilers: Display: Worker (1/21): shaders left to compile 2840
[2026.04.28-03.39.04:419][  0]LogShaderCompilers: Display: Started 10 'Local' shader compile jobs with 'High' priority
[2026.04.28-03.39.04:980][  0]LogShaderCompilers: Display: Worker (17/21): shaders left to compile 2830
[2026.04.28-03.39.04:980][  0]LogShaderCompilers: Display: Started 10 'Local' shader compile jobs with 'High' priority
[2026.04.28-03.39.05:541][  0]LogShaderCompilers: Display: Worker (13/21): shaders left to compile 2820
[2026.04.28-03.39.05:541][  0]LogShaderCompilers: Display: Started 10 'Local' shader compile jobs with 'High' priority
[2026.04.28-03.39.07:224][  0]LogShaderCompilers: Display: Worker (8/21): shaders left to compile 2810
[2026.04.28-03.39.07:224][  0]LogShaderCompilers: Display: Started 10 'Local' shader compile jobs with 'High' priority
[2026.04.28-03.39.07:224][  0]LogShaderCompilers: Display: Worker (2/21): shaders left to compile 2800
[2026.04.28-03.39.07:224][  0]LogShaderCompilers: Display: Started 10 'Local' shader compile jobs with 'High' priority
[2026.04.28-03.39.07:224][  0]LogShaderCompilers: Display: Worker (3/21): shaders left to compile 2790
[2026.04.28-03.39.07:224][  0]LogShaderCompilers: Display: Started 10 'Local' shader compile jobs with 'High' priority
[2026.04.28-03.39.07:785][  0]LogShaderCompilers: Display: Worker (7/21): shaders left to compile 2780
[2026.04.28-03.39.07:785][  0]LogShaderCompilers: Display: Started 10 'Local' shader compile jobs with 'High' priority
[2026.04.28-03.39.07:785][  0]LogShaderCompilers: Display: Worker (18/21): shaders left to compile 2770
[2026.04.28-03.39.07:785][  0]LogShaderCompilers: Display: Started 10 'Local' shader compile jobs with 'High' priority
[2026.04.28-03.39.08:346][  0]LogShaderCompilers: Display: Worker (9/21): shaders left to compile 2760
[2026.04.28-03.39.08:346][  0]LogShaderCompilers: Display: Started 10 'Local' shader compile jobs with 'High' priority
[2026.04.28-03.39.08:346][  0]LogShaderCompilers: Display: Worker (6/21): shaders left to compile 2750
[2026.04.28-03.39.08:346][  0]LogShaderCompilers: Display: Started 10 'Local' shader compile jobs with 'High' priority
[2026.04.28-03.39.08:907][  0]LogShaderCompilers: Display: Worker (11/21): shaders left to compile 2740
[2026.04.28-03.39.08:907][  0]LogShaderCompilers: Display: Started 10 'Local' shader compile jobs with 'High' priority
[2026.04.28-03.39.08:907][  0]LogShaderCompilers: Display: Worker (15/21): shaders left to compile 2730
[2026.04.28-03.39.08:907][  0]LogShaderCompilers: Display: Started 10 'Local' shader compile jobs with 'High' priority
[2026.04.28-03.39.09:468][  0]LogShaderCompilers: Display: Worker (16/21): shaders left to compile 2720
[2026.04.28-03.39.09:468][  0]LogShaderCompilers: Display: Started 10 'Local' shader compile jobs with 'High' priority
[2026.04.28-03.39.10:029][  0]LogShaderCompilers: Display: Worker (21/21): shaders left to compile 2710
[2026.04.28-03.39.10:029][  0]LogShaderCompilers: Display: Started 10 'Local' shader compile jobs with 'High' priority
[2026.04.28-03.39.10:590][  0]LogShaderCompilers: Display: Worker (19/21): shaders left to compile 2700
[2026.04.28-03.39.10:590][  0]LogShaderCompilers: Display: Started 10 'Local' shader compile jobs with 'High' priority
[2026.04.28-03.39.10:590][  0]LogShaderCompilers: Display: Worker (20/21): shaders left to compile 2690
[2026.04.28-03.39.10:590][  0]LogShaderCompilers: Display: Started 10 'Local' shader compile jobs with 'High' priority
[2026.04.28-03.39.11:151][  0]LogShaderCompilers: Display: Worker (14/21): shaders left to compile 2680
[2026.04.28-03.39.11:151][  0]LogShaderCompilers: Display: Started 10 'Local' shader compile jobs with 'High' priority
[2026.04.28-03.39.11:151][  0]LogShaderCompilers: Display: Worker (9/21): shaders left to compile 2670
[2026.04.28-03.39.11:151][  0]LogShaderCompilers: Display: Started 10 'Local' shader compile jobs with 'High' priority
[2026.04.28-03.39.11:712][  0]LogShaderCompilers: Display: Worker (18/21): shaders left to compile 2660
[2026.04.28-03.39.11:712][  0]LogShaderCompilers: Display: Started 10 'Local' shader compile jobs with 'High' priority
[2026.04.28-03.39.12:835][  0]LogShaderCompilers: Display: Worker (5/21): shaders left to compile 2650
[2026.04.28-03.39.12:835][  0]LogShaderCompilers: Display: Worker (6/21): shaders left to compile 2640
[2026.04.28-03.39.12:835][  0]LogShaderCompilers: Display: Started 20 'Local' shader compile jobs with 'High' priority
[2026.04.28-03.39.12:835][  0]LogShaderCompilers: Display: Worker (15/21): shaders left to compile 2630
[2026.04.28-03.39.12:835][  0]LogShaderCompilers: Display: Started 10 'Local' shader compile jobs with 'High' priority
[2026.04.28-03.39.13:396][  0]LogShaderCompilers: Display: Worker (4/21): shaders left to compile 2620
[2026.04.28-03.39.13:396][  0]LogShaderCompilers: Display: Started 10 'Local' shader compile jobs with 'High' priority
[2026.04.28-03.39.13:396][  0]LogShaderCompilers: Display: Worker (9/21): shaders left to compile 2610
[2026.04.28-03.39.13:396][  0]LogShaderCompilers: Display: Started 10 'Local' shader compile jobs with 'High' priority
[2026.04.28-03.39.13:957][  0]LogShaderCompilers: Display: Worker (19/21): shaders left to compile 2600
[2026.04.28-03.39.13:957][  0]LogShaderCompilers: Display: Started 10 'Local' shader compile jobs with 'High' priority
[2026.04.28-03.39.13:957][  0]LogShaderCompilers: Display: Worker (12/21): shaders left to compile 2590
[2026.04.28-03.39.13:957][  0]LogShaderCompilers: Display: Started 10 'Local' shader compile jobs with 'High' priority
[2026.04.28-03.39.13:957][  0]LogShaderCompilers: Display: Worker (20/21): shaders left to compile 2580
[2026.04.28-03.39.13:957][  0]LogShaderCompilers: Display: Started 10 'Local' shader compile jobs with 'High' priority
[2026.04.28-03.39.15:684][  0]LogShaderCompilers: Display: Worker (10/21): shaders left to compile 2570
[2026.04.28-03.39.15:684][  0]LogShaderCompilers: Display: Started 10 'Local' shader compile jobs with 'High' priority
[2026.04.28-03.39.15:684][  0]LogShaderCompilers: Display: Worker (14/21): shaders left to compile 2560
[2026.04.28-03.39.15:684][  0]LogShaderCompilers: Display: Started 10 'Local' shader compile jobs with 'High' priority
[2026.04.28-03.39.15:684][  0]LogShaderCompilers: Display: Worker (1/21): shaders left to compile 2550
[2026.04.28-03.39.15:684][  0]LogShaderCompilers: Display: Started 10 'Local' shader compile jobs with 'High' priority
[2026.04.28-03.39.15:684][  0]LogShaderCompilers: Display: Worker (11/21): shaders left to compile 2540
[2026.04.28-03.39.15:684][  0]LogShaderCompilers: Display: Started 10 'Local' shader compile jobs with 'High' priority
[2026.04.28-03.39.15:684][  0]LogShaderCompilers: Display: Worker (13/21): shaders left to compile 2530
[2026.04.28-03.39.15:684][  0]LogShaderCompilers: Display: Started 10 'Local' shader compile jobs with 'High' priority
[2026.04.28-03.39.15:684][  0]LogMaterial: Display: Missing cached shadermap for DefaultLightFunctionMaterial in PCD3D_SM5, Default, SM5 (DDC key hash: 51661976691D504F2BB8FE23A5DC2CE1272FCB7C), compiling. 
[2026.04.28-03.39.15:723][  0]LogShaderCompilers: Display: Submitted 31 shader compile jobs with 'High' priority
[2026.04.28-03.39.16:284][  0]LogShaderCompilers: Display: Worker (2/21): shaders left to compile 2551
[2026.04.28-03.39.16:284][  0]LogShaderCompilers: Display: Started 10 'Local' shader compile jobs with 'High' priority
[2026.04.28-03.39.17:966][  0]LogShaderCompilers: Display: Worker (21/21): shaders left to compile 2541
[2026.04.28-03.39.17:966][  0]LogShaderCompilers: Display: Started 10 'Local' shader compile jobs with 'High' priority
[2026.04.28-03.39.17:966][  0]LogShaderCompilers: Display: Worker (16/21): shaders left to compile 2531
[2026.04.28-03.39.17:966][  0]LogShaderCompilers: Display: Started 10 'Local' shader compile jobs with 'High' priority
[2026.04.28-03.39.19:649][  0]LogShaderCompilers: Display: Worker (11/21): shaders left to compile 2521
[2026.04.28-03.39.19:649][  0]LogShaderCompilers: Display: Started 10 'Local' shader compile jobs with 'High' priority
[2026.04.28-03.39.19:649][  0]LogShaderCompilers: Display: Worker (18/21): shaders left to compile 2511
[2026.04.28-03.39.19:649][  0]LogShaderCompilers: Display: Started 10 'Local' shader compile jobs with 'High' priority
[2026.04.28-03.39.21:330][  0]LogShaderCompilers: Display: Worker (8/21): shaders left to compile 2501
[2026.04.28-03.39.21:330][  0]LogShaderCompilers: Display: Started 10 'Local' shader compile jobs with 'High' priority
[2026.04.28-03.39.21:891][  0]LogShaderCompilers: Display: Worker (2/21): shaders left to compile 2491
[2026.04.28-03.39.21:891][  0]LogShaderCompilers: Display: Started 10 'Local' shader compile jobs with 'High' priority
[2026.04.28-03.39.22:452][  0]LogShaderCompilers: Display: Worker (3/21): shaders left to compile 2481
[2026.04.28-03.39.22:452][  0]LogShaderCompilers: Display: Started 10 'Local' shader compile jobs with 'High' priority
[2026.04.28-03.39.23:574][  0]LogShaderCompilers: Display: Worker (21/21): shaders left to compile 2471
[2026.04.28-03.39.23:574][  0]LogShaderCompilers: Display: Started 10 'Local' shader compile jobs with 'High' priority
[2026.04.28-03.39.24:136][  0]LogShaderCompilers: Display: Worker (7/21): shaders left to compile 2461
[2026.04.28-03.39.24:136][  0]LogShaderCompilers: Display: Started 10 'Local' shader compile jobs with 'High' priority
[2026.04.28-03.39.26:380][  0]LogShaderCompilers: Display: Worker (11/21): shaders left to compile 2451
[2026.04.28-03.39.26:380][  0]LogShaderCompilers: Display: Started 10 'Local' shader compile jobs with 'High' priority
[2026.04.28-03.39.28:956][  0]LogShaderCompilers: Display: Worker (16/21): shaders left to compile 2441
[2026.04.28-03.39.28:956][  0]LogShaderCompilers: Display: Started 10 'Local' shader compile jobs with 'High' priority
[2026.04.28-03.39.28:956][  0]LogMaterial: Display: Missing cached shadermap for DefaultPostProcessMaterial in PCD3D_SM5, Default, SM5 (DDC key hash: 12A27E852B5C58E2BEC9D88AC2E7778D3BB325F7), compiling. 
[2026.04.28-03.39.29:004][  0]LogShaderCompilers: Display: Submitted 40 shader compile jobs with 'High' priority
[2026.04.28-03.39.37:419][  0]LogShaderCompilers: Display: Worker (13/21): shaders left to compile 2471
[2026.04.28-03.39.37:419][  0]LogShaderCompilers: Display: Started 10 'Local' shader compile jobs with 'High' priority
[2026.04.28-03.39.39:664][  0]LogShaderCompilers: Display: Worker (3/21): shaders left to compile 2461
[2026.04.28-03.39.39:664][  0]LogShaderCompilers: Display: Started 10 'Local' shader compile jobs with 'High' priority
[2026.04.28-03.39.46:102][  0]LogShaderCompilers: Display: Worker (13/21): shaders left to compile 2451
[2026.04.28-03.39.46:102][  0]LogShaderCompilers: Display: Started 10 'Local' shader compile jobs with 'High' priority
[2026.04.28-03.39.48:475][  0]LogShaderCompilers: Display: Worker (3/21): shaders left to compile 2441
[2026.04.28-03.39.48:475][  0]LogShaderCompilers: Display: Started 10 'Local' shader compile jobs with 'High' priority
[2026.04.28-03.39.51:633][  0]LogShaderCompilers: Display: Worker (5/21): shaders left to compile 2431
[2026.04.28-03.39.51:633][  0]LogShaderCompilers: Display: Started 10 'Local' shader compile jobs with 'High' priority
[2026.04.28-03.39.52:424][  0]LogShaderCompilers: Display: Worker (3/21): shaders left to compile 2421
[2026.04.28-03.39.52:424][  0]LogShaderCompilers: Display: Started 10 'Local' shader compile jobs with 'High' priority
[2026.04.28-03.39.55:724][  0]LogShaderCompilers: Display: Worker (13/21): shaders left to compile 2411
[2026.04.28-03.39.55:724][  0]LogShaderCompilers: Display: Started 10 'Local' shader compile jobs with 'High' priority
[2026.04.28-03.39.55:724][  0]LogMaterial: Display: Missing cached shadermap for DefaultDeferredDecalMaterial in PCD3D_SM5, Default, SM5 (DDC key hash: AF66593FFC0B958542BA51CC2FAB8A374C4529B0), compiling. 
[2026.04.28-03.39.56:072][  0]LogShaderCompilers: Display: Submitted 195 shader compile jobs with 'High' priority
[2026.04.28-03.40.02:393][  0]LogShaderCompilers: Display: Worker (6/21): shaders left to compile 2596
[2026.04.28-03.40.02:393][  0]LogShaderCompilers: Display: Started 10 'Local' shader compile jobs with 'High' priority
[2026.04.28-03.40.03:186][  0]LogShaderCompilers: Display: Worker (9/21): shaders left to compile 2586
[2026.04.28-03.40.03:186][  0]LogShaderCompilers: Display: Started 10 'Local' shader compile jobs with 'High' priority
[2026.04.28-03.40.10:309][  0]LogShaderCompilers: Display: Worker (1/21): shaders left to compile 2576
[2026.04.28-03.40.10:309][  0]LogShaderCompilers: Display: Started 10 'Local' shader compile jobs with 'High' priority
[2026.04.28-03.40.10:309][  0]LogShaderCompilers: Display: Worker (18/21): shaders left to compile 2566
[2026.04.28-03.40.10:309][  0]LogShaderCompilers: Display: Started 10 'Local' shader compile jobs with 'High' priority
[2026.04.28-03.40.13:476][  0]LogShaderCompilers: Display: Worker (8/21): shaders left to compile 2556
[2026.04.28-03.40.13:476][  0]LogShaderCompilers: Display: Started 10 'Local' shader compile jobs with 'High' priority
[2026.04.28-03.40.15:062][  0]LogShaderCompilers: Display: Worker (2/21): shaders left to compile 2546
[2026.04.28-03.40.15:062][  0]LogShaderCompilers: Display: Started 10 'Local' shader compile jobs with 'High' priority
[2026.04.28-03.40.15:847][  0]LogShaderCompilers: Display: Worker (6/21): shaders left to compile 2536
[2026.04.28-03.40.15:847][  0]LogShaderCompilers: Display: Started 10 'Local' shader compile jobs with 'High' priority
[2026.04.28-03.40.16:641][  0]LogShaderCompilers: Display: Worker (4/21): shaders left to compile 2526
[2026.04.28-03.40.16:641][  0]LogShaderCompilers: Display: Started 10 'Local' shader compile jobs with 'High' priority
[2026.04.28-03.40.19:017][  0]LogShaderCompilers: Display: Worker (20/21): shaders left to compile 2516
[2026.04.28-03.40.19:017][  0]LogShaderCompilers: Display: Started 10 'Local' shader compile jobs with 'High' priority
[2026.04.28-03.40.19:017][  0]LogShaderCompilers: Display: Worker (12/21): shaders left to compile 2506
[2026.04.28-03.40.19:017][  0]LogShaderCompilers: Display: Started 10 'Local' shader compile jobs with 'High' priority
[2026.04.28-03.40.19:809][  0]LogShaderCompilers: Display: Worker (14/21): shaders left to compile 2496
[2026.04.28-03.40.19:809][  0]LogShaderCompilers: Display: Started 10 'Local' shader compile jobs with 'High' priority
[2026.04.28-03.40.20:601][  0]LogShaderCompilers: Display: Worker (1/21): shaders left to compile 2486
[2026.04.28-03.40.20:601][  0]LogShaderCompilers: Display: Started 10 'Local' shader compile jobs with 'High' priority
[2026.04.28-03.40.21:393][  0]LogShaderCompilers: Display: Worker (9/21): shaders left to compile 2476
[2026.04.28-03.40.21:393][  0]LogShaderCompilers: Display: Started 10 'Local' shader compile jobs with 'High' priority
[2026.04.28-03.40.22:183][  0]LogShaderCompilers: Display: Worker (15/21): shaders left to compile 2466
[2026.04.28-03.40.22:183][  0]LogShaderCompilers: Display: Started 10 'Local' shader compile jobs with 'High' priority
[2026.04.28-03.40.22:975][  0]LogShaderCompilers: Display: Worker (7/21): shaders left to compile 2456
[2026.04.28-03.40.22:975][  0]LogShaderCompilers: Display: Started 10 'Local' shader compile jobs with 'High' priority
[2026.04.28-03.40.24:558][  0]LogShaderCompilers: Display: Worker (19/21): shaders left to compile 2446
[2026.04.28-03.40.24:558][  0]LogShaderCompilers: Display: Started 10 'Local' shader compile jobs with 'High' priority
[2026.04.28-03.40.24:558][  0]LogShaderCompilers: Display: Worker (21/21): shaders left to compile 2436
[2026.04.28-03.40.24:558][  0]LogShaderCompilers: Display: Started 10 'Local' shader compile jobs with 'High' priority
[2026.04.28-03.40.24:558][  0]LogShaderCompilers: Display: Worker (11/21): shaders left to compile 2426
[2026.04.28-03.40.24:558][  0]LogShaderCompilers: Display: Started 10 'Local' shader compile jobs with 'High' priority
[2026.04.28-03.40.24:558][  0]LogShaderCompilers: Display: Worker (6/21): shaders left to compile 2416
[2026.04.28-03.40.24:558][  0]LogShaderCompilers: Display: Started 10 'Local' shader compile jobs with 'High' priority
[2026.04.28-03.40.26:140][  0]LogShaderCompilers: Display: Worker (4/21): shaders left to compile 2406
[2026.04.28-03.40.26:140][  0]LogShaderCompilers: Display: Started 10 'Local' shader compile jobs with 'High' priority
[2026.04.28-03.40.26:931][  0]LogShaderCompilers: Display: Worker (10/21): shaders left to compile 2396
[2026.04.28-03.40.26:931][  0]LogShaderCompilers: Display: Started 10 'Local' shader compile jobs with 'High' priority
[2026.04.28-03.40.26:931][  0]LogShaderCompilers: Display: Worker (20/21): shaders left to compile 2386
[2026.04.28-03.40.26:931][  0]LogShaderCompilers: Display: Started 10 'Local' shader compile jobs with 'High' priority
[2026.04.28-03.40.27:725][  0]LogShaderCompilers: Display: Worker (16/21): shaders left to compile 2376
[2026.04.28-03.40.27:725][  0]LogShaderCompilers: Display: Started 10 'Local' shader compile jobs with 'High' priority
[2026.04.28-03.40.27:725][  0]LogShaderCompilers: Display: Worker (2/21): shaders left to compile 2366
[2026.04.28-03.40.27:725][  0]LogShaderCompilers: Display: Started 10 'Local' shader compile jobs with 'High' priority
[2026.04.28-03.40.27:725][  0]LogShaderCompilers: Display: Worker (14/21): shaders left to compile 2356
[2026.04.28-03.40.27:725][  0]LogShaderCompilers: Display: Started 10 'Local' shader compile jobs with 'High' priority
[2026.04.28-03.40.28:516][  0]LogShaderCompilers: Display: Worker (8/21): shaders left to compile 2346
[2026.04.28-03.40.28:516][  0]LogShaderCompilers: Display: Started 10 'Local' shader compile jobs with 'High' priority
[2026.04.28-03.40.29:305][  0]LogShaderCompilers: Display: Worker (12/21): shaders left to compile 2336
[2026.04.28-03.40.29:305][  0]LogShaderCompilers: Display: Started 10 'Local' shader compile jobs with 'High' priority
[2026.04.28-03.40.29:305][  0]LogShaderCompilers: Display: Worker (18/21): shaders left to compile 2326
[2026.04.28-03.40.29:305][  0]LogShaderCompilers: Display: Started 10 'Local' shader compile jobs with 'High' priority
[2026.04.28-03.40.30:097][  0]LogShaderCompilers: Display: Worker (9/21): shaders left to compile 2316
[2026.04.28-03.40.30:097][  0]LogShaderCompilers: Display: Started 10 'Local' shader compile jobs with 'High' priority
[2026.04.28-03.40.30:097][  0]LogShaderCompilers: Display: Worker (1/21): shaders left to compile 2306
[2026.04.28-03.40.30:097][  0]LogShaderCompilers: Display: Started 10 'Local' shader compile jobs with 'High' priority
[2026.04.28-03.40.30:890][  0]LogShaderCompilers: Display: Worker (15/21): shaders left to compile 2296
[2026.04.28-03.40.30:890][  0]LogShaderCompilers: Display: Started 10 'Local' shader compile jobs with 'High' priority
[2026.04.28-03.40.31:684][  0]LogShaderCompilers: Display: Worker (3/21): shaders left to compile 2286
[2026.04.28-03.40.31:684][  0]LogShaderCompilers: Display: Started 10 'Local' shader compile jobs with 'High' priority
[2026.04.28-03.40.31:684][  0]LogShaderCompilers: Display: Worker (21/21): shaders left to compile 2276
[2026.04.28-03.40.31:684][  0]LogShaderCompilers: Display: Started 10 'Local' shader compile jobs with 'High' priority
[2026.04.28-03.40.32:477][  0]LogShaderCompilers: Display: Worker (11/21): shaders left to compile 2266
[2026.04.28-03.40.32:477][  0]LogShaderCompilers: Display: Started 10 'Local' shader compile jobs with 'High' priority
[2026.04.28-03.40.32:477][  0]LogShaderCompilers: Display: Worker (5/21): shaders left to compile 2256
[2026.04.28-03.40.32:477][  0]LogShaderCompilers: Display: Started 10 'Local' shader compile jobs with 'High' priority
[2026.04.28-03.40.33:267][  0]LogShaderCompilers: Display: Worker (7/21): shaders left to compile 2246
[2026.04.28-03.40.33:267][  0]LogShaderCompilers: Display: Worker (19/21): shaders left to compile 2236
[2026.04.28-03.40.33:267][  0]LogShaderCompilers: Display: Started 20 'Local' shader compile jobs with 'High' priority
[2026.04.28-03.40.34:061][  0]LogShaderCompilers: Display: Worker (6/21): shaders left to compile 2226
[2026.04.28-03.40.34:061][  0]LogShaderCompilers: Display: Started 10 'Local' shader compile jobs with 'High' priority
[2026.04.28-03.40.34:852][  0]LogShaderCompilers: Display: Worker (13/21): shaders left to compile 2216
[2026.04.28-03.40.34:852][  0]LogShaderCompilers: Display: Started 10 'Local' shader compile jobs with 'High' priority
[2026.04.28-03.40.36:437][  0]LogShaderCompilers: Display: Worker (13/21): shaders left to compile 2206
[2026.04.28-03.40.36:437][  0]LogShaderCompilers: Display: Started 10 'Local' shader compile jobs with 'High' priority
[2026.04.28-03.40.36:752][  0]LogShaderCompilers: Display: Worker (4/21): shaders left to compile 2196
[2026.04.28-03.40.36:752][  0]LogShaderCompilers: Display: Started 10 'Local' shader compile jobs with 'High' priority
[2026.04.28-03.40.36:752][  0]LogMaterial: Display: Missing cached shadermap for MatineeCam_mat in PCD3D_SM5, Default, SM5 (DDC key hash: 906330A16A0920F3CEEE72E9E4FC85DC618E81E7), compiling. 
[2026.04.28-03.40.36:782][  0]LogShaderCompilers: Display: Submitted 22 shader compile jobs with 'Low' priority
[2026.04.28-03.40.36:883][  0]LogShaderCompilers: Display: Worker (21/21): shaders left to compile 2186
[2026.04.28-03.40.36:883][  0]LogShaderCompilers: Display: Started 10 'Local' shader compile jobs with 'High' priority
[2026.04.28-03.40.36:883][  0]LogMeshReduction: Using QuadricMeshReduction for automatic static mesh reduction
[2026.04.28-03.40.36:883][  0]LogMeshReduction: Using SimplygonMeshReduction for automatic skeletal mesh reduction
[2026.04.28-03.40.36:883][  0]LogMeshReduction: Using ProxyLODMeshReduction for automatic mesh merging
[2026.04.28-03.40.36:883][  0]LogMeshReduction: No distributed automatic mesh merging module available
[2026.04.28-03.40.36:883][  0]LogMeshMerging: No distributed automatic mesh merging module available
[2026.04.28-03.40.36:928][  0]LogNetVersion: UnauticnaCastle 1.0.0, NetCL: 17155196, EngineNetVer: 17, GameNetVer: 0 (Checksum: 3203683996)
[2026.04.28-03.40.36:993][  0]LogMaterial: Display: Missing cached shadermap for HelpActorMaterial in PCD3D_SM5, Default, SM5 (DDC key hash: 6936827EDBF8EE7FD97228406EE73F39152E50C6), compiling. 
[2026.04.28-03.40.37:112][  0]LogShaderCompilers: Display: Submitted 82 shader compile jobs with 'Low' priority
[2026.04.28-03.40.37:243][  0]LogMaterial: Display: Missing cached shadermap for M_ChromeBall in PCD3D_SM5, Default, SM5 (DDC key hash: 29D60DA1D77C90920C3087DE25A0618A8C7D694F), compiling. 
[2026.04.28-03.40.37:344][  0]LogShaderCompilers: Display: Submitted 75 shader compile jobs with 'Low' priority
[2026.04.28-03.40.37:401][  0]LogMaterial: Display: Missing cached shadermap for DefaultTextMaterialOpaque in PCD3D_SM5, Default, SM5 (DDC key hash: BA14795A477D55A2868705BEC3F7181C887E7EB0), compiling. 
[2026.04.28-03.40.37:459][  0]LogShaderCompilers: Display: Submitted 44 shader compile jobs with 'Low' priority
[2026.04.28-03.40.37:501][  0]LogMaterial: Display: Missing cached shadermap for m_SimpleVolumetricCloud in PCD3D_SM5, Default, SM5 (DDC key hash: A774B03AA8FCB46B4CFBF573CADF73DEBFE62E5C), compiling. 
[2026.04.28-03.40.37:676][  0]LogShaderCompilers: Display: Submitted 64 shader compile jobs with 'Low' priority
[2026.04.28-03.40.37:721][  0]LogMaterial: Display: Missing cached shadermap for BaseFlattenMaterial in PCD3D_SM5, Default, SM5 (DDC key hash: 820834E25FA1C7F9F0AE1DF4B659B53919A2A405), compiling. 
[2026.04.28-03.40.37:818][  0]LogShaderCompilers: Display: Submitted 70 shader compile jobs with 'Low' priority
[2026.04.28-03.40.38:183][  0]LogMaterial: Display: Missing cached shadermap for Xray in PCD3D_SM5, Default, SM5 (DDC key hash: 83805F857AC84CAA42F07D03849003B125D99630), compiling. 
[2026.04.28-03.40.38:211][  0]LogShaderCompilers: Display: Submitted 22 shader compile jobs with 'Low' priority
[2026.04.28-03.40.38:214][  0]LogMaterial: Display: Missing cached shadermap for Main in PCD3D_SM5, Default, SM5 (DDC key hash: FB38E0C503F6D914F1D9B68D6C8997B2461D0C84), compiling. 
[2026.04.28-03.40.38:249][  0]LogShaderCompilers: Display: Submitted 16 shader compile jobs with 'Low' priority
[2026.04.28-03.40.38:260][  0]LogMaterial: Display: Missing cached shadermap for Widget3DPassThrough in PCD3D_SM5, Default, SM5 (DDC key hash: 314ED691D10413E6724BCA1F6D448A778FE08503), compiling. 
[2026.04.28-03.40.38:280][  0]LogShaderCompilers: Display: Submitted 16 shader compile jobs with 'Low' priority
[2026.04.28-03.40.38:283][  0]LogMaterial: Display: Missing cached shadermap for Widget3DPassThrough_Translucent in PCD3D_SM5, Default, SM5 (DDC key hash: 3F53DD42D82DDC668DF0F024E1DFABF304D9E5AE), compiling. 
[2026.04.28-03.40.38:305][  0]LogShaderCompilers: Display: Submitted 18 shader compile jobs with 'Low' priority
[2026.04.28-03.40.38:311][  0]LogMaterial: Display: Missing cached shadermap for Widget3DPassThrough_Opaque in PCD3D_SM5, Default, SM5 (DDC key hash: 508C76F67619BB16513E5E2B6D66295C76E3DECF), compiling. 
[2026.04.28-03.40.38:332][  0]LogShaderCompilers: Display: Submitted 15 shader compile jobs with 'Low' priority
[2026.04.28-03.40.38:336][  0]LogMaterial: Display: Missing cached shadermap for Widget3DPassThrough_Opaque_OneSided in PCD3D_SM5, Default, SM5 (DDC key hash: 05EE8EC5E4C700913E7734550CDCC8BE6C2CCC47), compiling. 
[2026.04.28-03.40.38:353][  0]LogShaderCompilers: Display: Submitted 10 shader compile jobs with 'Low' priority
[2026.04.28-03.40.38:357][  0]LogMaterial: Display: Missing cached shadermap for Widget3DPassThrough_Masked in PCD3D_SM5, Default, SM5 (DDC key hash: B504B90D2FCB5C46E7AFB9B2274C4F6F9321EC24), compiling. 
[2026.04.28-03.40.38:392][  0]LogShaderCompilers: Display: Submitted 30 shader compile jobs with 'Low' priority
[2026.04.28-03.40.38:397][  0]LogMaterial: Display: Missing cached shadermap for Widget3DPassThrough_Masked_OneSided in PCD3D_SM5, Default, SM5 (DDC key hash: 0749672640E26501629D6485CE30AD2BDDA06DC4), compiling. 
[2026.04.28-03.40.38:433][  0]LogShaderCompilers: Display: Submitted 30 shader compile jobs with 'Low' priority
[2026.04.28-03.40.38:443][  0]LogMaterial: Display: Missing cached shadermap for Widget3DCameraPassThrough_Opaque_OneSided in PCD3D_SM5, Default, SM5 (DDC key hash: 3895E9EB5D1A2D3A9EE818098353F6925C9FC984), compiling. 
[2026.04.28-03.40.38:460][  0]LogShaderCompilers: Display: Submitted 10 shader compile jobs with 'Low' priority
[2026.04.28-03.40.38:472][  0]LogMaterial: Display: Missing cached shadermap for TranslucentTransformGizmoMaterial in PCD3D_SM5, Default, SM5 (DDC key hash: 13A1EF2ED84950E7B995A7CD751ECA82592173B0), compiling. 
[2026.04.28-03.40.38:492][  0]LogShaderCompilers: Display: Submitted 16 shader compile jobs with 'Low' priority
[2026.04.28-03.40.38:495][  0]LogMaterial: Display: Missing cached shadermap for TransformGizmoMaterial in PCD3D_SM5, Default, SM5 (DDC key hash: 33B35AD4281F75B0B4D9F796B53C5DA7A1D93827), compiling. 
[2026.04.28-03.40.38:510][  0]LogShaderCompilers: Display: Submitted 10 shader compile jobs with 'Low' priority
[2026.04.28-03.40.38:527][  0]LogMaterial: Display: Missing cached shadermap for CineMat in PCD3D_SM5, Default, SM5 (DDC key hash: 26B8EC45948F14A8F6D481D7F77B777A914F08E0), compiling. 
[2026.04.28-03.40.38:574][  0]LogShaderCompilers: Display: Submitted 38 shader compile jobs with 'Low' priority
[2026.04.28-03.40.38:595][  0]LogMaterial: Display: Missing cached shadermap for M_SimpleOpaque in PCD3D_SM5, Default, SM5 (DDC key hash: EE9C2BD5848718EDA1EF4D9502329AB3DF0BAADA), compiling. 
[2026.04.28-03.40.38:624][  0]LogShaderCompilers: Display: Submitted 22 shader compile jobs with 'Low' priority
[2026.04.28-03.40.38:639][  0]LogMaterial: Display: Missing cached shadermap for M_SimpleUnlitTranslucent in PCD3D_SM5, Default, SM5 (DDC key hash: 5C7EAF5654A1AE96329A467636241ABCBD8FF7BC), compiling. 
[2026.04.28-03.40.38:658][  0]LogShaderCompilers: Display: Submitted 16 shader compile jobs with 'Low' priority
[2026.04.28-03.40.38:816][  0]LogShaderCompilers: Display: Worker (20/21): shaders left to compile 2176
[2026.04.28-03.40.38:816][  0]LogShaderCompilers: Display: Started 10 'Local' shader compile jobs with 'High' priority
[2026.04.28-03.40.38:816][  0]LogMaterial: Display: Missing cached shadermap for SkySphereMaterial in PCD3D_SM5, Default, SM5 (DDC key hash: FB3E78004D8F0FC1B5846C12983A4BF44F1B8760), compiling. 
[2026.04.28-03.40.38:832][  0]LogShaderCompilers: Display: Submitted 10 shader compile jobs with 'Low' priority
[2026.04.28-03.40.38:841][  0]LogMaterial: Display: Missing cached shadermap for FloorPlaneMaterial in PCD3D_SM5, Default, SM5 (DDC key hash: F494B415C1EE88E5281BA8A2B1C85D4E02E24A97), compiling. 
[2026.04.28-03.40.38:888][  0]LogShaderCompilers: Display: Submitted 37 shader compile jobs with 'Low' priority
[2026.04.28-03.40.38:890][  0]LogTexture: Default maximum texture size for cubemaps generated from long-lat sources has been changed from 512 to unlimited. In order to preserve old behaiour for '/Engine/MapTemplates/Sky/DaylightAmbientCubemap.DaylightAmbientCubemap', its maximum texture size has been explicitly set to 512.
[2026.04.28-03.40.39:070][  0]LogD3D12RHI: Error: RetCode = Adapter->CreateCommittedResource(Desc, GetGPUMask(), HeapProps, InitialState, ClearValue, &NewResource, Name, false) failed 
 at D:/Build/++UE4/Sync/Engine/Source/Runtime/D3D12RHI/Private/D3D12Allocation.cpp:1381 
 with error E_OUTOFMEMORY

[2026.04.28-03.40.42:668][  0]LogShaderCompilers: Display: Worker (15/21): shaders left to compile 2166
[2026.04.28-03.40.42:668][  0]LogShaderCompilers: Display: Started 10 'Local' shader compile jobs with 'High' priority
[2026.04.28-03.40.42:668][  0]LogShaderCompilers: Display: Worker (20/21): shaders left to compile 2156
[2026.04.28-03.40.42:668][  0]LogShaderCompilers: Display: Started 10 'Local' shader compile jobs with 'High' priority
[2026.04.28-03.40.42:668][  0]LogShaderCompilers: Display: Worker (21/21): shaders left to compile 2146
[2026.04.28-03.40.42:668][  0]LogShaderCompilers: Display: Started 10 'Local' shader compile jobs with 'High' priority
[2026.04.28-03.40.42:668][  0]LogShaderCompilers: Display: Worker (11/21): shaders left to compile 2136
[2026.04.28-03.40.42:668][  0]LogShaderCompilers: Display: Started 10 'Local' shader compile jobs with 'High' priority
[2026.04.28-03.40.42:668][  0]LogShaderCompilers: Display: Worker (10/21): shaders left to compile 2126
[2026.04.28-03.40.42:668][  0]LogShaderCompilers: Display: Started 10 'Local' shader compile jobs with 'High' priority
[2026.04.28-03.40.42:668][  0]LogShaderCompilers: Error: SCW 10 Queued Jobs, Finished 4 single jobs
[2026.04.28-03.40.42:668][  0]LogShaderCompilers: Error: Job 0 [Single] Global/FApplyLightShaftsPixelShader/0:/Engine/Private/LightShaftShader.usf Type 'FApplyLightShaftsPixelShader' '/Engine/Private/LightShaftShader.usf' Entry 'ApplyLightShaftsPixelMain' Permutation 0 
[2026.04.28-03.40.42:668][  0]LogShaderCompilers: Error: Job 1 [Single] Global/FPathTracingSkylightPrepareCS/0:/Engine/Private/PathTracing/PathTracingSkylightPrepare.usf Type 'FPathTracingSkylightPrepareCS' '/Engine/Private/PathTracing/PathTracingSkylightPrepare.usf' Entry 'PathTracingSkylightPrepareCS' Permutation 0 
[2026.04.28-03.40.42:668][  0]LogShaderCompilers: Error: Job 2 [Single] Global/FPathTracingSkylightMISCompensationCS/0:/Engine/Private/PathTracing/PathTracingSkylightMISCompensation.usf Type 'FPathTracingSkylightMISCompensationCS' '/Engine/Private/PathTracing/PathTracingSkylightMISCompensation.usf' Entry 'PathTracingSkylightMISCompensationCS' Permutation 0 
[2026.04.28-03.40.42:668][  0]LogShaderCompilers: Error: Job 3 [Single] Global/FPathTracingBuildLightGridCS/0:/Engine/Private/PathTracing/PathTracingBuildLightGrid.usf Type 'FPathTracingBuildLightGridCS' '/Engine/Private/PathTracing/PathTracingBuildLightGrid.usf' Entry 'PathTracingBuildLightGridCS' Permutation 0 
[2026.04.28-03.40.42:669][  0]LogShaderCompilers: Error: Job 4 [Single] Global/FPathTracingRG/0:/Engine/Private/PathTracing/PathTracing.usf Type 'FPathTracingRG' '/Engine/Private/PathTracing/PathTracing.usf' Entry 'PathTracingMainRG' Permutation 0 
[2026.04.28-03.40.42:669][  0]LogShaderCompilers: Error: Job 5 [Single] Global/FPathTracingIESAtlasCS/0:/Engine/Private/PathTracing/PathTracingIESAtlas.usf Type 'FPathTracingIESAtlasCS' '/Engine/Private/PathTracing/PathTracingIESAtlas.usf' Entry 'PathTracingIESAtlasCS' Permutation 0 
[2026.04.28-03.40.42:669][  0]LogShaderCompilers: Error: Job 6 [Single] Global/FPathTracingCompositorPS/0:/Engine/Private/PathTracing/PathTracingCompositingPixelShader.usf Type 'FPathTracingCompositorPS' '/Engine/Private/PathTracing/PathTracingCompositingPixelShader.usf' Entry 'CompositeMain' Permutation 0 
[2026.04.28-03.40.42:669][  0]LogShaderCompilers: Error: Job 7 [Single] Global/FPrefilterPlanarReflectionPS<false>/0:/Engine/Private/PlanarReflectionShaders.usf Type 'FPrefilterPlanarReflectionPS<false>' '/Engine/Private/PlanarReflectionShaders.usf' Entry 'PrefilterPlanarReflectionPS' Permutation 0 
[2026.04.28-03.40.42:669][  0]LogShaderCompilers: Error: Job 8 [Single] Global/FPrefilterPlanarReflectionPS<true>/0:/Engine/Private/PlanarReflectionShaders.usf Type 'FPrefilterPlanarReflectionPS<true>' '/Engine/Private/PlanarReflectionShaders.usf' Entry 'PrefilterPlanarReflectionPS' Permutation 0 
[2026.04.28-03.40.42:669][  0]LogShaderCompilers: Error: Job 9 [Single] Global/FPlanarReflectionPS/0:/Engine/Private/PlanarReflectionShaders.usf Type 'FPlanarReflectionPS' '/Engine/Private/PlanarReflectionShaders.usf' Entry 'PlanarReflectionPS' Permutation 0 
[2026.04.28-03.40.42:859][  0]LogWindows: Windows GetLastError: Операция успешно завершена. (0)
[2026.04.28-03.40.50:112][  0]LogConsoleResponse: 
[2026.04.28-03.40.50:112][  0]LogConsoleResponse: Pool: 0/0 MB (referenced/allocated)
[2026.04.28-03.40.50:337][  0]LogShaderCompilers: Display: Shaders left to compile 0
[2026.04.28-03.40.50:337][  0]LogD3D12RHI: Error: Driver crashed while creating texture: 512x512x6 DXGI_FORMAT_R16G16B16A16_FLOAT(0x0000000a) with 10 mips
[2026.04.28-03.40.50:337][  0]LogWindows: Error: === Critical error: ===
[2026.04.28-03.40.50:337][  0]LogWindows: Error: 
[2026.04.28-03.40.50:337][  0]LogWindows: Error: Fatal error: [File:D:/Build/++UE4/Sync/Engine/Source/Runtime/Engine/Private/ShaderCompiler/ShaderCompiler.cpp] [Line: 924] 
[2026.04.28-03.40.50:337][  0]LogWindows: Error: ShaderCompileWorker crashed!
[2026.04.28-03.40.50:337][  0]LogWindows: Error: 
[2026.04.28-03.40.50:337][  0]LogWindows: Error: 	Fatal error: [File:D:/Build/++UE4/Sync/Engine/Source/Developer/Windows/ShaderFormatD3D/Private/D3DShaderCompilerDXC.cpp] [Line: 296] 
[2026.04.28-03.40.50:337][  0]LogWindows: Error: DXCCompileWrapper(Compiler, TextBlob, Arguments, CompileResult) failed: Result=8007000e
[2026.04.28-03.40.50:337][  0]LogWindows: Error: [Callstack] 0x00007ffd00551445 ShaderCompileWorker-ShaderFormatD3D.dll!D3DCompileToDxil() []
[2026.04.28-03.40.50:337][  0]LogWindows: Error: [Callstack] 0x00007ffd005499c9 ShaderCompileWorker-ShaderFormatD3D.dll!CompileAndProcessD3DShaderDXC() []
[2026.04.28-03.40.50:337][  0]LogWindows: Error: [Callstack] 0x00007ffd0054f130 ShaderCompileWorker-ShaderFormatD3D.dll!CompileD3DShader() []
[2026.04.28-03.40.50:337][  0]LogWindows: Error: [Callstack] 0x00007ffd0054ffc3 ShaderCompileWorker-ShaderFormatD3D.dll!CompileShader_Windows() []
[2026.04.28-03.40.50:337][  0]LogWindows: Error: [Callstack] 0x00007ffd0054fc41 ShaderCompileWorker-ShaderFormatD3D.dll!FShaderFormatD3D::CompileShader() []
[2026.04.28-03.40.50:337][  0]LogWindows: Error: [Callstack] 0x00007ff6c18293ea ShaderCompileWorker.exe!ProcessCompilationJob() []
[2026.04.28-03.40.50:337][  0]LogWindows: Error: [Callstack] 0x00007ff6c182a51e ShaderCompileWorker.exe!FWorkLoop::ProcessInputFromArchive() []
[2026.04.28-03.40.50:337][  0]LogWindows: Error: [Callstack] 0x00007ff6c1825d17 ShaderCompileWorker.exe!FWorkLoop::Loop() []
[2026.04.28-03.40.50:337][  0]LogWindows: Error: [Callstack] 0x00007ff6c1823865 ShaderCompileWorker.exe!GuardedMain() []
[2026.04.28-03.40.50:337][  0]LogWindows: Error: [Callstack] 0x00007ff6c1823aaf ShaderCompileWorker.exe!GuardedMainWrapper() []
[2026.04.28-03.40.50:337][  0]LogWindows: Error: [Callstack] 0x00007ff6c1831798 ShaderCompileWorker.exe!wmain() []
[2026.04.28-03.40.50:338][  0]LogWindows: Error: [Callstack] 0x00007ff6c1832a58 ShaderCompileWorker.exe!__scrt_common_main_seh() []
[2026.04.28-03.40.50:338][  0]LogWindows: Error: [Callstack] 0x00007ffd932f53e0 KERNEL32.DLL!UnknownFunction []
[2026.04.28-03.40.50:338][  0]LogWindows: Error: [Callstack] 0x00007ffd953a485b ntdll.dll!UnknownFunction []
[2026.04.28-03.40.50:338][  0]LogWindows: Error: 
[2026.04.28-03.40.50:338][  0]LogWindows: Error: 
[2026.04.28-03.40.50:338][  0]LogWindows: Error: 
[2026.04.28-03.40.50:338][  0]LogWindows: Error: 
[2026.04.28-03.40.50:338][  0]LogWindows: Error: 
[2026.04.28-03.40.50:338][  0]LogWindows: Error: 
[2026.04.28-03.40.50:338][  0]LogWindows: Error: [Callstack] 0x00007ffd92922bdc KERNELBASE.dll!UnknownFunction []
[2026.04.28-03.40.50:338][  0]LogWindows: Error: [Callstack] 0x00007ffd0c770216 UE4Editor-Core.dll!UnknownFunction []
[2026.04.28-03.40.50:338][  0]LogWindows: Error: [Callstack] 0x00007ffd0c774218 UE4Editor-Core.dll!UnknownFunction []
[2026.04.28-03.40.50:338][  0]LogWindows: Error: [Callstack] 0x00007ffd0c49242d UE4Editor-Core.dll!UnknownFunction []
[2026.04.28-03.40.50:338][  0]LogWindows: Error: [Callstack] 0x00007ffcfe21ec28 UE4Editor-Engine.dll!UnknownFunction []
[2026.04.28-03.40.50:338][  0]LogWindows: Error: [Callstack] 0x00007ffcfe1fe385 UE4Editor-Engine.dll!UnknownFunction []
[2026.04.28-03.40.50:338][  0]LogWindows: Error: [Callstack] 0x00007ffcfe22964c UE4Editor-Engine.dll!UnknownFunction []
[2026.04.28-03.40.50:338][  0]LogWindows: Error: [Callstack] 0x00007ffcfe1fb12c UE4Editor-Engine.dll!UnknownFunction []
[2026.04.28-03.40.50:338][  0]LogWindows: Error: [Callstack] 0x00007ffcfe232ab7 UE4Editor-Engine.dll!UnknownFunction []
[2026.04.28-03.40.50:338][  0]LogWindows: Error: [Callstack] 0x00007ffd0c78ff0b UE4Editor-Core.dll!UnknownFunction []
[2026.04.28-03.40.50:338][  0]LogWindows: Error: [Callstack] 0x00007ffd0c787050 UE4Editor-Core.dll!UnknownFunction []
[2026.04.28-03.40.50:338][  0]LogWindows: Error: [Callstack] 0x00007ffd932f53e0 KERNEL32.DLL!UnknownFunction []
[2026.04.28-03.40.50:338][  0]LogWindows: Error: [Callstack] 0x00007ffd953a485b ntdll.dll!UnknownFunction []
[2026.04.28-03.40.50:338][  0]LogWindows: Error: 
[2026.04.28-03.40.50:357][  0]LogExit: Executing StaticShutdownAfterError
[2026.04.28-03.40.50:368][  0]LogWindows: FPlatformMisc::RequestExit(1)
[2026.04.28-03.40.50:368][  0]LogWindows: FPlatformMisc::RequestExitWithStatus(1, 3)
[2026.04.28-03.40.50:368][  0]LogCore: Engine exit requested (reason: Win RequestExit)
[2026.04.28-03.40.50:406][  0]Log file closed, 04/28/26 08:40:50
