"../../../Engine/Config/Android/DataDrivenPlatformInfo.ini" 1
"../../../Engine/Config/HoloLens/DataDrivenPlatformInfo.ini" 2
"../../../Engine/Config/IOS/DataDrivenPlatformInfo.ini" 3
"../../../Engine/Config/Base.ini" 4
"../../../Engine/Config/BaseEngine.ini" 5
"../../../Engine/Config/IOS/BaseIOSEngine.ini" 6
"../../../../../../2new/Unauticna test/game-unauticna/Unreal Code/UnauticnaCastle/Config/DefaultEngine.ini" 7
"../../../Engine/Config/IOS/IOSEngine.ini" 8
"../../../Engine/Config/Linux/DataDrivenPlatformInfo.ini" 9
"../../../Engine/Config/LinuxAArch64/DataDrivenPlatformInfo.ini" 10
"../../../Engine/Config/Lumin/DataDrivenPlatformInfo.ini" 11
"../../../Engine/Config/Mac/DataDrivenPlatformInfo.ini" 12
"../../../Engine/Config/TVOS/DataDrivenPlatformInfo.ini" 13
"../../../Engine/Config/Windows/DataDrivenPlatformInfo.ini" 14
"D:/2new/Unauticna test/game-unauticna/Unreal Code/UnauticnaCastle/UnauticnaCastle.uproject" 15
"../../../Engine/Plugins/BlueprintFileUtils/BlueprintFileUtils.uplugin" 16
"../../../Engine/Plugins/MeshPainting/MeshPainting.uplugin" 17
"../../../Engine/Plugins/ScriptPlugin/ScriptPlugin.uplugin" 18
"../../../Engine/Plugins/2D/Paper2D/Paper2D.uplugin" 19
"../../../Engine/Plugins/Animation/GameplayInsights/GameplayInsights.uplugin" 20
"../../../Engine/Plugins/Animation/LiveLink/LiveLink.uplugin" 21
"../../../Engine/Plugins/XGEController/XGEController.uplugin" 22
"../../../Engine/Plugins/Animation/LiveLinkCurveDebugUI/LiveLinkCurveDebugUI.uplugin" 23
"../../../Engine/Plugins/AI/AISupport/AISupport.uplugin" 24
"../../../Engine/Plugins/Animation/RigLogic/RigLogic.uplugin" 25
"../../../Engine/Plugins/Blendables/LightPropagationVolume/LightPropagationVolume.uplugin" 26
"../../../Engine/Plugins/AI/EnvironmentQueryEditor/EnvironmentQueryEditor.uplugin" 27
"../../../Engine/Plugins/AI/UE4ML/UE4ML.uplugin" 28
"../../../Engine/Plugins/AI/HTNPlanner/HTNPlanner.uplugin" 29
"../../../Engine/Plugins/Enterprise/DataprepEditor/DataprepEditor.uplugin" 30
"../../../Engine/Plugins/Enterprise/DatasmithCADImporter/DatasmithCADImporter.uplugin" 31
"../../../Engine/Plugins/Enterprise/DatasmithContent/DatasmithContent.uplugin" 32
"../../../Engine/Plugins/Cameras/GameplayCameras/GameplayCameras.uplugin" 33
"../../../Engine/Plugins/Enterprise/LidarPointCloud/LidarPointCloud.uplugin" 34
"../../../Engine/Plugins/Developer/AnimationSharing/AnimationSharing.uplugin" 35
"../../../Engine/Plugins/Developer/BlankPlugin/BlankPlugin.uplugin" 36
"../../../Engine/Plugins/Enterprise/DatasmithFBXImporter/DatasmithFBXImporter.uplugin" 37
"../../../Engine/Plugins/Developer/GitSourceControl/GitSourceControl.uplugin" 38
"../../../Engine/Plugins/Enterprise/DatasmithGLTFImporter/DatasmithGLTFImporter.uplugin" 39
"../../../Engine/Plugins/Developer/CLionSourceCodeAccess/CLionSourceCodeAccess.uplugin" 40
"../../../Engine/Plugins/Enterprise/DatasmithC4DImporter/DatasmithC4DImporter.uplugin" 41
"../../../Engine/Plugins/Compositing/LensDistortion/LensDistortion.uplugin" 42
"../../../Engine/Plugins/Developer/NullSourceCodeAccess/NullSourceCodeAccess.uplugin" 43
"../../../Engine/Plugins/Enterprise/MDLImporter/MDLImporter.uplugin" 44
"../../../Engine/Plugins/Developer/OneSkyLocalizationService/OneSkyLocalizationService.uplugin" 45
"../../../Engine/Plugins/Enterprise/VariantManager/VariantManager.uplugin" 46
"../../../Engine/Plugins/Developer/PixWinPlugin/PixWinPlugin.uplugin" 47
"../../../Engine/Plugins/Developer/PerforceSourceControl/PerforceSourceControl.uplugin" 48
"../../../Engine/Plugins/Developer/PluginUtils/PluginUtils.uplugin" 49
"../../../Engine/Plugins/Enterprise/StaticMeshEditorExtension/StaticMeshEditorExtension.uplugin" 50
"../../../Engine/Plugins/Compositing/OpenCVLensDistortion/OpenCVLensDistortion.uplugin" 51
"../../../Engine/Plugins/Developer/RiderSourceCodeAccess/RiderSourceCodeAccess.uplugin" 52
"../../../Engine/Plugins/Developer/PropertyAccessNode/PropertyAccessNode.uplugin" 53
"../../../Engine/Plugins/Developer/RenderDocPlugin/RenderDocPlugin.uplugin" 54
"../../../Engine/Plugins/Enterprise/VariantManagerContent/VariantManagerContent.uplugin" 55
"../../../Engine/Plugins/Developer/VisualStudioCodeSourceCodeAccess/VisualStudioCodeSourceCodeAccess.uplugin" 56
"../../../Engine/Plugins/Developer/KDevelopSourceCodeAccess/KDevelopSourceCodeAccess.uplugin" 57
"../../../Engine/Plugins/Editor/AssetManagerEditor/AssetManagerEditor.uplugin" 58
"../../../Engine/Plugins/Enterprise/DatasmithImporter/DatasmithImporter.uplugin" 59
"../../../Engine/Plugins/Developer/CodeLiteSourceCodeAccess/CodeLiteSourceCodeAccess.uplugin" 60
"../../../Engine/Plugins/Editor/BlueprintMaterialTextureNodes/BlueprintMaterialTextureNodes.uplugin" 61
"../../../Engine/Plugins/Developer/TextureFormatOodle/TextureFormatOodle.uplugin" 62
"../../../Engine/Plugins/Editor/CurveEditorTools/CurveEditorTools.uplugin" 63
"../../../Engine/Plugins/Editor/FacialAnimation/FacialAnimation.uplugin" 64
"../../../Engine/Plugins/Cameras/CameraShakePreviewer/CameraShakePreviewer.uplugin" 65
"../../../Engine/Plugins/Editor/DataValidation/DataValidation.uplugin" 66
"../../../Engine/Plugins/Editor/EditorScriptingUtilities/EditorScriptingUtilities.uplugin" 67
"../../../Engine/Plugins/Compositing/OpenColorIO/OpenColorIO.uplugin" 68
"../../../Engine/Plugins/Editor/GameplayTagsEditor/GameplayTagsEditor.uplugin" 69
"../../../Engine/Plugins/Compositing/Composure/Composure.uplugin" 70
"../../../Engine/Plugins/Importers/AlembicHairImporter/AlembicHairImporter.uplugin" 71
"../../../Engine/Plugins/Importers/USDMultiUser/USDMultiUser.uplugin" 72
"../../../Engine/Plugins/Developer/TraceDataFiltering/TraceDataFilters.uplugin" 73
"../../../Engine/Plugins/Importers/USDImporter/USDImporter.uplugin" 74
"../../../Engine/Plugins/Editor/MeshEditor/MeshEditor.uplugin" 75
"../../../Engine/Plugins/Editor/GLTFImporter/GLTFImporter.uplugin" 76
"../../../Engine/Plugins/Editor/MaterialAnalyzer/MaterialAnalyzer.uplugin" 77
"../../../Engine/Plugins/Editor/MobileLauncherProfileWizard/MobileLauncherProfileWizard.uplugin" 78
"../../../Engine/Plugins/Developer/SubversionSourceControl/SubversionSourceControl.uplugin" 79
"../../../Engine/Plugins/Developer/UObjectPlugin/UObjectPlugin.uplugin" 80
"../../../Engine/Plugins/Lumin/LuminPlatformFeatures/LuminPlatformFeatures.uplugin" 81
"../../../Engine/Plugins/Editor/MacGraphicsSwitching/MacGraphicsSwitching.uplugin" 82
"../../../Engine/Plugins/Developer/XCodeSourceCodeAccess/XCodeSourceCodeAccess.uplugin" 83
"../../../Engine/Plugins/Lumin/MagicLeapBLE/MagicLeapBLE.uplugin" 84
"../../../Engine/Plugins/Editor/StylusInput/StylusInput.uplugin" 85
"../../../Engine/Plugins/Editor/CryptoKeys/CryptoKeys.uplugin" 86
"../../../Engine/Plugins/Lumin/MagicLeapConnections/MagicLeapConnections.uplugin" 87
"../../../Engine/Plugins/Lumin/MagicLeapLightEstimation/MagicLeapLightEstimation.uplugin" 88
"../../../Engine/Plugins/Lumin/MagicLeapLocation/MagicLeapLocation.uplugin" 89
"../../../Engine/Plugins/Developer/PlasticSourceControl/PlasticSourceControl.uplugin" 90
"../../../Engine/Plugins/Developer/TraceSourceFiltering/TraceSourceFilters.uplugin" 91
"../../../Engine/Plugins/Lumin/MagicLeapMusicService/MagicLeapMusicService.uplugin" 92
"../../../Engine/Plugins/Editor/PluginBrowser/PluginBrowser.uplugin" 93
"../../../Engine/Plugins/Lumin/MagicLeapNetworking/MagicLeapNetworking.uplugin" 94
"../../../Engine/Plugins/Lumin/MagicLeap/MagicLeap.uplugin" 95
"../../../Engine/Plugins/Lumin/MagicLeapSharedFile/MagicLeapSharedFile.uplugin" 96
"../../../Engine/Plugins/Lumin/MLSDK/MLSDK.uplugin" 97
"../../../Engine/Plugins/Lumin/MagicLeapTablet/MagicLeapTablet.uplugin" 98
"../../../Engine/Plugins/Experimental/AppleVision/AppleVision.uplugin" 99
"../../../Engine/Plugins/Developer/VisualStudioSourceCodeAccess/VisualStudioSourceCodeAccess.uplugin" 100
"../../../Engine/Plugins/Lumin/MagicLeapDispatch/MagicLeapDispatch.uplugin" 101
"../../../Engine/Plugins/Experimental/AlembicImporter/AlembicImporter.uplugin" 102
"../../../Engine/Plugins/Editor/AssetSearch/AssetSearch.uplugin" 103
"../../../Engine/Plugins/Experimental/BlueprintStats/BlueprintStats.uplugin" 104
"../../../Engine/Plugins/Experimental/ChaosCaching/ChaosCaching.uplugin" 105
"../../../Engine/Plugins/Experimental/BackChannel/BackChannel.uplugin" 106
"../../../Engine/Plugins/Experimental/AutomationUtils/AutomationUtils.uplugin" 107
"../../../Engine/Plugins/Experimental/ChaosCloth/ChaosCloth.uplugin" 108
"../../../Engine/Plugins/Experimental/ChaosClothEditor/ChaosClothEditor.uplugin" 109
"../../../Engine/Plugins/Editor/SpeedTreeImporter/SpeedTreeImporter.uplugin" 110
"../../../Engine/Plugins/Experimental/ChaosNiagara/ChaosNiagara.uplugin" 111
"../../../Engine/Plugins/Experimental/ChaosEditor/ChaosEditor.uplugin" 112
"../../../Engine/Plugins/Experimental/ActorPalette/ActorPalette.uplugin" 113
"../../../Engine/Plugins/Experimental/ChaosVehiclesPlugin/ChaosVehiclesPlugin.uplugin" 114
"../../../Engine/Plugins/Experimental/CommonUI/CommonUI.uplugin" 115
"../../../Engine/Plugins/Lumin/MagicLeapMovement/MagicLeapMovement.uplugin" 116
"../../../Engine/Plugins/Experimental/ControlRig/ControlRig.uplugin" 117
"../../../Engine/Plugins/Lumin/MagicLeapPassableWorld/MagicLeapPassableWorld.uplugin" 118
"../../../Engine/Plugins/Experimental/ColorCorrectRegions/ColorCorrectRegions.uplugin" 119
"../../../Engine/Plugins/Experimental/EnhancedInput/EnhancedInput.uplugin" 120
"../../../Engine/Plugins/Experimental/ExampleAssetEditor/ExampleAssetEditor.uplugin" 121
"../../../Engine/Plugins/Lumin/MagicLeapMedia/MagicLeapMedia.uplugin" 122
"../../../Engine/Plugins/Experimental/FieldSystemPlugin/FieldSystemPlugin.uplugin" 123
"../../../Engine/Plugins/Experimental/BlastPlugin/BlastPlugin.uplugin" 124
"../../../Engine/Plugins/Experimental/Gauntlet/Gauntlet.uplugin" 125
"../../../Engine/Plugins/Experimental/GameFeatures/GameFeatures.uplugin" 126
"../../../Engine/Plugins/Experimental/GeometryCacheAbcFile/GeometryCacheAbcFile.uplugin" 127
"../../../Engine/Plugins/Experimental/CharacterAI/CharacterAI.uplugin" 128
"../../../Engine/Plugins/Lumin/MagicLeapContacts/MagicLeapContacts.uplugin" 129
"../../../Engine/Plugins/Media/AjaMedia/AjaMedia.uplugin" 130
"../../../Engine/Plugins/Experimental/CodeEditor/CodeEditor.uplugin" 131
"../../../Engine/Plugins/Media/AndroidCamera/AndroidCamera.uplugin" 132
"../../../Engine/Plugins/Experimental/CommonConversation/CommonConversation.uplugin" 133
"../../../Engine/Plugins/Media/AvfMedia/AvfMedia.uplugin" 134
"../../../Engine/Plugins/Media/BlackmagicMedia/BlackmagicMedia.uplugin" 135
"../../../Engine/Plugins/Media/AvidDNxMedia/AvidDNxMedia.uplugin" 136
"../../../Engine/Plugins/Media/BinkMedia/BinkMedia.uplugin" 137
"../../../Engine/Plugins/Experimental/FullBodyIK/FullBodyIK.uplugin" 138
"../../../Engine/Plugins/Media/ElectraPlayer/ElectraPlayer.uplugin" 139
"../../../Engine/Plugins/Lumin/MagicLeapCamera/MagicLeapCamera.uplugin" 140
"../../../Engine/Plugins/Media/ElectraCDM/ElectraCDM.uplugin" 141
"../../../Engine/Plugins/Media/ElectraUtil/ElectraUtil.uplugin" 142
"../../../Engine/Plugins/Experimental/GeometryCache/GeometryCache.uplugin" 143
"../../../Engine/Plugins/Media/HLMedia/HLMedia.uplugin" 144
"../../../Engine/Plugins/Experimental/ChaosSolverPlugin/ChaosSolverPlugin.uplugin" 145
"../../../Engine/Plugins/Media/HardwareEncoders/HardwareEncoders.uplugin" 146
"../../../Engine/Plugins/Experimental/GeometryCollectionPlugin/GeometryCollectionPlugin.uplugin" 147
"../../../Engine/Plugins/Media/MediaCompositing/MediaCompositing.uplugin" 148
"../../../Engine/Plugins/Media/ImgMedia/ImgMedia.uplugin" 149
"../../../Engine/Plugins/Media/AndroidMedia/AndroidMedia.uplugin" 150
"../../../Engine/Plugins/Experimental/CodeView/CodeView.uplugin" 151
"../../../Engine/Plugins/Messaging/UdpMessaging/UdpMessaging.uplugin" 152
"../../../Engine/Plugins/Media/LinearTimecode/LinearTimecode.uplugin" 153
"../../../Engine/Plugins/Media/MediaFrameworkUtilities/MediaFrameworkUtilities.uplugin" 154
"../../../Engine/Plugins/Media/MediaMovieStreamer/MediaMovieStreamer.uplugin" 155
"../../../Engine/Plugins/Media/MfMedia/MfMedia.uplugin" 156
"../../../Engine/Plugins/MovieScene/ActorSequence/ActorSequence.uplugin" 157
"../../../Engine/Plugins/Media/AppleProResMedia/AppleProResMedia.uplugin" 158
"../../../Engine/Plugins/Media/WmfMedia/WmfMedia.uplugin" 159
"../../../Engine/Plugins/Messaging/TcpMessaging/TcpMessaging.uplugin" 160
"../../../Engine/Plugins/Media/PixelStreaming/PixelStreaming.uplugin" 161
"../../../Engine/Plugins/Media/WebMMedia/WebMMedia.uplugin" 162
"../../../Engine/Plugins/MovieScene/MoviePipelineMaskRenderPass/MoviePipelineMaskRenderPass.uplugin" 163
"../../../Engine/Plugins/Media/MediaIOFramework/MediaIOFramework.uplugin" 164
"../../../Engine/Plugins/MovieScene/MovieRenderPipeline/MovieRenderPipeline.uplugin" 165
"../../../Engine/Plugins/Media/TimecodeSynchronizer/TimecodeSynchronizer.uplugin" 166
"../../../Engine/Plugins/MovieScene/ReplayTracks/ReplayTracks.uplugin" 167
"../../../Engine/Plugins/MovieScene/TemplateSequence/TemplateSequence.uplugin" 168
"../../../Engine/Plugins/MovieScene/CustomizableSequencerTracks/CustomizableSequencerTracks.uplugin" 169
"../../../Engine/Plugins/Experimental/GizmoEdMode/GizmoEdMode.uplugin" 170
"../../../Engine/Plugins/MovieScene/SequencerScripting/SequencerScripting.uplugin" 171
"../../../Engine/Plugins/NetcodeUnitTest/NUTUnrealEngine4/NUTUnrealEngine4.uplugin" 172
"../../../Engine/Plugins/Experimental/GizmoFramework/GizmoFramework.uplugin" 173
"../../../Engine/Plugins/Editor/GeometryMode/GeometryMode.uplugin" 174
"../../../Engine/Plugins/Experimental/GPULightmass/GPULightmass.uplugin" 175
"../../../Engine/Plugins/Media/HAPMedia/HAPMedia.uplugin" 176
"../../../Engine/Plugins/Experimental/ImagePlate/ImagePlate.uplugin" 177
"../../../Engine/Plugins/Media/AudioCaptureTimecodeProvider/AudioCaptureTimecodeProvider.uplugin" 178
"../../../Engine/Plugins/Experimental/MeshModelingToolset/MeshModelingToolset.uplugin" 179
"../../../Engine/Plugins/Experimental/ModularGameplay/ModularGameplay.uplugin" 180
"../../../Engine/Plugins/Media/MediaPlayerEditor/MediaPlayerEditor.uplugin" 181
"../../../Engine/Plugins/Experimental/MotionTrailEditorMode/MotionTrailEditorMode.uplugin" 182
"../../../Engine/Plugins/Experimental/ModelingToolsEditorMode/ModelingToolsEditorMode.uplugin" 183
"../../../Engine/Plugins/NetcodeUnitTest/NetcodeUnitTest/NetcodeUnitTest.uplugin" 184
"../../../Engine/Plugins/Experimental/PlanarCutPlugin/PlanarCut.uplugin" 185
"../../../Engine/Plugins/Experimental/Landmass/Landmass.uplugin" 186
"../../../Engine/Plugins/Messaging/MessagingDebugger/MessagingDebugger.uplugin" 187
"../../../Engine/Plugins/Experimental/ProxyLODPlugin/ProxyLODPlugin.uplugin" 188
"../../../Engine/Plugins/Experimental/RawInput/RawInput.uplugin" 189
"../../../Engine/Plugins/Experimental/MotoSynth/MotoSynth.uplugin" 190
"../../../Engine/Plugins/Experimental/RemoteSession/RemoteSession.uplugin" 191
"../../../Engine/Plugins/Experimental/PythonScriptPlugin/PythonScriptPlugin.uplugin" 192
"../../../Engine/Plugins/Experimental/GeometryProcessing/GeometryProcessing.uplugin" 193
"../../../Engine/Plugins/Experimental/ShallowWater/ShallowWater.uplugin" 194
"../../../Engine/Plugins/Experimental/SampleToolsEditorMode/SampleToolsEditorMode.uplugin" 195
"../../../Engine/Plugins/Experimental/Shotgun/Shotgun.uplugin" 196
"../../../Engine/Plugins/MovieScene/LevelSequenceEditor/LevelSequenceEditor.uplugin" 197
"../../../Engine/Plugins/Experimental/SimpleHMD/SimpleHMD.uplugin" 198
"../../../Engine/Plugins/Experimental/SkeletalReduction/SkeletalReduction.uplugin" 199
"../../../Engine/Plugins/Experimental/ImpostorBaker/ImpostorBaker.uplugin" 200
"../../../Engine/Plugins/Experimental/VirtualHeightfieldMesh/VirtualHeightfieldMesh.uplugin" 201
"../../../Engine/Plugins/Experimental/Text3D/Text3D.uplugin" 202
"../../../Engine/Plugins/MovieScene/MatineeToLevelSequence/MatineeToLevelSequence.uplugin" 203
"../../../Engine/Plugins/Experimental/Volumetrics/Volumetrics.uplugin" 204
"../../../Engine/Plugins/Experimental/OpenImageDenoise/OpenImageDenoise.uplugin" 205
"../../../Engine/Plugins/Online/OnlineSubsystem/OnlineSubsystem.uplugin" 206
"../../../Engine/Plugins/Online/EOSShared/EOSShared.uplugin" 207
"../../../Engine/Plugins/Experimental/VirtualProductionUtilities/VirtualProductionUtilities.uplugin" 208
"../../../Engine/Plugins/Online/OnlineSubsystemGoogle/OnlineSubsystemGoogle.uplugin" 209
"../../../Engine/Plugins/Experimental/PlatformCrypto/PlatformCrypto.uplugin" 210
"../../../Engine/Plugins/Online/OnlineSubsystemTencent/OnlineSubsystemTencent.uplugin" 211
"../../../Engine/Plugins/Experimental/PanoramicCapture/PanoramicCapture.uplugin" 212
"../../../Engine/Plugins/Online/OnlineSubsystemSteam/OnlineSubsystemSteam.uplugin" 213
"../../../Engine/Plugins/Experimental/LiveLinkControlRig/LiveLinkControlRig.uplugin" 214
"../../../Engine/Plugins/Portal/LauncherChunkInstaller/LauncherChunkInstaller.uplugin" 215
"../../../Engine/Plugins/Online/WebAuth/WebAuth.uplugin" 216
"../../../Engine/Plugins/Experimental/VirtualCamera/VirtualCamera.uplugin" 217
"../../../Engine/Plugins/Online/OnlineSubsystemUtils/OnlineSubsystemUtils.uplugin" 218
"../../../Engine/Plugins/Runtime/ActorLayerUtilities/ActorLayerUtilities.uplugin" 219
"../../../Engine/Plugins/Runtime/AndroidDeviceProfileSelector/AndroidDeviceProfileSelector.uplugin" 220
"../../../Engine/Plugins/Runtime/AnimationBudgetAllocator/AnimationBudgetAllocator.uplugin" 221
"../../../Engine/Plugins/Runtime/AndroidPermission/AndroidPermission.uplugin" 222
"../../../Engine/Plugins/Online/OnlineSubsystemAmazon/OnlineSubsystemAmazon.uplugin" 223
"../../../Engine/Plugins/Runtime/AppleImageUtils/AppleImageUtils.uplugin" 224
"../../../Engine/Plugins/Experimental/WebSocketNetworking/WebSocketNetworking.uplugin" 225
"../../../Engine/Plugins/Online/OnlineSubsystemNull/OnlineSubsystemNull.uplugin" 226
"../../../Engine/Plugins/Runtime/ApexDestruction/ApexDestruction.uplugin" 227
"../../../Engine/Plugins/Online/OnlineSubsystemFacebook/OnlineSubsystemFacebook.uplugin" 228
"../../../Engine/Plugins/Runtime/AppleMoviePlayer/AppleMoviePlayer.uplugin" 229
"../../../Engine/Plugins/Runtime/ArchVisCharacter/ArchVisCharacter.uplugin" 230
"../../../Engine/Plugins/Runtime/AudioCapture/AudioCapture.uplugin" 231
"../../../Engine/Plugins/Runtime/AudioSynesthesia/AudioSynesthesia.uplugin" 232
"../../../Engine/Plugins/Online/OnlineSubsystemOculus/OnlineSubsystemOculus.uplugin" 233
"../../../Engine/Plugins/Runtime/AudioModulation/AudioModulation.uplugin" 234
"../../../Engine/Plugins/Runtime/CableComponent/CableComponent.uplugin" 235
"../../../Engine/Plugins/Runtime/CustomMeshComponent/CustomMeshComponent.uplugin" 236
"../../../Engine/Plugins/Runtime/DataRegistry/DataRegistry.uplugin" 237
"../../../Engine/Plugins/Online/OnlineSubsystemApple/OnlineSubsystemApple.uplugin" 238
"../../../Engine/Plugins/Runtime/Firebase/Firebase.uplugin" 239
"../../../Engine/Plugins/Online/OnlineFramework/OnlineFramework.uplugin" 240
"../../../Engine/Plugins/Runtime/GeoReferencing/GeoReferencing.uplugin" 241
"../../../Engine/Plugins/Runtime/AnimDistanceMatching/AnimDistanceMatching.uplugin" 242
"../../../Engine/Plugins/Tests/FbxAutomationTestBuilder/FbxAutomationTestBuilder.uplugin" 243
"../../../Engine/Plugins/Online/OnlineSubsystemEOS/OnlineSubsystemEOS.uplugin" 244
"../../../Engine/Plugins/Runtime/AssetTags/AssetTags.uplugin" 245
"../../../Engine/Plugins/Online/OnlineSubsystemTwitch/OnlineSubsystemTwitch.uplugin" 246
"../../../Engine/Plugins/Tests/RHITests/RHITests.uplugin" 247
"../../../Engine/Plugins/Performance/PerformanceMonitor/PerformanceMonitor.uplugin" 248
"../../../Engine/Plugins/Tests/FunctionalTestingEditor/FunctionalTestingEditor.uplugin" 249
"../../../Engine/Plugins/Runtime/ChunkDownloader/ChunkDownloader.uplugin" 250
"../../../Engine/Plugins/Runtime/EditableMesh/EditableMesh.uplugin" 251
"../../../Engine/Plugins/Tests/RuntimeTests/RuntimeTests.uplugin" 252
"../../../Engine/Plugins/Experimental/Water/Water.uplugin" 253
"../../../Engine/Plugins/Tests/ScreenshotTools/ScreenshotTools.uplugin" 254
"../../../Engine/Plugins/Runtime/HPMotionController/HPMotionController.uplugin" 255
"../../../Engine/Plugins/Runtime/AndroidMoviePlayer/AndroidMoviePlayer.uplugin" 256
"../../../Engine/Plugins/Runtime/HTTPChunkInstaller/HTTPChunkInstaller.uplugin" 257
"../../../Engine/Plugins/Runtime/IOSDeviceProfileSelector/IOSDeviceProfileSelector.uplugin" 258
"../../../Engine/Plugins/Runtime/IOSReplayKit/IOSReplayKit.uplugin" 259
"../../../Engine/Plugins/Runtime/LocationServicesBPLibrary/LocationServicesBPLibrary.uplugin" 260
"../../../Engine/Plugins/Runtime/HDRIBackdrop/HDRIBackdrop.uplugin" 261
"../../../Engine/Plugins/Runtime/GoogleCloudMessaging/GoogleCloudMessaging.uplugin" 262
"../../../Engine/Plugins/Runtime/LinuxDeviceProfileSelector/LinuxDeviceProfileSelector.uplugin" 263
"../../../Engine/Plugins/Runtime/ExampleDeviceProfileSelector/ExampleDeviceProfileSelector.uplugin" 264
"../../../Engine/Plugins/Runtime/MicrosoftSpatialAudio/MicroSoftSpatialSound.uplugin" 265
"../../../Engine/Plugins/Runtime/MixedRealityCaptureFramework/MixedRealityCaptureFramework.uplugin" 266
"../../../Engine/Plugins/Runtime/HairStrands/HairStrands.uplugin" 267
"../../../Engine/Plugins/Runtime/GameplayAbilities/GameplayAbilities.uplugin" 268
"../../../Engine/Plugins/Runtime/NetworkPredictionInsights/NetworkPredictionInsights.uplugin" 269
"../../../Engine/Plugins/Slate/SlateInsights/SlateInsights.uplugin" 270
"../../../Engine/Plugins/Runtime/OpenXR/OpenXR.uplugin" 271
"../../../Engine/Plugins/Tests/EditorTests/EditorTests.uplugin" 272
"../../../Engine/Plugins/Runtime/OpenXREyeTracker/OpenXREyeTracker.uplugin" 273
"../../../Engine/Plugins/Tests/PythonAutomationTest/PythonAutomationTest.uplugin" 274
"../../../Engine/Plugins/Runtime/LocationServicesAndroidImpl/LocationServicesAndroidImpl.uplugin" 275
"../../../Engine/Plugins/Runtime/GooglePAD/GooglePAD.uplugin" 276
"../../../Engine/Plugins/Runtime/OSC/OSC.uplugin" 277
"../../../Engine/Plugins/Runtime/LocationServicesIOSImpl/LocationServicesIOSImpl.uplugin" 278
"../../../Engine/Plugins/Runtime/OptionalMobileFeaturesBPLibrary/OptionalMobileFeaturesBPLibrary.uplugin" 279
"../../../Engine/Plugins/Slate/SlateRemote/SlateRemote.uplugin" 280
"../../../Engine/Plugins/VirtualProduction/CameraCalibrationCore/CameraCalibrationCore.uplugin" 281
"../../../Engine/Plugins/Runtime/MobilePatchingUtils/MobilePatchingUtils.uplugin" 282
"../../../Engine/Plugins/Runtime/PhysXVehicles/PhysXVehicles.uplugin" 283
"../../../Engine/Plugins/Runtime/MIDIDevice/MIDIDevice.uplugin" 284
"../../../Engine/Plugins/VirtualProduction/CameraCalibration/CameraCalibration.uplugin" 285
"../../../Engine/Plugins/VirtualProduction/LiveLinkCamera/LiveLinkCamera.uplugin" 286
"../../../Engine/Plugins/Runtime/OpenXRHandTracking/OpenXRHandTracking.uplugin" 287
"../../../Engine/Plugins/Runtime/OpenXRMsftHandInteraction/OpenXRMsftHandInteraction.uplugin" 288
"../../../Engine/Plugins/Runtime/NetworkPredictionExtras/NetworkPredictionExtras.uplugin" 289
"../../../Engine/Plugins/VirtualProduction/LiveLinkMasterLockit/LiveLinkMasterLockit.uplugin" 290
"../../../Engine/Plugins/VirtualProduction/LiveLinkXR/LiveLinkXR.uplugin" 291
"../../../Engine/Plugins/Runtime/LiveLinkOvernDisplay/LiveLinkOverNDisplay.uplugin" 292
"../../../Engine/Plugins/VirtualProduction/LiveLinkFreeD/LiveLinkFreeD.uplugin" 293
"../../../Engine/Plugins/VirtualProduction/LiveLinkPrestonMDR/LiveLinkPrestonMDR.uplugin" 294
"../../../Engine/Plugins/VirtualProduction/LiveLinkVRPN/LiveLinkVRPN.uplugin" 295
"../../../Engine/Plugins/VirtualProduction/MultiUserTakes/MultiUserTakes.uplugin" 296
"../../../Engine/Plugins/VirtualProduction/RemoteControl/RemoteControl.uplugin" 297
"../../../Engine/Plugins/VirtualProduction/nDisplaySupportForLevelSnapshots/nDisplaySupportForLevelSnapshots.uplugin" 298
"../../../Engine/Plugins/Runtime/OSCModulationMixing/OSCModulationMixing.uplugin" 299
"../../../Engine/Plugins/VirtualProduction/RemoteControlProtocolDMX/RemoteControlProtocolDMX.uplugin" 300
"../../../Engine/Plugins/VirtualProduction/Switchboard/Switchboard.uplugin" 301
"../../../Engine/Plugins/Runtime/NetworkPrediction/NetworkPrediction.uplugin" 302
"../../../Engine/Plugins/VirtualProduction/ICVFX/ICVFX.uplugin" 303
"../../../Engine/Plugins/VirtualProduction/LevelSnapshots/LevelSnapshots.uplugin" 304
"../../../Engine/Plugins/VirtualProduction/Takes/Takes.uplugin" 305
"../../../Engine/Plugins/Runtime/PropertyAccess/PropertyAccessEditor.uplugin" 306
"../../../Engine/Plugins/VirtualProduction/RemoteControlWebInterface/RemoteControlWebInterface.uplugin" 307
"../../../Engine/Plugins/VirtualProduction/TimedDataMonitor/TimedDataMonitor.uplugin" 308
"../../../Engine/Plugins/VirtualProduction/RemoteControlProtocolOSC/RemoteControlProtocolOSC.uplugin" 309
"../../../Engine/Plugins/Runtime/ReplicationGraph/ReplicationGraph.uplugin" 310
"../../../Engine/Plugins/Runtime/PostSplashScreen/PostSplashScreen.uplugin" 311
"../../../Engine/Plugins/Runtime/RuntimePhysXCooking/RuntimePhysXCooking.uplugin" 312
"../../../Engine/Plugins/VirtualProduction/LiveLinkLens/LiveLinkLens.uplugin" 313
"../../../Engine/Plugins/Runtime/SoundFields/SoundFields.uplugin" 314
"../../../Engine/Plugins/Runtime/ResonanceAudio/ResonanceAudio.uplugin" 315
"../../../Engine/Plugins/Runtime/SoundMod/SoundMod.uplugin" 316
"../../../Engine/Plugins/VirtualProduction/RemoteControlProtocolMIDI/RemoteControlProtocolMIDI.uplugin" 317
"../../../Engine/Plugins/Runtime/SoundUtilities/SoundUtilities.uplugin" 318
"../../../Engine/Plugins/VirtualProduction/RemoteControlInterception/RemoteControlInterception.uplugin" 319
"../../../Engine/Plugins/VirtualProduction/DataCharts/DataCharts.uplugin" 320
"../../../Engine/Plugins/Runtime/SoundVisualizations/SoundVisualizations.uplugin" 321
"../../../Engine/Plugins/Runtime/SignificanceManager/SignificanceManager.uplugin" 322
"../../../Engine/Plugins/Runtime/PreLoadScreenMoviePlayer/PreLoadScreenMoviePlayer.uplugin" 323
"../../../Engine/Plugins/Runtime/WarpUtils/WarpUtils.uplugin" 324
"../../../Engine/Plugins/Runtime/WebBrowserWidget/WebBrowserWidget.uplugin" 325
"../../../Engine/Plugins/Runtime/WebMMoviePlayer/WebMMoviePlayer.uplugin" 326
"../../../Engine/Plugins/Runtime/SunPosition/SunPosition.uplugin" 327
"../../../Engine/Plugins/Runtime/WindowsDeviceProfileSelector/WindowsDeviceProfileSelector.uplugin" 328
"../../../Engine/Plugins/Runtime/WindowsMixedReality/WindowsMixedReality.uplugin" 329
"../../../Engine/Plugins/Runtime/WindowsMoviePlayer/WindowsMoviePlayer.uplugin" 330
"../../../Engine/Plugins/FX/Niagara/Niagara.uplugin" 331
"../../../Engine/Plugins/Runtime/nDisplay/nDisplay.uplugin" 332
"../../../Engine/Plugins/Compression/OodleData/OodleData.uplugin" 333
"../../../Engine/Plugins/Runtime/SoundCueTemplates/SoundCueTemplates.uplugin" 334
"../../../Engine/Plugins/FX/NiagaraExtras/NiagaraExtras.uplugin" 335
"../../../Engine/Plugins/Runtime/TextureShare/TextureShare.uplugin" 336
"../../../Engine/Plugins/Developer/Concert/ConcertMain/ConcertMain.uplugin" 337
"../../../Engine/Plugins/Developer/Concert/DisasterRecoveryClient/DisasterRecoveryClient.uplugin" 338
"../../../Engine/Plugins/Developer/Concert/MultiUserClient/MultiUserClient.uplugin" 339
"../../../Engine/Plugins/Editor/ContentBrowser/ContentBrowserAssetDataSource/ContentBrowserAssetDataSource.uplugin" 340
"../../../Engine/Plugins/Runtime/ProceduralMeshComponent/ProceduralMeshComponent.uplugin" 341
"../../../Engine/Plugins/VirtualProduction/StageMonitoring/StageMonitoring.uplugin" 342
"../../../Engine/Plugins/Editor/ContentBrowser/ContentBrowserClassDataSource/ContentBrowserClassDataSource.uplugin" 343
"../../../Engine/Plugins/VirtualProduction/CompositePlane/CompositePlane.uplugin" 344
"../../../Engine/Plugins/Runtime/Synthesis/Synthesis.uplugin" 345
"../../../Engine/Plugins/Experimental/Enterprise/DatasmithRuntime/DatasmithRuntime.uplugin" 346
"../../../Engine/Plugins/Experimental/Enterprise/DataprepGeometryOperations/DataprepGeometryOperations.uplugin" 347
"../../../Engine/Plugins/Experimental/VirtualProduction/LedWallCalibration/LedWallCalibration.uplugin" 348
"../../../Engine/Plugins/Online/Android/OnlineSubsystemGooglePlay/OnlineSubsystemGooglePlay.uplugin" 349
"../../../Engine/Plugins/Online/IOS/OnlineSubsystemIOS/OnlineSubsystemIOS.uplugin" 350
"../../../Engine/Plugins/Online/Android/OnlineSubsystemGameCircle/OnlineSubsystemGameCircle.uplugin" 351
"../../../Engine/Plugins/Online/VoiceChat/EOSVoiceChat/EOSVoiceChat.uplugin" 352
"../../../Engine/Plugins/Online/VoiceChat/VivoxVoiceChat/VivoxVoiceChat.uplugin" 353
"../../../Engine/Plugins/Enterprise/DatasmithIFCImporter/DatasmithIFCImporter.uplugin" 354
"../../../Engine/Plugins/Runtime/Spatialization/Spatialization.uplugin" 355
"../../../Engine/Plugins/Runtime/Analytics/Adjust/Adjust.uplugin" 356
"../../../Engine/Plugins/Editor/ContentBrowser/ContentBrowserFileDataSource/ContentBrowserFileDataSource.uplugin" 357
"../../../Engine/Plugins/Runtime/Analytics/Flurry/Flurry.uplugin" 358
"../../../Engine/Plugins/Runtime/Analytics/AnalyticsMulticast/AnalyticsMulticast.uplugin" 359
"../../../Engine/Plugins/Runtime/AR/ARUtilities/ARUtilities.uplugin" 360
"../../../Engine/Plugins/Runtime/AR/AzureSpatialAnchorsForARCore/AzureSpatialAnchorsForARCore.uplugin" 361
"../../../Engine/Plugins/FX/CascadeToNiagaraConverter/CascadeToNiagaraConverter.uplugin" 362
"../../../Engine/Plugins/Runtime/AR/AzureSpatialAnchors/AzureSpatialAnchors.uplugin" 363
"../../../Engine/Plugins/Runtime/WebBrowserNativeProxy/WebBrowserNativeProxy.uplugin" 364
"../../../Engine/Plugins/Runtime/Database/DatabaseSupport/DatabaseSupport.uplugin" 365
"../../../Engine/Plugins/Runtime/Database/ADOSupport/ADOSupport.uplugin" 366
"../../../Engine/Plugins/Runtime/Advertising/IOSTapJoy/IOSTapJoy.uplugin" 367
"../../../Engine/Plugins/Runtime/Database/RemoteDatabaseSupport/RemoteDatabaseSupport.uplugin" 368
"../../../Engine/Plugins/Online/VoiceChat/VoiceChat/VoiceChat.uplugin" 369
"../../../Engine/Plugins/Runtime/Database/SQLiteCore/SQLiteCore.uplugin" 370
"../../../Engine/Plugins/Runtime/Analytics/AnalyticsBlueprintLibrary/AnalyticsBlueprintLibrary.uplugin" 371
"../../../Engine/Plugins/Runtime/GoogleVR/GoogleVRController/GoogleVRController.uplugin" 372
"../../../Engine/Plugins/Runtime/GoogleVR/GoogleVRTransition2D/GoogleVRTransition2D.uplugin" 373
"../../../Engine/Plugins/Runtime/Nvidia/Ansel/Ansel.uplugin" 374
"../../../Engine/Plugins/Runtime/TimeSynth/TimeSynth.uplugin" 375
"../../../Engine/Plugins/Runtime/Oculus/OculusVR/OculusVR.uplugin" 376
"../../../Engine/Plugins/Runtime/Oculus/OculusOpenXR/OculusOpenXR.uplugin" 377
"../../../Engine/Plugins/Runtime/Oculus/OculusAudio/OculusAudio.uplugin" 378
"../../../Engine/Plugins/Runtime/PacketHandlers/DTLSHandlerComponent/DTLSHandlerComponent.uplugin" 379
"../../../Engine/Plugins/Runtime/PacketHandlers/AESHandlerComponent/AESHandlerComponent.uplugin" 380
"../../../Engine/Plugins/Runtime/Analytics/FileLogging/FileLogging.uplugin" 381
"../../../Engine/Plugins/VirtualProduction/DMX/DMXDisplayCluster/DMXDisplayCluster.uplugin" 382
"../../../Engine/Plugins/Runtime/MeshReconstruction/DummyMeshReconstructor/DummyMeshReconstructor.uplugin" 383
"../../../Engine/Plugins/Experimental/AR/PointCloud/PointCloud.uplugin" 384
"../../../Engine/Plugins/VirtualProduction/DMX/DMXFixtures/DMXFixtures.uplugin" 385
"../../../Engine/Plugins/Runtime/Steam/SteamAudio/SteamAudio.uplugin" 386
"../../../Engine/Plugins/Runtime/Steam/SteamController/SteamController.uplugin" 387
"../../../Engine/Plugins/Runtime/PacketHandlers/AESGCMHandlerComponent/AESGCMHandlerComponent.uplugin" 388
"../../../Engine/Plugins/Runtime/Steam/SteamSockets/SteamSockets.uplugin" 389
"../../../Engine/Plugins/Runtime/Steam/SteamVR/SteamVR.uplugin" 390
"../../../Engine/Plugins/Runtime/AR/AzureSpatialAnchorsForWMR/AzureSpatialAnchorsForWMR.uplugin" 391
"../../../Engine/Plugins/Developer/Concert/ConcertSync/ConcertSyncTest/ConcertSyncTest.uplugin" 392
"../../../Engine/Plugins/Runtime/Database/SQLiteSupport/SQLiteSupport.uplugin" 393
"../../../Engine/Plugins/Developer/Concert/ConcertSync/ConcertSyncClient/ConcertSyncClient.uplugin" 394
"../../../Engine/Plugins/Developer/Concert/ConcertSync/ConcertSyncServer/ConcertSyncServer.uplugin" 395
"../../../Engine/Plugins/Runtime/Nvidia/Reflex/Reflex.uplugin" 396
"../../../Engine/Plugins/Developer/Concert/ConcertSync/ConcertSyncCore/ConcertSyncCore.uplugin" 397
"../../../Engine/Plugins/Runtime/AR/AppleAR/AppleARKit/AppleARKit.uplugin" 398
"../../../Engine/Plugins/Compression/OodleNetwork/OodleNetwork.uplugin" 399
"../../../Engine/Plugins/VirtualProduction/DMX/DMXPixelMapping/DMXPixelMapping.uplugin" 400
"../../../Engine/Plugins/VirtualProduction/DMX/DMXEngine/DMXEngine.uplugin" 401
"../../../Engine/Plugins/Runtime/AR/AzureSpatialAnchorsForARKit/AzureSpatialAnchorsForARKit.uplugin" 402
"../../../Engine/Plugins/Runtime/Steam/SteamShared/SteamShared.uplugin" 403
"../../../Engine/Plugins/Runtime/GoogleVR/GoogleVRHMD/GoogleVRHMD.uplugin" 404
"../../../Engine/Plugins/Runtime/XR/XRVisualization/XRVisualization.uplugin" 405
"../../../Engine/Plugins/Runtime/Windows/WinDualShock/WinDualShock.uplugin" 406
"../../../Engine/Plugins/Runtime/AR/AppleAR/AppleARKitFaceSupport/AppleARKitFaceSupport.uplugin" 407
"../../../Engine/Plugins/VirtualProduction/DMX/DMXProtocol/DMXProtocol.uplugin" 408
"../../../Engine/Plugins/Runtime/AR/Google/GoogleARCore/GoogleARCore.uplugin" 409
"../../../Engine/Plugins/Runtime/AR/Microsoft/HoloLensAR/HoloLensAR.uplugin" 410
"../../../Engine/Plugins/Runtime/AR/Google/GoogleARCoreServices/GoogleARCoreServices.uplugin" 411
"../../../Engine/Plugins/Enterprise/AxFImporter/AxFImporter.uplugin" 412
"../../../Engine/Content/Internationalization/icudt64l/cnvalias.icu" 413
"../../../Engine/Content/Internationalization/icudt64l/res_index.res" 414
"../../../Engine/Content/Internationalization/icudt64l/plurals.res" 415
"../../../Engine/Content/Internationalization/icudt64l/lang/ru.res" 416
"../../../Engine/Content/Internationalization/icudt64l/lang/pool.res" 417
"../../../Engine/Content/Internationalization/icudt64l/lang/root.res" 418
"../../../Engine/Content/Internationalization/icudt64l/region/ru.res" 419
"../../../Engine/Content/Internationalization/icudt64l/region/pool.res" 420
"../../../Engine/Content/Internationalization/icudt64l/region/root.res" 421
"../../../Engine/Content/Internationalization/icudt64l/lang/en.res" 422
"../../../Engine/Content/Internationalization/icudt64l/region/en.res" 423
"../../../Engine/Content/Internationalization/icudt64l/windowsZones.res" 424
"../../../Engine/Content/Internationalization/icudt64l/zoneinfo64.res" 425
"../../../Engine/Content/Internationalization/icudt64l/keyTypeData.res" 426
"../../../Engine/Content/Internationalization/icudt64l/timezoneTypes.res" 427
"../../../Engine/Content/Internationalization/icudt64l/likelySubtags.res" 428
"../../../Engine/Content/Internationalization/icudt64l/ru_RU.res" 429
"../../../Engine/Content/Internationalization/icudt64l/pool.res" 430
"../../../Engine/Content/Internationalization/icudt64l/ru.res" 431
"../../../Engine/Content/Internationalization/icudt64l/root.res" 432
"../../../Engine/Content/Internationalization/icudt64l/supplementalData.res" 433
"C:/Users/User/AppData/Local/UnrealEngine/4.27/Saved/Config/Windows/Manifest.ini" 434
"../../../Engine/Config/Windows/BaseWindowsEngine.ini" 435
"../../../Engine/Config/Windows/WindowsEngine.ini" 436
"D:/2new/Unauticna test/game-unauticna/Unreal Code/UnauticnaCastle/Saved/Config/Windows/Engine.ini" 437
"../../../Engine/Config/BaseGame.ini" 438
"../../../../../../2new/Unauticna test/game-unauticna/Unreal Code/UnauticnaCastle/Config/DefaultGame.ini" 439
"../../../Engine/Config/Windows/WindowsGame.ini" 440
"D:/2new/Unauticna test/game-unauticna/Unreal Code/UnauticnaCastle/Saved/Config/Windows/Game.ini" 441
"../../../Engine/Config/BaseInput.ini" 442
"../../../../../../2new/Unauticna test/game-unauticna/Unreal Code/UnauticnaCastle/Config/DefaultInput.ini" 443
"D:/2new/Unauticna test/game-unauticna/Unreal Code/UnauticnaCastle/Saved/Config/Windows/Input.ini" 444
"../../../Engine/Config/BaseEditor.ini" 445
"../../../../../../2new/Unauticna test/game-unauticna/Unreal Code/UnauticnaCastle/Config/DefaultEditor.ini" 446
"D:/2new/Unauticna test/game-unauticna/Unreal Code/UnauticnaCastle/Saved/Config/Windows/Editor.ini" 447
"../../../Engine/Config/BaseEditorPerProjectUserSettings.ini" 448
"../../../../../../2new/Unauticna test/game-unauticna/Unreal Code/UnauticnaCastle/Config/DefaultEditorPerProjectUserSettings.ini" 449
"D:/2new/Unauticna test/game-unauticna/Unreal Code/UnauticnaCastle/Saved/Config/Windows/EditorPerProjectUserSettings.ini" 450
"../../../Engine/Config/BaseEditorSettings.ini" 451
"C:/Users/User/AppData/Local/UnrealEngine/4.27/Saved/Config/Windows/EditorSettings.ini" 452
"../../../Engine/Config/BaseEditorKeyBindings.ini" 453
"C:/Users/User/AppData/Local/UnrealEngine/4.27/Saved/Config/Windows/EditorKeyBindings.ini" 454
"C:/Users/User/AppData/Local/UnrealEngine/4.27/Saved/Config/Windows/EditorLayout.ini" 455
"../../../Engine/Config/BaseCompat.ini" 456
"D:/2new/Unauticna test/game-unauticna/Unreal Code/UnauticnaCastle/Saved/Config/Windows/Compat.ini" 457
"../../../Engine/Config/BaseLightmass.ini" 458
"D:/2new/Unauticna test/game-unauticna/Unreal Code/UnauticnaCastle/Saved/Config/Windows/Lightmass.ini" 459
"../../../Engine/Config/BaseScalability.ini" 460
"D:/2new/Unauticna test/game-unauticna/Unreal Code/UnauticnaCastle/Saved/Config/Windows/Scalability.ini" 461
"../../../Engine/Config/BaseHardware.ini" 462
"D:/2new/Unauticna test/game-unauticna/Unreal Code/UnauticnaCastle/Saved/Config/Windows/Hardware.ini" 463
"../../../Engine/Config/BaseRuntimeOptions.ini" 464
"D:/2new/Unauticna test/game-unauticna/Unreal Code/UnauticnaCastle/Saved/Config/Windows/RuntimeOptions.ini" 465
"../../../Engine/Config/BaseInstallBundle.ini" 466
"../../../Engine/Config/BaseDeviceProfiles.ini" 467
"D:/2new/Unauticna test/game-unauticna/Unreal Code/UnauticnaCastle/Saved/Config/Windows/DeviceProfiles.ini" 468
"../../../Engine/Config/BaseGameUserSettings.ini" 469
"D:/2new/Unauticna test/game-unauticna/Unreal Code/UnauticnaCastle/Saved/Config/Windows/GameUserSettings.ini" 470
"../../../../../../2new/Unauticna test/game-unauticna/Unreal Code/UnauticnaCastle/Binaries/Win64/UnauticnaCastle-Win64-Shipping.target" 471
"../../../Engine/Binaries/Win64/BootstrapPackagedGame-Win64-Shipping.target" 472
"../../../Engine/Binaries/Win64/BuildPatchTool-Win64-Shipping.target" 473
"../../../Engine/Binaries/Win64/CrashReportClient-Win64-Shipping.target" 474
"../../../Engine/Binaries/Win64/CrashReportClientEditor-Win64-Shipping.target" 475
"../../../Engine/Binaries/Win64/DatasmithCADWorker.target" 476
"../../../Engine/Binaries/Win64/LiveCodingConsole.target" 477
"../../../Engine/Binaries/Win64/ShaderCompileWorker.target" 478
"../../../Engine/Binaries/Win64/SwitchboardListener.target" 479
"../../../Engine/Binaries/Win64/UE4Editor-Win64-DebugGame.target" 480
"../../../Engine/Binaries/Win64/UE4Editor.target" 481
"../../../Engine/Plugins/2D/Paper2D/Config/BasePaper2D.ini" 482
"D:/2new/Unauticna test/game-unauticna/Unreal Code/UnauticnaCastle/Saved/Config/Windows/Paper2D.ini" 483
"../../../Engine/Plugins/Animation/LiveLink/Config/BaseLiveLink.ini" 484
"D:/2new/Unauticna test/game-unauticna/Unreal Code/UnauticnaCastle/Saved/Config/Windows/LiveLink.ini" 485
"../../../Engine/Plugins/Enterprise/VariantManagerContent/Config/BaseVariantManagerContent.ini" 486
"D:/2new/Unauticna test/game-unauticna/Unreal Code/UnauticnaCastle/Saved/Config/Windows/VariantManagerContent.ini" 487
"../../../Engine/Plugins/Lumin/MagicLeap/Config/BaseMagicLeap.ini" 488
"D:/2new/Unauticna test/game-unauticna/Unreal Code/UnauticnaCastle/Saved/Config/Windows/MagicLeap.ini" 489
"../../../Engine/Plugins/Lumin/MagicLeapLightEstimation/Config/BaseMagicLeapLightEstimation.ini" 490
"D:/2new/Unauticna test/game-unauticna/Unreal Code/UnauticnaCastle/Saved/Config/Windows/MagicLeapLightEstimation.ini" 491
"../../../Engine/Plugins/Experimental/MotoSynth/Config/BaseMotoSynth.ini" 492
"D:/2new/Unauticna test/game-unauticna/Unreal Code/UnauticnaCastle/Saved/Config/Windows/MotoSynth.ini" 493
"../../../Engine/Plugins/Runtime/PhysXVehicles/Config/BasePhysXVehicles.ini" 494
"D:/2new/Unauticna test/game-unauticna/Unreal Code/UnauticnaCastle/Saved/Config/Windows/PhysXVehicles.ini" 495
"../../../Engine/Plugins/Runtime/PostSplashScreen/Config/BasePostSplashScreen.ini" 496
"D:/2new/Unauticna test/game-unauticna/Unreal Code/UnauticnaCastle/Saved/Config/Windows/PostSplashScreen.ini" 497
"../../../Engine/Plugins/Runtime/Synthesis/Config/BaseSynthesis.ini" 498
"D:/2new/Unauticna test/game-unauticna/Unreal Code/UnauticnaCastle/Saved/Config/Windows/Synthesis.ini" 499
"../../../Engine/Plugins/FX/Niagara/Config/BaseNiagara.ini" 500
"D:/2new/Unauticna test/game-unauticna/Unreal Code/UnauticnaCastle/Saved/Config/Windows/Niagara.ini" 501
"../../../Engine/Plugins/Runtime/Oculus/OculusVR/Config/BaseOculusVR.ini" 502
"D:/2new/Unauticna test/game-unauticna/Unreal Code/UnauticnaCastle/Saved/Config/Windows/OculusVR.ini" 503
"../../../Engine/Plugins/MeshPainting/Binaries/Win64/UE4Editor.modules" 504
"../../../Engine/Plugins/Experimental/GeometryProcessing/Binaries/Win64/UE4Editor.modules" 505
"../../../Engine/Plugins/XGEController/Binaries/Win64/UE4Editor.modules" 506
"../../../Engine/Plugins/2D/Paper2D/Binaries/Win64/UE4Editor.modules" 507
"../../../Engine/Plugins/AI/AISupport/Binaries/Win64/UE4Editor.modules" 508
"../../../Engine/Plugins/Blendables/LightPropagationVolume/Binaries/Win64/UE4Editor.modules" 509
"../../../Engine/Plugins/Cameras/CameraShakePreviewer/Binaries/Win64/UE4Editor.modules" 510
"../../../Engine/Plugins/Cameras/GameplayCameras/Binaries/Win64/UE4Editor.modules" 511
"../../../Engine/Plugins/MovieScene/TemplateSequence/Binaries/Win64/UE4Editor.modules" 512
"../../../Engine/Plugins/MovieScene/LevelSequenceEditor/Binaries/Win64/UE4Editor.modules" 513
"../../../Engine/Plugins/AI/EnvironmentQueryEditor/Binaries/Win64/UE4Editor.modules" 514
"../../../Engine/Plugins/Enterprise/DatasmithContent/Binaries/Win64/UE4Editor.modules" 515
"../../../Engine/Plugins/Enterprise/VariantManagerContent/Binaries/Win64/UE4Editor.modules" 516
"../../../Engine/Plugins/Developer/AnimationSharing/Binaries/Win64/UE4Editor.modules" 517
"../../../Engine/Plugins/Runtime/SignificanceManager/Binaries/Win64/UE4Editor.modules" 518
"../../../Engine/Plugins/Developer/GitSourceControl/Binaries/Win64/UE4Editor.modules" 519
"../../../Engine/Plugins/Developer/CLionSourceCodeAccess/Binaries/Win64/UE4Editor.modules" 520
"../../../Engine/Plugins/Developer/PerforceSourceControl/Binaries/Win64/UE4Editor.modules" 521
"../../../Engine/Plugins/Developer/PixWinPlugin/Binaries/Win64/UE4Editor.modules" 522
"../../../Engine/Plugins/Developer/PluginUtils/Binaries/Win64/UE4Editor.modules" 523
"../../../Engine/Plugins/Developer/PlasticSourceControl/Binaries/Win64/UE4Editor.modules" 524
"../../../Engine/Plugins/Developer/PropertyAccessNode/Binaries/Win64/UE4Editor.modules" 525
"../../../Engine/Plugins/Runtime/PropertyAccess/Binaries/Win64/UE4Editor.modules" 526
"../../../Engine/Plugins/Developer/RiderSourceCodeAccess/Binaries/Win64/UE4Editor.modules" 527
"../../../Engine/Plugins/Developer/SubversionSourceControl/Binaries/Win64/UE4Editor.modules" 528
"../../../Engine/Plugins/Developer/TextureFormatOodle/Binaries/Win64/UE4Editor.modules" 529
"../../../Engine/Plugins/Developer/UObjectPlugin/Binaries/Win64/UE4Editor.modules" 530
"../../../Engine/Plugins/Developer/VisualStudioSourceCodeAccess/Binaries/Win64/UE4Editor.modules" 531
"../../../Engine/Plugins/Developer/VisualStudioCodeSourceCodeAccess/Binaries/Win64/UE4Editor.modules" 532
"../../../Engine/Plugins/Editor/AssetManagerEditor/Binaries/Win64/UE4Editor.modules" 533
"../../../Engine/Plugins/Editor/CryptoKeys/Binaries/Win64/UE4Editor.modules" 534
"../../../Engine/Plugins/Editor/CurveEditorTools/Binaries/Win64/UE4Editor.modules" 535
"../../../Engine/Plugins/Editor/FacialAnimation/Binaries/Win64/UE4Editor.modules" 536
"../../../Engine/Plugins/Editor/DataValidation/Binaries/Win64/UE4Editor.modules" 537
"../../../Engine/Plugins/Editor/GameplayTagsEditor/Binaries/Win64/UE4Editor.modules" 538
"../../../Engine/Plugins/Editor/GeometryMode/Binaries/Win64/UE4Editor.modules" 539
"../../../Engine/Plugins/Editor/MobileLauncherProfileWizard/Binaries/Win64/UE4Editor.modules" 540
"../../../Engine/Plugins/Editor/MaterialAnalyzer/Binaries/Win64/UE4Editor.modules" 541
"../../../Engine/Plugins/Editor/PluginBrowser/Binaries/Win64/UE4Editor.modules" 542
"../../../Engine/Plugins/Lumin/MLSDK/Binaries/Win64/UE4Editor.modules" 543
"../../../Engine/Plugins/Lumin/MagicLeap/Binaries/Win64/UE4Editor.modules" 544
"../../../Engine/Plugins/Lumin/MagicLeapPassableWorld/Binaries/Win64/UE4Editor.modules" 545
"../../../Engine/Plugins/Lumin/MagicLeapLightEstimation/Binaries/Win64/UE4Editor.modules" 546
"../../../Engine/Plugins/Editor/SpeedTreeImporter/Binaries/Win64/UE4Editor.modules" 547
"../../../Engine/Plugins/Lumin/MagicLeapMedia/Binaries/Win64/UE4Editor.modules" 548
"../../../Engine/Plugins/Experimental/AlembicImporter/Binaries/Win64/UE4Editor.modules" 549
"../../../Engine/Plugins/Experimental/GeometryCache/Binaries/Win64/UE4Editor.modules" 550
"../../../Engine/Plugins/Experimental/BackChannel/Binaries/Win64/UE4Editor.modules" 551
"../../../Engine/Plugins/Experimental/AutomationUtils/Binaries/Win64/UE4Editor.modules" 552
"../../../Engine/Plugins/Tests/ScreenshotTools/Binaries/Win64/UE4Editor.modules" 553
"../../../Engine/Plugins/Experimental/ChaosCloth/Binaries/Win64/UE4Editor.modules" 554
"../../../Engine/Plugins/Experimental/ChaosClothEditor/Binaries/Win64/UE4Editor.modules" 555
"../../../Engine/Plugins/Experimental/ChaosNiagara/Binaries/Win64/UE4Editor.modules" 556
"../../../Engine/Plugins/FX/Niagara/Binaries/Win64/UE4Editor.modules" 557
"../../../Engine/Plugins/Experimental/ChaosSolverPlugin/Binaries/Win64/UE4Editor.modules" 558
"../../../Engine/Plugins/Experimental/PythonScriptPlugin/Binaries/Win64/UE4Editor.modules" 559
"../../../Engine/Plugins/Editor/ContentBrowser/ContentBrowserFileDataSource/Binaries/Win64/UE4Editor.modules" 560
"../../../Engine/Plugins/Experimental/ChaosEditor/Binaries/Win64/UE4Editor.modules" 561
"../../../Engine/Plugins/Experimental/PlanarCutPlugin/Binaries/Win64/UE4Editor.modules" 562
"../../../Engine/Plugins/Runtime/EditableMesh/Binaries/Win64/UE4Editor.modules" 563
"../../../Engine/Plugins/Experimental/GeometryCollectionPlugin/Binaries/Win64/UE4Editor.modules" 564
"../../../Engine/Plugins/Runtime/ProceduralMeshComponent/Binaries/Win64/UE4Editor.modules" 565
"../../../Engine/Plugins/Experimental/CharacterAI/Binaries/Win64/UE4Editor.modules" 566
"../../../Engine/Plugins/Media/AndroidMedia/Binaries/Win64/UE4Editor.modules" 567
"../../../Engine/Plugins/Media/AvfMedia/Binaries/Win64/UE4Editor.modules" 568
"../../../Engine/Plugins/Media/MediaCompositing/Binaries/Win64/UE4Editor.modules" 569
"../../../Engine/Plugins/Media/ImgMedia/Binaries/Win64/UE4Editor.modules" 570
"../../../Engine/Plugins/Messaging/TcpMessaging/Binaries/Win64/UE4Editor.modules" 571
"../../../Engine/Plugins/Messaging/UdpMessaging/Binaries/Win64/UE4Editor.modules" 572
"../../../Engine/Plugins/Media/MediaPlayerEditor/Binaries/Win64/UE4Editor.modules" 573
"../../../Engine/Plugins/MovieScene/ActorSequence/Binaries/Win64/UE4Editor.modules" 574
"../../../Engine/Plugins/Media/WmfMedia/Binaries/Win64/UE4Editor.modules" 575
"../../../Engine/Plugins/MovieScene/MatineeToLevelSequence/Binaries/Win64/UE4Editor.modules" 576
"../../../Engine/Plugins/Experimental/OpenImageDenoise/Binaries/Win64/UE4Editor.modules" 577
"../../../Engine/Plugins/Experimental/MotoSynth/Binaries/Win64/UE4Editor.modules" 578
"../../../Engine/Plugins/Experimental/ProxyLODPlugin/Binaries/Win64/UE4Editor.modules" 579
"../../../Engine/Plugins/Experimental/PlatformCrypto/Binaries/Win64/UE4Editor.modules" 580
"../../../Engine/Plugins/Experimental/SkeletalReduction/Binaries/Win64/UE4Editor.modules" 581
"../../../Engine/Plugins/Online/OnlineSubsystem/Binaries/Win64/UE4Editor.modules" 582
"../../../Engine/Plugins/Online/OnlineSubsystemNull/Binaries/Win64/UE4Editor.modules" 583
"../../../Engine/Plugins/Online/OnlineSubsystemUtils/Binaries/Win64/UE4Editor.modules" 584
"../../../Engine/Plugins/Portal/LauncherChunkInstaller/Binaries/Win64/UE4Editor.modules" 585
"../../../Engine/Plugins/Runtime/ActorLayerUtilities/Binaries/Win64/UE4Editor.modules" 586
"../../../Engine/Plugins/Runtime/AndroidDeviceProfileSelector/Binaries/Win64/UE4Editor.modules" 587
"../../../Engine/Plugins/Runtime/AndroidPermission/Binaries/Win64/UE4Editor.modules" 588
"../../../Engine/Plugins/Runtime/AppleImageUtils/Binaries/Win64/UE4Editor.modules" 589
"../../../Engine/Plugins/Runtime/ArchVisCharacter/Binaries/Win64/UE4Editor.modules" 590
"../../../Engine/Plugins/Runtime/AssetTags/Binaries/Win64/UE4Editor.modules" 591
"../../../Engine/Plugins/Runtime/AudioCapture/Binaries/Win64/UE4Editor.modules" 592
"../../../Engine/Plugins/Runtime/CableComponent/Binaries/Win64/UE4Editor.modules" 593
"../../../Engine/Plugins/Runtime/CustomMeshComponent/Binaries/Win64/UE4Editor.modules" 594
"../../../Engine/Plugins/Runtime/ChunkDownloader/Binaries/Win64/UE4Editor.modules" 595
"../../../Engine/Plugins/Runtime/ExampleDeviceProfileSelector/Binaries/Win64/UE4Editor.modules" 596
"../../../Engine/Plugins/Runtime/GooglePAD/Binaries/Win64/UE4Editor.modules" 597
"../../../Engine/Plugins/Runtime/LocationServicesBPLibrary/Binaries/Win64/UE4Editor.modules" 598
"../../../Engine/Plugins/Runtime/MobilePatchingUtils/Binaries/Win64/UE4Editor.modules" 599
"../../../Engine/Plugins/Runtime/OpenXR/Binaries/Win64/UE4Editor.modules" 600
"../../../Engine/Plugins/Runtime/OpenXREyeTracker/Binaries/Win64/UE4Editor.modules" 601
"../../../Engine/Plugins/Runtime/OpenXRHandTracking/Binaries/Win64/UE4Editor.modules" 602
"../../../Engine/Plugins/Animation/LiveLink/Binaries/Win64/UE4Editor.modules" 603
"../../../Engine/Plugins/VirtualProduction/Takes/Binaries/Win64/UE4Editor.modules" 604
"../../../Engine/Plugins/Runtime/PhysXVehicles/Binaries/Win64/UE4Editor.modules" 605
"../../../Engine/Plugins/Runtime/RuntimePhysXCooking/Binaries/Win64/UE4Editor.modules" 606
"../../../Engine/Plugins/Runtime/SoundFields/Binaries/Win64/UE4Editor.modules" 607
"../../../Engine/Plugins/Runtime/Synthesis/Binaries/Win64/UE4Editor.modules" 608
"../../../Engine/Plugins/Runtime/AudioSynesthesia/Binaries/Win64/UE4Editor.modules" 609
"../../../Engine/Plugins/Runtime/WebMMoviePlayer/Binaries/Win64/UE4Editor.modules" 610
"../../../Engine/Plugins/Media/WebMMedia/Binaries/Win64/UE4Editor.modules" 611
"../../../Engine/Plugins/Runtime/WindowsMoviePlayer/Binaries/Win64/UE4Editor.modules" 612
"../../../Engine/Plugins/Compression/OodleData/Binaries/Win64/UE4Editor.modules" 613
"../../../Engine/Plugins/Compression/OodleNetwork/Binaries/Win64/UE4Editor.modules" 614
"../../../Engine/Plugins/Editor/ContentBrowser/ContentBrowserAssetDataSource/Binaries/Win64/UE4Editor.modules" 615
"../../../Engine/Plugins/Editor/ContentBrowser/ContentBrowserClassDataSource/Binaries/Win64/UE4Editor.modules" 616
"../../../Engine/Plugins/Runtime/Oculus/OculusVR/Binaries/Win64/UE4Editor.modules" 617
"../../../Engine/Plugins/Runtime/Steam/SteamVR/Binaries/Win64/UE4Editor.modules" 618
"../../../Engine/Content/Certificates/ThirdParty/cacert.pem" 619
"../../../Engine/Config/ConsoleVariables.ini" 620
"../../../Engine/Binaries/Win64/Android/UE4Editor.modules" 621
"../../../Engine/Binaries/Win64/IOS/UE4Editor.modules" 622
"../../../Engine/Binaries/Win64/Linux/UE4Editor.modules" 623
"../../../Engine/Binaries/Win64/Lumin/UE4Editor.modules" 624
"../../../Engine/Config/Android/BaseAndroidEngine.ini" 625
"../../../Engine/Config/Android/AndroidEngine.ini" 626
"../../../Engine/Config/Unix/UnixEngine.ini" 627
"../../../Engine/Config/Linux/LinuxEngine.ini" 628
"../../../Engine/Config/LinuxAArch64/LinuxAArch64Engine.ini" 629
"../../../Engine/Config/Lumin/LuminEngine.ini" 630
"../../../Engine/Config/Mac/BaseMacEngine.ini" 631
"../../../Engine/Config/Mac/MacEngine.ini" 632
"../../../Engine/Plugins/Online/OnlineSubsystem/Content/Localization/OnlineSubsystem/ru/OnlineSubsystem.locres" 633
"../../../Engine/Plugins/Online/OnlineSubsystemUtils/Content/Localization/OnlineSubsystemUtils/ru/OnlineSubsystemUtils.locres" 634
"../../../Engine/Plugins/Online/Android/OnlineSubsystemGooglePlay/Content/Localization/OnlineSubsystemGooglePlay/ru/OnlineSubsystemGooglePlay.locres" 635
"../../../Engine/Plugins/Online/IOS/OnlineSubsystemIOS/Content/Localization/OnlineSubsystemIOS/ru/OnlineSubsystemIOS.locres" 636
"../../../Engine/Content/Internationalization/icudt64l/numberingSystems.res" 637
"../../../Engine/Content/Internationalization/icudt64l/curr/supplementalData.res" 638
"../../../Engine/Content/Internationalization/icudt64l/curr/ru.res" 639
"../../../Engine/Content/Internationalization/icudt64l/curr/pool.res" 640
"../../../Engine/Content/Internationalization/icudt64l/curr/root.res" 641
"../../../Engine/Content/Internationalization/icudt64l/lang/af.res" 642
"../../../Engine/Content/Internationalization/icudt64l/region/af.res" 643
"../../../Engine/Content/Internationalization/icudt64l/lang/agq.res" 644
"../../../Engine/Content/Internationalization/icudt64l/region/agq.res" 645
"../../../Engine/Content/Internationalization/icudt64l/lang/ak.res" 646
"../../../Engine/Content/Internationalization/icudt64l/region/ak.res" 647
"../../../Engine/Content/Internationalization/icudt64l/lang/am.res" 648
"../../../Engine/Content/Internationalization/icudt64l/region/am.res" 649
"../../../Engine/Content/Internationalization/icudt64l/lang/ar.res" 650
"../../../Engine/Content/Internationalization/icudt64l/region/ar.res" 651
"../../../Engine/Content/Internationalization/icudt64l/region/ar_AE.res" 652
"../../../Engine/Content/Internationalization/icudt64l/lang/ar_EG.res" 653
"../../../Engine/Content/Internationalization/icudt64l/lang/ar_LY.res" 654
"../../../Engine/Content/Internationalization/icudt64l/region/ar_LY.res" 655
"../../../Engine/Content/Internationalization/icudt64l/lang/ar_SA.res" 656
"../../../Engine/Content/Internationalization/icudt64l/region/ar_SA.res" 657
"../../../Engine/Content/Internationalization/icudt64l/lang/as.res" 658
"../../../Engine/Content/Internationalization/icudt64l/region/as.res" 659
"../../../Engine/Content/Internationalization/icudt64l/lang/asa.res" 660
"../../../Engine/Content/Internationalization/icudt64l/region/asa.res" 661
"../../../Engine/Content/Internationalization/icudt64l/lang/ast.res" 662
"../../../Engine/Content/Internationalization/icudt64l/region/ast.res" 663
"../../../Engine/Content/Internationalization/icudt64l/lang/az.res" 664
"../../../Engine/Content/Internationalization/icudt64l/lang/az_Cyrl.res" 665
"../../../Engine/Content/Internationalization/icudt64l/lang/az_AZ.res" 666
"../../../Engine/Content/Internationalization/icudt64l/lang/az_Latn_AZ.res" 667
"../../../Engine/Content/Internationalization/icudt64l/lang/az_Latn.res" 668
"../../../Engine/Content/Internationalization/icudt64l/region/az_AZ.res" 669
"../../../Engine/Content/Internationalization/icudt64l/region/az_Latn_AZ.res" 670
"../../../Engine/Content/Internationalization/icudt64l/region/az_Latn.res" 671
"../../../Engine/Content/Internationalization/icudt64l/region/az.res" 672
"../../../Engine/Content/Internationalization/icudt64l/region/az_Cyrl.res" 673
"../../../Engine/Content/Internationalization/icudt64l/lang/bas.res" 674
"../../../Engine/Content/Internationalization/icudt64l/region/bas.res" 675
"../../../Engine/Content/Internationalization/icudt64l/lang/be.res" 676
"../../../Engine/Content/Internationalization/icudt64l/region/be.res" 677
"../../../Engine/Content/Internationalization/icudt64l/lang/bem.res" 678
"../../../Engine/Content/Internationalization/icudt64l/region/bem.res" 679
"../../../Engine/Content/Internationalization/icudt64l/lang/bez.res" 680
"../../../Engine/Content/Internationalization/icudt64l/region/bez.res" 681
"../../../Engine/Content/Internationalization/icudt64l/lang/bg.res" 682
"../../../Engine/Content/Internationalization/icudt64l/region/bg.res" 683
"../../../Engine/Content/Internationalization/icudt64l/lang/bm.res" 684
"../../../Engine/Content/Internationalization/icudt64l/region/bm.res" 685
"../../../Engine/Content/Internationalization/icudt64l/lang/bn.res" 686
"../../../Engine/Content/Internationalization/icudt64l/region/bn.res" 687
"../../../Engine/Content/Internationalization/icudt64l/lang/bn_IN.res" 688
"../../../Engine/Content/Internationalization/icudt64l/region/bn_IN.res" 689
"../../../Engine/Content/Internationalization/icudt64l/lang/bo.res" 690
"../../../Engine/Content/Internationalization/icudt64l/region/bo.res" 691
"../../../Engine/Content/Internationalization/icudt64l/region/bo_IN.res" 692
"../../../Engine/Content/Internationalization/icudt64l/lang/br.res" 693
"../../../Engine/Content/Internationalization/icudt64l/region/br.res" 694
"../../../Engine/Content/Internationalization/icudt64l/lang/brx.res" 695
"../../../Engine/Content/Internationalization/icudt64l/region/brx.res" 696
"../../../Engine/Content/Internationalization/icudt64l/lang/bs.res" 697
"../../../Engine/Content/Internationalization/icudt64l/lang/bs_Cyrl.res" 698
"../../../Engine/Content/Internationalization/icudt64l/lang/bs_BA.res" 699
"../../../Engine/Content/Internationalization/icudt64l/lang/bs_Latn_BA.res" 700
"../../../Engine/Content/Internationalization/icudt64l/lang/bs_Latn.res" 701
"../../../Engine/Content/Internationalization/icudt64l/region/bs_BA.res" 702
"../../../Engine/Content/Internationalization/icudt64l/region/bs_Latn_BA.res" 703
"../../../Engine/Content/Internationalization/icudt64l/region/bs_Latn.res" 704
"../../../Engine/Content/Internationalization/icudt64l/region/bs.res" 705
"../../../Engine/Content/Internationalization/icudt64l/region/bs_Cyrl.res" 706
"../../../Engine/Content/Internationalization/icudt64l/lang/ca.res" 707
"../../../Engine/Content/Internationalization/icudt64l/region/ca.res" 708
"../../../Engine/Content/Internationalization/icudt64l/lang/ccp.res" 709
"../../../Engine/Content/Internationalization/icudt64l/region/ccp.res" 710
"../../../Engine/Content/Internationalization/icudt64l/lang/ce.res" 711
"../../../Engine/Content/Internationalization/icudt64l/region/ce.res" 712
"../../../Engine/Content/Internationalization/icudt64l/lang/ceb.res" 713
"../../../Engine/Content/Internationalization/icudt64l/region/ceb.res" 714
"../../../Engine/Content/Internationalization/icudt64l/lang/cgg.res" 715
"../../../Engine/Content/Internationalization/icudt64l/region/cgg.res" 716
"../../../Engine/Content/Internationalization/icudt64l/lang/chr.res" 717
"../../../Engine/Content/Internationalization/icudt64l/region/chr.res" 718
"../../../Engine/Content/Internationalization/icudt64l/lang/ckb.res" 719
"../../../Engine/Content/Internationalization/icudt64l/region/ckb.res" 720
"../../../Engine/Content/Internationalization/icudt64l/lang/cs.res" 721
"../../../Engine/Content/Internationalization/icudt64l/region/cs.res" 722
"../../../Engine/Content/Internationalization/icudt64l/lang/cy.res" 723
"../../../Engine/Content/Internationalization/icudt64l/region/cy.res" 724
"../../../Engine/Content/Internationalization/icudt64l/lang/da.res" 725
"../../../Engine/Content/Internationalization/icudt64l/region/da.res" 726
"../../../Engine/Content/Internationalization/icudt64l/lang/dav.res" 727
"../../../Engine/Content/Internationalization/icudt64l/region/dav.res" 728
"../../../Engine/Content/Internationalization/icudt64l/lang/de.res" 729
"../../../Engine/Content/Internationalization/icudt64l/lang/de_AT.res" 730
"../../../Engine/Content/Internationalization/icudt64l/region/de_AT.res" 731
"../../../Engine/Content/Internationalization/icudt64l/region/de.res" 732
"../../../Engine/Content/Internationalization/icudt64l/lang/de_CH.res" 733
"../../../Engine/Content/Internationalization/icudt64l/region/de_CH.res" 734
"../../../Engine/Content/Internationalization/icudt64l/lang/de_LU.res" 735
"../../../Engine/Content/Internationalization/icudt64l/lang/dje.res" 736
"../../../Engine/Content/Internationalization/icudt64l/region/dje.res" 737
"../../../Engine/Content/Internationalization/icudt64l/lang/dsb.res" 738
"../../../Engine/Content/Internationalization/icudt64l/region/dsb.res" 739
"../../../Engine/Content/Internationalization/icudt64l/lang/dua.res" 740
"../../../Engine/Content/Internationalization/icudt64l/region/dua.res" 741
"../../../Engine/Content/Internationalization/icudt64l/lang/dyo.res" 742
"../../../Engine/Content/Internationalization/icudt64l/region/dyo.res" 743
"../../../Engine/Content/Internationalization/icudt64l/lang/dz.res" 744
"../../../Engine/Content/Internationalization/icudt64l/region/dz.res" 745
"../../../Engine/Content/Internationalization/icudt64l/lang/ebu.res" 746
"../../../Engine/Content/Internationalization/icudt64l/region/ebu.res" 747
"../../../Engine/Content/Internationalization/icudt64l/lang/ee.res" 748
"../../../Engine/Content/Internationalization/icudt64l/region/ee.res" 749
"../../../Engine/Content/Internationalization/icudt64l/lang/el.res" 750
"../../../Engine/Content/Internationalization/icudt64l/region/el.res" 751
"../../../Engine/Content/Internationalization/icudt64l/lang/en_001.res" 752
"../../../Engine/Content/Internationalization/icudt64l/lang/en_150.res" 753
"../../../Engine/Content/Internationalization/icudt64l/region/en_150.res" 754
"../../../Engine/Content/Internationalization/icudt64l/lang/en_AG.res" 755
"../../../Engine/Content/Internationalization/icudt64l/region/en_AG.res" 756
"../../../Engine/Content/Internationalization/icudt64l/lang/en_AI.res" 757
"../../../Engine/Content/Internationalization/icudt64l/region/en_AI.res" 758
"../../../Engine/Content/Internationalization/icudt64l/lang/en_AT.res" 759
"../../../Engine/Content/Internationalization/icudt64l/region/en_AT.res" 760
"../../../Engine/Content/Internationalization/icudt64l/lang/en_AU.res" 761
"../../../Engine/Content/Internationalization/icudt64l/region/en_AU.res" 762
"../../../Engine/Content/Internationalization/icudt64l/lang/en_BB.res" 763
"../../../Engine/Content/Internationalization/icudt64l/region/en_BB.res" 764
"../../../Engine/Content/Internationalization/icudt64l/lang/en_BE.res" 765
"../../../Engine/Content/Internationalization/icudt64l/region/en_BE.res" 766
"../../../Engine/Content/Internationalization/icudt64l/lang/en_BM.res" 767
"../../../Engine/Content/Internationalization/icudt64l/region/en_BM.res" 768
"../../../Engine/Content/Internationalization/icudt64l/lang/en_BS.res" 769
"../../../Engine/Content/Internationalization/icudt64l/region/en_BS.res" 770
"../../../Engine/Content/Internationalization/icudt64l/lang/en_BW.res" 771
"../../../Engine/Content/Internationalization/icudt64l/region/en_BW.res" 772
"../../../Engine/Content/Internationalization/icudt64l/lang/en_BZ.res" 773
"../../../Engine/Content/Internationalization/icudt64l/region/en_BZ.res" 774
"../../../Engine/Content/Internationalization/icudt64l/lang/en_CA.res" 775
"../../../Engine/Content/Internationalization/icudt64l/region/en_CA.res" 776
"../../../Engine/Content/Internationalization/icudt64l/lang/en_CC.res" 777
"../../../Engine/Content/Internationalization/icudt64l/region/en_CC.res" 778
"../../../Engine/Content/Internationalization/icudt64l/lang/en_CH.res" 779
"../../../Engine/Content/Internationalization/icudt64l/region/en_CH.res" 780
"../../../Engine/Content/Internationalization/icudt64l/lang/en_CK.res" 781
"../../../Engine/Content/Internationalization/icudt64l/region/en_CK.res" 782
"../../../Engine/Content/Internationalization/icudt64l/lang/en_CM.res" 783
"../../../Engine/Content/Internationalization/icudt64l/region/en_CM.res" 784
"../../../Engine/Content/Internationalization/icudt64l/lang/en_CX.res" 785
"../../../Engine/Content/Internationalization/icudt64l/region/en_CX.res" 786
"../../../Engine/Content/Internationalization/icudt64l/lang/en_CY.res" 787
"../../../Engine/Content/Internationalization/icudt64l/region/en_CY.res" 788
"../../../Engine/Content/Internationalization/icudt64l/lang/en_DE.res" 789
"../../../Engine/Content/Internationalization/icudt64l/region/en_DE.res" 790
"../../../Engine/Content/Internationalization/icudt64l/lang/en_DG.res" 791
"../../../Engine/Content/Internationalization/icudt64l/region/en_DG.res" 792
"../../../Engine/Content/Internationalization/icudt64l/lang/en_DK.res" 793
"../../../Engine/Content/Internationalization/icudt64l/region/en_DK.res" 794
"../../../Engine/Content/Internationalization/icudt64l/lang/en_DM.res" 795
"../../../Engine/Content/Internationalization/icudt64l/region/en_DM.res" 796
"../../../Engine/Content/Internationalization/icudt64l/lang/en_ER.res" 797
"../../../Engine/Content/Internationalization/icudt64l/region/en_ER.res" 798
"../../../Engine/Content/Internationalization/icudt64l/lang/en_FI.res" 799
"../../../Engine/Content/Internationalization/icudt64l/region/en_FI.res" 800
"../../../Engine/Content/Internationalization/icudt64l/lang/en_FJ.res" 801
"../../../Engine/Content/Internationalization/icudt64l/region/en_FJ.res" 802
"../../../Engine/Content/Internationalization/icudt64l/lang/en_FK.res" 803
"../../../Engine/Content/Internationalization/icudt64l/region/en_FK.res" 804
"../../../Engine/Content/Internationalization/icudt64l/lang/en_FM.res" 805
"../../../Engine/Content/Internationalization/icudt64l/region/en_FM.res" 806
"../../../Engine/Content/Internationalization/icudt64l/lang/en_GB.res" 807
"../../../Engine/Content/Internationalization/icudt64l/region/en_GB.res" 808
"../../../Engine/Content/Internationalization/icudt64l/lang/en_GD.res" 809
"../../../Engine/Content/Internationalization/icudt64l/region/en_GD.res" 810
"../../../Engine/Content/Internationalization/icudt64l/lang/en_GG.res" 811
"../../../Engine/Content/Internationalization/icudt64l/region/en_GG.res" 812
"../../../Engine/Content/Internationalization/icudt64l/lang/en_GH.res" 813
"../../../Engine/Content/Internationalization/icudt64l/region/en_GH.res" 814
"../../../Engine/Content/Internationalization/icudt64l/lang/en_GI.res" 815
"../../../Engine/Content/Internationalization/icudt64l/region/en_GI.res" 816
"../../../Engine/Content/Internationalization/icudt64l/lang/en_GM.res" 817
"../../../Engine/Content/Internationalization/icudt64l/region/en_GM.res" 818
"../../../Engine/Content/Internationalization/icudt64l/lang/en_GY.res" 819
"../../../Engine/Content/Internationalization/icudt64l/region/en_GY.res" 820
"../../../Engine/Content/Internationalization/icudt64l/lang/en_HK.res" 821
"../../../Engine/Content/Internationalization/icudt64l/region/en_HK.res" 822
"../../../Engine/Content/Internationalization/icudt64l/lang/en_IE.res" 823
"../../../Engine/Content/Internationalization/icudt64l/region/en_IE.res" 824
"../../../Engine/Content/Internationalization/icudt64l/lang/en_IL.res" 825
"../../../Engine/Content/Internationalization/icudt64l/region/en_IL.res" 826
"../../../Engine/Content/Internationalization/icudt64l/lang/en_IM.res" 827
"../../../Engine/Content/Internationalization/icudt64l/region/en_IM.res" 828
"../../../Engine/Content/Internationalization/icudt64l/lang/en_IN.res" 829
"../../../Engine/Content/Internationalization/icudt64l/region/en_IN.res" 830
"../../../Engine/Content/Internationalization/icudt64l/lang/en_IO.res" 831
"../../../Engine/Content/Internationalization/icudt64l/region/en_IO.res" 832
"../../../Engine/Content/Internationalization/icudt64l/lang/en_JE.res" 833
"../../../Engine/Content/Internationalization/icudt64l/region/en_JE.res" 834
"../../../Engine/Content/Internationalization/icudt64l/lang/en_JM.res" 835
"../../../Engine/Content/Internationalization/icudt64l/region/en_JM.res" 836
"../../../Engine/Content/Internationalization/icudt64l/lang/en_KE.res" 837
"../../../Engine/Content/Internationalization/icudt64l/region/en_KE.res" 838
"../../../Engine/Content/Internationalization/icudt64l/lang/en_KI.res" 839
"../../../Engine/Content/Internationalization/icudt64l/region/en_KI.res" 840
"../../../Engine/Content/Internationalization/icudt64l/lang/en_KN.res" 841
"../../../Engine/Content/Internationalization/icudt64l/region/en_KN.res" 842
"../../../Engine/Content/Internationalization/icudt64l/lang/en_KY.res" 843
"../../../Engine/Content/Internationalization/icudt64l/region/en_KY.res" 844
"../../../Engine/Content/Internationalization/icudt64l/lang/en_LC.res" 845
"../../../Engine/Content/Internationalization/icudt64l/region/en_LC.res" 846
"../../../Engine/Content/Internationalization/icudt64l/lang/en_LR.res" 847
"../../../Engine/Content/Internationalization/icudt64l/region/en_LR.res" 848
"../../../Engine/Content/Internationalization/icudt64l/lang/en_LS.res" 849
"../../../Engine/Content/Internationalization/icudt64l/region/en_LS.res" 850
"../../../Engine/Content/Internationalization/icudt64l/lang/en_MG.res" 851
"../../../Engine/Content/Internationalization/icudt64l/region/en_MG.res" 852
"../../../Engine/Content/Internationalization/icudt64l/lang/en_MO.res" 853
"../../../Engine/Content/Internationalization/icudt64l/region/en_MO.res" 854
"../../../Engine/Content/Internationalization/icudt64l/lang/en_MS.res" 855
"../../../Engine/Content/Internationalization/icudt64l/region/en_MS.res" 856
"../../../Engine/Content/Internationalization/icudt64l/lang/en_MT.res" 857
"../../../Engine/Content/Internationalization/icudt64l/region/en_MT.res" 858
"../../../Engine/Content/Internationalization/icudt64l/lang/en_MU.res" 859
"../../../Engine/Content/Internationalization/icudt64l/region/en_MU.res" 860
"../../../Engine/Content/Internationalization/icudt64l/lang/en_MW.res" 861
"../../../Engine/Content/Internationalization/icudt64l/region/en_MW.res" 862
"../../../Engine/Content/Internationalization/icudt64l/lang/en_MY.res" 863
"../../../Engine/Content/Internationalization/icudt64l/region/en_MY.res" 864
"../../../Engine/Content/Internationalization/icudt64l/lang/en_NA.res" 865
"../../../Engine/Content/Internationalization/icudt64l/region/en_NA.res" 866
"../../../Engine/Content/Internationalization/icudt64l/lang/en_NF.res" 867
"../../../Engine/Content/Internationalization/icudt64l/region/en_NF.res" 868
"../../../Engine/Content/Internationalization/icudt64l/lang/en_NG.res" 869
"../../../Engine/Content/Internationalization/icudt64l/region/en_NG.res" 870
"../../../Engine/Content/Internationalization/icudt64l/lang/en_NL.res" 871
"../../../Engine/Content/Internationalization/icudt64l/region/en_NL.res" 872
"../../../Engine/Content/Internationalization/icudt64l/lang/en_NR.res" 873
"../../../Engine/Content/Internationalization/icudt64l/region/en_NR.res" 874
"../../../Engine/Content/Internationalization/icudt64l/lang/en_NU.res" 875
"../../../Engine/Content/Internationalization/icudt64l/region/en_NU.res" 876
"../../../Engine/Content/Internationalization/icudt64l/lang/en_NZ.res" 877
"../../../Engine/Content/Internationalization/icudt64l/region/en_NZ.res" 878
"../../../Engine/Content/Internationalization/icudt64l/lang/en_PG.res" 879
"../../../Engine/Content/Internationalization/icudt64l/region/en_PG.res" 880
"../../../Engine/Content/Internationalization/icudt64l/lang/en_PH.res" 881
"../../../Engine/Content/Internationalization/icudt64l/region/en_PH.res" 882
"../../../Engine/Content/Internationalization/icudt64l/lang/en_PK.res" 883
"../../../Engine/Content/Internationalization/icudt64l/region/en_PK.res" 884
"../../../Engine/Content/Internationalization/icudt64l/lang/en_PN.res" 885
"../../../Engine/Content/Internationalization/icudt64l/region/en_PN.res" 886
"../../../Engine/Content/Internationalization/icudt64l/lang/en_PW.res" 887
"../../../Engine/Content/Internationalization/icudt64l/region/en_PW.res" 888
"../../../Engine/Content/Internationalization/icudt64l/lang/en_RW.res" 889
"../../../Engine/Content/Internationalization/icudt64l/region/en_RW.res" 890
"../../../Engine/Content/Internationalization/icudt64l/lang/en_SB.res" 891
"../../../Engine/Content/Internationalization/icudt64l/region/en_SB.res" 892
"../../../Engine/Content/Internationalization/icudt64l/lang/en_SC.res" 893
"../../../Engine/Content/Internationalization/icudt64l/region/en_SC.res" 894
"../../../Engine/Content/Internationalization/icudt64l/lang/en_SD.res" 895
"../../../Engine/Content/Internationalization/icudt64l/region/en_SD.res" 896
"../../../Engine/Content/Internationalization/icudt64l/lang/en_SE.res" 897
"../../../Engine/Content/Internationalization/icudt64l/region/en_SE.res" 898
"../../../Engine/Content/Internationalization/icudt64l/lang/en_SG.res" 899
"../../../Engine/Content/Internationalization/icudt64l/region/en_SG.res" 900
"../../../Engine/Content/Internationalization/icudt64l/lang/en_SH.res" 901
"../../../Engine/Content/Internationalization/icudt64l/region/en_SH.res" 902
"../../../Engine/Content/Internationalization/icudt64l/lang/en_SI.res" 903
"../../../Engine/Content/Internationalization/icudt64l/region/en_SI.res" 904
"../../../Engine/Content/Internationalization/icudt64l/lang/en_SL.res" 905
"../../../Engine/Content/Internationalization/icudt64l/region/en_SL.res" 906
"../../../Engine/Content/Internationalization/icudt64l/lang/en_SS.res" 907
"../../../Engine/Content/Internationalization/icudt64l/region/en_SS.res" 908
"../../../Engine/Content/Internationalization/icudt64l/lang/en_SX.res" 909
"../../../Engine/Content/Internationalization/icudt64l/region/en_SX.res" 910
"../../../Engine/Content/Internationalization/icudt64l/lang/en_SZ.res" 911
"../../../Engine/Content/Internationalization/icudt64l/region/en_SZ.res" 912
"../../../Engine/Content/Internationalization/icudt64l/lang/en_TC.res" 913
"../../../Engine/Content/Internationalization/icudt64l/region/en_TC.res" 914
"../../../Engine/Content/Internationalization/icudt64l/lang/en_TK.res" 915
"../../../Engine/Content/Internationalization/icudt64l/region/en_TK.res" 916
"../../../Engine/Content/Internationalization/icudt64l/lang/en_TO.res" 917
"../../../Engine/Content/Internationalization/icudt64l/region/en_TO.res" 918
"../../../Engine/Content/Internationalization/icudt64l/lang/en_TT.res" 919
"../../../Engine/Content/Internationalization/icudt64l/region/en_TT.res" 920
"../../../Engine/Content/Internationalization/icudt64l/lang/en_TV.res" 921
"../../../Engine/Content/Internationalization/icudt64l/region/en_TV.res" 922
"../../../Engine/Content/Internationalization/icudt64l/lang/en_TZ.res" 923
"../../../Engine/Content/Internationalization/icudt64l/region/en_TZ.res" 924
"../../../Engine/Content/Internationalization/icudt64l/lang/en_UG.res" 925
"../../../Engine/Content/Internationalization/icudt64l/region/en_UG.res" 926
"../../../Engine/Content/Internationalization/icudt64l/lang/en_VC.res" 927
"../../../Engine/Content/Internationalization/icudt64l/region/en_VC.res" 928
"../../../Engine/Content/Internationalization/icudt64l/lang/en_VG.res" 929
"../../../Engine/Content/Internationalization/icudt64l/region/en_VG.res" 930
"../../../Engine/Content/Internationalization/icudt64l/lang/en_VU.res" 931
"../../../Engine/Content/Internationalization/icudt64l/region/en_VU.res" 932
"../../../Engine/Content/Internationalization/icudt64l/lang/en_WS.res" 933
"../../../Engine/Content/Internationalization/icudt64l/region/en_WS.res" 934
"../../../Engine/Content/Internationalization/icudt64l/lang/en_ZA.res" 935
"../../../Engine/Content/Internationalization/icudt64l/region/en_ZA.res" 936
"../../../Engine/Content/Internationalization/icudt64l/lang/en_ZM.res" 937
"../../../Engine/Content/Internationalization/icudt64l/region/en_ZM.res" 938
"../../../Engine/Content/Internationalization/icudt64l/lang/en_ZW.res" 939
"../../../Engine/Content/Internationalization/icudt64l/region/en_ZW.res" 940
"../../../Engine/Content/Internationalization/icudt64l/lang/eo.res" 941
"../../../Engine/Content/Internationalization/icudt64l/region/eo.res" 942
"../../../Engine/Content/Internationalization/icudt64l/lang/es.res" 943
"../../../Engine/Content/Internationalization/icudt64l/lang/es_419.res" 944
"../../../Engine/Content/Internationalization/icudt64l/region/es_419.res" 945
"../../../Engine/Content/Internationalization/icudt64l/region/es.res" 946
"../../../Engine/Content/Internationalization/icudt64l/lang/es_AR.res" 947
"../../../Engine/Content/Internationalization/icudt64l/region/es_AR.res" 948
"../../../Engine/Content/Internationalization/icudt64l/lang/es_BO.res" 949
"../../../Engine/Content/Internationalization/icudt64l/region/es_BO.res" 950
"../../../Engine/Content/Internationalization/icudt64l/lang/es_BR.res" 951
"../../../Engine/Content/Internationalization/icudt64l/region/es_BR.res" 952
"../../../Engine/Content/Internationalization/icudt64l/lang/es_BZ.res" 953
"../../../Engine/Content/Internationalization/icudt64l/region/es_BZ.res" 954
"../../../Engine/Content/Internationalization/icudt64l/lang/es_CL.res" 955
"../../../Engine/Content/Internationalization/icudt64l/region/es_CL.res" 956
"../../../Engine/Content/Internationalization/icudt64l/lang/es_CO.res" 957
"../../../Engine/Content/Internationalization/icudt64l/region/es_CO.res" 958
"../../../Engine/Content/Internationalization/icudt64l/lang/es_CR.res" 959
"../../../Engine/Content/Internationalization/icudt64l/region/es_CR.res" 960
"../../../Engine/Content/Internationalization/icudt64l/lang/es_CU.res" 961
"../../../Engine/Content/Internationalization/icudt64l/region/es_CU.res" 962
"../../../Engine/Content/Internationalization/icudt64l/lang/es_DO.res" 963
"../../../Engine/Content/Internationalization/icudt64l/region/es_DO.res" 964
"../../../Engine/Content/Internationalization/icudt64l/lang/es_EC.res" 965
"../../../Engine/Content/Internationalization/icudt64l/region/es_EC.res" 966
"../../../Engine/Content/Internationalization/icudt64l/lang/es_GT.res" 967
"../../../Engine/Content/Internationalization/icudt64l/region/es_GT.res" 968
"../../../Engine/Content/Internationalization/icudt64l/lang/es_HN.res" 969
"../../../Engine/Content/Internationalization/icudt64l/region/es_HN.res" 970
"../../../Engine/Content/Internationalization/icudt64l/lang/es_MX.res" 971
"../../../Engine/Content/Internationalization/icudt64l/region/es_MX.res" 972
"../../../Engine/Content/Internationalization/icudt64l/lang/es_NI.res" 973
"../../../Engine/Content/Internationalization/icudt64l/region/es_NI.res" 974
"../../../Engine/Content/Internationalization/icudt64l/lang/es_PA.res" 975
"../../../Engine/Content/Internationalization/icudt64l/region/es_PA.res" 976
"../../../Engine/Content/Internationalization/icudt64l/lang/es_PE.res" 977
"../../../Engine/Content/Internationalization/icudt64l/region/es_PE.res" 978
"../../../Engine/Content/Internationalization/icudt64l/lang/es_PR.res" 979
"../../../Engine/Content/Internationalization/icudt64l/region/es_PR.res" 980
"../../../Engine/Content/Internationalization/icudt64l/lang/es_PY.res" 981
"../../../Engine/Content/Internationalization/icudt64l/region/es_PY.res" 982
"../../../Engine/Content/Internationalization/icudt64l/lang/es_SV.res" 983
"../../../Engine/Content/Internationalization/icudt64l/region/es_SV.res" 984
"../../../Engine/Content/Internationalization/icudt64l/lang/es_US.res" 985
"../../../Engine/Content/Internationalization/icudt64l/region/es_US.res" 986
"../../../Engine/Content/Internationalization/icudt64l/lang/es_UY.res" 987
"../../../Engine/Content/Internationalization/icudt64l/region/es_UY.res" 988
"../../../Engine/Content/Internationalization/icudt64l/lang/es_VE.res" 989
"../../../Engine/Content/Internationalization/icudt64l/region/es_VE.res" 990
"../../../Engine/Content/Internationalization/icudt64l/lang/et.res" 991
"../../../Engine/Content/Internationalization/icudt64l/region/et.res" 992
"../../../Engine/Content/Internationalization/icudt64l/lang/eu.res" 993
"../../../Engine/Content/Internationalization/icudt64l/region/eu.res" 994
"../../../Engine/Content/Internationalization/icudt64l/lang/ewo.res" 995
"../../../Engine/Content/Internationalization/icudt64l/region/ewo.res" 996
"../../../Engine/Content/Internationalization/icudt64l/lang/fa.res" 997
"../../../Engine/Content/Internationalization/icudt64l/lang/fa_AF.res" 998
"../../../Engine/Content/Internationalization/icudt64l/region/fa_AF.res" 999
"../../../Engine/Content/Internationalization/icudt64l/region/fa.res" 1000
"../../../Engine/Content/Internationalization/icudt64l/lang/ff.res" 1001
"../../../Engine/Content/Internationalization/icudt64l/lang/ff_Latn.res" 1002
"../../../Engine/Content/Internationalization/icudt64l/region/ff.res" 1003
"../../../Engine/Content/Internationalization/icudt64l/region/ff_Latn.res" 1004
"../../../Engine/Content/Internationalization/icudt64l/lang/ff_CM.res" 1005
"../../../Engine/Content/Internationalization/icudt64l/lang/ff_Latn_CM.res" 1006
"../../../Engine/Content/Internationalization/icudt64l/region/ff_CM.res" 1007
"../../../Engine/Content/Internationalization/icudt64l/region/ff_Latn_CM.res" 1008
"../../../Engine/Content/Internationalization/icudt64l/lang/ff_GN.res" 1009
"../../../Engine/Content/Internationalization/icudt64l/lang/ff_Latn_GN.res" 1010
"../../../Engine/Content/Internationalization/icudt64l/region/ff_GN.res" 1011
"../../../Engine/Content/Internationalization/icudt64l/region/ff_Latn_GN.res" 1012
"../../../Engine/Content/Internationalization/icudt64l/lang/ff_MR.res" 1013
"../../../Engine/Content/Internationalization/icudt64l/lang/ff_Latn_MR.res" 1014
"../../../Engine/Content/Internationalization/icudt64l/region/ff_MR.res" 1015
"../../../Engine/Content/Internationalization/icudt64l/region/ff_Latn_MR.res" 1016
"../../../Engine/Content/Internationalization/icudt64l/lang/ff_SN.res" 1017
"../../../Engine/Content/Internationalization/icudt64l/lang/ff_Latn_SN.res" 1018
"../../../Engine/Content/Internationalization/icudt64l/region/ff_SN.res" 1019
"../../../Engine/Content/Internationalization/icudt64l/region/ff_Latn_SN.res" 1020
"../../../Engine/Content/Internationalization/icudt64l/lang/fi.res" 1021
"../../../Engine/Content/Internationalization/icudt64l/region/fi.res" 1022
"../../../Engine/Content/Internationalization/icudt64l/lang/fil.res" 1023
"../../../Engine/Content/Internationalization/icudt64l/lang/fil_PH.res" 1024
"../../../Engine/Content/Internationalization/icudt64l/region/fil_PH.res" 1025
"../../../Engine/Content/Internationalization/icudt64l/region/fil.res" 1026
"../../../Engine/Content/Internationalization/icudt64l/lang/fo.res" 1027
"../../../Engine/Content/Internationalization/icudt64l/region/fo.res" 1028
"../../../Engine/Content/Internationalization/icudt64l/lang/fr.res" 1029
"../../../Engine/Content/Internationalization/icudt64l/lang/fr_BE.res" 1030
"../../../Engine/Content/Internationalization/icudt64l/region/fr_BE.res" 1031
"../../../Engine/Content/Internationalization/icudt64l/region/fr.res" 1032
"../../../Engine/Content/Internationalization/icudt64l/lang/fr_CA.res" 1033
"../../../Engine/Content/Internationalization/icudt64l/region/fr_CA.res" 1034
"../../../Engine/Content/Internationalization/icudt64l/lang/fr_CH.res" 1035
"../../../Engine/Content/Internationalization/icudt64l/lang/fur.res" 1036
"../../../Engine/Content/Internationalization/icudt64l/region/fur.res" 1037
"../../../Engine/Content/Internationalization/icudt64l/lang/fy.res" 1038
"../../../Engine/Content/Internationalization/icudt64l/region/fy.res" 1039
"../../../Engine/Content/Internationalization/icudt64l/lang/ga.res" 1040
"../../../Engine/Content/Internationalization/icudt64l/region/ga.res" 1041
"../../../Engine/Content/Internationalization/icudt64l/lang/gd.res" 1042
"../../../Engine/Content/Internationalization/icudt64l/region/gd.res" 1043
"../../../Engine/Content/Internationalization/icudt64l/lang/gl.res" 1044
"../../../Engine/Content/Internationalization/icudt64l/region/gl.res" 1045
"../../../Engine/Content/Internationalization/icudt64l/lang/gsw.res" 1046
"../../../Engine/Content/Internationalization/icudt64l/region/gsw.res" 1047
"../../../Engine/Content/Internationalization/icudt64l/lang/gu.res" 1048
"../../../Engine/Content/Internationalization/icudt64l/region/gu.res" 1049
"../../../Engine/Content/Internationalization/icudt64l/lang/guz.res" 1050
"../../../Engine/Content/Internationalization/icudt64l/region/guz.res" 1051
"../../../Engine/Content/Internationalization/icudt64l/lang/gv.res" 1052
"../../../Engine/Content/Internationalization/icudt64l/region/gv.res" 1053
"../../../Engine/Content/Internationalization/icudt64l/lang/ha.res" 1054
"../../../Engine/Content/Internationalization/icudt64l/region/ha.res" 1055
"../../../Engine/Content/Internationalization/icudt64l/lang/ha_NE.res" 1056
"../../../Engine/Content/Internationalization/icudt64l/region/ha_NE.res" 1057
"../../../Engine/Content/Internationalization/icudt64l/lang/haw.res" 1058
"../../../Engine/Content/Internationalization/icudt64l/region/haw.res" 1059
"../../../Engine/Content/Internationalization/icudt64l/lang/he.res" 1060
"../../../Engine/Content/Internationalization/icudt64l/lang/he_IL.res" 1061
"../../../Engine/Content/Internationalization/icudt64l/region/he_IL.res" 1062
"../../../Engine/Content/Internationalization/icudt64l/region/he.res" 1063
"../../../Engine/Content/Internationalization/icudt64l/lang/hi.res" 1064
"../../../Engine/Content/Internationalization/icudt64l/region/hi.res" 1065
"../../../Engine/Content/Internationalization/icudt64l/lang/hr.res" 1066
"../../../Engine/Content/Internationalization/icudt64l/region/hr.res" 1067
"../../../Engine/Content/Internationalization/icudt64l/lang/hsb.res" 1068
"../../../Engine/Content/Internationalization/icudt64l/region/hsb.res" 1069
"../../../Engine/Content/Internationalization/icudt64l/lang/hu.res" 1070
"../../../Engine/Content/Internationalization/icudt64l/region/hu.res" 1071
"../../../Engine/Content/Internationalization/icudt64l/lang/hy.res" 1072
"../../../Engine/Content/Internationalization/icudt64l/region/hy.res" 1073
"../../../Engine/Content/Internationalization/icudt64l/lang/ia.res" 1074
"../../../Engine/Content/Internationalization/icudt64l/region/ia.res" 1075
"../../../Engine/Content/Internationalization/icudt64l/lang/id.res" 1076
"../../../Engine/Content/Internationalization/icudt64l/lang/id_ID.res" 1077
"../../../Engine/Content/Internationalization/icudt64l/region/id_ID.res" 1078
"../../../Engine/Content/Internationalization/icudt64l/region/id.res" 1079
"../../../Engine/Content/Internationalization/icudt64l/lang/ig.res" 1080
"../../../Engine/Content/Internationalization/icudt64l/region/ig.res" 1081
"../../../Engine/Content/Internationalization/icudt64l/lang/ii.res" 1082
"../../../Engine/Content/Internationalization/icudt64l/region/ii.res" 1083
"../../../Engine/Content/Internationalization/icudt64l/lang/is.res" 1084
"../../../Engine/Content/Internationalization/icudt64l/region/is.res" 1085
"../../../Engine/Content/Internationalization/icudt64l/lang/it.res" 1086
"../../../Engine/Content/Internationalization/icudt64l/region/it.res" 1087
"../../../Engine/Content/Internationalization/icudt64l/lang/ja.res" 1088
"../../../Engine/Content/Internationalization/icudt64l/lang/ja_JP.res" 1089
"../../../Engine/Content/Internationalization/icudt64l/region/ja_JP.res" 1090
"../../../Engine/Content/Internationalization/icudt64l/region/ja.res" 1091
"../../../Engine/Content/Internationalization/icudt64l/lang/jgo.res" 1092
"../../../Engine/Content/Internationalization/icudt64l/region/jgo.res" 1093
"../../../Engine/Content/Internationalization/icudt64l/lang/jmc.res" 1094
"../../../Engine/Content/Internationalization/icudt64l/region/jmc.res" 1095
"../../../Engine/Content/Internationalization/icudt64l/lang/jv.res" 1096
"../../../Engine/Content/Internationalization/icudt64l/region/jv.res" 1097
"../../../Engine/Content/Internationalization/icudt64l/lang/ka.res" 1098
"../../../Engine/Content/Internationalization/icudt64l/region/ka.res" 1099
"../../../Engine/Content/Internationalization/icudt64l/lang/kab.res" 1100
"../../../Engine/Content/Internationalization/icudt64l/region/kab.res" 1101
"../../../Engine/Content/Internationalization/icudt64l/lang/kam.res" 1102
"../../../Engine/Content/Internationalization/icudt64l/region/kam.res" 1103
"../../../Engine/Content/Internationalization/icudt64l/lang/kde.res" 1104
"../../../Engine/Content/Internationalization/icudt64l/region/kde.res" 1105
"../../../Engine/Content/Internationalization/icudt64l/lang/kea.res" 1106
"../../../Engine/Content/Internationalization/icudt64l/region/kea.res" 1107
"../../../Engine/Content/Internationalization/icudt64l/lang/khq.res" 1108
"../../../Engine/Content/Internationalization/icudt64l/region/khq.res" 1109
"../../../Engine/Content/Internationalization/icudt64l/lang/ki.res" 1110
"../../../Engine/Content/Internationalization/icudt64l/region/ki.res" 1111
"../../../Engine/Content/Internationalization/icudt64l/lang/kk.res" 1112
"../../../Engine/Content/Internationalization/icudt64l/region/kk.res" 1113
"../../../Engine/Content/Internationalization/icudt64l/lang/kkj.res" 1114
"../../../Engine/Content/Internationalization/icudt64l/region/kkj.res" 1115
"../../../Engine/Content/Internationalization/icudt64l/lang/kl.res" 1116
"../../../Engine/Content/Internationalization/icudt64l/region/kl.res" 1117
"../../../Engine/Content/Internationalization/icudt64l/lang/kln.res" 1118
"../../../Engine/Content/Internationalization/icudt64l/region/kln.res" 1119
"../../../Engine/Content/Internationalization/icudt64l/lang/km.res" 1120
"../../../Engine/Content/Internationalization/icudt64l/region/km.res" 1121
"../../../Engine/Content/Internationalization/icudt64l/lang/kn.res" 1122
"../../../Engine/Content/Internationalization/icudt64l/region/kn.res" 1123
"../../../Engine/Content/Internationalization/icudt64l/lang/ko.res" 1124
"../../../Engine/Content/Internationalization/icudt64l/region/ko_KP.res" 1125
"../../../Engine/Content/Internationalization/icudt64l/region/ko.res" 1126
"../../../Engine/Content/Internationalization/icudt64l/lang/kok.res" 1127
"../../../Engine/Content/Internationalization/icudt64l/region/kok.res" 1128
"../../../Engine/Content/Internationalization/icudt64l/lang/ks.res" 1129
"../../../Engine/Content/Internationalization/icudt64l/region/ks.res" 1130
"../../../Engine/Content/Internationalization/icudt64l/lang/ksb.res" 1131
"../../../Engine/Content/Internationalization/icudt64l/region/ksb.res" 1132
"../../../Engine/Content/Internationalization/icudt64l/lang/ksf.res" 1133
"../../../Engine/Content/Internationalization/icudt64l/region/ksf.res" 1134
"../../../Engine/Content/Internationalization/icudt64l/lang/ksh.res" 1135
"../../../Engine/Content/Internationalization/icudt64l/region/ksh.res" 1136
"../../../Engine/Content/Internationalization/icudt64l/lang/ku.res" 1137
"../../../Engine/Content/Internationalization/icudt64l/region/ku.res" 1138
"../../../Engine/Content/Internationalization/icudt64l/lang/kw.res" 1139
"../../../Engine/Content/Internationalization/icudt64l/region/kw.res" 1140
"../../../Engine/Content/Internationalization/icudt64l/lang/ky.res" 1141
"../../../Engine/Content/Internationalization/icudt64l/region/ky.res" 1142
"../../../Engine/Content/Internationalization/icudt64l/lang/lag.res" 1143
"../../../Engine/Content/Internationalization/icudt64l/region/lag.res" 1144
"../../../Engine/Content/Internationalization/icudt64l/lang/lb.res" 1145
"../../../Engine/Content/Internationalization/icudt64l/region/lb.res" 1146
"../../../Engine/Content/Internationalization/icudt64l/lang/lg.res" 1147
"../../../Engine/Content/Internationalization/icudt64l/region/lg.res" 1148
"../../../Engine/Content/Internationalization/icudt64l/lang/lkt.res" 1149
"../../../Engine/Content/Internationalization/icudt64l/region/lkt.res" 1150
"../../../Engine/Content/Internationalization/icudt64l/lang/ln.res" 1151
"../../../Engine/Content/Internationalization/icudt64l/region/ln.res" 1152
"../../../Engine/Content/Internationalization/icudt64l/lang/lo.res" 1153
"../../../Engine/Content/Internationalization/icudt64l/region/lo.res" 1154
"../../../Engine/Content/Internationalization/icudt64l/lang/lrc.res" 1155
"../../../Engine/Content/Internationalization/icudt64l/region/lrc.res" 1156
"../../../Engine/Content/Internationalization/icudt64l/lang/lt.res" 1157
"../../../Engine/Content/Internationalization/icudt64l/region/lt.res" 1158
"../../../Engine/Content/Internationalization/icudt64l/lang/lu.res" 1159
"../../../Engine/Content/Internationalization/icudt64l/region/lu.res" 1160
"../../../Engine/Content/Internationalization/icudt64l/lang/luo.res" 1161
"../../../Engine/Content/Internationalization/icudt64l/region/luo.res" 1162
"../../../Engine/Content/Internationalization/icudt64l/lang/luy.res" 1163
"../../../Engine/Content/Internationalization/icudt64l/region/luy.res" 1164
"../../../Engine/Content/Internationalization/icudt64l/lang/lv.res" 1165
"../../../Engine/Content/Internationalization/icudt64l/region/lv.res" 1166
"../../../Engine/Content/Internationalization/icudt64l/lang/mas.res" 1167
"../../../Engine/Content/Internationalization/icudt64l/region/mas.res" 1168
"../../../Engine/Content/Internationalization/icudt64l/lang/mer.res" 1169
"../../../Engine/Content/Internationalization/icudt64l/region/mer.res" 1170
"../../../Engine/Content/Internationalization/icudt64l/lang/mfe.res" 1171
"../../../Engine/Content/Internationalization/icudt64l/region/mfe.res" 1172
"../../../Engine/Content/Internationalization/icudt64l/lang/mg.res" 1173
"../../../Engine/Content/Internationalization/icudt64l/region/mg.res" 1174
"../../../Engine/Content/Internationalization/icudt64l/lang/mgh.res" 1175
"../../../Engine/Content/Internationalization/icudt64l/region/mgh.res" 1176
"../../../Engine/Content/Internationalization/icudt64l/lang/mgo.res" 1177
"../../../Engine/Content/Internationalization/icudt64l/region/mgo.res" 1178
"../../../Engine/Content/Internationalization/icudt64l/lang/mi.res" 1179
"../../../Engine/Content/Internationalization/icudt64l/region/mi.res" 1180
"../../../Engine/Content/Internationalization/icudt64l/lang/mk.res" 1181
"../../../Engine/Content/Internationalization/icudt64l/region/mk.res" 1182
"../../../Engine/Content/Internationalization/icudt64l/lang/ml.res" 1183
"../../../Engine/Content/Internationalization/icudt64l/region/ml.res" 1184
"../../../Engine/Content/Internationalization/icudt64l/lang/mn.res" 1185
"../../../Engine/Content/Internationalization/icudt64l/region/mn.res" 1186
"../../../Engine/Content/Internationalization/icudt64l/lang/mr.res" 1187
"../../../Engine/Content/Internationalization/icudt64l/region/mr.res" 1188
"../../../Engine/Content/Internationalization/icudt64l/lang/ms.res" 1189
"../../../Engine/Content/Internationalization/icudt64l/region/ms.res" 1190
"../../../Engine/Content/Internationalization/icudt64l/lang/mt.res" 1191
"../../../Engine/Content/Internationalization/icudt64l/region/mt.res" 1192
"../../../Engine/Content/Internationalization/icudt64l/lang/mua.res" 1193
"../../../Engine/Content/Internationalization/icudt64l/region/mua.res" 1194
"../../../Engine/Content/Internationalization/icudt64l/lang/my.res" 1195
"../../../Engine/Content/Internationalization/icudt64l/region/my.res" 1196
"../../../Engine/Content/Internationalization/icudt64l/lang/mzn.res" 1197
"../../../Engine/Content/Internationalization/icudt64l/region/mzn.res" 1198
"../../../Engine/Content/Internationalization/icudt64l/lang/naq.res" 1199
"../../../Engine/Content/Internationalization/icudt64l/region/naq.res" 1200
"../../../Engine/Content/Internationalization/icudt64l/lang/nb.res" 1201
"../../../Engine/Content/Internationalization/icudt64l/lang/nb_NO.res" 1202
"../../../Engine/Content/Internationalization/icudt64l/region/nb_NO.res" 1203
"../../../Engine/Content/Internationalization/icudt64l/region/nb.res" 1204
"../../../Engine/Content/Internationalization/icudt64l/lang/nd.res" 1205
"../../../Engine/Content/Internationalization/icudt64l/region/nd.res" 1206
"../../../Engine/Content/Internationalization/icudt64l/lang/nds.res" 1207
"../../../Engine/Content/Internationalization/icudt64l/region/nds.res" 1208
"../../../Engine/Content/Internationalization/icudt64l/lang/ne.res" 1209
"../../../Engine/Content/Internationalization/icudt64l/region/ne.res" 1210
"../../../Engine/Content/Internationalization/icudt64l/lang/nl.res" 1211
"../../../Engine/Content/Internationalization/icudt64l/region/nl.res" 1212
"../../../Engine/Content/Internationalization/icudt64l/lang/nmg.res" 1213
"../../../Engine/Content/Internationalization/icudt64l/region/nmg.res" 1214
"../../../Engine/Content/Internationalization/icudt64l/lang/nn.res" 1215
"../../../Engine/Content/Internationalization/icudt64l/lang/nn_NO.res" 1216
"../../../Engine/Content/Internationalization/icudt64l/region/nn_NO.res" 1217
"../../../Engine/Content/Internationalization/icudt64l/region/nn.res" 1218
"../../../Engine/Content/Internationalization/icudt64l/lang/nnh.res" 1219
"../../../Engine/Content/Internationalization/icudt64l/region/nnh.res" 1220
"../../../Engine/Content/Internationalization/icudt64l/lang/nus.res" 1221
"../../../Engine/Content/Internationalization/icudt64l/region/nus.res" 1222
"../../../Engine/Content/Internationalization/icudt64l/lang/nyn.res" 1223
"../../../Engine/Content/Internationalization/icudt64l/region/nyn.res" 1224
"../../../Engine/Content/Internationalization/icudt64l/lang/om.res" 1225
"../../../Engine/Content/Internationalization/icudt64l/region/om.res" 1226
"../../../Engine/Content/Internationalization/icudt64l/lang/or.res" 1227
"../../../Engine/Content/Internationalization/icudt64l/region/or.res" 1228
"../../../Engine/Content/Internationalization/icudt64l/lang/os.res" 1229
"../../../Engine/Content/Internationalization/icudt64l/region/os.res" 1230
"../../../Engine/Content/Internationalization/icudt64l/lang/pa.res" 1231
"../../../Engine/Content/Internationalization/icudt64l/lang/pa_Arab.res" 1232
"../../../Engine/Content/Internationalization/icudt64l/lang/pa_PK.res" 1233
"../../../Engine/Content/Internationalization/icudt64l/lang/pa_Arab_PK.res" 1234
"../../../Engine/Content/Internationalization/icudt64l/region/pa_PK.res" 1235
"../../../Engine/Content/Internationalization/icudt64l/region/pa_Arab_PK.res" 1236
"../../../Engine/Content/Internationalization/icudt64l/region/pa_Arab.res" 1237
"../../../Engine/Content/Internationalization/icudt64l/lang/pa_Guru.res" 1238
"../../../Engine/Content/Internationalization/icudt64l/lang/pa_IN.res" 1239
"../../../Engine/Content/Internationalization/icudt64l/lang/pa_Guru_IN.res" 1240
"../../../Engine/Content/Internationalization/icudt64l/region/pa_IN.res" 1241
"../../../Engine/Content/Internationalization/icudt64l/region/pa_Guru_IN.res" 1242
"../../../Engine/Content/Internationalization/icudt64l/region/pa_Guru.res" 1243
"../../../Engine/Content/Internationalization/icudt64l/region/pa.res" 1244
"../../../Engine/Content/Internationalization/icudt64l/lang/pl.res" 1245
"../../../Engine/Content/Internationalization/icudt64l/region/pl.res" 1246
"../../../Engine/Content/Internationalization/icudt64l/lang/ps.res" 1247
"../../../Engine/Content/Internationalization/icudt64l/region/ps.res" 1248
"../../../Engine/Content/Internationalization/icudt64l/lang/ps_PK.res" 1249
"../../../Engine/Content/Internationalization/icudt64l/region/ps_PK.res" 1250
"../../../Engine/Content/Internationalization/icudt64l/lang/pt.res" 1251
"../../../Engine/Content/Internationalization/icudt64l/lang/pt_AO.res" 1252
"../../../Engine/Content/Internationalization/icudt64l/lang/pt_PT.res" 1253
"../../../Engine/Content/Internationalization/icudt64l/region/pt_AO.res" 1254
"../../../Engine/Content/Internationalization/icudt64l/region/pt_PT.res" 1255
"../../../Engine/Content/Internationalization/icudt64l/region/pt.res" 1256
"../../../Engine/Content/Internationalization/icudt64l/lang/pt_CH.res" 1257
"../../../Engine/Content/Internationalization/icudt64l/region/pt_CH.res" 1258
"../../../Engine/Content/Internationalization/icudt64l/lang/pt_CV.res" 1259
"../../../Engine/Content/Internationalization/icudt64l/region/pt_CV.res" 1260
"../../../Engine/Content/Internationalization/icudt64l/lang/pt_GQ.res" 1261
"../../../Engine/Content/Internationalization/icudt64l/region/pt_GQ.res" 1262
"../../../Engine/Content/Internationalization/icudt64l/lang/pt_GW.res" 1263
"../../../Engine/Content/Internationalization/icudt64l/region/pt_GW.res" 1264
"../../../Engine/Content/Internationalization/icudt64l/lang/pt_LU.res" 1265
"../../../Engine/Content/Internationalization/icudt64l/region/pt_LU.res" 1266
"../../../Engine/Content/Internationalization/icudt64l/lang/pt_MO.res" 1267
"../../../Engine/Content/Internationalization/icudt64l/region/pt_MO.res" 1268
"../../../Engine/Content/Internationalization/icudt64l/lang/pt_MZ.res" 1269
"../../../Engine/Content/Internationalization/icudt64l/region/pt_MZ.res" 1270
"../../../Engine/Content/Internationalization/icudt64l/lang/pt_ST.res" 1271
"../../../Engine/Content/Internationalization/icudt64l/region/pt_ST.res" 1272
"../../../Engine/Content/Internationalization/icudt64l/lang/pt_TL.res" 1273
"../../../Engine/Content/Internationalization/icudt64l/region/pt_TL.res" 1274
"../../../Engine/Content/Internationalization/icudt64l/lang/qu.res" 1275
"../../../Engine/Content/Internationalization/icudt64l/region/qu.res" 1276
"../../../Engine/Content/Internationalization/icudt64l/lang/rm.res" 1277
"../../../Engine/Content/Internationalization/icudt64l/region/rm.res" 1278
"../../../Engine/Content/Internationalization/icudt64l/lang/rn.res" 1279
"../../../Engine/Content/Internationalization/icudt64l/region/rn.res" 1280
"../../../Engine/Content/Internationalization/icudt64l/lang/ro.res" 1281
"../../../Engine/Content/Internationalization/icudt64l/lang/ro_MD.res" 1282
"../../../Engine/Content/Internationalization/icudt64l/region/ro_MD.res" 1283
"../../../Engine/Content/Internationalization/icudt64l/region/ro.res" 1284
"../../../Engine/Content/Internationalization/icudt64l/lang/rof.res" 1285
"../../../Engine/Content/Internationalization/icudt64l/region/rof.res" 1286
"../../../Engine/Content/Internationalization/icudt64l/region/ru_UA.res" 1287
"../../../Engine/Content/Internationalization/icudt64l/lang/rw.res" 1288
"../../../Engine/Content/Internationalization/icudt64l/region/rw.res" 1289
"../../../Engine/Content/Internationalization/icudt64l/lang/rwk.res" 1290
"../../../Engine/Content/Internationalization/icudt64l/region/rwk.res" 1291
"../../../Engine/Content/Internationalization/icudt64l/lang/sah.res" 1292
"../../../Engine/Content/Internationalization/icudt64l/region/sah.res" 1293
"../../../Engine/Content/Internationalization/icudt64l/lang/saq.res" 1294
"../../../Engine/Content/Internationalization/icudt64l/region/saq.res" 1295
"../../../Engine/Content/Internationalization/icudt64l/lang/sbp.res" 1296
"../../../Engine/Content/Internationalization/icudt64l/region/sbp.res" 1297
"../../../Engine/Content/Internationalization/icudt64l/lang/sd.res" 1298
"../../../Engine/Content/Internationalization/icudt64l/region/sd.res" 1299
"../../../Engine/Content/Internationalization/icudt64l/lang/se.res" 1300
"../../../Engine/Content/Internationalization/icudt64l/lang/se_FI.res" 1301
"../../../Engine/Content/Internationalization/icudt64l/region/se_FI.res" 1302
"../../../Engine/Content/Internationalization/icudt64l/region/se.res" 1303
"../../../Engine/Content/Internationalization/icudt64l/lang/seh.res" 1304
"../../../Engine/Content/Internationalization/icudt64l/region/seh.res" 1305
"../../../Engine/Content/Internationalization/icudt64l/lang/ses.res" 1306
"../../../Engine/Content/Internationalization/icudt64l/region/ses.res" 1307
"../../../Engine/Content/Internationalization/icudt64l/lang/sg.res" 1308
"../../../Engine/Content/Internationalization/icudt64l/region/sg.res" 1309
"../../../Engine/Content/Internationalization/icudt64l/lang/shi.res" 1310
"../../../Engine/Content/Internationalization/icudt64l/lang/shi_Latn.res" 1311
"../../../Engine/Content/Internationalization/icudt64l/lang/shi_MA.res" 1312
"../../../Engine/Content/Internationalization/icudt64l/lang/shi_Tfng_MA.res" 1313
"../../../Engine/Content/Internationalization/icudt64l/lang/shi_Tfng.res" 1314
"../../../Engine/Content/Internationalization/icudt64l/region/shi_MA.res" 1315
"../../../Engine/Content/Internationalization/icudt64l/region/shi_Tfng_MA.res" 1316
"../../../Engine/Content/Internationalization/icudt64l/region/shi_Tfng.res" 1317
"../../../Engine/Content/Internationalization/icudt64l/region/shi.res" 1318
"../../../Engine/Content/Internationalization/icudt64l/region/shi_Latn.res" 1319
"../../../Engine/Content/Internationalization/icudt64l/lang/si.res" 1320
"../../../Engine/Content/Internationalization/icudt64l/region/si.res" 1321
"../../../Engine/Content/Internationalization/icudt64l/lang/sk.res" 1322
"../../../Engine/Content/Internationalization/icudt64l/region/sk.res" 1323
"../../../Engine/Content/Internationalization/icudt64l/lang/sl.res" 1324
"../../../Engine/Content/Internationalization/icudt64l/region/sl.res" 1325
"../../../Engine/Content/Internationalization/icudt64l/lang/smn.res" 1326
"../../../Engine/Content/Internationalization/icudt64l/region/smn.res" 1327
"../../../Engine/Content/Internationalization/icudt64l/lang/sn.res" 1328
"../../../Engine/Content/Internationalization/icudt64l/region/sn.res" 1329
"../../../Engine/Content/Internationalization/icudt64l/lang/so.res" 1330
"../../../Engine/Content/Internationalization/icudt64l/region/so.res" 1331
"../../../Engine/Content/Internationalization/icudt64l/lang/sq.res" 1332
"../../../Engine/Content/Internationalization/icudt64l/region/sq.res" 1333
"../../../Engine/Content/Internationalization/icudt64l/lang/sr.res" 1334
"../../../Engine/Content/Internationalization/icudt64l/lang/sr_Cyrl.res" 1335
"../../../Engine/Content/Internationalization/icudt64l/lang/sr_BA.res" 1336
"../../../Engine/Content/Internationalization/icudt64l/lang/sr_Cyrl_BA.res" 1337
"../../../Engine/Content/Internationalization/icudt64l/region/sr_BA.res" 1338
"../../../Engine/Content/Internationalization/icudt64l/region/sr_Cyrl_BA.res" 1339
"../../../Engine/Content/Internationalization/icudt64l/region/sr_Cyrl.res" 1340
"../../../Engine/Content/Internationalization/icudt64l/region/sr.res" 1341
"../../../Engine/Content/Internationalization/icudt64l/lang/sr_ME.res" 1342
"../../../Engine/Content/Internationalization/icudt64l/lang/sr_Latn_ME.res" 1343
"../../../Engine/Content/Internationalization/icudt64l/lang/sr_Latn.res" 1344
"../../../Engine/Content/Internationalization/icudt64l/region/sr_ME.res" 1345
"../../../Engine/Content/Internationalization/icudt64l/region/sr_Latn_ME.res" 1346
"../../../Engine/Content/Internationalization/icudt64l/region/sr_Latn.res" 1347
"../../../Engine/Content/Internationalization/icudt64l/lang/sr_Cyrl_ME.res" 1348
"../../../Engine/Content/Internationalization/icudt64l/region/sr_Cyrl_ME.res" 1349
"../../../Engine/Content/Internationalization/icudt64l/lang/sr_RS.res" 1350
"../../../Engine/Content/Internationalization/icudt64l/lang/sr_Cyrl_RS.res" 1351
"../../../Engine/Content/Internationalization/icudt64l/region/sr_RS.res" 1352
"../../../Engine/Content/Internationalization/icudt64l/region/sr_Cyrl_RS.res" 1353
"../../../Engine/Content/Internationalization/icudt64l/lang/sr_XK.res" 1354
"../../../Engine/Content/Internationalization/icudt64l/lang/sr_Cyrl_XK.res" 1355
"../../../Engine/Content/Internationalization/icudt64l/region/sr_XK.res" 1356
"../../../Engine/Content/Internationalization/icudt64l/region/sr_Cyrl_XK.res" 1357
"../../../Engine/Content/Internationalization/icudt64l/lang/sr_Latn_BA.res" 1358
"../../../Engine/Content/Internationalization/icudt64l/region/sr_Latn_BA.res" 1359
"../../../Engine/Content/Internationalization/icudt64l/lang/sr_Latn_RS.res" 1360
"../../../Engine/Content/Internationalization/icudt64l/region/sr_Latn_RS.res" 1361
"../../../Engine/Content/Internationalization/icudt64l/lang/sr_Latn_XK.res" 1362
"../../../Engine/Content/Internationalization/icudt64l/region/sr_Latn_XK.res" 1363
"../../../Engine/Content/Internationalization/icudt64l/lang/sv.res" 1364
"../../../Engine/Content/Internationalization/icudt64l/region/sv.res" 1365
"../../../Engine/Content/Internationalization/icudt64l/lang/sv_FI.res" 1366
"../../../Engine/Content/Internationalization/icudt64l/lang/sw.res" 1367
"../../../Engine/Content/Internationalization/icudt64l/lang/sw_CD.res" 1368
"../../../Engine/Content/Internationalization/icudt64l/region/sw_CD.res" 1369
"../../../Engine/Content/Internationalization/icudt64l/region/sw.res" 1370
"../../../Engine/Content/Internationalization/icudt64l/lang/sw_KE.res" 1371
"../../../Engine/Content/Internationalization/icudt64l/region/sw_KE.res" 1372
"../../../Engine/Content/Internationalization/icudt64l/lang/ta.res" 1373
"../../../Engine/Content/Internationalization/icudt64l/region/ta.res" 1374
"../../../Engine/Content/Internationalization/icudt64l/lang/te.res" 1375
"../../../Engine/Content/Internationalization/icudt64l/region/te.res" 1376
"../../../Engine/Content/Internationalization/icudt64l/lang/teo.res" 1377
"../../../Engine/Content/Internationalization/icudt64l/region/teo.res" 1378
"../../../Engine/Content/Internationalization/icudt64l/lang/tg.res" 1379
"../../../Engine/Content/Internationalization/icudt64l/region/tg.res" 1380
"../../../Engine/Content/Internationalization/icudt64l/lang/th.res" 1381
"../../../Engine/Content/Internationalization/icudt64l/lang/th_TH.res" 1382
"../../../Engine/Content/Internationalization/icudt64l/region/th_TH.res" 1383
"../../../Engine/Content/Internationalization/icudt64l/region/th.res" 1384
"../../../Engine/Content/Internationalization/icudt64l/lang/ti.res" 1385
"../../../Engine/Content/Internationalization/icudt64l/region/ti.res" 1386
"../../../Engine/Content/Internationalization/icudt64l/lang/tk.res" 1387
"../../../Engine/Content/Internationalization/icudt64l/region/tk.res" 1388
"../../../Engine/Content/Internationalization/icudt64l/lang/to.res" 1389
"../../../Engine/Content/Internationalization/icudt64l/region/to.res" 1390
"../../../Engine/Content/Internationalization/icudt64l/lang/tr.res" 1391
"../../../Engine/Content/Internationalization/icudt64l/region/tr.res" 1392
"../../../Engine/Content/Internationalization/icudt64l/lang/tt.res" 1393
"../../../Engine/Content/Internationalization/icudt64l/region/tt.res" 1394
"../../../Engine/Content/Internationalization/icudt64l/lang/twq.res" 1395
"../../../Engine/Content/Internationalization/icudt64l/region/twq.res" 1396
"../../../Engine/Content/Internationalization/icudt64l/lang/tzm.res" 1397
"../../../Engine/Content/Internationalization/icudt64l/region/tzm.res" 1398
"../../../Engine/Content/Internationalization/icudt64l/lang/ug.res" 1399
"../../../Engine/Content/Internationalization/icudt64l/region/ug.res" 1400
"../../../Engine/Content/Internationalization/icudt64l/lang/uk.res" 1401
"../../../Engine/Content/Internationalization/icudt64l/region/uk.res" 1402
"../../../Engine/Content/Internationalization/icudt64l/lang/ur.res" 1403
"../../../Engine/Content/Internationalization/icudt64l/lang/ur_IN.res" 1404
"../../../Engine/Content/Internationalization/icudt64l/region/ur_IN.res" 1405
"../../../Engine/Content/Internationalization/icudt64l/region/ur.res" 1406
"../../../Engine/Content/Internationalization/icudt64l/lang/uz.res" 1407
"../../../Engine/Content/Internationalization/icudt64l/lang/uz_Arab.res" 1408
"../../../Engine/Content/Internationalization/icudt64l/lang/uz_AF.res" 1409
"../../../Engine/Content/Internationalization/icudt64l/lang/uz_Arab_AF.res" 1410
"../../../Engine/Content/Internationalization/icudt64l/region/uz_AF.res" 1411
"../../../Engine/Content/Internationalization/icudt64l/region/uz_Arab_AF.res" 1412
"../../../Engine/Content/Internationalization/icudt64l/region/uz_Arab.res" 1413
"../../../Engine/Content/Internationalization/icudt64l/lang/uz_Cyrl.res" 1414
"../../../Engine/Content/Internationalization/icudt64l/lang/uz_UZ.res" 1415
"../../../Engine/Content/Internationalization/icudt64l/lang/uz_Latn_UZ.res" 1416
"../../../Engine/Content/Internationalization/icudt64l/lang/uz_Latn.res" 1417
"../../../Engine/Content/Internationalization/icudt64l/region/uz_UZ.res" 1418
"../../../Engine/Content/Internationalization/icudt64l/region/uz_Latn_UZ.res" 1419
"../../../Engine/Content/Internationalization/icudt64l/region/uz_Latn.res" 1420
"../../../Engine/Content/Internationalization/icudt64l/region/uz.res" 1421
"../../../Engine/Content/Internationalization/icudt64l/region/uz_Cyrl.res" 1422
"../../../Engine/Content/Internationalization/icudt64l/lang/vai.res" 1423
"../../../Engine/Content/Internationalization/icudt64l/lang/vai_Latn.res" 1424
"../../../Engine/Content/Internationalization/icudt64l/lang/vai_LR.res" 1425
"../../../Engine/Content/Internationalization/icudt64l/lang/vai_Vaii_LR.res" 1426
"../../../Engine/Content/Internationalization/icudt64l/lang/vai_Vaii.res" 1427
"../../../Engine/Content/Internationalization/icudt64l/region/vai_LR.res" 1428
"../../../Engine/Content/Internationalization/icudt64l/region/vai_Vaii_LR.res" 1429
"../../../Engine/Content/Internationalization/icudt64l/region/vai_Vaii.res" 1430
"../../../Engine/Content/Internationalization/icudt64l/region/vai.res" 1431
"../../../Engine/Content/Internationalization/icudt64l/region/vai_Latn.res" 1432
"../../../Engine/Content/Internationalization/icudt64l/lang/vi.res" 1433
"../../../Engine/Content/Internationalization/icudt64l/region/vi.res" 1434
"../../../Engine/Content/Internationalization/icudt64l/lang/vun.res" 1435
"../../../Engine/Content/Internationalization/icudt64l/region/vun.res" 1436
"../../../Engine/Content/Internationalization/icudt64l/lang/wae.res" 1437
"../../../Engine/Content/Internationalization/icudt64l/region/wae.res" 1438
"../../../Engine/Content/Internationalization/icudt64l/lang/wo.res" 1439
"../../../Engine/Content/Internationalization/icudt64l/region/wo.res" 1440
"../../../Engine/Content/Internationalization/icudt64l/lang/xh.res" 1441
"../../../Engine/Content/Internationalization/icudt64l/region/xh.res" 1442
"../../../Engine/Content/Internationalization/icudt64l/lang/xog.res" 1443
"../../../Engine/Content/Internationalization/icudt64l/region/xog.res" 1444
"../../../Engine/Content/Internationalization/icudt64l/lang/yav.res" 1445
"../../../Engine/Content/Internationalization/icudt64l/region/yav.res" 1446
"../../../Engine/Content/Internationalization/icudt64l/lang/yi.res" 1447
"../../../Engine/Content/Internationalization/icudt64l/region/yi.res" 1448
"../../../Engine/Content/Internationalization/icudt64l/lang/yo.res" 1449
"../../../Engine/Content/Internationalization/icudt64l/lang/yo_BJ.res" 1450
"../../../Engine/Content/Internationalization/icudt64l/region/yo_BJ.res" 1451
"../../../Engine/Content/Internationalization/icudt64l/region/yo.res" 1452
"../../../Engine/Content/Internationalization/icudt64l/lang/yue.res" 1453
"../../../Engine/Content/Internationalization/icudt64l/lang/yue_Hans.res" 1454
"../../../Engine/Content/Internationalization/icudt64l/lang/yue_CN.res" 1455
"../../../Engine/Content/Internationalization/icudt64l/lang/yue_Hans_CN.res" 1456
"../../../Engine/Content/Internationalization/icudt64l/region/yue_CN.res" 1457
"../../../Engine/Content/Internationalization/icudt64l/region/yue_Hans_CN.res" 1458
"../../../Engine/Content/Internationalization/icudt64l/region/yue_Hans.res" 1459
"../../../Engine/Content/Internationalization/icudt64l/lang/yue_Hant.res" 1460
"../../../Engine/Content/Internationalization/icudt64l/lang/yue_HK.res" 1461
"../../../Engine/Content/Internationalization/icudt64l/lang/yue_Hant_HK.res" 1462
"../../../Engine/Content/Internationalization/icudt64l/region/yue_HK.res" 1463
"../../../Engine/Content/Internationalization/icudt64l/region/yue_Hant_HK.res" 1464
"../../../Engine/Content/Internationalization/icudt64l/region/yue_Hant.res" 1465
"../../../Engine/Content/Internationalization/icudt64l/region/yue.res" 1466
"../../../Engine/Content/Internationalization/icudt64l/lang/zgh.res" 1467
"../../../Engine/Content/Internationalization/icudt64l/region/zgh.res" 1468
"../../../Engine/Content/Internationalization/icudt64l/lang/zh.res" 1469
"../../../Engine/Content/Internationalization/icudt64l/lang/zh_Hans.res" 1470
"../../../Engine/Content/Internationalization/icudt64l/lang/zh_CN.res" 1471
"../../../Engine/Content/Internationalization/icudt64l/lang/zh_Hans_CN.res" 1472
"../../../Engine/Content/Internationalization/icudt64l/region/zh_CN.res" 1473
"../../../Engine/Content/Internationalization/icudt64l/region/zh_Hans_CN.res" 1474
"../../../Engine/Content/Internationalization/icudt64l/region/zh_Hans.res" 1475
"../../../Engine/Content/Internationalization/icudt64l/region/zh.res" 1476
"../../../Engine/Content/Internationalization/icudt64l/lang/zh_HK.res" 1477
"../../../Engine/Content/Internationalization/icudt64l/lang/zh_Hant_HK.res" 1478
"../../../Engine/Content/Internationalization/icudt64l/lang/zh_Hant.res" 1479
"../../../Engine/Content/Internationalization/icudt64l/region/zh_HK.res" 1480
"../../../Engine/Content/Internationalization/icudt64l/region/zh_Hant_HK.res" 1481
"../../../Engine/Content/Internationalization/icudt64l/region/zh_Hant.res" 1482
"../../../Engine/Content/Internationalization/icudt64l/lang/zh_MO.res" 1483
"../../../Engine/Content/Internationalization/icudt64l/lang/zh_Hant_MO.res" 1484
"../../../Engine/Content/Internationalization/icudt64l/region/zh_MO.res" 1485
"../../../Engine/Content/Internationalization/icudt64l/region/zh_Hant_MO.res" 1486
"../../../Engine/Content/Internationalization/icudt64l/lang/zh_SG.res" 1487
"../../../Engine/Content/Internationalization/icudt64l/lang/zh_Hans_SG.res" 1488
"../../../Engine/Content/Internationalization/icudt64l/region/zh_SG.res" 1489
"../../../Engine/Content/Internationalization/icudt64l/region/zh_Hans_SG.res" 1490
"../../../Engine/Content/Internationalization/icudt64l/lang/zh_TW.res" 1491
"../../../Engine/Content/Internationalization/icudt64l/lang/zh_Hant_TW.res" 1492
"../../../Engine/Content/Internationalization/icudt64l/region/zh_TW.res" 1493
"../../../Engine/Content/Internationalization/icudt64l/region/zh_Hant_TW.res" 1494
"../../../Engine/Content/Internationalization/icudt64l/lang/zu.res" 1495
"../../../Engine/Content/Internationalization/icudt64l/region/zu.res" 1496
"../../../Engine/Content/Internationalization/icudt64l/lang/no.res" 1497
"../../../Engine/Content/Internationalization/icudt64l/lang/tl.res" 1498
"../../../Engine/Plugins/FX/Niagara/Shaders/Private/NiagaraSpriteVertexFactory.ush" 1499
"../../../Engine/Shaders/Private/VertexFactoryCommon.ush" 1500
"../../../Engine/Shaders/Private/Common.ush" 1501
"../../../Engine/Shaders/Public/Platform.ush" 1502
"../../../Engine/Shaders/Public/FP16Math.ush" 1503
"../../../Engine/Shaders/Public/Platform/D3D/D3DCommon.ush" 1504
"../../../Engine/Shaders/Public/ShaderVersion.ush" 1505
"../../../Engine/Shaders/Private/CommonViewUniformBuffer.ush" 1506
"../../../Engine/Shaders/Private/InstancedStereo.ush" 1507
"../../../Engine/Shaders/Private/Definitions.usf" 1508
"../../../Engine/Shaders/Private/FastMath.ush" 1509
"../../../Engine/Shaders/Private/Random.ush" 1510
"../../../Engine/Shaders/Private/ParticleVertexFactoryCommon.ush" 1511
"../../../Engine/Plugins/FX/Niagara/Shaders/Private/NiagaraVFParticleAccess.usf" 1512
"../../../Engine/Plugins/FX/Niagara/Shaders/Private/NiagaraRibbonVertexFactory.ush" 1513
"../../../Engine/Plugins/FX/Niagara/Shaders/Private/NiagaraMeshVertexFactory.ush" 1514
"../../../Engine/Plugins/FX/Niagara/Shaders/Private/NiagaraCommon.ush" 1515
"../../../Engine/Shaders/Private/RayTracing/RayTracingCommon.ush" 1516
"../../../Engine/Shaders/Private/ShadingCommon.ush" 1517
"../../../Engine/Shaders/Shared/RayTracingDefinitions.h" 1518
"../../../Engine/Shaders/Private/RayTracing/RayTracingHitGroupCommon.ush" 1519
"../../../Engine/Shaders/Shared/RayTracingBuiltInResources.h" 1520
"../../../Engine/Shaders/Private/VectorFieldVisualizationVertexFactory.ush" 1521
"../../../Engine/Shaders/Private/ParticleSpriteVertexFactory.ush" 1522
"../../../Engine/Shaders/Private/ParticleGPUSpriteVertexFactory.ush" 1523
"../../../Engine/Shaders/Private/ParticleBeamTrailVertexFactory.ush" 1524
"../../../Engine/Shaders/Private/MeshParticleVertexFactory.ush" 1525
"../../../Engine/Shaders/Private/LocalVertexFactory.ush" 1526
"../../../Engine/Shaders/Private/LocalVertexFactoryCommon.ush" 1527
"../../../Engine/Shaders/Private/LightmapData.ush" 1528
"../../../Engine/Shaders/Private/GpuSkinCommon.ush" 1529
"../../../Engine/Shaders/Private/GpuSkinVertexFactory.ush" 1530
"../../../Engine/Shaders/Private/GeometryCacheVertexFactory.ush" 1531
"../../../Engine/Shaders/Private/LandscapeVertexFactory.ush" 1532
"../../../Engine/Plugins/FX/Niagara/Shaders/Private/NiagaraSortKeyGen.usf" 1533
"../../../Engine/Plugins/FX/Niagara/Shaders/Private/NiagaraGPURayTracingTransforms.usf" 1534
"../../../Engine/Plugins/FX/Niagara/Shaders/Private/NiagaraDrawIndirectArgsGen.usf" 1535
"../../../Engine/Plugins/FX/Niagara/Shaders/Private/NiagaraFillIntBuffer.usf" 1536
"../../../Engine/Plugins/FX/Niagara/Shaders/Private/NiagaraComputeFreeIDs.usf" 1537
"../../../Engine/Plugins/FX/Niagara/Shaders/Private/NiagaraInitFreeIDBuffer.usf" 1538
"../../../Engine/Plugins/FX/Niagara/Shaders/Private/NiagaraEmitterInstanceShader.usf" 1539
"../../../Engine/Plugins/FX/Niagara/Shaders/Private/NiagaraShaderVersion.ush" 1540
"../../../Engine/Shaders/Private/GlobalDistanceFieldShared.ush" 1541
"../../../Engine/Shaders/Private/SceneTexturesCommon.ush" 1542
"../../../Engine/Plugins/FX/Niagara/Shaders/Private/NiagaraPhysicsCommon.ush" 1543
"../../../Engine/Plugins/FX/Niagara/Shaders/Private/NiagaraDebugDraw.usf" 1544
"../../../Engine/Plugins/FX/Niagara/Shaders/Private/NiagaraDebugDraw.ush" 1545
"../../../Engine/Plugins/FX/Niagara/Shaders/Private/NiagaraVisualizeTexture.usf" 1546
"../../../Engine/Plugins/FX/Niagara/Shaders/Private/NiagaraBatchedElements.usf" 1547
"../../../Engine/Shaders/Private/GammaCorrectionCommon.ush" 1548
"../../../Engine/Plugins/Media/WmfMedia/Shaders/Private/MediaHardwareVideoDecoding.usf" 1549
"../../../Engine/Shaders/Private/ColorUtils.ush" 1550
"../../../Engine/Plugins/Media/ImgMedia/Shaders/Private/ExrSwizzler.usf" 1551
"../../../Engine/Shaders/Private/SlateElementPixelShader.usf" 1552
"../../../Engine/Shaders/Private/SlateShaderCommon.ush" 1553
"../../../Engine/Shaders/Private/MaterialTemplate.ush" 1554
"../../../Engine/Shaders/Private/EyeAdaptationCommon.ush" 1555
"../../../Engine/Shaders/Private/SobolRandom.ush" 1556
"../../../Engine/Shaders/Private/MonteCarlo.ush" 1557
"../../../Engine/Shaders/Private/DepthOfFieldCommon.ush" 1558
"../../../Engine/Shaders/Private/CircleDOFCommon.ush" 1559
"../../../Engine/Shaders/Private/PhysicsFieldSampler.ush" 1560
"../../../Engine/Shaders/Private/PhysicsFieldShared.ush" 1561
"../../../Engine/Shaders/Private/SceneData.ush" 1562
"../../../Engine/Shaders/Private/HairShadingCommon.ush" 1563
"../../../Engine/Shaders/Private/HairStrands/HairCardsAttributeCommon.ush" 1564
"../../../Engine/Shaders/Private/HairStrands/HairStrandsVertexFactoryCommon.ush" 1565
"../../../Engine/Shaders/Private/HairStrands/HairStrandsAttributeCommon.ush" 1566
"../../../Engine/Shaders/Private/SpeedTreeCommon.ush" 1567
"../../../Engine/Shaders/Private/VirtualTextureCommon.ush" 1568
"../../../Engine/Shaders/Private/MinMaterialTexCoords.ush" 1569
"../../../Engine/Shaders/Private/AtmosphereCommon.ush" 1570
"../../../Engine/Shaders/Private/SkyAtmosphereCommon.ush" 1571
"../../../Engine/Shaders/Private/SingleLayerWaterCommon.ush" 1572
"../../../Engine/Shaders/Private/PaniniProjection.ush" 1573
"../../../Engine/Shaders/Private/DeferredShadingCommon.ush" 1574
"../../../Engine/Shaders/Private/LightAccumulator.ush" 1575
"../../../Engine/Shaders/Private/CompositeUIPixelShader.usf" 1576
"../../../Engine/Shaders/Private/TonemapCommon.ush" 1577
"../../../Engine/Shaders/Private/ACES.ush" 1578
"../../../Engine/Shaders/Private/SlateMaskingShader.usf" 1579
"../../../Engine/Shaders/Private/SlatePostProcessColorDeficiencyPixelShader.usf" 1580
"../../../Engine/Shaders/Private/ColorSpace.ush" 1581
"../../../Engine/Shaders/Private/SlatePostProcessPixelShader.usf" 1582
"../../../Engine/Shaders/Private/SlateVertexShader.usf" 1583
"../../../Engine/Shaders/Private/TranslucentLightingShaders.usf" 1584
"../../../Engine/Shaders/Private/SHCommon.ush" 1585
"../../../Engine/Shaders/Private/ShadowProjectionCommon.ush" 1586
"../../../Engine/Shaders/Private/CubemapCommon.ush" 1587
"../../../Engine/Shaders/Private/VectorFieldCompositeShaders.usf" 1588
"../../../Engine/Shaders/Private/UpdateTextureShaders.usf" 1589
"../../../Engine/Shaders/Private/StereoLayerShader.usf" 1590
"../../../Engine/Shaders/Private/MorphTargets.usf" 1591
"../../../Engine/Shaders/Private/SimpleElementColorChannelMaskPixelShader.usf" 1592
"../../../Engine/Shaders/Private/SimpleElementHitProxyPixelShader.usf" 1593
"../../../Engine/Shaders/Private/SimpleElementPixelShader.usf" 1594
"../../../Engine/Shaders/Private/IESLightProfilesCommon.ush" 1595
"../../../Engine/Shaders/Private/SimpleElementVertexShader.usf" 1596
"../../../Engine/Shaders/Private/ScreenPixelShaderOES.usf" 1597
"../../../Engine/Shaders/Private/ScreenVertexShader.usf" 1598
"../../../Engine/Shaders/Private/ScreenPixelShader.usf" 1599
"../../../Engine/Shaders/Private/VolumetricLightmapStreaming.usf" 1600
"../../../Engine/Shaders/Private/PhysicsFieldReset.usf" 1601
"../../../Engine/Shaders/Private/PhysicsFieldBuilder.usf" 1602
"../../../Engine/Shaders/Private/ParticleSortKeyGen.usf" 1603
"../../../Engine/Shaders/Private/ParticleBoundsShader.usf" 1604
"../../../Engine/Shaders/Private/ParticleSimVisualizeShader.usf" 1605
"../../../Engine/Shaders/Private/ParticleInjectionShader.usf" 1606
"../../../Engine/Shaders/Private/ParticleSimulationShader.usf" 1607
"../../../Engine/Shaders/Private/ParticleCurveInjectionShader.usf" 1608
"../../../Engine/Shaders/Private/CopyUIntBuffer.usf" 1609
"../../../Engine/Shaders/Private/RadixSortShaders.usf" 1610
"../../../Engine/Shaders/Private/RecomputeTangentsPerVertexPass.usf" 1611
"../../../Engine/Shaders/Private/RecomputeTangentsCommon.ush" 1612
"../../../Engine/Shaders/Private/RecomputeTangentsPerTrianglePass.usf" 1613
"../../../Engine/Shaders/Private/GpuSkinCacheComputeShader.usf" 1614
"../../../Engine/Shaders/Private/DistanceFieldDownsampling.usf" 1615
"../../../Engine/Shaders/Private/HeightFieldAtlasManagement.usf" 1616
"../../../Engine/Shaders/Private/LandscapePhysicalMaterial.usf" 1617
"../../../Engine/Shaders/Private/LandscapeGrassWeight.usf" 1618
"../../../Engine/Shaders/Private/LandscapeLayersCS.usf" 1619
"../../../Engine/Shaders/Private/LandscapeLayersPS.usf" 1620
"../../../Engine/Shaders/Private/LandscapeLayersVS.usf" 1621
"../../../Engine/Shaders/Private/WideCustomResolveShaders.usf" 1622
"../../../Engine/Shaders/Private/WideCustomResolve_Wide.ush" 1623
"../../../Engine/Shaders/Private/WideCustomResolve_Wider.ush" 1624
"../../../Engine/Shaders/Private/WideCustomResolve_Widest.ush" 1625
"../../../Engine/Shaders/Private/PageTableUpdate.usf" 1626
"../../../Engine/Shaders/Private/VirtualTextureCompress.usf" 1627
"../../../Engine/Shaders/Private/BCCompressionCommon.ush" 1628
"../../../Engine/Shaders/Private/ETCCompressionCommon.ush" 1629
"../../../Engine/Shaders/Private/VirtualTextureMaterial.usf" 1630
"../../../Engine/Shaders/Private/PixelShaderOutputCommon.ush" 1631
"../../../Engine/Shaders/Private/VolumetricRenderTarget.usf" 1632
"../../../Engine/Shaders/Private/SceneTextureParameters.ush" 1633
"../../../Engine/Shaders/Private/VolumetricFogVoxelization.usf" 1634
"../../../Engine/Shaders/Private/VolumetricCloudMaterialPixelCommon.ush" 1635
"../../../Engine/Shaders/Private/VolumetricFogLightFunction.usf" 1636
"../../../Engine/Shaders/Private/LightFunctionCommon.ush" 1637
"../../../Engine/Shaders/Private/VolumetricFog.usf" 1638
"../../../Engine/Shaders/Private/DeferredLightingCommon.ush" 1639
"../../../Engine/Shaders/Private/DynamicLightingCommon.ush" 1640
"../../../Engine/Shaders/Private/CapsuleLightIntegrate.ush" 1641
"../../../Engine/Shaders/Private/ShadingModels.ush" 1642
"../../../Engine/Shaders/Private/BRDF.ush" 1643
"../../../Engine/Shaders/Private/CapsuleLight.ush" 1644
"../../../Engine/Shaders/Private/RectLight.ush" 1645
"../../../Engine/Shaders/Private/TransmissionCommon.ush" 1646
"../../../Engine/Shaders/Private/SubsurfaceProfileCommon.ush" 1647
"../../../Engine/Shaders/Private/BurleyNormalizedSSSCommon.ush" 1648
"../../../Engine/Shaders/Private/HairBsdf.ush" 1649
"../../../Engine/Shaders/Private/CapsuleLightSampling.ush" 1650
"../../../Engine/Shaders/Private/RectLightIntegrate.ush" 1651
"../../../Engine/Shaders/Private/LightGridCommon.ush" 1652
"../../../Engine/Shaders/Private/HeightFogCommon.ush" 1653
"../../../Engine/Shaders/Private/DistanceFieldAOShared.ush" 1654
"../../../Engine/Shaders/Private/VolumeLightingCommon.ush" 1655
"../../../Engine/Shaders/Private/ShadowFilteringCommon.ush" 1656
"../../../Engine/Shaders/Private/PixelQuadMessagePassing.ush" 1657
"../../../Engine/Shaders/Private/VolumeLightingCommonSampling.ush" 1658
"../../../Engine/Shaders/Private/VolumetricLightmapShared.ush" 1659
"../../../Engine/Shaders/Private/ForwardShadowingCommon.ush" 1660
"../../../Engine/Shaders/Private/ParticipatingMediaCommon.ush" 1661
"../../../Engine/Shaders/Private/VolumetricCloudCommon.ush" 1662
"../../../Engine/Shaders/Private/VolumetricCloud.usf" 1663
"../../../Engine/Shaders/Private/ReflectionEnvironmentShared.ush" 1664
"../../../Engine/Shaders/Private/ShaderDrawDebug.ush" 1665
"../../../Engine/Shaders/Private/VisualizeVolumetricLightmap.usf" 1666
"../../../Engine/Shaders/Private/ViewMode/LODColorationPixelShader.usf" 1667
"../../../Engine/Shaders/Private/DebugViewModeCommon.ush" 1668
"../../../Engine/Shaders/Private/VelocityShader.usf" 1669
"../../../Engine/Shaders/Private/VelocityCommon.ush" 1670
"../../../Engine/Shaders/Private/Tessellation.ush" 1671
"../../../Engine/Shaders/Private/FlatTessellation.ush" 1672
"../../../Engine/Shaders/Private/PNTriangles.ush" 1673
"../../../Engine/Shaders/Private/VariableRateShading.usf" 1674
"../../../Engine/Shaders/Private/TranslucencyUpsampling.usf" 1675
"../../../Engine/Shaders/Private/SeparateTranslucency.ush" 1676
"../../../Engine/Shaders/Private/TranslucentLightInjectionShaders.usf" 1677
"../../../Engine/Shaders/Private/TranslucentShadowDepthShaders.usf" 1678
"../../../Engine/Shaders/Private/ShadowDepthCommon.ush" 1679
"../../../Engine/Shaders/Private/TiledDeferredLightShaders.usf" 1680
"../../../Engine/Shaders/Private/RayTracing/RayTracingTest.usf" 1681
"../../../Engine/Shaders/Private/SkyAtmosphere.usf" 1682
"../../../Engine/Shaders/Private/MiniFontCommon.ush" 1683
"../../../Engine/Shaders/Private/SingleLayerWaterComposite.usf" 1684
"../../../Engine/Shaders/Private/ReflectionEnvironmentComposite.ush" 1685
"../../../Engine/Shaders/Private/ShadowProjectionPixelShader.usf" 1686
"../../../Engine/Shaders/Private/ShadowPercentageCloserFiltering.ush" 1687
"../../../Engine/Shaders/Private/TransmissionThickness.ush" 1688
"../../../Engine/Shaders/Private/HairStrands/HairStrandsVisibilityCommon.ush" 1689
"../../../Engine/Shaders/Private/HairStrands/HairStrandsVisibilityCommonStruct.ush" 1690
"../../../Engine/Shaders/Private/ShadowProjectionVertexShader.usf" 1691
"../../../Engine/Shaders/Private/CopyShadowMaps.usf" 1692
"../../../Engine/Shaders/Private/ShadowDepthPixelShader.usf" 1693
"../../../Engine/Shaders/Private/LPVListEntry.ush" 1694
"../../../Engine/Shaders/Private/LPVWriteVplCommon.ush" 1695
"../../../Engine/Shaders/Private/LPVWriteCommon.ush" 1696
"../../../Engine/Shaders/Private/LPVCommon.ush" 1697
"../../../Engine/Shaders/Private/ShadowDepthVertexShader.usf" 1698
"../../../Engine/Shaders/Private/ShaderPrintDraw.usf" 1699
"../../../Engine/Shaders/Private/ShaderPrintCommon.ush" 1700
"../../../Engine/Shaders/Private/ShaderComplexityAccumulatePixelShader.usf" 1701
"../../../Engine/Shaders/Private/QuadOverdraw.ush" 1702
"../../../Engine/Shaders/Private/SSRT/SSRTDiffuseIndirect.usf" 1703
"../../../Engine/Shaders/Private/SSRT/SSRTRayCast.ush" 1704
"../../../Engine/Shaders/Private/SSRT/SSRTTileClassificationBuffer.ush" 1705
"../../../Engine/Shaders/Private/SSRT/SSRTReflections.usf" 1706
"../../../Engine/Shaders/Private/ScreenSpaceDenoise/SSDPublic.ush" 1707
"../../../Engine/Shaders/Private/SSRT/SSRTTileClassification.usf" 1708
"../../../Engine/Shaders/Private/SSRT/SSRTPrevFrameReduction.usf" 1709
"../../../Engine/Shaders/Private/ScreenSpaceDenoise/SSDComposeHarmonics.usf" 1710
"../../../Engine/Shaders/Private/ScreenSpaceDenoise/SSDDefinitions.ush" 1711
"../../../Engine/Shaders/Private/ScreenSpaceDenoise/SSDPublicHarmonics.ush" 1712
"../../../Engine/Shaders/Private/LightShaderParameters.ush" 1713
"../../../Engine/Shaders/Private/ScreenSpaceDenoise/SSDSignalFramework.ush" 1714
"../../../Engine/Shaders/Private/ScreenSpaceDenoise/SSDCommon.ush" 1715
"../../../Engine/Shaders/Private/SphericalGaussian.ush" 1716
"../../../Engine/Shaders/Public/WaveBroadcastIntrinsics.ush" 1717
"../../../Engine/Shaders/Private/ScreenSpaceDenoise/SSDMetadata.ush" 1718
"../../../Engine/Shaders/Private/ScreenSpaceDenoise/SSDSignalCore.ush" 1719
"../../../Engine/Shaders/Private/QuasiRandom.ush" 1720
"../../../Engine/Shaders/Private/BlueNoise.ush" 1721
"../../../Engine/Shaders/Private/Halton.ush" 1722
"../../../Engine/Shaders/Private/MortonCode.ush" 1723
"../../../Engine/Shaders/Private/ScreenSpaceDenoise/SSDSignalArray.ush" 1724
"../../../Engine/Shaders/Private/ScreenSpaceDenoise/SSDSignalBufferEncoding.ush" 1725
"../../../Engine/Shaders/Private/ScreenSpaceDenoise/SSDPublicBufferEncoding.ush" 1726
"../../../Engine/Shaders/Private/ScreenSpaceDenoise/SSDTemporalAccumulation.usf" 1727
"../../../Engine/Shaders/Private/ScreenSpaceDenoise/SSDSpatialKernel.ush" 1728
"../../../Engine/Shaders/Private/ScreenSpaceDenoise/SSDSignalAccumulatorArray.ush" 1729
"../../../Engine/Shaders/Private/ScreenSpaceDenoise/SSDSignalAccumulator.ush" 1730
"../../../Engine/Shaders/Private/ScreenSpaceDenoise/SSDSignalCompression.ush" 1731
"../../../Engine/Shaders/Private/TextureSampling.ush" 1732
"../../../Engine/Shaders/Private/ScreenSpaceDenoise/SSDSpatialAccumulation.usf" 1733
"../../../Engine/Shaders/Private/ScreenSpaceDenoise/SSDInjest.usf" 1734
"../../../Engine/Shaders/Private/ScreenSpaceDenoise/SSDCompressMetadata.usf" 1735
"../../../Engine/Shaders/Private/DownsampleDepthPixelShader.usf" 1736
"../../../Engine/Shaders/Private/ScreenPass.usf" 1737
"../../../Engine/Shaders/Private/HZB.usf" 1738
"../../../Engine/Shaders/Private/ReductionCommon.ush" 1739
"../../../Engine/Shaders/Private/HZBOcclusion.usf" 1740
"../../../Engine/Shaders/Private/OcclusionQueryPixelShader.usf" 1741
"../../../Engine/Shaders/Private/OcclusionQueryVertexShader.usf" 1742
"../../../Engine/Shaders/Private/HitProxyPixelShader.usf" 1743
"../../../Engine/Shaders/Private/HitProxyVertexShader.usf" 1744
"../../../Engine/Shaders/Private/ODSCapture.usf" 1745
"../../../Engine/Shaders/Private/SceneCapturePixelShader.usf" 1746
"../../../Engine/Shaders/Private/RequiredTextureResolutionPixelShader.usf" 1747
"../../../Engine/Shaders/Private/RTWriteMaskDecode.usf" 1748
"../../../Engine/Shaders/Private/ReflectionEnvironmentShaders.usf" 1749
"../../../Engine/Shaders/Private/SkyLightingShared.ush" 1750
"../../../Engine/Shaders/Private/RayTracing/VisualizeSkyLightMipTreePS.usf" 1751
"../../../Engine/Shaders/Private/RayTracing/MipTreeCommon.ush" 1752
"../../../Engine/Shaders/Private/RayTracing/CompositeSkyLightPS.usf" 1753
"../../../Engine/Shaders/Private/RayTracing/GenerateSkyLightVisibilityRaysCS.usf" 1754
"../../../Engine/Shaders/Private/RayTracing/RayTracingSkyLightCommon.ush" 1755
"../../../Engine/Shaders/Private/RayTracing/SkyLightVisibilityRaysData.ush" 1756
"../../../Engine/Shaders/Private/PathTracing/Utilities/PathTracingRandomSequence.ush" 1757
"../../../Engine/Shaders/Private/Raytracing/RaytracingSkylightRGS.usf" 1758
"../../../Engine/Shaders/Private/HairStrands/HairStrandsVoxelPageCommonStruct.ush" 1759
"../../../Engine/Shaders/Private/HairStrands/HairStrandsRaytracing.ush" 1760
"../../../Engine/Shaders/Private/HairStrands/HairStrandsVoxelPageCommon.ush" 1761
"../../../Engine/Shaders/Private/HairStrands/HairStrandsVoxelPageTraversal.ush" 1762
"../../../Engine/Shaders/Private/Raytracing/RayTracingSkyLightEvaluation.ush" 1763
"../../../Engine/Shaders/Private/Raytracing/RayTracingDeferredShadingCommon.ush" 1764
"../../../Engine/Shaders/Private/RayTracing/RayTracingOcclusionRGS.usf" 1765
"../../../Engine/Shaders/Private/RayTracing/RayTracingDirectionalLight.ush" 1766
"../../../Engine/Shaders/Private/RayTracing/RayTracingRectLight.ush" 1767
"../../../Engine/Shaders/Private/RayTracing/RayTracingSphereLight.ush" 1768
"../../../Engine/Shaders/Private/RayTracing/RayTracingSpotLight.ush" 1769
"../../../Engine/Shaders/Private/RayTracing/RayTracingDiskLight.ush" 1770
"../../../Engine/Shaders/Private/RayTracing/RayTracingPointLight.ush" 1771
"../../../Engine/Shaders/Private/RayTracing/SplitImaginaryReflectionGBufferCS.usf" 1772
"../../../Engine/Shaders/Private/RayTracing/RayTracingReflectionsCommon.ush" 1773
"../../../Engine/Shaders/Private/RayTracing/RayTracingReflections.usf" 1774
"../../../Engine/Shaders/Private/RayTracing/RayTracingLightingCommon.ush" 1775
"../../../Engine/Shaders/Private/RayTracing/RayTracingLightCullingCommon.ush" 1776
"../../../Engine/Shaders/Private/RayTracing/RayTracingReflectionEnvironment.ush" 1777
"../../../Engine/Shaders/Private/RayTracing/RayTracingPrimaryRays.usf" 1778
"../../../Engine/Shaders/Private/RayTracing/RayTracingMaterialDefaultHitShaders.usf" 1779
"../../../Engine/Shaders/Private/RayTracing/RayTracingMaterialHitShaders.usf" 1780
"../../../Engine/Shaders/Private/LightmapCommon.ush" 1781
"../../../Engine/Shaders/Private/PathTracing/Material/PathTracingFresnel.ush" 1782
"../../../Engine/Shaders/Private/PathTracing/Material/PathTracingThinGlass.ush" 1783
"../../../Engine/Shaders/Private/PathTracing/Material/PathTracingMaterialCommon.ush" 1784
"../../../Engine/Shaders/Private/PathTracing/PathTracingCommon.ush" 1785
"../../../Engine/Shaders/Private/PathTracing/PathTracingDefinitions.ush" 1786
"../../../Engine/Shaders/Private/PathTracing/Material/PathTracingGlossy.ush" 1787
"../../../Engine/Shaders/Private/RayTracing/RayTracingLightingMS.usf" 1788
"../../../Engine/Shaders/Private/RayTracing/GenerateCulledLightListCS.usf" 1789
"../../../Engine/Shaders/Private/RayTracing/RayTracingFinalGatherRGS.usf" 1790
"../../../Engine/Shaders/Private/RayTracing/RayTracingGatherPoints.ush" 1791
"../../../Engine/Shaders/Private/PathTracing/Light/PathTracingLightSampling.ush" 1792
"../../../Engine/Shaders/Private/PathTracing/Light/PathTracingLightCommon.ush" 1793
"../../../Engine/Shaders/Shared/RayTracingTypes.h" 1794
"../../../Engine/Shaders/Shared/PathTracingDefinitions.h" 1795
"../../../Engine/Shaders/Private/PathTracing/Light/PathTracingDirectionalLight.ush" 1796
"../../../Engine/Shaders/Private/PathTracing/Light/PathTracingPointLight.ush" 1797
"../../../Engine/Shaders/Private/PathTracing/Light/PathTracingCapsuleLight.ush" 1798
"../../../Engine/Shaders/Private/PathTracing/Light/PathTracingRectLight.ush" 1799
"../../../Engine/Shaders/Private/PathTracing/Light/PathTracingSkyLight.ush" 1800
"../../../Engine/Shaders/Private/PathTracing/Light/PathTracingSpotLight.ush" 1801
"../../../Engine/Shaders/Private/PathTracing/Material/PathTracingMaterialSampling.ush" 1802
"../../../Engine/Shaders/Private/PathTracing/Material/PathTracingLambert.ush" 1803
"../../../Engine/Shaders/Private/PathTracing/Material/PathTracingRadianceProbe.ush" 1804
"../../../Engine/Shaders/Private/PathTracing/Material/FirstBounceRayGuidingCommon.ush" 1805
"../../../Engine/Shaders/Private/PathTracing/Material/PathTracingSpecularReflection.ush" 1806
"../../../Engine/Shaders/Private/PathTracing/Material/PathTracingSpecularTransmission.ush" 1807
"../../../Engine/Shaders/Private/PathTracing/Material/PathTracingSolidGlass.ush" 1808
"../../../Engine/Shaders/Private/PathTracing/Material/PathTracingDefaultLit.ush" 1809
"../../../Engine/Shaders/Private/PathTracing/Material/PathTracingClearCoat.ush" 1810
"../../../Engine/Shaders/Private/PathTracing/Material/PathTracingTwoSidedFoliage.ush" 1811
"../../../Engine/Shaders/Private/PathTracing/Material/PathTracingCloth.ush" 1812
"../../../Engine/Shaders/Private/PathTracing/Material/PathTracingSubsurfaceProfile.ush" 1813
"../../../Engine/Shaders/Private/RayTracing/RayTracingCreateGatherPointsRGS.usf" 1814
"../../../Engine/Shaders/Private/RayTracing/RayTracingGlobalIlluminationRGS.usf" 1815
"../../../Engine/Shaders/Private/RayTracing/RayTracingDynamicMesh.usf" 1816
"../../../Engine/Shaders/Private/RayTracing/RayTracingDeferredReflections.usf" 1817
"../../../Engine/Shaders/Private/RayTracing/RayTracingDeferredMaterials.ush" 1818
"../../../Engine/Shaders/Shared/ThirdParty/AMD/ags_shader_intrinsics_dx12.h" 1819
"../../../Engine/Shaders/Private/RayTracing/RayTracingDeferredReflections.ush" 1820
"../../../Engine/Shaders/Private/RayTracing/RayTracingReflectionResolve.usf" 1821
"../../../Engine/Shaders/Private/RayTracing/RayTracingReflectionsGenerateRaysCS.usf" 1822
"../../../Engine/Shaders/Private/RayTracing/MaterialSort.usf" 1823
"../../../Engine/Shaders/Private/RayTracing/RayTracingDeferredMaterials.usf" 1824
"../../../Engine/Shaders/Private/RayTracing/RayTracingDebug.usf" 1825
"../../../Engine/Shaders/Shared/RayTracingDebugDefinitions.h" 1826
"../../../Engine/Shaders/Private/RayTracing/RayTracingBarycentrics.usf" 1827
"../../../Engine/Shaders/Private/RayTracing/RayTracingAmbientOcclusionRGS.usf" 1828
"../../../Engine/Shaders/Private/PrimitiveDistanceAccuracyPixelShader.usf" 1829
"../../../Engine/Shaders/Private/VisualizeShadingModels.usf" 1830
"../../../Engine/Shaders/Private/PostProcessCommon.ush" 1831
"../../../Engine/Shaders/Private/TemporalAA/TAAUpdateHistory.usf" 1832
"../../../Engine/Shaders/Private/TemporalAA/TAACommon.ush" 1833
"../../../Engine/Shaders/Private/TemporalAA/TAADilateRejection.usf" 1834
"../../../Engine/Shaders/Private/TemporalAA/TAACompareHistory.usf" 1835
"../../../Engine/Shaders/Private/TemporalAA/TAAFilterFrequencies.usf" 1836
"../../../Engine/Shaders/Private/TemporalAA/TAADecimateHistory.usf" 1837
"../../../Engine/Shaders/Private/TemporalAA/TAADilateVelocity.usf" 1838
"../../../Engine/Shaders/Private/TemporalAA/TAAClearPrevTextures.usf" 1839
"../../../Engine/Shaders/Private/TemporalAA/TAAStandalone.usf" 1840
"../../../Engine/Shaders/Private/FilterPixelShader.usf" 1841
"../../../Engine/Shaders/Private/ScreenPass.ush" 1842
"../../../Engine/Shaders/Private/FilterVertexShader.usf" 1843
"../../../Engine/Shaders/Private/PostProcessVisualizeHDR.usf" 1844
"../../../Engine/Shaders/Private/PostProcessHistogramCommon.ush" 1845
"../../../Engine/Shaders/Private/ShaderComplexityApplyPixelShader.usf" 1846
"../../../Engine/Shaders/Private/PostProcessVisualizeBuffer.usf" 1847
"../../../Engine/Shaders/Private/PostProcessUpscale.usf" 1848
"../../../Engine/Shaders/Private/PostProcessTonemap.usf" 1849
"../../../Engine/Shaders/Private/PostProcessTestImage.usf" 1850
"../../../Engine/Shaders/Private/PostProcessSubsurface.usf" 1851
"../../../Engine/Shaders/Private/SeparableSSS.ush" 1852
"../../../Engine/Shaders/Private/SubsurfaceBurleyNormalized.ush" 1853
"../../../Engine/Shaders/Private/PostProcessSelectionOutline.usf" 1854
"../../../Engine/Shaders/Private/PostProcessPixelProjectedReflectionMobile.usf" 1855
"../../../Engine/Shaders/Private/PostProcessNoiseBlur.usf" 1856
"../../../Engine/Shaders/Private/PostProcessMotionBlur.usf" 1857
"../../../Engine/Shaders/Private/PostProcessVelocityFlatten.usf" 1858
"../../../Engine/Shaders/Private/PostProcessMobile.usf" 1859
"../../../Engine/Shaders/Private/PostProcessMitchellNetravali.usf" 1860
"../../../Engine/Shaders/Private/PostProcessMaterialShaders.usf" 1861
"../../../Engine/Shaders/Private/PostProcessLensFlares.usf" 1862
"../../../Engine/Shaders/Private/ComposeSeparateTranslucency.usf" 1863
"../../../Engine/Shaders/Private/PostProcessHMD.usf" 1864
"../../../Engine/Shaders/Private/PostProcessHistogramReduce.usf" 1865
"../../../Engine/Shaders/Private/PostProcessHistogram.usf" 1866
"../../../Engine/Shaders/Private/PostProcessGBufferHints.usf" 1867
"../../../Engine/Shaders/Private/PostProcessFFTBloom.usf" 1868
"../../../Engine/Shaders/Private/PostProcessEyeAdaptation.usf" 1869
"../../../Engine/Shaders/Private/PostProcessDownsample.usf" 1870
"../../../Engine/Shaders/Private/PostProcessDOF.usf" 1871
"../../../Engine/Shaders/Private/PostProcessDeviceEncodingOnly.usf" 1872
"../../../Engine/Shaders/Private/PostProcessCompositeEditorPrimitives.usf" 1873
"../../../Engine/Shaders/Private/PostProcessCombineLUTs.usf" 1874
"../../../Engine/Shaders/Private/PostProcessVisualizeDOF.usf" 1875
"../../../Engine/Shaders/Private/PostProcessBloom.usf" 1876
"../../../Engine/Shaders/Private/PostProcessAmbientOcclusionMobile.usf" 1877
"../../../Engine/Shaders/Private/PostProcessAmbientOcclusionCommon.ush" 1878
"../../../Engine/Shaders/Private/FXAAShader.usf" 1879
"../../../Engine/Shaders/Private/Fxaa3_11.ush" 1880
"../../../Engine/Shaders/Private/DiaphragmDOF/DOFRecombine.usf" 1881
"../../../Engine/Shaders/Private/DiaphragmDOF/DOFCommon.ush" 1882
"../../../Engine/Shaders/Private/DiaphragmDOF/DOFHybridScatterPixelShader.usf" 1883
"../../../Engine/Shaders/Private/DiaphragmDOF/DOFHybridScatterCommon.ush" 1884
"../../../Engine/Shaders/Private/DiaphragmDOF/DOFHybridScatterVertexShader.usf" 1885
"../../../Engine/Shaders/Private/DiaphragmDOF/DOFPostfiltering.usf" 1886
"../../../Engine/Shaders/Private/DiaphragmDOF/DOFGatherTileSuggest.ush" 1887
"../../../Engine/Shaders/Private/DiaphragmDOF/DOFCocTileCommon.ush" 1888
"../../../Engine/Shaders/Private/DiaphragmDOF/DOFGatherPass.usf" 1889
"../../../Engine/Shaders/Private/DiaphragmDOF/DOFGatherCommon.ush" 1890
"../../../Engine/Shaders/Private/DiaphragmDOF/DOFGatherAccumulator.ush" 1891
"../../../Engine/Shaders/Private/DiaphragmDOF/DOFGatherKernel.ush" 1892
"../../../Engine/Shaders/Private/DiaphragmDOF/DOFBokehLUT.usf" 1893
"../../../Engine/Shaders/Private/DiaphragmDOF/DOFHybridScatterCompilation.usf" 1894
"../../../Engine/Shaders/Private/DiaphragmDOF/DOFReduce.usf" 1895
"../../../Engine/Shaders/Private/DiaphragmDOF/DOFDownsample.ush" 1896
"../../../Engine/Shaders/Private/DiaphragmDOF/DOFHybridScatterCompilation.ush" 1897
"../../../Engine/Shaders/Private/DiaphragmDOF/DOFDownsample.usf" 1898
"../../../Engine/Shaders/Private/DiaphragmDOF/DOFCocTileDilate.usf" 1899
"../../../Engine/Shaders/Private/DiaphragmDOF/DOFCocTileFlatten.usf" 1900
"../../../Engine/Shaders/Private/DiaphragmDOF/DOFSetup.usf" 1901
"../../../Engine/Shaders/Private/PlanarReflectionShaders.usf" 1902
"../../../Engine/Shaders/Private/PlanarReflectionShared.ush" 1903
"../../../Engine/Shaders/Private/PathTracing/PathTracingCompositingPixelShader.usf" 1904
"../../../Engine/Shaders/Private/PathTracing/PathTracingIESAtlas.usf" 1905
"../../../Engine/Shaders/Private/PathTracing/PathTracing.usf" 1906
"../../../Engine/Shaders/Private/PathTracing/Light/PathTracingLightGrid.ush" 1907
"../../../Engine/Shaders/Private/PathTracing/PathTracingCamera.ush" 1908
"../../../Engine/Shaders/Private/PathTracing/Sensor/PathTracingPinholeCamera.ush" 1909
"../../../Engine/Shaders/Private/PathTracing/PathTracingBuildLightGrid.usf" 1910
"../../../Engine/Shaders/Private/PathTracing/PathTracingSkylightMISCompensation.usf" 1911
"../../../Engine/Shaders/Private/PathTracing/PathTracingSkylightPrepare.usf" 1912
"../../../Engine/Shaders/Private/MobileSceneCapture.usf" 1913
"../../../Engine/Shaders/Private/DistortApplyScreenPS.usf" 1914
"../../../Engine/Shaders/Private/MobileDeferredShading.usf" 1915
"../../../Engine/Shaders/Private/MobileShadingModels.ush" 1916
"../../../Engine/Shaders/Private/MobileGGX.ush" 1917
"../../../Engine/Shaders/Private/MobileBasePassPixelShader.usf" 1918
"../../../Engine/Shaders/Private/MobileBasePassCommon.ush" 1919
"../../../Engine/Shaders/Private/SingleLayerWaterShading.ush" 1920
"../../../Engine/Shaders/Private/DistortionCommon.ush" 1921
"../../../Engine/Shaders/Private/MobileBasePassVertexShader.usf" 1922
"../../../Engine/Shaders/Private/MeshTexCoordSizeAccuracyPixelShader.usf" 1923
"../../../Engine/Shaders/Private/MaterialTexCoordScalesPixelShader.usf" 1924
"../../../Engine/Shaders/Private/LightShaftShader.usf" 1925
"../../../Engine/Shaders/Private/StationaryLightOverlapShaders.usf" 1926
"../../../Engine/Shaders/Private/DeferredLightPixelShaders.usf" 1927
"../../../Engine/Shaders/Private/HairStrands/HairStrandsCommon.ush" 1928
"../../../Engine/Shaders/Private/HairStrands/HairStrandsDeepTransmittanceCommon.ush" 1929
"../../../Engine/Shaders/Private/HairStrands/HairStrandsDeepTransmittanceDualScattering.ush" 1930
"../../../Engine/Shaders/Private/DeferredLightVertexShaders.usf" 1931
"../../../Engine/Shaders/Private/LPVVisualise.usf" 1932
"../../../Engine/Shaders/Private/LPVGeometryVolumeCommon.ush" 1933
"../../../Engine/Shaders/Private/LPVDirectLightInject.usf" 1934
"../../../Engine/Shaders/Private/LPVPropagate.usf" 1935
"../../../Engine/Shaders/Private/LPVPacking.ush" 1936
"../../../Engine/Shaders/Private/LPVBuildGeometryVolume.usf" 1937
"../../../Engine/Shaders/Private/LPVDirectionalOcclusion.usf" 1938
"../../../Engine/Shaders/Private/LPVInject_AccumulateVplLists.usf" 1939
"../../../Engine/Shaders/Private/LPVInject_GenerateVplLists.usf" 1940
"../../../Engine/Shaders/Private/LPVClearLists.usf" 1941
"../../../Engine/Shaders/Private/LPVClear.usf" 1942
"../../../Engine/Shaders/Private/LightMapDensityShader.usf" 1943
"../../../Engine/Shaders/Private/LightGridInjection.usf" 1944
"../../../Engine/Shaders/Private/LightFunctionPixelShader.usf" 1945
"../../../Engine/Shaders/Private/LightFunctionVertexShader.usf" 1946
"../../../Engine/Shaders/Private/ReflectionEnvironmentPixelShader.usf" 1947
"../../../Engine/Shaders/Private/AmbientCubemapComposite.usf" 1948
"../../../Engine/Shaders/Private/DiffuseIndirectComposite.usf" 1949
"../../../Engine/Shaders/Private/HeightfieldLighting.usf" 1950
"../../../Engine/Shaders/Private/DistanceFieldLightingShared.ush" 1951
"../../../Engine/Shaders/Private/DistanceFieldShadowingShared.ush" 1952
"../../../Engine/Shaders/Private/HeightfieldLightingShared.ush" 1953
"../../../Engine/Shaders/Private/HdrCustomResolveShaders.usf" 1954
"../../../Engine/Shaders/Private/HairStrands/HairStrandsVoxelMip.usf" 1955
"../../../Engine/Shaders/Private/HairStrands/HairStrandsVoxelRasterCompute.usf" 1956
"../../../Engine/Shaders/Private/HairStrands/HairStrandsVoxelPageAllocation.usf" 1957
"../../../Engine/Shaders/Private/Matrices.ush" 1958
"../../../Engine/Shaders/Private/HairStrands/HairStrandsAABBCommon.ush" 1959
"../../../Engine/Shaders/Private/HairStrands/HairStrandsVoxelOpaque.usf" 1960
"../../../Engine/Shaders/Private/HairStrands/HairStrandsVisibilityRasterCompute.usf" 1961
"../../../Engine/Shaders/Shared/ThirdParty/NVIDIA/nvHLSLExtns.h" 1962
"../../../Engine/Shaders/Shared/ThirdParty/NVIDIA/nvHLSLExtnsInternal.h" 1963
"../../../Engine/Shaders/Shared/ThirdParty/NVIDIA/nvShaderExtnEnums.h" 1964
"../../../Engine/Shaders/Shared/ThirdParty/AMD/ags_shader_intrinsics_dx11.h" 1965
"../../../Engine/Shaders/Private/HairStrands/HairStrandsCoverage.usf" 1966
"../../../Engine/Shaders/Private/HairStrands/HairStrandsVisibilityDepthPS.usf" 1967
"../../../Engine/Shaders/Private/HairStrands/HairStrandsVisibilityTransmittanceDepthPS.usf" 1968
"../../../Engine/Shaders/Private/HairStrands/HairStrandsVisibilityFillOpaqueDepthPS.usf" 1969
"../../../Engine/Shaders/Private/HairStrands/HairStrandsVisibilityTile.usf" 1970
"../../../Engine/Shaders/Private/HairStrands/HairStrandsVisibilityCompactionComputeRaster.usf" 1971
"../../../Engine/Shaders/Private/HairStrands/HairStrandsVisibilityCompaction.usf" 1972
"../../../Engine/Shaders/Private/HairStrands/HairStrandsVisibilityCopyIndirectArg.usf" 1973
"../../../Engine/Shaders/Private/HairStrands/HairStrandsVisibilityClearPS.usf" 1974
"../../../Engine/Shaders/Private/HairStrands/HairStrandsVisibilityPS.usf" 1975
"../../../Engine/Shaders/Private/HairStrands/HairStrandsVisibilityVS.usf" 1976
"../../../Engine/Shaders/Private/HairStrands/HairStrandsLightChannelMask.usf" 1977
"../../../Engine/Shaders/Private/HairStrands/HairStrandsVelocity.usf" 1978
"../../../Engine/Shaders/Private/HairStrands/HairStrandsVisibilityComputeSampleCoverage.usf" 1979
"../../../Engine/Shaders/Private/HairStrands/HairStrandsMaterialPS.usf" 1980
"../../../Engine/Shaders/Private/HairStrands/HairStrandsMaterialCommon.ush" 1981
"../../../Engine/Shaders/Private/HairStrands/HairStrandsMaterialVS.usf" 1982
"../../../Engine/Shaders/Private/HairStrands/HairStrandsMaterialGBufferPS.usf" 1983
"../../../Engine/Shaders/Private/HairStrands/HairStrandsGBufferCommon.ush" 1984
"../../../Engine/Shaders/Private/HairStrands/HairStrandsMaterialGBufferVS.usf" 1985
"../../../Engine/Shaders/Private/HairStrands/HairStrandsLightSample.usf" 1986
"../../../Engine/Shaders/Private/HairStrands/HairStrandsDeepShadowMask.usf" 1987
"../../../Engine/Shaders/Private/HairStrands/HairStrandsDeepShadowCommonStruct.ush" 1988
"../../../Engine/Shaders/Private/HairStrands/HairStrandsDebugCommon.ush" 1989
"../../../Engine/Shaders/Private/HairStrands/HairStrandsDeepShadowCommon.ush" 1990
"../../../Engine/Shaders/Private/HairStrands/HairStrandsDeepTransmittanceMask.usf" 1991
"../../../Engine/Shaders/Private/HairStrands/HairScatter.usf" 1992
"../../../Engine/Shaders/Private/HairStrands/HairScatterCompose.usf" 1993
"../../../Engine/Shaders/Private/HairStrands/HairStrandsDeepShadowPS.usf" 1994
"../../../Engine/Shaders/Private/HairStrands/HairStrandsDeepShadowVS.usf" 1995
"../../../Engine/Shaders/Private/HairStrands/HairStrandsLUT.usf" 1996
"../../../Engine/Shaders/Private/HairStrands/HairStrandsEnvironmentLighting.usf" 1997
"../../../Engine/Shaders/Private/HairStrands/HairStrandsEnvironmentLightingCommon.ush" 1998
"../../../Engine/Shaders/Private/HairStrands/HairStrandsDebugCommonStruct.ush" 1999
"../../../Engine/Shaders/Private/HairStrands/HairStrandsEnvironmentAO.usf" 2000
"../../../Engine/Shaders/Private/HairStrands/HairStrandsDeepShadowAllocation.usf" 2001
"../../../Engine/Shaders/Private/HairStrands/HairStrandsVoxelDepthInjection.usf" 2002
"../../../Engine/Shaders/Private/HairStrands/HairStrandsClusterCulling.usf" 2003
"../../../Engine/Shaders/Private/HairStrands/HairStrandsClusterCommon.ush" 2004
"../../../Engine/Shaders/Private/HairStrands/HairStrandsVisibilityPPLLDebug.usf" 2005
"../../../Engine/Shaders/Private/HairStrands/HairStrandsBsdfPlot.usf" 2006
"../../../Engine/Shaders/Private/HairStrands/HairStrandsVoxelPageRayMarching.usf" 2007
"../../../Engine/Shaders/Private/HairStrands/HairStrandsDeepShadowDebug.usf" 2008
"../../../Engine/Shaders/Private/HairStrands/HairStrandsDebug.usf" 2009
"../../../Engine/Shaders/Private/HairStrands/HairStrandsDebugPrint.usf" 2010
"../../../Engine/Shaders/Private/HairStrands/HairStrandsGBufferWrite.usf" 2011
"../../../Engine/Shaders/Private/HairStrands/HairStrandsVisibilityComposeSubPixelPS.usf" 2012
"../../../Engine/Shaders/Private/HairStrands/HairStrandsAABB.usf" 2013
"../../../Engine/Shaders/Private/GPUFastFourierTransform.usf" 2014
"../../../Engine/Shaders/Private/GPUFastFourierTransform2DCore.ush" 2015
"../../../Engine/Shaders/Private/GPUFastFourierTransformCore.ush" 2016
"../../../Engine/Shaders/Private/ShaderDrawDebug.usf" 2017
"../../../Engine/Shaders/Private/GPUBenchmark.usf" 2018
"../../../Engine/Shaders/Private/GlobalDistanceField.usf" 2019
"../../../Engine/Shaders/Private/GammaCorrection.usf" 2020
"../../../Engine/Shaders/Private/HeightFogPixelShader.usf" 2021
"../../../Engine/Shaders/Private/HeightFogVertexShader.usf" 2022
"../../../Engine/Shaders/Private/DistortAccumulatePS.usf" 2023
"../../../Engine/Shaders/Private/DistortAccumulateVS.usf" 2024
"../../../Engine/Shaders/Private/DistanceFieldVisualization.usf" 2025
"../../../Engine/Shaders/Private/DistanceFieldShadowing.usf" 2026
"../../../Engine/Shaders/Private/DistanceFieldScreenGridLighting.usf" 2027
"../../../Engine/Shaders/Private/DistanceFieldObjectCulling.usf" 2028
"../../../Engine/Shaders/Private/DistanceFieldLightingPost.usf" 2029
"../../../Engine/Shaders/Private/DitheredTransitionStencil.usf" 2030
"../../../Engine/Shaders/Private/DepthOnlyPixelShader.usf" 2031
"../../../Engine/Shaders/Private/DepthOnlyVertexShader.usf" 2032
"../../../Engine/Shaders/Private/PositionOnlyDepthVertexShader.usf" 2033
"../../../Engine/Shaders/Private/DeferredDecal.usf" 2034
"../../../Engine/Shaders/Private/DecalCommon.ush" 2035
"../../../Engine/Shaders/Private/DBufferDecalShared.ush" 2036
"../../../Engine/Shaders/Private/DebugViewModeVertexShader.usf" 2037
"../../../Engine/Shaders/Private/PostProcessPassThrough.usf" 2038
"../../../Engine/Shaders/Private/MeshDecals.usf" 2039
"../../../Engine/Shaders/Private/PostProcessLpvIndirect.usf" 2040
"../../../Engine/Shaders/Private/LPVFinalPass.ush" 2041
"../../../Engine/Shaders/Private/PostProcessAmbientOcclusion.usf" 2042
"../../../Engine/Shaders/Private/ClusteredDeferredShadingPixelShader.usf" 2043
"../../../Engine/Shaders/Private/CapsuleShadowShaders.usf" 2044
"../../../Engine/Shaders/Private/BasePassPixelShader.usf" 2045
"../../../Engine/Shaders/Private/BasePassCommon.ush" 2046
"../../../Engine/Shaders/Private/ShadingModelsMaterial.ush" 2047
"../../../Engine/Shaders/Private/ThinTranslucentCommon.ush" 2048
"../../../Engine/Shaders/Private/ForwardLightingCommon.ush" 2049
"../../../Engine/Shaders/Private/BasePassTessellationShaders.usf" 2050
"../../../Engine/Shaders/Private/BasePassVertexCommon.ush" 2051
"../../../Engine/Shaders/Private/BasePassVertexShader.usf" 2052
"../../../Engine/Shaders/Private/AtmospherePrecomputeInscatter.usf" 2053
"../../../Engine/Shaders/Private/AtmospherePrecomputeCommon.ush" 2054
"../../../Engine/Shaders/Private/AtmospherePrecompute.usf" 2055
"../../../Engine/Shaders/Private/AtmosphericFogShader.usf" 2056
"../../../Engine/Shaders/Private/AnisotropyPassShader.usf" 2057
"../../../Engine/Shaders/Private/SimpleElementVolumeTexturePreviewPixelShader.usf" 2058
"../../../Engine/Shaders/Private/SimpleElementTexture2DPreviewPixelShader.usf" 2059
"../../../Engine/Shaders/Private/SimpleElementNormalMapPixelShader.usf" 2060
"../../../Engine/Shaders/Private/meshpaintdilatepixelshader.usf" 2061
"../../../Engine/Shaders/Private/meshpaintdilatevertexshader.usf" 2062
"../../../Engine/Shaders/Private/MeshPaintPixelShader.usf" 2063
"../../../Engine/Shaders/Private/MeshPaintVertexShader.usf" 2064
"../../../Engine/Shaders/Private/Tools/VisualizeTexture.usf" 2065
"../../../Engine/Shaders/Private/ByteBuffer.usf" 2066
"../../../Engine/Shaders/Private/ResolveVertexShader.usf" 2067
"../../../Engine/Shaders/Private/ResolvePixelShader.usf" 2068
"../../../Engine/Shaders/Private/Tools/ClearUAV.usf" 2069
"../../../Engine/Shaders/Private/ClearReplacementShaders.usf" 2070
"../../../Engine/Shaders/Private/Raytracing/RayTracingInstanceCopy.usf" 2071
"../../../Engine/Shaders/Private/RenderGraphUtilities.usf" 2072
"../../../Engine/Shaders/Private/OneColorShader.usf" 2073
"../../../Engine/Shaders/Private/OculusShaders.usf" 2074
"../../../Engine/Shaders/Private/MediaShaders.usf" 2075
"../../../Engine/Shaders/Private/NullPixelShader.usf" 2076
"../../../Engine/Shaders/Private/ComputeGenerateMips.usf" 2077
"../../../Engine/Shaders/Private/CopyTextureShaders.usf" 2078
"../../../Engine/Shaders/Private/Tools/FullscreenVertexShader.usf" 2079
"../../../Engine/Shaders/Private/RayTracing/RayTracingBuiltInShaders.usf" 2080
"C:/Users/User/AppData/Local/UnrealEngine/4.27/DerivedDataCache/Boot.ddc" 2081
"../../../Engine/DerivedDataCache/Compressed.ddp" 2082
"C:/Users/User/AppData/Local/UnrealEngine/Common/DerivedDataCache/TestData/0/TestData_4kb.dat" 2083
"C:/Users/User/AppData/Local/UnrealEngine/Common/DerivedDataCache/TestData/1/TestData_4kb.dat" 2084
"C:/Users/User/AppData/Local/UnrealEngine/Common/DerivedDataCache/TestData/0/TestData_8kb.dat" 2085
"C:/Users/User/AppData/Local/UnrealEngine/Common/DerivedDataCache/TestData/1/TestData_8kb.dat" 2086
"C:/Users/User/AppData/Local/UnrealEngine/Common/DerivedDataCache/TestData/0/TestData_16kb.dat" 2087
"C:/Users/User/AppData/Local/UnrealEngine/Common/DerivedDataCache/TestData/1/TestData_16kb.dat" 2088
"C:/Users/User/AppData/Local/UnrealEngine/Common/DerivedDataCache/TestData/0/TestData_64kb.dat" 2089
"C:/Users/User/AppData/Local/UnrealEngine/Common/DerivedDataCache/TestData/1/TestData_64kb.dat" 2090
"C:/Users/User/AppData/Local/UnrealEngine/Common/DerivedDataCache/TestData/0/TestData_128kb.dat" 2091
"C:/Users/User/AppData/Local/UnrealEngine/Common/DerivedDataCache/TestData/1/TestData_128kb.dat" 2092
"C:/Users/User/AppData/Local/UnrealEngine/Common/DerivedDataCache/TestData/0/TestData_256kb.dat" 2093
"C:/Users/User/AppData/Local/UnrealEngine/Common/DerivedDataCache/TestData/1/TestData_256kb.dat" 2094
"../../../Engine/Content/EditorResources/S_Actor.uasset" 2095
"../../../Engine/Content/EngineResources/WhiteSquareTexture.uasset" 2096
"../../../Engine/Content/EngineResources/GradientTexture0.uasset" 2097
"../../../Engine/Content/EngineResources/Black.uasset" 2098
"../../../Engine/Content/EngineMeshes/Sphere.uasset" 2099
"../../../Engine/Content/EditorMaterials/MatineeGroups/MAT_Groups_Float.uasset" 2100
"../../../Engine/Content/EditorMaterials/MatineeGroups/MAT_Groups_Anim.uasset" 2101
"../../../Engine/Content/EditorMaterials/MatineeGroups/MAT_Groups_AudioMaster.uasset" 2102
"../../../Engine/Content/EditorMaterials/MatineeGroups/MAT_ColorTrack.uasset" 2103
"../../../Engine/Content/EditorMaterials/MatineeGroups/MAT_Groups_Fade.uasset" 2104
"../../../Engine/Content/EditorMaterials/MatineeGroups/MAT_Groups_Director.uasset" 2105
"../../../Engine/Content/EditorMaterials/MatineeGroups/MAT_Groups_Event.uasset" 2106
"../../../Engine/Content/EditorMaterials/MatineeGroups/MAT_Groups_Move.uasset" 2107
"../../../Engine/Content/EditorMaterials/MatineeGroups/MAT_Groups_Slomo.uasset" 2108
"../../../Engine/Content/EditorMaterials/MatineeGroups/MAT_Groups_Sound.uasset" 2109
"../../../Engine/Content/EditorMaterials/MAT_Groups_Toggle.uasset" 2110
"../../../Engine/Content/EditorMaterials/MatineeGroups/MAT_Groups_Vector.uasset" 2111
"../../../Engine/Content/EditorMaterials/MAT_Groups_Visibility.uasset" 2112
"../../../Engine/Content/EngineResources/DefaultTexture.uasset" 2113
"../../../Engine/Content/EngineResources/DefaultTextureCube.uasset" 2114
"../../../Engine/Content/EngineResources/DefaultVolumeTexture.uasset" 2115
"../../../Engine/Content/EngineResources/DefaultVolumeTexture2D.uasset" 2116
"../../../Engine/Content/EngineFonts/RobotoDistanceField.uasset" 2117
"../../../Engine/Content/EngineMaterials/DefaultTextMaterialOpaque.uasset" 2118
"../../../Engine/Content/Functions/Engine_MaterialFunctions01/Shading/PowerToRoughness.uasset" 2119
"../../../Engine/Content/Functions/Engine_MaterialFunctions01/Shading/ConvertFromDiffSpec.uasset" 2120
"../../../Engine/Content/EngineMaterials/WorldGridMaterial.uasset" 2121
"../../../Engine/Content/Functions/Engine_MaterialFunctions01/Opacity/CameraDepthFade.uasset" 2122
"../../../Engine/Content/EngineMaterials/T_Default_Material_Grid_M.uasset" 2123
"../../../Engine/Content/EngineMaterials/T_Default_Material_Grid_N.uasset" 2124
"../../../Engine/Content/EngineMaterials/DefaultDeferredDecalMaterial.uasset" 2125
"../../../Engine/Content/EngineMaterials/DefaultDiffuse.uasset" 2126
"../../../Engine/Content/EngineMaterials/DefaultLightFunctionMaterial.uasset" 2127
"../../../Engine/Content/EngineMaterials/DefaultPostProcessMaterial.uasset" 2128
"../../../Engine/Content/Functions/Engine_MaterialFunctions02/Utility/BreakOutFloat2Components.uasset" 2129
"../../../Engine/Content/EditorResources/S_Trigger.uasset" 2130
"../../../Engine/Content/EngineSky/VolumetricClouds/m_SimpleVolumetricCloud_Inst.uasset" 2131
"../../../Engine/Content/EngineSky/VolumetricClouds/m_SimpleVolumetricCloud.uasset" 2132
"../../../Engine/Content/Functions/Engine_MaterialFunctions02/Utility/MakeFloat2.uasset" 2133
"../../../Engine/Content/EngineSky/VolumetricClouds/CloudGradientTexture.uasset" 2134
"../../../Engine/Content/EngineSky/VolumetricClouds/CloudWeatherTexture.uasset" 2135
"../../../Engine/Content/EngineSky/VolumetricClouds/T_VolumeNoiseErosion32.uasset" 2136
"../../../Engine/Content/EngineSky/VolumetricClouds/T_NoiseErosion.uasset" 2137
"../../../Engine/Content/EngineSky/VolumetricClouds/T_VolumeNoiseShape64.uasset" 2138
"../../../Engine/Content/EngineSky/VolumetricClouds/T_NoiseShape64.uasset" 2139
"../../../Engine/Content/EngineMaterials/BaseFlattenMaterial.uasset" 2140
"../../../Engine/Content/EngineMaterials/BaseFlattenDiffuseMap.uasset" 2141
"../../../Engine/Content/EngineMaterials/BaseFlattenEmissiveMap.uasset" 2142
"../../../Engine/Content/EngineMaterials/BaseFlattenGrayscaleMap.uasset" 2143
"../../../Engine/Content/EngineMaterials/BaseFlattenNormalMap.uasset" 2144
"../../../Engine/Content/EngineDamageTypes/DmgTypeBP_Environmental.uasset" 2145
"../../../Engine/Content/VREditor/TransformGizmo/SM_Sequencer_Key.uasset" 2146
"../../../Engine/Content/VREditor/TransformGizmo/Main.uasset" 2147
"../../../Engine/Content/VREditor/TransformGizmo/Xray.uasset" 2148
"../../../Engine/Content/EngineMaterials/Widget3DPassThrough_Translucent.uasset" 2149
"../../../Engine/Content/EngineMaterials/Widget3DPassThrough.uasset" 2150
"../../../Engine/Config/TVOS/TVOSEngine.ini" 2151
"../../../Engine/Content/EngineMaterials/Widget3DPassThrough_Translucent_OneSided.uasset" 2152
"../../../Engine/Content/EngineMaterials/Widget3DPassThrough_Opaque.uasset" 2153
"../../../Engine/Content/EngineMaterials/Widget3DPassThrough_Opaque_OneSided.uasset" 2154
"../../../Engine/Content/EngineMaterials/Widget3DPassThrough_Masked.uasset" 2155
"../../../Engine/Content/EngineMaterials/Widget3DPassThrough_Masked_OneSided.uasset" 2156
"../../../Engine/Content/VREditor/TransformGizmo/PlaneTranslationHandle.uasset" 2157
"../../../Engine/Content/VREditor/TransformGizmo/TransformGizmoMaterial.uasset" 2158
"../../../Engine/Content/VREditor/LaserPointer/VR_LaserPower_01.uasset" 2159
"../../../Engine/Content/VREditor/TransformGizmo/TranslucentTransformGizmoMaterial.uasset" 2160
"../../../Engine/Content/VREditor/TransformGizmo/BoundingBoxCorner.uasset" 2161
"../../../Engine/Content/VREditor/TransformGizmo/BoundingBoxEdge.uasset" 2162
"../../../Engine/Content/EditorMeshes/Camera/SM_CraneRig_Base.uasset" 2163
"../../../Engine/Content/EditorMaterials/Camera/MI_CineMat_Rig.uasset" 2164
"../../../Engine/Content/EditorMaterials/Camera/CineMat.uasset" 2165
"../../../Engine/Content/EditorMeshes/Camera/SM_CraneRig_Arm.uasset" 2166
"../../../Engine/Content/EditorMeshes/Camera/SM_CraneRig_Mount.uasset" 2167
"../../../Engine/Content/EditorMeshes/Camera/SM_CraneRig_Body.uasset" 2168
"../../../Engine/Content/EditorMeshes/Camera/SM_RailRig_Track.uasset" 2169
"../../../Engine/Content/EditorMeshes/Camera/SM_RailRig_Mount.uasset" 2170
"../../../Engine/Content/ArtTools/RenderToTexture/Meshes/S_1_Unit_Plane.uasset" 2171
"../../../Engine/Content/EngineDebugMaterials/M_SimpleUnlitTranslucent.uasset" 2172
"../../../Engine/Content/EngineFonts/Roboto.uasset" 2173
"../../../Engine/Content/EngineFonts/Faces/DroidSansFallback.uasset" 2174
"../../../Engine/Content/EngineFonts/Faces/RobotoBold.uasset" 2175
"../../../Engine/Content/EngineFonts/Faces/RobotoBoldItalic.uasset" 2176
"../../../Engine/Content/EngineFonts/Faces/RobotoItalic.uasset" 2177
"../../../Engine/Content/EngineFonts/Faces/RobotoLight.uasset" 2178
"../../../Engine/Content/EngineFonts/Faces/RobotoRegular.uasset" 2179
"../../../Engine/Content/EditorMaterials/ParticleSystems/PSysThumbnail_NoImage.uasset" 2180
"../../../Engine/Content/EditorMaterials/ParticleSystems/PSysThumbnail_OOD.uasset" 2181
"../../../Engine/Content/Maps/Templates/Thumbnails/Default.uasset" 2182
"../../../Engine/Content/Maps/Templates/Thumbnails/TimeOfDay.uasset" 2183
"../../../Engine/Content/Maps/Templates/Thumbnails/VR-Basic.uasset" 2184
"../../../Engine/Content/EditorLandscapeResources/DataLayer.uasset" 2185
"../../Plugins/Runtime/Oculus/OculusVR/Content/Materials/PokeAHoleMaterial.uasset" 2186
"../../../Engine/Content/VREditor/TransformGizmo/SM_Sequencer_Node.uasset" 2187
"../../../Engine/Content/Internationalization/icudt64l/coll/ucadata.icu" 2188
"../../../Engine/Content/Internationalization/icudt64l/coll/ru.res" 2189
"../../../Engine/Content/Internationalization/icudt64l/coll/root.res" 2190
"../../../Engine/Content/Tutorial/Basics/LevelEditorAttract.uasset" 2191
"../../../../../../2new/Unauticna test/game-unauticna/Unreal Code/UnauticnaCastle/Content/ThirdPersonBP/ThirdPersonOverview.uasset" 2192
"../../../Engine/Content/Tutorial/ContentIntroCurve.uasset" 2193
"../../Plugins/2D/Paper2D/Content/MaskedUnlitSpriteMaterial.uasset" 2194
"../../Plugins/2D/Paper2D/Content/DefaultSpriteMaterial.uasset" 2195
"../../Plugins/2D/Paper2D/Content/PlaceholderTextures/DummySpriteTexture.uasset" 2196
"../../Plugins/2D/Paper2D/Content/OpaqueUnlitSpriteMaterial.uasset" 2197
"../../Plugins/2D/Paper2D/Content/DefaultPaperTerrainMaterial.uasset" 2198
"../../Plugins/2D/Paper2D/Content/DummySprite.uasset" 2199
"../../Plugins/Lumin/MagicLeapPassableWorld/Content/MagicLeapARPinInfoActor.uasset" 2200
"../../../Engine/Content/ArtTools/RenderToTexture/Materials/Debug/M_Emissive_Color.uasset" 2201
"../../../Engine/Content/BasicShapes/Cylinder.uasset" 2202
"../../../Engine/Content/EngineMaterials/DefaultMaterial.uasset" 2203
"../../../Engine/Content/EngineDebugMaterials/VertexColorMaterial.uasset" 2204
"../../../Engine/Content/EngineDebugMaterials/WireframeMaterial.uasset" 2205
"../../../Engine/Content/EngineMeshes/Cylinder.uasset" 2206
"../../../../../../2new/Unauticna test/game-unauticna/Unreal Code/UnauticnaCastle/Config/DefaultCrypto.ini" 2207
"D:/2new/Unauticna test/game-unauticna/Unreal Code/UnauticnaCastle/Saved/Config/Windows/Crypto.ini" 2208
"../../Plugins/Editor/SpeedTreeImporter/Content/SpeedTree9/SpeedTreeMaster.uasset" 2209
"../../../Engine/Content/Functions/Engine_MaterialFunctions02/ObjectLocalBounds.uasset" 2210
"../../../Engine/Content/Functions/Engine_MaterialFunctions02/SafeNormalize.uasset" 2211
"../../../Engine/Content/Functions/Engine_MaterialFunctions02/Utility/BreakOutFloat3Components.uasset" 2212
"../../../Engine/Content/Functions/Engine_MaterialFunctions02/Utility/VectorLength.uasset" 2213
"../../../Engine/Content/Functions/Engine_MaterialFunctions02/UVs/BoundingBoxBased_0-1_UVW.uasset" 2214
"../../../Engine/Content/Functions/Engine_MaterialFunctions02/WorldPositionOffset/ObjectScale.uasset" 2215
"../../Plugins/Editor/SpeedTreeImporter/Content/SpeedTree9/SpeedTreeBranchMotion.uasset" 2216
"../../Plugins/Editor/SpeedTreeImporter/Content/SpeedTree9/SpeedTreeWindMotion.uasset" 2217
"../../Plugins/Editor/SpeedTreeImporter/Content/SpeedTree9/game_wind_noise.uasset" 2218
"../../Plugins/Editor/SpeedTreeImporter/Content/SpeedTree9/UnpackDirection.uasset" 2219
"../../Plugins/Editor/SpeedTreeImporter/Content/SpeedTree9/UnpackInteger3.uasset" 2220
"../../Plugins/Editor/SpeedTreeImporter/Content/SpeedTree9/SpeedTreeCameraFacing.uasset" 2221
"../../Plugins/Editor/SpeedTreeImporter/Content/SpeedTree9/SpeedTreeWind.uasset" 2222
"../../Plugins/Editor/SpeedTreeImporter/Content/SpeedTree9/Empty.uasset" 2223
"../../Plugins/Editor/SpeedTreeImporter/Content/SpeedTree9/EmptyNormal.uasset" 2224
"../../Plugins/Editor/SpeedTreeImporter/Content/SpeedTree9/SpeedTreeBillboardMaster.uasset" 2225
"../../Plugins/Editor/SpeedTreeImporter/Content/SpeedTree9/SpeedTreeBillboard.uasset" 2226
"../../../Engine/Content/EditorResources/S_Solver.uasset" 2227
"../../../Engine/Content/EditorResources/S_Note.uasset" 2228
"../../../Engine/Content/EngineDebugMaterials/VolumeToRender.uasset" 2229
"../../../Engine/Content/EngineDebugMaterials/M_VolumeRenderSphereTracePP.uasset" 2230
"../../../Engine/Content/Functions/Engine_MaterialFunctions02/Utility/CameraDirectionVector.uasset" 2231
"../../Plugins/Runtime/OpenXR/Content/Devices/GoogleDaydream/GoogleDaydreamController.uasset" 2232
"../../Plugins/Runtime/OpenXR/Content/Devices/GoogleDaydream/MI_GoogleDaydream.uasset" 2233
"../../Plugins/Runtime/OpenXR/Content/Devices/M_XRController.uasset" 2234
"../../Plugins/Runtime/OpenXR/Content/Devices/GoogleDaydream/BaseTexture.uasset" 2235
"../../Plugins/Runtime/OpenXR/Content/Devices/GoogleDaydream/MRTexture.uasset" 2236
"../../Plugins/Runtime/OpenXR/Content/Devices/HTCVive/HTCViveController.uasset" 2237
"../../Plugins/Runtime/OpenXR/Content/Devices/HTCVive/MI_HTCVive.uasset" 2238
"../../Plugins/Runtime/OpenXR/Content/Devices/HTCVive/BaseTexture.uasset" 2239
"../../Plugins/Runtime/OpenXR/Content/Devices/MicrosoftMixedReality/Left/left_MicrosoftMixedRealityController.uasset" 2240
"../../Plugins/Runtime/OpenXR/Content/Devices/MicrosoftMixedReality/MI_MicrosoftMixedReality.uasset" 2241
"../../Plugins/Runtime/OpenXR/Content/Devices/MicrosoftMixedReality/BaseTexture.uasset" 2242
"../../Plugins/Runtime/OpenXR/Content/Devices/MicrosoftMixedReality/EmissiveTexture.uasset" 2243
"../../Plugins/Runtime/OpenXR/Content/Devices/MicrosoftMixedReality/MRTexture.uasset" 2244
"../../Plugins/Runtime/OpenXR/Content/Devices/MicrosoftMixedReality/NormalTexture.uasset" 2245
"../../Plugins/Runtime/OpenXR/Content/Devices/MicrosoftMixedReality/Right/right_MicrosoftMixedRealityController.uasset" 2246
"../../Plugins/Runtime/OpenXR/Content/Devices/OculusGo/OculusGoController.uasset" 2247
"../../Plugins/Runtime/OpenXR/Content/Devices/OculusGo/MI_OculusGo.uasset" 2248
"../../Plugins/Runtime/OpenXR/Content/Devices/OculusGo/BaseTexture.uasset" 2249
"../../Plugins/Runtime/OpenXR/Content/Devices/OculusTouch/Left/left_OculusTouchController.uasset" 2250
"../../Plugins/Runtime/OpenXR/Content/Devices/OculusTouch/MI_OculusTouch.uasset" 2251
"../../Plugins/Runtime/OpenXR/Content/Devices/OculusTouch/BaseTexture.uasset" 2252
"../../Plugins/Runtime/OpenXR/Content/Devices/OculusTouch/MRTexture.uasset" 2253
"../../Plugins/Runtime/OpenXR/Content/Devices/OculusTouch/Right/right_OculusTouchController.uasset" 2254
"../../Plugins/Runtime/OpenXR/Content/Devices/ValveIndex/Left/left_ValveIndexController.uasset" 2255
"../../Plugins/Runtime/OpenXR/Content/Devices/ValveIndex/Left/MI_left_ValveIndex.uasset" 2256
"../../Plugins/Runtime/OpenXR/Content/Devices/ValveIndex/BaseTexture.uasset" 2257
"../../Plugins/Runtime/OpenXR/Content/Devices/ValveIndex/MRTexture.uasset" 2258
"../../Plugins/Runtime/OpenXR/Content/Devices/ValveIndex/Right/right_ValveIndexController.uasset" 2259
"../../Plugins/Runtime/OpenXR/Content/Devices/ValveIndex/Right/MI_right_ValveIndex.uasset" 2260
"../../Plugins/Runtime/OpenXR/Content/Devices/OculusTouch_v2/Left/left_OculusTouch_v2Controller.uasset" 2261
"../../Plugins/Runtime/OpenXR/Content/Devices/OculusTouch_v2/MI_OculusTouch_v2.uasset" 2262
"../../Plugins/Runtime/OpenXR/Content/Devices/OculusTouch_v2/BaseTexture.uasset" 2263
"../../Plugins/Runtime/OpenXR/Content/Devices/OculusTouch_v2/MRTexture.uasset" 2264
"../../Plugins/Runtime/OpenXR/Content/Devices/OculusTouch_v2/Right/right_OculusTouch_v2Controller.uasset" 2265
"../../Plugins/Runtime/OpenXR/Content/Devices/OculusTouch_v3/Left/left_OculusTouch_v3Controller.uasset" 2266
"../../Plugins/Runtime/OpenXR/Content/Devices/OculusTouch_v3/MI_OculusTouch_v3.uasset" 2267
"../../Plugins/Runtime/OpenXR/Content/Devices/OculusTouch_v3/BaseTexture.uasset" 2268
"../../Plugins/Runtime/OpenXR/Content/Devices/OculusTouch_v3/MRTexture.uasset" 2269
"../../Plugins/Runtime/OpenXR/Content/Devices/OculusTouch_v3/Right/right_OculusTouch_v3Controller.uasset" 2270
"../../Plugins/Runtime/Oculus/OculusVR/Content/Materials/OculusMR_ChromaKey.uasset" 2271
"../../../Engine/Content/Functions/Engine_MaterialFunctions02/Utility/BreakOutFloat4Components.uasset" 2272
"../../../Engine/Content/Functions/Engine_MaterialFunctions02/Utility/MakeFloat3.uasset" 2273
"../../Plugins/Runtime/Oculus/OculusVR/Content/Materials/OculusMR_OpaqueColoredMaterial.uasset" 2274
"../../Plugins/Runtime/Oculus/OculusVR/Content/Meshes/RiftHMD.uasset" 2275
"../../Plugins/Runtime/Oculus/OculusVR/Content/Meshes/LeftTouchController.uasset" 2276
"../../Plugins/Runtime/Oculus/OculusVR/Content/Materials/touchController_mat.uasset" 2277
"../../Plugins/Runtime/Oculus/OculusVR/Content/Textures/touchController_albedo.uasset" 2278
"../../Plugins/Runtime/Oculus/OculusVR/Content/Textures/touchController_controlmap.uasset" 2279
"../../Plugins/Runtime/Oculus/OculusVR/Content/Meshes/RightTouchController.uasset" 2280
"../../Plugins/Runtime/Oculus/OculusVR/Content/Meshes/LeftTouchForQuestRiftSController.uasset" 2281
"../../Plugins/Runtime/Oculus/OculusVR/Content/Materials/TouchForQuestRiftSControllerMaterial.uasset" 2282
"../../Plugins/Runtime/Oculus/OculusVR/Content/Textures/TouchForQuestRiftSController_albedo.uasset" 2283
"../../Plugins/Runtime/Oculus/OculusVR/Content/Meshes/RightTouchForQuestRiftSController.uasset" 2284
"../../../Engine/Content/EngineMaterials/RemoveSurfaceMaterial.uasset" 2285
"../../../Engine/Content/EngineDebugMaterials/DebugMeshMaterial.uasset" 2286
"../../../Engine/Content/EngineMaterials/EmissiveMeshMaterial.uasset" 2287
"../../../Engine/Content/EngineMaterials/DefaultWhiteGrid_Low.uasset" 2288
"../../../Engine/Content/EngineMaterials/M_InvalidLightmapSettings.uasset" 2289
"../../../Engine/Content/EngineMaterials/InvalidLightmapSettings.uasset" 2290
"../../../Engine/Content/EngineMaterials/GizmoMaterial.uasset" 2291
"../../../Engine/Content/EngineMaterials/PhAT_JointLimitMaterial.uasset" 2292
"../../../Engine/Content/Functions/Engine_MaterialFunctions02/WorldPositionOffset/CameraOffset.uasset" 2293
"../../../Engine/Content/EngineMaterials/Good64x64TilingNoiseHighFreq.uasset" 2294
"../../../Engine/Content/EngineMaterials/DefaultBokeh.uasset" 2295
"../../../Engine/Content/EngineMaterials/DefaultBloomKernel.uasset" 2296
"../../../Engine/Content/EngineMaterials/PreintegratedSkinBRDF.uasset" 2297
"../../../Engine/Content/EngineMaterials/MiniFont.uasset" 2298
"../../../Engine/Content/EngineMaterials/WeightMapPlaceholderTexture.uasset" 2299
"../../../Engine/Content/EngineMaterials/DefaultWhiteGrid.uasset" 2300
"../../../Engine/Content/EngineMaterials/BlueNoise.uasset" 2301
"../../../Engine/Content/EngineMaterials/DefaultPhysicalMaterial.uasset" 2302
"../../../../../../2new/Unauticna test/game-unauticna/Unreal Code/UnauticnaCastle/Intermediate/AssetRegistryCache/311563bb.bin" 2303
"../../../../../../2new/Unauticna test/game-unauticna/Unreal Code/UnauticnaCastle/Intermediate/AssetRegistryCache/466e27ae.bin" 2304
"../../../Engine/Content/BasicShapes/Cube.uasset" 2305
"../../../Engine/Content/BasicShapes/Sphere.uasset" 2306
"../../../Engine/Content/BasicShapes/Cone.uasset" 2307
"../../../Engine/Content/BasicShapes/Plane.uasset" 2308
"../../../Engine/Content/EditorLandscapeResources/DefaultAlphaTexture.uasset" 2309
"../../../Engine/Content/EditorResources/S_Terrain.uasset" 2310
"../../../Engine/Content/EditorResources/SequenceRecorder/Countdown.uasset" 2311
"../../../Engine/Content/EditorResources/SequenceRecorder/RecordingIndicator.uasset" 2312
"../../../../../../2new/Unauticna test/game-unauticna/Unreal Code/UnauticnaCastle/Intermediate/CachedAssetRegistry.bin" 2313
"C:/Users/User/AppData/Local/UnrealEngine/Common/DerivedDataCache/4/5/4/GSM_FA8C9A216A2C4639A783EB2DF8CE267E_PCD3D_SM5_8__BC5N_NOCCBN_NOIRIS_DEV_SL_PR__507D9B5995BEBAC0FD60658BF35CCBF846CE414B.udd" 2314
"C:/Users/User/AppData/Local/UnrealEngine/Common/DerivedDataCache/4/7/9/GSM_FA8C9A216A2C4639A783EB2DF8CE267E_PCD3D_SM5_8__BC5N_NOCCBN_NOIRIS_DEV_SL_PR__184F4A9A9657DE87B00B48A66408420E2DDDB13B.udd" 2315
"C:/Users/User/AppData/Local/UnrealEngine/Common/DerivedDataCache/6/1/0/GSM_FA8C9A216A2C4639A783EB2DF8CE267E_PCD3D_SM5_8__BC5N_NOCCBN_NOIRIS_DEV_SL_PR__CC5C39DE4C23C722466449E2542EA6EA52A53C77.udd" 2316
"C:/Users/User/AppData/Local/UnrealEngine/Common/DerivedDataCache/0/3/4/GSM_FA8C9A216A2C4639A783EB2DF8CE267E_PCD3D_SM5_8__BC5N_NOCCBN_NOIRIS_DEV_SL_PR__33A5DA031E943984CA9C0AAB4E371567679518F1.udd" 2317
"C:/Users/User/AppData/Local/UnrealEngine/Common/DerivedDataCache/1/0/4/GSM_FA8C9A216A2C4639A783EB2DF8CE267E_PCD3D_SM5_8__BC5N_NOCCBN_NOIRIS_DEV_SL_PR__6657E6C84B4D3CE3F12D171030F09C51E6D2D536.udd" 2318
"C:/Users/User/AppData/Local/UnrealEngine/Common/DerivedDataCache/5/3/2/GSM_FA8C9A216A2C4639A783EB2DF8CE267E_PCD3D_SM5_8__BC5N_NOCCBN_NOIRIS_DEV_SL_PR__4F47AA261A6D97C90F782F9E33D7B7B737C55DE5.udd" 2319
"C:/Users/User/AppData/Local/UnrealEngine/Common/DerivedDataCache/3/4/6/GSM_FA8C9A216A2C4639A783EB2DF8CE267E_PCD3D_SM5_8__BC5N_NOCCBN_NOIRIS_DEV_SL_PR__7C83FA60E04DD044FCFBD8295710F2AD2AAD078D.udd" 2320
"C:/Users/User/AppData/Local/UnrealEngine/Common/DerivedDataCache/1/4/9/GSM_FA8C9A216A2C4639A783EB2DF8CE267E_PCD3D_SM5_8__BC5N_NOCCBN_NOIRIS_DEV_SL_PR__369EEB4B1BF062FD6304CC317E67685C411AF221.udd" 2321
"C:/Users/User/AppData/Local/UnrealEngine/Common/DerivedDataCache/8/7/6/GSM_FA8C9A216A2C4639A783EB2DF8CE267E_PCD3D_SM5_8__BC5N_NOCCBN_NOIRIS_DEV_SL_PR__856864810C93AF95F2716D8E726BCD6574C8AA90.udd" 2322
"C:/Users/User/AppData/Local/UnrealEngine/Common/DerivedDataCache/7/7/5/GSM_FA8C9A216A2C4639A783EB2DF8CE267E_PCD3D_SM5_8__BC5N_NOCCBN_NOIRIS_DEV_SL_PR__528837A2A79B29C6C703A0644A04A9DED207A976.udd" 2323
"C:/Users/User/AppData/Local/UnrealEngine/Common/DerivedDataCache/7/9/5/GSM_FA8C9A216A2C4639A783EB2DF8CE267E_PCD3D_SM5_8__BC5N_NOCCBN_NOIRIS_DEV_SL_PR__58D6B8A6B8AD6468F43BECFF5434BFAECB98722F.udd" 2324
"C:/Users/User/AppData/Local/UnrealEngine/Common/DerivedDataCache/8/8/6/GSM_FA8C9A216A2C4639A783EB2DF8CE267E_PCD3D_SM5_8__BC5N_NOCCBN_NOIRIS_DEV_SL_PR__67AC58C64689BF87AE2DAAF7901EEA7668A9FCD1.udd" 2325
"C:/Users/User/AppData/Local/UnrealEngine/Common/DerivedDataCache/1/7/7/GSM_FA8C9A216A2C4639A783EB2DF8CE267E_PCD3D_SM5_8__BC5N_NOCCBN_NOIRIS_DEV_SL_PR__17FAE41556853B4EF1F427ABD2CEFE8C5902D044.udd" 2326
"C:/Users/User/AppData/Local/UnrealEngine/Common/DerivedDataCache/4/2/8/GSM_FA8C9A216A2C4639A783EB2DF8CE267E_PCD3D_SM5_8__BC5N_NOCCBN_NOIRIS_DEV_SL_PR__BEF91A36701965BF516829A8B4BEDE4695C3B56C.udd" 2327
"C:/Users/User/AppData/Local/UnrealEngine/Common/DerivedDataCache/6/8/6/GSM_FA8C9A216A2C4639A783EB2DF8CE267E_PCD3D_SM5_8__BC5N_NOCCBN_NOIRIS_DEV_SL_PR__E257963D659B135508EB366DBFE1AE6CCFC20732.udd" 2328
"C:/Users/User/AppData/Local/UnrealEngine/Common/DerivedDataCache/9/2/8/GSM_FA8C9A216A2C4639A783EB2DF8CE267E_PCD3D_SM5_8__BC5N_NOCCBN_NOIRIS_DEV_SL_PR__48C3E59D87FEE38C8997942B747689754B28DCD2.udd" 2329
"C:/Users/User/AppData/Local/UnrealEngine/Common/DerivedDataCache/0/1/1/GSM_FA8C9A216A2C4639A783EB2DF8CE267E_PCD3D_SM5_8__BC5N_NOCCBN_NOIRIS_DEV_SL_PR__C8F60180BEF1BC7DA9A86EFC09F52E3B611D396E.udd" 2330
"C:/Users/User/AppData/Local/UnrealEngine/Common/DerivedDataCache/5/7/6/GSM_FA8C9A216A2C4639A783EB2DF8CE267E_PCD3D_SM5_8__BC5N_NOCCBN_NOIRIS_DEV_SL_PR__645257C4405D205806CCEE0C7766F7B057E08FC0.udd" 2331
"C:/Users/User/AppData/Local/UnrealEngine/Common/DerivedDataCache/7/0/3/GSM_FA8C9A216A2C4639A783EB2DF8CE267E_PCD3D_SM5_8__BC5N_NOCCBN_NOIRIS_DEV_SL_PR__DA5D94D2AF8BB9FE518BF83D2751195163A40FF9.udd" 2332
"C:/Users/User/AppData/Local/UnrealEngine/Common/DerivedDataCache/1/7/1/GSM_FA8C9A216A2C4639A783EB2DF8CE267E_PCD3D_SM5_8__BC5N_NOCCBN_NOIRIS_DEV_SL_PR__4CB3872A3AD6584DE188D8699ACBC6B83E1B1572.udd" 2333
"C:/Users/User/AppData/Local/UnrealEngine/Common/DerivedDataCache/9/3/8/GSM_FA8C9A216A2C4639A783EB2DF8CE267E_PCD3D_SM5_8__BC5N_NOCCBN_NOIRIS_DEV_SL_PR__E836676333ED19E8C5DFC3D8FFBEF956913AEB85.udd" 2334
"C:/Users/User/AppData/Local/UnrealEngine/Common/DerivedDataCache/2/2/6/GSM_FA8C9A216A2C4639A783EB2DF8CE267E_PCD3D_SM5_8__BC5N_NOCCBN_NOIRIS_DEV_SL_PR__04DC401000EF1FE39AD8FDAAB23FCAE0E5B8E442.udd" 2335
"C:/Users/User/AppData/Local/UnrealEngine/Common/DerivedDataCache/8/3/9/GSM_FA8C9A216A2C4639A783EB2DF8CE267E_PCD3D_SM5_8__BC5N_NOCCBN_NOIRIS_DEV_SL_PR__0D7E06978A24168B627FBF39E3B5E5EE321DA263.udd" 2336
"C:/Users/User/AppData/Local/UnrealEngine/Common/DerivedDataCache/8/9/8/GSM_FA8C9A216A2C4639A783EB2DF8CE267E_PCD3D_SM5_8__BC5N_NOCCBN_NOIRIS_DEV_SL_PR__F43058DE623F766B6D1E6AD311270C7164ED41EE.udd" 2337
"C:/Users/User/AppData/Local/UnrealEngine/Common/DerivedDataCache/0/6/4/GSM_FA8C9A216A2C4639A783EB2DF8CE267E_PCD3D_SM5_8__BC5N_NOCCBN_NOIRIS_DEV_SL_PR__2BCA5B903D7F5D151B98C9512535276F166720A3.udd" 2338
"C:/Users/User/AppData/Local/UnrealEngine/Common/DerivedDataCache/8/6/5/GSM_FA8C9A216A2C4639A783EB2DF8CE267E_PCD3D_SM5_8__BC5N_NOCCBN_NOIRIS_DEV_SL_PR__B7E39F3A1A176D17944A26EBEC01F935CDB501AD.udd" 2339
"C:/Users/User/AppData/Local/UnrealEngine/Common/DerivedDataCache/1/5/3/GSM_FA8C9A216A2C4639A783EB2DF8CE267E_PCD3D_SM5_8__BC5N_NOCCBN_NOIRIS_DEV_SL_PR__F7DACF1B03C6F5A955EB7873B5CFD07513BDE9C4.udd" 2340
"C:/Users/User/AppData/Local/UnrealEngine/Common/DerivedDataCache/5/4/5/GSM_FA8C9A216A2C4639A783EB2DF8CE267E_PCD3D_SM5_8__BC5N_NOCCBN_NOIRIS_DEV_SL_PR__5745A9C41F34FDD594CC189EBEEB344244A3C299.udd" 2341
"C:/Users/User/AppData/Local/UnrealEngine/Common/DerivedDataCache/1/7/5/GSM_FA8C9A216A2C4639A783EB2DF8CE267E_PCD3D_SM5_8__BC5N_NOCCBN_NOIRIS_DEV_SL_PR__AA1198B2BF14E4C2068C29D89FA47FE95CC86A06.udd" 2342
"C:/Users/User/AppData/Local/UnrealEngine/Common/DerivedDataCache/3/7/8/GSM_FA8C9A216A2C4639A783EB2DF8CE267E_PCD3D_SM5_8__BC5N_NOCCBN_NOIRIS_DEV_SL_PR__32ABD56569C142101FE5002BA05727FCA26F93C3.udd" 2343
"C:/Users/User/AppData/Local/UnrealEngine/Common/DerivedDataCache/3/4/7/GSM_FA8C9A216A2C4639A783EB2DF8CE267E_PCD3D_SM5_8__BC5N_NOCCBN_NOIRIS_DEV_SL_PR__D7016AD813A342E2DF56C9489113EBC5FA371E32.udd" 2344
"C:/Users/User/AppData/Local/UnrealEngine/Common/DerivedDataCache/0/3/0/GSM_FA8C9A216A2C4639A783EB2DF8CE267E_PCD3D_SM5_8__BC5N_NOCCBN_NOIRIS_DEV_SL_PR__8EF1C4FB776F7239158FAE13C5B2209CE421333C.udd" 2345
"C:/Users/User/AppData/Local/UnrealEngine/Common/DerivedDataCache/2/1/8/GSM_FA8C9A216A2C4639A783EB2DF8CE267E_PCD3D_SM5_8__BC5N_NOCCBN_NOIRIS_DEV_SL_PR__D1BCC3D6A6397BBBFFE54A655147AD5E87F41036.udd" 2346
"C:/Users/User/AppData/Local/UnrealEngine/Common/DerivedDataCache/3/6/0/GSM_FA8C9A216A2C4639A783EB2DF8CE267E_PCD3D_SM5_8__BC5N_NOCCBN_NOIRIS_DEV_SL_PR__850CD755B028C6E25DA065C635AF2B1ACCB0576D.udd" 2347
"C:/Users/User/AppData/Local/UnrealEngine/Common/DerivedDataCache/4/9/6/GSM_FA8C9A216A2C4639A783EB2DF8CE267E_PCD3D_SM5_8__BC5N_NOCCBN_NOIRIS_DEV_SL_PR__D4226EA9302FDA4DE0BE13B08B2F404C2B0C68C6.udd" 2348
"C:/Users/User/AppData/Local/UnrealEngine/Common/DerivedDataCache/8/8/1/GSM_FA8C9A216A2C4639A783EB2DF8CE267E_PCD3D_SM5_8__BC5N_NOCCBN_NOIRIS_DEV_SL_PR__86629FC2FE5CC5C7A155E32BE62606520822AC71.udd" 2349
"C:/Users/User/AppData/Local/UnrealEngine/Common/DerivedDataCache/1/5/1/GSM_FA8C9A216A2C4639A783EB2DF8CE267E_PCD3D_SM5_8__BC5N_NOCCBN_NOIRIS_DEV_SL_PR__4C132B1F15C16D96664632ED6B06C9BBB4960014.udd" 2350
"C:/Users/User/AppData/Local/UnrealEngine/Common/DerivedDataCache/4/9/3/GSM_FA8C9A216A2C4639A783EB2DF8CE267E_PCD3D_SM5_8__BC5N_NOCCBN_NOIRIS_DEV_SL_PR__24E0F6A5889476C38C4FFAD8430FA97C7D7A6714.udd" 2351
"C:/Users/User/AppData/Local/UnrealEngine/Common/DerivedDataCache/0/8/1/GSM_FA8C9A216A2C4639A783EB2DF8CE267E_PCD3D_SM5_8__BC5N_NOCCBN_NOIRIS_DEV_SL_PR__FB380682EEB3760F64E09858F8183AF5C6D2EE0D.udd" 2352
"C:/Users/User/AppData/Local/UnrealEngine/Common/DerivedDataCache/8/9/6/GSM_FA8C9A216A2C4639A783EB2DF8CE267E_PCD3D_SM5_8__BC5N_NOCCBN_NOIRIS_DEV_SL_PR__195A2CCBAF51FA2961809A2D6D894F8E9B10755E.udd" 2353
"C:/Users/User/AppData/Local/UnrealEngine/Common/DerivedDataCache/1/7/0/GSM_FA8C9A216A2C4639A783EB2DF8CE267E_PCD3D_SM5_8__BC5N_NOCCBN_NOIRIS_DEV_SL_PR__793367049CF5A2749DC129BD87316F0E0347C858.udd" 2354
"C:/Users/User/AppData/Local/UnrealEngine/Common/DerivedDataCache/8/5/3/GSM_FA8C9A216A2C4639A783EB2DF8CE267E_PCD3D_SM5_8__BC5N_NOCCBN_NOIRIS_DEV_SL_PR__E49DD52E43093C875A1C1C4ACAB4FD1C2A68A49B.udd" 2355
"C:/Users/User/AppData/Local/UnrealEngine/Common/DerivedDataCache/9/1/2/GSM_FA8C9A216A2C4639A783EB2DF8CE267E_PCD3D_SM5_8__BC5N_NOCCBN_NOIRIS_DEV_SL_PR__7445D03F0A641DA62FF99DCFBB793BC5F0BB6875.udd" 2356
"C:/Users/User/AppData/Local/UnrealEngine/Common/DerivedDataCache/7/7/4/GSM_FA8C9A216A2C4639A783EB2DF8CE267E_PCD3D_SM5_8__BC5N_NOCCBN_NOIRIS_DEV_SL_PR__90B7C31277BFF4AD1CFDD2C6B204A4C056E2D1C8.udd" 2357
"C:/Users/User/AppData/Local/UnrealEngine/Common/DerivedDataCache/2/1/0/GSM_FA8C9A216A2C4639A783EB2DF8CE267E_PCD3D_SM5_8__BC5N_NOCCBN_NOIRIS_DEV_SL_PR__977443EF42538FEEA3E5AB71B63D779C85F270E3.udd" 2358
"C:/Users/User/AppData/Local/UnrealEngine/Common/DerivedDataCache/3/1/8/GSM_FA8C9A216A2C4639A783EB2DF8CE267E_PCD3D_SM5_8__BC5N_NOCCBN_NOIRIS_DEV_SL_PR__B214DC82791609ACADEDB3CFAA2AFC731FE520E2.udd" 2359
"C:/Users/User/AppData/Local/UnrealEngine/Common/DerivedDataCache/5/5/3/GSM_FA8C9A216A2C4639A783EB2DF8CE267E_PCD3D_SM5_8__BC5N_NOCCBN_NOIRIS_DEV_SL_PR__1BB347244D2CFC7CC5B71CB1765B6E1784444F7E.udd" 2360
"C:/Users/User/AppData/Local/UnrealEngine/Common/DerivedDataCache/0/4/5/GSM_FA8C9A216A2C4639A783EB2DF8CE267E_PCD3D_SM5_8__BC5N_NOCCBN_NOIRIS_DEV_SL_PR__5E370F8C58B6206F5272A1B6E15BDD609E6841E5.udd" 2361
"C:/Users/User/AppData/Local/UnrealEngine/Common/DerivedDataCache/0/2/1/GSM_FA8C9A216A2C4639A783EB2DF8CE267E_PCD3D_SM5_8__BC5N_NOCCBN_NOIRIS_DEV_SL_PR__07854D42BEB2E7EC18101D73ED27789D389B191D.udd" 2362
"C:/Users/User/AppData/Local/UnrealEngine/Common/DerivedDataCache/5/3/9/GSM_FA8C9A216A2C4639A783EB2DF8CE267E_PCD3D_SM5_8__BC5N_NOCCBN_NOIRIS_DEV_SL_PR__166D3271A30F59CB610B5C3FF9858F8C473DDB48.udd" 2363
"C:/Users/User/AppData/Local/UnrealEngine/Common/DerivedDataCache/0/9/5/GSM_FA8C9A216A2C4639A783EB2DF8CE267E_PCD3D_SM5_8__BC5N_NOCCBN_NOIRIS_DEV_SL_PR__E7A025B6FC97F37FA2E1B8DB814FC134F2AB7B66.udd" 2364
"C:/Users/User/AppData/Local/UnrealEngine/Common/DerivedDataCache/4/1/5/GSM_FA8C9A216A2C4639A783EB2DF8CE267E_PCD3D_SM5_8__BC5N_NOCCBN_NOIRIS_DEV_SL_PR__5411A4FAF8F157228BBED58412F9098FBF907B86.udd" 2365
"C:/Users/User/AppData/Local/UnrealEngine/Common/DerivedDataCache/7/3/9/GSM_FA8C9A216A2C4639A783EB2DF8CE267E_PCD3D_SM5_8__BC5N_NOCCBN_NOIRIS_DEV_SL_PR__B0A5491946228F21EAB40E00285D0D22CC4E7F70.udd" 2366
"C:/Users/User/AppData/Local/UnrealEngine/Common/DerivedDataCache/2/9/9/GSM_FA8C9A216A2C4639A783EB2DF8CE267E_PCD3D_SM5_8__BC5N_NOCCBN_NOIRIS_DEV_SL_PR__2F29E69D7B1D277C7B8CFD1A9FEB3E5B46EAEEC1.udd" 2367
"C:/Users/User/AppData/Local/UnrealEngine/Common/DerivedDataCache/6/4/3/GSM_FA8C9A216A2C4639A783EB2DF8CE267E_PCD3D_SM5_8__BC5N_NOCCBN_NOIRIS_DEV_SL_PR__D5BF0842AB2ABF8CE873679AE9C5D44CFF483E2A.udd" 2368
"C:/Users/User/AppData/Local/UnrealEngine/Common/DerivedDataCache/5/2/4/GSM_FA8C9A216A2C4639A783EB2DF8CE267E_PCD3D_SM5_8__BC5N_NOCCBN_NOIRIS_DEV_SL_PR__603A6432D932639288D06BA3384DEA0C43A06197.udd" 2369
"C:/Users/User/AppData/Local/UnrealEngine/Common/DerivedDataCache/4/5/4/GSM_FA8C9A216A2C4639A783EB2DF8CE267E_PCD3D_SM5_8__BC5N_NOCCBN_NOIRIS_DEV_SL_PR__EFCABED2AECCB48CDA898F5847C235E0E631BC89.udd" 2370
"C:/Users/User/AppData/Local/UnrealEngine/Common/DerivedDataCache/1/0/9/GSM_FA8C9A216A2C4639A783EB2DF8CE267E_PCD3D_SM5_8__BC5N_NOCCBN_NOIRIS_DEV_SL_PR__6E6E89924FC4C9BFAAF98E33BF5134A617E664D1.udd" 2371
"C:/Users/User/AppData/Local/UnrealEngine/Common/DerivedDataCache/2/9/3/GSM_FA8C9A216A2C4639A783EB2DF8CE267E_PCD3D_SM5_8__BC5N_NOCCBN_NOIRIS_DEV_SL_PR__F0ED3E8957BB9157C959CD836E7F451088DAE56B.udd" 2372
"C:/Users/User/AppData/Local/UnrealEngine/Common/DerivedDataCache/5/2/8/GSM_FA8C9A216A2C4639A783EB2DF8CE267E_PCD3D_SM5_8__BC5N_NOCCBN_NOIRIS_DEV_SL_PR__F837F65AAF49B71572955585A49702689D877E62.udd" 2373
"C:/Users/User/AppData/Local/UnrealEngine/Common/DerivedDataCache/8/2/1/GSM_FA8C9A216A2C4639A783EB2DF8CE267E_PCD3D_SM5_8__BC5N_NOCCBN_NOIRIS_DEV_SL_PR__FA642FB53043D95824DAAB2E5640BD834C1B7D73.udd" 2374
"C:/Users/User/AppData/Local/UnrealEngine/Common/DerivedDataCache/0/9/9/GSM_FA8C9A216A2C4639A783EB2DF8CE267E_PCD3D_SM5_8__BC5N_NOCCBN_NOIRIS_DEV_SL_PR__D95BA77B3B3C039AA05FE9D40B270FE600D57BCA.udd" 2375
"C:/Users/User/AppData/Local/UnrealEngine/Common/DerivedDataCache/3/3/4/GSM_FA8C9A216A2C4639A783EB2DF8CE267E_PCD3D_SM5_8__BC5N_NOCCBN_NOIRIS_DEV_SL_PR__4B1C294DFA22BCE6B0324E020B0F514FA24E76E1.udd" 2376
"C:/Users/User/AppData/Local/UnrealEngine/Common/DerivedDataCache/9/4/6/GSM_FA8C9A216A2C4639A783EB2DF8CE267E_PCD3D_SM5_8__BC5N_NOCCBN_NOIRIS_DEV_SL_PR__AF7DAFF9127AB8E7946A31A963097C1B918BBF8C.udd" 2377
"C:/Users/User/AppData/Local/UnrealEngine/Common/DerivedDataCache/4/4/7/GSM_FA8C9A216A2C4639A783EB2DF8CE267E_PCD3D_SM5_8__BC5N_NOCCBN_NOIRIS_DEV_SL_PR__8D8A5992451C10D06326028E2DC53C62A8D41C24.udd" 2378
"C:/Users/User/AppData/Local/UnrealEngine/Common/DerivedDataCache/3/3/6/GSM_FA8C9A216A2C4639A783EB2DF8CE267E_PCD3D_SM5_8__BC5N_NOCCBN_NOIRIS_DEV_SL_PR__BFC97EB71E2F5C7F972210ED04591083933E2739.udd" 2379
"C:/Users/User/AppData/Local/UnrealEngine/Common/DerivedDataCache/9/7/9/GSM_FA8C9A216A2C4639A783EB2DF8CE267E_PCD3D_SM5_8__BC5N_NOCCBN_NOIRIS_DEV_SL_PR__91B54511708D864FD9C6DED4C47B6D6791AB3AB7.udd" 2380
"C:/Users/User/AppData/Local/UnrealEngine/Common/DerivedDataCache/7/9/3/GSM_FA8C9A216A2C4639A783EB2DF8CE267E_PCD3D_SM5_8__BC5N_NOCCBN_NOIRIS_DEV_SL_PR__2ACCBAED58829A9FC2607B1FE8616A9477DD973D.udd" 2381
"C:/Users/User/AppData/Local/UnrealEngine/Common/DerivedDataCache/0/1/3/GSM_FA8C9A216A2C4639A783EB2DF8CE267E_PCD3D_SM5_8__BC5N_NOCCBN_NOIRIS_DEV_SL_PR__566B7ECC0FCDA9C0FA4478A5D119E5D82FF0A5B5.udd" 2382
"C:/Users/User/AppData/Local/UnrealEngine/Common/DerivedDataCache/2/6/8/GSM_FA8C9A216A2C4639A783EB2DF8CE267E_PCD3D_SM5_8__BC5N_NOCCBN_NOIRIS_DEV_SL_PR__B608DA2E4EDBE41FF5F379C20A3E77787F082E1D.udd" 2383
"C:/Users/User/AppData/Local/UnrealEngine/Common/DerivedDataCache/0/0/5/GSM_FA8C9A216A2C4639A783EB2DF8CE267E_PCD3D_SM5_8__BC5N_NOCCBN_NOIRIS_DEV_SL_PR__C45EE72405FD7E2E0CA61DA48708B9903E56B2D8.udd" 2384
"C:/Users/User/AppData/Local/UnrealEngine/Common/DerivedDataCache/5/3/9/GSM_FA8C9A216A2C4639A783EB2DF8CE267E_PCD3D_SM5_8__BC5N_NOCCBN_NOIRIS_DEV_SL_PR__36048C8373F1449EB5D8707E020D2F523B1DCF94.udd" 2385
"C:/Users/User/AppData/Local/UnrealEngine/Common/DerivedDataCache/7/4/4/GSM_FA8C9A216A2C4639A783EB2DF8CE267E_PCD3D_SM5_8__BC5N_NOCCBN_NOIRIS_DEV_SL_PR__EF5BE657AB157CA475E8083BF6E95E455C73AA55.udd" 2386
"C:/Users/User/AppData/Local/UnrealEngine/Common/DerivedDataCache/8/4/9/GSM_FA8C9A216A2C4639A783EB2DF8CE267E_PCD3D_SM5_8__BC5N_NOCCBN_NOIRIS_DEV_SL_PR__6EFAD6DD57B199E725782ABB800B33041BFB9D04.udd" 2387
"C:/Users/User/AppData/Local/UnrealEngine/Common/DerivedDataCache/4/6/8/GSM_FA8C9A216A2C4639A783EB2DF8CE267E_PCD3D_SM5_8__BC5N_NOCCBN_NOIRIS_DEV_SL_PR__A9B4462F7B65DB4609B656F3987EBA7634D61DF5.udd" 2388
"C:/Users/User/AppData/Local/UnrealEngine/Common/DerivedDataCache/4/5/0/GSM_FA8C9A216A2C4639A783EB2DF8CE267E_PCD3D_SM5_8__BC5N_NOCCBN_NOIRIS_DEV_SL_PR__32C67AB825D64B0442DA5A3FD76E14D8E38E94CD.udd" 2389
"C:/Users/User/AppData/Local/UnrealEngine/Common/DerivedDataCache/8/6/8/GSM_FA8C9A216A2C4639A783EB2DF8CE267E_PCD3D_SM5_8__BC5N_NOCCBN_NOIRIS_DEV_SL_PR__47613EEE0C3E557A698B159C5E9B1A12FDA9367B.udd" 2390
"C:/Users/User/AppData/Local/UnrealEngine/Common/DerivedDataCache/1/3/4/GSM_FA8C9A216A2C4639A783EB2DF8CE267E_PCD3D_SM5_8__BC5N_NOCCBN_NOIRIS_DEV_SL_PR__0D04D870023E38D5BD85A58FA77E3E3C2CB08672.udd" 2391
"C:/Users/User/AppData/Local/UnrealEngine/Common/DerivedDataCache/1/4/2/GSM_FA8C9A216A2C4639A783EB2DF8CE267E_PCD3D_SM5_8__BC5N_NOCCBN_NOIRIS_DEV_SL_PR__8F2C6EA006DDC5160AD201AFCDB439E13C7D2E24.udd" 2392
"C:/Users/User/AppData/Local/UnrealEngine/Common/DerivedDataCache/7/0/2/GSM_FA8C9A216A2C4639A783EB2DF8CE267E_PCD3D_SM5_8__BC5N_NOCCBN_NOIRIS_DEV_SL_PR__785DF7C5EE9541084E8AF37428E15AA72B521A65.udd" 2393
"C:/Users/User/AppData/Local/UnrealEngine/Common/DerivedDataCache/5/5/9/GSM_FA8C9A216A2C4639A783EB2DF8CE267E_PCD3D_SM5_8__BC5N_NOCCBN_NOIRIS_DEV_SL_PR__3B5FE7B8278AEA936AC272BB3905559FBB52C660.udd" 2394
"C:/Users/User/AppData/Local/UnrealEngine/Common/DerivedDataCache/6/5/7/GSM_FA8C9A216A2C4639A783EB2DF8CE267E_PCD3D_SM5_8__BC5N_NOCCBN_NOIRIS_DEV_SL_PR__AC674FF058574FE45C0E4DD071DF2E57F52CFB72.udd" 2395
"C:/Users/User/AppData/Local/UnrealEngine/Common/DerivedDataCache/7/7/7/GSM_FA8C9A216A2C4639A783EB2DF8CE267E_PCD3D_SM5_8__BC5N_NOCCBN_NOIRIS_DEV_SL_PR__290389C52AD04E3B917D53AB19FFA168F70ABC82.udd" 2396
"C:/Users/User/AppData/Local/UnrealEngine/Common/DerivedDataCache/0/2/3/GSM_FA8C9A216A2C4639A783EB2DF8CE267E_PCD3D_SM5_8__BC5N_NOCCBN_NOIRIS_DEV_SL_PR__556DA708ED14BF5C86F2A30ACCC82E637268CC3B.udd" 2397
"C:/Users/User/AppData/Local/UnrealEngine/Common/DerivedDataCache/7/0/7/GSM_FA8C9A216A2C4639A783EB2DF8CE267E_PCD3D_SM5_8__BC5N_NOCCBN_NOIRIS_DEV_SL_PR__2473F03116B1B095E5DC4569381A3D39CC20F637.udd" 2398
"C:/Users/User/AppData/Local/UnrealEngine/Common/DerivedDataCache/7/1/0/GSM_FA8C9A216A2C4639A783EB2DF8CE267E_PCD3D_SM5_8__BC5N_NOCCBN_NOIRIS_DEV_SL_PR__C36A88A40CA10C04A3EC66C54AB7EF39896A84C2.udd" 2399
"C:/Users/User/AppData/Local/UnrealEngine/Common/DerivedDataCache/6/6/9/GSM_FA8C9A216A2C4639A783EB2DF8CE267E_PCD3D_SM5_8__BC5N_NOCCBN_NOIRIS_DEV_SL_PR__7D1F27687ADC19029F7A2F39386E27330CAE6A3A.udd" 2400
"C:/Users/User/AppData/Local/UnrealEngine/Common/DerivedDataCache/4/4/8/GSM_FA8C9A216A2C4639A783EB2DF8CE267E_PCD3D_SM5_8__BC5N_NOCCBN_NOIRIS_DEV_SL_PR__2593CE002824B36DE21169AD5E368C26B21B0940.udd" 2401
"C:/Users/User/AppData/Local/UnrealEngine/Common/DerivedDataCache/8/6/0/GSM_FA8C9A216A2C4639A783EB2DF8CE267E_PCD3D_SM5_8__BC5N_NOCCBN_NOIRIS_DEV_SL_PR__22E7255E6398B8DD8791440AD18CB0048365FFAF.udd" 2402
"C:/Users/User/AppData/Local/UnrealEngine/Common/DerivedDataCache/1/5/7/GSM_FA8C9A216A2C4639A783EB2DF8CE267E_PCD3D_SM5_8__BC5N_NOCCBN_NOIRIS_DEV_SL_PR__76887326DBFB4B77FB84BFB1801137ADADFBB295.udd" 2403
"C:/Users/User/AppData/Local/UnrealEngine/Common/DerivedDataCache/3/7/1/GSM_FA8C9A216A2C4639A783EB2DF8CE267E_PCD3D_SM5_8__BC5N_NOCCBN_NOIRIS_DEV_SL_PR__2ACE2C9D4EDED29CF94E1040052796EF41D2E757.udd" 2404
"C:/Users/User/AppData/Local/UnrealEngine/Common/DerivedDataCache/5/4/4/GSM_FA8C9A216A2C4639A783EB2DF8CE267E_PCD3D_SM5_8__BC5N_NOCCBN_NOIRIS_DEV_SL_PR__D04EBCE8810580C76D9409DC6D53DBA652BE7EFD.udd" 2405
"C:/Users/User/AppData/Local/UnrealEngine/Common/DerivedDataCache/2/9/6/GSM_FA8C9A216A2C4639A783EB2DF8CE267E_PCD3D_SM5_8__BC5N_NOCCBN_NOIRIS_DEV_SL_PR__E4FCD9F93C76D24568477BC835A573D978FB3BB7.udd" 2406
"C:/Users/User/AppData/Local/UnrealEngine/Common/DerivedDataCache/1/7/1/GSM_FA8C9A216A2C4639A783EB2DF8CE267E_PCD3D_SM5_8__BC5N_NOCCBN_NOIRIS_DEV_SL_PR__A0B516BA669ED019304EF65ED09729FBF63F74EF.udd" 2407
"C:/Users/User/AppData/Local/UnrealEngine/Common/DerivedDataCache/0/3/9/GSM_FA8C9A216A2C4639A783EB2DF8CE267E_PCD3D_SM5_8__BC5N_NOCCBN_NOIRIS_DEV_SL_PR__ACDC4A7B4E62627A0A5E2F26346A93286DF4F15E.udd" 2408
"C:/Users/User/AppData/Local/UnrealEngine/Common/DerivedDataCache/4/5/7/GSM_FA8C9A216A2C4639A783EB2DF8CE267E_PCD3D_SM5_8__BC5N_NOCCBN_NOIRIS_DEV_SL_PR__226A07D772477EB6426B633F24599102C97836F6.udd" 2409
"C:/Users/User/AppData/Local/UnrealEngine/Common/DerivedDataCache/5/7/8/GSM_FA8C9A216A2C4639A783EB2DF8CE267E_PCD3D_SM5_8__BC5N_NOCCBN_NOIRIS_DEV_SL_PR__08323256012A13AEA066D406A47BBB27B6EA36D3.udd" 2410
"C:/Users/User/AppData/Local/UnrealEngine/Common/DerivedDataCache/3/0/6/GSM_FA8C9A216A2C4639A783EB2DF8CE267E_PCD3D_SM5_8__BC5N_NOCCBN_NOIRIS_DEV_SL_PR__5353C50C973DE6CEB75E60EDC9BE3BC564655972.udd" 2411
"C:/Users/User/AppData/Local/UnrealEngine/Common/DerivedDataCache/1/9/0/GSM_FA8C9A216A2C4639A783EB2DF8CE267E_PCD3D_SM5_8__BC5N_NOCCBN_NOIRIS_DEV_SL_PR__F6FBC0B7E024A6AFE478BC34C3095CC966B84DC5.udd" 2412
"C:/Users/User/AppData/Local/UnrealEngine/Common/DerivedDataCache/6/1/7/GSM_FA8C9A216A2C4639A783EB2DF8CE267E_PCD3D_SM5_8__BC5N_NOCCBN_NOIRIS_DEV_SL_PR__54028243CE91BDB6AE6B500F935811413A1AA37B.udd" 2413
"C:/Users/User/AppData/Local/UnrealEngine/Common/DerivedDataCache/3/0/5/GSM_FA8C9A216A2C4639A783EB2DF8CE267E_PCD3D_SM5_8__BC5N_NOCCBN_NOIRIS_DEV_SL_PR__E8EF338153A9653366C9C406E6AF73CE2C32606D.udd" 2414
"C:/Users/User/AppData/Local/UnrealEngine/Common/DerivedDataCache/1/9/9/GSM_FA8C9A216A2C4639A783EB2DF8CE267E_PCD3D_SM5_8__BC5N_NOCCBN_NOIRIS_DEV_SL_PR__6A60FB375676E03C0BCA20ADC673AF2240FD2D61.udd" 2415
"C:/Users/User/AppData/Local/UnrealEngine/Common/DerivedDataCache/9/0/7/GSM_FA8C9A216A2C4639A783EB2DF8CE267E_PCD3D_SM5_8__BC5N_NOCCBN_NOIRIS_DEV_SL_PR__E083AE7F33D0D7B8B8C9CDD422C4F6A306F58C9E.udd" 2416
"C:/Users/User/AppData/Local/UnrealEngine/Common/DerivedDataCache/2/9/9/GSM_FA8C9A216A2C4639A783EB2DF8CE267E_PCD3D_SM5_8__BC5N_NOCCBN_NOIRIS_DEV_SL_PR__30BDD04B19E375C80BF14686F25D82398076204C.udd" 2417
"C:/Users/User/AppData/Local/UnrealEngine/Common/DerivedDataCache/8/9/5/GSM_FA8C9A216A2C4639A783EB2DF8CE267E_PCD3D_SM5_8__BC5N_NOCCBN_NOIRIS_DEV_SL_PR__E8A723CE0CBEE5725606B07D67996758D528B304.udd" 2418
"C:/Users/User/AppData/Local/UnrealEngine/Common/DerivedDataCache/8/8/5/GSM_FA8C9A216A2C4639A783EB2DF8CE267E_PCD3D_SM5_8__BC5N_NOCCBN_NOIRIS_DEV_SL_PR__A47E833111BEAD28B71690FE30DE0DC0304905B9.udd" 2419
"C:/Users/User/AppData/Local/UnrealEngine/Common/DerivedDataCache/2/3/9/GSM_FA8C9A216A2C4639A783EB2DF8CE267E_PCD3D_SM5_8__BC5N_NOCCBN_NOIRIS_DEV_SL_PR__2DE039772EA8131A01DF16C2E1D52F912F3BB5F7.udd" 2420
"C:/Users/User/AppData/Local/UnrealEngine/Common/DerivedDataCache/9/2/9/GSM_FA8C9A216A2C4639A783EB2DF8CE267E_PCD3D_SM5_8__BC5N_NOCCBN_NOIRIS_DEV_SL_PR__DF6F486093EA2E406970329617558D887C9C121C.udd" 2421
"C:/Users/User/AppData/Local/UnrealEngine/Common/DerivedDataCache/5/5/8/GSM_FA8C9A216A2C4639A783EB2DF8CE267E_PCD3D_SM5_8__BC5N_NOCCBN_NOIRIS_DEV_SL_PR__1F45434C98CA13CBA2D03DB4B843C0D010F26A88.udd" 2422
"C:/Users/User/AppData/Local/UnrealEngine/Common/DerivedDataCache/4/4/8/GSM_FA8C9A216A2C4639A783EB2DF8CE267E_PCD3D_SM5_8__BC5N_NOCCBN_NOIRIS_DEV_SL_PR__AB3579C17B494138851E50B5B5412409652FA696.udd" 2423
"C:/Users/User/AppData/Local/UnrealEngine/Common/DerivedDataCache/3/0/7/GSM_FA8C9A216A2C4639A783EB2DF8CE267E_PCD3D_SM5_8__BC5N_NOCCBN_NOIRIS_DEV_SL_PR__EA96CCAF7277350E750BB9E95E4EB724C3BABF7F.udd" 2424
"C:/Users/User/AppData/Local/UnrealEngine/Common/DerivedDataCache/1/5/2/GSM_FA8C9A216A2C4639A783EB2DF8CE267E_PCD3D_SM5_8__BC5N_NOCCBN_NOIRIS_DEV_SL_PR__355E5A6477B31DA78A30F073BDA98B7437662682.udd" 2425
"C:/Users/User/AppData/Local/UnrealEngine/Common/DerivedDataCache/6/6/4/GSM_FA8C9A216A2C4639A783EB2DF8CE267E_PCD3D_SM5_8__BC5N_NOCCBN_NOIRIS_DEV_SL_PR__FDF3BF2B62C773D63109977C933AB264944471CC.udd" 2426
"C:/Users/User/AppData/Local/UnrealEngine/Common/DerivedDataCache/1/6/5/GSM_FA8C9A216A2C4639A783EB2DF8CE267E_PCD3D_SM5_8__BC5N_NOCCBN_NOIRIS_DEV_SL_PR__2E2E9FA7A714B5F4815D7CA193B547D0ED37ECE1.udd" 2427
"C:/Users/User/AppData/Local/UnrealEngine/Common/DerivedDataCache/1/6/7/GSM_FA8C9A216A2C4639A783EB2DF8CE267E_PCD3D_SM5_8__BC5N_NOCCBN_NOIRIS_DEV_SL_PR__7244245CA6B2C599D229AD82E889E727A178F2E4.udd" 2428
"C:/Users/User/AppData/Local/UnrealEngine/Common/DerivedDataCache/1/3/9/GSM_FA8C9A216A2C4639A783EB2DF8CE267E_PCD3D_SM5_8__BC5N_NOCCBN_NOIRIS_DEV_SL_PR__7CB05E3626302D1D00A34FCAA01A38667E2E70B4.udd" 2429
"C:/Users/User/AppData/Local/UnrealEngine/Common/DerivedDataCache/5/1/8/GSM_FA8C9A216A2C4639A783EB2DF8CE267E_PCD3D_SM5_8__BC5N_NOCCBN_NOIRIS_DEV_SL_PR__53011E2654FE8BD1A0CD11DDEF8DEE61B6253E8F.udd" 2430
"C:/Users/User/AppData/Local/UnrealEngine/Common/DerivedDataCache/0/2/9/GSM_FA8C9A216A2C4639A783EB2DF8CE267E_PCD3D_SM5_8__BC5N_NOCCBN_NOIRIS_DEV_SL_PR__0C30E34B1CA5053DE4583DBFD5EE49A2048AA574.udd" 2431
"C:/Users/User/AppData/Local/UnrealEngine/Common/DerivedDataCache/6/5/1/GSM_FA8C9A216A2C4639A783EB2DF8CE267E_PCD3D_SM5_8__BC5N_NOCCBN_NOIRIS_DEV_SL_PR__095D395D88221E952B4CF349AFF9578EED87B872.udd" 2432
"C:/Users/User/AppData/Local/UnrealEngine/Common/DerivedDataCache/1/1/1/GSM_FA8C9A216A2C4639A783EB2DF8CE267E_PCD3D_SM5_8__BC5N_NOCCBN_NOIRIS_DEV_SL_PR__89A34C54CDE69F83819D532C3C44C47CB0BDE6F4.udd" 2433
"C:/Users/User/AppData/Local/UnrealEngine/Common/DerivedDataCache/1/1/4/GSM_FA8C9A216A2C4639A783EB2DF8CE267E_PCD3D_SM5_8__BC5N_NOCCBN_NOIRIS_DEV_SL_PR__A5715640DCE2F8B04275739C4FC89ED93361ED8F.udd" 2434
"C:/Users/User/AppData/Local/UnrealEngine/Common/DerivedDataCache/4/3/3/GSM_FA8C9A216A2C4639A783EB2DF8CE267E_PCD3D_SM5_8__BC5N_NOCCBN_NOIRIS_DEV_SL_PR__0212CE572D1C6177503D1DBCD868153D55779AC8.udd" 2435
"C:/Users/User/AppData/Local/UnrealEngine/Common/DerivedDataCache/4/9/1/GSM_FA8C9A216A2C4639A783EB2DF8CE267E_PCD3D_SM5_8__BC5N_NOCCBN_NOIRIS_DEV_SL_PR__2F5B6F7D05EBBDD7105424FAA7761B15CE249AD4.udd" 2436
"C:/Users/User/AppData/Local/UnrealEngine/Common/DerivedDataCache/4/7/7/GSM_FA8C9A216A2C4639A783EB2DF8CE267E_PCD3D_SM5_8__BC5N_NOCCBN_NOIRIS_DEV_SL_PR__D2C4A636C6CFDC22F1A13B13E4077FC376A3B4E2.udd" 2437
"C:/Users/User/AppData/Local/UnrealEngine/Common/DerivedDataCache/7/6/6/GSM_FA8C9A216A2C4639A783EB2DF8CE267E_PCD3D_SM5_8__BC5N_NOCCBN_NOIRIS_DEV_SL_PR__B1D11958341907ED45CA19B9AE95FF2D2CEEAB5C.udd" 2438
"C:/Users/User/AppData/Local/UnrealEngine/Common/DerivedDataCache/1/8/3/GSM_FA8C9A216A2C4639A783EB2DF8CE267E_PCD3D_SM5_8__BC5N_NOCCBN_NOIRIS_DEV_SL_PR__42A73E7E0CF7990E191840F8ABF0AEA6A0F9BC7E.udd" 2439
"C:/Users/User/AppData/Local/UnrealEngine/Common/DerivedDataCache/4/7/7/GSM_FA8C9A216A2C4639A783EB2DF8CE267E_PCD3D_SM5_8__BC5N_NOCCBN_NOIRIS_DEV_SL_PR__5BE30DFCA892109FEDB0DF3E98E6CB37A1F9346F.udd" 2440
"C:/Users/User/AppData/Local/UnrealEngine/Common/DerivedDataCache/0/5/4/GSM_FA8C9A216A2C4639A783EB2DF8CE267E_PCD3D_SM5_8__BC5N_NOCCBN_NOIRIS_DEV_SL_PR__B710FB92321532DEE03F1CCFC272F1F9B11E347C.udd" 2441
"C:/Users/User/AppData/Local/UnrealEngine/Common/DerivedDataCache/1/4/0/GSM_FA8C9A216A2C4639A783EB2DF8CE267E_PCD3D_SM5_8__BC5N_NOCCBN_NOIRIS_DEV_SL_PR__23A20E41895F7CC230D9FF32446417553DF773F6.udd" 2442
"C:/Users/User/AppData/Local/UnrealEngine/Common/DerivedDataCache/7/2/4/GSM_FA8C9A216A2C4639A783EB2DF8CE267E_PCD3D_SM5_8__BC5N_NOCCBN_NOIRIS_DEV_SL_PR__4C446EDB54A5ED0658E62DE6B3640C9D50AE4D5F.udd" 2443
"C:/Users/User/AppData/Local/UnrealEngine/Common/DerivedDataCache/7/3/6/GSM_FA8C9A216A2C4639A783EB2DF8CE267E_PCD3D_SM5_8__BC5N_NOCCBN_NOIRIS_DEV_SL_PR__7AE89CDC07C3B4C02B8899E3B127323359022F26.udd" 2444
"C:/Users/User/AppData/Local/UnrealEngine/Common/DerivedDataCache/7/8/5/GSM_FA8C9A216A2C4639A783EB2DF8CE267E_PCD3D_SM5_8__BC5N_NOCCBN_NOIRIS_DEV_SL_PR__59A3ED9935721AFFA8826E409273A274AE0B177C.udd" 2445
"C:/Users/User/AppData/Local/UnrealEngine/Common/DerivedDataCache/8/3/1/GSM_FA8C9A216A2C4639A783EB2DF8CE267E_PCD3D_SM5_8__BC5N_NOCCBN_NOIRIS_DEV_SL_PR__C670CDA4F299826981EF60D0F30C57B42BF289FD.udd" 2446
"C:/Users/User/AppData/Local/UnrealEngine/Common/DerivedDataCache/3/0/7/GSM_FA8C9A216A2C4639A783EB2DF8CE267E_PCD3D_SM5_8__BC5N_NOCCBN_NOIRIS_DEV_SL_PR__DC5610EBDF311AA1D3FD00B317A25FBB586B4D5A.udd" 2447
"C:/Users/User/AppData/Local/UnrealEngine/Common/DerivedDataCache/1/0/1/GSM_FA8C9A216A2C4639A783EB2DF8CE267E_PCD3D_SM5_8__BC5N_NOCCBN_NOIRIS_DEV_SL_PR__5AAF806B62B1423F93FDDBA5EBE973CA3B74DF6F.udd" 2448
"C:/Users/User/AppData/Local/UnrealEngine/Common/DerivedDataCache/7/3/8/GSM_FA8C9A216A2C4639A783EB2DF8CE267E_PCD3D_SM5_8__BC5N_NOCCBN_NOIRIS_DEV_SL_PR__812D0274A3457609CBDB28B99C4529E385826056.udd" 2449
"C:/Users/User/AppData/Local/UnrealEngine/Common/DerivedDataCache/6/3/7/GSM_FA8C9A216A2C4639A783EB2DF8CE267E_PCD3D_SM5_8__BC5N_NOCCBN_NOIRIS_DEV_SL_PR__F03D4E3B7905A6B159EA4E41AFA6810BE5874307.udd" 2450
"C:/Users/User/AppData/Local/UnrealEngine/Common/DerivedDataCache/0/5/2/GSM_FA8C9A216A2C4639A783EB2DF8CE267E_PCD3D_SM5_8__BC5N_NOCCBN_NOIRIS_DEV_SL_PR__5779D350C81C46A06637FA30F4F85B7567EA267A.udd" 2451
"C:/Users/User/AppData/Local/UnrealEngine/Common/DerivedDataCache/6/7/5/GSM_FA8C9A216A2C4639A783EB2DF8CE267E_PCD3D_SM5_8__BC5N_NOCCBN_NOIRIS_DEV_SL_PR__8D2D072601AD56730AA3FE747180F6A59B3F4312.udd" 2452
"C:/Users/User/AppData/Local/UnrealEngine/Common/DerivedDataCache/9/6/7/GSM_FA8C9A216A2C4639A783EB2DF8CE267E_PCD3D_SM5_8__BC5N_NOCCBN_NOIRIS_DEV_SL_PR__75946436BD314100CB1559FC3D0CE60A71AF257E.udd" 2453
"C:/Users/User/AppData/Local/UnrealEngine/Common/DerivedDataCache/4/2/1/GSM_FA8C9A216A2C4639A783EB2DF8CE267E_PCD3D_SM5_8__BC5N_NOCCBN_NOIRIS_DEV_SL_PR__345E829FA93A0F0831388B926303ACB5965A8A77.udd" 2454
"C:/Users/User/AppData/Local/UnrealEngine/Common/DerivedDataCache/0/0/4/GSM_FA8C9A216A2C4639A783EB2DF8CE267E_PCD3D_SM5_8__BC5N_NOCCBN_NOIRIS_DEV_SL_PR__91B6ADA0DFD55A4E852933D303303068451D99B3.udd" 2455
"C:/Users/User/AppData/Local/UnrealEngine/Common/DerivedDataCache/3/2/6/GSM_FA8C9A216A2C4639A783EB2DF8CE267E_PCD3D_SM5_8__BC5N_NOCCBN_NOIRIS_DEV_SL_PR__58E8C36E39339A830D39C312599E4F94F3E4D617.udd" 2456
"C:/Users/User/AppData/Local/UnrealEngine/Common/DerivedDataCache/8/5/6/GSM_FA8C9A216A2C4639A783EB2DF8CE267E_PCD3D_SM5_8__BC5N_NOCCBN_NOIRIS_DEV_SL_PR__3729D504CF70D79FB61CBCF54B7BAFCE3EC24753.udd" 2457
"C:/Users/User/AppData/Local/UnrealEngine/Common/DerivedDataCache/8/3/6/GSM_FA8C9A216A2C4639A783EB2DF8CE267E_PCD3D_SM5_8__BC5N_NOCCBN_NOIRIS_DEV_SL_PR__7E6D5BE5A4875D06228AE7D313BF0C86ABA4D699.udd" 2458
"C:/Users/User/AppData/Local/UnrealEngine/Common/DerivedDataCache/8/2/8/GSM_FA8C9A216A2C4639A783EB2DF8CE267E_PCD3D_SM5_8__BC5N_NOCCBN_NOIRIS_DEV_SL_PR__518F718B0CDD0A1B376D0B8E1E86C34367CF6EC8.udd" 2459
"C:/Users/User/AppData/Local/UnrealEngine/Common/DerivedDataCache/0/9/0/GSM_FA8C9A216A2C4639A783EB2DF8CE267E_PCD3D_SM5_8__BC5N_NOCCBN_NOIRIS_DEV_SL_PR__83BBFFF79F5E3801A4DD4B9A731217B2E3EE25C0.udd" 2460
"C:/Users/User/AppData/Local/UnrealEngine/Common/DerivedDataCache/3/3/6/GSM_FA8C9A216A2C4639A783EB2DF8CE267E_PCD3D_SM5_8__BC5N_NOCCBN_NOIRIS_DEV_SL_PR__459BACB1A0F353E794FC1890F04EDF0C8A3E3106.udd" 2461
"C:/Users/User/AppData/Local/UnrealEngine/Common/DerivedDataCache/6/6/2/GSM_FA8C9A216A2C4639A783EB2DF8CE267E_PCD3D_SM5_8__BC5N_NOCCBN_NOIRIS_DEV_SL_PR__DA2F4D355AEA3365F7F9507A39A66553108F8BEE.udd" 2462
"C:/Users/User/AppData/Local/UnrealEngine/Common/DerivedDataCache/6/9/5/GSM_FA8C9A216A2C4639A783EB2DF8CE267E_PCD3D_SM5_8__BC5N_NOCCBN_NOIRIS_DEV_SL_PR__1E0C7A6A7EF1294560F5BDC75E3A9E8517A5272D.udd" 2463
"C:/Users/User/AppData/Local/UnrealEngine/Common/DerivedDataCache/4/0/6/GSM_FA8C9A216A2C4639A783EB2DF8CE267E_PCD3D_SM5_8__BC5N_NOCCBN_NOIRIS_DEV_SL_PR__A3CDB4C7AEB855E5235FDEBE66D8AFF8F61127C0.udd" 2464
"C:/Users/User/AppData/Local/UnrealEngine/Common/DerivedDataCache/4/0/4/GSM_FA8C9A216A2C4639A783EB2DF8CE267E_PCD3D_SM5_8__BC5N_NOCCBN_NOIRIS_DEV_SL_PR__CB49F8E2C7B399D2B17D5AE595B4606163D919C8.udd" 2465
"C:/Users/User/AppData/Local/UnrealEngine/Common/DerivedDataCache/3/6/3/GSM_FA8C9A216A2C4639A783EB2DF8CE267E_PCD3D_SM5_8__BC5N_NOCCBN_NOIRIS_DEV_SL_PR__AAFCE4E9CB747F0EA5DC8F49D7143F3B75719D45.udd" 2466
"C:/Users/User/AppData/Local/UnrealEngine/Common/DerivedDataCache/9/6/1/GSM_FA8C9A216A2C4639A783EB2DF8CE267E_PCD3D_SM5_8__BC5N_NOCCBN_NOIRIS_DEV_SL_PR__132882A5586E69FFB7E1D401014314DF4EE582BA.udd" 2467
"C:/Users/User/AppData/Local/UnrealEngine/Common/DerivedDataCache/6/8/2/GSM_FA8C9A216A2C4639A783EB2DF8CE267E_PCD3D_SM5_8__BC5N_NOCCBN_NOIRIS_DEV_SL_PR__826926A15A3F0B444957C5362B5BF4220E90F6B1.udd" 2468
"C:/Users/User/AppData/Local/UnrealEngine/Common/DerivedDataCache/8/0/8/GSM_FA8C9A216A2C4639A783EB2DF8CE267E_PCD3D_SM5_8__BC5N_NOCCBN_NOIRIS_DEV_SL_PR__E29462B2DE98F78E252E48F21FD4151387EF8F7F.udd" 2469
"C:/Users/User/AppData/Local/UnrealEngine/Common/DerivedDataCache/3/7/2/GSM_FA8C9A216A2C4639A783EB2DF8CE267E_PCD3D_SM5_8__BC5N_NOCCBN_NOIRIS_DEV_SL_PR__6EBF19E909823F4075D9A30479D67F4DBD601327.udd" 2470
"C:/Users/User/AppData/Local/UnrealEngine/Common/DerivedDataCache/6/6/4/GSM_FA8C9A216A2C4639A783EB2DF8CE267E_PCD3D_SM5_8__BC5N_NOCCBN_NOIRIS_DEV_SL_PR__35329053512CEE5E63222774C6C45E0F97FE167D.udd" 2471
"C:/Users/User/AppData/Local/UnrealEngine/Common/DerivedDataCache/7/2/7/GSM_FA8C9A216A2C4639A783EB2DF8CE267E_PCD3D_SM5_8__BC5N_NOCCBN_NOIRIS_DEV_SL_PR__D6D469F5E92F91E742E0FF90DED9D87DE180C080.udd" 2472
"C:/Users/User/AppData/Local/UnrealEngine/Common/DerivedDataCache/1/2/1/GSM_FA8C9A216A2C4639A783EB2DF8CE267E_PCD3D_SM5_8__BC5N_NOCCBN_NOIRIS_DEV_SL_PR__BB308C3960BD572F896D24D3D65BB7613C31D38E.udd" 2473
"C:/Users/User/AppData/Local/UnrealEngine/Common/DerivedDataCache/9/2/4/GSM_FA8C9A216A2C4639A783EB2DF8CE267E_PCD3D_SM5_8__BC5N_NOCCBN_NOIRIS_DEV_SL_PR__52F8C481B1F0480C8AF387C5DB7D23F0FA746E4E.udd" 2474
"C:/Users/User/AppData/Local/UnrealEngine/Common/DerivedDataCache/5/6/6/GSM_FA8C9A216A2C4639A783EB2DF8CE267E_PCD3D_SM5_8__BC5N_NOCCBN_NOIRIS_DEV_SL_PR__FFA91D9A3B475E9030B4CDDC6D7D7758E38EB35E.udd" 2475
"C:/Users/User/AppData/Local/UnrealEngine/Common/DerivedDataCache/0/3/1/GSM_FA8C9A216A2C4639A783EB2DF8CE267E_PCD3D_SM5_8__BC5N_NOCCBN_NOIRIS_DEV_SL_PR__AA88D417B29112E59912F59CF2624866B4A9C680.udd" 2476
"C:/Users/User/AppData/Local/UnrealEngine/Common/DerivedDataCache/8/9/4/GSM_FA8C9A216A2C4639A783EB2DF8CE267E_PCD3D_SM5_8__BC5N_NOCCBN_NOIRIS_DEV_SL_PR__838ABC470F4CCA73434F3EC9C5BFBA04A1BEF721.udd" 2477
"C:/Users/User/AppData/Local/UnrealEngine/Common/DerivedDataCache/2/7/3/GSM_FA8C9A216A2C4639A783EB2DF8CE267E_PCD3D_SM5_8__BC5N_NOCCBN_NOIRIS_DEV_SL_PR__0583D299345A7F27A09EBFA27862DB6A310DC392.udd" 2478
"C:/Users/User/AppData/Local/UnrealEngine/Common/DerivedDataCache/4/1/9/GSM_FA8C9A216A2C4639A783EB2DF8CE267E_PCD3D_SM5_8__BC5N_NOCCBN_NOIRIS_DEV_SL_PR__0BE000293DF0CB6660620E7D1E2277C18E07B0F1.udd" 2479
"C:/Users/User/AppData/Local/UnrealEngine/Common/DerivedDataCache/1/7/9/GSM_FA8C9A216A2C4639A783EB2DF8CE267E_PCD3D_SM5_8__BC5N_NOCCBN_NOIRIS_DEV_SL_PR__F116764E2280CA709ADCE8716E05AF085F77BFF1.udd" 2480
"C:/Users/User/AppData/Local/UnrealEngine/Common/DerivedDataCache/8/6/6/GSM_FA8C9A216A2C4639A783EB2DF8CE267E_PCD3D_SM5_8__BC5N_NOCCBN_NOIRIS_DEV_SL_PR__13D77439E5D3E3D212A47A732F4E61BA9777413B.udd" 2481
"C:/Users/User/AppData/Local/UnrealEngine/Common/DerivedDataCache/9/9/4/GSM_FA8C9A216A2C4639A783EB2DF8CE267E_PCD3D_SM5_8__BC5N_NOCCBN_NOIRIS_DEV_SL_PR__E1796A43B29D258DFDF8904132927BB0FC7EEC92.udd" 2482
"C:/Users/User/AppData/Local/UnrealEngine/Common/DerivedDataCache/4/2/5/GSM_FA8C9A216A2C4639A783EB2DF8CE267E_PCD3D_SM5_8__BC5N_NOCCBN_NOIRIS_DEV_SL_PR__92BE711BEB0CA57B802080616C847EB7844637FE.udd" 2483
"C:/Users/User/AppData/Local/UnrealEngine/Common/DerivedDataCache/0/0/1/GSM_FA8C9A216A2C4639A783EB2DF8CE267E_PCD3D_SM5_8__BC5N_NOCCBN_NOIRIS_DEV_SL_PR__8699B46040B19FCADA53238034253E841B6EC5F0.udd" 2484
"C:/Users/User/AppData/Local/UnrealEngine/Common/DerivedDataCache/5/7/0/GSM_FA8C9A216A2C4639A783EB2DF8CE267E_PCD3D_SM5_8__BC5N_NOCCBN_NOIRIS_DEV_SL_PR__BB3C1C6DE2FFFE0659707B5A1FDD6EF87F139862.udd" 2485
"C:/Users/User/AppData/Local/UnrealEngine/Common/DerivedDataCache/5/2/7/GSM_FA8C9A216A2C4639A783EB2DF8CE267E_PCD3D_SM5_8__BC5N_NOCCBN_NOIRIS_DEV_SL_PR__63989E57422A901AF1998687FF4584D12FCF6A52.udd" 2486
"C:/Users/User/AppData/Local/UnrealEngine/Common/DerivedDataCache/9/9/5/GSM_FA8C9A216A2C4639A783EB2DF8CE267E_PCD3D_SM5_8__BC5N_NOCCBN_NOIRIS_DEV_SL_PR__FCAB9C5A956B643AC1ED3F7FDF63BFA87676C5E7.udd" 2487
"C:/Users/User/AppData/Local/UnrealEngine/Common/DerivedDataCache/4/6/4/GSM_FA8C9A216A2C4639A783EB2DF8CE267E_PCD3D_SM5_8__BC5N_NOCCBN_NOIRIS_DEV_SL_PR__EF72905332557318FEB5A5B7E7A502F955BAF70F.udd" 2488
"C:/Users/User/AppData/Local/UnrealEngine/Common/DerivedDataCache/8/4/3/GSM_FA8C9A216A2C4639A783EB2DF8CE267E_PCD3D_SM5_8__BC5N_NOCCBN_NOIRIS_DEV_SL_PR__9BD05609337762A0219B8AB48EDF360FAE1C15C1.udd" 2489
"C:/Users/User/AppData/Local/UnrealEngine/Common/DerivedDataCache/6/2/0/GSM_FA8C9A216A2C4639A783EB2DF8CE267E_PCD3D_SM5_8__BC5N_NOCCBN_NOIRIS_DEV_SL_PR__29F987DFEDE5AA5C719904101581773510818F97.udd" 2490
"C:/Users/User/AppData/Local/UnrealEngine/Common/DerivedDataCache/8/2/5/GSM_FA8C9A216A2C4639A783EB2DF8CE267E_PCD3D_SM5_8__BC5N_NOCCBN_NOIRIS_DEV_SL_PR__3FF0DFF4B5C2C8E9F5187FC7340078D602399596.udd" 2491
"C:/Users/User/AppData/Local/UnrealEngine/Common/DerivedDataCache/2/5/3/GSM_FA8C9A216A2C4639A783EB2DF8CE267E_PCD3D_SM5_8__BC5N_NOCCBN_NOIRIS_DEV_SL_PR__0C2F4B4FB69612702F063AFD7FCE219989999B50.udd" 2492
"C:/Users/User/AppData/Local/UnrealEngine/Common/DerivedDataCache/1/5/1/GSM_FA8C9A216A2C4639A783EB2DF8CE267E_PCD3D_SM5_8__BC5N_NOCCBN_NOIRIS_DEV_SL_PR__32F9B8ABC793896FA2BB949708D8D80182AC1DDB.udd" 2493
"C:/Users/User/AppData/Local/UnrealEngine/Common/DerivedDataCache/2/9/2/GSM_FA8C9A216A2C4639A783EB2DF8CE267E_PCD3D_SM5_8__BC5N_NOCCBN_NOIRIS_DEV_SL_PR__18857EA0A22933F385881D4489A90A72A605B107.udd" 2494
"C:/Users/User/AppData/Local/UnrealEngine/Common/DerivedDataCache/9/9/9/GSM_FA8C9A216A2C4639A783EB2DF8CE267E_PCD3D_SM5_8__BC5N_NOCCBN_NOIRIS_DEV_SL_PR__77E509DDC026F2E7EF113033211C8DDE4051BD69.udd" 2495
"C:/Users/User/AppData/Local/UnrealEngine/Common/DerivedDataCache/4/3/1/GSM_FA8C9A216A2C4639A783EB2DF8CE267E_PCD3D_SM5_8__BC5N_NOCCBN_NOIRIS_DEV_SL_PR__FA647F2BFF09CB26D75D05AB57D794A1826074B0.udd" 2496
"C:/Users/User/AppData/Local/UnrealEngine/Common/DerivedDataCache/3/8/7/GSM_FA8C9A216A2C4639A783EB2DF8CE267E_PCD3D_SM5_8__BC5N_NOCCBN_NOIRIS_DEV_SL_PR__52A8C9AEFA6544A022018D6C8F5DC63AA0D2D523.udd" 2497
"C:/Users/User/AppData/Local/UnrealEngine/Common/DerivedDataCache/6/3/7/GSM_FA8C9A216A2C4639A783EB2DF8CE267E_PCD3D_SM5_8__BC5N_NOCCBN_NOIRIS_DEV_SL_PR__5E2CA251D7AE5A912C3B5B4ACD871196EE45E641.udd" 2498
"C:/Users/User/AppData/Local/UnrealEngine/Common/DerivedDataCache/5/3/7/GSM_FA8C9A216A2C4639A783EB2DF8CE267E_PCD3D_SM5_8__BC5N_NOCCBN_NOIRIS_DEV_SL_PR__0A52CF76A623BA3325BE10E6FA7EDC4D3EC91D67.udd" 2499
"C:/Users/User/AppData/Local/UnrealEngine/Common/DerivedDataCache/2/2/2/GSM_FA8C9A216A2C4639A783EB2DF8CE267E_PCD3D_SM5_8__BC5N_NOCCBN_NOIRIS_DEV_SL_PR__B61112FA253DB61E6A05138992C5033131DD5AA2.udd" 2500
"C:/Users/User/AppData/Local/UnrealEngine/Common/DerivedDataCache/5/8/5/GSM_FA8C9A216A2C4639A783EB2DF8CE267E_PCD3D_SM5_8__BC5N_NOCCBN_NOIRIS_DEV_SL_PR__C8ABC7A551BF6A9719A2E3F00B17BA6ECBD5E248.udd" 2501
"C:/Users/User/AppData/Local/UnrealEngine/Common/DerivedDataCache/2/0/2/GSM_FA8C9A216A2C4639A783EB2DF8CE267E_PCD3D_SM5_8__BC5N_NOCCBN_NOIRIS_DEV_SL_PR__CE78151D9130290E5A7EB29FBA87E9865AEA3526.udd" 2502
"C:/Users/User/AppData/Local/UnrealEngine/Common/DerivedDataCache/7/3/7/GSM_FA8C9A216A2C4639A783EB2DF8CE267E_PCD3D_SM5_8__BC5N_NOCCBN_NOIRIS_DEV_SL_PR__68A46DF72D7D97BD21F8C887A4CE71045F959592.udd" 2503
"C:/Users/User/AppData/Local/UnrealEngine/Common/DerivedDataCache/5/4/7/GSM_FA8C9A216A2C4639A783EB2DF8CE267E_PCD3D_SM5_8__BC5N_NOCCBN_NOIRIS_DEV_SL_PR__0A52DD6F416046F4F852A488E60DA46EBC72A8B5.udd" 2504
"C:/Users/User/AppData/Local/UnrealEngine/Common/DerivedDataCache/2/2/3/GSM_FA8C9A216A2C4639A783EB2DF8CE267E_PCD3D_SM5_8__BC5N_NOCCBN_NOIRIS_DEV_SL_PR__23663F9F4CAA67C0E09A6522A5C4CFBFCB4819C4.udd" 2505
"C:/Users/User/AppData/Local/UnrealEngine/Common/DerivedDataCache/2/1/5/GSM_FA8C9A216A2C4639A783EB2DF8CE267E_PCD3D_SM5_8__BC5N_NOCCBN_NOIRIS_DEV_SL_PR__91068FECFC836C13B1342FAB17C645BDD93E2A82.udd" 2506
"C:/Users/User/AppData/Local/UnrealEngine/Common/DerivedDataCache/0/0/1/GSM_FA8C9A216A2C4639A783EB2DF8CE267E_PCD3D_SM5_8__BC5N_NOCCBN_NOIRIS_DEV_SL_PR__0D84421EE6E82A802617274907A5B27C1FF0BEAF.udd" 2507
"C:/Users/User/AppData/Local/UnrealEngine/Common/DerivedDataCache/6/4/7/GSM_FA8C9A216A2C4639A783EB2DF8CE267E_PCD3D_SM5_8__BC5N_NOCCBN_NOIRIS_DEV_SL_PR__A3F821611358C5B9E739D514768162C0D38DD446.udd" 2508
"C:/Users/User/AppData/Local/UnrealEngine/Common/DerivedDataCache/9/0/9/GSM_FA8C9A216A2C4639A783EB2DF8CE267E_PCD3D_SM5_8__BC5N_NOCCBN_NOIRIS_DEV_SL_PR__149F01653AFD5F60698FB04073FE4272F13B0450.udd" 2509
"C:/Users/User/AppData/Local/UnrealEngine/Common/DerivedDataCache/6/3/6/GSM_FA8C9A216A2C4639A783EB2DF8CE267E_PCD3D_SM5_8__BC5N_NOCCBN_NOIRIS_DEV_SL_PR__ECCE24D1ABA6AC8EED863ADBB66DEA3A59DB45B4.udd" 2510
"C:/Users/User/AppData/Local/UnrealEngine/Common/DerivedDataCache/6/7/8/GSM_FA8C9A216A2C4639A783EB2DF8CE267E_PCD3D_SM5_8__BC5N_NOCCBN_NOIRIS_DEV_SL_PR__A23446BEC2378AD97F23646B671AA7A00CD10583.udd" 2511
"C:/Users/User/AppData/Local/UnrealEngine/Common/DerivedDataCache/2/5/8/GSM_FA8C9A216A2C4639A783EB2DF8CE267E_PCD3D_SM5_8__BC5N_NOCCBN_NOIRIS_DEV_SL_PR__BF76E889947E011101F4CF57A7D996CC4D81D663.udd" 2512
"C:/Users/User/AppData/Local/UnrealEngine/Common/DerivedDataCache/0/1/3/GSM_FA8C9A216A2C4639A783EB2DF8CE267E_PCD3D_SM5_8__BC5N_NOCCBN_NOIRIS_DEV_SL_PR__FF091AF1FB0BDAE6DD0B198439C263C9558990C9.udd" 2513
"C:/Users/User/AppData/Local/UnrealEngine/Common/DerivedDataCache/1/6/0/GSM_FA8C9A216A2C4639A783EB2DF8CE267E_PCD3D_SM5_8__BC5N_NOCCBN_NOIRIS_DEV_SL_PR__568330E8FC29267E15A224A219FE516C091C80AC.udd" 2514
"C:/Users/User/AppData/Local/UnrealEngine/Common/DerivedDataCache/1/1/2/GSM_FA8C9A216A2C4639A783EB2DF8CE267E_PCD3D_SM5_8__BC5N_NOCCBN_NOIRIS_DEV_SL_PR__32AB6BB3C3A6406A38B7AE7BAB864176EBB8F653.udd" 2515
"C:/Users/User/AppData/Local/UnrealEngine/Common/DerivedDataCache/0/2/0/GSM_FA8C9A216A2C4639A783EB2DF8CE267E_PCD3D_SM5_8__BC5N_NOCCBN_NOIRIS_DEV_SL_PR__5AFA07F27A52C2DEDB7D05B08E93C2E0BA11D0A2.udd" 2516
"C:/Users/User/AppData/Local/UnrealEngine/Common/DerivedDataCache/6/0/7/GSM_FA8C9A216A2C4639A783EB2DF8CE267E_PCD3D_SM5_8__BC5N_NOCCBN_NOIRIS_DEV_SL_PR__D101C459C39D8849F73DDF8B8D392AE9BD8CF277.udd" 2517
"C:/Users/User/AppData/Local/UnrealEngine/Common/DerivedDataCache/9/3/5/GSM_FA8C9A216A2C4639A783EB2DF8CE267E_PCD3D_SM5_8__BC5N_NOCCBN_NOIRIS_DEV_SL_PR__9DB937A6B0CF00CEE4DA3B2A5DBD87B1EB15E49B.udd" 2518
"C:/Users/User/AppData/Local/UnrealEngine/Common/DerivedDataCache/6/0/4/GSM_FA8C9A216A2C4639A783EB2DF8CE267E_PCD3D_SM5_8__BC5N_NOCCBN_NOIRIS_DEV_SL_PR__1901326B0AC09FA55BBFFC048648B0A15E539655.udd" 2519
"C:/Users/User/AppData/Local/UnrealEngine/Common/DerivedDataCache/7/0/9/GSM_FA8C9A216A2C4639A783EB2DF8CE267E_PCD3D_SM5_8__BC5N_NOCCBN_NOIRIS_DEV_SL_PR__59FE75B784E90B53D4D29429D0870FC74E95C030.udd" 2520
"C:/Users/User/AppData/Local/UnrealEngine/Common/DerivedDataCache/1/2/4/GSM_FA8C9A216A2C4639A783EB2DF8CE267E_PCD3D_SM5_8__BC5N_NOCCBN_NOIRIS_DEV_SL_PR__CFD88617A81BE49DB2D1A0DE90FCB7266CB7CB5D.udd" 2521
"C:/Users/User/AppData/Local/UnrealEngine/Common/DerivedDataCache/4/8/9/GSM_FA8C9A216A2C4639A783EB2DF8CE267E_PCD3D_SM5_8__BC5N_NOCCBN_NOIRIS_DEV_SL_PR__36F74CC368C64671044925407CAF590C6D8DF761.udd" 2522
"C:/Users/User/AppData/Local/UnrealEngine/Common/DerivedDataCache/5/6/9/GSM_FA8C9A216A2C4639A783EB2DF8CE267E_PCD3D_SM5_8__BC5N_NOCCBN_NOIRIS_DEV_SL_PR__FE721CCA20C4565E8C3BDD84BA7838EFDD52E22E.udd" 2523
"C:/Users/User/AppData/Local/UnrealEngine/Common/DerivedDataCache/4/0/5/GSM_FA8C9A216A2C4639A783EB2DF8CE267E_PCD3D_SM5_8__BC5N_NOCCBN_NOIRIS_DEV_SL_PR__8D339FB7BC5AE476A372CAE38B9005C3FBB9F668.udd" 2524
"C:/Users/User/AppData/Local/UnrealEngine/Common/DerivedDataCache/2/4/0/GSM_FA8C9A216A2C4639A783EB2DF8CE267E_PCD3D_SM5_8__BC5N_NOCCBN_NOIRIS_DEV_SL_PR__D0E95EDC3CC2A8CB4E21DD6CD4500956B96203B3.udd" 2525
"C:/Users/User/AppData/Local/UnrealEngine/Common/DerivedDataCache/9/3/3/GSM_FA8C9A216A2C4639A783EB2DF8CE267E_PCD3D_SM5_8__BC5N_NOCCBN_NOIRIS_DEV_SL_PR__BA7953D868EC1CDD52F9559CF468F491CB6F7E2E.udd" 2526
"C:/Users/User/AppData/Local/UnrealEngine/Common/DerivedDataCache/0/2/7/GSM_FA8C9A216A2C4639A783EB2DF8CE267E_PCD3D_SM5_8__BC5N_NOCCBN_NOIRIS_DEV_SL_PR__8A8187CEDC2E74CCE12C57F9439436B037A127C0.udd" 2527
"C:/Users/User/AppData/Local/UnrealEngine/Common/DerivedDataCache/0/1/5/GSM_FA8C9A216A2C4639A783EB2DF8CE267E_PCD3D_SM5_8__BC5N_NOCCBN_NOIRIS_DEV_SL_PR__988C81521CD5CDCDB4309C793B6ABA08F3822320.udd" 2528
"C:/Users/User/AppData/Local/UnrealEngine/Common/DerivedDataCache/0/0/2/GSM_FA8C9A216A2C4639A783EB2DF8CE267E_PCD3D_SM5_8__BC5N_NOCCBN_NOIRIS_DEV_SL_PR__335A9B1AE6F638C29F423F66B426ABD608E56346.udd" 2529
"C:/Users/User/AppData/Local/UnrealEngine/Common/DerivedDataCache/3/4/9/GSM_FA8C9A216A2C4639A783EB2DF8CE267E_PCD3D_SM5_8__BC5N_NOCCBN_NOIRIS_DEV_SL_PR__C7874291B439C81648C2282A7EB65E9F093A4A98.udd" 2530
"C:/Users/User/AppData/Local/UnrealEngine/Common/DerivedDataCache/4/5/1/GSM_FA8C9A216A2C4639A783EB2DF8CE267E_PCD3D_SM5_8__BC5N_NOCCBN_NOIRIS_DEV_SL_PR__CBAF0E0A0E77AD63DC0FFC7BB08FA4126D88425C.udd" 2531
"C:/Users/User/AppData/Local/UnrealEngine/Common/DerivedDataCache/5/9/6/GSM_FA8C9A216A2C4639A783EB2DF8CE267E_PCD3D_SM5_8__BC5N_NOCCBN_NOIRIS_DEV_SL_PR__7CB1DC9239867A2A5B3E7C843E511D594F1060F0.udd" 2532
"C:/Users/User/AppData/Local/UnrealEngine/Common/DerivedDataCache/4/6/6/GSM_FA8C9A216A2C4639A783EB2DF8CE267E_PCD3D_SM5_8__BC5N_NOCCBN_NOIRIS_DEV_SL_PR__FFDD3D56767BEB0C8CA76B6CD0BB4FB7D2DAB4C9.udd" 2533
"C:/Users/User/AppData/Local/UnrealEngine/Common/DerivedDataCache/2/0/1/GSM_FA8C9A216A2C4639A783EB2DF8CE267E_PCD3D_SM5_8__BC5N_NOCCBN_NOIRIS_DEV_SL_PR__0A9E983AFF7782ECE2CFC4F110A38A1243BB35D9.udd" 2534
"C:/Users/User/AppData/Local/UnrealEngine/Common/DerivedDataCache/4/1/1/GSM_FA8C9A216A2C4639A783EB2DF8CE267E_PCD3D_SM5_8__BC5N_NOCCBN_NOIRIS_DEV_SL_PR__2F043B557F4E555E8AFD90FE3F5388A0FC75F4F1.udd" 2535
"C:/Users/User/AppData/Local/UnrealEngine/Common/DerivedDataCache/1/7/3/GSM_FA8C9A216A2C4639A783EB2DF8CE267E_PCD3D_SM5_8__BC5N_NOCCBN_NOIRIS_DEV_SL_PR__31718CB1B9D24FEEE470765C107E19160735B115.udd" 2536
"C:/Users/User/AppData/Local/UnrealEngine/Common/DerivedDataCache/3/2/2/GSM_FA8C9A216A2C4639A783EB2DF8CE267E_PCD3D_SM5_8__BC5N_NOCCBN_NOIRIS_DEV_SL_PR__B79C9557CA953729B00C306ADA7433648957BD12.udd" 2537
"C:/Users/User/AppData/Local/UnrealEngine/Common/DerivedDataCache/0/4/5/GSM_FA8C9A216A2C4639A783EB2DF8CE267E_PCD3D_SM5_8__BC5N_NOCCBN_NOIRIS_DEV_SL_PR__C3E5BAC1A2C03BA93A69463CEE1A69E1B098264C.udd" 2538
"C:/Users/User/AppData/Local/UnrealEngine/Common/DerivedDataCache/6/1/7/MATSM_0BA69734E4FD45E082FA4560DBE25454_PCD3D_SM5_8__BC5N_NOCCBN_NOIRIS_DEV_SL___FDC0E5BAF2D1DB23B8B4CDA4405DD2E0064CF375.udd" 2539
"C:/Users/User/AppData/Local/UnrealEngine/Common/DerivedDataCache/0/4/0/MATSM_0BA69734E4FD45E082FA4560DBE25454_PCD3D_SM5_8__BC5N_NOCCBN_NOIRIS_DEV_SL___DA2021FBF67FB6EA73EAC570C3959F2766FA4539.udd" 2540
"C:/Users/User/AppData/Local/UnrealEngine/Common/DerivedDataCache/3/0/6/MATSM_0BA69734E4FD45E082FA4560DBE25454_PCD3D_SM5_8__BC5N_NOCCBN_NOIRIS_DEV_SL___64826C9B778CFBFCA8BC9B42E37C0BA100B1B168.udd" 2541
"C:/Users/User/AppData/Local/UnrealEngine/Common/DerivedDataCache/5/8/9/MATSM_0BA69734E4FD45E082FA4560DBE25454_PCD3D_SM5_8__BC5N_NOCCBN_NOIRIS_DEV_SL___7034ED01A27D0CE75B937A33D226A4179EC29513.udd" 2542
"C:/Users/User/AppData/Local/UnrealEngine/Common/DerivedDataCache/3/7/9/MATSM_0BA69734E4FD45E082FA4560DBE25454_PCD3D_SM5_8__BC5N_NOCCBN_NOIRIS_DEV_SL___47F99628A79B8CDF0E99E177FF3AA64BF8BB8F5F.udd" 2543
"C:/Users/User/AppData/Local/UnrealEngine/Common/DerivedDataCache/7/1/3/MATSM_0BA69734E4FD45E082FA4560DBE25454_PCD3D_SM5_8__BC5N_NOCCBN_NOIRIS_DEV_SL___D53CAED5297BC3D45EAE508B158BF83BDE321CBE.udd" 2544
"C:/Users/User/AppData/Local/UnrealEngine/Common/DerivedDataCache/9/1/6/MATSM_0BA69734E4FD45E082FA4560DBE25454_PCD3D_SM5_8__BC5N_NOCCBN_NOIRIS_DEV_SL___D97B300A81977C0ECC5413AD74C05B087B95DCB3.udd" 2545
"C:/Users/User/AppData/Local/UnrealEngine/Common/DerivedDataCache/4/5/0/MATSM_0BA69734E4FD45E082FA4560DBE25454_PCD3D_SM5_8__BC5N_NOCCBN_NOIRIS_DEV_SL___7211B25E94ABEE7FB25A40BE60E7AEAC59407328.udd" 2546
"C:/Users/User/AppData/Local/UnrealEngine/Common/DerivedDataCache/5/7/5/MATSM_0BA69734E4FD45E082FA4560DBE25454_PCD3D_SM5_8__BC5N_NOCCBN_NOIRIS_DEV_SL___D2682B6D1A3B5B281A759FE143F0275A1F93F829.udd" 2547
"C:/Users/User/AppData/Local/UnrealEngine/Common/DerivedDataCache/3/9/3/MATSM_0BA69734E4FD45E082FA4560DBE25454_PCD3D_SM5_8__BC5N_NOCCBN_NOIRIS_DEV_SL___86721E83CAC1CDE09D4D74C47702BD42DF642B26.udd" 2548
"C:/Users/User/AppData/Local/UnrealEngine/Common/DerivedDataCache/6/7/6/MATSM_0BA69734E4FD45E082FA4560DBE25454_PCD3D_SM5_8__BC5N_NOCCBN_NOIRIS_DEV_SL___1AAD918ADF9FB5F05A59F3A5B5241320CE136EE1.udd" 2549
"C:/Users/User/AppData/Local/UnrealEngine/Common/DerivedDataCache/7/9/0/MATSM_0BA69734E4FD45E082FA4560DBE25454_PCD3D_SM5_8__BC5N_NOCCBN_NOIRIS_DEV_SL___FA7CB7B906C20EC8EE02285AA47454D04471EFD7.udd" 2550
"C:/Users/User/AppData/Local/UnrealEngine/Common/DerivedDataCache/6/3/7/MATSM_0BA69734E4FD45E082FA4560DBE25454_PCD3D_SM5_8__BC5N_NOCCBN_NOIRIS_DEV_SL___C4A5301B5568FA57B6418843529E00290990CDC8.udd" 2551
"C:/Users/User/AppData/Local/UnrealEngine/Common/DerivedDataCache/7/0/6/MATSM_0BA69734E4FD45E082FA4560DBE25454_PCD3D_SM5_8__BC5N_NOCCBN_NOIRIS_DEV_SL___750CFCFA5337A7502489BE3AA702CC9EE78463B5.udd" 2552
"C:/Users/User/AppData/Local/UnrealEngine/Common/DerivedDataCache/6/2/3/MATSM_0BA69734E4FD45E082FA4560DBE25454_PCD3D_SM5_8__BC5N_NOCCBN_NOIRIS_DEV_SL___BA4EB9C7317B3591430AEF376670F2911D734DFF.udd" 2553
"C:/Users/User/AppData/Local/UnrealEngine/Common/DerivedDataCache/1/0/5/MATSM_0BA69734E4FD45E082FA4560DBE25454_PCD3D_SM5_8__BC5N_NOCCBN_NOIRIS_DEV_SL___75DA40BED5CA93A9B9EEDE35C3869D72C3ACF3B5.udd" 2554
"C:/Users/User/AppData/Local/UnrealEngine/Common/DerivedDataCache/0/0/6/MATSM_0BA69734E4FD45E082FA4560DBE25454_PCD3D_SM5_8__BC5N_NOCCBN_NOIRIS_DEV_SL___A65463FF50EFEC240D8F7920B79BD8D9EA346AE8.udd" 2555
"C:/Users/User/AppData/Local/UnrealEngine/Common/DerivedDataCache/9/2/1/MATSM_0BA69734E4FD45E082FA4560DBE25454_PCD3D_SM5_8__BC5N_NOCCBN_NOIRIS_DEV_SL___CD3B6DC69CF16123D16ED717B614E0063A90C415.udd" 2556
"C:/Users/User/AppData/Local/UnrealEngine/Common/DerivedDataCache/1/8/4/MATSM_0BA69734E4FD45E082FA4560DBE25454_PCD3D_SM5_8__BC5N_NOCCBN_NOIRIS_DEV_SL___F67C9485426B0BCFB1B7709F7D5EE9E5264C19C2.udd" 2557
"C:/Users/User/AppData/Local/UnrealEngine/Common/DerivedDataCache/4/4/1/MATSM_0BA69734E4FD45E082FA4560DBE25454_PCD3D_SM5_8__BC5N_NOCCBN_NOIRIS_DEV_SL___B71FC5C6A95B1ED1A426827F2222631E4D968F4E.udd" 2558
"C:/Users/User/AppData/Local/UnrealEngine/Common/DerivedDataCache/9/3/8/MATSM_0BA69734E4FD45E082FA4560DBE25454_PCD3D_SM5_8__BC5N_NOCCBN_NOIRIS_DEV_SL___F98FB7B1DEB394B7768100A5788A01499AB2B4D8.udd" 2559
"C:/Users/User/AppData/Local/UnrealEngine/Common/DerivedDataCache/4/4/2/MATSM_0BA69734E4FD45E082FA4560DBE25454_PCD3D_SM5_8__BC5N_NOCCBN_NOIRIS_DEV_SL___8FF1A684674D564F3FE0857A17D42191EBD220E1.udd" 2560
"C:/Users/User/AppData/Local/UnrealEngine/Common/DerivedDataCache/4/6/8/MATSM_0BA69734E4FD45E082FA4560DBE25454_PCD3D_SM5_8__BC5N_NOCCBN_NOIRIS_DEV_SL___69F2ADA2E6E67578FD420E666F8D7B4138B2D42A.udd" 2561
"C:/Users/User/AppData/Local/UnrealEngine/Common/DerivedDataCache/7/1/8/MATSM_0BA69734E4FD45E082FA4560DBE25454_PCD3D_SM5_8__BC5N_NOCCBN_NOIRIS_DEV_SL___27FE71F55E65F60337B452141255F5D875920D12.udd" 2562
"C:/Users/User/AppData/Local/UnrealEngine/Common/DerivedDataCache/8/6/8/MATSM_0BA69734E4FD45E082FA4560DBE25454_PCD3D_SM5_8__BC5N_NOCCBN_NOIRIS_DEV_SL___9368CEFA7FCD602B75E52E3EBD095090703C060A.udd" 2563
"C:/Users/User/AppData/Local/UnrealEngine/Common/DerivedDataCache/5/2/9/MATSM_0BA69734E4FD45E082FA4560DBE25454_PCD3D_SM5_8__BC5N_NOCCBN_NOIRIS_DEV_SL___0B062712A78E3E1180974FD64BBEDB90B1ACB458.udd" 2564
"C:/Users/User/AppData/Local/UnrealEngine/Common/DerivedDataCache/3/1/5/MATSM_0BA69734E4FD45E082FA4560DBE25454_PCD3D_SM5_8__BC5N_NOCCBN_NOIRIS_DEV_SL___E1C75058DCBB583D027E8E8C945ADC3B9C60FF28.udd" 2565
"C:/Users/User/AppData/Local/UnrealEngine/Common/DerivedDataCache/0/6/4/MATSM_0BA69734E4FD45E082FA4560DBE25454_PCD3D_SM5_8__BC5N_NOCCBN_NOIRIS_DEV_SL___BB80457E8565A823CD0BD503B8ED64CC898BA21B.udd" 2566
"C:/Users/User/AppData/Local/UnrealEngine/Common/DerivedDataCache/3/7/2/MATSM_0BA69734E4FD45E082FA4560DBE25454_PCD3D_SM5_8__BC5N_NOCCBN_NOIRIS_DEV_SL___9F3C102A7088E9A4D444DB476376F45E4D67BC22.udd" 2567
"C:/Users/User/AppData/Local/UnrealEngine/Common/DerivedDataCache/3/8/1/MATSM_0BA69734E4FD45E082FA4560DBE25454_PCD3D_SM5_8__BC5N_NOCCBN_NOIRIS_DEV_SL___78210909B0FE62F4E5D8A9B6A6920ECF861E6589.udd" 2568
"C:/Users/User/AppData/Local/UnrealEngine/Common/DerivedDataCache/1/9/0/MATSM_0BA69734E4FD45E082FA4560DBE25454_PCD3D_SM5_8__BC5N_NOCCBN_NOIRIS_DEV_SL___6A53D322E8A7E5560D586BEAE23CF3DC80552BDE.udd" 2569
"C:/Users/User/AppData/Local/UnrealEngine/Common/DerivedDataCache/9/1/4/MATSM_0BA69734E4FD45E082FA4560DBE25454_PCD3D_SM5_8__BC5N_NOCCBN_NOIRIS_DEV_SL___46DE398B29A697F676C8ADB0456724CF58D4BF1F.udd" 2570
"C:/Users/User/AppData/Local/UnrealEngine/Common/DerivedDataCache/5/9/0/MATSM_0BA69734E4FD45E082FA4560DBE25454_PCD3D_SM5_8__BC5N_NOCCBN_NOIRIS_DEV_SL___54BB0AAE02EA6B6DE9DA47F001ED8413A7C0A482.udd" 2571
"../../../Engine/Content/EngineMaterials/DefaultCalibrationGrayscale.uasset" 2572
"../../../Engine/Content/EngineMaterials/PPM_DefaultCalibrationGrayscale.uasset" 2573
"../../../Engine/Content/EngineMaterials/DefaultCalibrationColor.uasset" 2574
"../../../Engine/Content/EngineMaterials/PPM_DefaultCalibrationColor.uasset" 2575
"../../../Engine/Content/MobileResources/HUD/VirtualJoystick_Thumb.uasset" 2576
"../../../Engine/Content/MobileResources/HUD/VirtualJoystick_Background.uasset" 2577
"../../../Engine/Content/MobileResources/HUD/DefaultVirtualJoysticks.uasset" 2578
"D:/2new/Unauticna test/game-unauticna/Unreal Code/UnauticnaCastle/Content/ThirdPersonBP/Blueprints/Material_009.uasset" 2579
"D:/2new/Unauticna test/game-unauticna/Unreal Code/UnauticnaCastle/Content/ThirdPersonBP/Blueprints/Material_005.uasset" 2580
"D:/2new/Unauticna test/game-unauticna/Unreal Code/UnauticnaCastle/Content/ThirdPersonBP/Blueprints/Material_004.uasset" 2581
"D:/2new/Unauticna test/game-unauticna/Unreal Code/UnauticnaCastle/Content/ThirdPersonBP/Blueprints/Material_002.uasset" 2582
"D:/2new/Unauticna test/game-unauticna/Unreal Code/UnauticnaCastle/Content/ThirdPersonBP/Blueprints/Material_001.uasset" 2583
"D:/2new/Unauticna test/game-unauticna/Unreal Code/UnauticnaCastle/Content/ThirdPersonBP/Blueprints/nravix_?_???????.uasset" 2584
"D:/2new/Unauticna test/game-unauticna/Unreal Code/UnauticnaCastle/Content/Mannequin/Character/Textures/T_UE4Logo_N.uasset" 2585
"D:/2new/Unauticna test/game-unauticna/Unreal Code/UnauticnaCastle/Content/ThirdPersonBP/Blueprints/Material.uasset" 2586
"D:/2new/Unauticna test/game-unauticna/Unreal Code/UnauticnaCastle/Content/Mannequin/Character/Mesh/SK_Mannequin_PhysicsAsset.uasset" 2587
"D:/2new/Unauticna test/game-unauticna/Unreal Code/UnauticnaCastle/Content/Mannequin/Character/Textures/T_UE4Logo_Mask.uasset" 2588
"D:/2new/Unauticna test/game-unauticna/Unreal Code/UnauticnaCastle/Content/Mannequin/Character/Textures/T_Male_N.uasset" 2589
"D:/2new/Unauticna test/game-unauticna/Unreal Code/UnauticnaCastle/Content/Mannequin/Character/Textures/T_Male_Mask.uasset" 2590
"D:/2new/Unauticna test/game-unauticna/Unreal Code/UnauticnaCastle/Content/Mannequin/Character/Materials/MaterialLayers/T_ML_Rubber_Blue_01_N.uasset" 2591
"D:/2new/Unauticna test/game-unauticna/Unreal Code/UnauticnaCastle/Content/Mannequin/Character/Materials/MaterialLayers/T_ML_Rubber_Blue_01_D.uasset" 2592
"D:/2new/Unauticna test/game-unauticna/Unreal Code/UnauticnaCastle/Content/Mannequin/Character/Materials/MaterialLayers/T_ML_Aluminum01_N.uasset" 2593
"D:/2new/Unauticna test/game-unauticna/Unreal Code/UnauticnaCastle/Content/Mannequin/Character/Materials/MaterialLayers/T_ML_Aluminum01.uasset" 2594
"D:/2new/Unauticna test/game-unauticna/Unreal Code/UnauticnaCastle/Content/Mannequin/Character/Materials/MaterialLayers/ML_SoftMetal_UE4.uasset" 2595
"D:/2new/Unauticna test/game-unauticna/Unreal Code/UnauticnaCastle/Content/Mannequin/Character/Materials/MaterialLayers/ML_Plastic_Shiny_Beige_LOGO.uasset" 2596
"D:/2new/Unauticna test/game-unauticna/Unreal Code/UnauticnaCastle/Content/Mannequin/Character/Materials/MaterialLayers/ML_Plastic_Shiny_Beige.uasset" 2597
"D:/2new/Unauticna test/game-unauticna/Unreal Code/UnauticnaCastle/Content/Mannequin/Character/Materials/MaterialLayers/ML_GlossyBlack_Latex_UE4.uasset" 2598
"../../../Engine/Content/Functions/MaterialLayerFunctions/MatLayerBlend_Simple.uasset" 2599
"../../../Engine/Content/Functions/Engine_MaterialFunctions02/Utility/BlendAngleCorrectedNormals.uasset" 2600
"C:/Users/User/AppData/Local/UnrealEngine/Common/DerivedDataCache/5/2/9/STATICMESH_9CE2B6FB46754B699726C4AA1515F12E_228332BAE0224DD294E232B87D83948FQU__64927743E4FFC68FC90C78BA41621FB14C7C5178.udd" 2601
"C:/Users/User/AppData/Local/UnrealEngine/Common/DerivedDataCache/7/9/3/PHYSX_A08609EF508D460CBB6710540B03AACF_PHYSXPC_DFE2BBCC4E44CAE1D9E5B5832CD9A21__14982C6E595E32814EAF688FA0839F175678E4FA.udd" 2602
"C:/Users/User/AppData/Local/UnrealEngine/Common/DerivedDataCache/0/4/1/NAVCOLLISION_2983273BE5D6425391E8C0B3D1C0A55D_NAVCOLLISION_X_DFE2BBCC4E44CAE1D__1DDA0078B2A4BCAB8A4821BC58DD8F350596917E.udd" 2603
"../../../Engine/Content/Functions/MaterialLayerFunctions/MatLayerBlend_NormalBlend.uasset" 2604
"D:/2new/Unauticna test/game-unauticna/Unreal Code/UnauticnaCastle/Content/Mannequin/Character/Materials/M_Male_Body.uasset" 2605
"D:/2new/Unauticna test/game-unauticna/Unreal Code/UnauticnaCastle/Content/Mannequin/Character/Materials/M_UE4Man_ChestLogo.uasset" 2606
"D:/2new/Unauticna test/game-unauticna/Unreal Code/UnauticnaCastle/Content/Mannequin/Character/Mesh/UE4_Mannequin_Skeleton.uasset" 2607
"D:/2new/Unauticna test/game-unauticna/Unreal Code/UnauticnaCastle/Content/Mannequin/Character/Mesh/SK_Mannequin.uasset" 2608
"../../../Engine/Content/EditorBlueprintResources/StandardMacros.uasset" 2609
"D:/2new/Unauticna test/game-unauticna/Unreal Code/UnauticnaCastle/Content/Mannequin/Animations/ThirdPersonWalk.uasset" 2610
"D:/2new/Unauticna test/game-unauticna/Unreal Code/UnauticnaCastle/Content/Mannequin/Animations/ThirdPersonRun.uasset" 2611
"D:/2new/Unauticna test/game-unauticna/Unreal Code/UnauticnaCastle/Content/Mannequin/Animations/ThirdPersonIdle.uasset" 2612
"D:/2new/Unauticna test/game-unauticna/Unreal Code/UnauticnaCastle/Content/Mannequin/Animations/ThirdPerson_IdleRun_2D.uasset" 2613
"D:/2new/Unauticna test/game-unauticna/Unreal Code/UnauticnaCastle/Content/Mannequin/Animations/ThirdPerson_Jump.uasset" 2614
"D:/2new/Unauticna test/game-unauticna/Unreal Code/UnauticnaCastle/Content/Mannequin/Animations/ThirdPersonJump_Start.uasset" 2615
"D:/2new/Unauticna test/game-unauticna/Unreal Code/UnauticnaCastle/Content/Mannequin/Animations/ThirdPersonJump_Loop.uasset" 2616
"D:/2new/Unauticna test/game-unauticna/Unreal Code/UnauticnaCastle/Content/Mannequin/Animations/ThirdPerson_AnimBP.uasset" 2617
"D:/2new/Unauticna test/game-unauticna/Unreal Code/UnauticnaCastle/Content/ThirdPersonBP/Blueprints/???.uasset" 2618
"D:/2new/Unauticna test/game-unauticna/Unreal Code/UnauticnaCastle/Content/res/ThirdPersonCharacter.uasset" 2619
"D:/2new/Unauticna test/game-unauticna/Unreal Code/UnauticnaCastle/Content/ThirdPersonBP/Blueprints/ThirdPersonGameMode.uasset" 2620
"C:/Users/User/AppData/Local/UnrealEngine/Common/DerivedDataCache/6/5/2/MATSM_0BA69734E4FD45E082FA4560DBE25454_PCD3D_SM5_8__BC5N_NOCCBN_NOIRIS_DEV_SL___E8A8FB029A03F48032DE68E131131B99D1F36003.udd" 2621
"../../../Engine/Content/Animation/DefaultAnimBoneCompressionSettings.uasset" 2622
"../../../Engine/Content/Animation/DefaultAnimCurveCompressionSettings.uasset" 2623
"C:/Users/User/AppData/Local/UnrealEngine/Common/DerivedDataCache/6/1/9/MATSM_0BA69734E4FD45E082FA4560DBE25454_PCD3D_SM5_8__BC5N_NOCCBN_NOIRIS_DEV_SL___D60D51B76A22E120B93B48CF78D26957BA546C2C.udd" 2624
"C:/Users/User/AppData/Local/UnrealEngine/Common/DerivedDataCache/9/6/8/MATSM_0BA69734E4FD45E082FA4560DBE25454_PCD3D_SM5_8__BC5N_NOCCBN_NOIRIS_DEV_SL___C08D6AAE47730224E819AA30E2618F4F0F0E07B6.udd" 2625
"C:/Users/User/AppData/Local/UnrealEngine/Common/DerivedDataCache/1/2/7/MATSM_0BA69734E4FD45E082FA4560DBE25454_PCD3D_SM5_8__BC5N_NOCCBN_NOIRIS_DEV_SL___FF9DC8F630C4D6933EADD7EBD8D18583B665FA7F.udd" 2626
"C:/Users/User/AppData/Local/UnrealEngine/Common/DerivedDataCache/2/0/5/MATSM_0BA69734E4FD45E082FA4560DBE25454_PCD3D_SM5_8__BC5N_NOCCBN_NOIRIS_DEV_SL___5C3B8378949B9D76DBD7AA45050FC1FE6D9D9599.udd" 2627
"C:/Users/User/AppData/Local/UnrealEngine/Common/DerivedDataCache/6/5/5/MATSM_0BA69734E4FD45E082FA4560DBE25454_PCD3D_SM5_8__BC5N_NOCCBN_NOIRIS_DEV_SL___09188A19E319EDD1108FC7036BA1EF90BE19EEAF.udd" 2628
"C:/Users/User/AppData/Local/UnrealEngine/Common/DerivedDataCache/1/7/9/MATSM_0BA69734E4FD45E082FA4560DBE25454_PCD3D_SM5_8__BC5N_NOCCBN_NOIRIS_DEV_SL___325766FC43A5780E567B684CA061DF8CEDF72F3C.udd" 2629
"C:/Users/User/AppData/Local/UnrealEngine/Common/DerivedDataCache/3/3/0/MATSM_0BA69734E4FD45E082FA4560DBE25454_PCD3D_SM5_8__BC5N_NOCCBN_NOIRIS_DEV_SL___CB298BD419DD2A157DC7E120292825EB75E659F4.udd" 2630
"C:/Users/User/AppData/Local/UnrealEngine/Common/DerivedDataCache/7/3/7/MATSM_0BA69734E4FD45E082FA4560DBE25454_PCD3D_SM5_8__BC5N_NOCCBN_NOIRIS_DEV_SL___D9FC0B732C8E7BE42D4B0E13B4C53DD4A57A7E3F.udd" 2631
"C:/Users/User/AppData/Local/UnrealEngine/Common/DerivedDataCache/4/6/2/MATSM_0BA69734E4FD45E082FA4560DBE25454_PCD3D_SM5_8__BC5N_NOCCBN_NOIRIS_DEV_SL___B03CD66756E9007704265F962EABB26160BCCD33.udd" 2632
"../../../Engine/Content/EditorMaterials/PreviewShadowIndicator.uasset" 2633
"../../../Engine/Content/EditorMaterials/PreviewShadowIndicatorMaterial.uasset" 2634
"../../../Engine/Content/EngineDebugMaterials/DebugEditorMaterial.uasset" 2635
"../../../Engine/Content/EditorResources/BSPVertex.uasset" 2636
"../../../Engine/Content/EngineSounds/Submixes/MasterReverbEffectPreset.uasset" 2637
"../../../Engine/Content/EngineSounds/Submixes/MasterReverbSubmixDefault.uasset" 2638
"../../../Engine/Content/EngineSounds/Submixes/MasterSubmixDefault.uasset" 2639
"../../../Engine/Content/EngineSounds/Submixes/MasterEQEffectPreset.uasset" 2640
"../../../Engine/Content/EngineSounds/Submixes/MasterEQSubmixDefault.uasset" 2641
"C:/Users/User/AppData/Local/UnrealEngine/Common/DerivedDataCache/2/6/9/AUDIO_0005_0000_OGG10000$2D1$2D1$2D1$2D1$2D1_0004_24CDDC4445CB26897C21D8810DDD1023.udd" 2642
"../../../Engine/Content/EngineSounds/Master.uasset" 2643
"../../../Engine/Content/MobileResources/HUD/T_Castle_ThumbstickOutter.uasset" 2644
"../../../Engine/Content/MobileResources/HUD/T_Castle_ThumbstickInner.uasset" 2645
"../../../Engine/Content/MobileResources/HUD/MobileHUDDirectionStick.uasset" 2646
"../../../Engine/Content/MobileResources/HUD/MobileHUDDirectionPad3.uasset" 2647
"C:/Users/User/AppData/Local/UnrealEngine/Common/DerivedDataCache/8/1/8/STREAMEDAUDIO_BC6E92FBBD314E3B9B9EC6778749EB5E_OGG10000$2D1$2D1$2D1$2D1$2D1_4_24CDDC4445CB26897C21D8810DDD1023.udd" 2648
"../../../Engine/Content/MobileResources/HUD/MobileHUDDirectionPad2.uasset" 2649
"../../../Engine/Content/MobileResources/HUD/MobileHUDDirectionPad.uasset" 2650
"C:/Users/User/AppData/Local/UnrealEngine/Common/DerivedDataCache/1/5/4/MATSM_0BA69734E4FD45E082FA4560DBE25454_PCD3D_SM5_8__BC5N_NOCCBN_NOIRIS_DEV_SL___F7E38C6580EF1819E516DD17B64C438C93210FF9.udd" 2651
"../../../Engine/Content/MobileResources/HUD/MobileHUDButtonFire.uasset" 2652
"C:/Users/User/AppData/Local/UnrealEngine/Common/DerivedDataCache/8/5/3/MATSM_0BA69734E4FD45E082FA4560DBE25454_PCD3D_SM5_8__BC5N_NOCCBN_NOIRIS_DEV_SL___0D951FA4C96D0B40BC122D67F0F9E58EAB7AE4BA.udd" 2653
"../../../Engine/Content/MobileResources/HUD/MobileHUDButton3.uasset" 2654
"../../../Engine/Content/MobileResources/HUD/MobileHUDButton2_on.uasset" 2655
"../../../Engine/Content/MobileResources/HUD/MobileHUDButton2_off.uasset" 2656
"../../../Engine/Content/MobileResources/HUD/MobileHUDButton1_on.uasset" 2657
"../../../Engine/Content/MobileResources/HUD/MobileHUDButton1_off.uasset" 2658
"../../../Engine/Content/MobileResources/HUD/LeftVirtualJoystickOnly.uasset" 2659
"../../../Engine/Content/MobileResources/HUD/AnalogHat.uasset" 2660
"../../../Engine/Content/MobileResources/T_MobileMenu2.uasset" 2661
"../../../Engine/Content/MobileResources/T_MobileControls_texture.uasset" 2662
"../../../Engine/Content/Maps/Entry_BuiltData.uasset" 2663
"../../../Engine/Content/Maps/Entry.umap" 2664
"D:/2new/Unauticna test/game-unauticna/Unreal Code/UnauticnaCastle/Content/StarterContent/Materials/M_Basic_Wall.uasset" 2665
"D:/2new/Unauticna test/game-unauticna/Unreal Code/UnauticnaCastle/Content/StarterContent/Shapes/Shape_Cube.uasset" 2666
"D:/2new/Unauticna test/game-unauticna/Unreal Code/UnauticnaCastle/Content/StarterContent/Textures/T_Frame_M.uasset" 2667
"D:/2new/Unauticna test/game-unauticna/Unreal Code/UnauticnaCastle/Content/StarterContent/Props/SM_CornerFrame.uasset" 2668
"D:/2new/Unauticna test/game-unauticna/Unreal Code/UnauticnaCastle/Content/res/NewBlueprint7.uasset" 2669
"D:/2new/Unauticna test/game-unauticna/Unreal Code/UnauticnaCastle/Content/StarterContent/Props/Materials/M_Frame.uasset" 2670
"D:/2new/Unauticna test/game-unauticna/Unreal Code/UnauticnaCastle/Content/res/NewBlueprint8.uasset" 2671
"D:/2new/Unauticna test/game-unauticna/Unreal Code/UnauticnaCastle/Content/StarterContent/Textures/T_Frame_N.uasset" 2672
"D:/2new/Unauticna test/game-unauticna/Unreal Code/UnauticnaCastle/Content/StarterContent/Textures/T_Chair_N.uasset" 2673
"D:/2new/Unauticna test/game-unauticna/Unreal Code/UnauticnaCastle/Content/StarterContent/Textures/T_Chair_M.uasset" 2674
"D:/2new/Unauticna test/game-unauticna/Unreal Code/UnauticnaCastle/Content/StarterContent/Props/Materials/M_Chair.uasset" 2675
"D:/2new/Unauticna test/game-unauticna/Unreal Code/UnauticnaCastle/Content/StarterContent/Props/SM_Couch.uasset" 2676
"D:/2new/Unauticna test/game-unauticna/Unreal Code/UnauticnaCastle/Content/res/NewBlueprint6.uasset" 2677
"D:/2new/Unauticna test/game-unauticna/Unreal Code/UnauticnaCastle/Content/StarterContent/Textures/T_Rock_Basalt_D.uasset" 2678
"D:/2new/Unauticna test/game-unauticna/Unreal Code/UnauticnaCastle/Content/StarterContent/Textures/T_Detail_Rocky_N.uasset" 2679
"D:/2new/Unauticna test/game-unauticna/Unreal Code/UnauticnaCastle/Content/StarterContent/Textures/T_RockMesh_N.uasset" 2680
"D:/2new/Unauticna test/game-unauticna/Unreal Code/UnauticnaCastle/Content/StarterContent/Textures/T_RockMesh_M.uasset" 2681
"D:/2new/Unauticna test/game-unauticna/Unreal Code/UnauticnaCastle/Content/StarterContent/Props/Materials/M_Rock.uasset" 2682
"D:/2new/Unauticna test/game-unauticna/Unreal Code/UnauticnaCastle/Content/StarterContent/Props/SM_Rock.uasset" 2683
"D:/2new/Unauticna test/game-unauticna/Unreal Code/UnauticnaCastle/Content/res/NewBlueprint5.uasset" 2684
"D:/2new/Unauticna test/game-unauticna/Unreal Code/UnauticnaCastle/Content/StarterContent/Textures/T_Statue_N.uasset" 2685
"D:/2new/Unauticna test/game-unauticna/Unreal Code/UnauticnaCastle/Content/StarterContent/Textures/T_Statue_M.uasset" 2686
"D:/2new/Unauticna test/game-unauticna/Unreal Code/UnauticnaCastle/Content/StarterContent/Props/Materials/M_Statue.uasset" 2687
"D:/2new/Unauticna test/game-unauticna/Unreal Code/UnauticnaCastle/Content/StarterContent/Props/Materials/M_StatueGlass.uasset" 2688
"D:/2new/Unauticna test/game-unauticna/Unreal Code/UnauticnaCastle/Content/StarterContent/Props/SM_Statue.uasset" 2689
"D:/2new/Unauticna test/game-unauticna/Unreal Code/UnauticnaCastle/Content/res/NewBlueprint4.uasset" 2690
"D:/2new/Unauticna test/game-unauticna/Unreal Code/UnauticnaCastle/Content/StarterContent/Textures/T_TableRound_N.uasset" 2691
"D:/2new/Unauticna test/game-unauticna/Unreal Code/UnauticnaCastle/Content/StarterContent/Textures/T_TableRound_M.uasset" 2692
"D:/2new/Unauticna test/game-unauticna/Unreal Code/UnauticnaCastle/Content/StarterContent/Props/Materials/M_TableRound.uasset" 2693
"D:/2new/Unauticna test/game-unauticna/Unreal Code/UnauticnaCastle/Content/StarterContent/Props/SM_TableRound.uasset" 2694
"D:/2new/Unauticna test/game-unauticna/Unreal Code/UnauticnaCastle/Content/res/NewBlueprint3.uasset" 2695
"D:/2new/Unauticna test/game-unauticna/Unreal Code/UnauticnaCastle/Content/StarterContent/Props/SM_Chair.uasset" 2696
"D:/2new/Unauticna test/game-unauticna/Unreal Code/UnauticnaCastle/Content/res/NewBlueprint2.uasset" 2697
"D:/2new/Unauticna test/game-unauticna/Unreal Code/UnauticnaCastle/Content/ThirdPersonBP/Blueprints/untitled_Cylinder.uasset" 2698
"D:/2new/Unauticna test/game-unauticna/Unreal Code/UnauticnaCastle/Content/ThirdPersonBP/Blueprints/Material_003.uasset" 2699
"D:/2new/Unauticna test/game-unauticna/Unreal Code/UnauticnaCastle/Content/ThirdPersonBP/Blueprints/untitled_Cube_001.uasset" 2700
"D:/2new/Unauticna test/game-unauticna/Unreal Code/UnauticnaCastle/Content/ThirdPersonBP/Blueprints/untitled_Cube.uasset" 2701
"D:/2new/Unauticna test/game-unauticna/Unreal Code/UnauticnaCastle/Content/res/NewBlueprint1.uasset" 2702
"D:/2new/Unauticna test/game-unauticna/Unreal Code/UnauticnaCastle/Content/ThirdPersonBP/Maps/ThirdPersonExampleMap_BuiltData.uasset" 2703
"D:/2new/Unauticna test/game-unauticna/Unreal Code/UnauticnaCastle/Content/ThirdPerson/Meshes/RampMaterial.uasset" 2704
"D:/2new/Unauticna test/game-unauticna/Unreal Code/UnauticnaCastle/Content/ThirdPerson/Meshes/Ramp_StaticMesh.uasset" 2705
"D:/2new/Unauticna test/game-unauticna/Unreal Code/UnauticnaCastle/Content/ThirdPerson/Meshes/Linear_Stair_StaticMesh.uasset" 2706
"D:/2new/Unauticna test/game-unauticna/Unreal Code/UnauticnaCastle/Content/StarterContent/Textures/T_Wood_Oak_N.uasset" 2707
"D:/2new/Unauticna test/game-unauticna/Unreal Code/UnauticnaCastle/Content/StarterContent/Textures/T_Wood_Oak_D.uasset" 2708
"D:/2new/Unauticna test/game-unauticna/Unreal Code/UnauticnaCastle/Content/StarterContent/Textures/T_MacroVariation.uasset" 2709
"D:/2new/Unauticna test/game-unauticna/Unreal Code/UnauticnaCastle/Content/StarterContent/Materials/M_Wood_Oak.uasset" 2710
"D:/2new/Unauticna test/game-unauticna/Unreal Code/UnauticnaCastle/Content/StarterContent/Textures/T_Ground_Grass_N.uasset" 2711
"D:/2new/Unauticna test/game-unauticna/Unreal Code/UnauticnaCastle/Content/StarterContent/Textures/T_Ground_Grass_D.uasset" 2712
"D:/2new/Unauticna test/game-unauticna/Unreal Code/UnauticnaCastle/Content/StarterContent/Textures/T_Perlin_Noise_M.uasset" 2713
"C:/Users/User/AppData/Local/UnrealEngine/Common/DerivedDataCache/8/2/4/STATICMESH_9CE2B6FB46754B699726C4AA1515F12E_228332BAE0224DD294E232B87D83948FQU__DCF8C28C781E28832D2D9B981B80A3AE79BA1F84.udd" 2714
"C:/Users/User/AppData/Local/UnrealEngine/Common/DerivedDataCache/7/9/9/PHYSX_A08609EF508D460CBB6710540B03AACF_PHYSXPC_225D66754853FB2A20028792608BD6D__3861B76F2BB523F76FFCBB5F288237E6DFA13A1F.udd" 2715
"C:/Users/User/AppData/Local/UnrealEngine/Common/DerivedDataCache/0/8/9/NAVCOLLISION_2983273BE5D6425391E8C0B3D1C0A55D_NAVCOLLISION_X_225D66754853FB2A2__0C957F801385A4AC1DF9442E003C26F86FE73D6D.udd" 2716
"D:/2new/Unauticna test/game-unauticna/Unreal Code/UnauticnaCastle/Content/StarterContent/Materials/M_Ground_Grass.uasset" 2717
"D:/2new/Unauticna test/game-unauticna/Unreal Code/UnauticnaCastle/Content/StarterContent/Textures/T_Lamp_N.uasset" 2718
"C:/Users/User/AppData/Local/UnrealEngine/Common/DerivedDataCache/3/0/5/STATICMESH_9CE2B6FB46754B699726C4AA1515F12E_228332BAE0224DD294E232B87D83948FQU__6CF23BDDC7861C8F465F3664CDD434E137ECB148.udd" 2719
"C:/Users/User/AppData/Local/UnrealEngine/Common/DerivedDataCache/3/8/8/PHYSX_A08609EF508D460CBB6710540B03AACF_PHYSXPC_AA11158440BF1D77B9277BBA4853AD7__3F9405963798AD2E7C76D3DB9F2C47992B0D17B4.udd" 2720
"C:/Users/User/AppData/Local/UnrealEngine/Common/DerivedDataCache/7/3/2/NAVCOLLISION_2983273BE5D6425391E8C0B3D1C0A55D_NAVCOLLISION_X_AA11158440BF1D77B__9E927486243FE02E7B6CFC4A838EEA7B20EE9457.udd" 2721
"D:/2new/Unauticna test/game-unauticna/Unreal Code/UnauticnaCastle/Content/StarterContent/Textures/T_Lamp_M.uasset" 2722
"C:/Users/User/AppData/Local/UnrealEngine/Common/DerivedDataCache/5/7/0/STATICMESH_9CE2B6FB46754B699726C4AA1515F12E_228332BAE0224DD294E232B87D83948FQU__32C1E3A3AE204C3088F42950332FA241E70135B1.udd" 2723
"C:/Users/User/AppData/Local/UnrealEngine/Common/DerivedDataCache/0/0/0/PHYSX_A08609EF508D460CBB6710540B03AACF_PHYSXPC_99609C0E46BC4A744289F5867068543__5C70CD5C1A809CD9FF7B5AA9E5D31F35839A8333.udd" 2724
"C:/Users/User/AppData/Local/UnrealEngine/Common/DerivedDataCache/9/0/1/NAVCOLLISION_2983273BE5D6425391E8C0B3D1C0A55D_NAVCOLLISION_X_99609C0E46BC4A744__45477EA6004DD648FA744A8F57F51C1E7D68F970.udd" 2725
"D:/2new/Unauticna test/game-unauticna/Unreal Code/UnauticnaCastle/Content/StarterContent/Props/Materials/M_Lamp.uasset" 2726
"D:/2new/Unauticna test/game-unauticna/Unreal Code/UnauticnaCastle/Content/StarterContent/Props/SM_Lamp_Wall.uasset" 2727
"D:/2new/Unauticna test/game-unauticna/Unreal Code/UnauticnaCastle/Content/StarterContent/Blueprints/Blueprint_WallSconce.uasset" 2728
"D:/2new/Unauticna test/game-unauticna/Unreal Code/UnauticnaCastle/Content/StarterContent/Props/SM_Lamp_Ceiling.uasset" 2729
"D:/2new/Unauticna test/game-unauticna/Unreal Code/UnauticnaCastle/Content/StarterContent/Blueprints/Blueprint_CeilingLight.uasset" 2730
"D:/2new/Unauticna test/game-unauticna/Unreal Code/UnauticnaCastle/Content/Geometry/Meshes/CubeMaterial.uasset" 2731
"D:/2new/Unauticna test/game-unauticna/Unreal Code/UnauticnaCastle/Content/Geometry/Meshes/TemplateFloor.uasset" 2732
"D:/2new/Unauticna test/game-unauticna/Unreal Code/UnauticnaCastle/Content/Geometry/Meshes/1M_Cube_Chamfer.uasset" 2733
"D:/2new/Unauticna test/game-unauticna/Unreal Code/UnauticnaCastle/Content/Geometry/Meshes/1M_Cube.uasset" 2734
"../../../Engine/Content/EngineSky/T_Sky_Stars.uasset" 2735
"../../../Engine/Content/EngineSky/T_Sky_Clouds_M.uasset" 2736
"../../../Engine/Content/EngineSky/T_Sky_Blue.uasset" 2737
"../../../Engine/Content/EngineSky/M_Sky_Panning_Clouds2.uasset" 2738
"../../../Engine/Content/EngineSky/SM_SkySphere.uasset" 2739
"../../../Engine/Content/EngineSky/C_Sky_Zenith_Color.uasset" 2740
"../../../Engine/Content/EngineSky/C_Sky_Horizon_Color.uasset" 2741
"../../../Engine/Content/EngineSky/C_Sky_Cloud_Color.uasset" 2742
"../../../Engine/Content/EngineSky/BP_Sky_Sphere.uasset" 2743
"D:/2new/Unauticna test/game-unauticna/Unreal Code/UnauticnaCastle/Content/ThirdPersonBP/Maps/ThirdPersonExampleMap.umap" 2744
"C:/Users/User/AppData/Local/UnrealEngine/Common/DerivedDataCache/5/2/2/MATSM_0BA69734E4FD45E082FA4560DBE25454_PCD3D_SM5_8__BC5N_NOCCBN_NOIRIS_DEV_SL___488E24F460B016F0CCA4BDFCC570E9DB7D6FB4CA.udd" 2745
"C:/Users/User/AppData/Local/UnrealEngine/Common/DerivedDataCache/8/4/9/MATSM_0BA69734E4FD45E082FA4560DBE25454_PCD3D_SM5_8__BC5N_NOCCBN_NOIRIS_DEV_SL___049E51D1999EE51E246462B4F8B0AB1B32044518.udd" 2746
"C:/Users/User/AppData/Local/UnrealEngine/Common/DerivedDataCache/7/4/9/MATSM_0BA69734E4FD45E082FA4560DBE25454_PCD3D_SM5_8__BC5N_NOCCBN_NOIRIS_DEV_SL___081531409A3E217F4D6D52567B93BAA3C45A3A58.udd" 2747
"C:/Users/User/AppData/Local/UnrealEngine/Common/DerivedDataCache/6/2/7/MATSM_0BA69734E4FD45E082FA4560DBE25454_PCD3D_SM5_8__BC5N_NOCCBN_NOIRIS_DEV_SL___AEBB7E0B192B6DB5AB0F9A5E70B6BBA0C3488866.udd" 2748
"C:/Users/User/AppData/Local/UnrealEngine/Common/DerivedDataCache/3/1/1/MATSM_0BA69734E4FD45E082FA4560DBE25454_PCD3D_SM5_8__BC5N_NOCCBN_NOIRIS_DEV_SL___8E0850CDC15F54AA52298D1FFA27A04D4B734741.udd" 2749
"C:/Users/User/AppData/Local/UnrealEngine/Common/DerivedDataCache/0/8/0/MATSM_0BA69734E4FD45E082FA4560DBE25454_PCD3D_SM5_8__BC5N_NOCCBN_NOIRIS_DEV_SL___737B59554C8817192BD56705D20D6C9D20FA6224.udd" 2750
"C:/Users/User/AppData/Local/UnrealEngine/Common/DerivedDataCache/9/8/7/MATSM_0BA69734E4FD45E082FA4560DBE25454_PCD3D_SM5_8__BC5N_NOCCBN_NOIRIS_DEV_SL___79EDF36D79D7519B201751FFB5EAA3DF5FE649B5.udd" 2751
"C:/Users/User/AppData/Local/UnrealEngine/Common/DerivedDataCache/7/8/0/MATSM_0BA69734E4FD45E082FA4560DBE25454_PCD3D_SM5_8__BC5N_NOCCBN_NOIRIS_DEV_SL___053256458212B5EE852CC85EFFFB43C778A04236.udd" 2752
"C:/Users/User/AppData/Local/UnrealEngine/Common/DerivedDataCache/6/9/2/TEXTURE_E01F4250BECD420DA9CE63B5EECEC2C2_OODLE_AUTODXT_11_9737610F4C6EEBBA45C3__2EA890C13042B12E092DEFA50B03C7E878D9BE7C.udd" 2753
"C:/Users/User/AppData/Local/UnrealEngine/Common/DerivedDataCache/3/9/6/TEXTURE_E01F4250BECD420DA9CE63B5EECEC2C2_OODLE_AUTODXT_11_2168D2F344FA6AB8B151__E3C9AB41DA7879911C210B534016A11FA87079FD.udd" 2754
"C:/Users/User/AppData/Local/UnrealEngine/Common/DerivedDataCache/2/6/7/TEXTURE_E01F4250BECD420DA9CE63B5EECEC2C2_OODLE_AUTODXT_11_9737610F4C6EEBBA45C3__72D00CC8C6B1020E045EAD3A398688D1CC025B54.udd" 2755
"C:/Users/User/AppData/Local/UnrealEngine/Common/DerivedDataCache/2/8/5/TEXTURE_E01F4250BECD420DA9CE63B5EECEC2C2_OODLE_AUTODXT_11_9737610F4C6EEBBA45C3__266887BDD5AE27E48CE704E2D89A5679A7D15AEB.udd" 2756
"C:/Users/User/AppData/Local/UnrealEngine/Common/DerivedDataCache/9/3/2/TEXTURE_E01F4250BECD420DA9CE63B5EECEC2C2_OODLE_AUTODXT_11_A2F0D5AC438AD351F49A__4E219618AE275912840853D6C59F4EC346A51B57.udd" 2757
"C:/Users/User/AppData/Local/UnrealEngine/Common/DerivedDataCache/1/0/6/TEXTURE_E01F4250BECD420DA9CE63B5EECEC2C2_OODLE_AUTODXT_11_9737610F4C6EEBBA45C3__2E1F2F554B44F37DF641C006A3329F52191E74B8.udd" 2758
"C:/Users/User/AppData/Local/UnrealEngine/Common/DerivedDataCache/6/2/9/TEXTURE_E01F4250BECD420DA9CE63B5EECEC2C2_OODLE_AUTODXT_11_2168D2F344FA6AB8B151__8BA7AE714EC615B2E330D246FD80C02FAA4E0BD3.udd" 2759
"C:/Users/User/AppData/Local/UnrealEngine/Common/DerivedDataCache/8/2/1/TEXTURE_E01F4250BECD420DA9CE63B5EECEC2C2_OODLE_AUTODXT_11_9737610F4C6EEBBA45C3__F9078831DDCDC65F6D8AA68B10EF01266AB6BEC3.udd" 2760
"C:/Users/User/AppData/Local/UnrealEngine/Common/DerivedDataCache/2/6/3/TEXTURE_E01F4250BECD420DA9CE63B5EECEC2C2_OODLE_AUTODXT_11_AED59B0A495B615985BE__BE08875CE7F213C11CA03A5A4640167E80A44F9F.udd" 2761
"C:/Users/User/AppData/Local/UnrealEngine/Common/DerivedDataCache/9/7/3/TEXTURE_E01F4250BECD420DA9CE63B5EECEC2C2_OODLE_AUTODXT_11_2168D2F344FA6AB8B151__1085F741BC6AC8876E0902A6DAD103980669A660.udd" 2762
"C:/Users/User/AppData/Local/UnrealEngine/Common/DerivedDataCache/5/2/7/TEXTURE_E01F4250BECD420DA9CE63B5EECEC2C2_OODLE_AUTODXT_11_2168D2F344FA6AB8B151__45324E0F878C3303B17B56FA44F986568FE23551.udd" 2763
"C:/Users/User/AppData/Local/UnrealEngine/Common/DerivedDataCache/9/3/2/TEXTURE_E01F4250BECD420DA9CE63B5EECEC2C2_OODLE_AUTODXT_11_A2F0D5AC438AD351F49A__86B7A89A8F53AC5DED773F5BBDFE06946679989F.udd" 2764
"C:/Users/User/AppData/Local/UnrealEngine/Common/DerivedDataCache/1/5/7/TEXTURE_E01F4250BECD420DA9CE63B5EECEC2C2_OODLE_AUTODXT_11_0088C11D44E23D664B89__A66C1DFC4307E150931A14AB48F54CA47F7CCE4E.udd" 2765
"C:/Users/User/AppData/Local/UnrealEngine/Common/DerivedDataCache/4/0/3/TEXTURE_E01F4250BECD420DA9CE63B5EECEC2C2_OODLE_AUTODXT_11_A2F0D5AC438AD351F49A__A9A5041125B8C3E604DECAD3B0ED4D09F64549D9.udd" 2766
"C:/Users/User/AppData/Local/UnrealEngine/Common/DerivedDataCache/9/1/6/TEXTURE_E01F4250BECD420DA9CE63B5EECEC2C2_OODLE_AUTODXT_11_A2F0D5AC438AD351F49A__CC78DFA8C9288FB47CEF7528F4EE395D158A5C56.udd" 2767
"C:/Users/User/AppData/Local/UnrealEngine/Common/DerivedDataCache/8/6/3/TEXTURE_E01F4250BECD420DA9CE63B5EECEC2C2_OODLE_AUTODXT_11_2168D2F344FA6AB8B151__88CD74C8CDA7E2287BF2F00D8789761E8A0F6F44.udd" 2768
"C:/Users/User/AppData/Local/UnrealEngine/Common/DerivedDataCache/8/9/3/TEXTURE_E01F4250BECD420DA9CE63B5EECEC2C2_OODLE_AUTODXT_11_AED59B0A495B615985BE__452592F2AF8A44B5EBA4F0E7FFBCC478371EB819.udd" 2769
"C:/Users/User/AppData/Local/UnrealEngine/Common/DerivedDataCache/8/9/7/TEXTURE_E01F4250BECD420DA9CE63B5EECEC2C2_OODLE_AUTODXT_11_AED59B0A495B615985BE__17E7749F796E718B81E4A782C19737411063781B.udd" 2770
"C:/Users/User/AppData/Local/UnrealEngine/Common/DerivedDataCache/8/3/6/TEXTURE_E01F4250BECD420DA9CE63B5EECEC2C2_OODLE_AUTODXT_11_0088C11D44E23D664B89__9CBECB15A7FB0A0ED91DAE39368BDF90B69015A9.udd" 2771
"C:/Users/User/AppData/Local/UnrealEngine/Common/DerivedDataCache/8/4/3/TEXTURE_E01F4250BECD420DA9CE63B5EECEC2C2_OODLE_AUTODXT_11_0088C11D44E23D664B89__8435475FC358E14DC54ADFB7F345DC0DB2BCFE7D.udd" 2772
"C:/Users/User/AppData/Local/UnrealEngine/Common/DerivedDataCache/8/5/5/TEXTURE_E01F4250BECD420DA9CE63B5EECEC2C2_OODLE_AUTODXT_11_0088C11D44E23D664B89__474D63E558FA023A25D54B3706B2B9B03E5B8051.udd" 2773
"C:/Users/User/AppData/Local/UnrealEngine/Common/DerivedDataCache/7/9/7/TEXTURE_E01F4250BECD420DA9CE63B5EECEC2C2_OODLE_AUTODXT_11_0088C11D44E23D664B89__FD04E134224ECE3C8D612F1139FA2BE843B8ECF2.udd" 2774
"C:/Users/User/AppData/Local/UnrealEngine/Common/DerivedDataCache/7/3/5/TEXTURE_E01F4250BECD420DA9CE63B5EECEC2C2_OODLE_AUTODXT_11_AED59B0A495B615985BE__D69F8073BA8A06FB0A454F11DCB662D53C5E0E5D.udd" 2775
"C:/Users/User/AppData/Local/UnrealEngine/Common/DerivedDataCache/9/4/8/TEXTURE_E01F4250BECD420DA9CE63B5EECEC2C2_OODLE_AUTODXT_11_100F5E014B0EFB04758A__5AF74B2638F643B8C25FDCFEAD7BAB3432626DCC.udd" 2776
"C:/Users/User/AppData/Local/UnrealEngine/Common/DerivedDataCache/3/5/6/TEXTURE_E01F4250BECD420DA9CE63B5EECEC2C2_OODLE_DXT1_11_FF47DF8D4011415CEA72B6B__77440FB7117A0B54D5C82BEAD3E297CD0C917922.udd" 2777
"C:/Users/User/AppData/Local/UnrealEngine/Common/DerivedDataCache/2/9/1/TEXTURE_E01F4250BECD420DA9CE63B5EECEC2C2_OODLE_DXT1_11_B1BA0AF64AF05C12267A3C8__9BBEC40041A212039CCA125DDC4883BABD41D5D4.udd" 2778
"C:/Users/User/AppData/Local/UnrealEngine/Common/DerivedDataCache/1/2/9/TEXTURE_E01F4250BECD420DA9CE63B5EECEC2C2_OODLE_DXT1_11_A282C5824961652E84CBA0B__384EC347DC59C2FA9A40D1178FA6433D0A400122.udd" 2779
"C:/Users/User/AppData/Local/UnrealEngine/Common/DerivedDataCache/4/7/3/TEXTURE_E01F4250BECD420DA9CE63B5EECEC2C2_OODLE_DXT1_11_FF47DF8D4011415CEA72B6B__7C3B877EE67B58202CE2B601DC6C453ADF2294A8.udd" 2780
"C:/Users/User/AppData/Local/UnrealEngine/Common/DerivedDataCache/8/9/1/TEXTURE_E01F4250BECD420DA9CE63B5EECEC2C2_OODLE_DXT1_11_FF47DF8D4011415CEA72B6B__4CC1033A0DB445978B531CC661C8781B75303124.udd" 2781
"C:/Users/User/AppData/Local/UnrealEngine/Common/DerivedDataCache/2/2/5/TEXTURE_E01F4250BECD420DA9CE63B5EECEC2C2_OODLE_DXT1_11_FF47DF8D4011415CEA72B6B__9C01CCFBF22DC71EC8BDF592ABB815D7D9A947BD.udd" 2782
"C:/Users/User/AppData/Local/UnrealEngine/Common/DerivedDataCache/2/6/2/TEXTURE_E01F4250BECD420DA9CE63B5EECEC2C2_OODLE_DXT1_11_FF47DF8D4011415CEA72B6B__13A5EDE72F17C0B6C89B6D683534DCBB6B2E411D.udd" 2783
"C:/Users/User/AppData/Local/UnrealEngine/Common/DerivedDataCache/5/9/0/TEXTURE_E01F4250BECD420DA9CE63B5EECEC2C2_OODLE_DXT1_11_B1BA0AF64AF05C12267A3C8__50B220F883FA2CC2CCF8702247B5C4F4C59CB1D9.udd" 2784
"C:/Users/User/AppData/Local/UnrealEngine/Common/DerivedDataCache/8/3/7/TEXTURE_E01F4250BECD420DA9CE63B5EECEC2C2_OODLE_DXT1_11_B1BA0AF64AF05C12267A3C8__C3AA7E82B5CDD3584EC5945B3BC25916D2446E6D.udd" 2785
"C:/Users/User/AppData/Local/UnrealEngine/Common/DerivedDataCache/7/7/7/TEXTURE_E01F4250BECD420DA9CE63B5EECEC2C2_OODLE_DXT1_11_A282C5824961652E84CBA0B__84A20676F0C88650D9D4A0938FBD65065AA7A6E2.udd" 2786
"C:/Users/User/AppData/Local/UnrealEngine/Common/DerivedDataCache/8/7/8/TEXTURE_E01F4250BECD420DA9CE63B5EECEC2C2_OODLE_DXT1_11_B1BA0AF64AF05C12267A3C8__A73116C1338993296ADB74FF065D730C64C7CC33.udd" 2787
"C:/Users/User/AppData/Local/UnrealEngine/Common/DerivedDataCache/1/9/8/TEXTURE_E01F4250BECD420DA9CE63B5EECEC2C2_OODLE_DXT1_11_EFE068BA4142C145897123B__EBA89BDD5F8F6CC318A9A4503AB7BF034E7766EB.udd" 2788
"C:/Users/User/AppData/Local/UnrealEngine/Common/DerivedDataCache/1/9/0/TEXTURE_E01F4250BECD420DA9CE63B5EECEC2C2_OODLE_DXT1_11_A282C5824961652E84CBA0B__66B4AE1AACE8054D5127FF6DAFEB8F7BA738FE99.udd" 2789
"C:/Users/User/AppData/Local/UnrealEngine/Common/DerivedDataCache/6/6/9/TEXTURE_E01F4250BECD420DA9CE63B5EECEC2C2_OODLE_DXT1_11_A282C5824961652E84CBA0B__2A8FA4FEBCF22BF2390AD4C4A58FEFA2A30B880E.udd" 2790
"C:/Users/User/AppData/Local/UnrealEngine/Common/DerivedDataCache/6/9/7/TEXTURE_E01F4250BECD420DA9CE63B5EECEC2C2_OODLE_DXT1_11_B1BA0AF64AF05C12267A3C8__2B05E4BF81EB3260869C64FE732FCAE348D9323C.udd" 2791
"C:/Users/User/AppData/Local/UnrealEngine/Common/DerivedDataCache/6/6/7/TEXTURE_E01F4250BECD420DA9CE63B5EECEC2C2_OODLE_DXT1_11_EFE068BA4142C145897123B__4F1E94EA85D2AFDC135F616F0566591553754005.udd" 2792
"C:/Users/User/AppData/Local/UnrealEngine/Common/DerivedDataCache/9/5/2/TEXTURE_E01F4250BECD420DA9CE63B5EECEC2C2_OODLE_DXT1_11_A282C5824961652E84CBA0B__2AC8E254313C096C94D34F27DF3EC4EBA1462C9E.udd" 2793
"C:/Users/User/AppData/Local/UnrealEngine/Common/DerivedDataCache/4/2/8/TEXTURE_E01F4250BECD420DA9CE63B5EECEC2C2_OODLE_DXT1_11_EFE068BA4142C145897123B__1D4B30D9037B9A58D249D8B612C13E3AF629DB92.udd" 2794
"C:/Users/User/AppData/Local/UnrealEngine/Common/DerivedDataCache/2/3/2/TEXTURE_E01F4250BECD420DA9CE63B5EECEC2C2_OODLE_DXT1_11_EFE068BA4142C145897123B__33ECDF5820A0F8B081EFB234111BC3D20FA14F63.udd" 2795
"C:/Users/User/AppData/Local/UnrealEngine/Common/DerivedDataCache/1/5/9/TEXTURE_E01F4250BECD420DA9CE63B5EECEC2C2_OODLE_DXT1_11_FC427DD64B6E4D53C6A93FB__16D8A1622648B5DAE319CD3E1E4A2D67D6CD8DC6.udd" 2796
"C:/Users/User/AppData/Local/UnrealEngine/Common/DerivedDataCache/3/3/6/TEXTURE_E01F4250BECD420DA9CE63B5EECEC2C2_OODLE_DXT1_11_9A60522F4158C096283DB4B__B2A78674B9A35FE7E7E1A92331A717D6F039765A.udd" 2797
"C:/Users/User/AppData/Local/UnrealEngine/Common/DerivedDataCache/9/1/1/TEXTURE_E01F4250BECD420DA9CE63B5EECEC2C2_OODLE_DXT1_11_EFE068BA4142C145897123B__A762F506C59402A339492E6E3A8A0530688CDE28.udd" 2798
"C:/Users/User/AppData/Local/UnrealEngine/Common/DerivedDataCache/3/2/2/TEXTURE_E01F4250BECD420DA9CE63B5EECEC2C2_OODLE_AUTODXT_11_A161095D4D967D58347C__D7BA3593401E824AA4FFEC2FA2315EE44C37CC2D.udd" 2799
"C:/Users/User/AppData/Local/UnrealEngine/Common/DerivedDataCache/6/0/4/TEXTURE_E01F4250BECD420DA9CE63B5EECEC2C2_OODLE_DXT1_11_1446BC1A4114B37EDA1853B__7BAE689D3590DE15A736AF474739B43ECEC721C7.udd" 2800
"C:/Users/User/AppData/Local/UnrealEngine/Common/DerivedDataCache/2/8/3/TEXTURE_E01F4250BECD420DA9CE63B5EECEC2C2_OODLE_DXT1_11_FC427DD64B6E4D53C6A93FB__A9D5E5E69741A7E93E1A973A1462CEEAD0759D15.udd" 2801
"C:/Users/User/AppData/Local/UnrealEngine/Common/DerivedDataCache/3/4/0/TEXTURE_E01F4250BECD420DA9CE63B5EECEC2C2_OODLE_DXT1_11_FC427DD64B6E4D53C6A93FB__5ABA427F5E57EC575BA5454F1C200F0E75BCF031.udd" 2802
"C:/Users/User/AppData/Local/UnrealEngine/Common/DerivedDataCache/2/1/9/TEXTURE_E01F4250BECD420DA9CE63B5EECEC2C2_OODLE_DXT1_11_9A60522F4158C096283DB4B__94656F3A3B612F7E04F51462711DDAA7711EC21C.udd" 2803
"C:/Users/User/AppData/Local/UnrealEngine/Common/DerivedDataCache/8/9/3/TEXTURE_E01F4250BECD420DA9CE63B5EECEC2C2_OODLE_DXT1_11_FC427DD64B6E4D53C6A93FB__836CB3D4839CB6A904C2D48EFBDF86425B3212DD.udd" 2804
"C:/Users/User/AppData/Local/UnrealEngine/Common/DerivedDataCache/4/0/8/TEXTURE_E01F4250BECD420DA9CE63B5EECEC2C2_OODLE_AUTODXT_11_A161095D4D967D58347C__3EB734E27BA2464907D267A87AF865EF60B82C9E.udd" 2805
"C:/Users/User/AppData/Local/UnrealEngine/Common/DerivedDataCache/6/5/9/TEXTURE_E01F4250BECD420DA9CE63B5EECEC2C2_OODLE_DXT1_11_FC427DD64B6E4D53C6A93FB__C9404A71845B3D96F8843AC5A3DA2BE130B35FD3.udd" 2806
"C:/Users/User/AppData/Local/UnrealEngine/Common/DerivedDataCache/6/4/1/TEXTURE_E01F4250BECD420DA9CE63B5EECEC2C2_OODLE_DXT1_11_9A60522F4158C096283DB4B__0E812C2A74F37674974825E94664C34497A5B403.udd" 2807
"C:/Users/User/AppData/Local/UnrealEngine/Common/DerivedDataCache/4/6/8/TEXTURE_E01F4250BECD420DA9CE63B5EECEC2C2_OODLE_DXT1_11_9A60522F4158C096283DB4B__163FE153B5A6BFA24F26BA1387920ABEEF3858AF.udd" 2808
"C:/Users/User/AppData/Local/UnrealEngine/Common/DerivedDataCache/3/3/5/TEXTURE_E01F4250BECD420DA9CE63B5EECEC2C2_OODLE_AUTODXT_11_A161095D4D967D58347C__EF6821AB4F527C5D71D17F12B3BC788AE741E236.udd" 2809
"C:/Users/User/AppData/Local/UnrealEngine/Common/DerivedDataCache/3/2/4/TEXTURE_E01F4250BECD420DA9CE63B5EECEC2C2_OODLE_AUTODXT_11_A161095D4D967D58347C__A534DED7EA1BB215E63C03DC77902F36CDEBEA47.udd" 2810
"C:/Users/User/AppData/Local/UnrealEngine/Common/DerivedDataCache/7/9/4/TEXTURE_E01F4250BECD420DA9CE63B5EECEC2C2_OODLE_AUTODXT_11_A161095D4D967D58347C__733B2C61E2B87A7AA23D89E988774022FF1B8CCA.udd" 2811
"C:/Users/User/AppData/Local/UnrealEngine/Common/DerivedDataCache/6/9/2/TEXTURE_E01F4250BECD420DA9CE63B5EECEC2C2_BGRA8_3A7A82C342D0963C11FD98803FF5627__2E1B8D044BD880D53569407ABAD40C7B6A592000.udd" 2812
"C:/Users/User/AppData/Local/UnrealEngine/Common/DerivedDataCache/8/3/7/TEXTURE_E01F4250BECD420DA9CE63B5EECEC2C2_OODLE_DXT1_11_9A60522F4158C096283DB4B__B05613D575F7A02AC7816D89695DDECD2D612CF9.udd" 2813
"C:/Users/User/AppData/Local/UnrealEngine/Common/DerivedDataCache/7/3/6/TEXTURE_E01F4250BECD420DA9CE63B5EECEC2C2_G8_AA8C115A420DD83DA2BF6BB5DC2BEC02_0__D673AC6B5E1363CABF07F72EF968004FE34CDCD1.udd" 2814
"C:/Users/User/AppData/Local/UnrealEngine/Common/DerivedDataCache/0/9/7/TEXTURE_E01F4250BECD420DA9CE63B5EECEC2C2_G8_02F6E2EA4CA18847386252A6445C88D1_0__D9ABD4C70F43BF9C95EB13686D3685310E298CD3.udd" 2815
"C:/Users/User/AppData/Local/UnrealEngine/Common/DerivedDataCache/3/8/0/TEXTURE_E01F4250BECD420DA9CE63B5EECEC2C2_G8_AA8C115A420DD83DA2BF6BB5DC2BEC02_0__7323D5A02C1490EAC6847BD2166FE34493224FBD.udd" 2816
"C:/Users/User/AppData/Local/UnrealEngine/Common/DerivedDataCache/4/6/2/TEXTURE_E01F4250BECD420DA9CE63B5EECEC2C2_G8_AA8C115A420DD83DA2BF6BB5DC2BEC02_0__D85500E99B89EE27BA4A1F9BF9DF5C08B297F5D5.udd" 2817
"C:/Users/User/AppData/Local/UnrealEngine/Common/DerivedDataCache/1/6/8/TEXTURE_E01F4250BECD420DA9CE63B5EECEC2C2_G8_AA8C115A420DD83DA2BF6BB5DC2BEC02_0__2A7EAE17FA374BED0D880B125E3184360CB679F9.udd" 2818
"C:/Users/User/AppData/Local/UnrealEngine/Common/DerivedDataCache/5/8/1/TEXTURE_E01F4250BECD420DA9CE63B5EECEC2C2_G8_AA8C115A420DD83DA2BF6BB5DC2BEC02_0__B189FDD43AA0414B8AAC0A4C10CCE8D875D31778.udd" 2819
"C:/Users/User/AppData/Local/UnrealEngine/Common/DerivedDataCache/1/4/5/TEXTURE_E01F4250BECD420DA9CE63B5EECEC2C2_G8_38CFCF3241BF3A63371819961D3D643C_0__A7387CB83662CFA6DA560CF5474462A180294864.udd" 2820
"C:/Users/User/AppData/Local/UnrealEngine/Common/DerivedDataCache/8/9/0/TEXTURE_E01F4250BECD420DA9CE63B5EECEC2C2_G8_38CFCF3241BF3A63371819961D3D643C_0__D38977FF48E9C737D6D7D8364AF659E7EE02EB79.udd" 2821
"C:/Users/User/AppData/Local/UnrealEngine/Common/DerivedDataCache/3/0/0/TEXTURE_E01F4250BECD420DA9CE63B5EECEC2C2_G8_38CFCF3241BF3A63371819961D3D643C_0__9A8C7B67D1B4042A43E9A308C4EFFEDC19D3ADD1.udd" 2822
"C:/Users/User/AppData/Local/UnrealEngine/Common/DerivedDataCache/6/5/2/TEXTURE_E01F4250BECD420DA9CE63B5EECEC2C2_G8_38CFCF3241BF3A63371819961D3D643C_0__31CE9D14DCF7E8E17118C710EB86C689179254AE.udd" 2823
"C:/Users/User/AppData/Local/UnrealEngine/Common/DerivedDataCache/4/2/6/TEXTURE_E01F4250BECD420DA9CE63B5EECEC2C2_G8_2B502A674966FA4038BDB2B113344DD5_0__D3F6B115D6F52CBFB5EFEA50335EA617A340ED0C.udd" 2824
"C:/Users/User/AppData/Local/UnrealEngine/Common/DerivedDataCache/1/7/4/TEXTURE_E01F4250BECD420DA9CE63B5EECEC2C2_G8_38CFCF3241BF3A63371819961D3D643C_0__D1AED8A7DC61C645B52D52233418C3FF95F9D18C.udd" 2825
"C:/Users/User/AppData/Local/UnrealEngine/Common/DerivedDataCache/3/2/0/TEXTURE_E01F4250BECD420DA9CE63B5EECEC2C2_OODLE_AUTODXT_11_060BD2684006B2818498__8733A345FAB7FE882716F17482F202A29BD2C729.udd" 2826
"C:/Users/User/AppData/Local/UnrealEngine/Common/DerivedDataCache/2/1/5/TEXTURE_E01F4250BECD420DA9CE63B5EECEC2C2_G8_2B502A674966FA4038BDB2B113344DD5_0__84D853AEB0B07E2D2B6BE10477DE5D9178A2D8D0.udd" 2827
"C:/Users/User/AppData/Local/UnrealEngine/Common/DerivedDataCache/2/5/6/TEXTURE_E01F4250BECD420DA9CE63B5EECEC2C2_G8_2B502A674966FA4038BDB2B113344DD5_0__25C4E60681FB72AE70E76B63AA8D6879EAEF9300.udd" 2828
"C:/Users/User/AppData/Local/UnrealEngine/Common/DerivedDataCache/4/3/4/TEXTURE_E01F4250BECD420DA9CE63B5EECEC2C2_G8_2B502A674966FA4038BDB2B113344DD5_0__98DE235B11CAF6910972E9C5E08271D6CCB9CCB1.udd" 2829
"C:/Users/User/AppData/Local/UnrealEngine/Common/DerivedDataCache/3/0/5/TEXTURE_E01F4250BECD420DA9CE63B5EECEC2C2_G8_2B502A674966FA4038BDB2B113344DD5_0__F1440E0E3B4D6C029268B5A3B1FA077BD50243D6.udd" 2830
"C:/Users/User/AppData/Local/UnrealEngine/Common/DerivedDataCache/4/7/3/TEXTURE_E01F4250BECD420DA9CE63B5EECEC2C2_OODLE_AUTODXT_11_848C71064E08722723B0__2C210683EA2B7E4982EA7DFDA64CEA37F77C556A.udd" 2831
"C:/Users/User/AppData/Local/UnrealEngine/Common/DerivedDataCache/6/3/2/TEXTURE_E01F4250BECD420DA9CE63B5EECEC2C2_OODLE_AUTODXT_11_060BD2684006B2818498__EBC9B5828A47E3A4D7A13746D94FCD41BB4A9C85.udd" 2832
"C:/Users/User/AppData/Local/UnrealEngine/Common/DerivedDataCache/3/1/0/TEXTURE_E01F4250BECD420DA9CE63B5EECEC2C2_OODLE_AUTODXT_11_060BD2684006B2818498__024F8323018EE36E0EAADA9533094E0473F8E45D.udd" 2833
"C:/Users/User/AppData/Local/UnrealEngine/Common/DerivedDataCache/7/0/9/TEXTURE_E01F4250BECD420DA9CE63B5EECEC2C2_OODLE_AUTODXT_11_060BD2684006B2818498__EDD68ED9DB3AED6B5565B6A957B5BA013D5EEF1F.udd" 2834
"C:/Users/User/AppData/Local/UnrealEngine/Common/DerivedDataCache/0/0/9/TEXTURE_E01F4250BECD420DA9CE63B5EECEC2C2_OODLE_AUTODXT_11_060BD2684006B2818498__0371ED2E578E033F42C21C1D9285E954EACF3211.udd" 2835
"C:/Users/User/AppData/Local/UnrealEngine/Common/DerivedDataCache/0/8/6/TEXTURE_E01F4250BECD420DA9CE63B5EECEC2C2_OODLE_AUTODXT_11_B11BB85B44C3F1F58F9D__507F6BB5A6FAEB99B5C0D9F40CA5F7D0A440E1E0.udd" 2836
"C:/Users/User/AppData/Local/UnrealEngine/Common/DerivedDataCache/1/1/8/TEXTURE_E01F4250BECD420DA9CE63B5EECEC2C2_OODLE_AUTODXT_11_848C71064E08722723B0__E465B1C03B36A65D89A3397972AEA9224797DA3F.udd" 2837
"C:/Users/User/AppData/Local/UnrealEngine/Common/DerivedDataCache/5/2/2/TEXTURE_E01F4250BECD420DA9CE63B5EECEC2C2_OODLE_AUTODXT_11_848C71064E08722723B0__CAB31135235F39B4AD6ED0302DCF698CCFA63826.udd" 2838
"C:/Users/User/AppData/Local/UnrealEngine/Common/DerivedDataCache/6/4/1/TEXTURE_E01F4250BECD420DA9CE63B5EECEC2C2_OODLE_AUTODXT_11_848C71064E08722723B0__9CD1C85B8ADDDF85BC8AFA2DE22D5227A47D2025.udd" 2839
"C:/Users/User/AppData/Local/UnrealEngine/Common/DerivedDataCache/6/1/7/TEXTURE_E01F4250BECD420DA9CE63B5EECEC2C2_OODLE_AUTODXT_11_848C71064E08722723B0__2794B9C0B8B54F598DE1A68F0857EDBDF4E7AD62.udd" 2840
"C:/Users/User/AppData/Local/UnrealEngine/Common/DerivedDataCache/4/3/5/TEXTURE_E01F4250BECD420DA9CE63B5EECEC2C2_OODLE_AUTODXT_11_B11BB85B44C3F1F58F9D__FFA07F548DE71FFCE6A41C224035A91D20E4466D.udd" 2841
"C:/Users/User/AppData/Local/UnrealEngine/Common/DerivedDataCache/7/5/4/TEXTURE_E01F4250BECD420DA9CE63B5EECEC2C2_OODLE_AUTODXT_11_B11BB85B44C3F1F58F9D__547AC29F35F5C440C5FFF5E268CDA9FC56B40E55.udd" 2842
"C:/Users/User/AppData/Local/UnrealEngine/Common/DerivedDataCache/0/3/8/TEXTURE_E01F4250BECD420DA9CE63B5EECEC2C2_OODLE_AUTODXT_11_B11BB85B44C3F1F58F9D__925B2B8D4DBBC9488E0C351E3C18BFB40CB7E427.udd" 2843
"C:/Users/User/AppData/Local/UnrealEngine/Common/DerivedDataCache/2/5/7/TEXTURE_E01F4250BECD420DA9CE63B5EECEC2C2_OODLE_AUTODXT_11_AED59B0A495B615985BE__DF58291F7E58F088D22DB306C094A9344D75F9E9.udd" 2844
"C:/Users/User/AppData/Local/UnrealEngine/Common/DerivedDataCache/0/1/9/TEXTURE_E01F4250BECD420DA9CE63B5EECEC2C2_OODLE_AUTODXT_11_A5AB270D456768521EA7__E2EF270EA23F553DE12A55B3BBAE7E2512E7C444.udd" 2845
"C:/Users/User/AppData/Local/UnrealEngine/Common/DerivedDataCache/6/3/3/TEXTURE_E01F4250BECD420DA9CE63B5EECEC2C2_OODLE_AUTODXT_11_B11BB85B44C3F1F58F9D__AA9FC0661A9073AD50F5A01B2128C243F2E88223.udd" 2846
"C:/Users/User/AppData/Local/UnrealEngine/Common/DerivedDataCache/8/2/7/TEXTURE_E01F4250BECD420DA9CE63B5EECEC2C2_OODLE_AUTODXT_11_A2F0D5AC438AD351F49A__5373B1C782409D4E595973C0058F6369E92636A1.udd" 2847
"C:/Users/User/AppData/Local/UnrealEngine/Common/DerivedDataCache/9/9/4/TEXTURE_E01F4250BECD420DA9CE63B5EECEC2C2_OODLE_AUTODXT_11_FC288BB549A89DC5879C__5DE39A6E00DC87447A629860E05EB95DC23D2A74.udd" 2848
"C:/Users/User/AppData/Local/UnrealEngine/Common/DerivedDataCache/1/0/8/TEXTURE_E01F4250BECD420DA9CE63B5EECEC2C2_OODLE_AUTODXT_11_A5AB270D456768521EA7__53423B7F777932A0175445E1155AABCD4103D847.udd" 2849
"C:/Users/User/AppData/Local/UnrealEngine/Common/DerivedDataCache/6/6/9/TEXTURE_E01F4250BECD420DA9CE63B5EECEC2C2_OODLE_AUTODXT_11_A5AB270D456768521EA7__5795F33D0DCE1A6469D06095988D7AF3D0A8E248.udd" 2850
"C:/Users/User/AppData/Local/UnrealEngine/Common/DerivedDataCache/1/9/5/TEXTURE_E01F4250BECD420DA9CE63B5EECEC2C2_OODLE_AUTODXT_11_A5AB270D456768521EA7__A55BA621B9AD2BEC4089F058F8D6EE9992358B33.udd" 2851
"C:/Users/User/AppData/Local/UnrealEngine/Common/DerivedDataCache/1/5/8/TEXTURE_E01F4250BECD420DA9CE63B5EECEC2C2_OODLE_AUTODXT_11_A5AB270D456768521EA7__249AB4E9A207C98652F72E3F8045B6420E01C6ED.udd" 2852
"C:/Users/User/AppData/Local/UnrealEngine/Common/DerivedDataCache/4/6/1/TEXTURE_E01F4250BECD420DA9CE63B5EECEC2C2_OODLE_AUTODXT_11_91C3DF9F41DE4A74300C__8B332EB52B79484533433F2F0598368292230EBE.udd" 2853
"C:/Users/User/AppData/Local/UnrealEngine/Common/DerivedDataCache/5/6/9/TEXTURE_E01F4250BECD420DA9CE63B5EECEC2C2_OODLE_AUTODXT_11_FC288BB549A89DC5879C__A096C04B265A6539274C28501B704C181285EE6A.udd" 2854
"C:/Users/User/AppData/Local/UnrealEngine/Common/DerivedDataCache/9/2/0/TEXTURE_E01F4250BECD420DA9CE63B5EECEC2C2_OODLE_AUTODXT_11_FC288BB549A89DC5879C__FB924CF33DA48EA44FA7F72E9716C0A1A8DE1CE2.udd" 2855
"C:/Users/User/AppData/Local/UnrealEngine/Common/DerivedDataCache/9/4/3/TEXTURE_E01F4250BECD420DA9CE63B5EECEC2C2_OODLE_AUTODXT_11_FC288BB549A89DC5879C__981FCF9E5E175002E1B357D4C45015B8CF2F1F45.udd" 2856
"C:/Users/User/AppData/Local/UnrealEngine/Common/DerivedDataCache/0/4/4/TEXTURE_E01F4250BECD420DA9CE63B5EECEC2C2_OODLE_AUTODXT_11_FC288BB549A89DC5879C__FFEE92BE974706C6E612281907B394EAF3A69EEB.udd" 2857
"C:/Users/User/AppData/Local/UnrealEngine/Common/DerivedDataCache/4/7/8/TEXTURE_E01F4250BECD420DA9CE63B5EECEC2C2_OODLE_AUTODXT_11_BB63F14D4FBF4B51C0B4__86A651C42EF0528E39A66699BD43D832DE5A7CD1.udd" 2858
"C:/Users/User/AppData/Local/UnrealEngine/Common/DerivedDataCache/9/5/4/TEXTURE_E01F4250BECD420DA9CE63B5EECEC2C2_OODLE_AUTODXT_11_91C3DF9F41DE4A74300C__896883C6DE2A77E1B1672218C1B694D92F6B0A51.udd" 2859
"C:/Users/User/AppData/Local/UnrealEngine/Common/DerivedDataCache/8/9/8/TEXTURE_E01F4250BECD420DA9CE63B5EECEC2C2_OODLE_AUTODXT_11_91C3DF9F41DE4A74300C__429DB1C3673E79BE3A82E5101BC3495C0662DD3F.udd" 2860
"C:/Users/User/AppData/Local/UnrealEngine/Common/DerivedDataCache/8/8/2/TEXTURE_E01F4250BECD420DA9CE63B5EECEC2C2_OODLE_AUTODXT_11_91C3DF9F41DE4A74300C__4B2E5500ED836568709F6F47FD56D2CD2FC2B899.udd" 2861
"C:/Users/User/AppData/Local/UnrealEngine/Common/DerivedDataCache/1/9/8/TEXTURE_E01F4250BECD420DA9CE63B5EECEC2C2_OODLE_AUTODXT_11_91C3DF9F41DE4A74300C__E5BBB56CC34A109F621690951D0F510DE2F42766.udd" 2862
"C:/Users/User/AppData/Local/UnrealEngine/Common/DerivedDataCache/6/5/7/MATSM_0BA69734E4FD45E082FA4560DBE25454_PCD3D_SM5_8__BC5N_NOCCBN_NOIRIS_DEV_SL___ECAE822E16E14710EF40FBDA08AC7532503B074B.udd" 2863
"C:/Users/User/AppData/Local/UnrealEngine/Common/DerivedDataCache/6/0/4/MATSM_0BA69734E4FD45E082FA4560DBE25454_PCD3D_SM5_8__BC5N_NOCCBN_NOIRIS_DEV_SL___970D1844FEFBE788C8162592C12DE1109315EA5B.udd" 2864
"C:/Users/User/AppData/Local/UnrealEngine/Common/DerivedDataCache/0/6/1/MATSM_0BA69734E4FD45E082FA4560DBE25454_PCD3D_SM5_8__BC5N_NOCCBN_NOIRIS_DEV_SL___67FF8A9D20CB38C051AD1CB3A997B09A852E70DE.udd" 2865
"C:/Users/User/AppData/Local/UnrealEngine/Common/DerivedDataCache/5/7/9/MATSM_0BA69734E4FD45E082FA4560DBE25454_PCD3D_SM5_8__BC5N_NOCCBN_NOIRIS_DEV_SL___92F5544387ED840C79F43E80B1C30D1B580DE52E.udd" 2866
"C:/Users/User/AppData/Local/UnrealEngine/Common/DerivedDataCache/6/1/3/MATSM_0BA69734E4FD45E082FA4560DBE25454_PCD3D_SM5_8__BC5N_NOCCBN_NOIRIS_DEV_SL___5F37D9805DE56B99CE242CDC13CF84750B369EE6.udd" 2867
"D:/2new/Unauticna test/game-unauticna/Unreal Code/UnauticnaCastle/Content/res/NewBlueprint.uasset" 2868
"D:/2new/Unauticna test/game-unauticna/Unreal Code/UnauticnaCastle/Content/ThirdPersonBP/Blueprints/MaterialSphere.uasset" 2869
"D:/2new/Unauticna test/game-unauticna/Unreal Code/UnauticnaCastle/Content/StarterContent/Shapes/Shape_QuadPyramid.uasset" 2870
"D:/2new/Unauticna test/game-unauticna/Unreal Code/UnauticnaCastle/Content/StarterContent/Props/SM_PillarFrame.uasset" 2871
"D:/2new/Unauticna test/game-unauticna/Unreal Code/UnauticnaCastle/Content/StarterContent/Shapes/Shape_Sphere.uasset" 2872
"D:/2new/Unauticna test/game-unauticna/Unreal Code/UnauticnaCastle/Content/StarterContent/Materials/M_Glass.uasset" 2873
"D:/2new/Unauticna test/game-unauticna/Unreal Code/UnauticnaCastle/Content/StarterContent/Props/SM_WindowFrame.uasset" 2874
"D:/2new/Unauticna test/game-unauticna/Unreal Code/UnauticnaCastle/Content/StarterContent/Props/SM_PillarFrame300.uasset" 2875
"D:/2new/Unauticna test/game-unauticna/Unreal Code/UnauticnaCastle/Content/StarterContent/Props/SM_GlassWindow.uasset" 2876
"D:/2new/Unauticna test/game-unauticna/Unreal Code/UnauticnaCastle/Content/StarterContent/Props/SM_DoorFrame.uasset" 2877
"D:/2new/Unauticna test/game-unauticna/Unreal Code/UnauticnaCastle/Content/StarterContent/Textures/T_Dust_Particle_D.uasset" 2878
"D:/2new/Unauticna test/game-unauticna/Unreal Code/UnauticnaCastle/Content/StarterContent/Particles/Materials/M_Dust_Particle.uasset" 2879
"D:/2new/Unauticna test/game-unauticna/Unreal Code/UnauticnaCastle/Content/StarterContent/Particles/P_Ambient_Dust.uasset" 2880
"D:/2new/Unauticna test/game-unauticna/Unreal Code/UnauticnaCastle/Content/StarterContent/Textures/T_Wood_Walnut_N.uasset" 2881
"D:/2new/Unauticna test/game-unauticna/Unreal Code/UnauticnaCastle/Content/StarterContent/Textures/T_Wood_Walnut_D.uasset" 2882
"../../../../../../2new/Unauticna test/game-unauticna/Unreal Code/UnauticnaCastle/Content/ThirdPersonBP/Maps/ThirdPersonExampleMap.umap" 2883
"C:/Users/User/AppData/Local/UnrealEngine/Common/DerivedDataCache/1/1/9/PHYSX_A08609EF508D460CBB6710540B03AACF_PHYSXPC_2A1AA56645FCEB5FD979A895600DDC33__1_0_0_0_2_13315_0.udd" 2884
"C:/Users/User/AppData/Local/UnrealEngine/Common/DerivedDataCache/8/2/0/PHYSX_A08609EF508D460CBB6710540B03AACF_PHYSXPC_9905E6634712C012192E8893EF14F363__1_0_0_0_2_13315_0.udd" 2885
"D:/2new/Unauticna test/game-unauticna/Unreal Code/UnauticnaCastle/Content/StarterContent/Materials/M_Wood_Walnut.uasset" 2886
"D:/2new/Unauticna test/game-unauticna/Unreal Code/UnauticnaCastle/Content/StarterContent/Textures/T_Wood_Pine_N.uasset" 2887
"C:/Users/User/AppData/Local/UnrealEngine/Common/DerivedDataCache/2/4/4/STATICMESH_9CE2B6FB46754B699726C4AA1515F12E_228332BAE0224DD294E232B87D83948FQU__EBD2C64AB26AC3C33ACDDF0C6DB4A953D476998D.udd" 2888
"C:/Users/User/AppData/Local/UnrealEngine/Common/DerivedDataCache/4/3/6/PHYSX_A08609EF508D460CBB6710540B03AACF_PHYSXPC_CC1ABFA347532F9212CB2CB951792B8__72A5BAA16E53F016C62E2D50B608A1916E7C3897.udd" 2889
"C:/Users/User/AppData/Local/UnrealEngine/Common/DerivedDataCache/4/0/9/NAVCOLLISION_2983273BE5D6425391E8C0B3D1C0A55D_NAVCOLLISION_X_CC1ABFA347532F921__003E9E0EDD5D4C8F919F0CAC5231292706D1929D.udd" 2890
"D:/2new/Unauticna test/game-unauticna/Unreal Code/UnauticnaCastle/Content/StarterContent/Textures/T_Wood_Pine_D.uasset" 2891
"D:/2new/Unauticna test/game-unauticna/Unreal Code/UnauticnaCastle/Content/StarterContent/Materials/M_Wood_Pine.uasset" 2892
"D:/2new/Unauticna test/game-unauticna/Unreal Code/UnauticnaCastle/Content/StarterContent/Textures/T_Wood_Floor_Walnut_N.uasset" 2893
"D:/2new/Unauticna test/game-unauticna/Unreal Code/UnauticnaCastle/Content/StarterContent/Textures/T_Wood_Floor_Walnut_M.uasset" 2894
"D:/2new/Unauticna test/game-unauticna/Unreal Code/UnauticnaCastle/Content/StarterContent/Textures/T_Wood_Floor_Walnut_D.uasset" 2895
"../../../Engine/Content/Functions/Engine_MaterialFunctions01/Opacity/AlphaOffset.uasset" 2896
"D:/2new/Unauticna test/game-unauticna/Unreal Code/UnauticnaCastle/Content/StarterContent/Materials/M_Wood_Floor_Walnut_Worn.uasset" 2897
"D:/2new/Unauticna test/game-unauticna/Unreal Code/UnauticnaCastle/Content/StarterContent/Materials/M_Wood_Floor_Walnut_Polished.uasset" 2898
"D:/2new/Unauticna test/game-unauticna/Unreal Code/UnauticnaCastle/Content/StarterContent/Textures/T_Water_M.uasset" 2899
"D:/2new/Unauticna test/game-unauticna/Unreal Code/UnauticnaCastle/Content/StarterContent/Textures/T_Water_N.uasset" 2900
"D:/2new/Unauticna test/game-unauticna/Unreal Code/UnauticnaCastle/Content/StarterContent/Materials/M_Water_Ocean.uasset" 2901
"D:/2new/Unauticna test/game-unauticna/Unreal Code/UnauticnaCastle/Content/StarterContent/Materials/M_Water_Lake.uasset" 2902
"D:/2new/Unauticna test/game-unauticna/Unreal Code/UnauticnaCastle/Content/StarterContent/Textures/T_Tech_Panel_N.uasset" 2903
"D:/2new/Unauticna test/game-unauticna/Unreal Code/UnauticnaCastle/Content/StarterContent/Textures/T_Tech_Panel_M.uasset" 2904
"D:/2new/Unauticna test/game-unauticna/Unreal Code/UnauticnaCastle/Content/StarterContent/Textures/T_Metal_Steel_D.uasset" 2905
"D:/2new/Unauticna test/game-unauticna/Unreal Code/UnauticnaCastle/Content/StarterContent/Materials/M_Tech_Panel.uasset" 2906
"D:/2new/Unauticna test/game-unauticna/Unreal Code/UnauticnaCastle/Content/StarterContent/Textures/T_Tech_Hex_Tile_N.uasset" 2907
"D:/2new/Unauticna test/game-unauticna/Unreal Code/UnauticnaCastle/Content/StarterContent/Textures/T_Tech_Hex_Tile_M.uasset" 2908
"D:/2new/Unauticna test/game-unauticna/Unreal Code/UnauticnaCastle/Content/StarterContent/Materials/M_Tech_Hex_Tile_Pulse.uasset" 2909
"D:/2new/Unauticna test/game-unauticna/Unreal Code/UnauticnaCastle/Content/StarterContent/Materials/M_Tech_Hex_Tile.uasset" 2910
"D:/2new/Unauticna test/game-unauticna/Unreal Code/UnauticnaCastle/Content/StarterContent/Textures/T_Tech_Dot_N.uasset" 2911
"D:/2new/Unauticna test/game-unauticna/Unreal Code/UnauticnaCastle/Content/StarterContent/Textures/T_Tech_Dot_M.uasset" 2912
"D:/2new/Unauticna test/game-unauticna/Unreal Code/UnauticnaCastle/Content/StarterContent/Textures/T_Single_Tile_N.uasset" 2913
"D:/2new/Unauticna test/game-unauticna/Unreal Code/UnauticnaCastle/Content/StarterContent/Textures/T_Checker_Noise_M.uasset" 2914
"D:/2new/Unauticna test/game-unauticna/Unreal Code/UnauticnaCastle/Content/StarterContent/Materials/M_Tech_Checker_Dot.uasset" 2915
"D:/2new/Unauticna test/game-unauticna/Unreal Code/UnauticnaCastle/Content/StarterContent/Textures/T_Rock_Slate_N.uasset" 2916
"D:/2new/Unauticna test/game-unauticna/Unreal Code/UnauticnaCastle/Content/StarterContent/Textures/T_Rock_Slate_D.uasset" 2917
"D:/2new/Unauticna test/game-unauticna/Unreal Code/UnauticnaCastle/Content/StarterContent/Materials/M_Rock_Slate.uasset" 2918
"D:/2new/Unauticna test/game-unauticna/Unreal Code/UnauticnaCastle/Content/StarterContent/Textures/T_Rock_Sandstone_N.uasset" 2919
"D:/2new/Unauticna test/game-unauticna/Unreal Code/UnauticnaCastle/Content/StarterContent/Textures/T_Rock_Sandstone_D.uasset" 2920
"D:/2new/Unauticna test/game-unauticna/Unreal Code/UnauticnaCastle/Content/StarterContent/Materials/M_Rock_Sandstone.uasset" 2921
"D:/2new/Unauticna test/game-unauticna/Unreal Code/UnauticnaCastle/Content/StarterContent/Textures/T_Metal_Gold_N.uasset" 2922
"D:/2new/Unauticna test/game-unauticna/Unreal Code/UnauticnaCastle/Content/StarterContent/Textures/T_Rock_Marble_Polished_D.uasset" 2923
"D:/2new/Unauticna test/game-unauticna/Unreal Code/UnauticnaCastle/Content/StarterContent/Materials/M_Rock_Marble_Polished.uasset" 2924
"D:/2new/Unauticna test/game-unauticna/Unreal Code/UnauticnaCastle/Content/StarterContent/Textures/T_Rock_Basalt_N.uasset" 2925
"D:/2new/Unauticna test/game-unauticna/Unreal Code/UnauticnaCastle/Content/StarterContent/Materials/M_Rock_Basalt.uasset" 2926
"D:/2new/Unauticna test/game-unauticna/Unreal Code/UnauticnaCastle/Content/StarterContent/Textures/T_Metal_Steel_N.uasset" 2927
"D:/2new/Unauticna test/game-unauticna/Unreal Code/UnauticnaCastle/Content/StarterContent/Materials/M_Metal_Steel.uasset" 2928
"D:/2new/Unauticna test/game-unauticna/Unreal Code/UnauticnaCastle/Content/StarterContent/Textures/T_Metal_Rust_D.uasset" 2929
"D:/2new/Unauticna test/game-unauticna/Unreal Code/UnauticnaCastle/Content/StarterContent/Textures/T_Metal_Rust_N.uasset" 2930
"D:/2new/Unauticna test/game-unauticna/Unreal Code/UnauticnaCastle/Content/StarterContent/Materials/M_Metal_Rust.uasset" 2931
"D:/2new/Unauticna test/game-unauticna/Unreal Code/UnauticnaCastle/Content/StarterContent/Textures/T_Metal_Gold_D.uasset" 2932
"D:/2new/Unauticna test/game-unauticna/Unreal Code/UnauticnaCastle/Content/StarterContent/Materials/M_Metal_Gold.uasset" 2933
"D:/2new/Unauticna test/game-unauticna/Unreal Code/UnauticnaCastle/Content/StarterContent/Materials/M_Metal_Chrome.uasset" 2934
"D:/2new/Unauticna test/game-unauticna/Unreal Code/UnauticnaCastle/Content/StarterContent/Textures/T_Ground_Moss_N.uasset" 2935
"D:/2new/Unauticna test/game-unauticna/Unreal Code/UnauticnaCastle/Content/StarterContent/Textures/T_ground_Moss_D.uasset" 2936
"D:/2new/Unauticna test/game-unauticna/Unreal Code/UnauticnaCastle/Content/StarterContent/Materials/M_Ground_Moss.uasset" 2937
"D:/2new/Unauticna test/game-unauticna/Unreal Code/UnauticnaCastle/Content/StarterContent/Textures/T_Ground_Gravel_N.uasset" 2938
"D:/2new/Unauticna test/game-unauticna/Unreal Code/UnauticnaCastle/Content/StarterContent/Textures/T_Ground_Gravel_D.uasset" 2939
"D:/2new/Unauticna test/game-unauticna/Unreal Code/UnauticnaCastle/Content/StarterContent/Materials/M_Ground_Gravel.uasset" 2940
"D:/2new/Unauticna test/game-unauticna/Unreal Code/UnauticnaCastle/Content/StarterContent/Textures/T_Concrete_Tiles_Variation_M.uasset" 2941
"D:/2new/Unauticna test/game-unauticna/Unreal Code/UnauticnaCastle/Content/StarterContent/Textures/T_Concrete_Tiles_N.uasset" 2942
"D:/2new/Unauticna test/game-unauticna/Unreal Code/UnauticnaCastle/Content/StarterContent/Textures/T_Concrete_Tiles_M.uasset" 2943
"D:/2new/Unauticna test/game-unauticna/Unreal Code/UnauticnaCastle/Content/StarterContent/Textures/T_Concrete_Tiles_D.uasset" 2944
"D:/2new/Unauticna test/game-unauticna/Unreal Code/UnauticnaCastle/Content/StarterContent/Materials/M_Concrete_Tiles.uasset" 2945
"D:/2new/Unauticna test/game-unauticna/Unreal Code/UnauticnaCastle/Content/StarterContent/Textures/T_Concrete_Poured_N.uasset" 2946
"D:/2new/Unauticna test/game-unauticna/Unreal Code/UnauticnaCastle/Content/StarterContent/Textures/T_Concrete_Poured_D.uasset" 2947
"D:/2new/Unauticna test/game-unauticna/Unreal Code/UnauticnaCastle/Content/StarterContent/Materials/M_Concrete_Poured.uasset" 2948
"D:/2new/Unauticna test/game-unauticna/Unreal Code/UnauticnaCastle/Content/StarterContent/Textures/T_Concrete_Panels_N.uasset" 2949
"D:/2new/Unauticna test/game-unauticna/Unreal Code/UnauticnaCastle/Content/StarterContent/Textures/T_Concrete_Panels_D.uasset" 2950
"D:/2new/Unauticna test/game-unauticna/Unreal Code/UnauticnaCastle/Content/StarterContent/Materials/M_Concrete_Panels.uasset" 2951
"D:/2new/Unauticna test/game-unauticna/Unreal Code/UnauticnaCastle/Content/StarterContent/Textures/T_Concrete_Grime_D.uasset" 2952
"D:/2new/Unauticna test/game-unauticna/Unreal Code/UnauticnaCastle/Content/StarterContent/Materials/M_Concrete_Grime.uasset" 2953
"D:/2new/Unauticna test/game-unauticna/Unreal Code/UnauticnaCastle/Content/StarterContent/Textures/T_CobbleStone_Smooth_N.uasset" 2954
"D:/2new/Unauticna test/game-unauticna/Unreal Code/UnauticnaCastle/Content/StarterContent/Textures/T_CobbleStone_Smooth_M.uasset" 2955
"D:/2new/Unauticna test/game-unauticna/Unreal Code/UnauticnaCastle/Content/StarterContent/Textures/T_CobbleStone_Smooth_D.uasset" 2956
"D:/2new/Unauticna test/game-unauticna/Unreal Code/UnauticnaCastle/Content/StarterContent/Textures/T_Rock_Smooth_Granite_D.uasset" 2957
"D:/2new/Unauticna test/game-unauticna/Unreal Code/UnauticnaCastle/Content/StarterContent/Textures/T_Gradinet_01.uasset" 2958
"D:/2new/Unauticna test/game-unauticna/Unreal Code/UnauticnaCastle/Content/StarterContent/Materials/M_CobbleStone_Smooth.uasset" 2959
"D:/2new/Unauticna test/game-unauticna/Unreal Code/UnauticnaCastle/Content/StarterContent/Textures/T_CobbleStone_Rough_N.uasset" 2960
"D:/2new/Unauticna test/game-unauticna/Unreal Code/UnauticnaCastle/Content/StarterContent/Textures/T_CobbleStone_Rough_D.uasset" 2961
"D:/2new/Unauticna test/game-unauticna/Unreal Code/UnauticnaCastle/Content/StarterContent/Materials/M_CobbleStone_Rough.uasset" 2962
"D:/2new/Unauticna test/game-unauticna/Unreal Code/UnauticnaCastle/Content/StarterContent/Textures/T_Ceramic_Tile_N.uasset" 2963
"D:/2new/Unauticna test/game-unauticna/Unreal Code/UnauticnaCastle/Content/StarterContent/Textures/T_Ceramic_Tile_M.uasset" 2964
"D:/2new/Unauticna test/game-unauticna/Unreal Code/UnauticnaCastle/Content/StarterContent/Materials/M_Ceramic_Tile_Checker.uasset" 2965
"D:/2new/Unauticna test/game-unauticna/Unreal Code/UnauticnaCastle/Content/StarterContent/Textures/T_Brick_Hewn_Stone_N.uasset" 2966
"D:/2new/Unauticna test/game-unauticna/Unreal Code/UnauticnaCastle/Content/StarterContent/Textures/T_Brick_Hewn_Stone_M.uasset" 2967
"D:/2new/Unauticna test/game-unauticna/Unreal Code/UnauticnaCastle/Content/StarterContent/Textures/T_Brick_Hewn_Stone_D.uasset" 2968
"D:/2new/Unauticna test/game-unauticna/Unreal Code/UnauticnaCastle/Content/StarterContent/Materials/M_Brick_Hewn_Stone.uasset" 2969
"D:/2new/Unauticna test/game-unauticna/Unreal Code/UnauticnaCastle/Content/StarterContent/Textures/T_Brick_Cut_Stone_N.uasset" 2970
"D:/2new/Unauticna test/game-unauticna/Unreal Code/UnauticnaCastle/Content/StarterContent/Textures/T_Brick_Cut_Stone_D.uasset" 2971
"D:/2new/Unauticna test/game-unauticna/Unreal Code/UnauticnaCastle/Content/StarterContent/Materials/M_Brick_Cut_Stone.uasset" 2972
"D:/2new/Unauticna test/game-unauticna/Unreal Code/UnauticnaCastle/Content/StarterContent/Textures/T_Brick_Clay_Old_N.uasset" 2973
"D:/2new/Unauticna test/game-unauticna/Unreal Code/UnauticnaCastle/Content/StarterContent/Textures/T_Brick_Clay_Old_D.uasset" 2974
"D:/2new/Unauticna test/game-unauticna/Unreal Code/UnauticnaCastle/Content/StarterContent/Materials/M_Brick_Clay_Old.uasset" 2975
"D:/2new/Unauticna test/game-unauticna/Unreal Code/UnauticnaCastle/Content/StarterContent/Textures/T_Brick_Clay_New_N.uasset" 2976
"D:/2new/Unauticna test/game-unauticna/Unreal Code/UnauticnaCastle/Content/StarterContent/Textures/T_Brick_Clay_New_M.uasset" 2977
"D:/2new/Unauticna test/game-unauticna/Unreal Code/UnauticnaCastle/Content/StarterContent/Textures/T_Brick_Clay_New_D.uasset" 2978
"D:/2new/Unauticna test/game-unauticna/Unreal Code/UnauticnaCastle/Content/StarterContent/Materials/M_Brick_Clay_New.uasset" 2979
"D:/2new/Unauticna test/game-unauticna/Unreal Code/UnauticnaCastle/Content/StarterContent/Textures/T_Brick_Clay_Beveled_N.uasset" 2980
"D:/2new/Unauticna test/game-unauticna/Unreal Code/UnauticnaCastle/Content/StarterContent/Textures/T_Brick_Clay_Beveled_M.uasset" 2981
"D:/2new/Unauticna test/game-unauticna/Unreal Code/UnauticnaCastle/Content/StarterContent/Textures/T_Brick_Clay_Beveled_D.uasset" 2982
"D:/2new/Unauticna test/game-unauticna/Unreal Code/UnauticnaCastle/Content/StarterContent/Materials/M_Brick_Clay_Beveled.uasset" 2983
"D:/2new/Unauticna test/game-unauticna/Unreal Code/UnauticnaCastle/Content/StarterContent/Maps/StarterMap_BuiltData.uasset" 2984
"D:/2new/Unauticna test/game-unauticna/Unreal Code/UnauticnaCastle/Content/StarterContent/Textures/T_CobbleStone_Pebble_N.uasset" 2985
"D:/2new/Unauticna test/game-unauticna/Unreal Code/UnauticnaCastle/Content/StarterContent/Textures/T_CobbleStone_Pebble_M.uasset" 2986
"D:/2new/Unauticna test/game-unauticna/Unreal Code/UnauticnaCastle/Content/StarterContent/Textures/T_CobbleStone_Pebble_D.uasset" 2987
"D:/2new/Unauticna test/game-unauticna/Unreal Code/UnauticnaCastle/Content/StarterContent/Materials/M_CobbleStone_Pebble.uasset" 2988
"D:/2new/Unauticna test/game-unauticna/Unreal Code/UnauticnaCastle/Content/StarterContent/Textures/T_Metal_Copper_D.uasset" 2989
"D:/2new/Unauticna test/game-unauticna/Unreal Code/UnauticnaCastle/Content/StarterContent/Materials/M_Metal_Copper.uasset" 2990
"D:/2new/Unauticna test/game-unauticna/Unreal Code/UnauticnaCastle/Content/StarterContent/Textures/T_Metal_Aluminum_D.uasset" 2991
"D:/2new/Unauticna test/game-unauticna/Unreal Code/UnauticnaCastle/Content/StarterContent/Materials/M_Metal_Burnished_Steel.uasset" 2992
"D:/2new/Unauticna test/game-unauticna/Unreal Code/UnauticnaCastle/Content/StarterContent/Materials/M_Metal_Brushed_Nickel.uasset" 2993
"D:/2new/Unauticna test/game-unauticna/Unreal Code/UnauticnaCastle/Content/StarterContent/Textures/T_Smoke_Tiled_D.uasset" 2994
"D:/2new/Unauticna test/game-unauticna/Unreal Code/UnauticnaCastle/Content/StarterContent/Textures/T_Smoke_SubUV.uasset" 2995
"D:/2new/Unauticna test/game-unauticna/Unreal Code/UnauticnaCastle/Content/StarterContent/Particles/Materials/M_smoke_subUV.uasset" 2996
"D:/2new/Unauticna test/game-unauticna/Unreal Code/UnauticnaCastle/Content/StarterContent/Particles/P_Steam_Lit.uasset" 2997
"D:/2new/Unauticna test/game-unauticna/Unreal Code/UnauticnaCastle/Content/StarterContent/Audio/Steam01_Cue.uasset" 2998
"D:/2new/Unauticna test/game-unauticna/Unreal Code/UnauticnaCastle/Content/StarterContent/Blueprints/Blueprint_Effect_Steam.uasset" 2999
"D:/2new/Unauticna test/game-unauticna/Unreal Code/UnauticnaCastle/Content/StarterContent/Textures/T_Spark_Core.uasset" 3000
"D:/2new/Unauticna test/game-unauticna/Unreal Code/UnauticnaCastle/Content/StarterContent/Particles/Materials/M_Spark.uasset" 3001
"../../../Engine/Content/Functions/Engine_MaterialFunctions01/Gradient/RadialGradient.uasset" 3002
"D:/2new/Unauticna test/game-unauticna/Unreal Code/UnauticnaCastle/Content/StarterContent/Particles/Materials/M_Radial_Gradient.uasset" 3003
"D:/2new/Unauticna test/game-unauticna/Unreal Code/UnauticnaCastle/Content/StarterContent/Particles/P_Sparks.uasset" 3004
"D:/2new/Unauticna test/game-unauticna/Unreal Code/UnauticnaCastle/Content/StarterContent/Audio/Fire_Sparks01_Cue.uasset" 3005
"D:/2new/Unauticna test/game-unauticna/Unreal Code/UnauticnaCastle/Content/StarterContent/Blueprints/Blueprint_Effect_Sparks.uasset" 3006
"D:/2new/Unauticna test/game-unauticna/Unreal Code/UnauticnaCastle/Content/StarterContent/Particles/P_Smoke.uasset" 3007
"D:/2new/Unauticna test/game-unauticna/Unreal Code/UnauticnaCastle/Content/StarterContent/Audio/Smoke01_Cue.uasset" 3008
"D:/2new/Unauticna test/game-unauticna/Unreal Code/UnauticnaCastle/Content/StarterContent/Blueprints/Blueprint_Effect_Smoke.uasset" 3009
"D:/2new/Unauticna test/game-unauticna/Unreal Code/UnauticnaCastle/Content/StarterContent/Particles/Materials/M_Heat_Distortion.uasset" 3010
"D:/2new/Unauticna test/game-unauticna/Unreal Code/UnauticnaCastle/Content/StarterContent/Textures/T_Fire_Tiled_D.uasset" 3011
"D:/2new/Unauticna test/game-unauticna/Unreal Code/UnauticnaCastle/Content/StarterContent/Textures/T_Fire_SubUV.uasset" 3012
"D:/2new/Unauticna test/game-unauticna/Unreal Code/UnauticnaCastle/Content/StarterContent/Particles/Materials/M_Fire_SubUV.uasset" 3013
"../../../../../../2new/Unauticna test/game-unauticna/Unreal Code/UnauticnaCastle/Content/StarterContent/Audio/Steam01.uasset" 3014
"D:/2new/Unauticna test/game-unauticna/Unreal Code/UnauticnaCastle/Content/StarterContent/Particles/P_Fire.uasset" 3015
"D:/2new/Unauticna test/game-unauticna/Unreal Code/UnauticnaCastle/Content/StarterContent/Audio/Fire01_Cue.uasset" 3016
"D:/2new/Unauticna test/game-unauticna/Unreal Code/UnauticnaCastle/Content/StarterContent/Blueprints/Blueprint_Effect_Fire.uasset" 3017
"D:/2new/Unauticna test/game-unauticna/Unreal Code/UnauticnaCastle/Content/StarterContent/Audio/Starter_Music_Cue.uasset" 3018
"D:/2new/Unauticna test/game-unauticna/Unreal Code/UnauticnaCastle/Content/StarterContent/Audio/Starter_Background_Cue.uasset" 3019
"D:/2new/Unauticna test/game-unauticna/Unreal Code/UnauticnaCastle/Content/StarterContent/Audio/Collapse_Cue.uasset" 3020
"D:/2new/Unauticna test/game-unauticna/Unreal Code/UnauticnaCastle/Content/StarterContent/Architecture/Wall_Window_400x300.uasset" 3021
"../../../../../../2new/Unauticna test/game-unauticna/Unreal Code/UnauticnaCastle/Content/StarterContent/Audio/Fire_Sparks01.uasset" 3022
"D:/2new/Unauticna test/game-unauticna/Unreal Code/UnauticnaCastle/Content/StarterContent/Architecture/Wall_Door_400x300.uasset" 3023
"D:/2new/Unauticna test/game-unauticna/Unreal Code/UnauticnaCastle/Content/StarterContent/Architecture/Wall_400x200.uasset" 3024
"D:/2new/Unauticna test/game-unauticna/Unreal Code/UnauticnaCastle/Content/StarterContent/Materials/M_Basic_Floor.uasset" 3025
"../../../../../../2new/Unauticna test/game-unauticna/Unreal Code/UnauticnaCastle/Content/StarterContent/Audio/Smoke01.uasset" 3026
"D:/2new/Unauticna test/game-unauticna/Unreal Code/UnauticnaCastle/Content/StarterContent/Architecture/Floor_400x400.uasset" 3027
"../../../Engine/Content/Functions/Engine_MaterialFunctions03/Procedurals/ComputeFilterWidth.uasset" 3028
"../../../Engine/Content/EngineMaterials/AntiAliasedTextMaterialTranslucent.uasset" 3029
"D:/2new/Unauticna test/game-unauticna/Unreal Code/UnauticnaCastle/Content/StarterContent/Maps/StarterMap.umap" 3030
"../../../../../../2new/Unauticna test/game-unauticna/Unreal Code/UnauticnaCastle/Content/StarterContent/Audio/Fire01.uasset" 3031
"../../../../../../2new/Unauticna test/game-unauticna/Unreal Code/UnauticnaCastle/Content/StarterContent/Audio/Starter_Music01.uasset" 3032
"../../../../../../2new/Unauticna test/game-unauticna/Unreal Code/UnauticnaCastle/Content/StarterContent/Audio/Starter_Wind05.uasset" 3033
"../../../../../../2new/Unauticna test/game-unauticna/Unreal Code/UnauticnaCastle/Content/StarterContent/Audio/Starter_Birds01.uasset" 3034
"../../../../../../2new/Unauticna test/game-unauticna/Unreal Code/UnauticnaCastle/Content/StarterContent/Audio/Starter_Wind06.uasset" 3035
"../../../../../../2new/Unauticna test/game-unauticna/Unreal Code/UnauticnaCastle/Content/StarterContent/Audio/Collapse01.uasset" 3036
"../../../../../../2new/Unauticna test/game-unauticna/Unreal Code/UnauticnaCastle/Content/StarterContent/Audio/Collapse02.uasset" 3037
"C:/Users/User/AppData/Local/UnrealEngine/Common/DerivedDataCache/0/1/0/MATSM_0BA69734E4FD45E082FA4560DBE25454_PCD3D_SM5_8__BC5N_NOCCBN_NOIRIS_DEV_SL___FBE4352BCE72818C8A89304B3397A11518C0DA08.udd" 3038
"../../../Engine/Content/EditorResources/EmptyActor.uasset" 3039
"../../../Engine/Content/EditorResources/LightIcons/S_LightError.uasset" 3040
"../../../Engine/Content/EditorResources/AudioIcons/S_AudioComponent_AutoActivate.uasset" 3041
"C:/Users/User/AppData/Local/UnrealEngine/Common/DerivedDataCache/8/8/2/MATSM_0BA69734E4FD45E082FA4560DBE25454_PCD3D_SM5_8__BC5N_NOCCBN_NOIRIS_DEV_SL___267016E654D2D13EC88078223EE90BB5C2383FB4.udd" 3042
"C:/Users/User/AppData/Local/UnrealEngine/Common/DerivedDataCache/1/1/4/MATSM_0BA69734E4FD45E082FA4560DBE25454_PCD3D_SM5_8__BC5N_NOCCBN_NOIRIS_DEV_SL___6CDEB35CAF334AED05138984F4B528D40B838373.udd" 3043
"C:/Users/User/AppData/Local/UnrealEngine/Common/DerivedDataCache/3/6/0/MATSM_0BA69734E4FD45E082FA4560DBE25454_PCD3D_SM5_8__BC5N_NOCCBN_NOIRIS_DEV_SL___DA05FDDB254834F777FA34DCC7C35D2A61EF0A7A.udd" 3044
"C:/Users/User/AppData/Local/UnrealEngine/Common/DerivedDataCache/9/3/2/MATSM_0BA69734E4FD45E082FA4560DBE25454_PCD3D_SM5_8__BC5N_NOCCBN_NOIRIS_DEV_SL___625F2C2148DD649A051C08DA07E1331C620D0540.udd" 3045
"C:/Users/User/AppData/Local/UnrealEngine/Common/DerivedDataCache/9/2/5/MATSM_0BA69734E4FD45E082FA4560DBE25454_PCD3D_SM5_8__BC5N_NOCCBN_NOIRIS_DEV_SL___4E2BAF8F4BEE2515D2FCB5CEC9B7D077DBA2090A.udd" 3046
"C:/Users/User/AppData/Local/UnrealEngine/Common/DerivedDataCache/4/5/2/MATSM_0BA69734E4FD45E082FA4560DBE25454_PCD3D_SM5_8__BC5N_NOCCBN_NOIRIS_DEV_SL___E0F3FB0F6AC31ADD2D9F284446283E94B779BBB9.udd" 3047
"C:/Users/User/AppData/Local/UnrealEngine/Common/DerivedDataCache/5/7/4/MATSM_0BA69734E4FD45E082FA4560DBE25454_PCD3D_SM5_8__BC5N_NOCCBN_NOIRIS_DEV_SL___8DF159A9A3C7A31A7985CCF977161B044D90BF1B.udd" 3048
"C:/Users/User/AppData/Local/UnrealEngine/Common/DerivedDataCache/7/3/8/MATSM_0BA69734E4FD45E082FA4560DBE25454_PCD3D_SM5_8__BC5N_NOCCBN_NOIRIS_DEV_SL___99BDB20BB7FD818BCB3B2DD98EC4BA32AA9B24C3.udd" 3049
"C:/Users/User/AppData/Local/UnrealEngine/Common/DerivedDataCache/1/0/8/MATSM_0BA69734E4FD45E082FA4560DBE25454_PCD3D_SM5_8__BC5N_NOCCBN_NOIRIS_DEV_SL___BC0C4396A58B45B575545E72827E89CB984E58F5.udd" 3050
"C:/Users/User/AppData/Local/UnrealEngine/Common/DerivedDataCache/7/4/7/MATSM_0BA69734E4FD45E082FA4560DBE25454_PCD3D_SM5_8__BC5N_NOCCBN_NOIRIS_DEV_SL___40BBB7990CAD0958997E612B187E7EAFC64C6137.udd" 3051
"C:/Users/User/AppData/Local/UnrealEngine/Common/DerivedDataCache/2/6/5/MATSM_0BA69734E4FD45E082FA4560DBE25454_PCD3D_SM5_8__BC5N_NOCCBN_NOIRIS_DEV_SL___7CBA83B85F2AA66772E8AE55C6C8D9FEE9D9E391.udd" 3052
"C:/Users/User/AppData/Local/UnrealEngine/Common/DerivedDataCache/1/6/6/MATSM_0BA69734E4FD45E082FA4560DBE25454_PCD3D_SM5_8__BC5N_NOCCBN_NOIRIS_DEV_SL___AC4B0BEEBD5ACA5A7FC4F9BA191D8207E929928C.udd" 3053
"C:/Users/User/AppData/Local/UnrealEngine/Common/DerivedDataCache/4/7/5/MATSM_0BA69734E4FD45E082FA4560DBE25454_PCD3D_SM5_8__BC5N_NOCCBN_NOIRIS_DEV_SL___4FA600D390C43AEBAF66535C6EE9AC73BD9EA534.udd" 3054
"C:/Users/User/AppData/Local/UnrealEngine/Common/DerivedDataCache/2/7/5/MATSM_0BA69734E4FD45E082FA4560DBE25454_PCD3D_SM5_8__BC5N_NOCCBN_NOIRIS_DEV_SL___BDCC235522BABDD791F7F3FB6EE2C5EFF60A15EA.udd" 3055
"C:/Users/User/AppData/Local/UnrealEngine/Common/DerivedDataCache/9/5/1/MATSM_0BA69734E4FD45E082FA4560DBE25454_PCD3D_SM5_8__BC5N_NOCCBN_NOIRIS_DEV_SL___AB0754743CCBF9BFBB49A3515B8120FF761FF027.udd" 3056
"C:/Users/User/AppData/Local/UnrealEngine/Common/DerivedDataCache/7/2/0/MATSM_0BA69734E4FD45E082FA4560DBE25454_PCD3D_SM5_8__BC5N_NOCCBN_NOIRIS_DEV_SL___B1E3C3E00AD91F92657B9398B3B2826AE7D4BC54.udd" 3057
"C:/Users/User/AppData/Local/UnrealEngine/Common/DerivedDataCache/9/6/6/MATSM_0BA69734E4FD45E082FA4560DBE25454_PCD3D_SM5_8__BC5N_NOCCBN_NOIRIS_DEV_SL___73D9EF436C2E8343A501C11D1A64DD0C1498EB38.udd" 3058
"C:/Users/User/AppData/Local/UnrealEngine/Common/DerivedDataCache/7/0/4/MATSM_0BA69734E4FD45E082FA4560DBE25454_PCD3D_SM5_8__BC5N_NOCCBN_NOIRIS_DEV_SL___49C05A1B1A50A430AA5B10AF36878E60743AF8CD.udd" 3059
"C:/Users/User/AppData/Local/UnrealEngine/Common/DerivedDataCache/3/3/9/MATSM_0BA69734E4FD45E082FA4560DBE25454_PCD3D_SM5_8__BC5N_NOCCBN_NOIRIS_DEV_SL___201A1412F55F4405167D4D5D1AEB59AA28F5DFB7.udd" 3060
"C:/Users/User/AppData/Local/UnrealEngine/Common/DerivedDataCache/5/4/5/MATSM_0BA69734E4FD45E082FA4560DBE25454_PCD3D_SM5_8__BC5N_NOCCBN_NOIRIS_DEV_SL___D057ACDE931B44EF4DC06CE8928AEE269D5B0960.udd" 3061
"C:/Users/User/AppData/Local/UnrealEngine/Common/DerivedDataCache/9/0/6/MATSM_0BA69734E4FD45E082FA4560DBE25454_PCD3D_SM5_8__BC5N_NOCCBN_NOIRIS_DEV_SL___4A6D0C29FD826E0F2AE5266E63EF14D09A48DD5C.udd" 3062
"C:/Users/User/AppData/Local/UnrealEngine/Common/DerivedDataCache/0/5/1/MATSM_0BA69734E4FD45E082FA4560DBE25454_PCD3D_SM5_8__BC5N_NOCCBN_NOIRIS_DEV_SL___7B5B63DBC9D9CDAA2831CE8CE90B1D0B02531342.udd" 3063
"C:/Users/User/AppData/Local/UnrealEngine/Common/DerivedDataCache/2/5/9/MATSM_0BA69734E4FD45E082FA4560DBE25454_PCD3D_SM5_8__BC5N_NOCCBN_NOIRIS_DEV_SL___0127C1762FCCB875B67033193DD40E10D950273F.udd" 3064
"C:/Users/User/AppData/Local/UnrealEngine/Common/DerivedDataCache/4/4/6/MATSM_0BA69734E4FD45E082FA4560DBE25454_PCD3D_SM5_8__BC5N_NOCCBN_NOIRIS_DEV_SL___47DCE041E5CA5A5B89675AFB9F63F7C3293CDB55.udd" 3065
"C:/Users/User/AppData/Local/UnrealEngine/Common/DerivedDataCache/2/6/2/MATSM_0BA69734E4FD45E082FA4560DBE25454_PCD3D_SM5_8__BC5N_NOCCBN_NOIRIS_DEV_SL___ACE81DA6E578729BC9A2F7397FBCFF34DFFADEE9.udd" 3066
"C:/Users/User/AppData/Local/UnrealEngine/Common/DerivedDataCache/3/5/8/MATSM_0BA69734E4FD45E082FA4560DBE25454_PCD3D_SM5_8__BC5N_NOCCBN_NOIRIS_DEV_SL___308C3DEAFF56D11AA9317E4128D4D446A44E0F9F.udd" 3067
"C:/Users/User/AppData/Local/UnrealEngine/Common/DerivedDataCache/2/0/6/MATSM_0BA69734E4FD45E082FA4560DBE25454_PCD3D_SM5_8__BC5N_NOCCBN_NOIRIS_DEV_SL___092C32A4D19B9595DF78AC6F1C329010ED8E9A9C.udd" 3068
"C:/Users/User/AppData/Local/UnrealEngine/Common/DerivedDataCache/8/6/1/MATSM_0BA69734E4FD45E082FA4560DBE25454_PCD3D_SM5_8__BC5N_NOCCBN_NOIRIS_DEV_SL___7EC854EC70E549FC24C7E95D5AFC21462CAA0A15.udd" 3069
"C:/Users/User/AppData/Local/UnrealEngine/Common/DerivedDataCache/7/6/9/MATSM_0BA69734E4FD45E082FA4560DBE25454_PCD3D_SM5_8__BC5N_NOCCBN_NOIRIS_DEV_SL___A9D2298938A05A5F0CFCDE43A2CCA11AE7058052.udd" 3070
"C:/Users/User/AppData/Local/UnrealEngine/Common/DerivedDataCache/1/6/2/MATSM_0BA69734E4FD45E082FA4560DBE25454_PCD3D_SM5_8__BC5N_NOCCBN_NOIRIS_DEV_SL___C1D1B5784107FED947B95E66B20D1F6DF0FE1EB9.udd" 3071
"C:/Users/User/AppData/Local/UnrealEngine/Common/DerivedDataCache/9/9/2/MATSM_0BA69734E4FD45E082FA4560DBE25454_PCD3D_SM5_8__BC5N_NOCCBN_NOIRIS_DEV_SL___82F36AFF1C673A227E44EB67A21347269817DA25.udd" 3072
"C:/Users/User/AppData/Local/UnrealEngine/Common/DerivedDataCache/1/0/1/MATSM_0BA69734E4FD45E082FA4560DBE25454_PCD3D_SM5_8__BC5N_NOCCBN_NOIRIS_DEV_SL___FC9BF75D8C27531D4F4C0F39BCE769FB613FA175.udd" 3073
"C:/Users/User/AppData/Local/UnrealEngine/Common/DerivedDataCache/0/2/8/MATSM_0BA69734E4FD45E082FA4560DBE25454_PCD3D_SM5_8__BC5N_NOCCBN_NOIRIS_DEV_SL___A51B91F60CE21D55BC03B882FD987DAD9545538A.udd" 3074
"C:/Users/User/AppData/Local/UnrealEngine/Common/DerivedDataCache/7/4/6/MATSM_0BA69734E4FD45E082FA4560DBE25454_PCD3D_SM5_8__BC5N_NOCCBN_NOIRIS_DEV_SL___DA64B9CF9533D7DB335A99335DCCD427A5BB7F2A.udd" 3075
"C:/Users/User/AppData/Local/UnrealEngine/Common/DerivedDataCache/8/7/8/TEXTURE_E01F4250BECD420DA9CE63B5EECEC2C2_BGRA8_C09E7BBA4D9868264A404A94C607F9D__BA997A62DC7DA6304A7B3174DF8CE9EDCF1701CC.udd" 3076
"C:/Users/User/AppData/Local/UnrealEngine/Common/DerivedDataCache/3/7/2/TEXTURE_E01F4250BECD420DA9CE63B5EECEC2C2_BGRA8_508178ED482097A68BB43BAA6C3C437__24B6D99F9E530E7BC724766F8E142B6D6BBC644F.udd" 3077
"C:/Users/User/AppData/Local/UnrealEngine/Common/DerivedDataCache/7/0/5/TEXTURE_E01F4250BECD420DA9CE63B5EECEC2C2_BGRA8_8B99A26046270E306A303594D61A227__CBE47D8D47D7C3CB201135FD7302261ECF9B7400.udd" 3078
"C:/Users/User/AppData/Local/UnrealEngine/Common/DerivedDataCache/7/1/9/TEXTURE_E01F4250BECD420DA9CE63B5EECEC2C2_BGRA8_C5504943436B1169B3ECD39AC9A3DD5__4D26013BF09FDF94DB91D41F4CBE488A7E1750DF.udd" 3079
"C:/Users/User/AppData/Local/UnrealEngine/Common/DerivedDataCache/7/4/5/TEXTURE_E01F4250BECD420DA9CE63B5EECEC2C2_BGRA8_9CB5B5334621FBF8EE440AB083DEE92__5DD8A255F58E726D0B0E25A511F315272C5C5551.udd" 3080
"C:/Users/User/AppData/Local/UnrealEngine/Common/DerivedDataCache/9/1/0/TEXTURE_E01F4250BECD420DA9CE63B5EECEC2C2_BGRA8_D10AB9094C442585CC55819DE05CDF8__43061BAD9C80D5BAC68DD531F867562DD95D1CC5.udd" 3081
"C:/Users/User/AppData/Local/UnrealEngine/Common/DerivedDataCache/7/9/1/TEXTURE_E01F4250BECD420DA9CE63B5EECEC2C2_BGRA8_6C7277C644042ED796179AAFADB310B__57FDC17B7E00DC1A94B1269BB6A5FDA0F635D091.udd" 3082
"C:/Users/User/AppData/Local/UnrealEngine/Common/DerivedDataCache/6/9/0/TEXTURE_E01F4250BECD420DA9CE63B5EECEC2C2_BGRA8_25CA81464AE637AA2373AD9E88CCB5A__E9CF2C2EFC1E2943520DA778B7BECFDFB1040573.udd" 3083
"C:/Users/User/AppData/Local/UnrealEngine/Common/DerivedDataCache/7/2/3/TEXTURE_E01F4250BECD420DA9CE63B5EECEC2C2_BGRA8_688B9197426FA7122BAF27BA1FAE174__F140AF8FD5654D3BE40FDD8B762A50B3004172EB.udd" 3084
"C:/Users/User/AppData/Local/UnrealEngine/Common/DerivedDataCache/0/6/6/TEXTURE_E01F4250BECD420DA9CE63B5EECEC2C2_BGRA8_6F7C89F249D12A2F28C0B1926249C07__CD5B47EF01671DF64D4ABED99C46C1768950C69C.udd" 3085
"C:/Users/User/AppData/Local/UnrealEngine/Common/DerivedDataCache/1/1/2/MATSM_0BA69734E4FD45E082FA4560DBE25454_PCD3D_SM5_8__BC5N_NOCCBN_NOIRIS_DEV_SL___B5F5EB27EA73C42D5D8808093BBD477889A864B1.udd" 3086
"C:/Users/User/AppData/Local/UnrealEngine/Common/DerivedDataCache/5/3/2/MATSM_0BA69734E4FD45E082FA4560DBE25454_PCD3D_SM5_8__BC5N_NOCCBN_NOIRIS_DEV_SL___CFE59C8AF376FB31247F328AEC5E662F288FBC19.udd" 3087
"C:/Users/User/AppData/Local/UnrealEngine/Common/DerivedDataCache/2/7/1/MATSM_0BA69734E4FD45E082FA4560DBE25454_PCD3D_SM5_8__BC5N_NOCCBN_NOIRIS_DEV_SL___D6D62FAA3672EA224648A0FE32E97C639039DD7F.udd" 3088
"C:/Users/User/AppData/Local/UnrealEngine/Common/DerivedDataCache/0/6/0/MATSM_0BA69734E4FD45E082FA4560DBE25454_PCD3D_SM5_8__BC5N_NOCCBN_NOIRIS_DEV_SL___30EFE586F7FCB4BD55A7C25FA3ADB22B91EF23F3.udd" 3089
"C:/Users/User/AppData/Local/UnrealEngine/Common/DerivedDataCache/0/9/2/MATSM_0BA69734E4FD45E082FA4560DBE25454_PCD3D_SM5_8__BC5N_NOCCBN_NOIRIS_DEV_SL___B727285C4DD3CA249F87E80F44D97BBCAE82FB55.udd" 3090
"C:/Users/User/AppData/Local/UnrealEngine/Common/DerivedDataCache/2/6/4/MATSM_0BA69734E4FD45E082FA4560DBE25454_PCD3D_SM5_8__BC5N_NOCCBN_NOIRIS_DEV_SL___94E7C082FEB8E9670572E4F2230CE1FA5346B5C0.udd" 3091
"C:/Users/User/AppData/Local/UnrealEngine/Common/DerivedDataCache/0/5/4/MATSM_0BA69734E4FD45E082FA4560DBE25454_PCD3D_SM5_8__BC5N_NOCCBN_NOIRIS_DEV_SL___4BBD772EBF996C780CF6EAB83798DE0FDA277FA4.udd" 3092
"C:/Users/User/AppData/Local/UnrealEngine/Common/DerivedDataCache/4/3/4/MATSM_0BA69734E4FD45E082FA4560DBE25454_PCD3D_SM5_8__BC5N_NOCCBN_NOIRIS_DEV_SL___3AB081302708FBD1A633AB3AB40D770F3BFB482E.udd" 3093
"C:/Users/User/AppData/Local/UnrealEngine/Common/DerivedDataCache/9/6/4/MATSM_0BA69734E4FD45E082FA4560DBE25454_PCD3D_SM5_8__BC5N_NOCCBN_NOIRIS_DEV_SL___F547362C224F9A1D4050AE6CE8D369667C65A891.udd" 3094
"D:/2new/Unauticna test/game-unauticna/Unreal Code/UnauticnaCastle/Content/StarterContent/Maps/Minimal_Default.umap" 3095
"D:/2new/Unauticna test/game-unauticna/Unreal Code/UnauticnaCastle/Content/StarterContent/Maps/Minimal_Default_BuiltData.uasset" 3096
"D:/2new/Unauticna test/game-unauticna/Unreal Code/UnauticnaCastle/Content/StarterContent/Maps/Advanced_Lighting_BuiltData.uasset" 3097
"D:/2new/Unauticna test/game-unauticna/Unreal Code/UnauticnaCastle/Content/StarterContent/HDRI/HDRI_Epic_Courtyard_Daylight.uasset" 3098
"../../../Engine/Content/MapTemplates/Sky/DaylightAmbientCubemap.uasset" 3099
"D:/2new/Unauticna test/game-unauticna/Unreal Code/UnauticnaCastle/Content/StarterContent/Blueprints/Assets/M_LightStage_Skybox_Master.uasset" 3100
"D:/2new/Unauticna test/game-unauticna/Unreal Code/UnauticnaCastle/Content/StarterContent/Blueprints/Assets/M_LightStage_Skybox_HDRI.uasset" 3101
"D:/2new/Unauticna test/game-unauticna/Unreal Code/UnauticnaCastle/Content/StarterContent/Blueprints/Assets/M_LightStage_Arrows.uasset" 3102
"D:/2new/Unauticna test/game-unauticna/Unreal Code/UnauticnaCastle/Content/StarterContent/Blueprints/Assets/SM_Arrows.uasset" 3103
"../../../Engine/Content/EditorMaterials/Thumbnails/SkySphereMaterial.uasset" 3104
"D:/2new/Unauticna test/game-unauticna/Unreal Code/UnauticnaCastle/Content/StarterContent/Blueprints/Assets/Skybox.uasset" 3105
"D:/2new/Unauticna test/game-unauticna/Unreal Code/UnauticnaCastle/Content/StarterContent/Blueprints/Assets/M_LightStage_Skybox_Black.uasset" 3106
"C:/Users/User/AppData/Local/UnrealEngine/Common/DerivedDataCache/0/9/1/STATICMESH_9CE2B6FB46754B699726C4AA1515F12E_228332BAE0224DD294E232B87D83948FQU__0380D8F4F729DFB901ABEF3A5DC7CDA3E2A2C941.udd" 3107
"C:/Users/User/AppData/Local/UnrealEngine/Common/DerivedDataCache/7/6/0/PHYSX_A08609EF508D460CBB6710540B03AACF_PHYSXPC_0AC46868415D6493F2889E8D8F96584__6A7C61C753E8A7632ABD946E57B4F1E9E51A5498.udd" 3108
"C:/Users/User/AppData/Local/UnrealEngine/Common/DerivedDataCache/5/7/2/NAVCOLLISION_2983273BE5D6425391E8C0B3D1C0A55D_NAVCOLLISION_X_0AC46868415D6493F__45F5712D798E2A493BE2C1D871F62B0BECC98277.udd" 3109
"D:/2new/Unauticna test/game-unauticna/Unreal Code/UnauticnaCastle/Content/StarterContent/Blueprints/Assets/SunlightColorLUT.uasset" 3110
"D:/2new/Unauticna test/game-unauticna/Unreal Code/UnauticnaCastle/Content/StarterContent/Blueprints/Assets/FogBrightnessLUT.uasset" 3111
"D:/2new/Unauticna test/game-unauticna/Unreal Code/UnauticnaCastle/Content/StarterContent/Blueprints/BP_LightStudio.uasset" 3112
"../../../../../../2new/Unauticna test/game-unauticna/Unreal Code/UnauticnaCastle/Content/StarterContent/Maps/StarterMap.umap" 3113
"D:/2new/Unauticna test/game-unauticna/Unreal Code/UnauticnaCastle/Content/StarterContent/Materials/M_AssetPlatform.uasset" 3114
"D:/2new/Unauticna test/game-unauticna/Unreal Code/UnauticnaCastle/Content/StarterContent/Architecture/SM_AssetPlatform.uasset" 3115
"../../../../../../2new/Unauticna test/game-unauticna/Unreal Code/UnauticnaCastle/Content/StarterContent/Maps/Minimal_Default.umap" 3116
"../../../Engine/Content/EditorMeshes/ColorCalibrator/M_GreyBall.uasset" 3117
"../../../Engine/Content/EditorMeshes/ColorCalibrator/Color_checker.uasset" 3118
"../../../Engine/Content/EditorMeshes/ColorCalibrator/M_ColorGrid.uasset" 3119
"../../../Engine/Content/EditorMeshes/ColorCalibrator/M_ClearCoatBlack.uasset" 3120
"../../../Engine/Content/EditorMeshes/ColorCalibrator/M_ClearCoat.uasset" 3121
"C:/Users/User/AppData/Local/UnrealEngine/Common/DerivedDataCache/3/3/6/MATSM_0BA69734E4FD45E082FA4560DBE25454_PCD3D_SM5_8__BC5N_NOCCBN_NOIRIS_DEV_SL___EC393AFA08923C3CB988049A84EBEA497A2A85F4.udd" 3122
"../../../Engine/Content/EditorMeshes/ColorCalibrator/M_ChromeBall.uasset" 3123
"../../../Engine/Content/EditorMeshes/ColorCalibrator/SM_ColorCalibrator.uasset" 3124
"D:/2new/Unauticna test/game-unauticna/Unreal Code/UnauticnaCastle/Content/StarterContent/Maps/Advanced_Lighting.umap" 3125
"C:/Users/User/AppData/Local/UnrealEngine/Common/DerivedDataCache/6/9/5/MATSM_0BA69734E4FD45E082FA4560DBE25454_PCD3D_SM5_8__BC5N_NOCCBN_NOIRIS_DEV_SL___0BB5AB43E5E17DC5F87E2CF54BC703E121B1A934.udd" 3126
"C:/Users/User/AppData/Local/UnrealEngine/Common/DerivedDataCache/4/1/6/MATSM_0BA69734E4FD45E082FA4560DBE25454_PCD3D_SM5_8__BC5N_NOCCBN_NOIRIS_DEV_SL___BD0D85C4FFF0D3F4FBB90C81D3E659D759784B77.udd" 3127
"../../../Engine/Content/EditorResources/AudioIcons/S_AudioComponent.uasset" 3128
"C:/Users/User/AppData/Local/UnrealEngine/Common/DerivedDataCache/2/7/9/MATSM_0BA69734E4FD45E082FA4560DBE25454_PCD3D_SM5_8__BC5N_NOCCBN_NOIRIS_DEV_SL___E0C95E24F6B1DEB03820AE60AD8B0C82EDA0474A.udd" 3129
"C:/Users/User/AppData/Local/UnrealEngine/Common/DerivedDataCache/3/9/5/MATSM_0BA69734E4FD45E082FA4560DBE25454_PCD3D_SM5_8__BC5N_NOCCBN_NOIRIS_DEV_SL___108A7344B4E9AF6B43110FB695862A1AAD57232C.udd" 3130
"C:/Users/User/AppData/Local/UnrealEngine/Common/DerivedDataCache/4/1/6/MATSM_0BA69734E4FD45E082FA4560DBE25454_PCD3D_SM5_8__BC5N_NOCCBN_NOIRIS_DEV_SL___9F02547948BD9B413BAD8DD2ED8CB875C375B768.udd" 3131
"D:/2new/Unauticna test/game-unauticna/Unreal Code/UnauticnaCastle/Content/ThirdPersonBP/Blueprints/ThirdPersonCharacter.uasset" 3132
"D:/2new/Unauticna test/game-unauticna/Unreal Code/UnauticnaCastle/Content/ThirdPersonBP/Blueprints/NewBlueprint3.uasset" 3133
"C:/Users/User/AppData/Local/UnrealEngine/Common/DerivedDataCache/9/4/5/MATSM_0BA69734E4FD45E082FA4560DBE25454_PCD3D_SM5_8__BC5N_NOCCBN_NOIRIS_DEV_SL___AFBD815A9382CA2B095185C6C779107D7418688D.udd" 3134
"D:/2new/Unauticna test/game-unauticna/Unreal Code/UnauticnaCastle/Content/ThirdPersonBP/Blueprints/NewBlueprint2.uasset" 3135
"D:/2new/Unauticna test/game-unauticna/Unreal Code/UnauticnaCastle/Content/ThirdPersonBP/Blueprints/NewBlueprint1.uasset" 3136
"D:/2new/Unauticna test/game-unauticna/Unreal Code/UnauticnaCastle/Content/ThirdPersonBP/Blueprints/NewBlueprint.uasset" 3137
"D:/2new/Unauticna test/game-unauticna/Unreal Code/UnauticnaCastle/Content/ThirdPerson/Meshes/RightArm_StaticMesh.uasset" 3138
"C:/Users/User/AppData/Local/UnrealEngine/Common/DerivedDataCache/2/0/7/MATSM_0BA69734E4FD45E082FA4560DBE25454_PCD3D_SM5_8__BC5N_NOCCBN_NOIRIS_DEV_SL___06B45F9DFD82B02C1C8CC9048AD5DC6F72DC7636.udd" 3139
"C:/Users/User/AppData/Local/UnrealEngine/Common/DerivedDataCache/2/6/8/MATSM_0BA69734E4FD45E082FA4560DBE25454_PCD3D_SM5_8__BC5N_NOCCBN_NOIRIS_DEV_SL___D5CC4FE4682894062B997E869AA1AD51B5FE61E2.udd" 3140
"D:/2new/Unauticna test/game-unauticna/Unreal Code/UnauticnaCastle/Content/ThirdPerson/Meshes/LeftArm_StaticMesh.uasset" 3141
"C:/Users/User/AppData/Local/UnrealEngine/Common/DerivedDataCache/3/7/9/MATSM_0BA69734E4FD45E082FA4560DBE25454_PCD3D_SM5_8__BC5N_NOCCBN_NOIRIS_DEV_SL___8CA60718BDEFB64DE65705B138FC1CC3B086A7B1.udd" 3142
"D:/2new/Unauticna test/game-unauticna/Unreal Code/UnauticnaCastle/Content/ThirdPerson/Meshes/Bump_StaticMesh.uasset" 3143
"../../../../../../2new/Unauticna test/game-unauticna/Unreal Code/UnauticnaCastle/Content/StarterContent/Maps/Advanced_Lighting.umap" 3144
"C:/Users/User/AppData/Local/UnrealEngine/Common/DerivedDataCache/1/5/3/MATSM_0BA69734E4FD45E082FA4560DBE25454_PCD3D_SM5_8__BC5N_NOCCBN_NOIRIS_DEV_SL___307C71CBAC1CE75E6018464570E64322A70B76A2.udd" 3145
"D:/2new/Unauticna test/game-unauticna/Unreal Code/UnauticnaCastle/Content/StarterContent/Textures/T_Shelf_N.uasset" 3146
"C:/Users/User/AppData/Local/UnrealEngine/Common/DerivedDataCache/5/5/0/MATSM_0BA69734E4FD45E082FA4560DBE25454_PCD3D_SM5_8__BC5N_NOCCBN_NOIRIS_DEV_SL___C7D9608AE5DD91FA1A539D6EC6AF42508B735F04.udd" 3147
"D:/2new/Unauticna test/game-unauticna/Unreal Code/UnauticnaCastle/Content/StarterContent/Textures/T_Shelf_M.uasset" 3148
"D:/2new/Unauticna test/game-unauticna/Unreal Code/UnauticnaCastle/Content/StarterContent/Textures/T_Explosion_SubUV.uasset" 3149
"D:/2new/Unauticna test/game-unauticna/Unreal Code/UnauticnaCastle/Content/StarterContent/Textures/T_Door_N.uasset" 3150
"D:/2new/Unauticna test/game-unauticna/Unreal Code/UnauticnaCastle/Content/StarterContent/Textures/T_Door_M.uasset" 3151
"D:/2new/Unauticna test/game-unauticna/Unreal Code/UnauticnaCastle/Content/StarterContent/Textures/T_Bush_N.uasset" 3152
"D:/2new/Unauticna test/game-unauticna/Unreal Code/UnauticnaCastle/Content/StarterContent/Textures/T_Bush_D.uasset" 3153
"D:/2new/Unauticna test/game-unauticna/Unreal Code/UnauticnaCastle/Content/StarterContent/Textures/T_Burst_M.uasset" 3154
"D:/2new/Unauticna test/game-unauticna/Unreal Code/UnauticnaCastle/Content/StarterContent/Shapes/Shape_WideCapsule.uasset" 3155
"D:/2new/Unauticna test/game-unauticna/Unreal Code/UnauticnaCastle/Content/StarterContent/Shapes/Shape_Wedge_B.uasset" 3156
"D:/2new/Unauticna test/game-unauticna/Unreal Code/UnauticnaCastle/Content/StarterContent/Shapes/Shape_Wedge_A.uasset" 3157
"D:/2new/Unauticna test/game-unauticna/Unreal Code/UnauticnaCastle/Content/StarterContent/Shapes/Shape_Tube.uasset" 3158
"D:/2new/Unauticna test/game-unauticna/Unreal Code/UnauticnaCastle/Content/StarterContent/Shapes/Shape_TriPyramid.uasset" 3159
"D:/2new/Unauticna test/game-unauticna/Unreal Code/UnauticnaCastle/Content/StarterContent/Shapes/Shape_Trim_90_Out.uasset" 3160
"D:/2new/Unauticna test/game-unauticna/Unreal Code/UnauticnaCastle/Content/StarterContent/Shapes/Shape_Trim_90_In.uasset" 3161
"D:/2new/Unauticna test/game-unauticna/Unreal Code/UnauticnaCastle/Content/StarterContent/Shapes/Shape_Trim.uasset" 3162
"D:/2new/Unauticna test/game-unauticna/Unreal Code/UnauticnaCastle/Content/StarterContent/Shapes/Shape_Torus.uasset" 3163
"D:/2new/Unauticna test/game-unauticna/Unreal Code/UnauticnaCastle/Content/StarterContent/Shapes/Shape_Plane.uasset" 3164
"D:/2new/Unauticna test/game-unauticna/Unreal Code/UnauticnaCastle/Content/StarterContent/Shapes/Shape_Pipe_90.uasset" 3165
"D:/2new/Unauticna test/game-unauticna/Unreal Code/UnauticnaCastle/Content/StarterContent/Shapes/Shape_Pipe_180.uasset" 3166
"D:/2new/Unauticna test/game-unauticna/Unreal Code/UnauticnaCastle/Content/StarterContent/Shapes/Shape_Pipe.uasset" 3167
"D:/2new/Unauticna test/game-unauticna/Unreal Code/UnauticnaCastle/Content/StarterContent/Shapes/Shape_NarrowCapsule.uasset" 3168
"D:/2new/Unauticna test/game-unauticna/Unreal Code/UnauticnaCastle/Content/StarterContent/Shapes/Shape_Cylinder.uasset" 3169
"D:/2new/Unauticna test/game-unauticna/Unreal Code/UnauticnaCastle/Content/StarterContent/Shapes/Shape_Cone.uasset" 3170
"D:/2new/Unauticna test/game-unauticna/Unreal Code/UnauticnaCastle/Content/StarterContent/Shapes/NewBlueprint8.uasset" 3171
"D:/2new/Unauticna test/game-unauticna/Unreal Code/UnauticnaCastle/Content/StarterContent/Shapes/NewBlueprint.uasset" 3172
"D:/2new/Unauticna test/game-unauticna/Unreal Code/UnauticnaCastle/Content/StarterContent/Props/Materials/M_Shelf.uasset" 3173
"D:/2new/Unauticna test/game-unauticna/Unreal Code/UnauticnaCastle/Content/StarterContent/Props/Materials/M_MaterialSphere_Plain.uasset" 3174
"D:/2new/Unauticna test/game-unauticna/Unreal Code/UnauticnaCastle/Content/StarterContent/Props/Materials/M_MaterialSphere.uasset" 3175
"D:/2new/Unauticna test/game-unauticna/Unreal Code/UnauticnaCastle/Content/StarterContent/Props/Materials/M_Door.uasset" 3176
"D:/2new/Unauticna test/game-unauticna/Unreal Code/UnauticnaCastle/Content/StarterContent/Props/Materials/M_Bush.uasset" 3177
"D:/2new/Unauticna test/game-unauticna/Unreal Code/UnauticnaCastle/Content/StarterContent/Props/SM_Stairs.uasset" 3178
"D:/2new/Unauticna test/game-unauticna/Unreal Code/UnauticnaCastle/Content/StarterContent/Props/SM_Shelf.uasset" 3179
"D:/2new/Unauticna test/game-unauticna/Unreal Code/UnauticnaCastle/Content/StarterContent/Props/SM_MatPreviewMesh_02.uasset" 3180
"D:/2new/Unauticna test/game-unauticna/Unreal Code/UnauticnaCastle/Content/StarterContent/Props/SM_Door.uasset" 3181
"D:/2new/Unauticna test/game-unauticna/Unreal Code/UnauticnaCastle/Content/StarterContent/Props/SM_Bush.uasset" 3182
"D:/2new/Unauticna test/game-unauticna/Unreal Code/UnauticnaCastle/Content/StarterContent/Props/NewBlueprint6.uasset" 3183
"D:/2new/Unauticna test/game-unauticna/Unreal Code/UnauticnaCastle/Content/StarterContent/Props/NewBlueprint5.uasset" 3184
"D:/2new/Unauticna test/game-unauticna/Unreal Code/UnauticnaCastle/Content/StarterContent/Props/NewBlueprint4.uasset" 3185
"D:/2new/Unauticna test/game-unauticna/Unreal Code/UnauticnaCastle/Content/StarterContent/Props/NewBlueprint2.uasset" 3186
"D:/2new/Unauticna test/game-unauticna/Unreal Code/UnauticnaCastle/Content/StarterContent/Props/NewBlueprint1.uasset" 3187
"D:/2new/Unauticna test/game-unauticna/Unreal Code/UnauticnaCastle/Content/StarterContent/Props/NewBlueprint.uasset" 3188
"D:/2new/Unauticna test/game-unauticna/Unreal Code/UnauticnaCastle/Content/StarterContent/Props/MaterialSphere.uasset" 3189
"D:/2new/Unauticna test/game-unauticna/Unreal Code/UnauticnaCastle/Content/StarterContent/Particles/Materials/M_radial_ramp.uasset" 3190
"D:/2new/Unauticna test/game-unauticna/Unreal Code/UnauticnaCastle/Content/StarterContent/Particles/Materials/m_flare_01.uasset" 3191
"D:/2new/Unauticna test/game-unauticna/Unreal Code/UnauticnaCastle/Content/StarterContent/Particles/Materials/M_explosion_subUV.uasset" 3192
"D:/2new/Unauticna test/game-unauticna/Unreal Code/UnauticnaCastle/Content/StarterContent/Particles/Materials/M_Burst.uasset" 3193
"D:/2new/Unauticna test/game-unauticna/Unreal Code/UnauticnaCastle/Content/StarterContent/Particles/P_Explosion.uasset" 3194
"../../../Engine/Content/EditorMeshes/ColorCalibrator/T_ColorGrid.uasset" 3195
"D:/2new/Unauticna test/game-unauticna/Unreal Code/UnauticnaCastle/Content/StarterContent/Materials/M_ColorGrid_LowSpec.uasset" 3196
"D:/2new/Unauticna test/game-unauticna/Unreal Code/UnauticnaCastle/Content/StarterContent/Audio/Explosion_Cue.uasset" 3197
"D:/2new/Unauticna test/game-unauticna/Unreal Code/UnauticnaCastle/Content/StarterContent/Blueprints/Blueprint_Effect_Explosion.uasset" 3198
"D:/2new/Unauticna test/game-unauticna/Unreal Code/UnauticnaCastle/Content/StarterContent/Audio/Light02_Cue.uasset" 3199
"D:/2new/Unauticna test/game-unauticna/Unreal Code/UnauticnaCastle/Content/StarterContent/Audio/Light02.uasset" 3200
"D:/2new/Unauticna test/game-unauticna/Unreal Code/UnauticnaCastle/Content/StarterContent/Audio/Light01_Cue.uasset" 3201
"D:/2new/Unauticna test/game-unauticna/Unreal Code/UnauticnaCastle/Content/StarterContent/Audio/Light01.uasset" 3202
"D:/2new/Unauticna test/game-unauticna/Unreal Code/UnauticnaCastle/Content/StarterContent/Audio/Explosion02.uasset" 3203
"D:/2new/Unauticna test/game-unauticna/Unreal Code/UnauticnaCastle/Content/StarterContent/Audio/Explosion01.uasset" 3204
"D:/2new/Unauticna test/game-unauticna/Unreal Code/UnauticnaCastle/Content/StarterContent/Architecture/Wall_Window_400x400.uasset" 3205
"D:/2new/Unauticna test/game-unauticna/Unreal Code/UnauticnaCastle/Content/StarterContent/Architecture/Wall_Door_400x400.uasset" 3206
"D:/2new/Unauticna test/game-unauticna/Unreal Code/UnauticnaCastle/Content/StarterContent/Architecture/Wall_500x500.uasset" 3207
"D:/2new/Unauticna test/game-unauticna/Unreal Code/UnauticnaCastle/Content/StarterContent/Architecture/Wall_400x400.uasset" 3208
"D:/2new/Unauticna test/game-unauticna/Unreal Code/UnauticnaCastle/Content/StarterContent/Architecture/Wall_400x300.uasset" 3209
"D:/2new/Unauticna test/game-unauticna/Unreal Code/UnauticnaCastle/Content/StarterContent/Architecture/Pillar_50x500.uasset" 3210
"D:/2new/Unauticna test/game-unauticna/Unreal Code/UnauticnaCastle/Content/Mannequin/Character/Textures/T_Female_N.uasset" 3211
"D:/2new/Unauticna test/game-unauticna/Unreal Code/UnauticnaCastle/Content/Mannequin/Character/Textures/T_Female_Mask.uasset" 3212
"../../../../../../2new/Unauticna test/game-unauticna/Unreal Code/UnauticnaCastle/Content/StarterContent/Audio/Explosion01.uasset" 3213
"../../../../../../2new/Unauticna test/game-unauticna/Unreal Code/UnauticnaCastle/Content/StarterContent/Audio/Explosion02.uasset" 3214
"D:/2new/Unauticna test/game-unauticna/Unreal Code/UnauticnaCastle/Content/Mannequin/Character/Mesh/SK_Mannequin_Female_PhysicsAsset.uasset" 3215
"D:/2new/Unauticna test/game-unauticna/Unreal Code/UnauticnaCastle/Content/Mannequin/Character/Materials/MI_Female_Body.uasset" 3216
"../../../../../../2new/Unauticna test/game-unauticna/Unreal Code/UnauticnaCastle/Content/StarterContent/Audio/Light02.uasset" 3217
"D:/2new/Unauticna test/game-unauticna/Unreal Code/UnauticnaCastle/Content/Mannequin/Character/Mesh/SK_Mannequin_Female.uasset" 3218
"D:/2new/Unauticna test/game-unauticna/Unreal Code/UnauticnaCastle/Content/Mannequin/Animations/ThirdPersonJump_End.uasset" 3219
"C:/Users/User/AppData/Local/UnrealEngine/Common/DerivedDataCache/7/0/8/MATSM_0BA69734E4FD45E082FA4560DBE25454_PCD3D_SM5_8__BC5N_NOCCBN_NOIRIS_DEV_SL___42BBA64AB39A3EDE13C6740C7E6A1DCAF39B50C9.udd" 3220
"C:/Users/User/AppData/Local/UnrealEngine/Common/DerivedDataCache/3/0/1/MATSM_0BA69734E4FD45E082FA4560DBE25454_PCD3D_SM5_8__BC5N_NOCCBN_NOIRIS_DEV_SL___082C27044A269584AB98228B1906DF135ADEAA87.udd" 3221
"C:/Users/User/AppData/Local/UnrealEngine/Common/DerivedDataCache/1/7/9/MATSM_0BA69734E4FD45E082FA4560DBE25454_PCD3D_SM5_8__BC5N_NOCCBN_NOIRIS_DEV_SL___66D23914E22438A8865A633D2E6DC87D9EAE5B27.udd" 3222
"C:/Users/User/AppData/Local/UnrealEngine/Common/DerivedDataCache/1/6/3/MATSM_0BA69734E4FD45E082FA4560DBE25454_PCD3D_SM5_8__BC5N_NOCCBN_NOIRIS_DEV_SL___4C83CE73FFBE8304C43E2FA8ADBB9F2EEC928468.udd" 3223
"C:/Users/User/AppData/Local/UnrealEngine/Common/DerivedDataCache/1/1/8/MATSM_0BA69734E4FD45E082FA4560DBE25454_PCD3D_SM5_8__BC5N_NOCCBN_NOIRIS_DEV_SL___A2852A26E925C1E88F1A6562F5D7CE2ADCF6C066.udd" 3224
"C:/Users/User/AppData/Local/UnrealEngine/Common/DerivedDataCache/3/3/8/MATSM_0BA69734E4FD45E082FA4560DBE25454_PCD3D_SM5_8__BC5N_NOCCBN_NOIRIS_DEV_SL___089D959949C185D21812762FFFE8C6FB1BE7BCC7.udd" 3225
"C:/Users/User/AppData/Local/UnrealEngine/Common/DerivedDataCache/3/0/9/MATSM_0BA69734E4FD45E082FA4560DBE25454_PCD3D_SM5_8__BC5N_NOCCBN_NOIRIS_DEV_SL___49A5AF75593EDD678AB27D6E208084D9FEA1C0D4.udd" 3226
"C:/Users/User/AppData/Local/UnrealEngine/Common/DerivedDataCache/8/3/2/MATSM_0BA69734E4FD45E082FA4560DBE25454_PCD3D_SM5_8__BC5N_NOCCBN_NOIRIS_DEV_SL___CB4CED1391D12F7C5D7A5681FB8AEB59F2C5F354.udd" 3227
"C:/Users/User/AppData/Local/UnrealEngine/Common/DerivedDataCache/0/5/3/MATSM_0BA69734E4FD45E082FA4560DBE25454_PCD3D_SM5_8__BC5N_NOCCBN_NOIRIS_DEV_SL___989DF86B96DC4E6201ADFA489C359DA635532DE4.udd" 3228
"C:/Users/User/AppData/Local/UnrealEngine/Common/DerivedDataCache/5/0/4/MATSM_0BA69734E4FD45E082FA4560DBE25454_PCD3D_SM5_8__BC5N_NOCCBN_NOIRIS_DEV_SL___5F4B15BB0E0DF86284FBFDEA9FC80CF534DF7269.udd" 3229
"C:/Users/User/AppData/Local/UnrealEngine/Common/DerivedDataCache/8/0/4/ANIMSEQ_D0E639028BB74237AD0F9775C097BB85_0_F41B9E5BF55D450BC8092FB29973823960E__AD929913F0A2F2574D6A17D83764D9C32A73F400.udd" 3230
"../../../Engine/Content/Editor/Templates/PluginModule.Build.cs.template" 3231
"../../../Engine/Content/Editor/Templates/PluginModule.h.template" 3232
"../../../Engine/Content/Editor/Templates/PluginModule.cpp.template" 3233
